timestamp,simulation_time,engine_id,operating_mode,throttle,rpm,crank_angle,mean_torque,instant_torque,load_torque,friction_torque,net_torque,cylinder_1_torque,cylinder_2_torque,cylinder_3_torque,cylinder_4_torque,cht,egt,oil_temperature,oil_pressure,oil_pressure_psi,fuel_flow,fuel_flow_lph,fuel_pressure,vibration,gt_degradation_type,gt_target_component,gt_active_severity,gt_current_health,gt_is_degraded
0.0,0.0,AEROTWIN-4-001,IDLE,0.15,911.360202809392,54.0,22.48604081632653,38.74303548511851,12.311344529918863,2.638937829015426,23.792753126184223,-0.20428280949283495,-0.20428280949283495,-1.2395119840377247,40.39111308814191,25.07229836145782,617.1107142857143,24.999579506279403,367.3392958486187,53.278156791291956,0.0009648312881527473,4.824156440763737,322.42705098312484,0.34441577405079843,BEARING,BEARING,0.4,0.6,True
0.01,0.01,AEROTWIN-4-001,IDLE,0.15,919.072257105311,108.68161216856353,22.54991262426899,31.448441081191433,12.624104651036458,2.672247683392084,16.152088746762892,-0.20486307671197115,-0.20486307671197115,-1.4555211069685527,33.313688341583926,25.144964697200113,614.2985293726326,24.999162131994975,367.92362963095144,53.36290739441394,0.0009673859771413798,4.836929885706899,322.42705098312484,0.21589458374224205,BEARING,BEARING,0.4,0.6,True
0.02,0.02,AEROTWIN-4-001,IDLE,0.15,912.8275176512119,163.8259475948822,22.593013664466245,2.454571303627381,12.838662424376198,2.6948606076375516,-13.078951728386368,-0.20525464415843622,-0.20525464415843622,-0.42881213483478436,3.293892726779038,25.217642896724254,611.5599542485048,24.998746967505035,368.31948344755165,53.420321240266,0.0009691250625894084,4.845625312947043,322.42705098312484,0.4127659308711778,BEARING,BEARING,0.4,0.6,True
0.03,0.03,AEROTWIN-4-001,IDLE,0.15,918.929972292544,218.5955986539549,22.55812929334983,28.122288870916385,12.664787682316046,2.676550075217811,12.780951113382528,-0.9588312066409611,-0.2049377241013545,29.49099552576006,-0.2049377241013545,25.289019314497494,608.8871671855713,24.99833029031808,367.9989972173475,53.373838558409645,0.0009677165629358017,4.838582814679008,322.42705098312484,0.15757590375412422,BEARING,BEARING,0.4,0.6,True
0.04,0.04,AEROTWIN-4-001,IDLE,0.15,930.432671521367,273.73139699150755,22.592220363892174,39.620327870922374,12.834687534997117,2.6944434067765464,24.091196929148712,-1.536092507312355,-0.2052474371240202,41.56691525248277,-0.2052474371240202,25.36026085721213,606.2838151369145,24.997915397869946,368.312186108393,53.4192628487891,0.0009690929422331448,4.845464711165724,322.42705098312484,0.3583318686462233,BEARING,BEARING,0.4,0.6,True
0.05,0.05,AEROTWIN-4-001,IDLE,0.15,926.5122462274346,329.55735728278955,22.6561225689506,7.675266334554559,13.158014786987511,2.7281710824773544,-8.210919534910307,-0.7821600464758917,-0.2058279804970734,8.869082342024596,-0.2058279804970734,25.431863833055285,603.7504766177151,24.997503790309473,368.90139760389025,53.50472090567303,0.0009716938289824267,4.858469144912133,322.42705098312484,0.32276545295378034,BEARING,BEARING,0.4,0.6,True
0.06,0.06,AEROTWIN-4-001,IDLE,0.15,926.7731154801955,385.14809205643564,22.634395415226102,16.310403548473424,13.047364467997488,2.7166757951284803,0.5463632853474558,17.377049592949387,-0.6553848603161497,-0.2056305920799048,-0.2056305920799048,25.50239119104677,601.2787913792268,24.997091262335115,368.7007432225837,53.475618395517095,0.0009708064282275328,4.854032141137664,322.42705098312484,0.17118118349359318,BEARING,BEARING,0.4,0.6,True
0.07,0.07,AEROTWIN-4-001,IDLE,0.15,940.1624037690514,440.7544789852474,22.63584284638374,43.81461326774996,13.054712747312097,2.717440703727967,28.0424598167099,45.748192321969846,-1.5222915706055984,-0.20564374180714423,-0.20564374180714423,25.572241155175092,598.8690100728091,24.996678960607827,368.7141002441389,53.477555671209416,0.0009708654464276464,4.854327232138232,322.42705098312484,0.43114572818097263,BEARING,BEARING,0.4,0.6,True
0.08,0.08,AEROTWIN-4-001,IDLE,0.15,939.0774393867677,497.16422321139044,22.709810950620756,13.919002034013406,13.434645975067745,2.7567001474713604,-2.2723440885256996,15.383687960927414,-1.05205446173624,-0.20631573258888405,-0.20631573258888405,25.64261734434225,596.5252115654614,24.996270526852406,369.3986542462354,53.57684201456549,0.000973900386657286,4.869501933286431,322.42705098312484,0.21466248680137312,BEARING,BEARING,0.4,0.6,True
0.09,0.09,AEROTWIN-4-001,IDLE,0.15,934.4635705469778,553.5088695745965,22.70384068661244,6.493910783511915,13.403656218904848,2.7535188657474245,-9.663264301140357,-0.206261493502733,7.26779754465472,-0.206261493502733,-0.36136377413733856,25.712187214706198,594.2395430360621,24.99586194368861,369.3432562270903,53.56880719666472,0.0009736540379319759,4.86827018965988,322.42705098312484,0.344472137840976,BEARING,BEARING,0.4,0.6,True
0.1,0.1,AEROTWIN-4-001,IDLE,0.15,947.9412935169344,609.5766838074152,22.67840545812232,44.23993754767398,13.272270272258918,2.739990295725828,28.227676979689235,-0.20603041769981617,46.10009357192652,-0.20603041769981617,-1.4480951888529057,25.780642135246765,592.0090388475378,24.99545222663093,369.10753000254573,53.53461793650923,0.0009726072524383078,4.863036262191539,322.42705098312484,0.4380193278693509,BEARING,BEARING,0.4,0.6,True
0.11,0.11,AEROTWIN-4-001,IDLE,0.15,949.8095721816616,666.4531614184313,22.752494487119222,20.350304546048896,13.657881817240991,2.779509043497393,3.9129136853105124,-0.2067035070675582,22.010665223337522,-0.2067035070675582,-1.2469536631535085,25.849621403025434,589.8400734307138,24.99504646381471,369.79546911222303,53.6343952490986,0.0009756687894140902,4.8783439470704515,322.42705098312484,0.10304149983756203,BEARING,BEARING,0.4,0.6,True
0.12,0.12,AEROTWIN-4-001,IDLE,0.15,942.1482363962111,3.4417357493309737,22.76271413632723,0.45089394123143844,13.711770965411988,2.7849871226568275,-16.045864146837378,-0.20679635127562915,-0.20679635127562915,-0.0931103185477108,0.9575969623304076,25.91806961537398,587.7261328401667,24.994641390824714,369.8906761434054,53.64820388648724,0.0009760940715177497,4.880470357588749,322.42705098312484,0.45150344390488545,BEARING,BEARING,0.4,0.6,True
0.13,0.13,AEROTWIN-4-001,IDLE,0.15,954.394989887226,59.97062993310364,22.720727695097942,41.90352329391364,13.491459849264112,2.7625229128512547,25.64954053179828,-0.2064149098184609,-0.2064149098184609,-1.3403072066013035,43.65666032015187,25.9851437782367,585.6617573347609,24.99423429175021,369.5000172783119,53.591543506011796,0.0009743514745954504,4.871757372977252,322.42705098312484,0.39656802460390117,BEARING,BEARING,0.4,0.6,True
0.14,0.14,AEROTWIN-4-001,IDLE,0.15,959.0130731578449,117.23432932633719,22.787744595806423,26.315007068023544,13.844483813999643,2.7984322695957724,9.672090984428127,-0.20702374980376817,-0.20702374980376817,-1.3805518584212804,28.10960642605236,26.05262374179305,583.6542398256292,24.993830851112165,370.12418936496437,53.6820721771157,0.0009771387773005872,4.885693886502937,322.42705098312484,0.1228806009787609,BEARING,BEARING,0.4,0.6,True
0.15,0.15,AEROTWIN-4-001,IDLE,0.15,951.0172988776368,174.7751137158079,22.812878423846037,0.04445079019150547,13.978788085526828,2.8119731969739723,-16.746310492309295,-0.2072520874220791,-0.2072520874220791,-0.14155078966429435,0.600505754699958,26.119823728780396,581.6988894327704,24.99342890800006,370.3591394097946,53.716148861717784,0.0009781922296491137,4.890961148245569,322.42705098312484,0.459709190623497,BEARING,BEARING,0.4,0.6,True
0.16,0.16,AEROTWIN-4-001,IDLE,0.15,961.2698706750136,231.8361516484661,22.7693139574752,38.008127955562905,13.746663433917405,2.788528362284739,21.47293615936076,-1.2198010405126216,-0.2068563098080036,39.64164161569153,-0.2068563098080036,26.1856382108139,579.7889960393273,24.993024802166882,369.95220167177524,53.657127426070936,0.0009763691048894038,4.881845524447019,322.42705098312484,0.3277539458167125,BEARING,BEARING,0.4,0.6,True
0.17,0.17,AEROTWIN-4-001,IDLE,0.15,968.1694536023107,289.51234388896694,22.82513364283447,31.31369982765728,14.044656663262852,2.818590472907844,14.450452691486586,-1.4659083782660638,-0.207363424521676,33.1943350549667,-0.207363424521676,26.251676107039597,577.931243940062,24.99262383108356,370.47387410488454,53.732789752424246,0.0009787075117459489,4.8935375587297445,322.42705098312484,0.2098646808580836,BEARING,BEARING,0.4,0.6,True
0.18,0.18,AEROTWIN-4-001,IDLE,0.15,960.7135604427599,347.6025111051056,22.862489455171904,1.4702282446166544,14.246993255270787,2.8388211066759252,-15.615586117330057,-0.33444178080989834,-0.2077027973066634,2.2200756200398795,-0.2077027973066634,26.31763642252254,576.12289260739,24.99222505223778,370.8243127779829,53.783616676693086,0.0009802847711569383,4.901423855784692,322.42705098312484,0.43584235188947523,BEARING,BEARING,0.4,0.6,True
0.19,0.19,AEROTWIN-4-001,IDLE,0.15,968.7653556501559,405.2453247316712,22.82211434702826,33.70900513290951,14.028405398954689,2.8169592861116635,16.863640447843157,35.22794022162608,-1.1042630995069322,-0.20733599460482133,-0.20733599460482133,26.38227575860207,574.3565546752521,24.99182422748849,370.4455965201149,53.728688428084425,0.000978580463718232,4.89290231859116,322.42705098312484,0.2518222688984558,BEARING,BEARING,0.4,0.6,True
0.2,0.2,AEROTWIN-4-001,IDLE,0.15,977.352637046876,463.37124607068057,22.86570792009507,35.090265000123495,14.264536517221948,2.8405683827386436,17.9851601001629,37.021485439162355,-1.5157563657398427,-0.207732036649513,-0.207732036649513,26.44694326051184,572.6378259607924,24.99142593724817,370.85455593123004,53.78800308315374,0.0009804211304632186,4.902105652316093,322.42705098312484,0.27542166295324816,BEARING,BEARING,0.4,0.6,True
0.21,0.21,AEROTWIN-4-001,IDLE,0.15,970.5016388320882,522.0124042934931,22.91194874896204,3.035593808016736,14.518543308694042,2.865747606878872,-14.348697107556177,3.933995704417629,-0.4820976390506699,-0.20815212867511154,-0.20815212867511154,26.51167812383433,570.9657457276498,24.99103037780623,371.28996492000715,53.851153932067994,0.000982388506378526,4.91194253189263,322.42705098312484,0.40953276057441,BEARING,BEARING,0.4,0.6,True
0.22,0.22,AEROTWIN-4-001,IDLE,0.15,976.5776001552232,580.2425026234184,22.875078439574605,29.886837034259102,14.315713965826482,2.8456594309282934,12.725463637504326,-0.20781716662242922,31.309383106111035,-0.20781716662242922,-1.006911738607073,26.575160474570097,569.3325313582437,24.990632914791497,370.94265437619174,53.8007807054141,0.000980818563041111,4.904092815205555,322.42705098312484,0.18423891945974322,BEARING,BEARING,0.4,0.6,True
0.23,0.23,AEROTWIN-4-001,IDLE,0.15,986.2763869232023,638.8371586327319,22.907786003238,37.67209272631996,14.495526140287721,2.863475080020799,20.31309150601144,-0.20811431066176464,39.630649671749204,-0.20811431066176464,-1.5423283241057153,26.638500682582897,567.7427513314971,24.9902374323578,371.2506990016968,53.8454588818081,0.0009822107621075592,4.911053810537796,322.42705098312484,0.3200533734799539,BEARING,BEARING,0.4,0.6,True
0.24,0.24,AEROTWIN-4-001,IDLE,0.15,979.9272057228467,698.013741848124,22.959725859707465,4.37909712739086,14.7848777294935,2.8919134081292155,-13.297694010231854,-0.2085861776254025,5.3819547619779735,-0.2085861776254025,-0.5856852793363077,26.702000131535847,566.1968724283196,24.989845059201244,371.74162431720316,53.91666170771851,0.0009844376085018309,4.922188042509155,322.42705098312484,0.38707211846536443,BEARING,BEARING,0.4,0.6,True
0.25,0.25,AEROTWIN-4-001,IDLE,0.15,984.5033226012032,36.80937419149484,22.92576162629604,27.052627746297976,14.59513433177448,2.873296636514891,9.584196778008605,-0.2082776169018749,-0.2082776169018749,-0.9359286895830707,28.405111669684796,26.764305713001267,564.6869194200642,24.98945090107369,371.4203563708729,53.87006564731867,0.0009829792049177184,4.914896024588592,322.42705098312484,0.133978410102268,BEARING,BEARING,0.4,0.6,True
0.26,0.26,AEROTWIN-4-001,IDLE,0.15,994.828033475878,95.87957354756703,22.950255357480266,39.242505307043366,14.73176690549453,2.8867145120041027,21.62402388954473,-0.2085001393219909,-0.2085001393219909,-1.5555247767197027,41.21503036240705,26.826344136471135,563.2166764299632,24.989058294854896,371.65194917378784,53.90365540426784,0.000984030097762884,4.9201504888144205,322.42705098312484,0.34698270218526617,BEARING,BEARING,0.4,0.6,True
0.27,0.27,AEROTWIN-4-001,IDLE,0.15,988.7804820616644,155.5692555561197,23.00524724781241,5.293404014703182,15.042377932653189,2.9169881454494653,-12.665962063399473,-0.208999733623546,-0.208999733623546,-0.6483062571551168,6.359709739105391,26.88859068665233,561.7876143907038,24.988669035320285,372.1736840417776,53.979326786051345,0.0009864056486250077,4.932028243125039,322.42705098312484,0.3720758216756092,BEARING,BEARING,0.4,0.6,True
0.28,0.28,AEROTWIN-4-001,IDLE,0.15,992.4427801902838,214.8960844798196,22.97308214545372,25.4296038905607,14.860048827916073,2.8992557985607057,7.670299264083921,-0.8954958533092712,-0.20870751777589502,26.74251477942176,-0.20870751777589502,26.949684767853412,560.3916870946769,24.98827805408914,371.86821744297237,53.93502252149383,0.0009850134489472727,4.925067244736364,322.42705098312484,0.10496080615209985,BEARING,BEARING,0.4,0.6,True
0.29,0.29,AEROTWIN-4-001,IDLE,0.15,1003.002821345031,274.44265129123664,22.99257620786868,39.997224269174815,14.970331576071244,2.909994217530423,22.116898475573144,-1.5619274774861462,-0.2088846188436679,41.9769209843483,-0.2088846188436679,27.010439304589656,559.0322275373915,24.987888362605677,372.0532474912263,53.961858909632475,0.0009858562883639597,4.929281441819798,322.42705098312484,0.3596418635865531,BEARING,BEARING,0.4,0.6,True
0.3,0.3,AEROTWIN-4-001,IDLE,0.15,997.006105705873,334.6228205719385,23.04852147406855,5.672074747096455,15.290608736797381,2.9409578753962258,-12.55949186509715,-0.673054614693493,-0.20939287444324134,6.7639151106764315,-0.20939287444324134,27.0714176169442,557.7112802009617,24.987502136842025,372.5860095764444,54.03912965694834,0.000988290918737225,4.9414545936861245,322.42705098312484,0.36640636457457604,BEARING,BEARING,0.4,0.6,True
0.31,0.31,AEROTWIN-4-001,IDLE,0.15,1000.3689310814565,394.4431869142909,23.01680016654978,25.07477705667185,15.108317473061225,2.9233745867850898,7.043084996825534,26.379990930788736,-0.8870044932868021,-0.20910469041504123,-0.20910469041504123,27.131264236339533,556.4207865269544,24.98711417830716,372.2836091383144,53.99527010220284,0.0009869075796555625,4.934537898277813,322.42705098312484,0.0981862834320112,BEARING,BEARING,0.4,0.6,True
0.32,0.32,AEROTWIN-4-001,IDLE,0.15,1010.83313039922,454.4653227791783,23.034604391355046,40.05981046159436,15.210407754223382,2.9332349057806453,21.916167801590333,42.04307764012754,-1.5647342994853664,-0.20926643952391152,-0.20926643952391152,27.190751625404804,555.1639964056726,24.986727431374447,372.4532332682331,54.01987204675799,0.0009876830712265854,4.938415356132928,322.42705098312484,0.36019504090191923,BEARING,BEARING,0.4,0.6,True
0.33,0.33,AEROTWIN-4-001,IDLE,0.15,1004.6235100988339,515.1153106031314,23.089751179170754,5.488803331933809,15.530284136080892,2.9639175407028717,-13.005398344849954,6.570353902250878,-0.6620156882184187,-0.2097674410493254,-0.2097674410493254,27.250451484598422,553.9431106942733,24.98634416450597,372.98033024330533,54.09632113782852,0.0009901003292511362,4.950501646255681,322.42705098312484,0.3705282234594549,BEARING,BEARING,0.4,0.6,True
0.34,0.34,AEROTWIN-4-001,IDLE,0.15,1008.2893111402624,575.3927212090615,23.05707279302357,25.963408643077884,15.34006291254202,2.9457099830200817,7.677635747515781,-0.20947056208399897,27.292254721067227,-0.20947056208399897,-0.9099049538213468,27.309019610653877,552.750085859816,24.9859590717861,372.667675004834,54.050974247351114,0.0009886651375156396,4.943325687578199,322.42705098312484,0.11321926591117462,BEARING,BEARING,0.4,0.6,True
0.35000000000000003,0.35000000000000003,AEROTWIN-4-001,IDLE,0.15,1018.3372538378022,635.8900798774772,23.076380666777037,39.45303744559161,15.452216797670069,2.956458673066604,21.04436197485494,-0.20964597165155735,41.43637313855749,-0.20964597165155735,-1.564043749662765,27.367258226275982,551.5884577038092,24.98557530109644,372.85229517462153,54.077751187536755,0.0009895121271257764,4.947560635628882,322.42705098312484,0.3490402365063126,BEARING,BEARING,0.4,0.6,True
0.36,0.36,AEROTWIN-4-001,IDLE,0.15,1011.670407107205,696.9903151077453,23.129060485168818,4.784634057424622,15.761724418561915,2.9859207798314005,-13.963011140968693,-0.21012456107477104,5.820894931271491,-0.21012456107477104,-0.6160117516973268,27.425673101306113,550.4601765128588,24.985194919492265,373.35765186754145,54.15104711156447,0.0009918376175573414,4.959188087786707,322.42705098312484,0.38372555345557136,BEARING,BEARING,0.4,0.6,True
0.37,0.37,AEROTWIN-4-001,IDLE,0.15,1016.2029985242566,37.690539534177674,23.09414697918879,28.01543220058114,15.556022371325101,2.966372564234044,9.493037265021997,-0.20980737633117372,-0.20980737633117372,-0.9620660404311825,29.39711299367467,27.482937807372206,549.3572451316546,24.984812539963382,373.0224578072243,54.1024312354442,0.0009902940110929283,4.951470055464641,322.42705098312484,0.14865486295742483,BEARING,BEARING,0.4,0.6,True
0.38,0.38,AEROTWIN-4-001,IDLE,0.15,1025.4824594225947,98.66271944563306,23.117900694015542,38.110246336291986,15.69572606155778,2.979662816405075,19.434857458329134,-0.2100231757971774,-0.2100231757971774,-1.5572043902266774,40.08749707811302,27.539946843612956,548.2838295741593,24.984431776479493,373.2503942059053,54.13549067483609,0.0009913431919202867,4.956715959601434,322.42705098312484,0.3250109695668951,BEARING,BEARING,0.4,0.6,True
0.39,0.39,AEROTWIN-4-001,IDLE,0.15,1018.1633626746109,160.19166701098874,23.16630508462355,3.6614772178495265,15.983685983922356,3.0068716168467358,-15.329080382919566,-0.21046292350492027,-0.21046292350492027,-0.5349042897710435,4.617307354630411,27.59706965987954,547.241226317415,24.98405419155698,373.71640988547347,54.2030806569693,0.0009934947367393522,4.9674736836967615,322.42705098312484,0.4042113971532403,BEARING,BEARING,0.4,0.6,True
0.4,0.4,AEROTWIN-4-001,IDLE,0.15,1024.0500093597593,221.28146877146537,23.128151828085873,31.07071682852822,15.75634193732349,2.985410904310648,12.328963986894081,-1.0396953802850608,-0.21011630604120218,32.53064482089568,-0.21011630604120218,27.65301017492251,546.2215513863401,24.98367437121583,373.3489145967697,54.149779875286285,0.0009917973240669996,4.958986620334998,322.42705098312484,0.2016886421986742,BEARING,BEARING,0.4,0.6,True
0.41000000000000003,0.41000000000000003,AEROTWIN-4-001,IDLE,0.15,1032.1553797194558,282.72446933305093,23.158852824717385,35.91758283371569,15.93906339539197,3.0026714538923,16.97584798443142,-1.539210247238585,-0.2103952206752787,37.87758352230484,-0.2103952206752787,27.708805050617386,545.2298911771215,24.983296625811818,373.6445272932668,54.192654949560826,0.0009931622952268665,4.965811476134333,322.42705098312484,0.2861187354228139,BEARING,BEARING,0.4,0.6,True
0.42,0.42,AEROTWIN-4-001,IDLE,0.15,1024.068016678368,344.65379211621826,23.200925296931498,2.2806818596397727,16.19237776309913,3.026437641070504,-16.93813354452986,-0.4183682381954564,-0.21077744371295848,3.120604985261146,-0.21077744371295848,27.764622101387243,544.2664962032876,24.982921707077985,374.051003404123,54.25160943172719,0.0009950448711841622,4.975224355920811,322.42705098312484,0.42914929763689674,BEARING,BEARING,0.4,0.6,True
0.43,0.43,AEROTWIN-4-001,IDLE,0.15,1031.6558514363594,406.09787311692037,23.158946551929688,34.834272167491605,15.939623958477364,3.002724254108162,15.89192395490608,36.392032122079236,-1.1369678102375556,-0.2103960721750341,-0.2103960721750341,27.819217854020646,543.3237200910676,24.982544274678784,373.64543105353397,54.19278602914246,0.000993166473641872,4.965832368209361,322.42705098312484,0.2671596101431527,BEARING,BEARING,0.4,0.6,True
0.44,0.44,AEROTWIN-4-001,IDLE,0.15,1038.1407761566113,467.99722420310195,23.198339099247725,32.78367595085121,16.176708429722183,3.0249729476450304,13.581994573483998,34.70849937972816,-1.5033155320024594,-0.2107539484372423,-0.2107539484372423,27.873801894093294,542.4077653108351,24.982169499222884,374.02597107380745,54.247978792602886,0.0009949287450153343,4.974643725076672,322.42705098312484,0.2307758087292187,BEARING,BEARING,0.4,0.6,True
0.45,0.45,AEROTWIN-4-001,IDLE,0.15,1029.2810078367177,530.2856707724986,23.231844928060614,0.868851555285602,16.380719192761347,3.043987740047908,-18.555855377523653,1.5580666283135671,-0.2670983838009102,-0.2110583446135275,-0.2110583446135275,27.928285809067287,541.5174886535599,24.981797038989306,374.35075517825084,54.29508482954314,0.0009964373642769742,4.982186821384872,322.42705098312484,0.4545491546903266,BEARING,BEARING,0.4,0.6,True
0.46,0.46,AEROTWIN-4-001,IDLE,0.15,1038.690467676749,592.0425312427017,23.186031833106018,38.82745361684405,16.10231746919755,3.018009542519375,19.707126605127126,-0.210642138495904,40.49437157259208,-0.210642138495904,-1.2456336787562212,27.981511627692296,540.6456718691509,24.98142178343065,373.9069298753129,54.23071329525563,0.000994376848126311,4.971884240631556,322.42705098312484,0.3366973635798242,BEARING,BEARING,0.4,0.6,True
0.47000000000000003,0.47000000000000003,AEROTWIN-4-001,IDLE,0.15,1043.1225566539329,654.3639593033066,23.234678215184488,28.726215807048362,16.39807084009685,3.0455995197665526,9.28254544718496,-0.21108408466525524,30.590526277094796,-0.21108408466525524,-1.442142300715923,28.034865514356103,539.7996831299979,24.981049816033355,374.37826666040405,54.29907503989168,0.000996565346705823,4.982826733529115,322.42705098312484,0.1593126575022204,BEARING,BEARING,0.4,0.6,True
0.48,0.48,AEROTWIN-4-001,IDLE,0.15,1033.765723504802,716.9513127025426,23.25748369677548,0.0,16.53831043805701,3.0585950833926114,-19.59690552144962,-0.21129126955339542,0.27249781043506527,-0.21129126955339542,-0.08428069566980267,28.08796913418853,538.9767435760282,24.980679493412815,374.5999818239621,54.33123216378381,0.0009975978480195593,4.9879892400977965,322.42705098312484,0.47032969532459423,BEARING,BEARING,0.4,0.6,True
0.49,0.49,AEROTWIN-4-001,IDLE,0.15,1044.8085127616976,58.97725611283079,23.209256506359267,42.40206623979339,16.24294308772916,3.031159415662582,23.12796373640165,-0.21085313168676764,-0.21085313168676764,-1.355199653541817,44.178972156708745,28.139801105207432,538.1703674395582,24.980306185637755,374.1316843641247,54.263311236803915,0.0009954193233049414,4.977096616524707,322.42705098312484,0.3989599446750164,BEARING,BEARING,0.4,0.6,True
0.5,0.5,AEROTWIN-4-001,IDLE,0.15,1046.851152844291,121.66576687853265,23.26614066009259,23.93344797340807,16.59181402357875,3.0635385648935443,4.278095384935778,-0.2113699169596925,-0.2113699169596925,-1.3492665222448184,25.705454329572277,28.191883631815212,537.388883330467,24.97993674120118,374.68427224735916,54.34345747821248,0.0009979908865789763,4.989954432894882,322.42705098312484,0.0750447126157472,BEARING,BEARING,0.4,0.6,True
0.51,0.51,AEROTWIN-4-001,IDLE,0.15,1037.8643859754338,184.4768360491901,23.27661567714422,0.9044400677748117,16.656752685826095,3.0695278984324545,-18.82184051648374,-0.12379596456978452,-0.21146508115201396,1.4511661946486243,-0.21146508115201396,28.243546747873992,536.6278117412814,24.979568142702753,374.7863588740437,54.358263918373545,0.0009984672811169013,4.992336405584506,322.42705098312484,0.4549322242196147,BEARING,BEARING,0.4,0.6,True
0.52,0.52,AEROTWIN-4-001,IDLE,0.15,1050.012978207037,246.74869920771613,23.23041992146463,44.85912748050171,16.37199808795107,3.0431773217093774,25.443952070841263,-1.4542857432404372,-0.21104539861056723,46.73550402096328,-0.21104539861056723,28.293990201460566,535.8819154703103,24.979196663327023,374.33692103984157,54.293078353776544,0.000996373019663297,4.981865098316486,322.42705098312484,0.4416921269812244,BEARING,BEARING,0.4,0.6,True
0.53,0.53,AEROTWIN-4-001,IDLE,0.15,1049.4880162459042,309.74947790013834,23.29280105724495,18.73684317153297,16.75752207726351,3.0787988546085554,-1.0994777603390933,-1.220231141651055,-0.21161212326345966,20.380298559710948,-0.21161212326345966,28.344765110044953,535.1598731456413,24.978829449110663,374.9443013899009,54.381171584988444,0.0009992051367101965,4.996025683550983,322.42705098312484,0.1432295967273459,BEARING,BEARING,0.4,0.6,True
0.54,0.54,AEROTWIN-4-001,IDLE,0.15,1042.9173519211508,372.7187588748926,23.290116218423865,6.056462569641612,16.740770165130883,3.0772595857440805,-13.761567181233351,6.829020561582118,-0.3493825282492921,-0.21158773184560684,-0.21158773184560684,28.394945003563326,534.4556568953914,24.978462208756945,374.9180845820523,54.3773691516117,0.0009990825927395515,4.995412963697758,322.42705098312484,0.36507577676687836,BEARING,BEARING,0.4,0.6,True
0.55,0.55,AEROTWIN-4-001,IDLE,0.15,1055.34057364686,435.2937999901617,23.256429337470905,45.60893232243534,16.53180419247439,3.0579933916903537,26.019134738270594,47.564196929996704,-1.532701225893867,-0.21128169083374826,-0.21128169083374826,28.444103705402565,533.7662300524014,24.97809288895495,374.58972062657267,54.32974390023685,0.0009975500200786105,4.987750100393053,322.42705098312484,0.45448729125244763,BEARING,BEARING,0.4,0.6,True
0.56,0.56,AEROTWIN-4-001,IDLE,0.15,1052.2120841390063,498.6142344089733,23.31999326236235,13.470130451957424,16.928003374771507,3.0944201803239326,-6.552293103138016,14.944339959944696,-1.0504911860379087,-0.21185916097468066,-0.21185916097468066,28.4936121992505,533.0993631183686,24.977727961097703,375.21021559240506,54.41973924909124,0.0010004496048779783,5.002248024389892,322.42705098312484,0.23601027746435496,BEARING,BEARING,0.4,0.6,True
0.5700000000000001,0.5700000000000001,AEROTWIN-4-001,IDLE,0.15,1049.2321001951948,561.7469594573137,23.304037490190744,13.671771366261755,16.827788173411165,3.0852469699795395,-6.24126377712895,-0.2117142048219516,14.68351355946471,-0.2117142048219516,-0.5883137835590517,28.54235290734282,532.447827076469,24.977362111468956,375.054097137091,54.3970961405694,0.0009997186418191685,4.9985932090958425,322.42705098312484,0.23212159925048975,BEARING,BEARING,0.4,0.6,True
0.58,0.58,AEROTWIN-4-001,IDLE,0.15,1060.869189154414,624.7008854690254,23.288807021987967,44.18177806106683,16.732606738072178,3.076509200691559,24.37266212230309,-0.2115758379631627,46.184966657524384,-0.2115758379631627,-1.5800369205312295,28.590347617176104,531.8113022996409,24.976995394843744,374.90530308242546,54.375515348468824,0.0009990228585452117,4.995114292726059,322.42705098312484,0.4291072544093497,BEARING,BEARING,0.4,0.6,True
0.59,0.59,AEROTWIN-4-001,IDLE,0.15,1055.257984270592,688.3530368182902,23.348105649007216,8.464380401265807,17.105829500805193,3.110630927662783,-11.752080027202169,-0.21211455841757743,9.723307654785089,-0.21211455841757743,-0.8346981366841264,28.63863424774315,531.1956779660733,24.976632837164296,375.4858795296693,54.45972099522418,0.0010017426098170555,5.008713049085278,322.42705098312484,0.3242461318742152,BEARING,BEARING,0.4,0.6,True
0.6,0.6,AEROTWIN-4-001,IDLE,0.15,1056.6180705701283,31.668515874525724,23.319572487551046,22.86809005815506,16.92535395794903,3.0941780156247,2.84855808458133,-0.2118553382892502,-0.2118553382892502,-0.8341868290673783,24.12598756380094,28.685993877273784,530.5930394387517,24.976268491808913,375.20609539285607,54.41914166358906,0.0010004303014576308,5.002151507288155,322.42705098312484,0.07153648635157461,BEARING,BEARING,0.4,0.6,True
0.61,0.61,AEROTWIN-4-001,IDLE,0.15,1066.2700002647948,95.06560010873342,23.326498766137018,40.28213138375401,16.969011105657817,3.098165996943114,20.214954281153084,-0.21191826264576233,-0.21191826264576233,-1.5831792332158665,42.2891471422614,28.732926376047622,530.0060497687415,24.97590476801257,375.27393885137775,54.42898154312613,0.0010007482369582812,5.003741184791406,322.42705098312484,0.36039428607836277,BEARING,BEARING,0.4,0.6,True
0.62,0.62,AEROTWIN-4-001,IDLE,0.15,1058.4798247058104,159.04180012462112,23.375464083082502,4.091203409557903,17.28044201414166,3.1264669329367285,-16.315705537520486,-0.21236310629765448,-0.21236310629765448,-0.5696960370706663,5.085625659223878,28.780010472303378,529.4378713817792,24.975544550642358,375.75489367082673,54.49873826822937,0.0010030072652716878,5.01503632635844,322.42705098312484,0.4013961746046154,BEARING,BEARING,0.4,0.6,True
0.63,0.63,AEROTWIN-4-001,IDLE,0.15,1064.3267029134113,222.55058960696974,23.335969226052885,32.37816038884094,17.02886236136774,3.1036249451841997,12.245673082289,-1.0752448856400942,-0.21200430056478087,33.87741387561059,-0.21200430056478087,28.82603432444199,528.8805588078229,24.97518177402653,375.36677806164164,54.44244675650438,0.0010011836005834128,5.005918002917064,322.42705098312484,0.22195727848318983,BEARING,BEARING,0.4,0.6,True
0.64,0.64,AEROTWIN-4-001,IDLE,0.15,1070.8562714538289,286.4101917817744,23.36563193266143,34.01377680338445,17.217511544093625,3.120768887499404,13.675496371791423,-1.5271990628515661,-0.21227378246658174,35.96552343116918,-0.21227378246658174,28.87195074369041,528.3396848531617,24.974821182712475,375.658129581335,54.484703798217666,0.0010025520477005899,5.01276023850295,322.42705098312484,0.2502134494890962,BEARING,BEARING,0.4,0.6,True
0.65,0.65,AEROTWIN-4-001,IDLE,0.15,1061.4144526994633,350.66156806900415,23.39861560719954,0.7944316060285915,17.429415980436218,3.1399145824199124,-19.77489895682754,-0.25870037973975585,-0.21257343493795636,1.47827885564426,-0.21257343493795636,28.917804251970377,527.8151311338843,24.97446303263061,375.98312169265034,54.53184000405862,0.0010040823732041222,5.020411866020612,322.42705098312484,0.45961485047900585,BEARING,BEARING,0.4,0.6,True
0.66,0.66,AEROTWIN-4-001,IDLE,0.15,1071.0532285200911,414.34643523097196,23.350872412972826,40.423052659351995,17.123418063682752,3.1122297238803536,20.18740487178889,42.14014770917727,-1.2928156615954554,-0.21213969411490696,-0.21213969411490696,28.962505252006558,527.2996447638369,24.974101728947495,375.5130514898839,54.46366196198978,0.0010018702200060884,5.009351100030442,322.42705098312484,0.36255826419407583,BEARING,BEARING,0.4,0.6,True
0.67,0.67,AEROTWIN-4-001,IDLE,0.15,1073.6927448927654,478.60962894217744,23.399608186480517,26.104510229382562,17.435827975066253,3.140492090700858,5.5281901636154505,27.92937515719392,-1.399700023023404,-0.212582452393978,-0.212582452393978,29.00736277404486,526.8011764569638,24.97374395303257,375.9929185443692,54.53326091983822,0.001004128567875392,5.02064283937696,322.42705098312484,0.11138258189352021,BEARING,BEARING,0.4,0.6,True
0.68,0.68,AEROTWIN-4-001,IDLE,0.15,1063.9689297407474,543.0311936357434,23.412897017388968,0.3045927200538616,17.521871994087313,3.1482315569299195,-20.36551083096337,-0.2127031797258826,0.8143565766899262,-0.2127031797258826,-0.08435749718429943,29.051898098412543,526.3163010790652,24.973387260627767,376.1241761282378,54.552298257287354,0.00100474783674804,5.0237391837402,322.42705098312484,0.4685114408413484,BEARING,BEARING,0.4,0.6,True
0.6900000000000001,0.6900000000000001,AEROTWIN-4-001,IDLE,0.15,1075.8173885394099,606.8693294201883,23.363820320767463,45.14101208523711,17.205938164644504,3.119719841766571,24.815354078826033,-0.21225732420385626,47.02948356145733,-0.21225732420385626,-1.4639568278125108,29.095285441457943,525.8393802362632,24.97302730053758,375.6403108584687,54.482119406290586,0.0010024682606504648,5.012341303252325,322.42705098312484,0.44496244628785553,BEARING,BEARING,0.4,0.6,True
0.7000000000000001,0.7000000000000001,AEROTWIN-4-001,IDLE,0.15,1074.4101088878217,671.4183727325528,23.423575837306707,17.798347560244174,17.591285832750646,3.1544613374769277,-2.9473996099833997,-0.2128001954412183,19.420787809190774,-0.2128001954412183,-1.1968398580641624,29.13898046495446,525.3794603254449,24.972671665264066,376.2297832990012,54.56761531012054,0.0010052465676784522,5.026232838392261,322.42705098312484,0.1626135322381913,BEARING,BEARING,0.4,0.6,True
0.71,0.71,AEROTWIN-4-001,IDLE,0.15,1068.6395528826038,15.882979265822087,23.416504390771376,8.60980425871105,17.545293516102358,3.150334978022951,-12.08582423541426,-0.21273595225242328,-0.21273595225242328,-0.43665145138935874,9.471927614605255,29.182093253074576,524.9304352925465,24.972315682176156,376.1598379688213,54.55747057932191,0.0010049162023479865,5.024581011739932,322.42705098312484,0.3232522369895905,BEARING,BEARING,0.4,0.6,True
0.72,0.72,AEROTWIN-4-001,IDLE,0.15,1080.5317667317308,80.00135243877831,23.38743486050958,45.39774065069168,17.35733138437431,3.133414824093371,24.906994442224,-0.21247185928198783,-0.21247185928198783,-1.5693360386714943,47.392020407927156,29.22434394486607,524.4901627900397,24.97195781232558,375.87283490652237,54.51584422917219,0.0010035625974706634,5.0178129873533175,322.42705098312484,0.44916390839739245,BEARING,BEARING,0.4,0.6,True
0.73,0.73,AEROTWIN-4-001,IDLE,0.15,1075.423226303647,144.83325844268217,23.447214252280226,10.214781020254174,17.745798456897727,3.1682846163124845,-10.699302052956039,-0.21301494742277843,-0.21301494742277843,-0.9201572998694538,11.560968214969185,29.266905134926215,524.0659937631738,24.97160431111866,376.4639665749361,54.60158078409558,0.0010063540228080065,5.031770114040032,322.42705098312484,0.29586409869004443,BEARING,BEARING,0.4,0.6,True
0.74,0.74,AEROTWIN-4-001,IDLE,0.15,1075.4636548957942,209.358652020901,23.42159591365303,20.816376903030548,17.578397864202618,3.153305593438346,0.08467344538958432,-0.7824133297671173,-0.21278220808764822,22.024354648972963,-0.21278220808764822,29.308654438824178,523.6502395875102,24.971249140996193,376.21019429265624,54.56477415981828,0.0010051540261160413,5.025770130580207,322.42705098312484,0.1097529871635262,BEARING,BEARING,0.4,0.6,True
0.75,0.75,AEROTWIN-4-001,IDLE,0.15,1085.1421252034866,273.88647131464865,23.42179901648216,41.00368449257842,17.579719545227622,3.1534241362618913,20.27054081108891,-1.592210370464652,-0.21278405325091596,43.0214629695449,-0.21278405325091596,29.34993944161591,523.2448965927778,24.97089413623311,376.212203571888,54.56506558165949,0.0010051635175923608,5.025817587961804,322.42705098312484,0.37184571509293135,BEARING,BEARING,0.4,0.6,True
0.76,0.76,AEROTWIN-4-001,IDLE,0.15,1077.046690754766,338.99499882685785,23.4702552973982,4.124319910658452,17.897555278406873,3.1818028933974163,-16.955038261145837,-0.5732259037980563,-0.21322427237548122,5.123994359207471,-0.21322427237548122,29.391389600051003,522.8538350887599,24.970542742181976,376.69278518993116,54.634768178377236,0.001007438128372327,5.037190641861635,322.42705098312484,0.4029726459849799,BEARING,BEARING,0.4,0.6,True
0.77,0.77,AEROTWIN-4-001,IDLE,0.15,1083.0462979289882,403.6178002721438,23.429747249117845,33.355124525780084,17.631510803974077,3.1580658398318118,12.565547881974195,34.882119947707054,-1.1012828980680236,-0.2128562619294727,-0.2128562619294727,29.431851052488337,522.4690806504358,24.970188601043432,376.290867730875,54.576474873950644,0.0010055352345092567,5.0276761725462835,322.42705098312484,0.23789854610566014,BEARING,BEARING,0.4,0.6,True
0.78,0.78,AEROTWIN-4-001,IDLE,0.15,1088.663664270879,468.6005781478831,23.459790339073034,32.769130061115945,17.828487899444738,3.1756576068665754,11.76498455480463,34.71036173501036,-1.5149732747635958,-0.2131291995654053,-0.2131291995654053,29.472243904645193,522.0965163332874,24.969836756102044,376.5887904696274,54.61968499213382,0.0010069451712382564,5.034725856191282,322.42705098312484,0.2272765792189063,BEARING,BEARING,0.4,0.6,True
0.79,0.79,AEROTWIN-4-001,IDLE,0.15,1078.6246278663057,533.9203980041358,23.487804289382453,0.18032714904392716,18.013907242285953,3.192128585243302,-21.02570867848533,0.7765906730527453,-0.16949611855528973,-0.2133837027267642,-0.2133837027267642,29.512541515752357,521.7356735667855,24.96948708512222,376.8674331830425,54.66009877400212,0.0010082669207687168,5.041334603843584,322.42705098312484,0.4723933631057654,BEARING,BEARING,0.4,0.6,True
0.8,0.8,AEROTWIN-4-001,IDLE,0.15,1089.046913637692,598.6378756761142,23.437661086712076,42.6742879291838,17.683211060757003,3.1626925930934227,21.828384275333374,-0.21292815813346988,44.46378146034015,-0.21292815813346988,-1.3636372148894134,29.551746306491477,521.3795494252729,24.969133956481024,376.36925551401424,54.5878440812416,0.001005905880884384,5.02952940442192,322.42705098312484,0.4008870646963946,BEARING,BEARING,0.4,0.6,True
0.81,0.81,AEROTWIN-4-001,IDLE,0.15,1089.7196914929161,663.9806904943757,23.489711508786044,22.628907557204155,18.02659258114528,3.1932523310788894,1.409062644979985,-0.21340102957150614,24.382892202939452,-0.21340102957150614,-1.3271825865922853,29.5911702637475,521.0367950812001,24.968784726027952,376.886433314502,54.662854515068744,0.0010083571556438937,5.041785778219468,322.42705098312484,0.0795868019702804,BEARING,BEARING,0.4,0.6,True
0.8200000000000001,0.8200000000000001,AEROTWIN-4-001,IDLE,0.15,1081.3455803238046,9.36387198395073,23.493058298044307,3.705399548304119,18.048871949005452,3.1952250187818616,-17.538697419483196,-0.2134314347245539,-0.2134314347245539,-0.2604458613599101,4.392708279113137,29.630191235922762,520.7028979290957,24.96843588923239,376.919783998013,54.66769163150381,0.0010085155767822556,5.042577883911278,322.42705098312484,0.41082470982691144,BEARING,BEARING,0.4,0.6,True
0.8300000000000001,0.8300000000000001,AEROTWIN-4-001,IDLE,0.15,1093.3162757213292,74.244606803379,23.451286871078945,46.01457603896663,17.772539383755497,3.170670842394585,25.07136581281655,-0.21305194664451743,-0.21305194664451743,-1.5378563790579554,47.978536311313626,29.668246947670845,520.3737593010071,24.968084183145475,376.5043714643727,54.607441028449685,0.0010065453097187805,5.032726548593903,322.42705098312484,0.45917562081459556,BEARING,BEARING,0.4,0.6,True
0.84,0.84,AEROTWIN-4-001,IDLE,0.15,1089.266276918318,139.84358334665876,23.510922729530527,12.891681077718227,18.168207980910534,3.2057707545325282,-8.482297657724835,-0.21359373080343264,-0.21359373080343264,-1.033061834937057,14.35193037426215,29.70662135304943,520.0579794366482,24.96773695387484,377.0980027080205,54.693540116765874,0.0010093628569400085,5.046814284700043,322.42705098312484,0.2504735510955784,BEARING,BEARING,0.4,0.6,True
0.85,0.85,AEROTWIN-4-001,IDLE,0.15,1087.236038301091,205.19955996175784,23.490802925003926,16.97562911296787,18.033855391766146,3.1938955378117138,-4.25212181660999,-0.6814835843948563,-0.21341094494847873,18.083934587259684,-0.21341094494847873,29.744309207927994,519.7483583551256,24.96738840317152,376.8973079587842,54.66443175172614,0.00100840880733829,5.0420440366914505,322.42705098312484,0.17854412565387376,BEARING,BEARING,0.4,0.6,True
0.86,0.86,AEROTWIN-4-001,IDLE,0.15,1097.4749961172126,270.4337222598233,23.480695228745777,42.59905858896444,17.96669291800035,3.1879425672684594,21.444423103695627,-1.599847544429167,-0.21331911781866159,44.62554436903093,-0.21331911781866159,29.781445886413916,519.4456076983764,24.967039267187367,376.79664482092517,54.64983177153734,0.0010079308550799337,5.039654275399669,322.42705098312484,0.39904583475869165,BEARING,BEARING,0.4,0.6,True
0.87,0.87,AEROTWIN-4-001,IDLE,0.15,1089.6506866135712,336.28222202685606,23.531522453162896,5.137455366603766,18.30668611102514,3.217964759613633,-16.387195504035006,-0.6449211180852121,-0.21378087666217988,6.209938238013338,-0.21378087666217988,29.818793706851032,519.1548139328244,24.966694007197834,377.30393041134295,54.723407459000356,0.0010103433610953755,5.051716805476878,322.42705098312484,0.3866445581017538,BEARING,BEARING,0.4,0.6,True
0.88,0.88,AEROTWIN-4-001,IDLE,0.15,1094.7268241378792,401.66126322367035,23.49271510101039,31.873046441307228,18.046586185414295,3.1950226859079844,10.631437569984948,33.363937269202054,-1.064034194248175,-0.2134283168233248,-0.2134283168233248,29.855237581485966,518.8679367359096,24.966346044173765,376.9163635044024,54.66719552995151,0.0010084993269480593,5.042496634740297,322.42705098312484,0.21119463868585703,BEARING,BEARING,0.4,0.6,True
0.89,0.89,AEROTWIN-4-001,IDLE,0.15,1100.5631979149384,467.3448726719431,23.517916547426253,33.648697215383436,18.21511786246843,3.2099066985059634,12.223672654409043,35.60557496841764,-1.5295632155423113,-0.2136572687459495,-0.2136572687459495,29.891578799239124,518.5904069564281,24.966000078880473,377.1678664787367,54.70367301834301,0.001009695327390244,5.04847663695122,322.42705098312484,0.24196327580541815,BEARING,BEARING,0.4,0.6,True
0.9,0.9,AEROTWIN-4-001,IDLE,0.15,1090.3624607584452,533.3786645468394,23.54678002926944,0.2725038965328572,18.40985799767041,3.227019840222136,-21.36437394135969,0.8853410636821295,-0.1849981875636464,-0.21391948979281294,-0.21391948979281294,29.927862484202347,518.3223167244809,24.965656401954753,377.4567481786192,54.74557184233057,0.0010110720175772192,5.055360087886096,322.42705098312484,0.47213133459968304,BEARING,BEARING,0.4,0.6,True
0.91,0.91,AEROTWIN-4-001,IDLE,0.15,1100.6679340142332,598.8004121923461,23.496254316078193,42.851012851538925,18.070170420068166,3.197109716704232,21.583732714766526,-0.2134604701402807,44.64733818649275,-0.2134604701402807,-1.3694043946732632,29.963116479368445,518.0565570038367,24.965309143630527,376.95164326089775,54.67231243527409,0.001008666952722465,5.043334763612325,322.42705098312484,0.4032661147276797,BEARING,BEARING,0.4,0.6,True
0.92,0.92,AEROTWIN-4-001,IDLE,0.15,1100.8954629547868,664.8404882332002,23.54729689899155,22.117224587466847,18.413362146214077,3.2273269425049054,0.47653549874786494,-0.2139241854882374,23.861903136040727,-0.2139241854882374,-1.3168301775974063,29.99859140694681,517.801857907604,24.964965804780697,377.4619294752621,54.746323327233064,0.0010110967380702158,5.055483690351079,322.42705098312484,0.08986059076964756,BEARING,BEARING,0.4,0.6,True
0.93,0.93,AEROTWIN-4-001,IDLE,0.15,1092.83758008354,10.894216010487412,23.54841961464989,4.7725793865516195,18.420975715545485,3.2279940922031525,-16.876390421197016,-0.21393438521662983,-0.21393438521662983,-0.3032460762307813,5.503694233215661,30.033675765409022,517.5536238011803,24.96462269855566,377.4731849961161,54.74795580546669,0.0010111504427689187,5.055752213844594,322.42705098312484,0.3934176630164679,BEARING,BEARING,0.4,0.6,True
0.9400000000000001,0.9400000000000001,AEROTWIN-4-001,IDLE,0.15,1104.6237564129274,76.46447081549982,23.508547653702596,46.04157911841111,18.152301992586054,3.2043671456134764,24.68490998021158,-0.21357215354281786,-0.21357215354281786,-1.5573013602002705,48.02602478569702,30.067880231409323,517.3081421690437,24.964276786808135,377.07428905191387,54.690100735511486,0.0010092500492850372,5.046250246425186,322.42705098312484,0.45895205850720927,BEARING,BEARING,0.4,0.6,True
0.9500000000000001,0.9500000000000001,AEROTWIN-4-001,IDLE,0.15,1099.6416654817183,142.74189620027548,23.566790448880745,11.350415142773352,18.54595596918972,3.2389260195857728,-10.43446684600214,-0.21410128189977917,-0.21410128189977917,-0.972137415343424,12.750755121916335,30.102396657300137,517.0738487961374,24.963935355921713,377.65755198404634,54.77469602466211,0.0010120308077305705,5.060154038652853,322.42705098312484,0.27872771450869743,BEARING,BEARING,0.4,0.6,True
0.96,0.96,AEROTWIN-4-001,IDLE,0.15,1099.030487480612,208.72039612917857,23.54223062488294,20.32331027806315,18.37904072426883,3.2243177660013695,-1.2800482122070487,-0.770820702604866,-0.21387815903489146,21.5218872987378,-0.21387815903489146,30.136223909147734,516.8432775757261,24.963592234766207,377.4111557008384,54.7389592005382,0.0010108545345975323,5.054272672987662,322.42705098312484,0.12113778107910232,BEARING,BEARING,0.4,0.6,True
0.97,0.97,AEROTWIN-4-001,IDLE,0.15,1108.2276353842385,274.6622253780153,23.53921172080079,40.84360357874734,18.35861635490231,3.22252569850428,19.26246152534075,-1.5985735617840522,-0.21385073267679985,42.869878605884985,-0.21385073267679985,30.169630072785623,516.618208702396,24.963249037331146,377.38091367979337,54.73457295828987,0.0010107103185911493,5.053551592955746,322.42705098312484,0.36761707807421,BEARING,BEARING,0.4,0.6,True
0.98,0.98,AEROTWIN-4-001,IDLE,0.15,1099.3882873301047,341.15588350106964,23.58450164881502,3.4035730861602116,18.66716721444673,3.249493144639757,-18.513087272926278,-0.5190413052096939,-0.2142621858895752,4.351138763149056,-0.2142621858895752,30.20319540197426,516.4027081857151,24.96290939072878,377.83564832028287,54.80052676107719,0.0010128824345210263,5.064412172605131,322.42705098312484,0.41820504770559386,BEARING,BEARING,0.4,0.6,True
0.99,0.99,AEROTWIN-4-001,IDLE,0.15,1106.3400252675935,407.1191807408759,23.540979227360744,36.153832657610735,18.370571945755547,3.22357482245766,14.559685889397528,37.75693118532504,-1.1753649472179102,-0.21386679024819774,-0.21386679024819774,30.235860211728966,516.1888068899281,24.962566620711296,377.3986185709217,54.73714084028934,0.0010107947442592191,5.053973721296096,322.42705098312484,0.28552478735164366,BEARING,BEARING,0.4,0.6,True
1.0,1.0,AEROTWIN-4-001,IDLE,0.15,1110.100285754654,473.4995822569315,23.575230734392125,29.723060474847536,18.603630944322852,3.2439583827028162,7.875471147821868,31.62452649157989,-1.4731100951005893,-0.21417796081587961,-0.21417796081587961,30.2685568547308,515.9832324427946,24.962226570132707,377.74238095477733,54.786999448919,0.0010124362982360678,5.06218149118034,322.42705098312484,0.17257463170093826,BEARING,BEARING,0.4,0.6,True
1.01,1.01,AEROTWIN-4-001,IDLE,0.15,1099.6030825337475,540.1055994022107,23.59368667279667,0.0,18.73030697238272,3.254984042309767,-21.98529101469249,-0.21434563065957973,0.0053423558798778815,-0.21434563065957973,-0.0029628828478247124,30.30109731450141,515.7844088970481,24.961888067069708,377.9281451303453,54.81394231341502,0.001013325204497805,5.066626022489025,322.42705098312484,0.47797918180780985,BEARING,BEARING,0.4,0.6,True
1.02,1.02,AEROTWIN-4-001,IDLE,0.15,1110.92669591562,606.0817843542355,23.54204008397567,45.31807606535704,18.3777510220796,3.2242046348891975,23.716120408388242,-0.21387642799507978,47.21215251316294,-0.21387642799507978,-1.4663235918157416,30.33265996417226,515.586057138565,24.961545818602406,377.4092466570679,54.73868231664782,0.001010845429870838,5.0542271493541895,322.42705098312484,0.44588626566337053,BEARING,BEARING,0.4,0.6,True
1.03,1.03,AEROTWIN-4-001,IDLE,0.15,1108.585753469486,672.7373861091728,23.597736137715124,17.112753581199822,18.758204771906495,3.257407203460941,-4.902858394167614,-0.2143824195312731,18.72245244467582,-0.2143824195312731,-1.1809340244134505,30.364512472969015,515.3975171512076,24.961207921353544,377.96895451771627,54.81986122534053,0.0010135206546676772,5.067603273338386,322.42705098312484,0.17859933502919734,BEARING,BEARING,0.4,0.6,True
1.04,1.04,AEROTWIN-4-001,IDLE,0.15,1103.6456703125002,19.252531317342005,23.586259112026248,11.583290795009367,18.67923356270628,3.2505432017091063,-10.34648596940602,-0.2142781522184324,-0.2142781522184324,-0.529908297569065,12.541755397015296,30.395865416338996,515.2126874024857,24.960869298261354,377.8533394521003,54.80309264745372,0.0010129670950287401,5.064835475143701,322.42705098312484,0.2751004643983527,BEARING,BEARING,0.4,0.6,True
1.05,1.05,AEROTWIN-4-001,IDLE,0.15,1114.4986313574118,85.47127153609203,23.561975759738793,44.47957415727891,18.51312757700028,3.2360581213519377,22.730388458926694,-0.21405754106372954,-0.21405754106372954,-1.6004191895950997,46.508108429001474,30.426578288361785,515.0303612189861,24.960528986405855,377.60919693033395,54.76768270438178,0.0010117997861455563,5.058998930727782,322.42705098312484,0.4309726711275585,BEARING,BEARING,0.4,0.6,True
1.06,1.06,AEROTWIN-4-001,IDLE,0.15,1107.153270298225,152.34118941753673,23.615211157695796,6.76281672597405,18.879024288450196,3.267880665194435,-15.384088227670581,-0.21454117785634932,-0.21454117785634932,-0.7469338385572002,7.938832920243949,30.457555391728533,514.8572444590932,24.96019287145487,378.1452723475604,54.84543401074547,0.0010143658109631056,5.071829054815528,322.42705098312484,0.3601263784648964,BEARING,BEARING,0.4,0.6,True
1.07,1.07,AEROTWIN-4-001,IDLE,0.15,1110.8151948428108,218.77038563543022,23.579226492349058,29.546850969650365,18.63099119646061,3.2463429416756964,7.669516831514059,-1.0060587467326738,-0.21421426176668565,30.981338239916408,-0.21421426176668565,30.487761275052875,514.6853076063151,24.959854157236496,377.7825675275365,54.79282802905884,0.0010126284874822499,5.0631424374112495,322.42705098312484,0.1694430817886756,BEARING,BEARING,0.4,0.6,True
1.08,1.08,AEROTWIN-4-001,IDLE,0.15,1117.0010965600122,285.41929732599885,23.59718991557553,34.96724205361854,18.754439527986655,3.257080265239816,12.95572226039207,-1.549958517248518,-0.21437745717288398,36.945955485212835,-0.21437745717288398,30.517826962491394,514.5192385710898,24.959516957495545,377.9634487800236,54.81906268415707,0.0010134942821920475,5.067471410960238,322.42705098312484,0.2640850193189405,BEARING,BEARING,0.4,0.6,True
1.09,1.09,AEROTWIN-4-001,IDLE,0.15,1106.5946528584861,352.4393631195996,23.62742719302938,0.44391393051257944,18.963900375914733,3.275218276404365,-21.79520472180652,-0.21182204236727958,-0.21465215897744538,1.0850402908347498,-0.21465215897744538,30.5478941968401,514.3599723624811,24.95918222729476,378.2687316710311,54.86334030410301,0.001014958281575065,5.074791407875325,322.42705098312484,0.4709893365803657,BEARING,BEARING,0.4,0.6,True
1.1,1.1,AEROTWIN-4-001,IDLE,0.15,1116.6955678631102,418.8350422911087,23.576482059823725,43.01220720174885,18.612195296580516,3.244704989793836,21.1553069153745,44.81516878660427,-1.3745829269601397,-0.21418932894763948,-0.21418932894763948,30.577034784541787,514.2002279046442,24.958843745276926,377.754964034083,54.78882447357533,0.001012496469392486,5.06248234696243,322.42705098312484,0.4051197009110569,BEARING,BEARING,0.4,0.6,True
1.11,1.11,AEROTWIN-4-001,IDLE,0.15,1116.3648586875804,485.8367763628953,23.625936907547544,21.535214301950845,18.95352756002177,3.2743224194753604,-0.6926356775462845,23.269528992477763,-1.3050374506786344,-0.21463861992414285,-0.21463861992414285,30.60640232158752,514.0488060218265,24.958509195485536,378.2536613549797,54.861154535603546,0.0010148859302708147,5.074429651354073,322.42705098312484,0.10185714345041302,BEARING,BEARING,0.4,0.6,True
1.12,1.12,AEROTWIN-4-001,IDLE,0.15,1108.727562556091,552.8186678841502,23.624323427564715,6.220140171533405,18.942303055324142,3.2733527295267955,-15.995515613317533,-0.2146239616645299,7.006521624191498,-0.2146239616645299,-0.35713352932903336,30.635412994518003,513.9010279535755,24.958174667913752,378.2373480730696,54.85878848982187,0.0010148076210412301,5.07403810520615,322.42705098312484,0.369833662054579,BEARING,BEARING,0.4,0.6,True
1.1300000000000001,1.1300000000000001,AEROTWIN-4-001,IDLE,0.15,1120.1635000088113,619.3423216375156,23.586954914601787,45.88634312285526,18.68401272293447,3.250959007668151,23.95137139225264,-0.21428447349598162,47.8943220393217,-0.21428447349598162,-1.5794099694744794,30.663669086279448,513.7536712101173,24.957837420905967,377.86034454401596,54.804108651974985,0.0010130006209530201,5.065003104765101,322.42705098312484,0.4552916627216386,BEARING,BEARING,0.4,0.6,True
1.1400000000000001,1.1400000000000001,AEROTWIN-4-001,IDLE,0.15,1113.9964626774795,686.5521316380443,23.642833195029276,9.439710014357368,19.07143186975782,3.284490927617304,-12.916212783017755,-0.21479212053836663,10.757209489884648,-0.21479212053836663,-0.8879152344505459,30.692228488981748,513.6148995012967,24.957504622979858,378.4246700134441,54.8859572894099,0.0010157074198117858,5.07853709905893,322.42705098312484,0.3139191405607623,BEARING,BEARING,0.4,0.6,True
1.1500000000000001,1.1500000000000001,AEROTWIN-4-001,IDLE,0.15,1115.2516327883293,33.39191939869306,23.61275711035399,24.757245533908474,18.862015171353036,3.2664082297210792,2.6288221328343586,-0.21451888314961515,-0.21451888314961515,-0.8854744100810523,26.071757710288757,30.720120617590524,513.4769540691975,24.957169644280224,378.12049113925843,54.84183979385576,0.001014246955976848,5.071234779884239,322.42705098312484,0.08522432029617823,BEARING,BEARING,0.4,0.6,True
1.16,1.16,AEROTWIN-4-001,IDLE,0.15,1122.8209978143618,100.30701736599282,23.61888933267752,38.02787342733804,18.904543807882014,3.270088580707047,15.853241038748976,-0.21457459360637887,-0.21457459360637887,-1.5833402371230005,40.0403628516738,30.747760085180587,513.3429952029483,24.956835284845337,378.1824275601073,54.85082292846285,0.0010145440563771452,5.072720281885726,322.42705098312484,0.31738725681293084,BEARING,BEARING,0.4,0.6,True
1.17,1.17,AEROTWIN-4-001,IDLE,0.15,1112.817244141513,167.67627723485452,23.655752221410754,1.502500507392229,19.162030087193877,3.292283118161296,-20.951812697962946,-0.21490948824336534,-0.21490948824336534,-0.34401889543003256,2.276338379308992,30.775492074038905,513.2156293219379,24.956503936095835,378.55564334535444,54.90495339952352,0.0010163373157943256,5.0816865789716275,322.42705098312484,0.4531193783806242,BEARING,BEARING,0.4,0.6,True
1.18,1.18,AEROTWIN-4-001,IDLE,0.15,1121.8105829931035,234.4453118833453,23.606990893055936,40.92065904161964,18.82210361630171,3.262950580384148,18.835604844933783,-1.3086116350866746,-0.21446649780177138,42.65820367230987,-0.21446649780177138,30.80236267436059,513.0871602649501,24.956168952069742,378.06228983510687,54.83339839310423,0.0010139679017656116,5.069839508828058,322.42705098312484,0.3681528116062981,BEARING,BEARING,0.4,0.6,True
1.19,1.19,AEROTWIN-4-001,IDLE,0.15,1122.695422670005,301.7539468629315,23.650843176029724,24.270082498323927,19.12755818545121,3.2893204271670555,1.8532038857056605,-1.3702728634117158,-0.2148648901929324,26.070085142121506,-0.2148648901929324,30.829407942445837,512.9657572224662,24.955837513250014,378.505852913955,54.8977318949342,0.0010160977821628866,5.0804889108144335,322.42705098312484,0.07624638998645866,BEARING,BEARING,0.4,0.6,True
1.2,1.2,AEROTWIN-4-001,IDLE,0.15,1113.678971088842,369.1156722231318,23.655142317334057,3.5656470834936527,19.157744203439634,3.2919149126070435,-18.884012032553024,4.250806240030295,-0.25535126185122353,-0.21490394734270943,-0.21490394734270943,30.85618778221034,512.8477684730489,24.955506556712738,378.54945583939156,54.904055976033675,0.001016307543761872,5.0815377188093604,322.42705098312484,0.41700018714833986,BEARING,BEARING,0.4,0.6,True
1.21,1.21,AEROTWIN-4-001,IDLE,0.15,1125.213810935779,435.93641048846234,23.611205102338946,46.27525464493747,18.851265266861258,3.2654772957614693,24.158512082314743,48.26482935672831,-1.5605651450808768,-0.21450478335498,-0.21450478335498,30.882176575818054,512.7288652488321,24.955172333560885,378.1048222925223,54.839567215662846,0.00101417181718682,5.0708590859341,322.42705098312484,0.46180797945235785,BEARING,BEARING,0.4,0.6,True
1.22,1.22,AEROTWIN-4-001,IDLE,0.15,1119.7147741953438,503.4492391446091,23.66736321486847,11.025932063167122,19.243788467538337,3.29929921267671,-11.517155617047925,12.416328628631536,-0.9603666201918563,-0.21501497263627914,-0.21501497263627914,30.9084796741376,512.6178781080124,24.95484262959548,378.6735188014872,54.9220498199301,0.0010169047578359703,5.084523789179852,322.42705098312484,0.28672838540359746,BEARING,BEARING,0.4,0.6,True
1.23,1.23,AEROTWIN-4-001,IDLE,0.15,1119.6534504105653,570.6321255963297,23.640649324178643,22.210894257162238,19.05615529685001,3.2831751948128427,-0.12843623450061648,-0.21477228035055493,23.461175975122092,-0.21477228035055493,-0.820737157258745,30.934186056292802,512.5073089156815,24.954510979289317,378.4025486769415,54.88274885500624,0.001015601092917812,5.078005464589061,322.42705098312484,0.09037289133259929,BEARING,BEARING,0.4,0.6,True
1.24,1.24,AEROTWIN-4-001,IDLE,0.15,1127.813580865453,637.8113326209636,23.6403508167828,39.427600688336504,19.054068044645014,3.2829953840845416,17.090537259606947,-0.2147695684489812,41.45296520148707,-0.2147695684489812,-1.5958253762526007,30.95959221388136,512.3994776715368,24.954179451610383,378.39952539228574,54.88231036384634,0.0010155865628045477,5.077932814022739,322.42705098312484,0.34162736886259326,BEARING,BEARING,0.4,0.6,True
1.25,1.25,AEROTWIN-4-001,IDLE,0.15,1118.0025161118522,705.4801474728908,23.679955568382248,2.0914916582132177,19.332815491169487,3.3069221362479917,-20.54824596920426,-0.2151293725599889,2.9262723251602414,-0.2151293725599889,-0.404521921827046,30.985134431025358,512.2978394072621,24.953851180054286,378.80153261528636,54.9406166874559,0.0010175215812623672,5.0876079063118365,322.42705098312484,0.4433731813649118,BEARING,BEARING,0.4,0.6,True
1.26,1.26,AEROTWIN-4-001,IDLE,0.15,1126.410884105822,52.56029843960198,23.632309536145264,39.8865181823196,18.99791884473817,3.2781545918911053,17.610444745690323,-0.21469651444120924,-0.21469651444120924,-1.2785073820228554,41.59441859322487,31.00986567216648,512.1945373575571,24.953519316424437,378.31812128313794,54.87050367466376,0.001015195455619185,5.075977278095925,322.42705098312484,0.3497539120349786,BEARING,BEARING,0.4,0.6,True
1.27,1.27,AEROTWIN-4-001,IDLE,0.15,1127.7416119083496,120.1449514859513,23.673164368902555,25.37463475773404,19.284755750967147,3.302809214535072,2.787069792231821,-0.21506767537990856,-0.21506767537990856,-1.3948607016206533,27.19963081011451,31.03475029010685,512.0974214453778,24.953190800193763,378.73247055025894,54.93060006366846,0.0010171887372633743,5.085943686316871,322.42705098312484,0.0953120764555558,BEARING,BEARING,0.4,0.6,True
1.28,1.28,AEROTWIN-4-001,IDLE,0.15,1118.2386868869878,187.80944820045227,23.679607297333998,2.7341796963106533,19.33034820721582,3.306711112244196,-19.90287962314936,-0.21923342033647913,-0.21512620856198753,3.383665533771107,-0.21512620856198753,31.059415368358206,512.0033037429183,24.952862938647662,378.79798962706053,54.940102819529606,0.0010175045016213142,5.087522508106571,322.42705098312484,0.4321180582411286,BEARING,BEARING,0.4,0.6,True
1.29,1.29,AEROTWIN-4-001,IDLE,0.15,1129.7340837238185,254.90376941367154,23.63346045301378,46.3606959824936,19.005946066597886,3.2788470807717873,24.07590283512393,-1.554730371057818,-0.214706970373995,48.34484029429941,-0.214706970373995,31.083301686769417,511.90746630086835,24.95253159877392,378.32976784177407,54.87219286823523,0.0010152513967080549,5.076256983540275,322.42705098312484,0.46303834944978345,BEARING,BEARING,0.4,0.6,True
1.3,1.3,AEROTWIN-4-001,IDLE,0.15,1124.3515590610548,322.68781443710066,23.6892424884688,11.438133561711245,19.398713509173188,3.312553344740961,-11.273133292202903,-0.9784007905776356,-0.21521374304309496,12.846961838375073,-0.21521374304309496,31.107505710968518,511.818951393514,24.952204793499945,378.8960611173893,54.95432691234391,0.0010179774428876584,5.089887214438292,322.42705098312484,0.2800225584622649,BEARING,BEARING,0.4,0.6,True
1.31,1.31,AEROTWIN-4-001,IDLE,0.15,1124.0010299562457,390.14890798076397,23.66318151232266,21.776931237198312,19.214306719424922,3.2967709581318765,-0.7341464403584865,23.01667509441521,-0.8097898924116383,-0.2149769824026271,-0.2149769824026271,31.131150861814174,511.7303425625595,24.951876070824706,378.6310480820668,54.915889951726804,0.0010167002488523013,5.083501244261507,322.42705098312484,0.09848896873340698,BEARING,BEARING,0.4,0.6,True
1.32,1.32,AEROTWIN-4-001,IDLE,0.15,1132.157213548107,457.5889697781387,23.66148078562222,39.58034216140414,19.202328039274658,3.295743153115375,17.082270969014107,41.60835532308462,-1.5980900986450362,-0.21496153151772554,-0.21496153151772554,31.154503966363816,511.6437987256196,24.95154735932566,378.61378070424416,54.91338552578217,0.0010166171202549597,5.0830856012747985,322.42705098312484,0.3440500126314003,BEARING,BEARING,0.4,0.6,True
1.33,1.33,AEROTWIN-4-001,IDLE,0.15,1122.264581673969,525.518402591025,23.70094138853166,2.082596674618631,19.48201808912007,3.319658332471995,-20.719079746973435,2.917073261621233,-0.4038365348900191,-0.21532002605629139,-0.21532002605629139,31.17800354979292,511.5629139918569,24.95122192299486,379.0152834318138,54.971618678383415,0.0010185528543551932,5.092764271775966,322.42705098312484,0.44401629726313935,BEARING,BEARING,0.4,0.6,True
1.34,1.34,AEROTWIN-4-001,IDLE,0.15,1130.6975711080051,592.8542774914632,23.653049349317868,40.095706619915575,19.14304322991044,3.2906516208262317,17.662011769178903,-0.21488493299554093,41.8101160593528,-0.21488493299554093,-1.2846395734461462,31.2007254625303,511.4798116770636,24.950892837037525,378.5282258150734,54.90097681576662,0.001016205403274488,5.08102701637244,322.42705098312484,0.35316867927153966,BEARING,BEARING,0.4,0.6,True
1.35,1.35,AEROTWIN-4-001,IDLE,0.15,1131.7853953761883,660.6961317579435,23.693896696961506,25.02552804383086,19.43181578698016,3.3153784373030826,2.278333819547618,-0.21525602593293855,26.84425861083864,-0.21525602593293855,-1.3882185151419038,31.223612025309052,511.402401058469,24.95056712892281,378.94347253607566,54.96120336968734,0.0010182062061244248,5.0910310306221245,322.42705098312484,0.08895836894543259,BEARING,BEARING,0.4,0.6,True
1.36,1.36,AEROTWIN-4-001,IDLE,0.15,1122.4506084755578,8.603255480514804,23.699147590774913,3.2370599283559542,19.469223790270075,3.3185681046504487,-19.55073196656457,-0.2153037296327278,-0.2153037296327278,-0.24155709650846596,3.9092244841298758,31.246287183660847,511.32739191573995,24.950241984477245,378.9969926309931,54.96896581721398,0.00101846454250597,5.0923227125298505,322.42705098312484,0.42377149141298687,BEARING,BEARING,0.4,0.6,True
1.37,1.37,AEROTWIN-4-001,IDLE,0.15,1133.8704627618704,75.95029198904828,23.65395312297713,46.35827403243874,19.149390065244646,3.2911970798972585,23.91768688729684,-0.21489314366382922,-0.21489314366382922,-1.563485383858897,48.3515457036253,31.268228093652258,511.2502573786217,24.949913401479716,378.53739262996487,54.902306352264844,0.0010162495040176916,5.081247520088458,322.42705098312484,0.4627529061417066,BEARING,BEARING,0.4,0.6,True
1.3800000000000001,1.3800000000000001,AEROTWIN-4-001,IDLE,0.15,1128.0937851348697,143.98251975476052,23.70920048079082,10.767061964994289,19.541025453549445,3.324681841539474,-12.09864533009463,-0.21539505885483262,-0.21539505885483262,-0.9499439789589087,12.147796061662863,31.29048824125304,511.17994542819696,24.949589352489323,379.099547553923,54.98384017812589,0.0010189598564330673,5.0947992821653365,322.42705098312484,0.29223022679775135,BEARING,BEARING,0.4,0.6,True
1.3900000000000001,1.3900000000000001,AEROTWIN-4-001,IDLE,0.15,1128.367044345467,211.6681468628527,23.681311354487487,23.222479616189904,19.342423125753516,3.3077437380773413,0.5723127523590468,-0.8471180928449261,-0.2151416897036298,24.499881088442088,-0.2151416897036298,31.31219923673542,511.10891555754984,24.949263220235277,378.8153264712722,54.94261732074038,0.0010175880815062942,5.087940407531471,322.42705098312484,0.07361235853930874,BEARING,BEARING,0.4,0.6,True
1.4000000000000001,1.4000000000000001,AEROTWIN-4-001,IDLE,0.15,1136.0033726357021,279.3701695235807,23.682633269811273,38.65382847436963,19.351794927104194,3.3085449759306442,15.993488571334794,-1.5921218748837884,-0.21515369913554627,40.67625774752452,-0.21515369913554627,31.333671502099474,511.03977854475914,24.94893733745299,378.82877777692545,54.94456827120971,0.0010176529370045611,5.088264685022805,322.42705098312484,0.3275862693870969,BEARING,BEARING,0.4,0.6,True
1.41,1.41,AEROTWIN-4-001,IDLE,0.15,1125.7847821041246,347.5303718817229,23.719468174011308,1.5437812649857403,19.614611367752353,3.3309358599305128,-21.401765962697127,-0.34896514545302604,-0.21548833953662205,2.3237230895120105,-0.21548833953662205,31.355274154789914,510.9756426694126,24.94861454863123,379.2044166121042,54.999050176586366,0.0010194667419980413,5.097333709990206,322.42705098312484,0.4538766065729232,BEARING,BEARING,0.4,0.6,True
1.42,1.42,AEROTWIN-4-001,IDLE,0.15,1134.7646923195439,415.0774588079704,23.670130837054142,41.37177667067693,19.263323307989566,3.300973387582737,18.807479975104627,43.12423543095224,-1.322378528014444,-0.21504011613042834,-0.21504011613042834,31.376117995654887,510.9087307950076,24.948287960581673,378.701638737398,54.926128279194735,0.0010170401999269924,5.085200999634962,322.42705098312484,0.3752978801571812,BEARING,BEARING,0.4,0.6,True
1.43,1.43,AEROTWIN-4-001,IDLE,0.15,1134.9989371295633,483.16334034714305,23.71350719842557,23.389764799600055,19.57185975718682,3.327303859547883,0.49060118286535026,25.173206253218233,-1.3525730839489718,-0.21543418483460408,-0.21543418483460408,31.397163181587324,510.84734025041223,24.94796498065843,379.14351905416856,54.9902177165785,0.0010191723445131609,5.095861722565805,322.42705098312484,0.07143313573783514,BEARING,BEARING,0.4,0.6,True
1.44,1.44,AEROTWIN-4-001,IDLE,0.15,1126.4838695739595,551.2632765749169,23.714634883643402,5.074015784462286,19.579940868261787,3.327990701203895,-17.833915785003395,-0.21544442971080988,5.820505285580206,-0.21544442971080988,-0.31560064169630064,31.4179741398145,510.7875848600646,24.947642235242082,379.1550363107559,54.991888156439416,0.0010192280121533632,5.096140060766816,322.42705098312484,0.3919849883656928,BEARING,BEARING,0.4,0.6,True
1.45,1.45,AEROTWIN-4-001,IDLE,0.15,1137.7199269020136,618.8523087493544,23.67351790141426,46.123021589488275,19.287254932297458,3.3030232191048903,23.532743438085927,-0.2150708871776336,48.13576045690572,-0.2150708871776336,-1.582597093062181,31.438124603839377,510.72567403980895,24.947316345543552,378.7360644289081,54.931121312639974,0.0010172060536285184,5.086030268142593,322.42705098312484,0.4584046726034624,BEARING,BEARING,0.4,0.6,True
1.46,1.46,AEROTWIN-4-001,IDLE,0.15,1131.1248862287052,687.1155043634752,23.727719906343438,9.197281518378421,19.67393334472192,3.3359690599182104,-13.812620886261708,-0.21556330547116606,10.506204371582305,-0.21556330547116606,-0.8777962422615523,31.458590463725947,510.67012644320033,24.946994945739462,379.28878606179893,55.01128695283119,0.0010198748318610198,5.099374159305099,322.42705098312484,0.32013254891677456,BEARING,BEARING,0.4,0.6,True
1.47,1.47,AEROTWIN-4-001,IDLE,0.15,1132.8180212293823,34.98299753719755,23.695959831394994,26.309231014876808,19.44650597109059,3.3166313906774443,3.5460936531087723,-0.21527476924581773,-0.21527476924581773,-0.9256815000912133,27.665462053459656,31.47849506998168,510.61314109050403,24.946671131716332,378.96449733012895,54.96425276376724,0.0010183076783584345,5.091538391792173,322.42705098312484,0.11139890091394279,BEARING,BEARING,0.4,0.6,True
1.48,1.48,AEROTWIN-4-001,IDLE,0.15,1139.407729867726,102.95207881096049,23.704128182659343,36.62781633618576,19.504766916048673,3.3215959217917965,13.801453498345289,-0.21534897767400818,-0.21534897767400818,-1.5740253059483902,38.63253959748217,31.49825002473516,510.55830600091116,24.946348116513686,379.0477874897867,54.97633300194368,0.0010187098208365314,5.093549104182657,322.42705098312484,0.29187813455473743,BEARING,BEARING,0.4,0.6,True
1.49,1.49,AEROTWIN-4-001,IDLE,0.15,1128.710006328737,171.31654260302406,23.73582329536785,0.6680072152261174,19.732349045351622,3.3409179566894798,-22.405259786814984,-0.21563692372570192,-0.21563692372570192,-0.24416905235017583,1.343450115027697,31.518094198689102,510.50766594940313,24.946027806076497,379.37171755231805,55.02331517035311,0.0010202762174008416,5.101381087004208,322.42705098312484,0.46958371987042713,BEARING,BEARING,0.4,0.6,True
1.5,1.5,AEROTWIN-4-001,IDLE,0.15,1138.5568620815425,239.03914298274827,23.684292005743075,43.29631754897768,19.3635604933417,3.309550592987939,20.623206462648042,-1.3838347416514885,-0.2151687685396767,45.11048982770853,-0.2151687685396767,31.537189382048208,510.4537071605232,24.945703488212853,378.8456593104953,54.94701673507562,0.0010177343407002958,5.08867170350148,322.42705098312484,0.4088102789868499,BEARING,BEARING,0.4,0.6,True
1.51,1.51,AEROTWIN-4-001,IDLE,0.15,1137.4091978456322,307.3525547076408,23.731739410272528,20.63764999129944,19.70288926414589,3.338423082035646,-2.4036623548820972,-1.2853802167103836,-0.2155998221510969,22.35422985231202,-0.2155998221510969,31.55653623271155,510.4053174224022,24.945383133732772,379.32991258564476,55.01725186159675,0.0010200738517336357,5.100369258668179,322.42705098312484,0.12001976966704497,BEARING,BEARING,0.4,0.6,True
1.52,1.52,AEROTWIN-4-001,IDLE,0.15,1130.4792591739174,375.59710657837877,23.72622695568173,8.484216636978394,19.66318829616421,3.335057954738811,-14.51402961392463,9.349979474227778,-0.4346633528392936,-0.2155497422050447,-0.2155497422050447,31.575601362722704,510.35764557163316,24.945062474910998,379.273515470711,55.009072136840985,0.0010198009498457912,5.099004749228956,322.42705098312484,0.33257640118968196,BEARING,BEARING,0.4,0.6,True
1.53,1.53,AEROTWIN-4-001,IDLE,0.15,1141.243915738831,443.42586212881383,23.69284240927829,45.28449513154065,19.424312829761774,3.3147383132793165,22.54544398849956,47.318721310698656,-1.6037332834300806,-0.2152464478639623,-0.2152464478639623,31.594112193323692,510.30819554341684,24.944739268474567,378.9327305208552,54.9596453692838,0.001018154368012566,5.09077184006283,322.42705098312484,0.4435026984202739,BEARING,BEARING,0.4,0.6,True
1.54,1.54,AEROTWIN-4-001,IDLE,0.15,1133.532341809216,511.9004970731437,23.744627682876597,6.9912179664998755,19.79599870156538,3.346301934863216,-16.151082669928723,8.184678614425625,-0.7620268270018389,-0.21571691046195496,-0.21571691046195496,31.612920927196154,510.26459519014804,24.944420394025407,379.46191205182606,55.036396800172746,0.001020713037660602,5.10356518830301,322.42705098312484,0.3591328864677465,BEARING,BEARING,0.4,0.6,True
1.55,1.55,AEROTWIN-4-001,IDLE,0.15,1137.2757296430127,579.9124375816966,23.707571314690746,30.693196461307842,19.529372896720652,3.323690419125316,7.840133145461874,-0.21538025808884753,32.16039286762333,-0.21538025808884753,-1.0364358901377921,31.631142062015268,510.21877988545543,24.944098656038317,379.0829194955744,54.98142847779912,0.0010188795212204662,5.094397606102332,322.42705098312484,0.18798185520776842,BEARING,BEARING,0.4,0.6,True
1.56,1.56,AEROTWIN-4-001,IDLE,0.15,1142.2595471059517,648.1489813602774,23.725585580438235,33.43132334171929,19.65857385058885,3.3346666055289624,10.438082885601478,-0.21554391539285703,35.398565377292975,-0.21554391539285703,-1.5361542047879704,31.649327926532774,510.1757142724518,24.94377851780032,379.26695600066125,55.00812076442391,0.0010197692164769635,5.098846082384818,322.42705098312484,0.23568791390692928,BEARING,BEARING,0.4,0.6,True
1.57,1.57,AEROTWIN-4-001,IDLE,0.15,1131.1916599983065,716.6845541866345,23.749492459724195,0.0,19.831248630524467,3.3492799215688045,-23.18052855209327,-0.21576110633841453,0.31561243811255973,-0.21576110633841453,-0.09358609639103205,31.66753697584741,510.13586122154305,24.94346047073943,379.51178797705785,55.04363070461652,0.0010209547173411222,5.104773586705611,322.42705098312484,0.4815927328160472,BEARING,BEARING,0.4,0.6,True
1.58,1.58,AEROTWIN-4-001,IDLE,0.15,1141.9213532488277,64.55605378653286,23.69628216589249,45.23784618825359,19.44880201258482,3.3168271815958743,22.472216994072895,-0.21527769761356744,-0.21527769761356744,-1.457977945134186,47.12637952861491,31.68501085337895,510.092261116718,24.943138250879624,378.9677825951624,54.964729252037166,0.0010183235355294383,5.091617677647192,322.42705098312484,0.4426458753502955,BEARING,BEARING,0.4,0.6,True
1.59,1.59,AEROTWIN-4-001,IDLE,0.15,1138.9836998385415,133.07133498146254,23.74787294755524,17.015188687575577,19.819507317219713,3.348288285387576,-6.152606915031712,-0.21574639327716089,-0.21574639327716089,-1.182027067246159,18.628708541376056,31.702785015306446,510.05434945447814,24.942820357689158,379.4951808385613,55.04122203846325,0.0010208742355365882,5.104371177682942,322.42705098312484,0.1837891301864478,BEARING,BEARING,0.4,0.6,True
1.6,1.6,AEROTWIN-4-001,IDLE,0.15,1134.4748333254176,201.41035697177503,23.73378841004147,13.613991703378137,19.717665010103108,3.3396746357065314,-9.443347942431503,-0.5903283705012491,-0.2156184370523536,14.635556947984094,-0.2156184370523536,31.72021271470156,510.01612658947556,24.942501456467724,379.3508848245813,55.02029363318763,0.0010201753643395589,5.100876821697795,322.42705098312484,0.24298155096046006,BEARING,BEARING,0.4,0.6,True
1.61,1.61,AEROTWIN-4-001,IDLE,0.15,1144.2660521558987,269.4788469713001,23.71211151136755,43.39499705887498,19.561862345268185,3.326453948587127,20.506680765019667,-1.6155944541778846,-0.21542150519590222,45.44143452344468,-0.21542150519590222,31.737225847525973,509.97692692473527,24.94218093822162,379.12926672301865,54.98815058697318,0.0010191034637953525,5.095517318976763,322.42705098312484,0.4102100866419767,BEARING,BEARING,0.4,0.6,True
1.62,1.62,AEROTWIN-4-001,IDLE,0.15,1135.3044392263223,338.134810100654,23.759092734165048,4.486986452741537,19.90098138033164,3.355163301658155,-18.76915822924826,-0.6029032303226729,-0.21584832360581607,5.5215863302758414,-0.21584832360581607,31.754496600537433,509.9429034882551,24.941864394202533,379.610297960996,55.05791839566694,0.0010214323222843432,5.107161611421716,322.42705098312484,0.4032946533712352,BEARING,BEARING,0.4,0.6,True
1.6300000000000001,1.6300000000000001,AEROTWIN-4-001,IDLE,0.15,1141.448643068593,406.25307645423334,23.716105320027733,35.78775967560821,19.59048276011408,3.3288864801372076,12.868390435356918,37.38602731370196,-1.1673520612185575,-0.21545778843759622,-0.21545778843759622,31.77114786580412,509.90588994643144,24.94154448262802,379.17005640328136,54.994066640619124,0.001019300617670418,5.096503088352089,322.42705098312484,0.2770365981989072,BEARING,BEARING,0.4,0.6,True
1.6400000000000001,1.6400000000000001,AEROTWIN-4-001,IDLE,0.15,1144.2919429316487,474.7399950383489,23.745608599879542,29.104997267151468,19.803101732585798,3.346902226746707,5.954993307818963,31.0058916651219,-1.4694427540350938,-0.21572582196766987,-0.21572582196766987,31.787889006591918,509.87243497337147,24.94122711682626,379.4719665761457,55.037855088271016,0.0010207617508288685,5.103808754144342,322.42705098312484,0.15974324051109298,BEARING,BEARING,0.4,0.6,True
1.6500000000000001,1.6500000000000001,AEROTWIN-4-001,IDLE,0.15,1133.4036411665913,543.3975116142478,23.75921651774686,0.45271529828186985,19.901881971019147,3.3552392173776537,-22.804405890114932,-0.21584944816385046,0.9803533699307296,-0.21584944816385046,-0.09593917532115884,31.80456527276534,509.84103493172216,24.9409110103933,379.6115688507255,55.058102722971526,0.0010214384862069757,5.107192431034878,322.42705098312484,0.4738972903282898,BEARING,BEARING,0.4,0.6,True
1.6600000000000001,1.6600000000000001,AEROTWIN-4-001,IDLE,0.15,1144.6610029900949,611.4017300842434,23.706951091241027,46.42561495797118,19.524938439825686,3.3233130491314924,23.577363469014,-0.21537462343800542,48.38731924459374,-0.21537462343800542,-1.530955039746555,31.82054433491014,509.8057534760719,24.940590782242573,379.07659001522853,54.980510462628715,0.0010188489442128983,5.094244721064491,322.42705098312484,0.46330646028585537,BEARING,BEARING,0.4,0.6,True
1.67,1.67,AEROTWIN-4-001,IDLE,0.15,1139.7071668995188,680.081390263649,23.760980733777828,12.895752968088358,19.914721656261243,3.356321357988112,-10.375290046160996,-0.2158654758412127,14.366388503532505,-0.2158654758412127,-1.0389045837617221,31.83685363379087,509.7761786404516,24.940275106302835,379.6296841229629,55.06073012582629,0.001021526353120896,5.107631765604481,322.42705098312484,0.2561853489007856,BEARING,BEARING,0.4,0.6,True
1.68,1.68,AEROTWIN-4-001,IDLE,0.15,1138.3529261579283,28.46382027762013,23.737259887139107,20.248202529648502,19.742721754373722,3.3417959519234866,-2.8363151766487067,-0.21564997497850022,-0.21564997497850022,-0.7708468707335968,21.4503493503391,31.852743998903527,509.74522010311154,24.9399576246712,379.3864280530801,55.025448751962635,0.0010203474416683256,5.101737208341628,322.42705098312484,0.1269637987717851,BEARING,BEARING,0.4,0.6,True
1.69,1.69,AEROTWIN-4-001,IDLE,0.15,1146.514137888819,96.76499584709583,23.730760205716095,40.126458605101135,19.69583161565329,3.3378251106761785,17.092801878771667,-0.21559092620273987,-0.21559092620273987,-1.6056743169446503,42.16331477445126,31.868386341195887,509.7144551403157,24.939639754026466,379.31989184640986,55.01579847361959,0.001020025353639095,5.100126768195475,322.42705098312484,0.35279224098302164,BEARING,BEARING,0.4,0.6,True
1.7,1.7,AEROTWIN-4-001,IDLE,0.15,1136.3618540832194,165.55584412042498,23.769832004490393,2.078116793684456,19.979255240931607,3.361755033306459,-21.26289348055361,-0.21594588850538576,-0.21594588850538576,-0.40398552202592686,2.9139940927211545,31.88421761369442,509.68795696376014,24.939325235590125,379.7206273959066,55.073920356247505,0.0010219676455054017,5.109838227527009,322.42705098312484,0.44570086927129504,BEARING,BEARING,0.4,0.6,True
1.71,1.71,AEROTWIN-4-001,IDLE,0.15,1144.8435294328472,233.73755536541813,23.721192306221546,40.72295893513373,19.62699264035081,3.331986982433684,17.76397931234924,-1.3032326900682834,-0.2155040030575914,42.457199631317195,-0.2155040030575914,31.89940121307797,509.6577702628447,24.939006867550972,379.2220382490528,55.001605983566115,0.0010195519554781563,5.097759777390781,322.42705098312484,0.36334297637431573,BEARING,BEARING,0.4,0.6,True
1.72,1.72,AEROTWIN-4-001,IDLE,0.15,1145.155140353307,302.42816713138893,23.76185308653449,23.930566263018374,19.921073323884304,3.3568565534709727,0.6526363856630972,-1.3665829054224201,-0.2158734010546131,25.728895970550017,-0.2158734010546131,31.914791357186747,509.63197323317337,24.93869197355738,379.6386429815184,55.06202950075346,0.0010215698118226327,5.107849059113164,322.42705098312484,0.06900146067276501,BEARING,BEARING,0.4,0.6,True
1.73,1.73,AEROTWIN-4-001,IDLE,0.15,1136.4188937749313,371.1374755525874,23.76334210415028,4.992537490413347,19.93191929305131,3.357770244410901,-18.29715204704886,5.73707283089691,-0.3127614833045337,-0.21588692858951455,-0.21588692858951455,31.930014581515717,509.6069546767812,24.938377343712073,379.65393697197595,55.06424771054145,0.0010216440084029794,5.108220042014897,322.42705098312484,0.39454679864420367,BEARING,BEARING,0.4,0.6,True
1.74,1.74,AEROTWIN-4-001,IDLE,0.15,1147.491198164652,439.32260917908326,23.72146659932359,46.15089736146684,19.628963043884706,3.3321542315450325,23.1897800860371,48.17022444349071,-1.5883140920730676,-0.215506494975398,-0.215506494975398,31.944665288840152,509.57881747862234,24.938059420242865,379.2248420091626,55.002012635324924,0.0010195655147427509,5.097827573713754,322.42705098312484,0.45832868611867383,BEARING,BEARING,0.4,0.6,True
1.75,1.75,AEROTWIN-4-001,IDLE,0.15,1140.48546186696,508.17208106896237,23.774493936709458,8.70516255887052,20.013322425749053,3.364619923665485,-14.672779790544018,9.991431717589185,-0.8542926755900727,-0.21598824156429705,-0.21598824156429705,31.95964230801114,509.5561289837274,24.937745997707328,379.76856514813613,55.080873151955366,0.0010222003777069916,5.111001888534958,322.42705098312484,0.3298365976819612,BEARING,BEARING,0.4,0.6,True
1.76,1.76,AEROTWIN-4-001,IDLE,0.15,1142.736205653316,576.60120878098,23.740992388984978,27.82771998232755,19.769695187483283,3.344078031958723,4.713946762885545,-0.21568388428115334,29.22358587582736,-0.21568388428115334,-0.9644981249375032,31.974128458194176,509.5310052427915,24.937429951444578,379.4246598849971,55.030993820400205,0.001020532586402511,5.102662932012555,322.42705098312484,0.13744475845977944,BEARING,BEARING,0.4,0.6,True
1.77,1.77,AEROTWIN-4-001,IDLE,0.15,1148.5399969204946,645.165381120179,23.75177435422056,35.35391258576291,19.847803023044545,3.3506775574267627,12.155432005291605,-0.21578183705853068,37.347480092871784,-0.21578183705853068,-1.5620038329918067,31.98854531991552,509.50747419985885,24.937114932726868,379.5351928074261,55.04702529440346,0.0010210681591048651,5.1053407955243255,322.42705098312484,0.2690273705096761,BEARING,BEARING,0.4,0.6,True
1.78,1.78,AEROTWIN-4-001,IDLE,0.15,1137.4336568962638,714.0777809354087,23.779494414501958,0.15655422189646317,20.049923211925158,3.3676951622341713,-23.261064152262865,-0.21603367026651288,0.7557964161923791,-0.21603367026651288,-0.16717485376289024,32.003052153876915,509.487018772114,24.93680235012957,379.820013539666,55.08833512376607,0.0010224502452780356,5.112251226390178,322.42705098312484,0.47955423856887525,BEARING,BEARING,0.4,0.6,True
1.79,1.79,AEROTWIN-4-001,IDLE,0.15,1147.7577573501187,62.32380034918447,23.726344485701528,44.62190908627691,19.664033986686427,3.335129672421003,21.622745427169477,-0.2155508099502667,-0.2155508099502667,-1.4316668850054568,46.484677591182894,32.016893849612806,509.4623148700524,24.936485526244457,379.2747175261759,55.0092464805615,0.0010198067653120714,5.099033826560357,322.42705098312484,0.4315142824346455,BEARING,BEARING,0.4,0.6,True
1.8,1.8,AEROTWIN-4-001,IDLE,0.15,1145.2855861682613,131.1892657901916,23.77576520909172,18.210319890428906,20.022621589969685,3.3654015160190403,-5.177703215559819,-0.21599979091155652,-0.21599979091155652,-1.2191108649005085,19.861430337152527,32.0310315411964,509.4426531800226,24.93617291631614,379.781641990381,55.08276979100088,0.0010222638785533057,5.111319392766529,322.42705098312484,0.16352608331607732,BEARING,BEARING,0.4,0.6,True
1.81,1.81,AEROTWIN-4-001,IDLE,0.15,1140.0164803476791,199.90640096028727,23.763965331449878,12.259023789961265,19.936460483062223,3.3581527315172566,-11.035589424618214,-0.5513107594404532,-0.21589259052994927,13.242119730461615,-0.21589259052994927,32.044892958962826,509.42242353030844,24.935859467583693,379.66033905836724,55.06517625634747,0.0010216750696930273,5.108375348465136,322.42705098312484,0.26739785339096633,BEARING,BEARING,0.4,0.6,True
1.82,1.82,AEROTWIN-4-001,IDLE,0.15,1149.9400487351274,268.307389781148,23.738743530409813,43.880015386578705,19.75343945132044,3.3427029063227907,20.783873028935474,-1.6167701624042823,-0.21566345368816284,45.928112456359315,-0.21566345368816284,32.05835877369371,509.4004414336283,24.935544079596887,379.40162294283016,55.0276525883822,0.0010204210194209784,5.102105097104892,322.42705098312484,0.41838618697843694,BEARING,BEARING,0.4,0.6,True
1.83,1.83,AEROTWIN-4-001,IDLE,0.15,1141.026307658292,337.30379270525566,23.786163556293786,4.801738746706556,20.098834073468907,3.3718003285633005,-18.668895655325652,-0.625341626663706,-0.21609425856808492,5.859268890506432,-0.21609425856808492,32.07210414376306,509.38326184724554,24.93523275944164,379.8886778652947,55.098294060226614,0.0010227838724843662,5.113919362421831,322.42705098312484,0.398419623339429,BEARING,BEARING,0.4,0.6,True
1.84,1.84,AEROTWIN-4-001,IDLE,0.15,1146.9135773449168,405.76537116475316,23.743584887844893,35.46438284151144,19.788450168730616,3.3456638746458447,12.330268798134977,37.054937950416615,-1.1591402353006846,-0.21570743680225019,-0.21570743680225019,32.08529525108468,509.3626915757751,24.934918049363215,379.45122453535873,55.03484670415936,0.001020661261705138,5.10330630852569,322.42705098312484,0.27105609930877655,BEARING,BEARING,0.4,0.6,True
1.85,1.85,AEROTWIN-4-001,IDLE,0.15,1149.725157503666,474.5801858054482,23.771738291351163,29.244664964939716,19.993178999506174,3.3629262509632336,5.888559714470308,31.149536059596773,-1.4729446809008704,-0.2159632068780952,-0.2159632068780952,32.098589629972466,509.3451586766714,24.93460580862508,379.74022618061764,55.07676292478442,0.0010220627853639243,5.110313926819622,322.42705098312484,0.16188328724369494,BEARING,BEARING,0.4,0.6,True
1.86,1.86,AEROTWIN-4-001,IDLE,0.15,1138.7715174064047,543.5636952556681,23.78514037175383,0.5212430309511584,20.091322969469296,3.371170234563492,-22.94125017308163,-0.21608496306719352,1.0541487200409374,-0.21608496306719352,-0.10073576295539192,32.111850644314785,509.32926906297047,24.93429482516828,379.878139798104,55.096765640037404,0.0010227326590171416,5.113663295085709,322.42705098312484,0.47330434147788547,BEARING,BEARING,0.4,0.6,True
1.87,1.87,AEROTWIN-4-001,IDLE,0.15,1149.972201280048,611.8899863000524,23.73276992592655,46.50802917937895,19.710319246644495,3.3390524843211775,23.458657448413277,-0.21560918425422343,48.47620913290997,-0.21560918425422343,-1.5369615850225755,32.12447742754403,509.30908227242753,24.933979645577686,379.3404596531626,55.0187815871754,0.0010201249010583,5.100624505291501,322.42705098312484,0.46444622757447107,BEARING,BEARING,0.4,0.6,True
1.8800000000000001,1.8800000000000001,AEROTWIN-4-001,IDLE,0.15,1144.7151631222016,680.8883183768553,23.786316633629436,12.461537657574983,20.099958023713878,3.371894604748956,-11.010314970887851,-0.2160956492561323,13.916132604378092,-0.2160956492561323,-1.022403648290844,32.13744366704826,509.2942004447369,24.933669042188136,379.890254562478,55.098522741232685,0.0010227915353438486,5.113957676719243,322.42705098312484,0.26437672673871065,BEARING,BEARING,0.4,0.6,True
1.8900000000000001,1.8900000000000001,AEROTWIN-4-001,IDLE,0.15,1143.7825652736822,29.571228164187346,23.76123959478114,21.319858045588738,19.916606248240505,3.356480163789713,-1.95322836644148,-0.21586782756037293,-0.21586782756037293,-0.7989891766014864,22.55058287731097,32.150028243763565,509.2774376463851,24.933356490173253,379.6323424687705,55.06111568698554,0.0010215392482414935,5.107696241207468,322.42705098312484,0.1087695583926861,BEARING,BEARING,0.4,0.6,True
1.9000000000000001,1.9000000000000001,AEROTWIN-4-001,IDLE,0.15,1151.506468638207,98.19818208060828,23.756780753181904,39.41481842693845,19.884167404842454,3.353745644076695,16.176905378019303,-0.21582731955380938,-0.21582731955380938,-1.6021629560871835,41.44863602213326,32.16242443097439,509.26069423319996,24.93304370878781,379.5865641850619,55.05447609627301,0.0010213172221340803,5.106586110670402,322.42705098312484,0.3400349069228707,BEARING,BEARING,0.4,0.6,True
1.9100000000000001,1.9100000000000001,AEROTWIN-4-001,IDLE,0.15,1141.040953840522,167.2885701989007,23.793616998441525,1.6110980122939207,20.153627636983277,3.376393311605922,-21.91892293629528,-0.21616197213824026,-0.21616197213824026,-0.3567334110738623,2.4001553676442633,32.17500923023672,509.2476796496435,24.932734138372034,379.9654817549027,55.10943354276758,0.001023157248034586,5.1157862401729295,322.42705098312484,0.4544304146736929,BEARING,BEARING,0.4,0.6,True
1.92,1.92,AEROTWIN-4-001,IDLE,0.15,1149.9787392014803,235.751027429332,23.743655078743227,41.853918885720866,19.788958179992708,3.3457068194951085,18.719253886233048,-1.3372819508578464,-0.21570807447759863,43.6226169855339,-0.21570807447759863,32.186993810915205,509.23050521004836,24.932420550986347,379.451943874905,55.03495103572847,0.0010206647464352525,5.103323732176262,322.42705098312484,0.38287216100996113,BEARING,BEARING,0.4,0.6,True
1.93,1.93,AEROTWIN-4-001,IDLE,0.15,1149.4678476285037,304.74975178142085,23.786347760038097,22.402091539043283,20.100186572403597,3.3719137749358348,-1.0700088082961488,-1.3316632085649458,-0.21609593203558036,24.165946611679388,-0.21609593203558036,32.19922230632064,509.2175906108835,24.932110651781457,379.8905751681298,55.09856924123521,0.0010227930935207963,5.113965467603982,322.42705098312484,0.09041776265045529,BEARING,BEARING,0.4,0.6,True
1.94,1.94,AEROTWIN-4-001,IDLE,0.15,1141.5973379087143,373.7178226391311,23.78391500056111,6.9687898033587885,20.08233105121943,3.37041576260422,-16.483957010464863,7.785236140888322,-0.3842986760767738,-0.21607383072637973,-0.21607383072637973,32.211284454612134,509.2047799231665,24.931800688342815,379.8655210416101,55.09493544083305,0.0010226713389286947,5.113356694643474,322.42705098312484,0.36044358482122474,BEARING,BEARING,0.4,0.6,True
1.95,1.95,AEROTWIN-4-001,IDLE,0.15,1152.3474913579753,442.21366291365393,23.746320953850077,45.670668467558706,19.808261510661705,3.347338222789569,22.51506873410743,47.70520765260462,-1.603074597820852,-0.21573229361252919,-0.21573229361252919,32.22286725372895,509.1889164270482,24.93148773830318,379.4792690188485,55.03891421995575,0.0010207971327206979,5.103985663603489,322.42705098312484,0.4496341771868838,BEARING,BEARING,0.4,0.6,True
1.96,1.96,AEROTWIN-4-001,IDLE,0.15,1144.5578504517005,511.3545123951325,23.79761523792151,7.247351046108379,20.183077490594794,3.3788593190173195,-16.314585763503736,8.457070359703396,-0.7773227223282825,-0.21619829563336634,-0.21619829563336634,32.234773808964576,509.17805672695397,24.931179205041637,380.0067097231309,55.11541316482346,0.0010233577611584435,5.1167888057922175,322.42705098312484,0.3558896814078198,BEARING,BEARING,0.4,0.6,True
1.97,1.97,AEROTWIN-4-001,IDLE,0.15,1148.1834497685172,580.0279834222345,23.760487682556924,30.860588889897517,19.91113253856775,3.356018898948414,7.593437452381354,-0.21586099653383028,32.333562277708275,-0.21586099653383028,-1.0412513947430952,32.24620693447986,509.16413010183084,24.930867706606904,379.6246210096359,55.059995781995575,0.0010215017936413668,5.107508968206834,322.42705098312484,0.19029274263495774,BEARING,BEARING,0.4,0.6,True
1.98,1.98,AEROTWIN-4-001,IDLE,0.15,1152.7684554934472,648.9189904083455,23.777794899072447,33.006939989611176,20.03747674349168,3.366649711381748,9.602813534737749,-0.21601823038585302,34.97159006448338,-0.21601823038585302,-1.5326136141004945,32.25765987434918,509.1521054706144,24.930557790107944,379.80252432039555,55.08579852238153,0.0010223652953729352,5.111826476864676,322.42705098312484,0.22765279705572167,BEARING,BEARING,0.4,0.6,True
1.99,1.99,AEROTWIN-4-001,IDLE,0.15,1141.5108279473877,718.0850977379523,23.799615573429236,0.0,20.19782634670308,3.380093650330381,-23.57791999703346,-0.216216468426024,0.13875071147092072,-0.216216468426024,-0.05418675694920978,32.269172945192906,509.14234645763196,24.930249844556272,380.02734364273687,55.11840586725527,0.0010234581374445897,5.117290687222948,322.42705098312484,0.48276521268171463,BEARING,BEARING,0.4,0.6,True
2.0,2.0,AEROTWIN-4-001,IDLE,0.15,1152.3330918402874,66.57574741479561,23.74590651913318,45.81844055061592,19.80525949418568,3.347084562334534,22.666096494095704,-0.2157285285260468,-0.2157285285260468,-1.4846217868444698,47.73451939451248,32.28007273892291,509.1280067224543,24.929937553780448,379.4750205150411,55.03829802546053,0.0010207765475800823,5.1038827379004115,322.42705098312484,0.4522250227385536,BEARING,BEARING,0.4,0.6,True
2.0100000000000002,2.0100000000000002,AEROTWIN-4-001,IDLE,0.15,1148.4566596794398,135.71573292521285,23.797546803303415,15.442609650847706,20.182573085859772,3.378817097426268,-8.118780532438334,-0.21619767391359962,-0.21619767391359962,-1.1321494996625379,17.007154498337442,32.29130222158029,509.11866359375307,24.929629713549264,380.00600389170853,55.11531079244562,0.0010233543278216762,5.116771639108381,322.42705098312484,0.21247105185634463,BEARING,BEARING,0.4,0.6,True
2.02,2.02,AEROTWIN-4-001,IDLE,0.15,1145.2217614857943,204.62313250597924,23.779097219875844,16.639309572465887,20.047013701296926,3.3674508046808542,-6.775154933511893,-0.6750634588903691,-0.21603006180405387,17.746433154964368,-0.21603006180405387,32.30223500614539,509.1078927152004,24.929320462402355,379.8159258093352,55.087742247534365,0.00102243038907682,5.1121519453841,322.42705098312484,0.19109672504390351,BEARING,BEARING,0.4,0.6,True
2.0300000000000002,2.0300000000000002,AEROTWIN-4-001,IDLE,0.15,1154.0860412499092,273.3364381951269,23.7636604055579,41.85750821159945,19.93423849962005,3.3579655877739376,18.565304124205465,-1.616429162645495,-0.21588982031715773,43.905717014879265,-0.21588982031715773,32.312902687033734,509.09600472367146,24.92901006110965,379.6572066561957,55.06472193900131,0.0010216598718928041,5.108299359464021,322.42705098312484,0.38270192292793886,BEARING,BEARING,0.4,0.6,True
2.04,2.04,AEROTWIN-4-001,IDLE,0.15,1144.2233904435159,342.5816006701215,23.805872432478353,2.9716934302452973,20.24402396222165,3.383957013547825,-20.656287545524176,-0.48555609383657755,-0.21627331119152438,3.8897961464649233,-0.21627331119152438,32.323817894033006,509.0882129089725,24.928703341987948,380.0919165065524,55.12777138627735,0.001023772358281972,5.11886179140986,322.42705098312484,0.43090729079142,BEARING,BEARING,0.4,0.6,True
2.05,2.05,AEROTWIN-4-001,IDLE,0.15,1151.877277107968,411.23500409673244,23.758888763719,39.28479842527048,19.89949746998518,3.355038210984091,16.030262744301208,40.978740969154536,-1.2622496027633376,-0.21584647056035944,-0.21584647056035944,32.33418984591614,509.0763890392954,24.928392820159775,379.60820383073684,55.05761466720241,0.0010214221657022162,5.107110828511081,322.42705098312484,0.33773501704333114,BEARING,BEARING,0.4,0.6,True
2.06,2.06,AEROTWIN-4-001,IDLE,0.15,1152.7483449857975,480.34764072321053,23.795380137051342,25.368450357689962,20.166609481685892,3.3774805788261126,1.8243602971779573,27.199979050756557,-1.3991727130118587,-0.21617799002736895,-0.21617799002736895,32.34476026227775,509.06814100350215,24.928085493553855,379.9836599842198,55.11207007679127,0.0010232456507740988,5.116228253870494,322.42705098312484,0.09377551981853502,BEARING,BEARING,0.4,0.6,True
2.07,2.07,AEROTWIN-4-001,IDLE,0.15,1143.3314027843091,549.5125414223584,23.799520026622712,3.8543586914268557,20.19712163450133,3.3800346832421617,-19.722797626316634,-0.21621560039548743,4.554783976088483,-0.21621560039548743,-0.2679940838706526,32.35524221253948,509.0604724834085,24.927778654749083,380.0263579431676,55.11826290336115,0.0010234533420402812,5.117266710201407,322.42705098312484,0.4153116957765498,BEARING,BEARING,0.4,0.6,True
2.08,2.08,AEROTWIN-4-001,IDLE,0.15,1154.3854662509489,618.112425589417,23.754622600351208,46.372483120009726,19.868483967370732,3.352422766565318,23.151576386073675,-0.2158077130109248,48.38794428580158,-0.2158077130109248,-1.583845739770006,32.36520761486393,509.0489598439451,24.927468192373752,379.5644153639714,55.05126367555969,0.0010212098267127346,5.1060491335636735,322.42705098312484,0.46181917170536363,BEARING,BEARING,0.4,0.6,True
2.09,2.09,AEROTWIN-4-001,IDLE,0.15,1147.444039193779,687.3755535644739,23.80729346724635,9.101273998295053,20.254529856945492,3.3848349735058214,-14.53809083215626,-0.21628622111093457,10.40839466979385,-0.21628622111093457,-0.8745482292769282,32.375516059443854,509.04247247623977,24.927162289547088,380.1065888115992,55.129899428056724,0.0010238437765345892,5.119218882672946,322.42705098312484,0.32367296280491,BEARING,BEARING,0.4,0.6,True
2.1,2.1,AEROTWIN-4-001,IDLE,0.15,1149.424840331478,36.222195916100645,23.774269000356842,27.524739314164112,20.011677466211573,3.3644816463408027,4.148580201611736,-0.21598619804625646,-0.21598619804625646,-0.957226368952707,28.91393807920933,32.38541369634855,509.03317239541684,24.926853742768664,379.76625156332926,55.08053759424215,0.0010221891436301936,5.110945718150969,322.42705098312484,0.1317552038354803,BEARING,BEARING,0.4,0.6,True
2.11,2.11,AEROTWIN-4-001,IDLE,0.15,1155.1240947706046,105.18768633598934,23.78371016674817,35.387608563206946,20.08082831998451,3.3702896586230593,11.936490584599378,-0.21607196983734514,-0.21607196983734514,-1.563938889899454,37.38369139278109,32.395276793853384,509.02495373138777,24.92654612678929,379.8634118618267,55.094629529615624,0.0010226610900518876,5.113305450259438,322.42705098312484,0.2692459051654291,BEARING,BEARING,0.4,0.6,True
2.12,2.12,AEROTWIN-4-001,IDLE,0.15,1143.8665462022477,174.49513202222562,23.810797556728303,0.08970385378729806,20.28045769486617,3.3870007454414983,-23.577754586520367,-0.21631805531642834,-0.21631805531642834,-0.1556359573091508,0.6779759217293055,32.40525983469275,509.0193830715762,24.926240937504254,380.1427795390495,55.13514845878466,0.0010240199696505427,5.120099848252714,322.42705098312484,0.4814576500992587,BEARING,BEARING,0.4,0.6,True
2.13,2.13,AEROTWIN-4-001,IDLE,0.15,1154.2265544218653,243.1271247943605,23.75718239988543,44.93902982154513,19.887087456604082,3.3539918890203695,21.697950475920674,-1.4439279885722098,-0.2158309684628232,46.81461974704299,-0.2158309684628232,32.41465955149291,509.00912701458776,24.925931376826945,379.5906868494457,55.05507403926991,0.001021337214097759,5.106686070488796,322.42705098312484,0.43670392998746094,BEARING,BEARING,0.4,0.6,True
2.14,2.14,AEROTWIN-4-001,IDLE,0.15,1151.2914703309073,312.3807180596724,23.806539330336154,17.486097068758994,20.248953794286944,3.3843690196866585,-6.147225745214609,-1.1982129446449528,-0.2162793698734039,19.116868753150758,-0.2162793698734039,32.42437580850499,509.00356736254673,24.925626103853492,380.09880197202517,55.12877004041859,0.001023805872709838,5.11902936354919,322.42705098312484,0.17692086944208077,BEARING,BEARING,0.4,0.6,True
2.15,2.15,AEROTWIN-4-001,IDLE,0.15,1146.597970069557,381.45820627952685,23.79259449168598,13.691821496401687,20.14610255321159,3.375762903643358,-9.830043960453262,14.717178137608709,-0.5930512756171534,-0.21615268279493371,-0.21615268279493371,32.4338559794026,508.9968888086249,24.925319788765492,379.95494130700604,55.10790477728554,0.0010231059940735078,5.115529970367539,322.42705098312484,0.24299379741327143,BEARING,BEARING,0.4,0.6,True
2.16,2.16,AEROTWIN-4-001,IDLE,0.15,1156.0768391408014,450.2540844837003,23.77023213226215,43.19667488265689,19.982177081517506,3.3620008420987233,19.852496959040664,45.24817943147268,-1.6196055015855786,-0.2159495236150984,-0.2159495236150984,32.44303143133133,508.98836571843907,24.925011731185315,379.7247407954695,55.0745169554933,0.0010219876123487431,5.109938061743716,322.42705098312484,0.4060609551315116,BEARING,BEARING,0.4,0.6,True
2.17,2.17,AEROTWIN-4-001,IDLE,0.15,1146.6515966945037,519.6186948321483,23.815314580771783,3.963538784326987,20.313926064880125,3.3897943378413804,-19.740181618394516,4.9613861693616945,-0.5651292012285714,-0.2163590919030683,-0.2163590919030683,32.452487877092445,508.984118077967,24.92470761922683,380.1894545087457,55.14191810303946,0.001024247273666143,5.121236368330715,322.42705098312484,0.41377154980102215,BEARING,BEARING,0.4,0.6,True
2.18,2.18,AEROTWIN-4-001,IDLE,0.15,1153.3763461296176,588.4177906338185,23.77048807708098,37.4304866316628,19.98404626636324,3.362158083575628,14.084282281723933,-0.21595184884109497,39.07388701507578,-0.21595184884109497,-1.2114966857307878,32.46144608735227,508.9759372388869,24.924399857877717,379.7273720653371,55.07489858961236,0.0010220003851080443,5.110001925540222,322.42705098312484,0.3051496875729622,BEARING,BEARING,0.4,0.6,True
2.19,2.19,AEROTWIN-4-001,IDLE,0.15,1155.106687131329,657.6203714015955,23.802503042650976,27.22502764471619,20.219133846491903,3.3818760787700417,3.6240177194542436,-0.21624270071519217,29.094508717771493,-0.21624270071519217,-1.4369956716249204,32.47057353305606,508.970842956256,24.924094933773986,380.0571372666712,55.12272707488346,0.0010236030990410903,5.118015495205452,322.42705098312484,0.12618328660730008,BEARING,BEARING,0.4,0.6,True
2.2,2.2,AEROTWIN-4-001,IDLE,0.15,1144.8659193637693,6.926772629475295,23.810714996181584,2.218582295769817,20.27984644931534,3.3869497035772778,-21.448213857122802,-0.21631730526440385,-0.21631730526440385,-0.1956601576736734,2.8468770639722987,32.47966372656569,508.9666176054059,24.923790844690146,380.1419266667744,55.13502475989562,0.0010240158169396675,5.120079084698338,322.42705098312484,0.44420034011829385,BEARING,BEARING,0.4,0.6,True
2.21,2.21,AEROTWIN-4-001,IDLE,0.15,1155.9946745414477,75.61872779130145,23.76196008714784,46.58678507627145,19.921852532231497,3.3569222041773057,23.308010339862644,-0.2158743731415221,-0.2158743731415221,-1.5683236454482334,48.58685746800273,32.488229391770204,508.9581089878552,24.92348278070005,379.6397419161752,55.062188888038214,0.001021575142864782,5.107875714323909,322.42705098312484,0.4654840451462425,BEARING,BEARING,0.4,0.6,True
2.22,2.22,AEROTWIN-4-001,IDLE,0.15,1149.5966600053562,144.9784082637883,23.814925159102323,10.30062177730107,20.311038668078538,3.3895534186531133,-13.399970309430582,-0.21635555405692788,-0.21635555405692788,-0.9312242004248917,11.664557085839817,32.49714660982853,508.95458255224804,24.923179326675204,380.18542956624316,55.14133433342877,0.0010242276694111205,5.121138347055603,322.42705098312484,0.3028634563762344,BEARING,BEARING,0.4,0.6,True
2.23,2.23,AEROTWIN-4-001,IDLE,0.15,1150.55238934931,213.9542078641097,23.78452846510664,25.459300578029513,20.08683226061912,3.3707934602199106,2.001674857190484,-0.905151445875628,-0.2160794039734404,26.796610831852025,-0.2160794039734404,32.50569814006945,508.9484022713013,24.92287343247859,379.87183821146044,55.0958516705138,0.0010227020361238772,5.113510180619387,322.42705098312484,0.09549103214793156,BEARING,BEARING,0.4,0.6,True
2.24,2.24,AEROTWIN-4-001,IDLE,0.15,1156.8759935451073,282.9873512250683,23.789078265792448,36.73796640697813,20.120244944806977,3.3735958050199772,13.244125657151177,-1.5794422905801988,-0.21612073833169054,38.749650174221706,-0.21612073833169054,32.5141874393794,508.94278609566845,24.92256806000166,379.9187043226977,55.10264903755543,0.0010229298184521371,5.114649092260686,322.42705098312484,0.29281498084590135,BEARING,BEARING,0.4,0.6,True
2.25,2.25,AEROTWIN-4-001,IDLE,0.15,1145.7610283267475,352.39991083777477,23.81910095599563,0.45502921138065977,20.342020347044905,3.392137580939989,-23.279128716604234,-0.214648168011208,-0.21639349063848104,1.1024643606688298,-0.21639349063848104,32.52283268288245,508.94002044051035,24.92226537584728,380.22859916966513,55.147595566369894,0.0010244379652695455,5.122189826347728,322.42705098312484,0.4752593624422842,BEARING,BEARING,0.4,0.6,True
2.2600000000000002,2.2600000000000002,AEROTWIN-4-001,IDLE,0.15,1155.7738511150694,421.1455725373796,23.76623633013793,44.28337016558153,19.95301635585193,3.3595468007367426,20.970807008992857,46.13350138929419,-1.4183047791865808,-0.21591322226303822,-0.21591322226303822,32.53092655946915,508.93256037020905,24.92195835400047,379.68367181740086,55.06856039305219,0.0010217882867457452,5.1089414337287264,322.42705098312484,0.4251245564145369,BEARING,BEARING,0.4,0.6,True
2.27,2.27,AEROTWIN-4-001,IDLE,0.15,1153.38151962653,490.4920036042838,23.81387844164295,18.681698170600036,20.30327959294878,3.3889059305493325,-5.0104873528980765,20.348368491885775,-1.2339782317608057,-0.2163460447624686,-0.2163460447624686,32.53932865195203,508.9295780114317,24.921655499710553,380.17461195259585,55.139765368380594,0.0010241749830007354,5.120874915003677,322.42705098312484,0.15617005100759412,BEARING,BEARING,0.4,0.6,True
2.2800000000000002,2.2800000000000002,AEROTWIN-4-001,IDLE,0.15,1147.88421248488,559.6948947818756,23.802527611072616,12.08767332813871,20.21931523370602,3.3818912482552754,-11.513533153822586,-0.21624292391616554,13.066731605249599,-0.21624292391616554,-0.5465724292785584,32.54753466786878,508.92564492670016,24.921351815744465,380.05739081396734,55.1227638488762,0.0010236043328173362,5.118021664086681,322.42705098312484,0.271299202153172,BEARING,BEARING,0.4,0.6,True
2.29,2.29,AEROTWIN-4-001,IDLE,0.15,1157.6541265103658,628.5679475309685,23.77636821048907,43.85486623753822,20.027033849918737,3.365772301839924,20.462060085779555,-0.21600526910225207,45.906410299738134,-0.21600526910225207,-1.6195335239954138,32.55542283315734,508.9194541803119,24.92104605545232,379.7878454052825,55.083669521891366,0.0010222940043366985,5.111470021683493,322.42705098312484,0.4175080603542421,BEARING,BEARING,0.4,0.6,True
2.3000000000000003,2.3000000000000003,AEROTWIN-4-001,IDLE,0.15,1148.4748269963454,698.0271951215905,23.822785567998988,4.538733515240555,20.369394274845217,3.3944191859600155,-19.225079945564676,-0.21642696486803017,5.578935293634776,-0.21642696486803017,-0.6073478486581603,32.56361024018216,508.91760530859426,24.9207443750147,380.26670894955004,55.15312293262484,0.0010246236677639642,5.123118338819821,322.42705098312484,0.40388107104522947,BEARING,BEARING,0.4,0.6,True
2.31,2.31,AEROTWIN-4-001,IDLE,0.15,1154.6679915876014,46.93568474137123,23.77918380943092,36.38608561185659,20.047647949578693,3.367504074036225,12.970933588241676,-0.21603084845910478,-0.21603084845910478,-1.1837210874208892,38.00186839619569,32.57133250551074,508.91186867316355,24.920439125002282,379.8168169297131,55.08787149385173,0.001022434717654208,5.11217358827104,322.42705098312484,0.28677173372503245,BEARING,BEARING,0.4,0.6,True
2.32,2.32,AEROTWIN-4-001,IDLE,0.15,1156.8329375592386,116.21576423662731,23.808634008346687,28.1843609148429,20.264445293840247,3.385663381059763,4.534252239942893,-0.21629839975565263,-0.21629839975565263,-1.4553695050661921,30.072327219420398,32.579211316597366,508.9089296670149,24.920136509785483,380.1204323080985,55.131907261101986,0.001023911167541982,5.11955583770991,322.42705098312484,0.14290083111834023,BEARING,BEARING,0.4,0.6,True
2.33,2.33,AEROTWIN-4-001,IDLE,0.15,1146.2162100537735,185.6257404901816,23.81889701512522,1.4968954618760608,20.34050621856939,3.392011334195683,-22.235622090889013,-0.1590965453235134,-0.21639163786171534,2.0887752829230046,-0.21639163786171534,32.58708346651425,508.90699197000777,24.919834907947642,380.22649031337835,55.14728970207177,0.001024427690675957,5.122138453379785,322.42705098312484,0.4570219142686595,BEARING,BEARING,0.4,0.6,True
2.34,2.34,AEROTWIN-4-001,IDLE,0.15,1157.3437570704118,254.39871309340805,23.768409805853285,46.63523459377975,19.968873157214265,3.3608814632684383,23.305479973297047,-1.5598293555645892,-0.21593296801237327,48.62692988536909,-0.21593296801237327,32.59443916692772,508.900552689352,24.919529159063682,379.70600846287994,55.07180005543918,0.0010218966886885003,5.109483443442502,322.42705098312484,0.4662569227706319,BEARING,BEARING,0.4,0.6,True
2.35,2.35,AEROTWIN-4-001,IDLE,0.15,1151.2039435018007,323.83933851763277,23.821316163898743,10.892787253931257,20.35847358640653,3.3935091352310547,-12.859195467706327,-0.9577138064174657,-0.216413615519413,12.283328291387548,-0.216413615519413,32.60215107717143,508.8990433394341,24.91922803914298,380.25150893426786,55.15091835280834,0.001024549594487271,5.122747972436356,322.42705098312484,0.292650618030919,BEARING,BEARING,0.4,0.6,True
2.36,2.36,AEROTWIN-4-001,IDLE,0.15,1151.6713503198166,392.91157512774083,23.792178177653714,24.497480270484555,20.143039458430668,3.3755062615762657,0.9789345504776219,25.810602234757706,-0.8808241630029288,-0.21614890063511122,-0.21614890063511122,32.60952712275989,508.8949403745919,24.9189245706158,379.95065012799546,55.10728239326421,0.0010230851289311342,5.115425644655671,322.42705098312484,0.07857058890454907,BEARING,BEARING,0.4,0.6,True
2.37,2.37,AEROTWIN-4-001,IDLE,0.15,1158.255089720473,462.01185614692986,23.7944010459555,37.32522788363873,20.15939955752352,3.3768767699469344,13.788951556168277,39.34333590122717,-1.5857698273688685,-0.2161690951097869,-0.2161690951097869,32.61683455333179,508.89114030107845,24.91862142748047,379.9735649322176,55.110605910638974,0.0010231965559635782,5.115982779817891,322.42705098312484,0.303030452097997,BEARING,BEARING,0.4,0.6,True
2.38,2.38,AEROTWIN-4-001,IDLE,0.15,1147.1992343545696,531.5071615301582,23.82562978513976,0.6314001183996564,20.39054814738975,3.39618130212557,-23.155329331115663,1.3040582532668368,-0.23975252643204892,-0.21645280421756577,-0.21645280421756577,32.624316946212815,508.8902568320031,24.91832108848408,380.2961381709619,55.157391288039975,0.0010247671066323826,5.123835533161913,322.42705098312484,0.47232622144791153,BEARING,BEARING,0.4,0.6,True
2.39,2.39,AEROTWIN-4-001,IDLE,0.15,1157.0461697267187,600.3391155914323,23.77310121721905,43.99027653423717,20.003139476164062,3.363763841062008,20.6233732170111,-0.21597558888556806,45.82979930464689,-0.21597558888556806,-1.4075715926385863,32.631272998312426,508.8846572259264,24.918016414212612,379.75424131038034,55.07879565117494,0.0010221308285121907,5.1106541425609535,322.42705098312484,0.4199156629454135,BEARING,BEARING,0.4,0.6,True
2.4,2.4,AEROTWIN-4-001,IDLE,0.15,1154.8556813965095,669.7618857750355,23.81990695597497,19.152893932781698,20.348005399855868,3.3926365635658233,-4.587748030639993,-0.21640081304537234,20.833315223610857,-0.21640081304537234,-1.2476196647384146,32.6385360162794,508.8834177251611,24.917715857844843,380.2369341430443,55.148804454238864,0.0010244785757766016,5.122392878883009,322.42705098312484,0.1480656565452203,BEARING,BEARING,0.4,0.6,True
2.41,2.41,AEROTWIN-4-001,IDLE,0.15,1149.0578613372813,19.05322665882602,23.80952441322294,11.51432152844664,20.2710337487275,3.3862137163229273,-12.142925936603788,-0.21630648897025442,-0.21630648897025442,-0.5295935306438321,12.476528037030981,32.64562625352255,508.88127043120204,24.91741454842518,380.129628571459,55.133241068747274,0.0010239559392977255,5.119779696488628,322.42705098312484,0.2814969685838358,BEARING,BEARING,0.4,0.6,True
2.42,2.42,AEROTWIN-4-001,IDLE,0.15,1158.9097420830165,87.99669833906292,23.781962065345684,44.07095228377565,20.06800788053483,3.3692136200116822,20.633730783229137,-0.21605608855932493,-0.21605608855932493,-1.6194302862268393,46.12249474712114,32.65240422224843,508.87669203956654,24.917111030233396,379.84541370010066,55.0920191122352,0.0010225736402810106,5.112868201405053,322.42705098312484,0.42122468354131215,BEARING,BEARING,0.4,0.6,True
2.43,2.43,AEROTWIN-4-001,IDLE,0.15,1149.7963390445059,157.5312828640439,23.82872665098738,4.724638521926168,20.413604368809562,3.3981008431082027,-19.087066689991598,-0.21648093884834146,-0.21648093884834146,-0.6205084299123728,5.778108829535223,32.659490103234596,508.87645034232725,24.91681164154236,380.3281930798348,55.16204046791308,0.0010249233781192088,5.124616890596044,322.42705098312484,0.4007673192825907,BEARING,BEARING,0.4,0.6,True
2.44,2.44,AEROTWIN-4-001,IDLE,0.15,1155.8241040335595,226.51906320671424,23.785479314053504,36.08971124715276,20.093810825959412,3.3713789497422146,12.624521471451136,-1.1759565672370464,-0.21608804231470533,37.69784389901921,-0.21608804231470533,32.66613345073165,508.87230894335954,24.916508692573778,379.8816305186434,55.09727192716301,0.0010227496229692468,5.113748114846234,322.42705098312484,0.28151220113062664,BEARING,BEARING,0.4,0.6,True
2.45,2.45,AEROTWIN-4-001,IDLE,0.15,1158.0834370967661,295.8685094487278,23.814116658871903,28.426034582065867,20.305045200008895,3.3890532798022464,4.731936102254727,-1.4600221809314777,-0.21634820893557483,30.318753180868494,-0.21634820893557483,32.672934820413744,508.87085440721853,24.916208321532473,380.17707375969644,55.14012242395885,0.0010241869726898421,5.120934863449211,322.42705098312484,0.14706688234322068,BEARING,BEARING,0.4,0.6,True
2.46,2.46,AEROTWIN-4-001,IDLE,0.15,1147.3766221133023,365.3535156745338,23.824817523693792,1.3558819909899933,20.384504864241137,3.395677990345403,-22.42430086359655,1.9402314660425883,-0.1514586252004956,-0.21644542492604973,-0.21644542492604973,32.67974431123569,508.87040452007955,24.91590900517919,380.287732638469,55.156172166418266,0.0010247261346922293,5.123630673461146,322.42705098312484,0.45962870546245355,BEARING,BEARING,0.4,0.6,True
2.47,2.47,AEROTWIN-4-001,IDLE,0.15,1158.4893435040956,434.1961130013319,23.77394742432968,46.6480392220205,20.00932599774656,3.3642839691363675,23.274429255137573,48.638648312285476,-1.5586425371267503,-0.21598327656911287,-0.21598327656911287,32.68605421761665,508.8653772451261,24.9156054856083,379.7629440973751,55.08005788599509,0.0010221730838965645,5.110865419482823,322.42705098312484,0.46641668539394193,BEARING,BEARING,0.4,0.6,True
2.48,2.48,AEROTWIN-4-001,IDLE,0.15,1152.3633487928948,503.70547361157764,23.82673810806296,10.965411691355058,20.398796841687194,3.3968681700935606,-12.830253320425696,12.359328990780392,-0.9609915530457381,-0.21646287318979732,-0.21646287318979732,32.69272385669978,508.8652382469283,24.915306607534717,380.3076087721444,55.159054961094284,0.0010248230229900953,5.1241151149504764,322.42705098312484,0.2915070599537664,BEARING,BEARING,0.4,0.6,True
2.49,2.49,AEROTWIN-4-001,IDLE,0.15,1152.7837694950658,572.8472745391514,23.79769060053741,24.44306584742985,20.18363297241308,3.3789058154449645,0.880527059571806,-0.2161989802931085,25.754963812492925,-0.2161989802931085,-0.8795000044768567,32.69907492047193,508.8624772973806,24.915005374870592,380.0074870162804,55.11552590186727,0.0010233615421230996,5.1168077106154986,322.42705098312484,0.07755457238357084,BEARING,BEARING,0.4,0.6,True
2.5,2.5,AEROTWIN-4-001,IDLE,0.15,1159.3506213192265,642.0143007088553,23.799688330653392,37.33208384002741,20.19836298803537,3.380138553328365,13.753582298663673,-0.21621712941611484,39.350625895124594,-0.21621712941611484,-1.5861077962649563,32.70536725429196,508.85996555187256,24.914704448468452,380.02809424330223,55.11851473286007,0.0010234617891212243,5.117308945606122,322.42705098312484,0.3030892938941831,BEARING,BEARING,0.4,0.6,True
2.5100000000000002,2.5100000000000002,AEROTWIN-4-001,IDLE,0.15,1148.26824807034,711.5753379880089,23.83081140068291,0.6176643623573967,20.429139049172356,3.399393568546494,-23.210868255361454,-0.2164998785331162,1.2885576999342374,-0.2164998785331162,-0.2378935805106083,32.71184116871087,508.8603309650697,24.914406329786786,380.34977859388516,55.16517118769992,0.0010250286305797944,5.125143152898972,322.42705098312484,0.47268836537257336,BEARING,BEARING,0.4,0.6,True
2.52,2.52,AEROTWIN-4-001,IDLE,0.15,1158.1249527563118,60.47143287222923,23.778199138761117,44.05116893403612,20.040436561011365,3.366898352988988,20.64383402003577,-0.21602190285180578,-0.21602190285180578,-1.4097212477350713,45.892933987474805,32.717807369919,508.85593765440166,24.914103845199676,379.8066839138248,55.086401821493325,0.0010223854986592751,5.111927493296376,322.42705098312484,0.42092211390131085,BEARING,BEARING,0.4,0.6,True
2.5300000000000002,2.5300000000000002,AEROTWIN-4-001,IDLE,0.15,1155.856512860128,129.95893003760796,23.825013985618824,19.030756713971527,20.385966401995233,3.3957997206170383,-4.751009408640744,-0.21644720975755175,-0.21644720975755175,-1.2443090144114912,20.70796014789812,32.7240857091187,508.8558784785086,24.913805498463955,380.28976561145174,55.15646702475374,0.0010247360439890596,5.123680219945298,322.42705098312484,0.15032301335011514,BEARING,BEARING,0.4,0.6,True
2.54,2.54,AEROTWIN-4-001,IDLE,0.15,1150.1516841940847,199.31032080921563,23.814270283849506,11.747166995288591,20.30618390599704,3.389148307444941,-11.948165218153392,-0.536575787736107,-0.21634960459887942,12.716441992222455,-0.21634960459887942,32.73020136574922,508.85484859348594,24.913506362301888,380.17866140298497,55.14035269256613,0.0010241947050709582,5.120973525354791,322.42705098312484,0.2775335436108916,BEARING,BEARING,0.4,0.6,True
2.5500000000000003,2.5500000000000003,AEROTWIN-4-001,IDLE,0.15,1159.9332840607697,268.3194218608607,23.787171079610136,43.96518848078627,20.106232750291923,3.3724208761395262,20.48653485435482,-1.6200784260913013,-0.2161034117887597,46.01747373045509,-0.2161034117887597,32.736023769085705,508.85139952901767,24.913205044393987,379.89905588747297,55.099799267807306,0.0010228343120366101,5.114171560183051,322.42705098312484,0.4193134542755352,BEARING,BEARING,0.4,0.6,True
2.56,2.56,AEROTWIN-4-001,IDLE,0.15,1150.7332142024447,337.9154189045069,23.8335655389035,4.582199404451042,20.44967863246605,3.401102024935623,-19.268581252950632,-0.61055947338702,-0.21652489952716442,5.62580867689239,-0.21652489952716442,32.742155999465425,508.8522288053897,24.912907843275363,380.37830333145644,55.16930835858778,0.0010251677444883351,5.125838722441675,322.42705098312484,0.40337374682400373,BEARING,BEARING,0.4,0.6,True
2.57,2.57,AEROTWIN-4-001,IDLE,0.15,1156.9016620917596,406.9594117566536,23.789938729800845,36.4198628383911,20.126569778461096,3.374126011181492,12.919167048748509,38.03683466454312,-1.1847147150773651,-0.21612855553733107,-0.21612855553733107,32.74785966166776,508.84909446277027,24.912607030462063,379.92757055709114,55.103934978459385,0.0010229729196462084,5.1148645982310414,322.42705098312484,0.2872382057403542,BEARING,BEARING,0.4,0.6,True
2.58,2.58,AEROTWIN-4-001,IDLE,0.15,1158.980949249038,476.3735114821592,23.819222535648606,28.089984730613953,20.34292304689152,3.39221284504974,4.354848838672692,29.97681125945106,-1.454037338488899,-0.21639459517410342,-0.21639459517410342,32.753733877536526,508.84868209924036,24.912308862071985,380.2298563921701,55.14777791140757,0.0010244440906792373,5.122220453396187,322.42705098312484,0.14112717256394267,BEARING,BEARING,0.4,0.6,True
2.59,2.59,AEROTWIN-4-001,IDLE,0.15,1148.3983248654781,545.9123684371015,23.829063408922167,1.6502259557707657,20.416113001741692,3.398309633423882,-22.16419667939481,-0.21648399825117717,2.2504396298375324,-0.21648399825117717,-0.16724567756441233,32.75961873494102,508.8491711678661,24.91201167772657,380.3316795046392,55.162546131993864,0.0010249403770500242,5.124701885250121,322.42705098312484,0.45457745347980916,BEARING,BEARING,0.4,0.6,True
2.6,2.6,AEROTWIN-4-001,IDLE,0.15,1159.4925983926505,614.8162679290301,23.778819175045616,46.64804911126978,20.044977213276926,3.3672797580727294,23.23579213992012,-0.2160275358022758,48.64375074785285,-0.2160275358022758,-1.5636465649785187,32.76502657014594,508.84511259932606,24.91171032201294,379.8130644243539,55.087327237979444,0.0010224164902194522,5.112082451097262,322.42705098312484,0.46636032444580655,BEARING,BEARING,0.4,0.6,True
2.61,2.61,AEROTWIN-4-001,IDLE,0.15,1153.180009221229,684.3858238325892,23.831482610179243,10.612896988907472,20.434142965883865,3.3998098670686177,-13.22105584404501,-0.2165059763856812,11.99148384982777,-0.2165059763856812,-0.9455749081489355,32.77079700156836,508.84591018365404,24.91141361811127,380.356729463371,55.1661793279084,0.0010250625270137822,5.125312635068911,322.42705098312484,0.2977875718709581,BEARING,BEARING,0.4,0.6,True
2.62,2.62,AEROTWIN-4-001,IDLE,0.15,1153.9122045685394,33.57662438586294,23.80157058846329,25.12705744666021,20.21225070837179,3.3813003888869546,1.5335063494014647,-0.21623422948796545,-0.21623422948796545,-0.8969152902118923,26.456441195848033,32.776256151340526,508.8439824330146,24.911114472533562,380.0475148463053,55.12133145827843,0.0010235562774635867,5.117781387317934,322.42705098312484,0.08947958083886418,BEARING,BEARING,0.4,0.6,True
2.63,2.63,AEROTWIN-4-001,IDLE,0.15,1160.2369656403826,102.81135665997529,23.80504727959136,36.86792173305961,20.237925822607544,3.383447297776117,13.24654861267595,-0.2162658147829128,-0.2162658147829128,-1.5816147640485785,38.882068126674014,32.78167877114426,508.8424166741472,24.910815759994943,380.0833978811879,55.12653586189173,0.001023730896921017,5.118654484605085,322.42705098312484,0.2949045483542931,BEARING,BEARING,0.4,0.6,True
2.64,2.64,AEROTWIN-4-001,IDLE,0.15,1149.0585871083817,172.42557459839824,23.83500051053811,0.45043909109697605,20.460387875382978,3.401992465833863,-23.411941250119867,-0.21653793606122812,-0.21653793606122812,-0.21407038427323635,1.0975853474926687,32.78727991816962,508.8436006711394,24.910519766384592,380.39316917886606,55.171464471364374,0.0010252402559999916,5.126201279999958,322.42705098312484,0.47571329198028184,BEARING,BEARING,0.4,0.6,True
2.65,2.65,AEROTWIN-4-001,IDLE,0.15,1159.0648063353124,241.36908982490115,23.78196552301902,44.39422552180366,20.068033231363973,3.3692157480836955,20.956976542355992,-1.4222832875891624,-0.21605611997184568,46.24862104933651,-0.21605611997184568,32.79238672649509,508.83996433455025,24.91021934897384,379.8454492960399,55.092024274999034,0.00102257381322372,5.1128690661186,322.42705098312484,0.426881925120864,BEARING,BEARING,0.4,0.6,True
2.66,2.66,AEROTWIN-4-001,IDLE,0.15,1156.4906845326032,310.9129782050199,23.829459968820835,18.426394908482713,20.41906748979766,3.398555515242994,-5.391228096557939,-1.227005950508575,-0.21648760094721842,20.086376060885723,-0.21648760094721842,32.797815587714716,508.8407072860445,24.90992314550437,380.33578523627233,55.16314161909847,0.001024960396117495,5.124801980587476,322.42705098312484,0.16100381682471446,BEARING,BEARING,0.4,0.6,True
2.67,2.67,AEROTWIN-4-001,IDLE,0.15,1151.2036130548067,380.3024192769761,23.817275651906144,12.64626356750179,20.32847238069373,3.3910077959078126,-11.07321660909975,13.64209812642446,-0.5630807429548539,-0.2163769079839077,-0.2163769079839077,32.80308146053729,508.8403284686931,24.909626023058937,380.2097264076219,55.14485829870866,0.0010243460205913864,5.121730102956932,322.42705098312484,0.2618699037637377,BEARING,BEARING,0.4,0.6,True
2.68,2.68,AEROTWIN-4-001,IDLE,0.15,1160.7830126816682,449.3746360602645,23.79217660585907,43.58158084954784,20.143027894526767,3.375505292655073,20.063047662366,45.63489870923491,-1.621020086975963,-0.2161488863555576,-0.2161488863555576,32.808083382844806,508.83769323399923,24.90932687915802,379.9506339270427,55.10728004351042,0.0010230850501579487,5.115425250789744,322.42705098312484,0.4125423672283548,BEARING,BEARING,0.4,0.6,True
2.69,2.69,AEROTWIN-4-001,IDLE,0.15,1151.375081131078,519.0216168211646,23.8375799016298,4.17931891455957,20.479651118383156,3.4035935593823856,-19.703925763205973,5.193934428224255,-0.5814927746648365,-0.21656136949992438,-0.21656136949992438,32.81339144124871,508.8392293371557,24.909031784699266,380.4198973642498,55.17534107391606,0.0010253706484012505,5.126853242006253,322.42705098312484,0.41051855342716154,BEARING,BEARING,0.4,0.6,True
2.7,2.7,AEROTWIN-4-001,IDLE,0.15,1157.9262978261522,588.1041216890293,23.792992154224095,37.24587304405909,20.149028819865805,3.3760080633138974,13.720836160879387,-0.21615629550831356,38.88492071517761,-0.21615629550831356,-1.2067350801018888,32.81827805351339,508.8366950670687,24.908732978227707,379.95904043388066,55.10849930644918,0.0010231259260084025,5.1156296300420125,322.42705098312484,0.301658043051087,BEARING,BEARING,0.4,0.6,True
2.71,2.71,AEROTWIN-4-001,IDLE,0.15,1159.5989147931296,657.5796995585983,23.824073848437635,27.27731134807934,20.37897333032303,3.395217233939128,3.503120783817181,-0.21643866873131015,29.14902048048451,-0.21643866873131015,-1.4388317949425489,32.823355909707324,508.8370318180318,24.908436981554157,380.28003758134196,55.155056090722674,0.001024688628091261,5.123443140456305,322.42705098312484,0.12684953352369777,BEARING,BEARING,0.4,0.6,True
2.72,2.72,AEROTWIN-4-001,IDLE,0.15,1149.341666139204,7.155634446186127,23.8319851840626,2.3552806980136616,20.437890439787427,3.4001216030364723,-21.482731344810237,-0.21651054220523602,-0.21651054220523602,-0.2022722301025516,2.9905740125266855,32.82843716683347,508.83807698606375,24.908141804634138,380.36193435724124,55.166934235305554,0.0010250879101877121,5.1254395509385615,322.42705098312484,0.4423076710755226,BEARING,BEARING,0.4,0.6,True
2.73,2.73,AEROTWIN-4-001,IDLE,0.15,1160.3970176615233,76.11613441453838,23.783314008793745,46.6022421271196,20.07792226438573,3.3700457791537377,23.154274083580134,-0.21606837079291605,-0.21606837079291605,-1.573168026978632,48.60754689568407,32.833069107221775,508.8347000611861,24.907842571625213,379.8593327575155,55.09403790448454,0.0010226412694156204,5.113206347078102,322.42705098312484,0.4655065840975226,BEARING,BEARING,0.4,0.6,True
2.74,2.74,AEROTWIN-4-001,IDLE,0.15,1153.738408975498,145.73995547422976,23.83575666561085,9.922737533748881,20.46603319164207,3.40246176287075,-13.945757420763938,-0.21654480563350784,-0.21654480563350784,-0.9142789590084752,11.270106104024372,32.83806526624046,508.8361455672256,24.907547991841344,380.4010037463311,55.17260078136037,0.001025278474010646,5.12639237005323,322.42705098312484,0.30996584997408766,BEARING,BEARING,0.4,0.6,True
2.75,2.75,AEROTWIN-4-001,IDLE,0.15,1155.0740995924089,214.96426001275964,23.804222215207755,26.412231631501072,20.231830042648774,3.3829377024816805,2.797463886370618,-0.929476126379163,-0.21625831917834318,27.774224396236924,-0.21625831917834318,32.84274960713942,508.83470124617736,24.90725081788572,380.0748810127212,55.12530059232306,0.001023689446694662,5.118447233473311,322.42705098312484,0.11193949927099403,BEARING,BEARING,0.4,0.6,True
2.7600000000000002,2.7600000000000002,AEROTWIN-4-001,IDLE,0.15,1160.9607581187813,284.2687059883042,23.810560437887112,35.99454514603847,20.278702207020352,3.386854151922599,12.328988787095518,-1.5723199676898505,-0.21631590112203467,37.999496915972394,-0.21631590112203467,32.847428984826095,508.8338654719911,24.906954323997848,380.14033006149594,55.13479319145925,0.0010240080429962833,5.120040214981416,322.42705098312484,0.27955682841978197,BEARING,BEARING,0.4,0.6,True
2.77,2.77,AEROTWIN-4-001,IDLE,0.15,1149.6410156606894,353.9263514754311,23.838419300242194,0.18202508237168405,20.48592351072717,3.4041147362245328,-23.708013164580017,-0.1718584521738879,-0.21656899532913218,0.7870215252038363,-0.21656899532913218,32.852275752774084,508.8355734458136,24.906660378820526,380.428597194814,55.176602879941434,0.0010254130956340384,5.127065478170192,322.42705098312484,0.4804909381828367,BEARING,BEARING,0.4,0.6,True
2.7800000000000002,2.7800000000000002,AEROTWIN-4-001,IDLE,0.15,1159.888323640907,422.90481241507246,23.784739693856707,44.92121750211488,20.08838233783807,3.370923517794121,21.461911646482687,46.79612985530956,-1.4427497072753581,-0.21608132295966218,-0.21608132295966218,32.856637647071416,508.8323874020943,24.9063619339881,379.8740134526488,55.096167163145275,0.0010227126066628693,5.113563033314347,322.42705098312484,0.4360721306023467,BEARING,BEARING,0.4,0.6,True
2.79,2.79,AEROTWIN-4-001,IDLE,0.15,1156.8246714586685,492.4981118335269,23.83335306200311,17.432565422717307,20.448093354535033,3.4009701940991968,-6.416498125916922,19.062928600977045,-1.1973172398564271,-0.21652296920165628,-0.21652296920165628,32.861334278789855,508.833672712888,24.906067816443127,380.3761023588781,55.16898913392696,0.001025157009414765,5.125785047073825,322.42705098312484,0.1784873460138507,BEARING,BEARING,0.4,0.6,True
2.8000000000000003,2.8000000000000003,AEROTWIN-4-001,IDLE,0.15,1152.2364182286074,561.907592121047,23.8188578608028,14.122587538306945,20.3402155351632,3.391987096722913,-9.609615093579167,-0.21639128214969588,15.160904413161115,-0.21639128214969588,-0.605534310554777,32.86585943431616,508.8336128971195,24.905772574171166,380.22608544294894,55.147230980474426,0.0010244257181181119,5.12212859059056,322.42705098312484,0.2360713835477035,BEARING,BEARING,0.4,0.6,True
2.81,2.81,AEROTWIN-4-001,IDLE,0.15,1161.482747020212,631.0417772147634,23.797087336918867,42.9231862139124,20.179186842067107,3.3785336355919022,19.36546573625339,-0.21619349972016694,44.97675644176244,-0.21619349972016694,-1.6211832284097007,32.87015836071379,508.83158818250376,24.905475587488215,380.0012651266994,55.11462349144623,0.0010233312777691626,5.116656388845813,322.42705098312484,0.4009636539819863,BEARING,BEARING,0.4,0.6,True
2.82,2.82,AEROTWIN-4-001,IDLE,0.15,1151.7776372438032,700.7307420359762,23.84088373641384,3.5836602373939614,20.504349333670266,3.405645287622657,-20.326334383898963,-0.21659138441705886,4.552919595298758,-0.21659138441705886,-0.5360765890706786,32.87475442431736,508.8335767980927,24.905182528156157,380.4541446372751,55.1803082299011,0.0010255377593046597,5.127688796523299,322.42705098312484,0.42102029496703913,BEARING,BEARING,0.4,0.6,True
2.83,2.83,AEROTWIN-4-001,IDLE,0.15,1158.890336577742,49.83740027060435,23.794906412096694,38.4371117915993,20.163120722317654,3.3771884194851984,14.896802649796447,-0.2161736862966476,-0.2161736862966476,-1.2390273588142628,40.10848652300686,32.878930986412314,508.83135636553055,24.904885620006237,379.9787754311366,55.11136163098119,0.0010232218954935196,5.116109477467598,322.42705098312484,0.32248257445543743,BEARING,BEARING,0.4,0.6,True
2.84,2.84,AEROTWIN-4-001,IDLE,0.15,1159.9672155300607,119.37082046526886,23.8286348740073,26.06637468516747,20.41292073836572,3.3980439431949137,2.255410003606837,-0.21648010506619678,-0.21648010506619678,-1.4149091582765105,27.914244053576375,32.88332504404459,508.83223974349704,24.904591761077988,380.32724294563224,55.16190266234861,0.001024918745578399,5.1245937278919955,322.42705098312484,0.10560567296730225,BEARING,BEARING,0.4,0.6,True
2.85,2.85,AEROTWIN-4-001,IDLE,0.15,1150.2474425283076,188.9688533970725,23.83372588974596,3.495031622735226,20.450875076780896,3.401201517199963,-20.357044971245635,-0.2531694210908152,-0.21652635629409236,4.181253756414226,-0.21652635629409236,32.88770738384783,508.83356255656537,24.90429847842675,380.3799643863518,55.16954927466769,0.0010251758462687,5.1258792313435,322.42705098312484,0.4224029530331518,BEARING,BEARING,0.4,0.6,True
2.86,2.86,AEROTWIN-4-001,IDLE,0.15,1161.2143678382993,257.98369994877095,23.787626900059617,46.45135717613749,20.10958086433852,3.3727016542402195,22.969074657558753,-1.5852921997031177,-0.2161075528593379,48.46886448155928,-0.2161075528593379,32.89167371462555,508.83068668230624,24.904001343614983,379.9037514879194,55.10048030830485,0.0010228571349896673,5.114285674948337,322.42705098312484,0.46281612692168417,BEARING,BEARING,0.4,0.6,True
2.87,2.87,AEROTWIN-4-001,IDLE,0.15,1154.0893695629657,327.65656201906893,23.83961677323557,8.977171578469132,20.49487471212691,3.404858358760802,-14.92256149241858,-0.8690154057356123,-0.21657987421836736,10.27934673264148,-0.21657987421836736,32.89600363485058,508.8325828157507,24.903708842643468,380.4410097756998,55.17840317584795,0.0010254736623333484,5.127368311666742,322.42705098312484,0.32660404161952405,BEARING,BEARING,0.4,0.6,True
2.88,2.88,AEROTWIN-4-001,IDLE,0.15,1156.2600380299616,396.9019241928469,23.80588822998647,28.174344906293687,20.244140727426355,3.3839667726714158,4.546237406195916,29.580847550371242,-0.9739557346578203,-0.21627345470986836,-0.21627345470986836,32.90001528072016,508.83137797516963,24.903413544894672,380.09207960341166,55.12779504151962,0.0010237731521227883,5.118865760613941,322.42705098312484,0.14275724415706909,BEARING,BEARING,0.4,0.6,True
2.89,2.89,AEROTWIN-4-001,IDLE,0.15,1161.532552473509,466.27752647464456,23.816182771874516,34.75342464170074,20.320364708797733,3.39033150504009,11.042728427862917,36.743863413968015,-1.5577048136505234,-0.21636697930837417,-0.21636697930837417,32.90406048187408,508.83113354208893,24.903119271109173,380.19842854472444,55.14321967926974,0.0010242909855035533,5.1214549275177665,322.42705098312484,0.25777239323883705,BEARING,BEARING,0.4,0.6,True
2.9,2.9,AEROTWIN-4-001,IDLE,0.15,1150.1154616104832,535.9694796230551,23.8411188298202,0.0,20.5061078622603,3.405791324839098,-23.911899187099397,0.4248424600044045,-0.11417919206807789,-0.2165935202106357,-0.2165935202106357,32.90825493444493,508.8331548688825,24.902827301698153,380.4565821207188,55.18066175762481,0.0010255496546807215,5.127748273403608,322.42705098312484,0.4837398799764121,BEARING,BEARING,0.4,0.6,True
2.91,2.91,AEROTWIN-4-001,IDLE,0.15,1160.641069651415,604.9764073196841,23.786998647605348,45.52206292572391,20.10496632910892,3.372314665977159,22.044781930637832,-0.21610184526601464,47.42289533265961,-0.21610184526601464,-1.468628716403669,32.91197374628208,508.83023262356494,24.902530775106726,379.8972796584602,55.09954164710375,0.0010228256788858288,5.1141283944291445,322.42705098312484,0.44656075435730536,BEARING,BEARING,0.4,0.6,True
2.92,2.92,AEROTWIN-4-001,IDLE,0.15,1156.9427539254032,674.6148714987689,23.83690949902226,16.132085850522206,20.47464283350499,3.403177360680052,-7.745734343662837,-0.21655527897784102,17.72134786072942,-0.21655527897784102,-1.156151452251534,32.91604067894407,508.83189440925497,24.90223870474258,380.41294970729336,55.174333399646414,0.001025336752099033,5.126683760495165,322.42705098312484,0.20132936518623967,BEARING,BEARING,0.4,0.6,True
2.93,2.93,AEROTWIN-4-001,IDLE,0.15,1153.3008436686482,24.031436734293152,23.8194171632128,16.10910251511547,20.344368187619832,3.392333332598924,-7.627599005103285,-0.21639636334067142,-0.21639636334067142,-0.6609358760011719,17.202831117797984,32.919921282512185,508.8319296578488,24.901945242856105,380.23186902189207,55.14806981919718,0.0010244538966829048,5.122269483414525,322.42705098312484,0.20132050473999505,BEARING,BEARING,0.4,0.6,True
2.94,2.94,AEROTWIN-4-001,IDLE,0.15,1162.0748592867508,93.22948735441204,23.802144478242187,41.97439679126514,20.216486758397625,3.3816546939917793,18.376255338875737,-0.2162394432033247,-0.2162394432033247,-1.6192202554932256,44.026095933165024,32.9236204710859,508.83040320654624,24.9016504176357,380.05343694963926,55.12219038830178,0.0010235850933386617,5.1179254666933085,322.42705098312484,0.38430138898002597,BEARING,BEARING,0.4,0.6,True
2.95,2.95,AEROTWIN-4-001,IDLE,0.15,1152.0129331463943,162.9539789116171,23.843678078816698,2.8589931086006874,20.525260486139263,3.4073814514662053,-21.073648829004778,-0.21661677066096918,-0.21661677066096918,-0.4762423673151993,3.768469017237825,32.92760236568921,508.83267520893406,24.901359339044753,380.483121313086,55.18451094900736,0.001025679184501365,5.128395922506825,322.42705098312484,0.43376771732881675,BEARING,BEARING,0.4,0.6,True
2.96,2.96,AEROTWIN-4-001,IDLE,0.15,1159.8048930219347,232.07475490040076,23.796025040004974,39.86868072986328,20.171359785381444,3.3778783431055985,16.319442601376235,-1.2789652921558174,-0.21618384888835274,41.58001371979581,-0.21618384888835274,32.93116295663465,508.830578157202,24.901064250011544,379.9903099891265,55.11303458020293,0.0010232779934295315,5.116389967147658,322.42705098312484,0.3475220925088863,BEARING,BEARING,0.4,0.6,True
2.97,2.97,AEROTWIN-4-001,IDLE,0.15,1160.1259796022948,301.6630484817168,23.832958761225495,24.518359526942657,20.44515180284506,3.4007255627475255,0.6724821613500707,-1.382178283966518,-0.21651938702944132,26.33357658496806,-0.21651938702944132,32.93497053059756,508.8318729431385,24.900772499440606,380.3720180879176,55.16839675943539,0.0010251370891533533,5.125685445766766,322.42705098312484,0.07846570592916408,BEARING,BEARING,0.4,0.6,True
2.98,2.98,AEROTWIN-4-001,IDLE,0.15,1151.172034764789,371.2706072578545,23.83447611138017,5.1050424828519105,20.456473659848974,3.4016670377734157,-18.75309821477048,5.855508124605779,-0.317399297830188,-0.21653317196184066,-0.21653317196184066,32.9387447795866,508.833272967961,24.900481013721514,380.38773627080604,55.17067649324517,0.0010252137548629997,5.126068774314998,322.42705098312484,0.39424540223656923,BEARING,BEARING,0.4,0.6,True
2.99,2.99,AEROTWIN-4-001,IDLE,0.15,1161.9668988230628,440.3409293437419,23.792026399698607,46.126045950976604,20.141922836055116,3.3754127002727365,22.60871041464875,48.156465919436904,-1.5981249249567588,-0.21614752175177013,-0.21614752175177013,32.94214259478203,508.8308005872326,24.900185975803367,379.94908572169305,55.107055494902916,0.0010230775224299082,5.115387612149541,322.42705098312484,0.45707224484480785,BEARING,BEARING,0.4,0.6,True
3.0,3.0,AEROTWIN-4-001,IDLE,0.15,1154.2881058713008,510.0589432731257,23.84316867553831,7.846085483255397,20.52144693886418,3.407064894853245,-16.08242635046203,9.090157482281224,-0.8108477134313613,-0.21661214279723254,-0.21661214279723254,32.945899948720374,508.8330163863331,24.89989551741329,380.4778381849128,55.18374469466338,0.0010256533971569198,5.1282669857846,322.42705098312484,0.3464816139134467,BEARING,BEARING,0.4,0.6,True
3.0100000000000002,3.0100000000000002,AEROTWIN-4-001,IDLE,0.15,1157.473611596344,579.3162296254037,23.806831441372395,30.30737057127652,20.251113484138017,3.384549497962598,6.671707589175903,-0.21628202366486748,31.76770686887051,-0.21628202366486748,-1.0277722502642563,32.94932817999302,508.831885879191,24.89960202256409,380.10181808044007,55.129207490750865,0.0010238205538971588,5.119102769485794,322.42705098312484,0.1800743045450277,BEARING,BEARING,0.4,0.6,True
3.02,3.02,AEROTWIN-4-001,IDLE,0.15,1161.9673118068572,648.7646463211843,23.821930984742895,33.16851590485567,20.3630423037456,3.3938898885874442,9.41158371252262,-0.2164192010882734,35.13822485141953,-0.2164192010882734,-1.5368705443873165,32.95283351287709,508.8321488514668,24.899309972191574,380.2578685216066,55.15184073463678,0.0010245805852659637,5.122902926329819,322.42705098312484,0.2299702788963639,BEARING,BEARING,0.4,0.6,True
3.0300000000000002,3.0300000000000002,AEROTWIN-4-001,IDLE,0.15,1150.542281446212,718.4826850295957,23.843170624249407,0.0,20.521461526244497,3.4070661057849763,-23.928527632029475,-0.21661216050102405,0.09803426663842107,-0.21661216050102405,-0.04301762650522698,32.95646360375854,508.8343311209545,24.899019911668546,380.47785839477893,55.18374762586195,0.0010256534958009117,5.128267479004558,322.42705098312484,0.48378815572486644,BEARING,BEARING,0.4,0.6,True
3.04,3.04,AEROTWIN-4-001,IDLE,0.15,1161.330262926872,67.51522191636843,23.789030163432578,46.08775316805414,20.119891423151202,3.373566167100135,22.594295577802804,-0.21612030132789348,-0.21612030132789348,-1.4976831640068209,48.01767693471675,32.95962891994852,508.8315623921219,24.898725273523556,379.91820870208085,55.102577153732405,0.0010229274091874466,5.114637045937233,322.42705098312484,0.45643680614898496,BEARING,BEARING,0.4,0.6,True
3.0500000000000003,3.0500000000000003,AEROTWIN-4-001,IDLE,0.15,1156.8848603605957,137.19503769198076,23.840163921384697,14.593734719279544,20.4989659013459,3.4051981809090592,-9.310429362975416,-0.21658484498943487,-0.21658484498943487,-1.1037783929907168,16.13068280224913,32.96315452929042,508.83348630214465,24.898435214507202,380.4466819218109,55.17922585257561,0.0010255013411602028,5.127506705801014,322.42705098312484,0.22832705772569484,BEARING,BEARING,0.4,0.6,True
3.06,3.06,AEROTWIN-4-001,IDLE,0.15,1154.4098326721894,206.6081293136165,23.819142954130836,18.550809879855628,20.342332168939894,3.3921635798008936,-5.18368586888516,-0.7268983108113654,-0.2163938721861765,19.710495935039347,-0.2163938721861765,32.966474067902155,508.8334569418884,24.89814344910441,380.22903345900454,55.1476585548271,0.001024440081197427,5.122200405987135,322.42705098312484,0.15858418692387602,BEARING,BEARING,0.4,0.6,True
3.0700000000000003,3.0700000000000003,AEROTWIN-4-001,IDLE,0.15,1162.5607813900367,275.87271927394784,23.807409093417096,40.711598413120655,20.25538491901895,3.3849064195844543,17.07130707451725,-1.6136408984415411,-0.21628727155993108,42.75781385468205,-0.21628727155993108,32.969663150181354,508.8323675894864,24.897850795313545,380.10778277180833,55.13007259765754,0.0010238495885388358,5.119247942694179,322.42705098312484,0.36214162405526407,BEARING,BEARING,0.4,0.6,True
3.08,3.08,AEROTWIN-4-001,IDLE,0.15,1152.110833773975,345.62636615735005,23.845970356646347,2.064916510157986,20.542429368014677,3.4088062494887788,-21.88631910734547,-0.4033426053418413,-0.21663759571234234,2.9015343069245123,-0.21663759571234234,32.9731148066931,508.8347987346307,24.89756164343454,380.5068990691949,55.18795962719789,0.0010257952577135006,5.128976288567503,322.42705098312484,0.44771800440039794,BEARING,BEARING,0.4,0.6,True
3.09,3.09,AEROTWIN-4-001,IDLE,0.15,1160.6405961014357,414.75301618378853,23.79649041504678,41.41764619126619,20.17478834531562,3.378165402738495,17.86469244321208,43.17418285919369,-1.3241605144051265,-0.2161880767611821,-0.2161880767611821,32.97614092228744,508.83269055216806,24.897268306158978,379.9951090858883,55.11373063159907,0.0010233013350741925,5.116506675370963,322.42705098312484,0.3746236061650564,BEARING,BEARING,0.4,0.6,True
3.1,3.1,AEROTWIN-4-001,IDLE,0.15,1160.0728710215355,484.3914519498747,23.836907262307854,22.688761471213148,20.474626125902677,3.403175972158992,-1.1890406268485214,24.462128874552793,-1.3402568860244957,-0.21655525865757624,-0.21655525865757624,32.97944461827607,508.83429068669307,24.896978622375705,380.41292652825337,55.174330037804815,0.0010253366390157452,5.126683195078726,322.42705098312484,0.08658748922152915,BEARING,BEARING,0.4,0.6,True
3.11,3.11,AEROTWIN-4-001,IDLE,0.15,1152.1232009836885,553.9958242111668,23.83422516269344,7.2063621004215195,20.454600778049205,3.401511315281404,-16.64974999290909,-0.21653089212506627,8.032185770614477,-0.21653089212506627,-0.3927618859428256,32.98268811822695,508.8356075071064,24.8966888347029,380.3851365012983,55.1702994278753,0.001025201073838518,5.12600536919259,322.42705098312484,0.3574664084805359,BEARING,BEARING,0.4,0.6,True
3.12,3.12,AEROTWIN-4-001,IDLE,0.15,1162.6291953202947,623.1232162701881,23.796549200730492,45.55712622547751,20.17522147582742,3.378201665291331,22.003703084358758,-0.21618861082161206,47.59925347436933,-0.21618861082161206,-1.6097500272485945,32.98560149941338,508.8334844055646,24.896395895893342,379.9957153217164,55.1138185588311,0.0010233042837169302,5.116521418584652,322.42705098312484,0.4470638269564797,BEARING,BEARING,0.4,0.6,True
3.13,3.13,AEROTWIN-4-001,IDLE,0.15,1154.341688269644,692.8809679894058,23.846293024087487,6.5965398568157365,20.54484718513785,3.4090068496094332,-17.35731417793155,-0.21664052710484252,7.770472495917962,-0.21664052710484252,-0.7406515848925401,32.98886584577563,508.83591695056276,24.896107433232928,380.51024662667993,55.188445150240405,0.001025811600713633,5.129058003568166,322.42705098312484,0.36842219037596313,BEARING,BEARING,0.4,0.6,True
3.14,3.14,AEROTWIN-4-001,IDLE,0.15,1158.6670079377252,42.141469285584435,23.80708572198643,32.69662859211259,20.25299365323877,3.3847066097603293,9.058928329113488,-0.21628433377177594,-0.21628433377177594,-1.0883916488242558,34.217588908480394,32.9917872652447,508.8347368932,24.895815670535388,380.1044436678478,55.129588300697314,0.0010238333344509396,5.119166672254698,322.42705098312484,0.22188338471631652,BEARING,BEARING,0.4,0.6,True
3.15,3.15,AEROTWIN-4-001,IDLE,0.15,1162.2327746295095,111.66148976184793,23.82757856123704,31.270567392837158,20.405053987865873,3.397389109421088,7.468124295550197,-0.21647050859956335,-0.21647050859956335,-1.5088766378321667,33.21238504786845,32.99483244106883,508.83544004570047,24.895525827457025,380.3163080783831,55.160316691072524,0.001024865433077284,5.124327165386419,322.42705098312484,0.19669119314830852,BEARING,BEARING,0.4,0.6,True
3.16,3.16,AEROTWIN-4-001,IDLE,0.15,1150.8028950850444,181.3954562396185,23.8444231163796,0.0,20.53083925543683,3.4078444834348582,-23.93868373887169,-0.039565582440688835,-0.2166235392320916,0.25929804610862944,-0.2166235392320916,32.997972274182096,508.83765380511346,24.895237595208,380.49084884481664,55.185631734754516,0.001025716904938447,5.1285845246922355,322.42705098312484,0.48381762930100625,BEARING,BEARING,0.4,0.6,True
3.17,3.17,AEROTWIN-4-001,IDLE,0.15,1161.7859958688578,250.44362994472118,23.79027027894895,46.506290136218205,20.12900731930857,3.3743303262004383,23.002952490709195,-1.5274762803264303,-0.21613156761900487,48.46602955178264,-0.21613156761900487,33.000656856791096,508.83491370073637,24.89494476699015,379.9309870873837,55.104430505179955,0.0010229895290854512,5.114947645427256,322.42705098312484,0.46374684509408276,BEARING,BEARING,0.4,0.6,True
3.18,3.18,AEROTWIN-4-001,IDLE,0.15,1156.5240681492107,320.15078969685266,23.842315006496456,12.90103641234672,20.51505759783493,3.406534459687431,-11.02055564517564,-1.040950857889174,-0.2166043873229954,14.375196044881884,-0.2166043873229954,33.003710946732696,508.83694914216176,24.894656612856554,380.4689853398848,55.18246069572621,0.0010256101879676472,5.128050939838237,322.42705098312484,0.25799988601227747,BEARING,BEARING,0.4,0.6,True
3.19,3.19,AEROTWIN-4-001,IDLE,0.15,1155.3886416599482,389.5422337858053,23.817433819070473,21.342720017078577,20.329646013533388,3.391105681784185,-2.3780316782389965,22.57564109188977,-0.8001643849863962,-0.2163783449123987,-0.2163783449123987,33.00653619264338,508.8366785856717,24.89436640719322,380.2113616152143,55.14509546594745,0.0010243539865260243,5.121769932630121,322.42705098312484,0.1096856293333284,BEARING,BEARING,0.4,0.6,True
3.2,3.2,AEROTWIN-4-001,IDLE,0.15,1162.7731484748133,458.8655522854022,23.812052112040416,39.14359937646476,20.289748032387575,3.3877764374346504,15.466074906642538,41.17934503650272,-1.6030867544554654,-0.2163294527912402,-0.2163294527912402,33.00928651923349,508.8359281817413,24.894075863101843,380.15574046942083,55.13702828620386,0.0010240830807559348,5.120415403779674,322.42705098312484,0.33464807198387697,BEARING,BEARING,0.4,0.6,True
3.21,3.21,AEROTWIN-4-001,IDLE,0.15,1151.942731670173,528.631941193891,23.846971910799734,1.2761921288845675,20.54993509909578,3.40942894230395,-22.683171912515164,2.029761090401687,-0.32027557210925195,-0.21664669470393383,-0.21664669470393383,33.01227403092794,508.8383613265441,24.893788514144685,380.51729026028016,55.18946674477051,0.0010258459894971943,5.129229947485972,322.42705098312484,0.46154425509960556,BEARING,BEARING,0.4,0.6,True
3.22,3.22,AEROTWIN-4-001,IDLE,0.15,1161.195298235503,597.7485050941013,23.795691313318162,42.925104052336835,20.168901451715904,3.377672501626429,19.378530098994503,-0.21618081702401779,44.728669098571956,-0.21618081702401779,-1.3712034121870835,33.0148310559129,508.83609203552487,24.893496808117014,379.98686865681196,55.1125354562467,0.0010232612561282936,5.116306280641468,322.42705098312484,0.40101336036606433,BEARING,BEARING,0.4,0.6,True
3.23,3.23,AEROTWIN-4-001,IDLE,0.15,1159.6617105262565,667.4202229882316,23.839526739879084,20.68706543545958,20.49420157903139,3.404802443765021,-3.211938587336831,-0.2165790562768204,22.41027701032002,-0.2165790562768204,-1.2900534623067976,33.0176948290091,508.83784486245196,24.89320906552278,380.4400764589232,55.1782678094493,0.0010254691080615053,5.127345540307527,322.42705098312484,0.12167878124339321,BEARING,BEARING,0.4,0.6,True
3.24,3.24,AEROTWIN-4-001,IDLE,0.15,1152.9183120157907,16.99992561980696,23.832282010371014,9.717068960873483,20.440104044936,3.4003057297427493,-14.123340813805266,-0.21651323883434515,-0.21651323883434515,-0.47476556956155574,10.624861008103728,33.0204685525066,508.8388966168305,24.89292081597423,380.3650085805815,55.16738011451038,0.001025102902979749,5.125514514898746,322.42705098312484,0.3134833542787866,BEARING,BEARING,0.4,0.6,True
3.25,3.25,AEROTWIN-4-001,IDLE,0.15,1163.0073961457765,86.17502434075439,23.80032751015416,44.714139446626604,20.203078004547805,3.380533052603422,21.130528389475376,-0.21622293628026015,-0.21622293628026015,-1.6180597220581152,46.76464504124524,33.022964080551326,508.8370320494165,24.89262990367457,380.0346886254826,55.119471168862745,0.0010234938716968407,5.117469358484203,322.42705098312484,0.4322678799190597,BEARING,BEARING,0.4,0.6,True
3.2600000000000002,3.2600000000000002,AEROTWIN-4-001,IDLE,0.15,1154.1104135854098,155.95546810950097,23.848076472519562,5.334534841934692,20.558215750095822,3.4101157923486873,-18.63379670050982,-0.21665672950611295,-0.21665672950611295,-0.6620702827521132,6.429918583699031,33.0257972198483,508.83953798938643,24.892343309192707,380.52875163539073,55.1911290796938,0.0010259019505446615,5.129509752723308,322.42705098312484,0.39054925857796713,BEARING,BEARING,0.4,0.6,True
3.27,3.27,AEROTWIN-4-001,IDLE,0.15,1159.6013547965345,225.20209292462556,23.805988112449345,35.1291078670786,20.24487901000158,3.384028476967974,11.50020038010905,-1.1510064378903697,-0.21627436212928924,36.71266302922755,-0.21627436212928924,33.02827292033317,508.83816828833125,24.892053150130554,380.09311081852303,55.127944606896946,0.0010237781713746937,5.118890856873469,322.42705098312484,0.26446444280902776,BEARING,BEARING,0.4,0.6,True
3.2800000000000002,3.2800000000000002,AEROTWIN-4-001,IDLE,0.15,1162.1543537298833,294.77817421241764,23.83199671786392,29.185093669748586,20.437976449827786,3.400128757500126,5.346988462420673,-1.474335521885461,-0.2165106469883482,31.09245048561074,-0.2165106469883482,33.03091871558674,508.8391860903215,24.891765399371504,380.36205381049206,55.16695156056615,0.0010250884927473828,5.125442463736914,322.42705098312484,0.16014460851976892,BEARING,BEARING,0.4,0.6,True
3.29,3.29,AEROTWIN-4-001,IDLE,0.15,1151.1751238542638,364.50743543621064,23.844053141055642,0.9408380006918813,20.528068738891086,3.407614541347515,-22.994845279546723,1.5017572160607424,-0.12767885926182715,-0.21662017805351697,-0.21662017805351697,33.03362599427342,508.84127258966197,24.89147884195964,380.48701137193774,55.18507515536311,0.0010256981728003448,5.128490864001725,322.42705098312484,0.46734425771424326,BEARING,BEARING,0.4,0.6,True
3.3000000000000003,3.3000000000000003,AEROTWIN-4-001,IDLE,0.15,1162.2355502147027,433.57794286746645,23.79204109350151,46.682355492717015,20.142030935076697,3.3754217579561496,23.164902799684167,48.669625481936734,-1.5549746787335363,-0.2161476552430932,-0.2161476552430932,33.03590286889062,508.83860154228654,24.891187859810866,379.949237172474,55.107077461021284,0.001023078258814422,5.11539129407211,322.42705098312484,0.4668074917713433,BEARING,BEARING,0.4,0.6,True
3.31,3.31,AEROTWIN-4-001,IDLE,0.15,1156.1441022329998,503.31207588034863,23.844436210680637,11.180891119479947,20.530937316965865,3.4078526218757075,-12.757898819361625,12.584811959373756,-0.9706735235095194,-0.21662365819214446,-0.21662365819214446,33.0385537570925,508.8407374538214,24.890901598493294,380.49098466522344,55.185651433874675,0.0010257175679381002,5.128587839690502,322.42705098312484,0.2881523428615167,BEARING,BEARING,0.4,0.6,True
3.3200000000000003,3.3200000000000003,AEROTWIN-4-001,IDLE,0.15,1156.4302574295582,572.6807220143286,23.815633358562934,24.305603557130436,20.31628995140561,3.3899915635286013,0.5993220421962229,-0.216361987958595,25.61452405345725,-0.216361987958595,-0.8761965204096217,33.0409520091076,508.8402093470043,24.890612933092388,380.1927494384536,55.14239599305443,0.0010242633226822742,5.121316613411371,322.42705098312484,0.07494185625201065,BEARING,BEARING,0.4,0.6,True
3.33,3.33,AEROTWIN-4-001,IDLE,0.15,1162.9291635829136,642.066537460102,23.816989346281034,37.32845592737761,20.326348094489322,3.390830614387676,13.611277218500613,-0.216374306933863,39.34815671731447,-0.216374306933863,-1.586952176069133,33.043332182959084,508.839817080799,24.89032451693954,380.2067665228263,55.14442900293768,0.0010243316017164302,5.121658008582151,322.42705098312484,0.30282614607080555,BEARING,BEARING,0.4,0.6,True
3.34,3.34,AEROTWIN-4-001,IDLE,0.15,1151.7560352790895,711.8422872750768,23.847707599469626,0.5643912494311136,20.555450044877652,3.409886402493577,-23.400945197940114,-0.21665337834155704,1.2282687453551366,-0.21665337834155704,-0.23057073924090896,33.04591981376747,508.8422198667431,24.890038937206796,380.5249238888194,55.190573910986586,0.0010258832607613173,5.129416303806586,322.42705098312484,0.47401808803806156,BEARING,BEARING,0.4,0.6,True
3.35,3.35,AEROTWIN-4-001,IDLE,0.15,1161.6508619137762,60.94764939182221,23.79480370370797,44.26316591955191,20.162364397617967,3.377125079216461,20.72367644271748,-0.21617275320405127,-0.21617275320405127,-1.417298355198463,46.112809781158475,33.048072359399676,508.8397740994799,24.88974884371387,379.97771644681416,55.11120803801303,0.001023216745396736,5.11608372698368,322.42705098312484,0.4244397097748421,BEARING,BEARING,0.4,0.6,True
3.36,3.36,AEROTWIN-4-001,IDLE,0.15,1159.1148501263763,130.64670110664878,23.84167724302134,18.60501298778324,20.510285428688665,3.406138226236265,-5.31141066714169,-0.21659859332326228,-0.21659859332326228,-1.2325661273367656,20.27077630176653,33.05055712338042,508.8416301163845,24.889462991762652,380.4623721117553,55.18150152634477,0.0010255779117640063,5.127889558820032,322.42705098312484,0.15816529048689149,BEARING,BEARING,0.4,0.6,True
3.37,3.37,AEROTWIN-4-001,IDLE,0.15,1153.735843146418,200.19359211423136,23.829696613936754,12.55376713223354,20.420830755494695,3.3987022513022667,-11.26576587456342,-0.5604809840100706,-0.21648975083787847,13.547227617919367,-0.21648975083787847,33.05292044848488,508.8423528706719,24.88917621221199,380.33823540490425,55.163496986656504,0.0010249723431378802,5.124861715689401,322.42705098312484,0.2637803647353184,BEARING,BEARING,0.4,0.6,True
3.38,3.38,AEROTWIN-4-001,IDLE,0.15,1163.2719624975348,269.4177427030164,23.80421003358207,43.5870718984489,20.23174005455487,3.382930179077878,19.97240166481615,-1.621852813837134,-0.21625820850982932,45.64144112930569,-0.21625820850982932,33.055061518683694,508.84075226739645,24.88888732738734,380.07475527211733,55.12528235515735,0.0010236888347547588,5.118444173773794,322.42705098312484,0.4124993446240769,BEARING,BEARING,0.4,0.6,True
3.39,3.39,AEROTWIN-4-001,IDLE,0.15,1153.7866860680024,339.21406045286847,23.84932376498807,4.11254521430104,20.567570171750624,3.4108915414086205,-19.865916498858205,-0.576679720743292,-0.2166680609989181,5.1225610570421685,-0.2166680609989181,33.05752184358946,508.8432785874962,24.888602543920697,380.5416959013273,55.1930064901367,0.0010259651574953152,5.129825787476577,322.42705098312484,0.411963440866405,BEARING,BEARING,0.4,0.6,True
3.4,3.4,AEROTWIN-4-001,IDLE,0.15,1160.4156885895602,408.4412616169486,23.804451413001807,37.50035291487121,20.23352324165846,3.3830792583102194,13.883750414902527,39.14654226711176,-1.2136685494184858,-0.21626040141103506,-0.21626040141103506,33.059610278302564,508.8416766311236,24.888313939047045,380.07724686166233,55.125643730321784,0.0010237009606410552,5.118504803205276,322.42705098312484,0.30597897485758535,BEARING,BEARING,0.4,0.6,True
3.41,3.41,AEROTWIN-4-001,IDLE,0.15,1161.8915860988016,478.0662029323222,23.835844869278137,26.960320822708354,20.46669179882786,3.402516508891083,3.0911125149894114,28.82651825038809,-1.4331062137746133,-0.2165456069525621,-0.2165456069525621,33.061913039934964,508.84295572474105,24.8880282226195,380.40191767663487,55.172733335983764,0.0010252829324196825,5.126414662098412,322.42705098312484,0.12116687494410777,BEARING,BEARING,0.4,0.6,True
3.42,3.42,AEROTWIN-4-001,IDLE,0.15,1151.7736188486922,547.7796980982503,23.8428132938099,2.734609847177307,20.518786835569014,3.406844066412068,-21.191021054803773,-0.21660891419960993,3.3877363676109336,-0.21660891419960993,-0.2199086920344071,33.064241769166436,508.844835368522,24.887743252235467,380.4741526408028,55.183210150716754,0.001025635408323853,5.128177041619265,322.42705098312484,0.43592407531011756,BEARING,BEARING,0.4,0.6,True
3.43,3.43,AEROTWIN-4-001,IDLE,0.15,1162.7698742403022,616.8861152291718,23.794887306418058,46.57066010359404,20.162980029805883,3.3771766369353426,23.03050343685281,-0.21617351272399687,48.582026577994185,-0.21617351272399687,-1.579019448952158,33.066178376707846,508.8423317495298,24.887454200428625,379.9785784392896,55.11133305967768,0.0010232209374715123,5.116104687357562,322.42705098312484,0.46481989091885484,BEARING,BEARING,0.4,0.6,True
3.44,3.44,AEROTWIN-4-001,IDLE,0.15,1155.852529032967,686.6523076835899,23.84695647023928,9.471584784725657,20.549819366784526,3.4094193417469363,-14.487653923805805,-0.21664655442841374,10.79808728158582,-0.21664655442841374,-0.8932093880033365,33.068488074298486,508.8446034018946,24.887169858042586,380.51713005379315,55.18944350874205,0.0010258452073095307,5.129226036547654,322.42705098312484,0.3181245201753554,BEARING,BEARING,0.4,0.6,True
3.45,3.45,AEROTWIN-4-001,IDLE,0.15,1157.608378470663,36.00345942556794,23.8142513998308,27.3726230189244,20.30604392982064,3.3891366262536082,3.6774424628501534,-0.21634943303998086,-0.21634943303998086,-0.9538318042397023,28.759153689244062,33.0705209181325,508.8438536864328,24.886882758258782,380.17846624377773,55.140324387065036,0.0010241937545721607,5.120968772860803,322.42705098312484,0.1286306266264471,BEARING,BEARING,0.4,0.6,True
3.46,3.46,AEROTWIN-4-001,IDLE,0.15,1163.1058030481106,105.45996213380772,23.82256900114884,35.27584855248147,20.367784395997806,3.3942850457015985,11.513779110782066,-0.2164249973858508,-0.2164249973858508,-1.5644556262960505,37.27315417354922,33.07259280467512,508.8438752207594,24.88659651940235,380.2644685388765,55.15279798794157,0.00102461274919665,5.12306374598325,322.42705098312484,0.2668412553063473,BEARING,BEARING,0.4,0.6,True
3.47,3.47,AEROTWIN-4-001,IDLE,0.15,1151.6599687645219,175.24631031669435,23.848540438610403,0.0,20.561694929895353,3.4104043364566934,-23.972099266352046,-0.21666094457880278,-0.21666094457880278,-0.13466406632451633,0.5445979609819012,33.07483822334744,508.84625225583244,24.886312707324052,380.53356639472196,55.19182740275768,0.0010259254603611104,5.129627301805552,322.42705098312484,0.48391454064405987,BEARING,BEARING,0.4,0.6,True
3.48,3.48,AEROTWIN-4-001,IDLE,0.15,1162.0838722155045,244.34590844256564,23.79434692731648,45.367616836289116,20.159001103247572,3.3768433974838006,21.831772335557744,-1.4614470828956325,-0.216168603448862,47.261401126082475,-0.216168603448862,33.07664550972714,508.8436645074786,24.886024252975957,379.9730069690624,55.11052498477887,0.0010231938425526322,5.1159692127631615,322.42705098312484,0.44377288483952765,BEARING,BEARING,0.4,0.6,True
3.49,3.49,AEROTWIN-4-001,IDLE,0.15,1158.5197892244173,314.0709407754959,23.84372060378004,16.468388788536707,20.5255788708394,3.407407878753581,-7.464597961056274,-1.1672618439909688,-0.21661715699483097,18.06888494651734,-0.21661715699483097,33.078805785696524,508.84560884002684,24.8857402728275,380.4835623632341,55.18457491803875,0.0010256813373447757,5.128406686723879,322.42705098312484,0.19560429361651396,BEARING,BEARING,0.4,0.6,True
3.5,3.5,AEROTWIN-4-001,IDLE,0.15,1154.6496644634694,383.5821281289609,23.826882141429056,15.69125613501381,20.39986903838518,3.3969574416081025,-8.105570344979473,16.77367961267125,-0.6494951142283691,-0.21646418171453616,-0.21646418171453616,33.080812083469404,508.84597710012235,24.885454931321824,380.30909956017035,55.159271182007984,0.0010248302905573518,5.1241514527867595,322.42705098312484,0.20880816656562914,BEARING,BEARING,0.4,0.6,True
3.5100000000000002,3.5100000000000002,AEROTWIN-4-001,IDLE,0.15,1163.4846086535333,452.8611079967691,23.808547057380384,42.15327550090082,20.263802016188684,3.385609643125131,18.503863841587002,44.20608063201015,-1.6202099114748831,-0.21629760981722684,-0.21629760981722684,33.0826557299136,508.8446775288179,24.885168105801295,380.1195343154577,55.131777018045355,0.0010239067958507375,5.119533979253688,322.42705098312484,0.3873578397735945,BEARING,BEARING,0.4,0.6,True
3.52,3.52,AEROTWIN-4-001,IDLE,0.15,1153.439965683524,522.6701845159811,23.850326101860443,2.9491543749750138,20.575090364147123,3.411515052503353,-21.037451041675464,3.866573632357197,-0.4840649231793602,-0.2166771671014116,-0.2166771671014116,33.084794900679235,508.847196851449,24.88488510163897,380.55209947478727,55.194515403624195,0.0010260159625100293,5.130079812550147,322.42705098312484,0.43234637992956026,BEARING,BEARING,0.4,0.6,True
3.5300000000000002,3.5300000000000002,AEROTWIN-4-001,IDLE,0.15,1161.153333411649,591.8765824569925,23.802805159020636,39.75826667261493,20.221364458827015,3.3820626210450073,16.154839592742906,-0.2162454454038322,41.46663180107741,-0.2162454454038322,-1.2758742376548184,33.08654810320667,508.8453483440271,24.884598030102392,380.0602551740385,55.123179289932196,0.0010236182711231695,5.118091355615848,322.42705098312484,0.3455114796034431,BEARING,BEARING,0.4,0.6,True
3.54,3.54,AEROTWIN-4-001,IDLE,0.15,1161.490787198348,661.5457824616915,23.839328606750172,24.604161266857528,20.49272031223666,3.404679396474847,0.7067615581460207,-0.21657725626264454,26.421605677080706,-0.21657725626264454,-1.3842898976978897,33.08855701752311,508.84685177831716,24.8843143075895,380.4380225787026,55.17796991876987,0.0010254590859255439,5.127295429627719,322.42705098312484,0.0798940866175071,BEARING,BEARING,0.4,0.6,True
3.5500000000000003,3.5500000000000003,AEROTWIN-4-001,IDLE,0.15,1152.5001908195702,11.235229693592373,23.840921688530138,5.080441050146164,20.50463321079583,3.4056688626562517,-18.82986102330592,-0.21659172920718917,-0.21659172920718917,-0.3165013977562352,5.830125906316778,33.09055415411293,508.8484622498014,24.884030855199256,380.45453812574397,55.18036530068165,0.0010255396795879257,5.1276983979396284,322.42705098312484,0.39482752360535184,BEARING,BEARING,0.4,0.6,True
3.56,3.56,AEROTWIN-4-001,IDLE,0.15,1163.2731761507569,80.38524114276659,23.79834090677453,46.13062160360633,20.188426830591737,3.3793070572236235,22.562887715790968,-0.21620488824223277,-0.21620488824223277,-1.598759011387221,48.161790391478014,33.092205657373036,508.84617934676476,24.88374377815368,380.0141945929496,55.11649875537222,0.0010233941704902135,5.116970852451067,322.42705098312484,0.4570792798252398,BEARING,BEARING,0.4,0.6,True
3.5700000000000003,3.5700000000000003,AEROTWIN-4-001,IDLE,0.15,1155.5446550244512,150.181631711812,23.849329486161743,7.7919313928231695,20.56761308847455,3.410895100025731,-16.18657679567711,-0.21666811297505034,-0.21666811297505034,-0.8080401049375455,9.033307723710815,33.09422341059019,508.8485705100174,24.88346133254882,380.54175527959285,55.19301510224159,0.0010259654474534675,5.129827237267338,322.42705098312484,0.3475743174377336,BEARING,BEARING,0.4,0.6,True
3.58,3.58,AEROTWIN-4-001,IDLE,0.15,1158.7928432813517,219.51431101327907,23.81279185534043,30.486451364525767,20.295227895110525,3.3882338925117828,6.8029895769034585,-1.0323631401029612,-0.21633617326466031,31.95148685115805,-0.21633617326466031,33.09594017742316,508.8475896708489,24.88317578039969,380.1633837448902,55.13813685159138,0.0010241203012210916,5.120601506105459,322.42705098312484,0.18313945099958723,BEARING,BEARING,0.4,0.6,True
3.59,3.59,AEROTWIN-4-001,IDLE,0.15,1163.1805693526974,289.0418816101602,23.828173766184513,32.99687642329266,20.409486350903915,3.397758077919448,9.189631994469298,-1.534728208750605,-0.21647591596050728,34.964556463964286,-0.21647591596050728,33.097752752914644,508.8480254333411,24.882891714439108,380.3224694213908,55.16121031993968,0.0010248954719336715,5.124477359668358,322.42705098312484,0.22689475593172012,BEARING,BEARING,0.4,0.6,True
3.6,3.6,AEROTWIN-4-001,IDLE,0.15,1151.7333681882349,358.83271577132206,23.848892921847064,0.0,20.564338492248286,3.4106235627117045,-23.97496205495999,-0.0331033736843701,-0.21666414684399798,0.06616104852594581,-0.21666414684399798,33.099701080931744,508.85033075580156,24.882609617121027,380.5372244349043,55.19235795758965,0.001025943322621778,5.12971661310889,322.42705098312484,0.48392283882929904,BEARING,BEARING,0.4,0.6,True
3.61,3.61,AEROTWIN-4-001,IDLE,0.15,1162.540926037576,427.93671786261615,23.794695929316564,46.17392564046145,20.16157079613563,3.3770586158347604,22.635296228491057,48.10882981076361,-1.5025606221272196,-0.21617177408746746,-0.21617177408746746,33.10121711523986,508.84767250184433,24.882322861742292,379.9766052429755,55.11104687123068,0.0010232113413868524,5.116056706934263,322.42705098312484,0.4578792515948095,BEARING,BEARING,0.4,0.6,True
3.62,3.62,AEROTWIN-4-001,IDLE,0.15,1157.937243477853,497.6891734248707,23.84587670777734,14.308545511019132,20.541727686521597,3.4087480305546483,-9.641930206057113,15.835540362013285,-1.093721361145502,-0.21663674492432577,-0.21663674492432577,33.103101221947774,508.8497125147429,24.882040754106075,380.50592752088374,55.187818715773936,0.0010257905146235694,5.128952573117847,322.42705098312484,0.2334522927356642,BEARING,BEARING,0.4,0.6,True
3.63,3.63,AEROTWIN-4-001,IDLE,0.15,1155.6982647628224,567.1654080335419,23.824125652507217,19.085301882217184,20.37935860907313,3.395249328266168,-4.689306055122113,-0.21643913936466724,20.259312464879585,-0.21643913936466724,-0.7411323039330672,33.10479816011263,508.8497285205077,24.881756844037497,380.2805735929841,55.155133832779235,0.0010246912406061221,5.123456203030611,322.42705098312484,0.14934760365150113,BEARING,BEARING,0.4,0.6,True
3.64,3.64,AEROTWIN-4-001,IDLE,0.15,1163.676688401428,636.5073039193112,23.813520117892864,40.399279748302696,20.300624055000153,3.388684299788997,16.709971393513545,-0.21634278943695473,42.444082699713874,-0.21634278943695473,-1.6121173725372686,33.106395072952665,508.84878456382194,24.881472126223017,380.1709090622903,55.13922830857646,0.0010241569492950363,5.120784746475182,322.42705098312484,0.35660555042003894,BEARING,BEARING,0.4,0.6,True
3.65,3.65,AEROTWIN-4-001,IDLE,0.15,1153.1138075058232,706.3279052233969,23.85123135906691,1.87111665568621,20.581884410864074,3.4120782597399164,-22.12284601491778,-0.21668539124753683,2.688613653960021,-0.21668539124753683,-0.3841262157787374,33.10825820462682,508.85128353046986,24.881190882689154,380.5614965233539,55.195878332754205,0.0010260618555230532,5.130309277615266,322.42705098312484,0.45123335549441423,BEARING,BEARING,0.4,0.6,True
3.66,3.66,AEROTWIN-4-001,IDLE,0.15,1161.8234483777098,55.514733673746264,23.801256148940443,41.8324655477019,20.2099300866995,3.3811062753190315,18.24142918568337,-0.21623137284505234,-0.21623137284505234,-1.336750693516924,43.60167898690893,33.10972214121329,508.84919307399633,24.880905341774856,380.04427024373865,55.12086086761137,0.0010235404903490507,5.117702451745254,322.42705098312484,0.38182785574029177,BEARING,BEARING,0.4,0.6,True
3.67,3.67,AEROTWIN-4-001,IDLE,0.15,1160.9717043453254,125.22414057640886,23.84249175187484,22.13913605372246,20.516380307462203,3.406644276178988,-1.7838885299187313,-0.21660599303218875,-0.21660599303218875,-1.3270939456135449,23.899441985400383,33.1114792824656,508.85088758216546,24.880623576280666,380.4708181753513,55.1827265265166,0.0010256191334899144,5.128095667449572,322.42705098312484,0.09633730094460875,BEARING,BEARING,0.4,0.6,True
3.68,3.68,AEROTWIN-4-001,IDLE,0.15,1153.3511462439524,194.88244283712837,23.83847098989556,7.929997086639681,20.486309819420715,3.404146832237102,-15.960459565018136,-0.4171723257558493,-0.21656946492303256,8.780308342241597,-0.21656946492303256,33.11318506281759,508.8521746944736,24.880341580739934,380.42913295409954,55.17668058539669,0.0010254157097378583,5.127078548689292,322.42705098312484,0.34490264389828995,BEARING,BEARING,0.4,0.6,True
3.69,3.69,AEROTWIN-4-001,IDLE,0.15,1163.7238016292479,264.0835116117655,23.802383369553837,45.32449115526305,20.218250328641563,3.3818021888460765,21.724438637775407,-1.6131730238525437,-0.21624161350038618,47.37014740611637,-0.21624161350038618,33.1145991354062,508.850163675502,24.8800565219296,380.05590224521313,55.12254794984122,0.0010235970893858629,5.117985446929314,322.42705098312484,0.44292528053410185,BEARING,BEARING,0.4,0.6,True
3.7,3.7,AEROTWIN-4-001,IDLE,0.15,1155.2101973851509,333.90693970952043,23.851453380246912,6.164916393032506,20.583551022644382,3.412216402938962,-17.83085103255084,-0.7147928157917854,-0.21668740828160643,7.313084025387504,-0.21668740828160643,33.1163661641251,508.8526483557413,24.87977594172023,380.5638013795104,55.196212624481426,0.001026073112383368,5.1303655619168405,322.42705098312484,0.37609708813109,BEARING,BEARING,0.4,0.6,True
3.71,3.71,AEROTWIN-4-001,IDLE,0.15,1159.9412411545172,403.21955155262947,23.811205906491043,33.579409317663156,20.28348120640102,3.387253211493391,9.908674899768744,35.12307464956506,-1.1110218016581552,-0.21632176512187917,-0.21632176512187917,33.11780861303423,508.8514222314414,24.879491914911558,380.14699802459876,55.13576029949176,0.0010240405102119228,5.120202551059614,322.42705098312484,0.2372845058197076,BEARING,BEARING,0.4,0.6,True
3.72,3.72,AEROTWIN-4-001,IDLE,0.15,1163.1194669670072,472.8160260219005,23.83360314231645,30.50754513363758,20.449959201306257,3.401125356353067,6.656460575978258,32.437469346389,-1.4968737304526796,-0.2165252411493693,-0.2165252411493693,33.119402341766005,508.8522543504359,24.87920999967125,380.3786928577397,55.169364854700845,0.001025169644390524,5.12584822195262,322.42705098312484,0.18326905035339836,BEARING,BEARING,0.4,0.6,True
3.73,3.73,AEROTWIN-4-001,IDLE,0.15,1151.7465565106384,542.6031940399209,23.848604858170145,0.15325448293071886,20.562178041545987,3.410444401159437,-23.819367959774706,-0.21666152982227704,0.6603811431852578,-0.21666152982227704,-0.07380360060998484,33.12109052364631,508.85442776323225,24.878929549553117,380.53423492350936,55.19192436483595,0.0010259287247611393,5.129643623805697,322.42705098312484,0.481234103743477,BEARING,BEARING,0.4,0.6,True
3.74,3.74,AEROTWIN-4-001,IDLE,0.15,1162.7660950047314,611.7079874305592,23.79475863557323,46.618397271575425,20.162032532897875,3.377097286015752,23.0792674526618,-0.21617234376580208,48.59010939305474,-0.21617234376580208,-1.5393674339477101,33.122354201667974,508.85167273622744,24.878644457833037,379.97725177175306,55.11114064247152,0.0010232144855822063,5.116072427911032,322.42705098312484,0.46565677976800707,BEARING,BEARING,0.4,0.6,True
3.75,3.75,AEROTWIN-4-001,IDLE,0.15,1157.1378070717292,681.4739531308431,23.846938648159338,12.171235363634057,20.54968578492309,3.4094082604494784,-11.78785868173851,-0.21664639251709322,13.616597754228158,-0.21664639251709322,-1.012069605559915,33.123994599576186,508.85370924425234,24.87836411573826,380.51694513777085,55.18941668889201,0.0010258443044818511,5.129221522409256,322.42705098312484,0.2708802155407338,BEARING,BEARING,0.4,0.6,True
3.7600000000000002,3.7600000000000002,AEROTWIN-4-001,IDLE,0.15,1156.6084387375595,30.902221555146866,23.820340932682754,22.63542743836303,20.351228626515184,3.3929052582950443,-1.1087064464471967,-0.2164047556683465,-0.2164047556683465,-0.8335497668240461,23.90178671652377,33.12541508898597,508.85328271617675,24.878081534469477,380.24142230079246,55.14945540766234,0.0010245004444580002,5.122502222290001,322.42705098312484,0.0871315115124903,BEARING,BEARING,0.4,0.6,True
3.77,3.77,AEROTWIN-4-001,IDLE,0.15,1163.5932372350183,100.29872787940043,23.81783353825171,38.3528931264844,20.3326122929334,3.3913530692700182,14.628927764280984,-0.21638197631011868,-0.21638197631011868,-1.596718859477494,40.382375938582136,33.1267999281853,508.85263997915985,24.87779885901305,380.2154942418134,55.145694853844134,0.0010243741190925342,5.1218705954626715,322.42705098312484,0.3207440703111203,BEARING,BEARING,0.4,0.6,True
3.7800000000000002,3.7800000000000002,AEROTWIN-4-001,IDLE,0.15,1152.5825913668311,170.11432211350154,23.850838076066783,0.9301233121233011,20.578932524500246,3.411833568140012,-23.060642780516957,-0.2166818183217004,-0.2166818183217004,-0.27900413932803947,1.6424910880947414,33.12841686656568,508.8550067956387,24.877519249976427,380.55741391000555,55.19528619867938,0.001026041916600546,5.13020958300273,322.42705098312484,0.467691478431122,BEARING,BEARING,0.4,0.6,True
3.79,3.79,AEROTWIN-4-001,IDLE,0.15,1162.1473195794078,239.26927759551143,23.79873246214736,43.60318235853536,20.191313766145537,3.379548668247288,20.032319924142538,-1.3938608080138335,-0.21620844547279583,45.429460057494786,-0.21620844547279583,33.129623504742554,508.8525955934764,24.877235143019913,380.0182335383482,55.11708455593495,0.0010234138183289547,5.117069091644773,322.42705098312484,0.41284456661440483,BEARING,BEARING,0.4,0.6,True
3.8000000000000003,3.8000000000000003,AEROTWIN-4-001,IDLE,0.15,1160.1079733310696,308.9981167702759,23.844019954172655,19.66421736144589,20.527820239908102,3.4075939161410873,-4.2711967946033,-1.2626230717175417,-0.21661987655492276,21.360080186273276,-0.21661987655492276,33.131155270619395,508.8543438406021,24.876955180125957,380.48666715808287,55.185025231274025,0.0010256964925894041,5.12848246294702,322.42705098312484,0.139684337932787,BEARING,BEARING,0.4,0.6,True
3.81,3.81,AEROTWIN-4-001,IDLE,0.15,1154.0290797758894,378.60459517014004,23.83439102925477,11.125848007166825,20.455838656476974,3.4016142406286427,-12.731604889938792,12.077023929381065,-0.5181111242110501,-0.21653239900159588,-0.21653239900159588,33.1325962550396,508.85517437601465,24.876674485011122,380.38685483107315,55.17054865098919,0.0010252094553939574,5.126047276969787,322.42705098312484,0.2888793050471879,BEARING,BEARING,0.4,0.6,True
3.8200000000000003,3.8200000000000003,AEROTWIN-4-001,IDLE,0.15,1163.837159446893,447.84633995669344,23.805602064430932,44.16780968990765,20.24202566929264,3.3837899937827283,20.54199402683228,46.22123706888651,-1.620885669114179,-0.21627085493233783,-0.21627085493233783,33.13380459842724,508.8533789079468,24.876391364324153,380.08912521682436,55.12736654319777,0.001023758772393319,5.118793861966596,322.42705098312484,0.422646181816884,BEARING,BEARING,0.4,0.6,True
3.83,3.83,AEROTWIN-4-001,IDLE,0.15,1154.6099922294645,517.676569523507,23.851987547113563,4.674776243319119,20.587561287044263,3.4125487854202934,-19.325333829145436,5.725464711372057,-0.6173039458141768,-0.21669226111938028,-0.21669226111938028,33.13534673731591,508.8558317892968,24.876112498102255,380.5693469528717,55.197016943350604,0.0010261001975937845,5.130500987968922,322.42705098312484,0.40218711945366087,BEARING,BEARING,0.4,0.6,True
3.84,3.84,AEROTWIN-4-001,IDLE,0.15,1160.7194410610132,586.9531690572749,23.808358832898765,36.44350259446111,20.262409565284287,3.3854933180594897,12.795599711117331,-0.2162958998218464,38.06160576978625,-0.2162958998218464,-1.185511375681448,33.13654305584659,508.85426884837705,24.875829874525074,380.1175904451114,55.13149508297806,0.0010238973326187261,5.119486663093631,322.42705098312484,0.2874389860414976,BEARING,BEARING,0.4,0.6,True
3.85,3.85,AEROTWIN-4-001,IDLE,0.15,1162.6671568796514,656.5963355209357,23.837279659108443,27.96010162543978,20.477407996374783,3.403407157655054,4.079286471409943,-0.2165586418349569,29.84554162216623,-0.2165586418349569,-1.4523227130565373,33.13794169259457,508.85536331619375,24.875549947315285,380.4167857579278,55.174889772758334,0.0010253554672523192,5.126777336261596,322.42705098312484,0.13864656344170032,BEARING,BEARING,0.4,0.6,True
3.86,3.86,AEROTWIN-4-001,IDLE,0.15,1152.1344063505553,6.356364933714758,23.84647205885482,1.8955658820606658,20.54618884621382,3.409118158715028,-22.059741122868182,-0.21664215361284214,-0.21664215361284214,-0.17988676050747907,2.508736949793829,33.139392895294854,508.8572651576659,24.875270969123097,380.51210410422823,55.188714555069055,0.0010258206692142571,5.129103346071286,322.42705098312484,0.4506934489227133,BEARING,BEARING,0.4,0.6,True
3.87,3.87,AEROTWIN-4-001,IDLE,0.15,1163.1671008951412,75.4844293147481,23.796602463302058,46.66066986124487,20.175613919721318,3.3782345211430127,23.106821420380538,-0.21618909470527345,-0.21618909470527345,-1.5696618299077785,48.66270988056319,33.14045391203303,508.8546054171602,24.874987688201205,379.99626460333434,55.11389822553841,0.0010233069553540108,5.116534776770054,322.42705098312484,0.46637522465130626,BEARING,BEARING,0.4,0.6,True
3.88,3.88,AEROTWIN-4-001,IDLE,0.15,1156.573141999159,145.2744553684566,23.848829426711134,10.164091120421435,20.56386226641726,3.410584071131545,-13.81035521712737,-0.21666356999879596,-0.21666356999879596,-0.9256615359483084,11.523079796367336,33.14189296015056,508.8567404678291,24.874709176727023,380.53656547630567,55.192262383552425,0.0010259401048829842,5.129700524414921,322.42705098312484,0.3060497493960469,BEARING,BEARING,0.4,0.6,True
3.89,3.89,AEROTWIN-4-001,IDLE,0.15,1157.7346961401834,214.66884388840612,23.817666317352074,26.15537419092845,20.331371312974646,3.391249573827567,2.4327533041262352,-0.9231315724112087,-0.21638045712959852,27.511266677598854,-0.21638045712959852,33.14308111333146,508.85599615984734,24.87442801142058,380.21376534998154,55.14544409883062,0.0010243656965230206,5.121828482615103,322.42705098312484,0.10728941553608214,BEARING,BEARING,0.4,0.6,True
3.9,3.9,AEROTWIN-4-001,IDLE,0.15,1163.6217637328057,284.1329256568171,23.82316695898521,36.09673064609316,20.372229684193712,3.3946554284533437,12.3298455334461,-1.5740961225591175,-0.21643042975643884,38.10368762816515,-0.21643042975643884,33.14429625511147,508.8557682684827,24.87414746195751,380.2706546287568,55.153695206045626,0.001024642897334082,5.12321448667041,322.42705098312484,0.2811998089323091,BEARING,BEARING,0.4,0.6,True
3.91,3.91,AEROTWIN-4-001,IDLE,0.15,1152.2515496413678,353.9502314807855,23.85097251657452,0.17813806357048179,20.57994155764052,3.411917212200168,-23.813720706270207,-0.17127541291247395,-0.21668303969654595,0.7827795558760476,-0.21668303969654595,33.145705671180636,508.8580691033704,24.87386952466785,380.5588094951769,55.195488611561466,0.0010260487323805938,5.130243661902969,322.42705098312484,0.4808543858953173,BEARING,BEARING,0.4,0.6,True
3.92,3.92,AEROTWIN-4-001,IDLE,0.15,1162.48997422707,423.08532445926755,23.79715925505368,45.00160115198946,20.179716840260763,3.37857800321139,21.443306308517307,46.87981209550054,-1.4458226373366074,-0.21619415308723822,-0.21619415308723822,33.14669617466769,508.8554394684896,24.873586924481025,380.0020068463425,55.11473106897982,0.0010233348855501188,5.116674427750594,322.42705098312484,0.4373350838125101,BEARING,BEARING,0.4,0.6,True
3.93,3.93,AEROTWIN-4-001,IDLE,0.15,1159.283080647538,492.8347229128918,23.84563638438114,17.23202354664657,20.539927121471212,3.408598632043314,-6.716502206867957,18.856757794698947,-1.1914651248184578,-0.21663456161695904,-0.21663456161695904,33.1480368151873,508.8572634707318,24.873308762981885,380.50343436710807,55.18745711373662,0.001025778343222233,5.1288917161111645,322.42705098312484,0.18228577086662176,BEARING,BEARING,0.4,0.6,True
3.94,3.94,AEROTWIN-4-001,IDLE,0.15,1154.8682093497741,562.3917077517441,23.830492071077565,14.579469529538637,20.426758824318274,3.3991955289536993,-9.246484823733336,-0.21649697746442795,15.631000597328631,-0.21649697746442795,-0.6185371128611382,33.14924788608734,508.8576674899553,24.873029372887235,380.346471898891,55.16469159127136,0.0010250125058354818,5.125062529177409,322.42705098312484,0.2283492691023473,BEARING,BEARING,0.4,0.6,True
3.95,3.95,AEROTWIN-4-001,IDLE,0.15,1163.9477675747744,631.6838003127306,23.80958384170561,42.67390628276368,20.27147355422871,3.3862504502004724,19.0161822783345,-0.2163070288704308,44.72812255959679,-0.2163070288704308,-1.6216022190922454,33.15028866219066,508.8561693209992,24.872748249979505,380.13024239466426,55.13333009643731,0.001023958927786282,5.11979463893141,322.42705098312484,0.3964569151385173,BEARING,BEARING,0.4,0.6,True
3.96,3.96,AEROTWIN-4-001,IDLE,0.15,1154.0722384566907,701.520666367217,23.852508713159338,3.3210879390067074,20.59147465207213,3.4128731053901404,-20.68325981845556,-0.2166969958463566,4.269618220813695,-0.2166969958463566,-0.5151362901142742,33.151638221729435,508.85859984550626,24.872471086839457,380.5747579046395,55.197801736973105,0.0010261266263422932,5.130633131711466,322.42705098312484,0.4258889379024746,BEARING,BEARING,0.4,0.6,True
3.97,3.97,AEROTWIN-4-001,IDLE,0.15,1161.4418524853775,50.76500067461848,23.80580691847115,39.06233980057853,20.24353973072465,3.383916541644303,15.434883528209575,-0.21627271600513465,-0.21627271600513465,-1.2563686505808298,40.751253883169625,33.152622644502046,508.8567372372786,24.872189881462777,380.09124012920245,55.12767328585927,0.0010237690661627915,5.118845330813958,322.42705098312484,0.33329809357863144,BEARING,BEARING,0.4,0.6,True
3.98,3.98,AEROTWIN-4-001,IDLE,0.15,1162.1284041328297,120.45151182374113,23.840690698089794,25.346341274291696,20.502905487743803,3.4055253785837962,1.4379104079640967,-0.21658963068853468,-0.21658963068853468,-1.4003467808393026,27.17986731650807,33.15385558369298,508.8580796002689,24.87191191080004,380.4521432393679,55.18001795115144,0.0010255279922647541,5.127639961323771,322.42705098312484,0.09286660561461081,BEARING,BEARING,0.4,0.6,True
3.99,3.99,AEROTWIN-4-001,IDLE,0.15,1152.7642889814895,190.17921607171093,23.84393071087278,4.322533553785274,20.527152011843405,3.4075384531549457,-19.612156911213077,-0.28711944182033605,-0.2166190657909392,5.042891127187489,-0.2166190657909392,33.155098153677024,508.85968264060483,24.871634356905417,380.4857415348191,55.1848909807271,0.0010256919743657255,5.128459871828627,322.42705098312484,0.408161704465672,BEARING,BEARING,0.4,0.6,True
4.0,4.0,AEROTWIN-4-001,IDLE,0.15,1163.6131742355556,259.3450734106003,23.79959577807831,46.29961391884554,20.197680342824313,3.3800814334792473,22.721852142541977,-1.5936630511285652,-0.21621628858778855,48.32570954714968,-0.21621628858778855,33.155995616290646,508.8572324127246,24.871352979524367,380.0271394249501,55.11837624791592,0.0010234571439272045,5.117285719636023,322.42705098312484,0.4600221399852754,BEARING,BEARING,0.4,0.6,True
4.01,4.01,AEROTWIN-4-001,IDLE,0.15,1156.104022364482,329.1618638647337,23.85093203604423,8.264398853765375,20.579637729189574,3.411892026478806,-15.727130901903006,-0.8330600576222901,-0.21668267193609742,9.530824255259859,-0.21668267193609742,33.157265282522545,508.8594929627932,24.871076308796955,380.5583892769453,55.195427663949594,0.0010260466801051869,5.130233400525935,322.42705098312484,0.3393438688848336,BEARING,BEARING,0.4,0.6,True
4.0200000000000005,4.0200000000000005,AEROTWIN-4-001,IDLE,0.15,1158.9333537828331,398.5281052066026,23.81544341126315,29.630493281325567,20.314881372467593,3.389874043216142,5.925737865641832,31.073992351487238,-1.0107785455384077,-0.21636026231163155,-0.21636026231163155,33.15825458923865,508.8584787911653,24.87079658848717,380.19078610262346,55.1421112347523,0.0010242537595764553,5.121268797882276,322.42705098312484,0.1681296157121413,BEARING,BEARING,0.4,0.6,True
4.03,4.03,AEROTWIN-4-001,IDLE,0.15,1163.621566161827,468.0641064335726,23.828838319079424,33.631575315168014,20.41443619339638,3.3981700762280407,9.818969045543593,35.608126184622726,-1.5435869627773127,-0.21648195333869835,-0.21648195333869835,33.1593319005081,508.8587025444359,24.87051818882329,380.3293491538452,55.1622081425754,0.0010249290147976995,5.124645073988497,322.42705098312484,0.2379943445969829,BEARING,BEARING,0.4,0.6,True
4.04,4.04,AEROTWIN-4-001,IDLE,0.15,1152.166301023652,537.8814004032822,23.850971585466137,0.0,20.579934569117313,3.411916632891802,-23.991851202009116,0.16182733704141017,-0.06007772080295551,-0.21668303123754523,-0.21668303123754523,33.160562098668926,508.8609299377515,24.870241901101714,380.5587998295509,55.1954872096784,0.001026048685175227,5.130243425876135,322.42705098312484,0.4839717800832521,BEARING,BEARING,0.4,0.6,True
4.05,4.05,AEROTWIN-4-001,IDLE,0.15,1162.885864690041,607.0113784647014,23.796754066115977,46.00606066688391,20.176730982997817,3.378328041208989,22.451001642677106,-0.2161904719974792,47.9311002383106,-0.2161904719974792,-1.4926586274317284,33.16137394376242,508.8581922468893,24.869960900241722,379.9978280588033,55.11412498599271,0.0010233145598647602,5.1165727993238015,322.42705098312484,0.45491781063851466,BEARING,BEARING,0.4,0.6,True
4.0600000000000005,4.0600000000000005,AEROTWIN-4-001,IDLE,0.15,1158.5294762910478,676.7845303461038,23.847503432304727,14.839680323625995,20.553919407091147,3.4097594435087366,-9.123998526973889,-0.21665152350893477,16.385614439056443,-0.21665152350893477,-1.1126310684125793,33.16255377648129,508.8601170970128,24.86968455352308,380.52280534745137,55.190266641983655,0.0010258729167566892,5.129364583783446,322.42705098312484,0.2241957231891746,BEARING,BEARING,0.4,0.6,True
4.07,4.07,AEROTWIN-4-001,IDLE,0.15,1155.8857314128086,26.29629892356661,23.826927968557765,18.26014971107285,20.400210190463305,3.3969858455709736,-5.53704632496143,-0.21646459804814863,-0.21646459804814863,-0.7192251876837983,19.412304094852942,33.16356577811846,508.8601268022836,24.86940648678417,380.3095738899862,55.15933997785582,0.0010248326029239719,5.124163014619859,322.42705098312484,0.16385360580111108,BEARING,BEARING,0.4,0.6,True
4.08,4.08,AEROTWIN-4-001,IDLE,0.15,1164.069076125787,95.64944280833512,23.81440878305101,40.83560161570124,20.307210546928236,3.3892339807160274,17.13915708805698,-0.21635086284643965,-0.21635086284643965,-1.6147500602775038,42.883053401671624,33.1644727072528,508.85900323140345,24.869127429179787,380.18009275353495,55.1405602927872,0.0010242016763282744,5.1210083816413725,322.42705098312484,0.36423093772342463,BEARING,BEARING,0.4,0.6,True
4.09,4.09,AEROTWIN-4-001,IDLE,0.15,1153.6097240765607,165.49358737588233,23.853080248110235,2.1029801249954954,20.595767030461626,3.4132288006393074,-21.90601570610544,-0.21670218816840411,-0.21670218816840411,-0.40711031618092786,2.9434948175132316,33.16565745831868,508.8614148975294,24.868851963806758,380.58069220307334,55.19866243574935,0.0010261556124633625,5.130778062316813,322.42705098312484,0.4472192845707407,BEARING,BEARING,0.4,0.6,True
4.1,4.1,AEROTWIN-4-001,IDLE,0.15,1162.107089519926,234.71017082047598,23.803611237372586,41.406718032311744,20.22731708583178,3.38256037865076,17.796840567829207,-1.3238564500856,-0.21625276852272862,43.1630800194428,-0.21625276852272862,33.16645967079151,508.85928369255254,24.868572197072332,380.06857463249133,55.12438592754728,0.0010236587562231737,5.118293781115868,322.42705098312484,0.37435006763164747,BEARING,BEARING,0.4,0.6,True
4.11,4.11,AEROTWIN-4-001,IDLE,0.15,1161.5013402653772,304.4365961916715,23.843830146765924,22.66519672463956,20.52639904119879,3.4074759554457206,-1.2686782720049496,-1.3399226736504437,-0.2166181521788698,24.438355702647748,-0.2166181521788698,33.167551416145166,508.86084749574724,24.868296150501717,380.48469850526243,55.18473970180625,0.0010256868830856576,5.128434415428288,322.42705098312484,0.08716273248940491,BEARING,BEARING,0.4,0.6,True
4.12,4.12,AEROTWIN-4-001,IDLE,0.15,1153.5769628310036,374.12667660759416,23.840971501909728,7.313928332068227,20.505005814270767,3.4056998058649137,-16.596777288067454,8.143584498942424,-0.3964718033634335,-0.2165921817553819,-0.2165921817553819,33.168608788034476,508.86211259703873,24.86801997211466,380.45505459484076,55.180440208326516,0.0010255422000435693,5.127711000217847,322.42705098312484,0.35574266808575605,BEARING,BEARING,0.4,0.6,True
4.13,4.13,AEROTWIN-4-001,IDLE,0.15,1164.0374069961445,443.34129437745435,23.803455682251535,45.51693558108211,20.226168235092047,3.3824643176616194,21.908303028328444,47.56038299598066,-1.6109447042499145,-0.21625135532431727,-0.21625135532431727,33.169374921069384,508.8599499090403,24.867740566967953,380.0669691001846,55.124153064352576,0.0010236509430062654,5.118254715031328,322.42705098312484,0.4462806714030991,BEARING,BEARING,0.4,0.6,True
4.14,4.14,AEROTWIN-4-001,IDLE,0.15,1155.6634678631005,513.183538797223,23.85293104669709,6.469445241628728,20.594646407713125,3.413135941901279,-17.538337107985676,7.636055199319713,-0.7332082923057507,-0.21670083269261778,-0.21670083269261778,33.17050010514835,508.8623243357412,24.867465718710395,380.57914299143397,55.1984377411916,0.0010261480452088188,5.130740226044095,322.42705098312484,0.37080263119954904,BEARING,BEARING,0.4,0.6,True
4.15,4.15,AEROTWIN-4-001,IDLE,0.15,1160.1183594672118,582.5233468690091,23.813355153356905,33.018287038396565,20.299401611103512,3.388582269950099,9.330303157342954,-0.21634129075521047,34.54764241883919,-0.21634129075521047,-1.0966727989322065,33.17131702879674,508.86105057071757,24.86718744434558,380.16920438506395,55.1389810656009,0.0010241486473908058,5.120743236954029,322.42705098312484,0.22744008004068428,BEARING,BEARING,0.4,0.6,True
4.16,4.16,AEROTWIN-4-001,IDLE,0.15,1163.5127568459338,652.1304484370418,23.83444010532607,30.967058869354183,20.456204929412092,3.401644694370379,7.109209245571712,-0.2165328448514369,32.90447875472843,-0.2165328448514369,-1.5043541956713722,33.17228086409755,508.8617178890784,24.866911182028893,380.38736325166536,55.17062239129504,0.0010252119353543639,5.12605967677182,322.42705098312484,0.1913009256109764,BEARING,BEARING,0.4,0.6,True
4.17,4.17,AEROTWIN-4-001,IDLE,0.15,1152.0594816340388,1.941213847797826,23.850458770281403,0.0,20.57608592283974,3.4115975873141795,-23.98768351015392,-0.21667837237707513,-0.21667837237707513,-0.055048372786875854,0.42544607161891124,33.173352882424375,508.863823266214,24.86663648752492,380.55347657810296,55.1947151359349,0.0010260226877695233,5.130113438847617,322.42705098312484,0.4839597052392293,BEARING,BEARING,0.4,0.6,True
4.18,4.18,AEROTWIN-4-001,IDLE,0.15,1163.0523748513249,71.06478274584016,23.79624631455198,46.57446646091899,20.172989915103713,3.3780148303999638,23.023461715415316,-0.21618585913935692,-0.21618585913935692,-1.533653964641708,48.540492143839415,33.17400975781183,508.86096746240185,24.86635706668839,379.9925918099645,55.11336553093363,0.0010232890915511308,5.1164454577556535,322.42705098312484,0.46487078377639685,BEARING,BEARING,0.4,0.6,True
4.19,4.19,AEROTWIN-4-001,IDLE,0.15,1157.5836296251828,140.84792523691965,23.848288541090717,12.51634039635973,20.55980593742685,3.4102476768015455,-11.453713217868668,-0.2166586561220021,-0.2166586561220021,-1.025955992109541,13.975613700713275,33.17504493254929,508.86289429363524,24.866082428040777,380.5309523208299,55.191448262708526,0.001025912696091521,5.1295634804576045,322.42705098312484,0.26487265367541235,BEARING,BEARING,0.4,0.6,True
4.2,4.2,AEROTWIN-4-001,IDLE,0.15,1156.7760103512173,210.3029430144306,23.82245183940192,22.069652134065215,20.366913507760056,3.3942124782965295,-1.6914738519913706,-0.8190108794472662,-0.21642393298634083,23.321510879485164,-0.21642393298634083,33.17587535889303,508.8624292061337,24.865805591599607,380.2632565106541,55.152622197792255,0.0010246068424914338,5.123034212457169,322.42705098312484,0.09708215638922353,BEARING,BEARING,0.4,0.6,True
4.21,4.21,AEROTWIN-4-001,IDLE,0.15,1163.9170423796381,279.70950363550367,23.8186273611797,38.686491295483336,20.33850437422245,3.3918444149037414,14.956142506357146,-1.5996714221143835,-0.21638918809005336,40.71894109377783,-0.21638918809005336,33.17666758632872,508.86162962327376,24.86552853831431,380.2237020288764,55.14688529486418,0.0010244141060713635,5.122070530356817,322.42705098312484,0.3265728931946901,BEARING,BEARING,0.4,0.6,True
4.22,4.22,AEROTWIN-4-001,IDLE,0.15,1152.962402247288,349.54452617828196,23.85236394577133,1.059825916361928,20.59038754362287,3.412783014412642,-22.943344641673587,-0.2949304412773073,-0.2166956806531224,1.78814771894548,-0.2166956806531224,33.17770157838581,508.8639104722832,24.865254644514728,380.5732548378119,55.19758373516656,0.0010261192847992135,5.130596423996067,322.42705098312484,0.46545761406415553,BEARING,BEARING,0.4,0.6,True
4.23,4.23,AEROTWIN-4-001,IDLE,0.15,1162.4098275830333,418.7222703131192,23.800536958465063,43.37192694318168,20.20462325785712,3.3806623319142988,19.78664135341026,45.190368160012504,-1.3859915386479902,-0.2162248390914195,-0.2162248390914195,33.17833860105558,508.8614394542964,24.864976227519858,380.0368496027739,55.11978459268712,0.0010235043854856028,5.117521927428014,322.42705098312484,0.40877674066310193,BEARING,BEARING,0.4,0.6,True
4.24,4.24,AEROTWIN-4-001,IDLE,0.15,1160.5305124044803,488.46685996810123,23.845258339764626,20.00943013591426,20.53709501192006,3.4083636298090734,-3.9360285058148707,21.714806839081348,-1.272114448907306,-0.2166311271298919,-0.2166311271298919,33.179299569469514,508.8630791083317,24.86470194255181,380.4995126190944,55.18688831124821,0.0010257591979684869,5.128795989842434,322.42705098312484,0.13367225814609507,BEARING,BEARING,0.4,0.6,True
4.25,4.25,AEROTWIN-4-001,IDLE,0.15,1154.2303496233117,558.0986907123701,23.83638728350146,10.67856549834622,20.47074238160494,3.4028531899009327,-13.195030073159652,-0.2165505347165181,11.616209892799796,-0.2165505347165181,-0.5045433250205391,33.18018298023065,508.86387235022534,24.86442698232636,380.40753816623436,55.1735485205543,0.0010253103513982694,5.126551756991347,322.42705098312484,0.2967536902633408,BEARING,BEARING,0.4,0.6,True
4.26,4.26,AEROTWIN-4-001,IDLE,0.15,1164.1171659195918,627.3525116897688,23.806557342000012,44.34036673228278,20.24908695529381,3.3843801477985087,20.706899629190463,-0.2162795335070701,46.393290921162226,-0.2162795335070701,-1.6203651218653026,33.18083497790946,508.8619456913083,24.864149474586213,380.0989879432152,55.128797013308045,0.001023806777932477,5.1190338896623855,322.42705098312484,0.42565490147270213,BEARING,BEARING,0.4,0.6,True
4.2700000000000005,4.2700000000000005,AEROTWIN-4-001,IDLE,0.15,1154.9708308266313,697.1995416449442,23.853306804731496,4.854799145939354,20.597468762203533,3.4133698072793752,-19.156039423543554,-0.21670424640637845,5.91804167323538,-0.21670424640637845,-0.6298340344832692,33.18182633941856,508.86430440584826,24.86387629316023,380.58304467561305,55.19900363366157,0.0010261671034751173,5.130835517375587,322.42705098312484,0.39906778740831544,BEARING,BEARING,0.4,0.6,True
4.28,4.28,AEROTWIN-4-001,IDLE,0.15,1160.9151046225038,46.49779149454207,23.810070623344686,36.11128563408057,20.27507635663418,3.3865513520864146,12.449657925359979,-0.2163114512194629,-0.2163114512194629,-1.1767578250532027,37.7206663615727,33.18248477726218,508.86268429462774,24.86359934744202,380.1352704159592,55.134059350589894,0.001023983407952114,5.11991703976057,322.42705098312484,0.28160543762739265,BEARING,BEARING,0.4,0.6,True
4.29,4.29,AEROTWIN-4-001,IDLE,0.15,1163.003459280167,116.1526977718923,23.838203713321775,28.262133010141547,20.484312369890098,3.4039808731819186,4.37383976706953,-0.2165670367494892,-0.2165670367494892,-1.4579659379372003,30.153233021577723,33.18334381734265,508.86365223210026,24.863325050967838,380.42636268927936,55.1762787917277,0.0010254021930310043,5.127010965155022,322.42705098312484,0.1439215040838237,BEARING,BEARING,0.4,0.6,True
4.3,4.3,AEROTWIN-4-001,IDLE,0.15,1152.3533466882689,185.9329053287023,23.84805791038605,1.6626371646339848,20.558076568185438,3.4101042488558155,-22.30554365240727,-0.16795831457987048,-0.21665656087150026,2.263908600956856,-0.21665656087150026,33.184266061866424,508.86549098027496,24.863051769050077,380.52855901447913,55.19110114234202,0.0010259010100199084,5.129505050099542,322.42705098312484,0.4548070309645097,BEARING,BEARING,0.4,0.6,True
4.3100000000000005,4.3100000000000005,AEROTWIN-4-001,IDLE,0.15,1163.3902765828557,255.07410612999843,23.797643065539766,46.67785100482293,20.183282600400965,3.3788764877424455,23.115691916679516,-1.5667797038125193,-0.2161985484437248,48.677027805522904,-0.2161985484437248,33.184804167088224,508.86271942577736,24.86277408800074,380.00699673752496,55.11545479281715,0.001023359157271776,5.116795786358881,322.42705098312484,0.46666386223080614,BEARING,BEARING,0.4,0.6,True
4.32,4.32,AEROTWIN-4-001,IDLE,0.15,1156.8893446682641,324.87752272496977,23.84988147436422,10.367472651606843,20.571754158093345,3.4112384564257967,-13.615519962912298,-0.93493290522572,-0.21667312771738453,11.735751812267333,-0.21667312771738453,33.185722621075406,508.86474727295416,24.862501221527964,380.54748438714677,55.193846040542994,0.0010259934246293011,5.129967123146506,322.42705098312484,0.30251534136536673,BEARING,BEARING,0.4,0.6,True
4.33,4.33,AEROTWIN-4-001,IDLE,0.15,1157.8793617775832,394.29088340506564,23.819164194183024,25.808153584330974,20.34248987080991,3.3921767284777196,2.073486985043344,27.155306068911575,-0.9143643542819239,-0.21639406514933843,-0.21639406514933843,33.186402007099794,508.86393831027385,24.862225710792924,380.2292530964572,55.147690410603964,0.0010244411513091595,5.122205756545798,322.42705098312484,0.10119579950073564,BEARING,BEARING,0.4,0.6,True
4.34,4.34,AEROTWIN-4-001,IDLE,0.15,1163.871796452853,463.7636451117206,23.823851702618853,36.32292670337729,20.377321257824143,3.39507961025678,12.55052583529637,38.332463254742905,-1.5766632502357811,-0.2164366505649131,-0.2164366505649131,33.18710799603605,508.8635738647074,24.86195074531491,380.27773909835344,55.154722723346985,0.0010246774254259517,5.123387127129759,322.42705098312484,0.285150358836911,BEARING,BEARING,0.4,0.6,True
4.3500000000000005,4.3500000000000005,AEROTWIN-4-001,IDLE,0.15,1152.5256862659226,533.5959528988918,23.85215075523387,0.2381994595144915,20.588786719809296,3.4126503464261955,-23.763237606721,0.8528606797539214,-0.1812737325508047,-0.21669374384431261,-0.21669374384431261,33.18801593074535,508.8657867165695,24.861678458781004,380.5710414069374,55.19726270357939,0.0010261084737162743,5.130542368581372,322.42705098312484,0.47983105655564084,BEARING,BEARING,0.4,0.6,True
4.36,4.36,AEROTWIN-4-001,IDLE,0.15,1162.7090815577542,602.7474940748472,23.79846205997229,44.89675509024547,20.189320051522195,3.379381813776786,21.32805322494649,-0.21620598890356393,46.770715820531706,-0.21620598890356393,-1.4415487524791055,33.18851570195608,508.86308162848354,24.861401469732602,380.015444283972,55.11668000805873,0.0010234002496703534,5.117001248351767,322.42705098312484,0.43548521526450795,BEARING,BEARING,0.4,0.6,True
4.37,4.37,AEROTWIN-4-001,IDLE,0.15,1159.5950347495286,672.5100389683124,23.846669778625383,17.43486732972707,20.547670625206226,3.409241088291711,-6.522044383770869,-0.21664394987171015,19.065912934372303,-0.21664394987171015,-1.1977577049018129,33.18936598482568,508.86480847986763,24.861128936003592,380.51415548500785,55.189012083234566,0.0010258306845228164,5.129153422614082,322.42705098312484,0.17876032744760062,BEARING,BEARING,0.4,0.6,True
4.38,4.38,AEROTWIN-4-001,IDLE,0.15,1155.0390005243457,22.085741053284096,23.831966843203972,14.295728127345438,20.437753668749902,3.400110226154432,-9.542135767558896,-0.2165103755808774,-0.2165103755808774,-0.6105489809853747,15.339297859492568,33.19009687619971,508.8651575684779,24.860855197419486,380.3617444050169,55.166906685014844,0.0010250869838137533,5.125434919068766,322.42705098312484,0.23334940991057448,BEARING,BEARING,0.4,0.6,True
4.39,4.39,AEROTWIN-4-001,IDLE,0.15,1164.1764041404097,91.38808108474485,23.81039396356017,42.80155443197102,20.277469813816978,3.3867512360798493,19.137333382074193,-0.21631438872403208,-0.21631438872403208,-1.6218818355344684,44.85606504495355,33.19065971349095,508.8635453437764,24.860579645134486,380.13861039540325,55.134543774528495,0.0010239996699656544,5.119998349828272,322.42705098312484,0.39868141137350344,BEARING,BEARING,0.4,0.6,True
4.4,4.4,AEROTWIN-4-001,IDLE,0.15,1154.3414233548322,161.23866533316942,23.853585871680544,3.414773008285776,20.599565094915587,3.413543502814753,-20.598335589444567,-0.21670678169397548,-0.21670678169397548,-0.5227402953569407,4.370926867030668,33.191536015274025,508.8658894548136,24.860308112282066,380.58594248389915,55.199423925979765,0.001026181258530858,5.130906292654291,322.42705098312484,0.42427481735378336,BEARING,BEARING,0.4,0.6,True
4.41,4.41,AEROTWIN-4-001,IDLE,0.15,1161.6249955363583,230.49915073445936,23.807084464831682,38.892368095252685,20.25298435734754,3.3847058329895305,15.254677904915615,-1.251661956935336,-0.2162843223506856,40.5765986968894,-0.2162843223506856,33.1920574587995,508.8639599713096,24.86003251097636,380.1044306868353,55.12958641795722,0.0010238332712627506,5.1191663563137535,322.42705098312484,0.33030884053244336,BEARING,BEARING,0.4,0.6,True
4.42,4.42,AEROTWIN-4-001,IDLE,0.15,1162.391150013658,300.1966504666409,23.841555159544658,25.520064604409534,20.509372037420018,3.4060623820564127,1.6046301849331028,-1.404045876567622,-0.2165974842104659,27.35730544939809,-0.2165974842104659,33.19282751176951,508.86520025582814,24.85976013573145,380.4611062372723,55.1813179264415,0.0010255717337740223,5.127858668870112,322.42705098312484,0.09589684545152116,BEARING,BEARING,0.4,0.6,True
4.43,4.43,AEROTWIN-4-001,IDLE,0.15,1152.9426118044926,369.94011946746036,23.84517023607065,4.155771752522241,20.536435038258357,3.408308864315319,-19.788972150051436,4.869490987046607,-0.28045858108620153,-0.21663032671908242,-0.21663032671908242,33.19361527674669,508.8667378851526,24.85948821159538,380.4985986776037,55.18675575500229,0.0010257547363519651,5.128773681759826,322.42705098312484,0.4111092063473633,BEARING,BEARING,0.4,0.6,True
4.44,4.44,AEROTWIN-4-001,IDLE,0.15,1163.8047099925107,439.11667617572994,23.800442945862088,46.3340591945948,20.203929644590534,3.3806043033052475,22.74952524669902,48.359019044294456,-1.5925118797018039,-0.21622398499892628,-0.21622398499892628,33.194063347144244,508.86418770022567,24.85921238679588,380.0358796235772,55.119643908844395,0.0010234996662315345,5.117498331157673,322.42705098312484,0.4606151414889192,BEARING,BEARING,0.4,0.6,True
4.45,4.45,AEROTWIN-4-001,IDLE,0.15,1156.3408248384778,508.9449587752806,23.851834642806114,8.36654240861261,20.586413281393753,3.4124536386506263,-15.63232451143177,9.638292374629176,-0.8383682220100235,-0.21669087200327203,-0.21669087200327203,33.19488601003389,508.86635645485967,24.85894131645197,380.5677595054198,55.196786703147076,0.001026092444209269,5.130462221046344,322.42705098312484,0.3375776108698241,BEARING,BEARING,0.4,0.6,True
4.46,4.46,AEROTWIN-4-001,IDLE,0.15,1159.0813978401782,578.3254082655893,23.816565588056488,29.45361539463457,20.323204337787494,3.390568384334622,5.739842672512455,-0.2163704571445042,30.892685004977274,-0.2163704571445042,-1.0063286960536952,33.195437536352635,508.86527218270464,24.858667182349215,380.202385813118,55.14379363356301,0.001024310261961934,5.1215513098096705,322.42705098312484,0.1650213198174201,BEARING,BEARING,0.4,0.6,True
4.47,4.47,AEROTWIN-4-001,IDLE,0.15,1163.8270012052346,647.870292136,23.829538427056796,33.7574246837419,20.419652073990928,3.398604164076139,9.939168445674834,-0.2164883137302735,35.735727866390924,-0.2164883137302735,-1.5453265551884712,33.19607829276259,508.86538954863994,24.858394340204562,380.336597566858,55.16325943790196,0.0010249643570172434,5.124821785086217,322.42705098312484,0.2401886587183462,BEARING,BEARING,0.4,0.6,True
4.48,4.48,AEROTWIN-4-001,IDLE,0.15,1152.3679785618785,717.6999122083141,23.85193968110228,0.0,20.587201902557645,3.412518999900084,-23.999720902457728,-0.21669182626277994,0.18307931296204086,-0.21669182626277994,-0.06522422380874038,33.19687771875949,508.86753781044047,24.8581236512992,380.56885000633577,55.196944867218924,0.0010260977704062008,5.130488852031004,322.42705098312484,0.48399457652624134,BEARING,BEARING,0.4,0.6,True
4.49,4.49,AEROTWIN-4-001,IDLE,0.15,1163.0684660035338,66.84199092202687,23.79771260339293,45.97376303511668,20.18379515345733,3.3789193906366433,22.41104849102271,-0.21619918018624126,-0.21619918018624126,-1.4908400457848145,47.897001441273986,33.19726719808038,508.86472135599166,24.85784819797781,380.0077139559673,55.11555881674558,0.0010233626460233402,5.116813230116701,322.42705098312484,0.4543415187757549,BEARING,BEARING,0.4,0.6,True
4.5,4.5,AEROTWIN-4-001,IDLE,0.15,1158.7536746181993,136.6260988822389,23.848364406985016,14.933791755829612,20.56037484259819,3.410294858524075,-9.036877945292654,-0.21665934535396425,-0.21665934535396425,-1.1159415645705317,16.48305201110807,33.1980258404537,508.8665612360934,24.85757743223598,380.531739612905,55.19156244997652,0.0010259165403370821,5.129582701685411,322.42705098312484,0.22256904086393567,BEARING,BEARING,0.4,0.6,True
4.51,4.51,AEROTWIN-4-001,IDLE,0.15,1156.0403950369403,206.15131935933087,23.82798850321927,18.123070404326135,20.408106641337966,3.397643229400665,-5.6826794664124956,-0.7155718380831009,-0.21647423287012493,19.27159070814949,-0.21647423287012493,33.19862438875979,508.8665059228846,24.85730494383615,380.3205515996019,55.16093216290306,0.0010248861216894441,5.124430608447221,322.42705098312484,0.16627741462990964,BEARING,BEARING,0.4,0.6,True
4.5200000000000005,4.5200000000000005,AEROTWIN-4-001,IDLE,0.15,1164.253850773363,275.5137430615473,23.815141855748145,40.90455428108446,20.312645334850217,3.3896874781476876,17.202221468086552,-1.6151735655546084,-0.2163575227182844,42.95244289207563,-0.2163575227182844,33.199121105431914,508.8652891583997,24.85703142155355,380.1876692527641,55.1416591730824,0.0010242385781631677,5.121192890815839,322.42705098312484,0.3654291590142895,BEARING,BEARING,0.4,0.6,True
4.53,4.53,AEROTWIN-4-001,IDLE,0.15,1153.8080290345833,345.3689741079491,23.853950698469074,2.1383986490863998,20.602305951055573,3.413770588203009,-21.87767789017218,-0.41054645176906274,-0.2167100960987632,2.9823652930529887,-0.2167100960987632,33.19989923353252,508.86762286548543,24.85676153540651,380.5897309646582,55.199973399652094,0.0010261997647413288,5.130998823706645,322.42705098312484,0.44661996121979597,BEARING,BEARING,0.4,0.6,True
4.54,4.54,AEROTWIN-4-001,IDLE,0.15,1162.2731732292846,414.59745585002406,23.804552737131278,41.34677019733145,20.234271815740197,3.383141839156768,17.729356542434488,43.10135572920658,-1.322062888019508,-0.21626132192781286,-0.21626132192781286,33.200303074049835,508.8654214491488,24.85648730825563,380.07829278070136,55.125795428327365,0.0010237060509094517,5.118530254547259,322.42705098312484,0.37329010720082545,BEARING,BEARING,0.4,0.6,True
4.55,4.55,AEROTWIN-4-001,IDLE,0.15,1161.6975210566818,484.3338462437811,23.844613701049777,22.73458640991917,20.532266562584393,3.407962938316176,-1.2056430909813982,24.50944912268787,-1.3416121714297333,-0.21662527066948373,-0.21662527066948373,33.20099768152764,508.8669029871612,24.85621681983909,380.4928257023482,55.18591845421718,0.0010257265549212327,5.128632774606164,322.42705098312484,0.08596685223815465,BEARING,BEARING,0.4,0.6,True
4.5600000000000005,4.5600000000000005,AEROTWIN-4-001,IDLE,0.15,1153.73464424027,554.035697507182,23.841897457702043,7.240797936452273,20.511933103716714,3.406275037988802,-16.677410205253242,-0.21660059394551645,8.067984310177675,-0.21660059394551645,-0.39398518583436926,33.20166386278763,508.8681007786493,24.85594620751753,380.46465554900243,55.181832711516215,0.0010255890560234978,5.127945280117489,322.42705098312484,0.3570442350556984,BEARING,BEARING,0.4,0.6,True
4.57,4.57,AEROTWIN-4-001,IDLE,0.15,1164.202508827641,623.2597761615982,23.80420434160264,45.53846899490354,20.231698006897123,3.3829266637014475,21.92384432430497,-0.21625815679892305,47.581711468492436,-0.21625815679892305,-1.6107261599910507,33.20204426195489,508.8658559638575,24.85567231706543,380.0746965186979,55.12527383367891,0.0010236885488205704,5.118442744102852,322.42705098312484,0.4466488595468909,BEARING,BEARING,0.4,0.6,True
4.58,4.58,AEROTWIN-4-001,IDLE,0.15,1155.8401764582413,693.1119266912567,23.853708845034845,6.500081012800461,20.600488926099594,3.4136200457554744,-17.51402795905461,-0.2167078988911964,7.668541392072281,-0.2167078988911964,-0.7350445814894269,33.202785733160866,508.86815349711577,24.855403026914985,380.5872194605431,55.199609136118255,0.0010261874963306268,5.130937481653134,322.42705098312484,0.3702848235730067,BEARING,BEARING,0.4,0.6,True
4.59,4.59,AEROTWIN-4-001,IDLE,0.15,1160.26861127565,42.46233727875119,23.814192846168627,32.96960251096451,20.30560991150358,3.389100406612798,9.274892192848135,-0.21634890108743693,-0.21634890108743693,-1.0954373695054662,34.49773768264485,33.20322613838648,508.8668097353128,24.855130278907914,380.1778611165971,55.14023662062901,0.0010241908073836269,5.1209540369181346,322.42705098312484,0.22657844276880582,BEARING,BEARING,0.4,0.6,True
4.6000000000000005,4.6000000000000005,AEROTWIN-4-001,IDLE,0.15,1163.6772742588892,112.0784539552902,23.835150025391123,31.00267632431759,20.461504010830115,3.402085255682785,7.139087057804691,-0.21653929438457567,-0.21653929438457567,-1.5049535813567143,32.940708494443456,33.203815829116955,508.867397468191,24.854859547335526,380.39471825401347,55.17168914612561,0.00102524781241214,5.1262390620607,322.42705098312484,0.1919160765615584,BEARING,BEARING,0.4,0.6,True
4.61,4.61,AEROTWIN-4-001,IDLE,0.15,1152.220990253511,181.89909041082353,23.85123411996943,0.0,20.58190513492549,3.412079977563712,-23.9939851124892,-0.05385604178490703,-0.21668541632998367,0.41169533284870524,-0.21668541632998367,33.20451777188886,508.86943136331143,24.854590401037886,380.56152518457367,55.1958824897202,0.0010260619955025894,5.1303099775129475,322.42705098312484,0.483977961980607,BEARING,BEARING,0.4,0.6,True
4.62,4.62,AEROTWIN-4-001,IDLE,0.15,1163.2103963203829,251.0323498260342,23.79701400842076,46.573293106615395,20.178646463542538,3.378488398406227,23.01615824466663,-1.5334053589971899,-0.2161928335401252,48.53908413269284,-0.2161928335401252,33.20481180124927,508.8665045750516,24.854316477923433,380.00050886800017,55.11451380519701,0.0010233275992893335,5.116637996446668,322.42705098312484,0.464841372508783,BEARING,BEARING,0.4,0.6,True
4.63,4.63,AEROTWIN-4-001,IDLE,0.15,1157.7450120590916,320.8249736052572,23.8490335345855,12.529430142160624,20.565393151756997,3.4107110199487605,-11.446674029545132,-1.0264927467832867,-0.21666542429277133,13.989253737529452,-0.21666542429277133,33.20548552288024,508.86836070195545,24.854047377824273,380.53868374556305,55.19256961308897,0.0010259504485876066,5.129752242938033,322.42705098312484,0.2646611217279393,BEARING,BEARING,0.4,0.6,True
4.64,4.64,AEROTWIN-4-001,IDLE,0.15,1156.9287835401594,390.2896743288027,23.823215789609097,22.0577734004605,20.37259273663812,3.394685676307397,-1.7095050124850144,23.309347718472633,-0.8187125712592908,-0.2164308733764215,-0.2164308733764215,33.20596028324797,508.8678281181462,24.853776056604914,380.2711598189543,55.153768477821494,0.0010246453594571284,5.123226797285642,322.42705098312484,0.09730797870333766,BEARING,BEARING,0.4,0.6,True
4.65,4.65,AEROTWIN-4-001,IDLE,0.15,1164.068694795109,459.7054013412122,23.8193509944791,38.68996439666958,20.343876863491396,3.392292369289918,14.953795163888266,40.722495536513485,-1.599739615431551,-0.21639576220617507,-0.21639576220617507,33.20640096446357,508.8669590367097,24.853504509092037,380.2311847704445,55.14797057673573,0.0010244505628333603,5.122252814166802,322.42705098312484,0.32662533711201147,BEARING,BEARING,0.4,0.6,True
4.66,4.66,AEROTWIN-4-001,IDLE,0.15,1153.1107435138074,529.5495230289188,23.853078451584395,1.0587017234648641,20.595753536766658,3.4132276825193615,-22.950279495821157,1.7869059536041316,-0.2947998864448752,-0.21670217184719626,-0.21670217184719626,33.20708580003919,508.8691716442756,24.853236147135647,380.58067354893467,55.198659730190386,0.00102615552134515,5.13077760672575,322.42705098312484,0.46549411428742227,BEARING,BEARING,0.4,0.6,True
4.67,4.67,AEROTWIN-4-001,IDLE,0.15,1162.558986375635,598.7361676397472,23.80124159546618,43.37927355262102,20.20982268536279,3.381097291225212,19.788353576033018,-0.21623124062859703,45.197972791824434,-0.21623124062859703,-1.3862367579462147,33.20738035114198,508.86663267181746,24.852963213561488,380.0441200739732,55.12083908728893,0.0010235397596839654,5.117698798419828,322.42705098312484,0.4088971639866215,BEARING,BEARING,0.4,0.6,True
4.68,4.68,AEROTWIN-4-001,IDLE,0.15,1160.6701443175325,668.4897068222854,23.84596189041872,19.995185362862923,20.542365932315334,3.408800986231658,-3.9559815556840694,-0.21663751879774545,21.700209256491224,-0.21663751879774545,-1.2717488560328105,33.208000678636864,508.86820642061156,24.85269444826361,380.50681123693386,55.18794688818241,0.0010257948289158385,5.1289741445791925,322.42705098312484,0.13393810021348454,BEARING,BEARING,0.4,0.6,True
4.69,4.69,AEROTWIN-4-001,IDLE,0.15,1154.3807315620568,18.12991548133732,23.837046825619243,10.70641598744269,20.4756686473867,3.4032626120537004,-13.172515271997712,-0.21655652657243887,-0.21655652657243887,-0.5053985508442795,11.644927591431847,33.20854761379714,508.86893132194666,24.85242499349861,380.41437283296744,55.174539806947934,0.0010253436951205648,5.126718475602824,322.42705098312484,0.29628181743025395,BEARING,BEARING,0.4,0.6,True
4.7,4.7,AEROTWIN-4-001,IDLE,0.15,1164.258901606516,87.39275937506073,23.807270999446885,44.32797576258384,20.254363710188333,3.3848210906729035,20.688790961722603,-0.21628601699384542,-0.21628601699384542,-1.620465930133569,46.381013726705106,33.2088689763243,508.8669426381389,24.852152967789433,380.10635681017664,55.1298657790344,0.0010238426471952588,5.119213235976295,322.42705098312484,0.42542982160063236,BEARING,BEARING,0.4,0.6,True
4.71,4.71,AEROTWIN-4-001,IDLE,0.15,1155.1012095123913,157.2482934714517,23.853974490624612,4.836444634525339,20.602484707665354,3.413785398019315,-19.17982547115933,-0.21671031224745818,-0.21671031224745818,-0.6285765424731141,5.8984418014933695,33.209531044333595,508.8692371728739,24.85188530230146,380.58997803606593,55.20000923439493,0.0010262009716689433,5.131004858344717,322.42705098312484,0.39940471684871703,BEARING,BEARING,0.4,0.6,True
4.72,4.72,AEROTWIN-4-001,IDLE,0.15,1161.0635386789827,226.55436604219517,23.81068901683684,36.154060759814584,20.279654112090025,3.386933642359692,12.487473005364867,-1.1778905722219857,-0.21631706924537422,37.76458547052732,-0.21631706924537422,33.2098657966243,508.8675496190574,24.85161382812758,380.1416582950264,55.13498583579404,0.0010240145102191364,5.120072551095682,322.42705098312484,0.28234686841089,BEARING,BEARING,0.4,0.6,True
4.73,4.73,AEROTWIN-4-001,IDLE,0.15,1163.1283785882224,296.2181783629341,23.83890462816125,28.218557631466023,20.48955093376101,3.404416104567203,4.3245905931378115,-1.4571896471578165,-0.21657340447130352,30.108894087566448,-0.21657340447130352,33.210404280155565,508.8684595380148,24.851345032538017,380.4336277141185,55.17733249640032,0.001025437641198205,5.1271882059910245,322.42705098312484,0.1431508892825245,BEARING,BEARING,0.4,0.6,True
4.74,4.74,AEROTWIN-4-001,IDLE,0.15,1152.4949025914595,366.00588107822745,23.848646872315026,1.7022636128549402,20.56249313049301,3.4104705313975954,-22.270700049035668,2.305608339355152,-0.1700209034693748,-0.21666191151541836,-0.21666191151541836,33.21100849604156,508.87023164038794,24.85107724735081,380.53467093778954,55.19198760347512,0.001025930853810383,5.129654269051915,322.42705098312484,0.4541274330619058,BEARING,BEARING,0.4,0.6,True
4.75,4.75,AEROTWIN-4-001,IDLE,0.15,1163.528638328953,435.155575233715,23.798315777068797,46.67653520352605,20.18824156248993,3.3792915513289454,23.109002089707175,48.67636080237978,-1.567416278969605,-0.21620465994206509,-0.21620465994206509,33.21123527584407,508.86740223620313,24.85080502463542,380.01393538317717,55.11646116010525,0.001023392909559186,5.11696454779593,322.42705098312484,0.46663305833646274,BEARING,BEARING,0.4,0.6,True
4.76,4.76,AEROTWIN-4-001,IDLE,0.15,1157.0033299123756,504.9672935334522,23.850533621857615,10.321717802303155,20.576647637333135,3.4116441542545353,-13.666573989284515,11.68795064067222,-0.9328747335808928,-0.21667905239408694,-0.21667905239408694,33.21184358452278,508.86937231101047,24.850537657293188,380.55425355020293,55.19482782641433,0.001026026482241283,5.130132411206415,322.42705098312484,0.3033314061345903,BEARING,BEARING,0.4,0.6,True
4.7700000000000005,4.7700000000000005,AEROTWIN-4-001,IDLE,0.15,1158.0341867685795,574.3874933281948,23.819704064757936,25.898031153193553,20.346498651622504,3.392510950669537,2.1590215509015125,-0.2163989698045735,27.247473838556697,-0.2163989698045735,-0.916644745753997,33.21221706377658,508.86849657319766,24.85026760649181,380.2348359364748,55.14850013455443,0.0010244683524483307,5.122341762241653,322.42705098312484,0.10276243880797015,BEARING,BEARING,0.4,0.6,True
4.78,4.78,AEROTWIN-4-001,IDLE,0.15,1163.9935726543329,643.8695445343095,23.824584451604217,36.25961329257564,20.38277109934173,3.3955335808407994,12.481308612393105,-0.21644330749587778,38.268495116139164,-0.21644330749587778,-1.5759952085717701,33.21262198635655,508.86808452462566,24.849998120001587,380.28532088896446,55.15582237109363,0.0010247143793194436,5.123571896597219,322.42705098312484,0.284033941587099,BEARING,BEARING,0.4,0.6,True
4.79,4.79,AEROTWIN-4-001,IDLE,0.15,1152.6359687087538,713.7091588935695,23.852724526005474,0.21879269952139901,20.59309536516562,3.41300741289815,-23.787310078542372,-0.21669895647850582,0.830277209825917,-0.21669895647850582,-0.17808659734750634,33.21323002298843,508.87023679979046,24.84973131995259,380.57699865991026,55.198126731636066,0.0010261375711807616,5.130687855903808,322.42705098312484,0.48018418701058063,BEARING,BEARING,0.4,0.6,True
4.8,4.8,AEROTWIN-4-001,IDLE,0.15,1162.8361891532745,62.86731701609472,23.798986090705647,44.93618089357398,20.193183972450786,3.3797051787881904,21.363291742335008,-0.21621074965586112,-0.21621074965586112,-1.4431302239114947,46.811732616797194,33.21343541951041,508.867467723528,24.84945976429148,380.0208498514312,55.117464020751875,0.0010234265459462945,5.117132729731472,322.42705098312484,0.43616910916890406,BEARING,BEARING,0.4,0.6,True
4.8100000000000005,4.8100000000000005,AEROTWIN-4-001,IDLE,0.15,1159.6821069671134,132.63748836529118,23.847269189222548,17.35588292589857,20.552163421912617,3.4096137872274594,-6.605894283241507,-0.2166493954404445,-0.2166493954404445,-1.1953425433648868,18.984524260144347,33.213993311851674,508.8691393972198,24.849192709722686,380.52037478828345,55.18991411854306,0.0010258610494869383,5.129305247434692,322.42705098312484,0.1801566637241432,BEARING,BEARING,0.4,0.6,True
4.82,4.82,AEROTWIN-4-001,IDLE,0.15,1155.183490915543,202.218414783318,23.83237841839209,14.419309172585825,20.440823063311445,3.400365535230921,-9.421879425956542,-0.6140421606749928,-0.21651411468890594,15.466379562638629,-0.21651411468890594,33.214434528548736,508.8694175295609,24.848924418064293,380.36600710009213,55.16752493778316,0.0010251077727680047,5.125538863840023,322.42705098312484,0.2311964169757282,BEARING,BEARING,0.4,0.6,True
4.83,4.83,AEROTWIN-4-001,IDLE,0.15,1164.2901579407458,271.52942423825056,23.811079251339436,42.742677099703315,20.282543378957975,3.3871749040345818,19.07295881671076,-1.6218266269072257,-0.21632061447599987,44.79714495556254,-0.21632061447599987,33.21471404072321,508.8677607302857,24.848654316578514,380.14568958260276,55.13557052568154,0.0010240341391058764,5.120170695529382,322.42705098312484,0.3976431529302514,BEARING,BEARING,0.4,0.6,True
4.84,4.84,AEROTWIN-4-001,IDLE,0.15,1154.4296117833435,341.3868337146953,23.85412172286061,3.3655884011576394,20.603590933765283,3.413877046377977,-20.65187957898562,-0.5187704586570321,-0.21671164983352165,4.317782159481715,-0.21671164983352165,33.215307502635724,508.87004820828884,24.8483882556148,380.59150699617646,55.20023099171144,0.0010262084405866115,5.131042202933058,322.42705098312484,0.4251481687038145,BEARING,BEARING,0.4,0.6,True
4.8500000000000005,4.8500000000000005,AEROTWIN-4-001,IDLE,0.15,1161.7594326079684,410.6526104216959,23.807502949849525,38.99258426878426,20.256079017302895,3.384964414967397,15.351540836513971,40.67960363898095,-1.2544431217294172,-0.21628812423363486,-0.21628812423363486,33.21555050986968,508.86805255098875,24.848118073271344,380.1087519490688,55.13021316518904,0.0010238543063735334,5.119271531867667,322.42705098312484,0.332057793227018,BEARING,BEARING,0.4,0.6,True
4.86,4.86,AEROTWIN-4-001,IDLE,0.15,1162.4711583837723,480.358176378174,23.842189646512903,25.411211040670274,20.514119489441143,3.406456572138517,1.4906349790906144,27.24619170742205,-1.4017741698646726,-0.2166032484435525,-0.2166032484435525,33.21604562804819,508.86924813690314,24.847851163661392,380.46768539079136,55.1822721537096,0.0010256038433764912,5.128019216882456,322.42705098312484,0.09398462924575712,BEARING,BEARING,0.4,0.6,True
4.87,4.87,AEROTWIN-4-001,IDLE,0.15,1153.076562696226,550.1064458812003,23.845547633750744,4.271810480233387,20.539262216085497,3.4085434611092436,-19.675995196961352,-0.2166337553288148,4.990185587443633,-0.2166337553288148,-0.28510759655261664,33.21655968496204,508.8707188585022,24.847584682280317,380.5025136722038,55.1873235779891,0.0010257738485099726,5.128869242549863,322.42705098312484,0.4090874107262367,BEARING,BEARING,0.4,0.6,True
4.88,4.88,AEROTWIN-4-001,IDLE,0.15,1163.924926998109,619.2910396429738,23.801079239779803,46.3103827038387,20.208624573163792,3.3809970678334977,22.720761062841408,-0.21622976564791807,48.33632113771758,-0.21622976564791807,-1.593478902583046,33.21674096177633,508.8681265567666,24.847314283091055,380.0424448274609,55.12059611288527,0.0010235316086693563,5.117658043346782,322.42705098312484,0.4601934501243696,BEARING,BEARING,0.4,0.6,True
4.89,4.89,AEROTWIN-4-001,IDLE,0.15,1156.4182187341378,689.1265352628603,23.852401095913848,8.28145962195174,20.59066651178628,3.412806133321476,-15.722013023156018,-0.21669601815742334,9.54882330025659,-0.21669601815742334,-0.8339716419900028,33.21729749327639,508.87024836156087,24.847048673611027,380.5736405516104,55.19763967832447,0.0010261211687627187,5.130605843813593,322.42705098312484,0.3390798990884702,BEARING,BEARING,0.4,0.6,True
4.9,4.9,AEROTWIN-4-001,IDLE,0.15,1159.235812268152,38.51162838690857,23.816932305003245,29.617874306373036,20.325924893110006,3.3907953150890573,5.901154098173972,-0.21637378872113808,-0.21637378872113808,-1.0104766126852458,31.06109849650056,33.21758594306973,508.8690999605508,24.846779949579787,380.2061768308996,55.14434347520002,0.0010243287291099952,5.121643645549976,322.42705098312484,0.1678916249825865,BEARING,BEARING,0.4,0.6,True
4.91,4.91,AEROTWIN-4-001,IDLE,0.15,1163.918962271381,108.06577712299769,23.830268578493744,33.63251646637895,20.425093105017282,3.399056930826501,9.80836643053517,-0.21649494706284253,-0.21649494706284253,-1.5436649305629513,35.60917129106759,33.217968922592604,508.8691878096519,24.84651255918055,380.3441576835076,55.16435594210058,0.001025001221042184,5.12500610521092,322.42705098312484,0.2379943707128279,BEARING,BEARING,0.4,0.6,True
4.92,4.92,AEROTWIN-4-001,IDLE,0.15,1152.458257417677,177.90091485928053,23.85237299179066,0.0,20.59045547174178,3.4127886438292503,-24.00324411557103,-0.21669576283505287,-0.21669576283505287,-0.059528090147684704,0.15960498113587043,33.21851060653908,508.87128052681265,24.84624731161745,380.5733487585411,55.197597357241285,0.0010261197435410074,5.130598717705038,322.42705098312484,0.4840047806306413,BEARING,BEARING,0.4,0.6,True
4.93,4.93,AEROTWIN-4-001,IDLE,0.15,1163.1773221684296,247.04841030434116,23.79814163617641,46.0160985749018,20.18695775662277,3.379184102067451,22.449956716211574,-1.4931546596757994,-0.21620307789429444,47.94165939036618,-0.21620307789429444,33.21864739538452,508.86840919539276,24.845977250692652,380.0121391630598,55.11620063993187,0.0010233841718769912,5.116920859384956,322.42705098312484,0.4550774305308394,BEARING,BEARING,0.4,0.6,True
4.94,4.94,AEROTWIN-4-001,IDLE,0.15,1158.8006624734026,316.83904963444695,23.848877613515178,14.808383087211354,20.564223675847497,3.410614041470147,-9.16645463010629,-1.1115678075655855,-0.21666400776975756,16.353278910316455,-0.21666400776975756,33.21915510283217,508.87020353215155,24.845711925663498,380.53706556310283,55.19233491514131,0.0010259425468387721,5.129712734193861,322.42705098312484,0.22477577440795266,BEARING,BEARING,0.4,0.6,True
4.95,4.95,AEROTWIN-4-001,IDLE,0.15,1156.1846027912486,386.3670893828511,23.828210749354568,18.32848020532854,20.40976178621193,3.397781004987998,-5.4790625858713895,19.48249444763342,-0.7210617384091123,-0.21647625194788472,-0.21647625194788472,33.21950430118868,508.8700772991935,24.845444831611605,380.3228522722433,55.16126584786163,0.0010248973385194662,5.124486692597332,322.42705098312484,0.1626879658512571,BEARING,BEARING,0.4,0.6,True
4.96,4.96,AEROTWIN-4-001,IDLE,0.15,1164.3424630977067,455.738165550326,23.815825293849244,40.79360635401458,20.31771336479326,3.390110317367778,17.08578267185354,42.840930624647285,-1.6145968073003776,-0.21636373166616224,-0.21636373166616224,33.21975847219463,508.8688330536242,24.845176732268868,380.19473336818896,55.14268373825539,0.0010242729862369635,5.121364931184818,322.42705098312484,0.36347969307205524,BEARING,BEARING,0.4,0.6,True
4.97,4.97,AEROTWIN-4-001,IDLE,0.15,1153.8639974082541,525.5987133361884,23.854368097380224,2.0734253800465634,20.60544218752257,3.4140304131083727,-21.946047220584376,2.9110976521305574,-0.4042444958548498,-0.21671388811457185,-0.21671388811457185,33.22029360743885,508.87111614003976,24.84491227543961,380.59406557915116,55.20060208346893,0.0010262209393609395,5.131104696804698,322.42705098312484,0.4477668245497362,BEARING,BEARING,0.4,0.6,True
4.98,4.98,AEROTWIN-4-001,IDLE,0.15,1162.3889818335563,594.8305531806836,23.80481843514844,41.474226467638864,20.23623489230809,3.383305946999555,17.854685628331218,-0.21626373576037083,43.2326433845552,-0.21626373576037083,-1.3258894453955998,33.220457972301546,508.86885137828517,24.844643419524715,380.08103551073145,55.12619322840547,0.0010237193993857844,5.118596996928923,322.42705098312484,0.3755175237259084,BEARING,BEARING,0.4,0.6,True
4.99,4.99,AEROTWIN-4-001,IDLE,0.15,1161.7349185712924,664.573892090697,23.845160008499768,22.574794039836554,20.53635842609853,3.4083025068792185,-1.3698668931411948,-0.2166302338029069,24.345846444404227,-0.2166302338029069,-1.337791936961858,33.22091661564737,508.87029680032816,24.844378359410776,380.49849258278647,55.186740367222185,0.0010257542184275163,5.128771092137582,322.42705098312484,0.08877607561594972,BEARING,BEARING,0.4,0.6,True
5.0,5.0,AEROTWIN-4-001,IDLE,0.15,1153.8649323978666,14.277987204974465,23.842073955224333,7.436777966205694,20.513253770501738,3.4063846932288206,-16.482860497524864,-0.21660219740296885,-0.21660219740296885,-0.4006491431967373,8.27063150420837,33.221347004041704,508.8714257739934,24.844113136729465,380.4664857210674,55.182098156012174,0.0010255979882664047,5.127989941332023,322.42705098312484,0.35361873720816717,BEARING,BEARING,0.4,0.6,True
5.01,5.01,AEROTWIN-4-001,IDLE,0.15,1164.3013053007849,83.50988314884646,23.804822873720074,45.477464670794895,20.23626768764121,3.383308688532286,21.8578882946214,-0.21626377608422737,-0.21626377608422737,-1.6115836579961516,47.521575880959496,33.2214989314285,508.8691536720998,24.843844641857945,380.0810813296695,55.1261998738926,0.0010237196223823034,5.118598111911518,322.42705098312484,0.44557414102698323,BEARING,BEARING,0.4,0.6,True
5.0200000000000005,5.0200000000000005,AEROTWIN-4-001,IDLE,0.15,1155.8854117782273,153.36796146689355,23.854174231407537,6.391689025238129,20.60398546900063,3.413909732144756,-17.626206175907257,-0.21671212686696545,-0.21671212686696545,-0.7285737243534068,7.553687003325467,33.22201187503006,508.8714111039976,24.843580772991636,380.5920522874649,55.200310079669336,0.0010262111043357746,5.131055521678873,322.42705098312484,0.3721926445307211,BEARING,BEARING,0.4,0.6,True
5.03,5.03,AEROTWIN-4-001,IDLE,0.15,1160.4138913793724,222.7210861735872,23.814407267963702,33.18085785733626,20.307199315911767,3.389233043498485,9.484425497926004,-1.1008419443369037,-0.21635084908206492,34.71440149983729,-0.21635084908206492,33.22222593778667,508.87000528858835,24.843313387488582,380.1800770954017,55.14055802176287,0.0010242016000664253,5.121008000332127,322.42705098312484,0.23027293941804078,BEARING,BEARING,0.4,0.6,True
5.04,5.04,AEROTWIN-4-001,IDLE,0.15,1163.735057333806,292.34591965634957,23.835836379098605,30.82497335111723,20.46662840272095,3.4025112391955816,6.955833709200698,-1.5021308221321232,-0.21654552982036518,32.760195232890084,-0.21654552982036518,33.222594754067565,508.8705753955362,24.8430480767695,380.40182970444295,55.172720576672994,0.0010252825032653055,5.1264125163265275,322.42705098312484,0.18879839169570817,BEARING,BEARING,0.4,0.6,True
5.05,5.05,AEROTWIN-4-001,IDLE,0.15,1152.2814841256145,362.1700230963779,23.85150642161864,0.007890972972178396,20.583949198722205,3.4122494063884625,-23.98830763213849,0.5028033954595481,-0.06153664217597859,-0.21668789015569556,-0.21668789015569556,33.22307487617081,508.872554606648,24.842784324540347,380.5643520242237,55.196292488889355,0.0010260758017462189,5.1303790087310945,322.42705098312484,0.4838462819880607,BEARING,BEARING,0.4,0.6,True
5.0600000000000005,5.0600000000000005,AEROTWIN-4-001,IDLE,0.15,1163.2804238360968,431.3069121439148,23.797301528370433,46.59555659341095,20.180765356555046,3.378665775703469,23.036125461152434,48.56387930029468,-1.5359318156394253,-0.21619544562215354,-0.21619544562215354,33.22315157635298,508.8695756632499,24.842515748878355,380.0034741850825,55.114943888856,0.0010233420228555586,5.116710114277793,322.42705098312484,0.46522765896872403,BEARING,BEARING,0.4,0.6,True
5.07,5.07,AEROTWIN-4-001,IDLE,0.15,1157.7403615169865,501.10373757408064,23.849363651716263,12.37570634243274,20.567869379181307,3.410916351349082,-11.60307938809765,13.829408932002003,-1.0203657428397643,-0.21666842336475045,-0.21666842336475045,33.22360920901422,508.8713850247413,24.842252041438666,380.54210987402246,55.19306653190847,0.0010259671790247486,5.129835895123743,322.42705098312484,0.26735906019181216,BEARING,BEARING,0.4,0.6,True
5.08,5.08,AEROTWIN-4-001,IDLE,0.15,1157.0502765789272,570.5681592650999,23.823193776214538,22.32179059346489,20.37242906776624,3.3946720402057453,-1.4453105145070966,-0.2164306733875429,23.580166685565818,-0.2164306733875429,-0.8255147453258402,33.223868678036624,508.8707748397729,24.841986056564817,380.270932073161,55.15373544602713,0.0010246442495014418,5.1232212475072085,322.42705098312484,0.09268716073508394,BEARING,BEARING,0.4,0.6,True
5.09,5.09,AEROTWIN-4-001,IDLE,0.15,1164.1117416170566,639.9911758598355,23.81992640586502,38.530296244741955,20.34814984767723,3.3926486054854355,14.789497791579288,-0.2164009897451398,40.561491903804324,-0.2164009897451398,-1.5983936795720917,33.22410112117342,508.86988415874094,24.84171989420439,380.23713528745765,55.148833627822285,0.001024479555843399,5.122397779216995,322.42705098312484,0.3238245171909346,BEARING,BEARING,0.4,0.6,True
5.1000000000000005,5.1000000000000005,AEROTWIN-4-001,IDLE,0.15,1153.1214276618514,709.8378803568589,23.853281250618373,0.9925709921985704,20.59727681135014,3.4133539023936463,-23.018059721545217,-0.21670401425052382,1.7127337131535967,-0.21670401425052382,-0.2867546924539787,33.22457642268586,508.872042086894,24.841456909281522,380.58277932874876,55.198965148283065,0.0010261658073380318,5.13082903669016,322.42705098312484,0.4666561782607632,BEARING,BEARING,0.4,0.6,True
5.11,5.11,AEROTWIN-4-001,IDLE,0.15,1162.6291351029113,59.02516601656998,23.801292343324832,43.50422171366424,20.21019719533775,3.381128618783483,19.912895899543013,-0.2162317016664127,-0.2162317016664127,-1.3904673158962009,45.32715243289327,33.22466440331836,508.869435932291,24.841189293174743,380.04464371598567,55.12091503527913,0.0010235423075167995,5.117711537583998,322.42705098312484,0.4110831704331793,BEARING,BEARING,0.4,0.6,True
5.12,5.12,AEROTWIN-4-001,IDLE,0.15,1160.6483623255867,128.78291412274467,23.846292740085495,19.805330926192905,20.54484505693238,3.4090066730428434,-4.148520803782319,-0.2166405245247207,-0.2166405245247207,-1.266574939786252,21.5051869150286,33.22508131742222,508.8709696633136,24.840925905864417,380.5102436802044,55.188444722889486,0.0010258115863285683,5.1290579316428415,322.42705098312484,0.13726833997728535,BEARING,BEARING,0.4,0.6,True
5.13,5.13,AEROTWIN-4-001,IDLE,0.15,1154.4826527150226,198.42181586227986,23.836943944345432,10.964666864373209,20.47490013159993,3.403198743917548,-12.91343201114427,-0.5132534927623323,-0.21655559190920362,11.91103154095395,-0.21655559190920362,33.225424329874386,508.8716161484417,24.84066177936458,380.4133066644905,55.17438517200437,0.0010253384935839706,5.126692467919853,322.42705098312484,0.29176000752362485,BEARING,BEARING,0.4,0.6,True
5.14,5.14,AEROTWIN-4-001,IDLE,0.15,1164.310368280356,267.6907750251812,23.80775463446141,44.226179701286526,20.25794041443663,3.3851199391019464,20.58311934774795,-1.620860743425799,-0.2162904107561953,46.279621266224716,-0.2162904107561953,33.22554936456463,508.8696040244657,24.84039510820289,380.1113509405094,55.1305901177096,0.0010238669581065615,5.119334790532808,322.42705098312484,0.4236428084092752,BEARING,BEARING,0.4,0.6,True
5.15,5.15,AEROTWIN-4-001,IDLE,0.15,1155.0975146841631,337.5493971220026,23.854216921361587,4.722887090411766,20.604306235155082,3.4139363061887935,-19.29535545093211,-0.6206973242525756,-0.21671251469974676,5.777009444063836,-0.21671251469974676,33.226014323848275,508.87185408168847,24.840132812011124,380.5924956171153,55.200374379315164,0.0010262132700098315,5.131066350049158,322.42705098312484,0.40139768388266434,BEARING,BEARING,0.4,0.6,True
5.16,5.16,AEROTWIN-4-001,IDLE,0.15,1161.1655970266095,406.85524800305234,23.810671492882594,36.37540912252382,20.279524375027997,3.3869228085574883,12.708961938938335,37.9917751004017,-1.1837321577929079,-0.21631691004248763,-0.21631691004248763,33.22615365324333,508.87009952165374,24.839866644847937,380.1414772696011,55.13495958022841,0.0010240136287953158,5.120068143976579,322.42705098312484,0.28622066690765446,BEARING,BEARING,0.4,0.6,True
5.17,5.17,AEROTWIN-4-001,IDLE,0.15,1163.1294041919427,476.52518382464893,23.839386508943797,28.010856649963323,20.493153185572694,3.404715355272002,4.112988109118627,29.897365251532158,-1.4533530369754795,-0.21657778229667987,-0.21657778229667987,33.22650189746234,508.8709894323381,24.839603223079152,380.4386227971311,55.1780569732503,0.0010254620147424032,5.1273100737120165,322.42705098312484,0.13951059126847226,BEARING,BEARING,0.4,0.6,True
5.18,5.18,AEROTWIN-4-001,IDLE,0.15,1152.576701603685,546.3129480761655,23.848651707541084,1.8714743137713277,20.56252939300563,3.410473538624768,-22.10152861785907,-0.21666195544282968,2.483477600769201,-0.21666195544282968,-0.1786793761122142,33.22691434662456,508.8726987268976,24.839340773535543,380.5347211169292,55.191994881357175,0.0010259310988345758,5.12965549417288,322.42705098312484,0.45116635962643076,BEARING,BEARING,0.4,0.6,True
5.19,5.19,AEROTWIN-4-001,IDLE,0.15,1163.6036885308563,615.4675501723866,23.79870447564718,46.665506222111084,20.191107409130023,3.3795313985597653,23.094867414421294,-0.21620819121901538,48.66760328458697,-0.21620819121901538,-1.5696806800378544,33.226955844039416,508.86984270226964,24.839073877223182,380.01794484762183,55.11704268480938,0.001023412413945818,5.11706206972909,322.42705098312484,0.46643555774368517,BEARING,BEARING,0.4,0.6,True
5.2,5.2,AEROTWIN-4-001,IDLE,0.15,1156.9999002209195,685.283771484238,23.850887331570615,10.16022452198273,20.579302202616034,3.4118642129399555,-13.830941893573259,-0.21668226580166308,11.519113276807488,-0.21668226580166308,-0.9255242232214309,33.22737940493989,508.8717839297976,24.838811874439866,380.55792521343506,55.195360357106196,0.0010260444137040242,5.130222068520121,322.42705098312484,0.30616586705304444,BEARING,BEARING,0.4,0.6,True
5.21,5.21,AEROTWIN-4-001,IDLE,0.15,1158.1701120745956,34.70376549749312,23.819687821310776,26.189764895415834,20.346378026024702,3.3925008942889527,2.4508859751021794,-0.21639882223493023,-0.21639882223493023,-0.9240233287236318,27.546585868609327,33.227568449641254,508.8708464316473,24.838547126130443,380.2346679565236,55.14847577107827,0.0010244675339874459,5.122337669937229,322.42705098312484,0.10786796637779221,BEARING,BEARING,0.4,0.6,True
5.22,5.22,AEROTWIN-4-001,IDLE,0.15,1164.0329073323232,104.19397222196886,23.825227683297474,36.0624980811737,20.387556272401,3.3959321346540956,12.279009674118605,-0.21644915117367444,-0.21644915117367444,-1.5738090595154066,38.06920544303646,33.22779582776397,508.87043389031663,24.838283004106852,380.29197699356405,55.15678775919254,0.0010247468230698896,5.123734115349448,322.42705098312484,0.28057702390368555,BEARING,BEARING,0.4,0.6,True
5.23,5.23,AEROTWIN-4-001,IDLE,0.15,1152.6483902434827,174.03594666190827,23.852909847336818,0.1639331022956535,20.594487188076908,3.4131227481978614,-23.843676833979114,-0.2167006400991367,-0.2167006400991367,-0.16887127448429648,0.7662056569782234,33.22822432981755,508.8725442890583,24.838021547629577,380.57892287318936,55.19840581568164,0.0010261469700296058,5.130734850148029,322.42705098312484,0.48114859437723106,BEARING,BEARING,0.4,0.6,True
5.24,5.24,AEROTWIN-4-001,IDLE,0.15,1162.8975992579258,243.19485007651724,23.79904511161052,45.03925396774252,20.193619203858383,3.379741600630291,21.465893163253845,-1.4473377339234028,-0.2162112858532453,46.91901427337242,-0.2162112858532453,33.228252809842665,508.86972284907904,24.837755277010572,380.02145869475555,55.11755232616996,0.0010234295078305196,5.117147539152597,322.42705098312484,0.43797220573574935,BEARING,BEARING,0.4,0.6,True
5.25,5.25,AEROTWIN-4-001,IDLE,0.15,1159.6442054419865,312.9687060319928,23.84755876493741,17.150236001177145,20.55433422437774,3.4097938510588466,-6.813892074259442,-1.1889745473504856,-0.21665202619883708,18.772514600925305,-0.21665202619883708,33.2286363272628,508.8713644632483,24.837493566260566,380.5233795015077,55.190349916139674,0.0010258757201095782,5.129378600547891,322.42705098312484,0.1837623013416395,BEARING,BEARING,0.4,0.6,True
5.26,5.26,AEROTWIN-4-001,IDLE,0.15,1155.2925288019026,382.547358358512,23.83219926777851,14.725611123142137,20.439486963178446,3.400254402154883,-9.114130242191191,15.781293981837685,-0.622657884438631,-0.21651248712845791,-0.21651248712845791,33.228902177604,508.87157072542794,24.837230560525473,380.36415160629707,55.167255820674114,0.0010250987235369343,5.125493617684672,322.42705098312484,0.22583192130519988,BEARING,BEARING,0.4,0.6,True
5.2700000000000005,5.2700000000000005,AEROTWIN-4-001,IDLE,0.15,1164.3288028117495,451.86491008662614,23.811596346540963,42.59939515222252,20.286372502300516,3.3874946198158153,18.92552803010619,44.65362626689779,-1.6215804902355229,-0.216325312219876,-0.216325312219876,33.22901403896727,508.8699068267788,24.836965788629527,380.15103168640695,55.13634533373309,0.0010240601514253708,5.120300757126854,322.42705098312484,0.395129754533372,BEARING,BEARING,0.4,0.6,True
5.28,5.28,AEROTWIN-4-001,IDLE,0.15,1154.414393217668,521.7246382553311,23.854303753864233,3.254258158564012,20.60495869647022,3.4139903590579643,-20.764690896964172,4.19736870404731,-0.5096839383594078,-0.21671330356194535,-0.21671330356194535,33.22943832493805,508.8721572144572,24.836705060025402,380.59339736857487,55.20050516754336,0.0010262176751048133,5.131088375524067,322.42705098312484,0.42710073540008503,BEARING,BEARING,0.4,0.6,True
5.29,5.29,AEROTWIN-4-001,IDLE,0.15,1161.8478181613489,590.9895018483912,23.807430734376887,39.208993546720734,20.255544958866086,3.3849197918022145,15.568528796052433,-0.21628746816528735,40.9020334062057,-0.21628746816528735,-1.2604649231543954,33.229513462177806,508.8701023097605,24.83644014579202,380.10800623901906,55.130105008894844,0.0010238506763465352,5.119253381732676,322.42705098312484,0.33584578910909624,BEARING,BEARING,0.4,0.6,True
5.3,5.3,AEROTWIN-4-001,IDLE,0.15,1162.44740270169,660.7003709380722,23.842606754775012,25.179723654479293,20.517240997601483,3.406715732116688,1.2557669247611218,-0.21660703781885168,27.009807761794615,-0.21660703781885168,-1.3968700316776181,33.2298454448045,508.8712845312285,24.836178575484478,380.4720107674488,55.18289949768924,0.0010256249542393435,5.128124771196718,322.42705098312484,0.08992881536808557,BEARING,BEARING,0.4,0.6,True
5.3100000000000005,5.3100000000000005,AEROTWIN-4-001,IDLE,0.15,1153.1679799631481,10.447215100173594,23.845435581089614,4.512119033554359,20.538422764380556,3.408473805811353,-19.43477753663755,-0.21663273734469685,-0.21663273734469685,-0.29461446478005815,5.239998973023811,33.23019432672168,508.87269416196284,24.83591738494681,380.5013512573604,55.18715498366504,0.0010257681737952946,5.128840868976473,322.42705098312484,0.40487937383551476,BEARING,BEARING,0.4,0.6,True
5.32,5.32,AEROTWIN-4-001,IDLE,0.15,1163.990338623531,79.6372938979625,23.801513454020782,46.25938911917221,20.211829027263747,3.3812651172600607,22.666294974648405,-0.216233710428851,-0.216233710428851,-1.5953000328266551,48.287156572856574,33.2302174463622,508.8700916564694,24.835652287502842,380.046925284871,55.121245949467124,0.001023553408833546,5.11776704416773,322.42705098312484,0.45929604524234124,BEARING,BEARING,0.4,0.6,True
5.33,5.33,AEROTWIN-4-001,IDLE,0.15,1156.4044331698917,149.47671421537436,23.852709288955808,8.11809563483307,20.592980933928605,3.4129979302245683,-15.887883229320103,-0.21669881805185526,-0.21669881805185526,-0.8254412805278166,9.376934551464597,33.2306155943376,508.8721923673249,24.835392008584225,380.5768404537652,55.1981037857332,0.0010261367984262626,5.130683992131313,322.42705098312484,0.3419460268052163,BEARING,BEARING,0.4,0.6,True
5.34,5.34,AEROTWIN-4-001,IDLE,0.15,1159.368366160135,218.86098020556787,23.8168669861519,29.923841921009917,20.325440288718983,3.3907548937035203,6.207646738587413,-1.0181974766627224,-0.21637319530771443,31.374785788288065,-0.21637319530771443,33.2307456270055,508.87098945807173,24.83512854901504,380.20550157051537,55.14424553678441,0.001024325439683279,5.121627198416395,322.42705098312484,0.17324681090762728,BEARING,BEARING,0.4,0.6,True
5.3500000000000005,5.3500000000000005,AEROTWIN-4-001,IDLE,0.15,1163.9392820902253,288.423082175176,23.8308952949154,33.40251396099941,20.429764424429735,3.3994455991375423,9.57330393743213,-1.5405353779941553,-0.21650064070150557,35.37605062039657,-0.21650064070150557,33.230976835062464,508.8710868785457,24.834866495229132,380.3506473496065,55.16529719029223,0.001025032867038355,5.125164335191775,322.42705098312484,0.23396212267834138,BEARING,BEARING,0.4,0.6,True
5.36,5.36,AEROTWIN-4-001,IDLE,0.15,1152.4782055169062,358.2594391005895,23.852468732576476,0.0,20.5911744186631,3.4128482246499474,-24.00402264331305,-0.049364326517916855,-0.21669663262786654,0.1205012302224073,-0.21669663262786654,33.23136415197978,508.87314082747787,24.834606551297142,380.5743427982125,55.197741530767146,0.001026124598798589,5.1306229939929455,322.42705098312484,0.48400703529836636,BEARING,BEARING,0.4,0.6,True
5.37,5.37,AEROTWIN-4-001,IDLE,0.15,1163.2301217996785,427.40813143160386,23.798236431778786,46.08565999868392,20.187656601754906,3.3792425929493093,22.518760803979706,48.01516894055868,-1.4971010636742812,-0.21620393910023722,-0.21620393910023722,33.23134962259186,508.87023153772674,24.834341746875406,380.0131169515474,55.11634245641853,0.0010233889282981802,5.1169446414909014,322.42705098312484,0.45629365953338846,BEARING,BEARING,0.4,0.6,True
5.38,5.38,AEROTWIN-4-001,IDLE,0.15,1158.7506970444888,497.20193873958453,23.849126524335023,14.595174234233438,20.5660906449666,3.410768858074881,-9.381685268808043,16.132556520632736,-1.1040497482137561,-0.21666626909277156,-0.21666626909277156,33.23170781532818,508.8720029443406,24.83408173197073,380.53964882789603,55.19270958670038,0.0010259551612263598,5.129775806131799,322.42705098312484,0.22851278935753805,BEARING,BEARING,0.4,0.6,True
5.39,5.39,AEROTWIN-4-001,IDLE,0.15,1156.2990091854683,566.7269805622539,23.827974419440103,18.670833212881718,20.408001758712643,3.3976344986985496,-5.134803044529475,-0.2164741049207896,19.83395881306141,-0.2164741049207896,-0.730177390338114,33.23190616896502,508.87181031232257,24.83381988389933,380.3204058076333,55.16091101752752,0.001024885410893323,5.124427054466615,322.42705098312484,0.15669123451764222,BEARING,BEARING,0.4,0.6,True
5.4,5.4,AEROTWIN-4-001,IDLE,0.15,1164.3669054295706,636.1049211133819,23.816367443374315,40.60954266166187,20.321734506961466,3.390445774436208,16.897362380264195,-0.21636865702536845,42.65584190082578,-0.21636865702536845,-1.6135619251131734,33.23201724858337,508.87057177273687,24.833557089392027,380.2003375182622,55.14349655297371,0.0010243002843355793,5.1215014216778965,322.42705098312484,0.3602523303850521,BEARING,BEARING,0.4,0.6,True
5.41,5.41,AEROTWIN-4-001,IDLE,0.15,1153.8388884561748,705.9669354391561,23.854483225507387,1.9705822063640646,20.606307311587816,3.4141020817685783,-22.04982718699233,-0.21671493403890602,2.7981327772405917,-0.21671493403890602,-0.39412070279871514,33.23240704797779,508.8728218664597,24.83329792763593,380.5952612035519,55.20077549444076,0.001026226780110329,5.131133900551646,322.42705098312484,0.44956929179981997,BEARING,BEARING,0.4,0.6,True
5.42,5.42,AEROTWIN-4-001,IDLE,0.15,1162.4582442963458,55.197268746526674,23.804699237075038,41.67092317152504,20.23535419037982,3.383232323706789,18.05233665743843,-0.2162626528610948,-0.2162626528610948,-1.3318351696127568,43.435283646859986,33.23242714977677,508.8705037005651,24.833034302259737,380.07980504988024,55.12601476482453,0.0010237134108749741,5.1185670543748705,322.42705098312484,0.37896109249181925,BEARING,BEARING,0.4,0.6,True
5.43,5.43,AEROTWIN-4-001,IDLE,0.15,1161.6850010812088,124.94476340430742,23.84548671981897,22.327834662675336,20.53880587039006,3.408505595027203,-1.6194768027419273,-0.21663320193352295,-0.21663320193352295,-1.3318142831177133,24.092915349660096,33.23274566232063,508.8719374984637,24.832774544423536,380.50188175968447,55.18723192666111,0.0010257707636129162,5.128853818064582,322.42705098312484,0.09310555389469782,BEARING,BEARING,0.4,0.6,True
5.44,5.44,AEROTWIN-4-001,IDLE,0.15,1153.959113641296,194.64586346917997,23.841838368591862,7.736668490843522,20.511490979134628,3.4062383275033645,-16.18106081579447,-0.41074502088559417,-0.21660005712849575,8.580613625986107,-0.21660005712849575,33.23303351131286,508.87300406146545,24.832514567068745,380.46404283962687,55.1817438453738,0.0010255860656923277,5.127930328461638,322.42705098312484,0.3483651101063557,BEARING,BEARING,0.4,0.6,True
5.45,5.45,AEROTWIN-4-001,IDLE,0.15,1164.3484961724973,263.88341028765774,23.80526995400935,45.3826280211739,20.239571288575455,3.3835848423612522,21.759471890237194,-1.6127749048263946,-0.21626783775156613,47.42793860150343,-0.21626783775156613,33.23305034872165,508.8707328657751,24.83225134732175,380.08569662049365,55.12686926644316,0.0010237420849575107,5.118710424787554,322.42705098312484,0.44390933722789966,BEARING,BEARING,0.4,0.6,True
5.46,5.46,AEROTWIN-4-001,IDLE,0.15,1155.8562321389431,333.7443200580076,23.854396514529302,6.233547626389272,20.605655723487846,3.4140481030075844,-17.78615620010616,-0.7190211266995871,-0.21671414628074256,7.3859970456503445,-0.21671414628074256,33.233427187322896,508.87297104249035,24.83199277134901,380.5943606943176,55.200644886382435,0.0010262223810244987,5.131111905122494,322.42705098312484,0.3749653545694606,BEARING,BEARING,0.4,0.6,True
5.47,5.47,AEROTWIN-4-001,IDLE,0.15,1160.5299775009664,403.09569398634414,23.81426895318515,33.48399092291405,20.306174042531715,3.3891474843274363,9.788669396054901,35.025296082724424,-1.1086059747904404,-0.21634959250996366,-0.21634959250996366,33.23350491708761,508.8715137230591,24.831730610504636,380.1786476510565,55.14035069801393,0.0010241946380938457,5.120973190469229,322.42705098312484,0.23557936258504483,BEARING,BEARING,0.4,0.6,True
5.48,5.48,AEROTWIN-4-001,IDLE,0.15,1163.7274810398694,472.72749263640213,23.836384756787844,30.570410884394914,20.47072351114976,3.402851621481913,6.69683575176324,32.501531707678396,-1.4980197997601892,-0.21655051176164758,-0.21655051176164758,33.23374362829256,508.87209587034016,24.83147060288027,380.40751198359936,55.173544723077285,0.0010253102236663953,5.126551118331976,322.42705098312484,0.1843372510536755,BEARING,BEARING,0.4,0.6,True
5.49,5.49,AEROTWIN-4-001,IDLE,0.15,1152.3347649162454,542.5511414987943,23.851470719147272,0.13505952243909536,20.583681183178836,3.4122271915343814,-23.86084885227412,-0.21668756580330215,0.6407721811521203,-0.21668756580330215,-0.07233752710642072,33.234090592109624,508.87403382259873,24.831212110205417,380.56398138150985,55.19623873161142,0.001026073991516557,5.130369957582785,322.42705098312484,0.4816199916582387,BEARING,BEARING,0.4,0.6,True
5.5,5.5,AEROTWIN-4-001,IDLE,0.15,1163.3457489728187,611.691227393769,23.79755475474021,46.62280477593946,20.182631692182124,3.378822003141198,23.061351080616134,-0.21619774615138757,48.59459965937099,-0.21619774615138757,-1.539399391128757,33.234038873259514,508.87104073342647,24.830948773927318,380.0060859021559,55.11532268707689,0.0010233547267396491,5.116773633698246,322.42705098312484,0.46570157427426734,BEARING,BEARING,0.4,0.6,True
5.51,5.51,AEROTWIN-4-001,IDLE,0.15,1157.7028235465582,681.4919723321382,23.849671585743415,12.162771979941304,20.570179461217048,3.4111078946540605,-11.818515375929804,-0.21667122090606594,13.607900145484782,-0.21667122090606594,-1.0117857237313468,33.23436904192132,508.8728414646506,24.830690351412766,380.5453058992366,55.19353007701348,0.0010259827861973222,5.1299139309866115,322.42705098312484,0.27109266144830996,BEARING,BEARING,0.4,0.6,True
5.5200000000000005,5.5200000000000005,AEROTWIN-4-001,IDLE,0.15,1157.1878422237999,30.95414174493169,23.823016087007225,22.68709561204563,20.371107999126743,3.3945619731277588,-1.07857436020887,-0.21642905910378424,-0.21642905910378424,-0.8349051562336903,23.95485888648689,33.23449949148638,508.8721787809829,24.830429582781267,380.26909376145204,55.15346882097348,0.0010246352902615712,5.123176451307856,322.42705098312484,0.0862901490585341,BEARING,BEARING,0.4,0.6,True
5.53,5.53,AEROTWIN-4-001,IDLE,0.15,1164.140684273465,100.38541227835968,23.820577876967672,38.30803896242877,20.352988656873368,3.3930519690234666,14.561998336531932,-0.2164069082769187,-0.2164069082769187,-1.5964620031183827,40.33731478210098,33.23461056771296,508.87131195812566,24.83016870788684,380.24387286181604,55.149810832132076,0.0010245123851908944,5.122561925954472,322.42705098312484,0.31992751228769867,BEARING,BEARING,0.4,0.6,True
5.54,5.54,AEROTWIN-4-001,IDLE,0.15,1153.1073531684415,170.23385333476756,23.853417599467043,0.9035851583829819,20.598301021131952,3.413438766694611,-23.108154629443582,-0.21670525296240312,-0.21670525296240312,-0.2756933532039628,1.612689017511751,33.23496157035874,508.8734465952897,24.829910988013115,380.58419514719884,55.199170495759425,0.0010261727232004898,5.13086361600245,322.42705098312484,0.46821664158975507,BEARING,BEARING,0.4,0.6,True
5.55,5.55,AEROTWIN-4-001,IDLE,0.15,1162.6949653041986,239.42029452487407,23.80122549182688,43.67103909576595,20.209703844777277,3.38108735021339,20.080247900775284,-1.3961862483695264,-0.21623109432909032,45.49968753279365,-0.21623109432909032,33.23492619294371,508.8707992960511,24.8296485734752,380.0439539091625,55.12081498707711,0.0010235389511944232,5.117694755972116,322.42705098312484,0.4140032470640087,BEARING,BEARING,0.4,0.6,True
5.5600000000000005,5.5600000000000005,AEROTWIN-4-001,IDLE,0.15,1160.5899261546886,309.181992443126,23.8466032060595,19.547587708868747,20.547171696673956,3.4091996972744756,-4.408783685079685,-1.2594719421099942,-0.21664334506844998,21.240346341115643,-0.21664334506844998,33.23522316837502,508.872327155923,24.829390456887044,380.51346477625884,55.18891190421903,0.001025827312308674,5.12913656154337,322.42705098312484,0.14178615384178178,BEARING,BEARING,0.4,0.6,True
5.57,5.57,AEROTWIN-4-001,IDLE,0.15,1154.593291482896,378.81738801240726,23.83666792882977,11.316543561022508,20.47283844835103,3.4030274001153638,-12.559322287443887,12.273523529813165,-0.5238738001036781,-0.21655308434348922,-0.21655308434348922,33.23544352347991,508.8729146596627,24.829131536744608,380.4104463551996,55.17397031846544,0.0010253245391368302,5.126622695684151,322.42705098312484,0.28559567411040354,BEARING,BEARING,0.4,0.6,True
5.58,5.58,AEROTWIN-4-001,IDLE,0.15,1164.3518237461412,448.092985501381,23.808279594728727,44.08548992972629,20.26182340212627,3.385444348912942,20.43822217868708,46.13939567515589,-1.6213153855232083,-0.2162951799531898,-0.2162951799531898,33.23545372180307,508.87091748952093,24.828870119531377,380.11677213363157,55.131376396717656,0.001023893348920316,5.11946674460158,322.42705098312484,0.42117467884699583,BEARING,BEARING,0.4,0.6,True
5.59,5.59,AEROTWIN-4-001,IDLE,0.15,1155.066096476008,517.9540949261495,23.854412188100113,4.5718496440660275,20.60577350082874,3.414057859963104,-19.447981716725817,5.615354940874301,-0.6100767194620089,-0.21671428867313197,-0.21671428867313197,33.23580201563472,508.87315247674553,24.828613082742486,380.5945234664851,55.20066849453207,0.0010262231761821747,5.1311158809108735,322.42705098312484,0.4040454384323634,BEARING,BEARING,0.4,0.6,True
5.6000000000000005,5.6000000000000005,AEROTWIN-4-001,IDLE,0.15,1161.274712302163,587.25806071471,23.810522479614455,36.66854646400359,20.278421199503967,3.386830685559688,13.003294578939936,-0.21631555627597462,38.29267286302308,-0.21631555627597462,-1.1914952864675403,33.23582429496881,508.87135199188805,24.828352105357563,380.1399379526343,55.134736320774174,0.0010240061338143529,5.120030669071764,322.42705098312484,0.29135228936634033,BEARING,BEARING,0.4,0.6,True
5.61,5.61,AEROTWIN-4-001,IDLE,0.15,1163.104146453067,656.9345434528398,23.839901669232017,27.733598092736592,20.497004868962154,3.4050352979702034,3.8315579258042347,-0.21658246246211568,29.614927460299505,-0.21658246246211568,-1.4481644426386804,33.23606125857991,508.8722573545061,24.828093955737568,380.44396317310077,55.17883153070019,0.0010254880741218716,5.127440370609358,322.42705098312484,0.13465265423703382,BEARING,BEARING,0.4,0.6,True
5.62,5.62,AEROTWIN-4-001,IDLE,0.15,1152.6622802019779,6.720792240023798,23.848532628425367,2.102642301418678,20.5616363584781,3.4103994790663297,-21.86939353612575,-0.21666087362426903,-0.21666087362426903,-0.1901705244676894,2.7261345731349054,33.23635893056054,508.87392412626616,24.827836724661022,380.5334853430893,55.191815647190985,0.0010259250645902173,5.129625322951086,322.42705098312484,0.4471181165042047,BEARING,BEARING,0.4,0.6,True
5.63,5.63,AEROTWIN-4-001,IDLE,0.15,1163.6786699534691,75.88052905214248,23.799111109084446,46.64656096181684,20.19410589212341,3.3797823281157533,23.072672741577676,-0.21621188543186848,-0.21621188543186848,-1.5725995886137074,48.65158432129428,33.236291676348706,508.8710741431961,24.82757505223953,380.0221395115295,55.117651070473215,0.0010234328198648526,5.117164099324263,322.42705098312484,0.4660993152660873,BEARING,BEARING,0.4,0.6,True
5.64,5.64,AEROTWIN-4-001,IDLE,0.15,1156.9725224482095,145.7012492493506,23.851240697292546,9.948716085135356,20.58195450612368,3.4120840699539623,-14.045322490942286,-0.21668547608412428,-0.21668547608412428,-0.9157800544904231,11.297867091794028,33.236606570711345,508.87301671959625,24.827318308969605,380.5615934644965,55.195892392903644,0.0010260623289774155,5.130311644887078,322.42705098312484,0.30987558536872645,BEARING,BEARING,0.4,0.6,True
5.65,5.65,AEROTWIN-4-001,IDLE,0.15,1158.3256623710402,215.11960059624317,23.819558155272073,26.571845381538566,20.34541513584219,3.3924206184666432,2.834009627229731,-0.9336775583356739,-0.21639764423552613,27.938318228345295,-0.21639764423552613,33.236685198545814,508.87203666836984,24.827058747635686,380.23332704022596,55.14828128726029,0.0010244610005797508,5.122305002898754,322.42705098312484,0.1145558683090535,BEARING,BEARING,0.4,0.6,True
5.66,5.66,AEROTWIN-4-001,IDLE,0.15,1164.061450735196,284.6191403385056,23.825963705286078,35.802428311396184,20.393033021199923,3.3963882319447647,12.013007058251496,-1.5708604540938587,-0.21645583783945563,37.806200441168954,-0.21645583783945563,33.236809712193924,508.8716610355339,24.826799894634586,380.2995939194895,55.15789250289492,0.0010247839520649354,5.123919760324677,322.42705098312484,0.27601733477150614,BEARING,BEARING,0.4,0.6,True
5.67,5.67,AEROTWIN-4-001,IDLE,0.15,1152.643477564236,354.4628273826173,23.853044323257652,0.09495655398840008,20.595497200677542,3.413206441826317,-23.91374708851546,-0.15682420647688886,-0.21670186179570577,0.6851844840567005,-0.21670186179570577,33.237131738647086,508.8737529885321,24.8265436718062,380.580319179893,55.19860833321332,0.0010261537903925326,5.130768951962663,322.42705098312484,0.4823588509959392,BEARING,BEARING,0.4,0.6,True
5.68,5.68,AEROTWIN-4-001,IDLE,0.15,1162.9545716409682,423.6214360364715,23.799021769087002,45.168679201124256,20.1934470705983,3.379727195902395,21.595504934623563,47.05384201032105,-1.4527406616179876,-0.21621107378939983,-0.21621107378939983,33.237054695873994,508.87089922563206,24.826282574226983,380.0212178992274,55.117517401668145,0.0010234283364134902,5.117141682067452,322.42705098312484,0.4402374171386687,BEARING,BEARING,0.4,0.6,True
5.69,5.69,AEROTWIN-4-001,IDLE,0.15,1159.57319601466,493.3987103349296,23.8478274029462,16.884372610847198,20.556348259128082,3.409960902810868,-7.0819365510917525,18.498324033340413,-1.180642489011526,-0.21665446674084357,-0.21665446674084357,33.23733533514633,508.8725358471231,24.82602610052415,380.5261670546483,55.19075421727208,0.0010258893307250783,5.129446653625392,322.42705098312484,0.18842123440092393,BEARING,BEARING,0.4,0.6,True
5.7,5.7,AEROTWIN-4-001,IDLE,0.15,1155.4126610381284,562.9731020958092,23.831863611118788,15.123225978149353,20.436983864693516,3.4000461916393396,-8.713804078183504,-0.21650943773056558,16.19002039696529,-0.21650943773056558,-0.6337755433548072,33.237495329501996,508.8726823920942,24.825768260926463,380.3606752609837,55.16675161850256,0.0010250817697518128,5.125408848759064,322.42705098312484,0.21886577078409555,BEARING,BEARING,0.4,0.6,True
5.71,5.71,AEROTWIN-4-001,IDLE,0.15,1164.3568704070983,632.2978617580968,23.812166006425645,42.41114681151045,20.290591648430397,3.3878468659298826,18.732708297150168,-0.2163304875071864,44.464981794942275,-0.2163304875071864,-1.6211740084174555,33.237509513337436,508.87104218702245,24.825508719697286,380.15691722002714,55.137198959758294,0.0010240888110440867,5.1204440552204336,322.42705098312484,0.3918288385863784,BEARING,BEARING,0.4,0.6,True
5.72,5.72,AEROTWIN-4-001,IDLE,0.15,1154.3744805051717,702.1592739825227,23.854435958858744,3.112956261579483,20.605952124807956,3.414072657545893,-20.907068520774367,-0.21671450462743874,4.044349699251283,-0.21671450462743874,-0.49796442841692273,33.23783346701325,508.8732762196642,24.825253213838224,380.5947703296471,55.200704299071354,0.0010262243821342202,5.1311219106711015,322.42705098312484,0.4295766325186835,BEARING,BEARING,0.4,0.6,True
5.73,5.73,AEROTWIN-4-001,IDLE,0.15,1161.9392104159815,51.42174281283292,23.807241335815537,39.482480390776956,20.254144353032665,3.384802761616809,15.843533276127483,-0.2162857475035425,-0.2162857475035425,-1.2681220012771957,41.18317388706124,33.23780780898073,508.8711762343891,24.824993452381385,380.10605050589703,55.129821353274295,0.0010238411561665174,5.119205780832587,322.42705098312484,0.34063399498723196,BEARING,BEARING,0.4,0.6,True
5.74,5.74,AEROTWIN-4-001,IDLE,0.15,1162.395813454161,121.13809543779182,23.843038023262068,24.8837598181109,20.520468943006563,3.4069837082033874,0.9563071669009493,-0.21661095583798634,-0.21661095583798634,-1.3905179862301205,26.707499716016994,33.23804422492301,508.8723707758505,24.824737118411864,380.47648321563804,55.18354817262971,0.0010256467836092437,5.128233918046218,322.42705098312484,0.08474450155722739,BEARING,BEARING,0.4,0.6,True
5.75,5.75,AEROTWIN-4-001,IDLE,0.15,1153.2661361460764,190.88184424504146,23.845192234034037,4.823770918125566,20.5365998203716,3.408322538237049,-19.121151440483082,-0.30672327298928875,-0.21663052656777076,5.563755244250397,-0.21663052656777076,33.23829367431071,508.87373114079173,24.824481101340528,380.49882687201256,55.18678885186296,0.0010257558503329258,5.1287792516646284,322.42705098312484,0.3994197386667953,BEARING,BEARING,0.4,0.6,True
5.76,5.76,AEROTWIN-4-001,IDLE,0.15,1164.0535017419393,260.07781241380604,23.80197964399185,46.18982858167289,20.21526998375227,3.3815529262203725,22.59300567170025,-1.597527030898849,-0.21623794570520866,48.21983150398216,-0.21623794570520866,33.23822434608404,508.8711447777631,24.82422120508648,380.051735944632,55.12194367793754,0.0010235768164304957,5.117884082152479,322.42705098312484,0.45807334964347496,BEARING,BEARING,0.4,0.6,True
5.7700000000000005,5.7700000000000005,AEROTWIN-4-001,IDLE,0.15,1156.3683638232142,329.9210225183224,23.853006873625123,7.912683837835183,20.595215921868263,3.413183134160753,-16.095715218193835,-0.814570079674177,-0.21670152157057632,9.160656960650511,-0.21670152157057632,33.238529229952,508.87324623049415,24.823966151257157,380.57993032601377,55.19855193462438,0.0010261518910002162,5.130759455001081,322.42705098312484,0.34554774155388723,BEARING,BEARING,0.4,0.6,True
5.78,5.78,AEROTWIN-4-001,IDLE,0.15,1159.5166425515615,399.30312434771525,23.816696078965037,30.308561051601338,20.324172369126696,3.3906491328552812,6.59373954961936,31.76921526181462,-1.0279109249377907,-0.21637164263774553,-0.21637164263774553,33.23856416917156,508.8720015163703,24.823707841944003,380.2037347726197,55.14398928395122,0.0010243168330767239,5.121584165383619,322.42705098312484,0.17998136509686397,BEARING,BEARING,0.4,0.6,True
5.79,5.79,AEROTWIN-4-001,IDLE,0.15,1163.9455777417186,468.87412290080897,23.831596274083367,33.11081099119486,20.43499045188867,3.3998803682247485,9.275940171081443,35.080318240294055,-1.5364932310837227,-0.216507009007736,-0.216507009007736,33.23870759971281,508.8721371824117,24.82345102815964,380.35790659298334,55.16635005643312,0.0010250682675436503,5.125341337718251,322.42705098312484,0.22884926380684759,BEARING,BEARING,0.4,0.6,True
5.8,5.8,AEROTWIN-4-001,IDLE,0.15,1152.4843859979896,538.710857565312,23.85249839546974,0.0,20.591397171190767,3.4128666844642623,-24.00426385565503,0.07680055429193558,-0.03656415947886352,-0.2166969021114641,-0.2166969021114641,33.23900297141964,508.87416757188356,24.823196277000704,380.57465077896177,55.19778619967906,0.0010261261030976,5.130630515488,322.42705098312484,0.48400773385473483,BEARING,BEARING,0.4,0.6,True
5.8100000000000005,5.8100000000000005,AEROTWIN-4-001,IDLE,0.15,1163.275282204601,607.8599207251914,23.798265801832567,46.1675340066744,20.18787312604786,3.379260715066345,22.600400165560195,-0.21620420592342546,48.10191070678511,-0.21620420592342546,-1.5019682882638568,33.23889831664009,508.8712352622999,24.822936619323023,380.01341989718054,55.11638639504727,0.0010233904019745547,5.116952009872774,322.42705098312484,0.4577261151353749,BEARING,BEARING,0.4,0.6,True
5.82,5.82,AEROTWIN-4-001,IDLE,0.15,1158.6682700337094,677.6564376574674,23.849339414108726,14.329685109938493,20.567687562021618,3.4109012752981296,-9.648903727381255,-0.21666820316918098,15.857588109214477,-0.21666820316918098,-1.094566592937622,33.23916812901714,508.8730009302586,24.822681806901404,380.5418583187366,55.193030046832924,0.0010259659506183373,5.129829753091687,322.42705098312484,0.23316386112528348,BEARING,BEARING,0.4,0.6,True
5.83,5.83,AEROTWIN-4-001,IDLE,0.15,1156.4223615536787,27.176533859490064,23.8275845312661,19.09867153001256,20.405098440932278,3.3973928100797957,-4.703819720999514,-0.21647056283651503,-0.21647056283651503,-0.7415203753298271,20.27313303101542,33.239275012887965,508.8727480227309,24.822425085899095,380.31636987572597,55.160325654035546,0.0010248657343558112,5.124328671779057,322.42705098312484,0.14919490192989096,BEARING,BEARING,0.4,0.6,True
5.84,5.84,AEROTWIN-4-001,IDLE,0.15,1164.37700469224,96.5618755527108,23.816951934407133,40.37704362006876,20.326070526909792,3.3908074624703968,16.660165630688574,-0.21637396705176584,-0.21637396705176584,-1.612173798768162,42.421965352940454,33.23930297349788,508.8715389056856,24.82216749697587,380.20637975894283,55.14437290747755,0.0010243297176457957,5.121648588228979,322.42705098312484,0.3561768617844016,BEARING,BEARING,0.4,0.6,True
5.8500000000000005,5.8500000000000005,AEROTWIN-4-001,IDLE,0.15,1153.7888899947543,166.42449583424522,23.854530794379652,1.8451009035833468,20.606664775221912,3.414131694353361,-22.175695565991926,-0.2167153661960363,-0.2167153661960363,-0.3815163707165012,2.6600480066919205,33.23960623959465,508.87376914934015,24.82191351953301,380.5957552189807,55.200847145450524,0.0010262291934417219,5.131145967208609,322.42705098312484,0.45176633503656066,BEARING,BEARING,0.4,0.6,True
5.86,5.86,AEROTWIN-4-001,IDLE,0.15,1162.5231356167076,235.65182923393047,23.804461876052766,41.90964751488101,20.233600540601643,3.383085720560972,18.292961253718396,-1.3391242852402294,-0.21626049646651693,43.681292793054276,-0.21626049646651693,33.23953939702592,508.8714058734615,24.821655009860173,380.07735486599086,55.12565939505358,0.001023701486273645,5.118507431368225,322.42705098312484,0.38314150952857984,BEARING,BEARING,0.4,0.6,True
5.87,5.87,AEROTWIN-4-001,IDLE,0.15,1161.603251001077,305.4032173709329,23.845792797091576,22.023193021770503,20.541098989197483,3.4086958663161777,-1.9266018337431579,-1.3243422284445334,-0.21663598260646044,23.78080721542796,-0.21663598260646044,33.23977545917818,508.8728449276036,24.821400448533886,380.5050570095516,55.187692458551346,0.0010257862648235506,5.128931324117753,322.42705098312484,0.09844398636416901,BEARING,BEARING,0.4,0.6,True
5.88,5.88,AEROTWIN-4-001,IDLE,0.15,1154.0572774826267,375.0994124309975,23.841452528409214,8.110352855934899,20.508604212017605,3.4059986237489372,-15.804249979831644,8.96671271303028,-0.4231667534559705,-0.21659655181970572,-0.21659655181970572,33.239976797876324,508.87385376912823,24.821145597846947,380.4600420772344,55.18116358279792,0.001025566540277604,5.12783270138802,322.42705098312484,0.3418165558528263,BEARING,BEARING,0.4,0.6,True
5.89,5.89,AEROTWIN-4-001,IDLE,0.15,1164.3869146289226,444.3428490799551,23.805735906479548,45.2612289967862,20.243014874308066,3.383872673777173,21.63434144870096,47.307913633101684,-1.6141404945749591,-0.21627207087025874,-0.21627207087025874,33.239914821076496,508.87160340096403,24.820887552067354,380.090506995767,55.12756695365205,0.0010237654978141452,5.118827489070726,322.42705098312484,0.4417794743829453,BEARING,BEARING,0.4,0.6,True
5.9,5.9,AEROTWIN-4-001,IDLE,0.15,1155.8023224024994,514.2060639576905,23.854577471151668,6.04164837741389,20.607015540672187,3.4141607518053543,-17.979527915063652,7.182335966138981,-0.7072560082279921,-0.21671579024854976,-0.21671579024854976,33.240211135050345,508.8738362793523,24.820634161106682,380.59623997250844,55.20091745313268,0.0010262315615358509,5.131157807679254,322.42705098312484,0.3783278536746037,BEARING,BEARING,0.4,0.6,True
5.91,5.91,AEROTWIN-4-001,IDLE,0.15,1160.6525004615135,583.5542033018405,23.814013407060905,33.851458490903916,20.3042799056457,3.3889894127242655,10.15818917253395,-0.21634727090605652,35.40219325541786,-0.21634727090605652,-1.1180402227018345,33.24020658439823,508.8723342248267,24.82037711018849,380.17600671635796,55.13996766212713,0.0010241817758638977,5.120908879319489,322.42705098312484,0.24201299111179567,BEARING,BEARING,0.4,0.6,True
5.92,5.92,AEROTWIN-4-001,IDLE,0.15,1163.6989742701544,653.1933533295313,23.836963489825965,30.258776834828755,20.475046132875807,3.403210877565813,6.380519824387134,-0.21655576947739844,32.18479304264857,-0.21655576947739844,-1.4929046688650203,33.2403698358976,508.87294836940384,24.82012230540474,380.41350921514777,55.174414549546604,0.0010253394817686524,5.126697408843262,322.42705098312484,0.17887700978441692,BEARING,BEARING,0.4,0.6,True
5.93,5.93,AEROTWIN-4-001,IDLE,0.15,1152.3875560391634,3.015291785740601,23.851336382243318,0.30423741744826593,20.582672756236796,3.412143605319955,-23.690578944108484,-0.2166863453696837,-0.2166863453696837,-0.08548679462075111,0.8230969028083844,33.24063682560829,508.8748527919988,24.81986895881195,380.56258678682565,55.19603646238762,0.0010260671803194632,5.1303359015973165,322.42705098312484,0.47865621518249385,BEARING,BEARING,0.4,0.6,True
5.94,5.94,AEROTWIN-4-001,IDLE,0.15,1163.410637328374,72.15854514809041,23.797805644004008,46.65014522089343,20.184480960690884,3.378976794798203,23.086687465404342,-0.2162000254483122,-0.2162000254483122,-1.5435189481682754,48.62606421995832,33.240509514830435,508.8718618533585,24.81961075885517,380.0086735928843,55.115698000564755,0.0010233673139950202,5.116836569975101,322.42705098312484,0.4661771313218577,BEARING,BEARING,0.4,0.6,True
5.95,5.95,AEROTWIN-4-001,IDLE,0.15,1157.6440419539572,141.96318338779287,23.849977445943676,11.90624327344353,20.57247422585557,3.411298157249769,-12.077529109661807,-0.2166739996069289,-0.2166739996069289,-1.0013064017383262,13.340897674395714,33.24076482725697,508.87366986587955,24.81935751752284,380.5484805194458,55.19399051757938,0.001025998289199434,5.129991445997169,322.42705098312484,0.27558911509281964,BEARING,BEARING,0.4,0.6,True
5.96,5.96,AEROTWIN-4-001,IDLE,0.15,1157.3410309157832,211.4218259050303,23.822737829306373,23.12880417483742,20.36903939266382,3.394389616496243,-0.6346248343226417,-0.8462300209285016,-0.21642653116810373,24.40788725810213,-0.21642653116810373,33.24081732859377,508.87296128006994,24.81910185194304,380.26621508187054,55.15305130304434,0.0010246212609008607,5.1231063045043035,322.42705098312484,0.07855371317204132,BEARING,BEARING,0.4,0.6,True
5.97,5.97,AEROTWIN-4-001,IDLE,0.15,1164.1614011261247,280.8622877599773,23.821303255766082,38.03642878342119,20.358377676645418,3.393501141728191,14.284549965047578,-1.5940200721620106,-0.21641349825067605,40.063275852084544,-0.21641349825067605,33.24085873429629,508.87214054703213,24.818846168951005,380.2513754201147,55.1508989881826,0.001024548943877488,5.12274471938744,322.42705098312484,0.31516598157283626,BEARING,BEARING,0.4,0.6,True
5.98,5.98,AEROTWIN-4-001,IDLE,0.15,1153.0777551150534,350.71197182754474,23.85351519474184,0.7989997449174937,20.599034155486052,3.413499511679258,-23.213533922247816,-0.2623189076708578,-0.21670613960301233,1.4947309317943762,-0.21670613960301233,33.24113595723307,508.87426334812466,24.81859360674353,380.5852085710079,55.199317480721845,0.0010261776735252363,5.130888367626182,322.42705098312484,0.4700491848764804,BEARING,BEARING,0.4,0.6,True
5.99,5.99,AEROTWIN-4-001,IDLE,0.15,1162.7590977870784,419.89663713444793,23.80108490372706,43.866223610514,20.208666369446295,3.381000564188111,20.276556676879594,45.70167200731244,-1.4029887625901292,-0.21622981710415567,-0.21622981710415567,33.241026508480324,508.87158294518514,24.81833628379126,380.04250326963216,55.12060458922091,0.0010235318930216398,5.117659465108199,322.42705098312484,0.4174206005443776,BEARING,BEARING,0.4,0.6,True
6.0,6.0,AEROTWIN-4-001,IDLE,0.15,1160.5053701748063,489.66218300167264,23.846905650619874,19.238630130825445,20.54943846056076,3.4093877435357425,-4.720196073271058,20.922762644857325,-1.2508403285545602,-0.21664609273866078,-0.21664609273866078,33.24125304622943,508.8731186991785,24.81808333391863,380.516602767249,55.18936703215626,0.0010258426329068796,5.129213164534399,322.42705098312484,0.14720003040644275,BEARING,BEARING,0.4,0.6,True
6.01,6.01,AEROTWIN-4-001,IDLE,0.15,1154.713418278444,559.292505212161,23.83626851853555,11.741999201360668,20.46985541736586,3.4027794690331628,-12.130635685038355,-0.21654945575196838,12.711692937480747,-0.21654945575196838,-0.5365948246161417,33.241398754217336,508.8736501760597,24.817829504624267,380.40630749341227,55.17337002622953,0.0010253043475923177,5.126521737961588,322.42705098312484,0.2781408075102082,BEARING,BEARING,0.4,0.6,True
6.0200000000000005,6.0200000000000005,AEROTWIN-4-001,IDLE,0.15,1164.386970419854,628.5753103088676,23.808849525033676,43.912076610575944,20.26603980378794,3.3857965790741096,20.260240227713894,-0.21630035769723382,45.966428519681315,-0.21630035769723382,-1.6217511937109064,33.241342561838486,508.8716861009204,24.817573243324198,380.12265811333384,55.13223008744171,0.0010239220035376368,5.119610017688184,322.42705098312484,0.41813336883395646,BEARING,BEARING,0.4,0.6,True
6.03,6.03,AEROTWIN-4-001,IDLE,0.15,1155.0154364232742,698.4385285340588,23.854577733931432,4.393483526464056,20.6070175154189,3.414160915392909,-19.627694904347752,-0.21671579263587035,5.424236782365809,-0.21671579263587035,-0.5973216706300127,33.241621851304394,508.87391693572016,24.817321359721365,380.59624270157,55.20091784895031,0.0010262315748677518,5.131157874338759,322.42705098312484,0.4071707447557834,BEARING,BEARING,0.4,0.6,True
6.04,6.04,AEROTWIN-4-001,IDLE,0.15,1161.3900057447618,47.73945471945524,23.810282196962532,37.01419136496818,20.276642455651732,3.3866821425268223,13.350866766789622,-0.21631337333876446,-0.21631337333876446,-1.2006923166241468,38.647510428269854,33.241573431320894,508.87207562793714,24.817065460441842,380.1374558749655,55.134376325193244,0.0010239940486804927,5.119970243402463,322.42705098312484,0.2974038470732749,BEARING,BEARING,0.4,0.6,True
6.05,6.05,AEROTWIN-4-001,IDLE,0.15,1163.0592961953728,117.42285506414096,23.840445952559005,27.402602130266303,20.50107503003459,3.405373356000328,3.4961537442313864,-0.21658740720663985,-0.21658740720663985,-1.4418739326286096,29.27765087730819,33.241745978741626,508.87301231112934,24.81681248312265,380.4496058150602,55.1796499282047,0.0010255156095611397,5.127578047805699,322.42705098312484,0.12885397897245507,BEARING,BEARING,0.4,0.6,True
6.0600000000000005,6.0600000000000005,AEROTWIN-4-001,IDLE,0.15,1152.7540671741706,187.20641283586332,23.848321173667298,2.387097421845855,20.56005064164989,3.4102679712422517,-21.583221191046288,-0.20383968973356076,-0.2166589525847934,3.0242550167490028,-0.2166589525847934,33.24197436228305,508.8746409874348,24.81656035815604,380.5312909618137,55.191497378519536,0.0010259143496290446,5.129571748145223,322.42705098312484,0.4421351739401382,BEARING,BEARING,0.4,0.6,True
6.07,6.07,AEROTWIN-4-001,IDLE,0.15,1163.755077088808,256.3716568663135,23.799547213392653,46.61783489828621,20.197322150115923,3.3800514615747868,23.0404612865955,-1.5759614651384972,-0.2162158473838208,48.62622805819235,-0.2162158473838208,33.24184384984518,508.8718124201093,24.816303810340408,380.02663841175416,55.118303581964,0.0010234547065095722,5.117273532547862,322.42705098312484,0.4655915684373098,BEARING,BEARING,0.4,0.6,True
6.08,6.08,AEROTWIN-4-001,IDLE,0.15,1156.9287229523509,326.196961491642,23.85160076158953,9.699882853684773,20.584657416906218,3.4123081073760204,-14.297082670597465,-0.9041441178018277,-0.21668874722228448,11.03740446593117,-0.21668874722228448,33.24209521750349,508.87376928550174,24.81605222433599,380.56533141583526,55.196434537889914,0.0010260805851463,5.1304029257315005,322.42705098312484,0.31423864558567993,BEARING,BEARING,0.4,0.6,True
6.09,6.09,AEROTWIN-4-001,IDLE,0.15,1158.4979325334943,395.61268486878305,23.819350707512104,27.022711785706015,20.343874732693195,3.392292191637184,3.2865448613756363,28.40056250701304,-0.9450592021087906,-0.21639575959911653,-0.21639575959911653,33.24210721722665,508.8727516489152,24.815797739647724,380.2311818029282,55.147970146333094,0.0010244505483748916,5.122252741874458,322.42705098312484,0.12244841972544027,BEARING,BEARING,0.4,0.6,True
6.1000000000000005,6.1000000000000005,AEROTWIN-4-001,IDLE,0.15,1164.0824404419623,465.1225608207927,23.826778741586512,35.49215868300889,20.39909931579495,3.3968933544431104,11.69616601277083,37.49233853654052,-1.5672533688512948,-0.21646324234017017,-0.21646324234017017,33.24217330100868,508.87243197163525,24.815544061279766,380.308029338523,55.1591159592007,0.0010248250732363378,5.124125366181689,322.42705098312484,0.2705782403179656,BEARING,BEARING,0.4,0.6,True
6.11,6.11,AEROTWIN-4-001,IDLE,0.15,1152.6270841227386,534.9675072473104,23.85314320977903,0.01746575611870288,20.596239940408523,3.413267986860989,-23.99204217115081,0.5934411213946429,-0.1425698449416894,-0.2167027601671253,-0.2167027601671253,33.242432107668705,508.8745136468195,24.81529296563147,380.5813459650905,55.1987572560848,0.001026158805844304,5.13079402922152,322.42705098312484,0.4837172688449167,BEARING,BEARING,0.4,0.6,True
6.12,6.12,AEROTWIN-4-001,IDLE,0.15,1163.0081699163836,604.1251322946748,23.798943875273856,45.31464704470007,20.19287267314493,3.3796791278213782,21.742095243733758,-0.21621036613405395,47.206081205387626,-0.21621036613405395,-1.459013428419455,33.24229181010469,508.8716338417016,24.815036933591312,380.02041437135557,55.11740085959267,0.001023424427442932,5.11712213721466,322.42705098312484,0.44279275479214175,BEARING,BEARING,0.4,0.6,True
6.13,6.13,AEROTWIN-4-001,IDLE,0.15,1159.476994692711,673.9056224896578,23.848080120804628,16.5726850726477,20.55824310563703,3.4101180611626054,-7.395676094151933,-0.21665676265031691,18.176730059420763,-0.21665676265031691,-1.170731461472428,33.242511916529494,508.8732750684804,24.81478559271605,380.5287894940209,55.1911345706338,0.0010259021354000245,5.129510677000123,322.42705098312484,0.19388171542387586,BEARING,BEARING,0.4,0.6,True
6.140000000000001,6.140000000000001,AEROTWIN-4-001,IDLE,0.15,1155.5424453024877,23.474242171220567,23.83140884574901,15.592856132301513,20.43359299067855,3.3997641146307926,-8.240500973007832,-0.21650530624525177,-0.21650530624525177,-0.6468151602741833,16.6726819050662,33.24260705680461,508.87336190377954,24.814532804742893,380.35596555059965,55.16606853152787,0.0010250588016524232,5.125294008262116,322.42705098312484,0.21063655290845335,BEARING,BEARING,0.4,0.6,True
6.15,6.15,AEROTWIN-4-001,IDLE,0.15,1164.3764524849437,92.80678888936983,23.812781378458986,42.185279065682735,20.29515027497225,3.3882274132685817,18.501901377441904,-0.21633607808353023,-0.21633607808353023,-1.6205741161429448,44.23852533799274,33.24256513990109,508.87176033274324,24.81427839685377,380.1632754894922,55.138121150444974,0.0010241197740351845,5.120598870175923,322.42705098312484,0.3878690565822807,BEARING,BEARING,0.4,0.6,True
6.16,6.16,AEROTWIN-4-001,IDLE,0.15,1154.3158649072745,162.66937603846645,23.854528193419036,2.949929955081124,20.60664522975184,3.4141300751970003,-21.070845349867717,-0.2167153425666412,-0.2167153425666412,-0.48417210231355773,3.867532742527964,33.24282948429872,508.8739848040611,24.81402800706828,380.59572820723645,55.20084322772116,0.0010262290614855187,5.131145307427594,322.42705098312484,0.43243176537215533,BEARING,BEARING,0.4,0.6,True
6.17,6.17,AEROTWIN-4-001,IDLE,0.15,1162.0318824397737,231.92832793290293,23.806963175909427,39.79710774026682,20.252087518513566,3.384630891707186,16.160389330046065,-1.2770010152810323,-0.21628322045631476,41.50667519646047,-0.21628322045631476,33.24274264345768,508.8718419832055,24.81377328754318,380.10317830209135,55.129404774578724,0.001023827175008107,5.119135875040534,322.42705098312484,0.3461431843576008,BEARING,BEARING,0.4,0.6,True
6.18,6.18,AEROTWIN-4-001,IDLE,0.15,1162.3216254086142,301.65024087928936,23.84347530074079,24.537834040375305,20.523742348713714,3.4072554367692502,0.6068362548923405,-1.382978779469432,-0.216614928448043,26.35404267674082,-0.216614928448043,33.2429235223836,508.87305959752814,24.813522088332594,380.4810182198464,55.184205920570086,0.0010256689190275624,5.128344595137812,322.42705098312484,0.07868578523919413,BEARING,BEARING,0.4,0.6,True
6.19,6.19,AEROTWIN-4-001,IDLE,0.15,1153.3704979439215,371.3895384038062,23.84484227174301,5.194885957614265,20.533978473037916,3.4081050075260997,-18.74719752294975,5.948984735302311,-0.32084408327795566,-0.2166273472050447,-0.2166273472050447,33.2431122926195,508.87437094705075,24.81327113150058,380.49519663411195,55.18626232941833,0.0010257381287499927,5.128690643749963,322.42705098312484,0.39291698930410024,BEARING,BEARING,0.4,0.6,True
6.2,6.2,AEROTWIN-4-001,IDLE,0.15,1164.114146301833,440.5917682804415,23.802475270085836,46.10223223873193,20.218928805093295,3.38185893099397,22.501444502644663,48.13471991098848,-1.600002775446585,-0.21624244840498424,-0.21624244840498424,33.242989540015266,508.87181331535044,24.813016337822013,380.0568506533586,55.122685505061824,0.001023601704366397,5.118008521831985,322.42705098312484,0.45653468783531576,BEARING,BEARING,0.4,0.6,True
6.21,6.21,AEROTWIN-4-001,IDLE,0.15,1156.3149177922687,510.4386170585515,23.853292579200406,7.67605686671073,20.59736190628969,3.4133609532976723,-16.334665992876634,8.911306718155855,-0.8018416171066344,-0.216704117169245,-0.216704117169245,33.24323971549937,508.8739240451675,24.81276640558578,380.58289696151843,55.19898220950471,0.0010261663819372995,5.130831909686497,322.42705098312484,0.349695442261876,BEARING,BEARING,0.4,0.6,True
6.22,6.22,AEROTWIN-4-001,IDLE,0.15,1159.6761677482584,579.8175121260876,23.81644282749485,30.752571558918937,20.322293692267618,3.3904924209076452,7.039785445743675,-0.21636934188047746,32.224442113438236,-0.21636934188047746,-1.0391318707583435,33.24321695038626,508.87263948023497,24.812513136364235,380.2011167860276,55.143609576411876,0.001024304080276671,5.121520401383355,322.42705098312484,0.1877544673604392,BEARING,BEARING,0.4,0.6,True
6.23,6.23,AEROTWIN-4-001,IDLE,0.15,1163.9395746804878,649.3980821909831,23.83235034558995,32.77022041067954,20.440613691777397,3.4003481205316866,8.929258598370458,-0.21651385965108322,34.73492201970357,-0.21651385965108322,-1.5316738897218578,33.243310602414354,508.8728275651212,24.812261466265344,380.36571634257456,55.16748276689433,0.001025106354737443,5.125531773687215,322.42705098312484,0.22288026263755709,BEARING,BEARING,0.4,0.6,True
6.24,6.24,AEROTWIN-4-001,IDLE,0.15,1152.478492754639,719.2344566718124,23.852470111161875,0.0,20.59118477105515,3.412849082569405,-24.004033853624556,-0.21669664515213885,0.03514241333721795,-0.21669664515213885,-0.021714391946406796,33.243550889813314,508.8748381222848,24.81201179975892,380.5743571116183,55.1977436067549,0.001026124668710814,5.1306233435540705,322.42705098312484,0.48400706776379065,BEARING,BEARING,0.4,0.6,True
6.25,6.25,AEROTWIN-4-001,IDLE,0.15,1163.3111818570687,68.38316623709079,23.798237796754425,46.25484110174243,20.187666664691296,3.3792434351743306,22.6879310018768,-0.21620395150086663,-0.21620395150086663,-1.5074846826270316,48.19473368737119,33.24339224742008,508.8718865232654,24.811757181766506,380.01313103094674,55.116344498466454,0.0010233889967872223,5.116944983936111,322.42705098312484,0.4592543130568248,BEARING,BEARING,0.4,0.6,True
6.26,6.26,AEROTWIN-4-001,IDLE,0.15,1158.5580321060193,138.18183714851492,23.849508642820872,14.024990032881208,20.568957053843956,3.411006538576958,-9.954973559539706,-0.2166697405904214,-0.2166697405904214,-1.0835145969142204,15.541844110976271,33.24360975478322,508.87365129526535,24.811507465498376,380.54361471132705,55.19328479050145,0.001025974527562527,5.1298726378126345,322.42705098312484,0.2385000092147648,BEARING,BEARING,0.4,0.6,True
6.2700000000000005,6.2700000000000005,AEROTWIN-4-001,IDLE,0.15,1156.5499397360702,207.69531907487607,23.8270630571666,19.592546615836493,20.4012158650169,3.3970695755936027,-4.205738824774011,-0.7545506908881295,-0.21646582531090997,20.780028957346442,-0.21646582531090997,33.24366007125303,508.8733348837863,24.811255756483952,380.3109721285099,55.15954277557482,0.0010248394194090306,5.124197097045153,322.42705098312484,0.1405398342182651,BEARING,BEARING,0.4,0.6,True
6.28,6.28,AEROTWIN-4-001,IDLE,0.15,1164.372380184383,277.0883154590403,23.817556392527333,40.10501808206015,20.330555577112815,3.3911815412389186,16.383280963708415,-1.61044272790643,-0.21637945847660245,42.148219726919784,-0.21637945847660245,33.2436404319593,508.8721657715785,24.81100327400073,380.21262885953365,55.145279264529044,0.0010243601599882104,5.121800799941052,322.42705098312484,0.3514094501354386,BEARING,BEARING,0.4,0.6,True
6.29,6.29,AEROTWIN-4-001,IDLE,0.15,1153.7169831039232,346.9506582701033,23.854509012376365,1.7040077654938979,20.606501090275305,3.4141181345881106,-22.31661145936952,-0.3669910051381994,-0.21671516830931786,2.5044291072507328,-0.21671516830931786,33.24389181172269,508.8743783616538,24.81075437190498,380.5955290067083,55.20081433607496,0.0010262280883634714,5.131140441817357,322.42705098312484,0.4542349518988461,BEARING,BEARING,0.4,0.6,True
6.3,6.3,AEROTWIN-4-001,IDLE,0.15,1162.5800904880227,416.1736772563387,23.804120492229508,42.17680218195206,20.231078606164104,3.3828748785449934,18.562848697242966,43.95670133376431,-1.347384361736089,-0.21625739503807517,-0.21625739503807517,33.24377176411083,508.8719690382284,24.810500866254788,380.0738310182167,55.125148303220115,0.0010236843367195036,5.118421683597519,322.42705098312484,0.38782065867752125,BEARING,BEARING,0.4,0.6,True
6.3100000000000005,6.3100000000000005,AEROTWIN-4-001,IDLE,0.15,1161.492978550931,485.92848268562005,23.846061427742455,21.67513270647495,20.543111756552012,3.4088628667211336,-2.2768419167981944,23.424081848783388,-1.3156722961451925,-0.2166384230816213,-0.2166384230816213,33.243959393805504,508.87341842248185,24.81025139614621,380.50784388537875,55.18809666144756,0.0010257998703293956,5.128999351646978,322.42705098312484,0.10454136446053813,BEARING,BEARING,0.4,0.6,True
6.32,6.32,AEROTWIN-4-001,IDLE,0.15,1154.1555053008253,555.6180613986759,23.840932032349492,8.542817830994425,20.504710581918932,3.405675288037616,-15.367568038962123,-0.21659182317946715,9.413338422172078,-0.21659182317946715,-0.43733694481871943,33.24410711412305,508.8743656670131,24.810001556718912,380.4546453710311,55.18038085532361,0.001025540202962103,5.1277010148105155,322.42705098312484,0.334236173289711,BEARING,BEARING,0.4,0.6,True
6.33,6.33,AEROTWIN-4-001,IDLE,0.15,1164.414197784892,624.8673917167254,23.806202128612174,45.11637698592749,20.24646099755751,3.3841606927830687,21.48575529558691,-0.21627630643880008,47.16449789393652,-0.21627630643880008,-1.615568295131434,33.24399962030384,508.8721445990381,24.809748584153404,380.0953204242198,55.128265083687985,0.0010237889263558276,5.118944631779138,322.42705098312484,0.43923918159995107,BEARING,BEARING,0.4,0.6,True
6.34,6.34,AEROTWIN-4-001,IDLE,0.15,1155.7260649281443,694.7322435838189,23.854705975698188,5.825839098408301,20.60798125232496,3.4142407501968903,-18.19638290411355,-0.21671695769594568,6.953063666873006,-0.21671695769594568,-0.6937906530728135,33.24424816842983,508.87437564025566,24.809500271287742,380.5975745485287,55.201111017369506,0.0010262380811838724,5.131190405919362,322.42705098312484,0.38210754289138565,BEARING,BEARING,0.4,0.6,True
6.3500000000000005,6.3500000000000005,AEROTWIN-4-001,IDLE,0.15,1160.7749292110914,44.0758074795076,23.813651909363823,34.26468316525773,20.301600724274277,3.3887658141311316,10.57431662685232,-0.21634398674563948,-0.21634398674563948,-1.1286820153266055,35.826053154075616,33.244193133287304,508.8728274199328,24.809248218459675,380.17227096672457,55.1394258364718,0.001024163581944641,5.120817909723205,322.42705098312484,0.2492485906984,BEARING,BEARING,0.4,0.6,True
6.36,6.36,AEROTWIN-4-001,IDLE,0.15,1163.6497573476615,113.72230323217309,23.837541724982984,29.903961713503822,20.479365886640423,3.4035698574087245,6.021025969454675,-0.216561022669963,-0.216561022669963,-1.4869719643374655,31.824055723181214,33.24431320580866,508.8734817040964,24.808998515527136,380.4195017088039,55.1752836888415,0.0010253687180274303,5.126843590137152,322.42705098312484,0.1726611061617883,BEARING,BEARING,0.4,0.6,True
6.37,6.37,AEROTWIN-4-001,IDLE,0.15,1152.439102442205,183.5412886730328,23.851104442906248,0.5133903309664223,20.580931765808618,3.411999293765961,-23.479540728608157,-0.10038081972976047,-0.21668423823042357,1.04713962715703,-0.21668423823042357,33.244531484052075,508.87535170035727,24.808750203534082,380.560179003776,55.19568724234966,0.001026055420874262,5.13027710437131,322.42705098312484,0.47499057766639924,BEARING,BEARING,0.4,0.6,True
6.38,6.38,AEROTWIN-4-001,IDLE,0.15,1163.472410387104,252.68763481956512,23.79805060826627,46.67352076825219,20.186286708513755,3.3791279367459093,23.108106122992524,-1.548056653766677,-0.21620225091735448,48.65398192385358,-0.21620225091735448,33.244359890089044,508.87237038032356,24.80849703858938,380.01120024763577,55.116064461516594,0.001023379604584682,5.116898022923411,322.42705098312484,0.46658337128756333,BEARING,BEARING,0.4,0.6,True
6.390000000000001,6.390000000000001,AEROTWIN-4-001,IDLE,0.15,1157.5674230072461,322.4959794427914,23.850268607967063,11.618761574773503,20.574658937523118,3.4114792853180993,-12.367376648067715,-0.9893733466682024,-0.21667664477673185,13.041488210995167,-0.21667664477673185,33.24457145926792,508.8741921538385,24.808248875604612,380.5515026928996,55.19442884757277,0.0010260130480704227,5.130065240352114,322.42705098312484,0.28062690022046255,BEARING,BEARING,0.4,0.6,True
6.4,6.4,AEROTWIN-4-001,IDLE,0.15,1157.503354787709,391.95002482322616,23.822375115635722,23.62632401523319,20.36634322244036,3.394164958010804,-0.13418416521797294,24.918120822306722,-0.8589503351520862,-0.21642323596072208,-0.21642323596072208,33.244576132823944,508.87343767413853,24.807998203279393,380.26246281917304,55.15250708236722,0.0010246029745391095,5.123014872695547,322.42705098312484,0.06983859636489291,BEARING,BEARING,0.4,0.6,True
6.41,6.41,AEROTWIN-4-001,IDLE,0.15,1164.1728188895856,461.4002261104887,23.822071801144887,37.72655889176852,20.364088841031098,3.393977100179499,13.968492950557923,39.75052927533401,-1.5911294227908783,-0.21642048038730416,-0.21642048038730416,33.24457853855833,508.87267459862267,24.807747616005614,380.25932516559845,55.15205200336807,0.001024587683810882,5.12293841905441,322.42705098312484,0.30973441000033974,BEARING,BEARING,0.4,0.6,True
6.42,6.42,AEROTWIN-4-001,IDLE,0.15,1153.0345317300062,531.2505952438638,23.853568982176544,0.6849971306254559,20.599438216388,3.41353299031028,-23.327974076072824,1.3656397942074534,-0.2472294070720209,-0.21670662825498832,-0.21670662825498832,33.244811804431585,508.8747889417526,24.807500105624843,380.5857671018614,55.199398488919776,0.001026180401825838,5.130902009129191,322.42705098312484,0.4720454974295888,BEARING,BEARING,0.4,0.6,True
6.43,6.43,AEROTWIN-4-001,IDLE,0.15,1162.8178442570365,600.4326671476642,23.800879590973473,44.078147013220175,20.207151344822023,3.3808738266037786,20.490121841794373,-0.21622795186400645,45.921127702804824,-0.21622795186400645,-1.4105247858566394,33.24465737869143,508.8720768746645,24.80724776704628,380.04038482129556,55.120297333711065,0.0010235215857201953,5.117607928600977,322.42705098312484,0.4211316325182377,BEARING,BEARING,0.4,0.6,True
6.44,6.44,AEROTWIN-4-001,IDLE,0.15,1160.3980579163137,670.2017378030864,23.847182682369976,18.893086301766754,20.55151496543187,3.4095599971822907,-5.067988660847407,-0.21664860953673526,20.567416817127565,-0.21664860953673526,-1.24103329628734,33.244842702669644,508.8736254574795,24.80699988032194,380.5194771912073,55.18978393285832,0.001025856666998075,5.129283334990375,322.42705098312484,0.15325356836164925,BEARING,BEARING,0.4,0.6,True
6.45,6.45,AEROTWIN-4-001,IDLE,0.15,1154.8376548195847,19.825621278065228,23.835761579929574,12.222853685740995,20.466069885805002,3.402464813057104,-11.645681013121111,-0.21654485027946588,-0.21654485027946588,-0.5508229030938814,13.206766289393808,33.24494200481779,508.8740982744352,24.80675102969922,380.4010546662329,55.17260816668109,0.0010252787224114689,5.126393612057345,322.42705098312484,0.2697139328766587,BEARING,BEARING,0.4,0.6,True
6.46,6.46,AEROTWIN-4-001,IDLE,0.15,1164.4133095446498,89.11588056724032,23.80943890011008,43.711766135301,20.27040091727829,3.3861608596387347,20.05520435838397,-0.21630571209454352,-0.21630571209454352,-1.6220997029240727,45.766477262414156,33.244848123724964,508.8721762410684,24.806499826080177,380.12874533376896,55.133112965719185,0.0010239516391486463,5.119758195743231,322.42705098312484,0.4146211348891782,BEARING,BEARING,0.4,0.6,True
6.47,6.47,AEROTWIN-4-001,IDLE,0.15,1154.9474896724992,158.9806791399193,23.854701792099277,4.197021177284957,20.607949811912587,3.4142381457404722,-19.825166780368104,-0.21671691968848378,-0.21671691968848378,-0.5829946461238751,5.213449662785799,33.24508652204424,508.8744061105608,24.80625299036883,380.5975310996901,55.20110471563685,0.0010262378689273584,5.131189344636792,322.42705098312484,0.4106117579687778,BEARING,BEARING,0.4,0.6,True
6.48,6.48,AEROTWIN-4-001,IDLE,0.15,1161.5048499019508,228.27752852026924,23.809959908601833,37.3944429360781,20.274256874639164,3.386482912247957,13.73370314919098,-1.2108689177114687,-0.21631044539016167,39.03793274456989,-0.21631044539016167,33.24499471353032,508.8725234533707,24.806002060283955,380.1341268053038,55.133893483587656,0.0010239778399216363,5.119889199608182,322.42705098312484,0.3040619677224772,BEARING,BEARING,0.4,0.6,True
6.49,6.49,AEROTWIN-4-001,IDLE,0.15,1162.995564463225,297.9678195143863,23.84098806827285,27.032985104723082,20.50512973186703,3.4057100966568243,3.122145276199228,-1.4347256967742072,-0.21659233225867547,28.90089546601464,-0.21659233225867547,33.24513052330487,508.8734981598516,24.805754154621727,380.45522635691066,55.18046512035361,0.0010255430382733106,5.127715191366553,322.42705098312484,0.1223794605829291,BEARING,BEARING,0.4,0.6,True
6.5,6.5,AEROTWIN-4-001,IDLE,0.15,1152.848226894453,367.7475533821798,23.848020686536145,2.7153444540077394,20.557797460330665,3.410081100043503,-21.25253410636643,3.367710345188621,-0.21905344578572727,-0.21665622269757717,-0.21665622269757717,33.245316372373885,508.87508737633954,24.805507025628,380.52817274059186,55.19104511794996,0.0010258991239350094,5.129495619675048,322.42705098312484,0.4363837771259141,BEARING,BEARING,0.4,0.6,True
6.51,6.51,AEROTWIN-4-001,IDLE,0.15,1163.828521081452,436.9184469958469,23.799994560385414,46.57802373679958,20.200621816417712,3.38032755229459,22.997074368087276,48.59002929491338,-1.5795657351655474,-0.2162199114741267,-0.2162199114741267,33.24514956788824,508.87228800345724,24.805255503583513,380.031253536793,55.11897295046938,0.0010234771593248117,5.117385796624059,322.42705098312484,0.46488970284341546,BEARING,BEARING,0.4,0.6,True
6.5200000000000005,6.5200000000000005,AEROTWIN-4-001,IDLE,0.15,1156.8701371591205,506.74815826073404,23.851946842838515,9.426173922375739,20.58725567346853,3.4125234564099123,-14.573605207502704,10.750681619582704,-0.8911239145544883,-0.21669189132623914,-0.21669189132623914,33.245364078711354,508.87426445526285,24.805008972749846,380.56892435953654,55.19695565125846,0.0010260981335617468,5.130490667808734,322.42705098312484,0.31903670153441666,BEARING,BEARING,0.4,0.6,True
6.53,6.53,AEROTWIN-4-001,IDLE,0.15,1158.678121873085,576.1603664902813,23.819073216765133,27.520569134363893,20.341814395115684,3.3921204091194084,3.7866343301288006,-0.21639323863111412,28.910972496174757,-0.21639323863111412,-0.9576168845486378,33.24533527730951,508.87320933123516,24.804759457031043,380.2283123283248,55.14755396347557,0.0010244365677358291,5.122182838679146,322.42705098312484,0.1311641195488015,BEARING,BEARING,0.4,0.6,True
6.54,6.54,AEROTWIN-4-001,IDLE,0.15,1164.0936527269184,645.6810538026664,23.827631132732623,35.145128434658446,20.40544544034898,3.397421697181589,11.342261297127877,-0.21647098620488767,37.14117683414975,-0.21647098620488767,-1.5631064270815358,33.24536924951283,508.8729554358999,24.80451085725083,380.31685226131225,55.160395618276205,0.0010248680861188481,5.12434043059424,322.42705098312484,0.2644954067441999,BEARING,BEARING,0.4,0.6,True
6.55,6.55,AEROTWIN-4-001,IDLE,0.15,1152.6297519861803,715.5266729662815,23.85319603236038,0.0,20.596636702725977,3.413300862997568,-24.009937565723547,-0.21670324005353178,0.4971365939275176,-0.21670324005353178,-0.1267632548173614,33.245590340212964,508.8750288297425,24.804264783343562,380.5818944518561,55.19883680750831,0.0010261614850069609,5.130807425034805,322.42705098312484,0.4840241636151119,BEARING,BEARING,0.4,0.6,True
6.5600000000000005,6.5600000000000005,AEROTWIN-4-001,IDLE,0.15,1163.0841700870333,64.68445808545232,23.798956551752738,45.46833516904932,20.192966149846768,3.3796869504055556,21.895682068796994,-0.21621048129824588,-0.21621048129824588,-1.465852890056041,47.366609021701855,33.245412780569616,508.8721372884216,24.80401372482304,380.0205451373809,55.11741982563545,0.0010234250635867432,5.117125317933716,322.42705098312484,0.44548215043734796,BEARING,BEARING,0.4,0.6,True
6.57,6.57,AEROTWIN-4-001,IDLE,0.15,1159.3871848429817,134.46950829067433,23.848438447063465,16.22832318702492,20.56093007048471,3.410340905301871,-7.74294778876166,-0.2166600179986225,-0.2166600179986225,-1.1596023727800293,17.821245595802196,33.245598338829836,508.87379850053406,24.803767426116064,380.5325079647623,55.191673890193194,0.0010259202921210956,5.129601460605478,322.42705098312484,0.19991648382667915,BEARING,BEARING,0.4,0.6,True
6.58,6.58,AEROTWIN-4-001,IDLE,0.15,1155.7050834608544,204.03273938125324,23.830984264855047,16.118153332338245,20.43042765518333,3.399500778397605,-7.711775101242689,-0.6612905542831897,-0.21650144898204637,17.21244678458553,-0.21650144898204637,33.245653693418575,508.87383376009626,24.803519591146205,380.35156867580577,55.16543081760152,0.0010250373598843217,5.125186799421609,322.42705098312484,0.20143387165836815,BEARING,BEARING,0.4,0.6,True
6.59,6.59,AEROTWIN-4-001,IDLE,0.15,1164.4131046665127,273.3750443889045,23.81355244335734,41.92760486374309,20.300863605820407,3.388704293255865,18.23803696466682,-1.619758875018264,-0.21634308310967176,43.980049904980696,-0.21634308310967176,33.24558127489684,508.8722900947199,24.803270231727335,380.1712431046184,55.13927675740764,0.0010241585761179965,5.120792880589983,322.42705098312484,0.3833508672335334,BEARING,BEARING,0.4,0.6,True
6.6000000000000005,6.6000000000000005,AEROTWIN-4-001,IDLE,0.15,1154.2665312401998,343.23983066889525,23.854700827125768,2.771246414853167,20.607942559989304,3.4142375450063986,-21.250933690142535,-0.46870377523484674,-0.2167169109218227,3.673384011931659,-0.2167169109218227,33.245810922789516,508.87451703006616,24.803024864758214,380.59752107794424,55.201103262102876,0.0010262378199690778,5.131189099845389,322.42705098312484,0.4355627935819433,BEARING,BEARING,0.4,0.6,True
6.61,6.61,AEROTWIN-4-001,IDLE,0.15,1162.148195819841,412.4958225433072,23.806729053950193,40.142162402125514,20.250356469979305,3.384486237840199,16.50731969430601,41.86155754807658,-1.2868329589746426,-0.21628109348821095,-0.21628109348821095,33.24568707841489,508.8723397605603,24.802775090599365,380.10076089654535,55.12905415891314,0.0010238154079196802,5.119077039598401,322.42705098312484,0.3521843434927573,BEARING,BEARING,0.4,0.6,True
6.62,6.62,AEROTWIN-4-001,IDLE,0.15,1162.2508798614297,482.22471429249765,23.844024088254766,24.150508634424128,20.527851195213987,3.4075964854122276,0.2150609537979129,25.958142084994503,-1.3743936223453137,-0.21661991411253084,-0.21661991411253084,33.245836930837115,508.8735947790405,24.802528936616913,380.48671003664487,55.1850314502949,0.001025696701892282,5.12848350946141,322.42705098312484,0.07190129705650233,BEARING,BEARING,0.4,0.6,True
6.63,6.63,AEROTWIN-4-001,IDLE,0.15,1153.5042389618034,551.9597670841835,23.844508530439118,5.62045462635627,20.53147891817848,3.4078975707475445,-18.318921862569752,-0.2166243152079155,6.39037771434268,-0.2166243152079155,-0.33667445757057973,33.24598855642162,508.87486242950513,24.80228294025796,380.4917348045513,55.18576023258251,0.001025721229712646,5.128606148563231,322.42705098312484,0.385461683416209,BEARING,BEARING,0.4,0.6,True
6.640000000000001,6.640000000000001,AEROTWIN-4-001,IDLE,0.15,1164.194610125943,621.1700214218916,23.803110365300668,45.99573020589511,20.22361811681565,3.3822510801399472,22.38986100893951,-0.2162482181639134,48.03086629900648,-0.2162482181639134,-1.6026396567835515,33.24583636914558,508.87234982832257,24.80203316290832,380.06340508461744,55.12363614666275,0.001023633599288135,5.118167996440675,322.42705098312484,0.45466356593656,BEARING,BEARING,0.4,0.6,True
6.65,6.65,AEROTWIN-4-001,IDLE,0.15,1156.268302987298,691.0216980294482,23.853671636267904,7.41298742731544,20.600209393005247,3.4135968855524625,-16.60081885124227,-0.21670756085430007,8.6338284851078,-0.21670756085430007,-0.7874259360837599,33.24605539315419,508.8744816298113,24.801788260779457,380.58683307622357,55.19955309570931,0.001026185608907098,5.13092804453549,322.42705098312484,0.35430808496580646,BEARING,BEARING,0.4,0.6,True
6.66,6.66,AEROTWIN-4-001,IDLE,0.15,1159.8673594579657,40.39779620868603,23.81622193723891,31.24885719470539,20.32065521014189,3.3903557391607233,7.537846245402777,-0.21636733512070852,-0.21636733512070852,-1.0516922852529287,32.73328415019974,33.24599763168432,508.87316314748915,24.801539934105875,380.1988333986873,55.14327839847881,0.0010242929575834542,5.1214647879172706,322.42705098312484,0.19644201155864047,BEARING,BEARING,0.4,0.6,True
6.67,6.67,AEROTWIN-4-001,IDLE,0.15,1163.9426978571805,109.98983777616397,23.83325398565574,32.38363169860958,20.44735419079466,3.4009087239042874,8.53536878391063,-0.21652206910569186,-0.21652206910569186,-1.5260799155256959,34.342755752346655,33.24606484318521,508.8734200799982,24.801293322614388,380.375076081673,55.16884028473369,0.0010251520038856757,5.125760019428379,322.42705098312484,0.2161045768118267,BEARING,BEARING,0.4,0.6,True
6.68,6.68,AEROTWIN-4-001,IDLE,0.15,1152.4815587971068,179.8263996475948,23.852484826485092,0.0,20.59129527506418,3.412858240201762,-24.00415351526594,-0.21669677883897123,-0.21669677883897123,-0.004924260556313622,0.0037947634288364954,33.246272403638386,508.8754171627942,24.80104864413444,380.57450989620503,55.19776576632579,0.0010261254149704366,5.130627074852184,322.42705098312484,0.484007414307102,BEARING,BEARING,0.4,0.6,True
6.69,6.69,AEROTWIN-4-001,IDLE,0.15,1163.3568420524525,248.9752931754212,23.798252366804203,46.344166491389885,20.187774078974584,3.37925242528039,22.77713998713491,-1.513578534194069,-0.21620408386790832,48.29015319331977,-0.21620408386790832,33.246081681467956,508.8724524017802,24.800798969978985,380.0132813176912,55.1163662957553,0.0010233897278554387,5.116948639277194,322.42705098312484,0.46081733893576876,BEARING,BEARING,0.4,0.6,True
6.7,6.7,AEROTWIN-4-001,IDLE,0.15,1158.4395638403166,318.7767036985683,23.849723875554233,13.682988773507178,20.570571756847112,3.411140421262379,-10.298723404602313,-1.0708922771426583,-0.21667169595232014,15.187224442554475,-0.21667169595232014,33.246268723379536,508.8742225954725,24.800554253965302,380.54584862338686,55.193608792638784,0.0010259854365218043,5.129927182609022,322.42705098312484,0.24449009867705107,BEARING,BEARING,0.4,0.6,True
6.71,6.71,AEROTWIN-4-001,IDLE,0.15,1156.7008135633353,388.2830775289873,23.82650260215759,20.152135972802668,20.397043828701097,3.3967222084959356,-3.6416300643943647,21.354296336107627,-0.7692388960075199,-0.2164607336487196,-0.2164607336487196,33.246283367399855,508.87384112937434,24.800307452321547,380.3051712722321,55.158701430982,0.001024811140387597,5.124055701937985,322.42705098312484,0.1307338513982484,BEARING,BEARING,0.4,0.6,True
6.72,6.72,AEROTWIN-4-001,IDLE,0.15,1164.3708444750264,457.6851263427874,23.818271150001767,39.791559334460345,20.33586023140447,3.3916239264057837,16.06407517665009,41.832648954611926,-1.608317716237609,-0.21638595195698773,-0.21638595195698773,33.24623781949943,508.8727240212386,24.80005998765381,380.2200188615411,55.1463510956402,0.0010243961619943516,5.121980809971759,322.42705098312484,0.34591568737616485,BEARING,BEARING,0.4,0.6,True
6.73,6.73,AEROTWIN-4-001,IDLE,0.15,1153.6410788292044,527.547377011289,23.854501778978904,1.548191747039949,20.606446733823365,3.414113631653094,-22.472368618436512,2.332102700309261,-0.3504807480796607,-0.21671510259482557,-0.21671510259482557,33.24645817128484,508.8749219969112,24.79981606177561,380.5954538859608,55.20080344071199,0.0010262277213886246,5.131138606943123,322.42705098312484,0.45696156184623965,BEARING,BEARING,0.4,0.6,True
6.74,6.74,AEROTWIN-4-001,IDLE,0.15,1162.6461004728114,596.7658417410412,23.803760110717576,42.47114218802179,20.228416645118802,3.3826523155872827,18.860073227315702,-0.2162541210180577,44.26027371236801,-0.2162541210180577,-1.3566232823101125,33.24630513483049,508.87246655220093,24.79956745819393,380.07011122817613,55.12460879231221,0.001023666234050564,5.11833117025282,322.42705098312484,0.3929757709090957,BEARING,BEARING,0.4,0.6,True
6.75,6.75,AEROTWIN-4-001,IDLE,0.15,1161.369872185125,666.5246077694098,23.84637275300078,21.28157479499668,20.545444652157514,3.4090564181055245,-2.672926275266359,-0.21664125143183893,23.020556261854022,-0.21664125143183893,-1.305698963993665,33.2464648784296,508.87393178859855,24.799322983521314,380.5110738055063,55.18856512260302,0.0010258156391170946,5.129078195585473,322.42705098312484,0.11143595555010809,BEARING,BEARING,0.4,0.6,True
6.76,6.76,AEROTWIN-4-001,IDLE,0.15,1154.272076385577,16.206800100517285,23.840350908373612,9.040089794385446,20.50036423342544,3.4053143213201515,-14.865588760360145,-0.21658654374235212,-0.21658654374235212,-0.4533780276634637,9.926640909533614,33.24657851834643,508.87481343910576,24.79907804867228,380.448620455139,55.179507013572454,0.0010255108010377293,5.127554005188647,322.42705098312484,0.3255202427195189,BEARING,BEARING,0.4,0.6,True
6.7700000000000005,6.7700000000000005,AEROTWIN-4-001,IDLE,0.15,1164.4463914137182,85.4631246836519,23.806755369882065,44.94408909978922,20.250551037589563,3.384502497055647,21.309035565144008,-0.21628133256509166,-0.21628133256509166,-1.6170273256062921,46.99367909052569,33.24644577569248,508.8726311358648,24.79883005866,380.1010326159782,55.12909356855625,0.0010238167305448855,5.119083652724428,322.42705098312484,0.43621775692223397,BEARING,BEARING,0.4,0.6,True
6.78,6.78,AEROTWIN-4-001,IDLE,0.15,1155.6424177481263,155.329908168475,23.85485760535434,5.584456623682288,20.60912080364957,3.414335146846849,-18.43899932681413,-0.21671833523200967,-0.21671833523200967,-0.6784250119202073,6.696318306066515,33.246666268822835,508.87486381093123,24.79858672603508,380.59914931596495,55.20133941848893,0.001026245774291634,5.13122887145817,322.42705098312484,0.3863353077728498,BEARING,BEARING,0.4,0.6,True
6.79,6.79,AEROTWIN-4-001,IDLE,0.15,1160.9140050371682,224.66845323336256,23.81325535726571,34.72796926880161,20.29866212100439,3.3885205477893092,11.040786600007909,-1.1406599219840194,-0.2163403841204653,36.301309959026554,-0.2163403841204653,33.24657968842754,508.87326753755,24.79833956787158,380.16817314879574,55.13883149715504,0.0010241436252440242,5.120718126220122,322.42705098312484,0.2573606697502301,BEARING,BEARING,0.4,0.6,True
6.8,6.8,AEROTWIN-4-001,IDLE,0.15,1163.5933295025325,294.32329353559265,23.83819852072156,29.4998152526177,20.484273565607623,3.4039776490293203,5.611564037980758,-1.4800771184187602,-0.21656698957537934,31.41302635018722,-0.21656698957537934,33.24667618440095,508.8739704226986,24.798094875245244,380.426308869975,55.176270985883434,0.0010254019304379446,5.127009652189723,322.42705098312484,0.16558100293583275,BEARING,BEARING,0.4,0.6,True
6.8100000000000005,6.8100000000000005,AEROTWIN-4-001,IDLE,0.15,1152.5070154726598,364.1388933057446,23.85083851091243,0.7716478190513048,20.57893578812702,3.4118338386824933,-23.21912180775821,1.3223032410280666,-0.11729177743232673,-0.21668182227221752,-0.21668182227221752,33.24686434095816,508.8758040176322,24.79785149418776,380.5574184239662,55.195286853375215,0.0010260419386457851,5.1302096932289265,322.42705098312484,0.47046480979895067,BEARING,BEARING,0.4,0.6,True
6.82,6.82,AEROTWIN-4-001,IDLE,0.15,1163.5472211639176,433.28931423410415,23.798373337439294,46.69054572449049,20.188665927155146,3.3793270681516314,23.122552729183713,48.676015567094495,-1.5530594768626462,-0.216205182870681,-0.216205182870681,33.24666749352694,508.8728404952511,24.797603272709807,380.0145291123534,55.11654727339751,0.0010233957977699632,5.116978988849816,322.42705098312484,0.46687757702703303,BEARING,BEARING,0.4,0.6,True
6.83,6.83,AEROTWIN-4-001,IDLE,0.15,1157.4863253481035,503.1021475039392,23.85062120414142,11.295093035288831,20.577304906072428,3.411698641972489,-12.693910512756085,12.704146245667882,-0.9756935142431493,-0.21667984806795162,-0.21667984806795162,33.24685415492834,508.87468257765437,24.797360094410326,380.5551626782436,55.1949596845271,0.001026030922145471,5.130154610727355,322.42705098312484,0.286299401761593,BEARING,BEARING,0.4,0.6,True
6.84,6.84,AEROTWIN-4-001,IDLE,0.15,1157.693261685684,572.5513270248254,23.821991177212205,24.190823262873945,20.363489643683486,3.3939271672546303,0.43340645193582805,-0.2164197479291709,25.497005591872924,-0.2164197479291709,-0.8733428331406377,33.24682893720071,508.87388108121934,24.797114313288215,380.25849116620225,55.15193104176364,0.001024583619540113,5.122918097700565,322.42705098312484,0.07285996468317665,BEARING,BEARING,0.4,0.6,True
6.8500000000000005,6.8500000000000005,AEROTWIN-4-001,IDLE,0.15,1164.188746030395,642.0129227259664,23.822970824323363,37.36941603223642,20.370771496714937,3.3945339362873406,13.604110599234145,-0.21642864789808108,39.38994088985146,-0.21642864789808108,-1.5876675618188736,33.246811160932204,508.873188309197,24.796868735812613,380.26862549553044,55.153400904620746,0.0010246330081287469,5.123165040643735,322.42705098312484,0.3034740607893247,BEARING,BEARING,0.4,0.6,True
6.86,6.86,AEROTWIN-4-001,IDLE,0.15,1152.990561360377,711.8642474877901,23.853644011868738,0.5601584278909064,20.60000186534467,3.413579691126268,-23.45342312858003,-0.2167073098901611,1.2235845258010078,-0.2167073098901611,-0.2300114781297792,33.247018358257655,508.87529663548014,24.79662617947738,380.5865462193029,55.19951149055525,0.0010261842076618635,5.130921038309317,322.42705098312484,0.47423194183859757,BEARING,BEARING,0.4,0.6,True
6.87,6.87,AEROTWIN-4-001,IDLE,0.15,1162.8853047615135,61.04368116941271,23.800670723253923,44.30985721340756,20.205610195883658,3.380744898746256,20.723502118777645,-0.2162260543274454,-0.2162260543274454,-1.4189657437394665,46.16127506580192,33.24683631499054,508.87255303160475,24.796378725593414,380.0382297457339,55.11998476586175,0.001023511100373278,5.1175555018663905,322.42705098312484,0.4251889746134371,BEARING,BEARING,0.4,0.6,True
6.88,6.88,AEROTWIN-4-001,IDLE,0.15,1160.2772742096633,130.81679945510353,23.84750079203179,18.501411000733313,20.553899613707454,3.4097578017125447,-5.462246414686685,-0.2166514995223923,-0.2166514995223923,-1.2297194950507915,20.164433494828888,33.24699802039619,508.874118622141,24.79613580665866,380.52277795099513,55.190262668456434,0.0010258727829916014,5.129363914958008,322.42705098312484,0.16011537418891045,BEARING,BEARING,0.4,0.6,True
6.890000000000001,6.890000000000001,AEROTWIN-4-001,IDLE,0.15,1154.9828378768298,200.43343590768333,23.83519095418936,12.775278687460167,20.461809556147927,3.402110656731984,-11.088641525419742,-0.5669857640401527,-0.21653966621748133,13.775343783935284,-0.21653966621748133,33.24706751370154,508.8745273455345,24.79589182841021,380.3951423089913,55.17175065021148,0.0010252498809735816,5.126249404867909,322.42705098312484,0.2600330771540557,BEARING,BEARING,0.4,0.6,True
6.9,6.9,AEROTWIN-4-001,IDLE,0.15,1164.4432377586215,269.7324061802931,23.810127575970064,43.47589965498331,20.275497917280582,3.386586558596396,19.81381517910633,-1.6223220710310275,-0.21631196862679197,45.53084566326792,-0.21631196862679197,33.246953454262304,508.8726568067005,24.795645593703778,380.13585870514333,55.13414467487658,0.001023986272242349,5.119931361211746,322.42705098312484,0.4104855259434258,BEARING,BEARING,0.4,0.6,True
6.91,6.91,AEROTWIN-4-001,IDLE,0.15,1154.8718428849909,339.59900044581036,23.854842752029114,3.9770525264139795,20.609009172970264,3.4143258998471446,-20.04628254640343,-0.5665908779560875,-0.21671820029144667,4.97707980495296,-0.21671820029144667,33.2471677834339,508.8748874884295,24.79540370800451,380.59899505373517,55.20131704460364,0.00102624502068065,5.13122510340325,322.42705098312484,0.41446452960902136,BEARING,BEARING,0.4,0.6,True
6.92,6.92,AEROTWIN-4-001,IDLE,0.15,1161.6339211597387,408.89131101890985,23.809601077895984,37.82032583868219,20.271601113768977,3.38626110428218,14.16246362063103,39.47528728850321,-1.2223470789029767,-0.2163071854590194,-0.2163071854590194,33.24704871342769,508.87296037674093,24.7951576442333,380.13042042415276,55.13335591747827,0.0010239597945515396,5.119798972757698,322.42705098312484,0.3115190584993329,BEARING,BEARING,0.4,0.6,True
6.93,6.93,AEROTWIN-4-001,IDLE,0.15,1162.920973498417,478.5893462884942,23.841597286743713,26.6113718839607,20.50968721595795,3.406088553351063,2.6955961146516874,28.470981484594557,-1.4264138667724744,-0.21659786693068994,-0.21659786693068994,33.247164545808445,508.87397947639084,24.794914718074544,380.4615430489362,55.181381280731614,0.0010255738655888433,5.127869327944217,322.42705098312484,0.11499423953442728,BEARING,BEARING,0.4,0.6,True
6.94,6.94,AEROTWIN-4-001,IDLE,0.15,1152.9603020940792,548.3646046983993,23.84766898129101,3.103441498992188,20.555160516873382,3.4098623879115757,-20.861581405792773,-0.2166530275003356,3.7731244510680346,-0.2166530275003356,-0.23637689707517529,33.247323577010434,508.875524692409,24.79467248026033,380.52452316308995,55.19051579052824,0.0010258813041629717,5.129406520814858,322.42705098312484,0.4295837996006683,BEARING,BEARING,0.4,0.6,True
6.95,6.95,AEROTWIN-4-001,IDLE,0.15,1163.9121695943263,617.5422228240441,23.800526981953908,46.522743479873334,20.20454965135331,3.3806561739434655,22.93753765457656,-0.2162247484560896,48.538696395325694,-0.2162247484560896,-1.5835034185401793,33.247136882355456,508.87276241885337,24.794425894000852,380.03674666916,55.11976966340163,0.0010235038846795848,5.117519423397924,322.42705098312484,0.46391614534466996,BEARING,BEARING,0.4,0.6,True
6.96,6.96,AEROTWIN-4-001,IDLE,0.15,1156.8050241138856,687.3769529997037,23.85234098644442,9.117813179448724,20.5902151390196,3.412768726659873,-14.885170686230751,-0.2166954720705692,10.427373716759197,-0.2166954720705692,-0.8761695931693354,33.24733060353988,508.87476285963675,24.794184324044984,380.57301646196663,55.197549161610716,0.0010261181204893474,5.130590602446737,322.42705098312484,0.3244422962778913,BEARING,BEARING,0.4,0.6,True
6.97,6.97,AEROTWIN-4-001,IDLE,0.15,1158.8835364842735,36.78525444653678,23.818764795583093,28.084680246909706,20.339524630406768,3.3919294876991497,4.353226128803788,-0.2163904366640587,-0.2163904366640587,-0.9718378582905917,29.489298978528417,33.247276227907726,508.8736673699089,24.793939675078015,380.2251231212294,55.147091407256866,0.0010244210296408577,5.122105148204289,322.42705098312484,0.14103961668982953,BEARING,BEARING,0.4,0.6,True
6.98,6.98,AEROTWIN-4-001,IDLE,0.15,1164.1046713894032,106.31826663559319,23.828602713126593,34.745824561236546,20.412681182719513,3.3980240042794754,10.935119374237557,-0.21647981288870227,-0.21647981288870227,-1.5581931660393074,36.736977353053256,33.247294241144544,508.87349005844015,24.793696067559363,380.32690999805345,55.161854372297675,0.0010249171222434534,5.124585611217267,322.42705098312484,0.25749641562111963,BEARING,BEARING,0.4,0.6,True
6.99,6.99,AEROTWIN-4-001,IDLE,0.15,1152.640569052106,176.16454691895737,23.85324794232832,0.0,20.597026617165753,3.4133331714034076,-24.01035978856916,-0.21670371164896196,-0.21670371164896196,-0.10871694785003574,0.39453153425110216,33.247492762316504,508.8755548090032,24.793454916075113,380.5824334658955,55.198914985026555,0.0010261641179090538,5.130820589545269,322.42705098312484,0.4840253861656513,BEARING,BEARING,0.4,0.6,True
7.0,7.0,AEROTWIN-4-001,IDLE,0.15,1163.1733112004893,245.32298106208373,23.799007949294086,45.632787398879074,20.19334516083558,3.379718667699411,22.059723570344083,-1.4734922750008077,-0.21621094823834588,47.53870157035658,-0.21621094823834588,33.24729307367726,508.87265475408617,24.793208736295192,380.02107533808015,55.11749672488447,0.0010234276428859887,5.117138214429944,322.42705098312484,0.448359470344367,BEARING,BEARING,0.4,0.6,True
7.01,7.01,AEROTWIN-4-001,IDLE,0.15,1159.2884074235214,315.1133797341131,23.84885870439576,15.838160690395378,20.564081853447593,3.4106022806978924,-8.136523443750107,-1.1467574946539651,-0.21666383598282224,17.418245857014988,-0.21666383598282224,33.24745931835533,508.87434123289137,24.79296738707492,380.53686932228396,55.19230645276542,0.001025941588581261,5.129707942906305,322.42705098312484,0.20675422118650597,BEARING,BEARING,0.4,0.6,True
7.0200000000000005,7.0200000000000005,AEROTWIN-4-001,IDLE,0.15,1155.8955929874528,384.67068417952436,23.830517256446573,16.7202637517358,20.42694654208992,3.3992111478766422,-7.105893938230761,17.831006198523497,-0.677748034247118,-0.21649720627028937,-0.21649720627028937,33.24748914420474,508.8743205909649,24.792724401594636,380.34673269164836,55.164729416131294,0.0010250137775493886,5.125068887746942,322.42705098312484,0.19088596218860054,BEARING,BEARING,0.4,0.6,True
7.03,7.03,AEROTWIN-4-001,IDLE,0.15,1164.4561835743423,454.0244197587715,23.81445552733617,41.62607895023984,20.307557055101938,3.3892628963631193,17.929258998774777,43.67741513626571,-1.6186336110012662,-0.21635128751230137,-0.21635128751230137,33.24740153498504,508.8728464017568,24.792480005784935,380.1805758480509,55.14063035984961,0.001024204029210806,5.121020146054031,322.42705098312484,0.3780637522096445,BEARING,BEARING,0.4,0.6,True
7.04,7.04,AEROTWIN-4-001,IDLE,0.15,1154.213567134418,523.8917907732321,23.85490372499553,2.5717455725063205,20.609467421014273,3.4143638589614036,-21.452085707469358,3.4561514716828747,-0.45096839073043293,-0.2167187542230607,-0.2167187542230607,33.24761096948154,508.8750778918162,24.792239565676315,380.5996283026664,55.201408889762135,0.0010262481142711904,5.131240571355952,322.42705098312484,0.4390588375069023,BEARING,BEARING,0.4,0.6,True
7.05,7.05,AEROTWIN-4-001,IDLE,0.15,1162.279839413569,593.1446048012972,23.806477693525103,40.52679021183649,20.248498116841446,3.3843309389709466,16.893961156024098,-0.21627880991084614,42.25726699534083,-0.21627880991084614,-1.2979191636826461,33.247463987645006,508.8728639018641,24.791994636564194,380.0981655723908,55.128677738288424,0.0010238027750169964,5.119013875084982,322.42705098312484,0.3589182318282921,BEARING,BEARING,0.4,0.6,True
7.0600000000000005,7.0600000000000005,AEROTWIN-4-001,IDLE,0.15,1162.1691752118772,662.8813951661114,23.844645148926467,23.708710010261335,20.532502087705947,3.4079824845893802,-0.23177456203399194,-0.21662555636942776,25.506371011883942,-0.21662555636942776,-1.3644098888837524,33.247597241755685,508.87416223549474,24.791753436693796,380.4931519028433,55.185965765684585,0.0010257281472744182,5.128640736372091,322.42705098312484,0.06892042931570797,BEARING,BEARING,0.4,0.6,True
7.07,7.07,AEROTWIN-4-001,IDLE,0.15,1153.6614269217139,12.611545678823973,23.844123067733012,6.117663998677446,20.528592349787292,3.4076580002025327,-17.818586351312376,-0.21662081332845165,-0.21662081332845165,-0.3547272407501382,6.9056328660844875,33.24772507675055,508.8753806832696,24.791512296530843,380.4877366549516,55.18518034896087,0.0010257017131377062,5.128508565688531,322.42705098312484,0.3767514483020967,BEARING,BEARING,0.4,0.6,True
7.08,7.08,AEROTWIN-4-001,IDLE,0.15,1164.2858550986837,81.8312312941268,23.80385672224138,45.8635925539247,20.229130235039936,3.3827119793106952,22.251750339574066,-0.2162549987214148,-0.2162549987214148,-1.6054562894421522,47.901558840809685,33.247557745329516,508.87292249201147,24.79126744881832,380.0711084183428,55.124753422779605,0.0010236710869114482,5.118355434557241,322.42705098312484,0.45234253649895245,BEARING,BEARING,0.4,0.6,True
7.09,7.09,AEROTWIN-4-001,IDLE,0.15,1156.2164263568902,151.68838260004782,23.854101454627575,7.116731039414972,20.603438645552114,3.413864429786099,-16.90057203592324,-0.21671146569921262,-0.21671146569921262,-0.7708427808123395,8.320996751625737,33.247759408637386,508.87507908189633,24.791027483359812,380.59129651536335,55.20020046399527,0.001026207412390172,5.1310370619508605,322.42705098312484,0.3595026951525414,BEARING,BEARING,0.4,0.6,True
7.1000000000000005,7.1000000000000005,AEROTWIN-4-001,IDLE,0.15,1160.0843725584198,221.06136818146123,23.815976104136343,31.8100430654413,20.318831855701823,3.3902036289358066,8.10100758080367,-1.0659232219591201,-0.216365101758363,33.30869649091714,-0.216365101758363,33.24767965310977,508.87372343043046,24.79078399826948,380.1962922435713,55.142909834423094,0.0010242805794858098,5.121402897429049,322.42705098312484,0.20626559742990816,BEARING,BEARING,0.4,0.6,True
7.11,7.11,AEROTWIN-4-001,IDLE,0.15,1163.9435508001018,290.6664305349664,23.834279510603857,31.939195422331334,20.455006374141337,3.401545039548932,8.082644008641065,-1.519483509755242,-0.21653138586889253,33.89174170382436,-0.21653138586889253,33.24773437128909,508.8740593614805,24.79054235991147,380.3856995261748,55.17038108787734,0.001025203820112548,5.126019100562741,322.42705098312484,0.2083151601056912,BEARING,BEARING,0.4,0.6,True
7.12,7.12,AEROTWIN-4-001,IDLE,0.15,1152.4823961365848,360.5030435829725,23.852488845249745,0.0,20.591325453879705,3.4128607411610297,-24.004186195040734,0.05615308294561901,-0.01426892297435097,-0.21669681534893492,-0.21669681534893492,33.2479220576298,508.87604082778637,24.790302569715422,380.5745516218261,55.19777181812642,0.0010261256187748173,5.130628093874087,322.42705098312484,0.4840075089483907,BEARING,BEARING,0.4,0.6,True
7.13,7.13,AEROTWIN-4-001,IDLE,0.15,1163.4004654725036,429.6519873511676,23.79825634589462,46.433809239205445,20.18780341397994,3.3792548804879727,22.866750944737532,48.38656141457338,-1.5203439353330572,-0.21620412001743672,-0.21620412001743672,33.24771185504098,508.8730608340074,24.790057740556758,380.01332236114797,55.11637224861618,0.001023389927511023,5.116949637555115,322.42705098312484,0.46238604102156866,BEARING,BEARING,0.4,0.6,True
7.140000000000001,7.140000000000001,AEROTWIN-4-001,IDLE,0.15,1158.2977747864193,499.45601527951777,23.84992950048155,13.296332441451122,20.57211449160317,3.4112683318106054,-10.687050381962653,14.786014552251121,-1.0563349827429438,-0.21667356402852783,-0.21667356402852783,33.24788098237829,508.8748345126454,24.789817925601454,380.5479828704137,55.19391833955906,0.0010259958589469674,5.129979294734837,322.42705098312484,0.2512614257950117,BEARING,BEARING,0.4,0.6,True
7.15,7.15,AEROTWIN-4-001,IDLE,0.15,1156.8663801078671,568.9538817667029,23.82583175504568,20.79045153391624,20.392051076991248,3.3963064612758576,-2.997906004350865,-0.21645463908837081,22.009262370961654,-0.21645463908837081,-0.785901558868672,33.247871584008905,508.8743769818806,24.78957592178991,380.2982283462318,55.15769444288077,0.0010247772953748144,5.123886476874072,322.42705098312484,0.1195475669523183,BEARING,BEARING,0.4,0.6,True
7.16,7.16,AEROTWIN-4-001,IDLE,0.15,1164.3595833507825,638.3658645731749,23.81905542113419,39.42751983725284,20.341682271184546,3.3921093928697665,15.693728173198526,-0.2163930769600794,41.4659845863902,-0.2163930769600794,-1.6056785952172,33.24781290699089,508.8733174345226,24.78933338459986,380.2281283106534,55.147527273920545,0.0010244356711758746,5.122178355879373,322.42705098312484,0.33953596183012374,BEARING,BEARING,0.4,0.6,True
7.17,7.17,AEROTWIN-4-001,IDLE,0.15,1153.547865006322,708.2274395742219,23.85444873731617,1.376118811598812,20.606048148379802,3.4140806123122442,-22.644009949093235,-0.2167146207180927,2.1411656944932576,-0.2167146207180927,-0.33161764145826006,33.24801408477423,508.87549574866705,24.7890943319888,380.59490303628536,55.200723546576754,0.001026225030420743,5.131125152103715,322.42705098312484,0.4599715888756555,BEARING,BEARING,0.4,0.6,True
7.18,7.18,AEROTWIN-4-001,IDLE,0.15,1162.7090928577875,57.44031147460123,23.80331751840758,42.79475762064919,20.225147878247867,3.3823789983835137,19.18723074401781,-0.2162501001234376,-0.2162501001234376,-1.3669675670273387,44.59422538792341,33.24783942639403,508.87298601138167,24.788850524454247,380.06554309371563,55.12394623922633,0.0010236440035169894,5.118220017584947,322.42705098312484,0.39864415293446054,BEARING,BEARING,0.4,0.6,True
7.19,7.19,AEROTWIN-4-001,IDLE,0.15,1161.218847954505,127.20285704606847,23.846669831916305,20.835750519223808,20.547671024599964,3.4092411214251386,-3.1211616268012947,-0.21664395035585138,-0.21664395035585138,-1.2941764227504142,22.563214842685927,33.24798307721336,508.8744652580362,24.788610946007672,380.5141560379182,55.189012163427584,0.0010258306872222706,5.129153436111353,322.42705098312484,0.11924487288576172,BEARING,BEARING,0.4,0.6,True
7.2,7.2,AEROTWIN-4-001,IDLE,0.15,1154.3973717665056,196.87598792333878,23.839637925031766,9.613038032131575,20.495032856221577,3.404871495147617,-14.28686631923762,-0.47155086182344824,-0.21658006637973487,10.517749026714492,-0.21658006637973487,33.248073424275596,508.87526884713725,24.788370804078443,380.44122904398665,55.17843497808174,0.00102547473229328,5.1273736614664,322.42705098312484,0.31547687624222015,BEARING,BEARING,0.4,0.6,True
7.21,7.21,AEROTWIN-4-001,IDLE,0.15,1164.4711912310884,266.1398302293291,23.807349962844736,44.738375672217956,20.254947640902124,3.384869882300684,21.098558149015147,-1.6184703671040825,-0.21628673436623178,46.78941950805449,-0.21628673436623178,33.24792729244075,508.8731288567159,24.788127703750288,380.1071721852119,55.129984039398764,0.001023846616296182,5.11923308148091,322.42705098312484,0.432610908590865,BEARING,BEARING,0.4,0.6,True
7.22,7.22,AEROTWIN-4-001,IDLE,0.15,1155.5382879180474,336.00810170319437,23.8549744082027,5.315377573943358,20.609998659218476,3.4144078637093056,-18.709028948984425,-0.6608979285961754,-0.21671939637097204,6.409714295281478,-0.21671939637097204,33.248130977305486,508.8753597172542,24.787889249937052,380.60036240548277,55.20151536256641,0.0010262517005776434,5.131258502888216,322.42705098312484,0.39104694241840154,BEARING,BEARING,0.4,0.6,True
7.23,7.23,AEROTWIN-4-001,IDLE,0.15,1161.0585980576711,405.3403989782772,23.812761667143377,35.24492998367065,20.295004240370876,3.388215223180727,11.56171052011905,36.83169202390042,-1.154090242212276,-0.21633589900874495,-0.21633589900874495,33.24802344910305,508.87370641914487,24.787646879004534,380.1630718170109,55.13809161019563,0.0010241187821849714,5.120593910924857,322.42705098312484,0.2664131749454874,BEARING,BEARING,0.4,0.6,True
7.24,7.24,AEROTWIN-4-001,IDLE,0.15,1163.516182711714,475.0039148617375,23.83888129949043,29.040931438661158,20.48937655760802,3.404401617908894,5.147153263144245,30.946145697915156,-1.4720678741873854,-0.21657319253330806,-0.21657319253330806,33.24810777143318,508.87446030069094,24.787407102213518,380.4333859010616,55.177297424318176,0.0010254364612920092,5.127182306460045,322.42705098312484,0.1575426986778181,BEARING,BEARING,0.4,0.6,True
7.25,7.25,AEROTWIN-4-001,IDLE,0.15,1152.5823653392001,544.8148858244404,23.850474916925148,1.0880811691615224,20.576207092138514,3.4116076324772955,-22.899733555454286,-0.21667851906727173,1.657842864644371,-0.21667851906727173,-0.1364046573483051,33.2482761911457,508.8762485857644,24.78716854420079,380.55364418241146,55.194739444928594,0.0010260235062910837,5.130117531455419,322.42705098312484,0.4649186649625823,BEARING,BEARING,0.4,0.6,True
7.26,7.26,AEROTWIN-4-001,IDLE,0.15,1163.6245155217882,613.9698277447924,23.7987313881298,46.69747911469836,20.19130584689636,3.3795480054996596,23.12662526230234,-0.21620843571548343,48.68840705369516,-0.21620843571548343,-1.5585110675658322,33.24806523607551,508.87330624197995,24.786925172740244,380.0182224594564,55.117082949074636,0.0010234137644338228,5.117068822169115,322.42705098312484,0.46699477226259356,BEARING,BEARING,0.4,0.6,True
7.2700000000000005,7.2700000000000005,AEROTWIN-4-001,IDLE,0.15,1157.3896199028761,683.7872986760997,23.850985485133833,10.933629327321244,20.580038894636385,3.4119252808668827,-13.058334848182025,-0.21668315751425135,12.32709358889186,-0.21668315751425135,-0.9600979465421136,33.24823791775658,508.87516980686837,24.78668688276589,380.55894411897833,55.19550813712838,0.0010260493898619923,5.130246949309962,322.42705098312484,0.29263359414690376,BEARING,BEARING,0.4,0.6,True
7.28,7.28,AEROTWIN-4-001,IDLE,0.15,1157.9014910004416,33.23067587027231,23.821533316956558,24.825791067858145,20.360087135981132,3.393643612079428,1.0720603197975844,-0.21641558832721416,-0.21641558832721416,-0.8894861566391341,26.14810840115171,33.24819294145861,508.87431468451217,24.78644588769764,380.25375506934233,55.151244127747276,0.0010245605399195191,5.122802699597596,322.42705098312484,0.08397717266843807,BEARING,BEARING,0.4,0.6,True
7.29,7.29,AEROTWIN-4-001,IDLE,0.15,1164.1981159044994,102.70476533029881,23.823956440020336,36.96086501929254,20.37810016209924,3.3951444965271445,13.187620360666156,-0.21643760209083127,-0.21643760209083127,-1.583537994058308,38.97727821753251,33.24816616050143,508.87370031354243,24.786205232137824,380.2788227803593,55.154879898417754,0.0010246827072023265,5.123413536011633,322.42705098312484,0.29631307396821516,BEARING,BEARING,0.4,0.6,True
7.3,7.3,AEROTWIN-4-001,IDLE,0.15,1152.9356715756462,172.55665228456877,23.853688151122714,0.42593238311066706,20.600333461404915,3.4136071650320767,-23.588008243326325,-0.21670771088964716,-0.21670771088964716,-0.21055183375020337,1.0698996386401647,33.24835752601324,508.87579985537724,24.78596752905556,380.5870045700241,55.19957796882715,0.0010261864466253148,5.1309322331265745,322.42705098312484,0.4765819372023609,BEARING,BEARING,0.4,0.6,True
7.3100000000000005,7.3100000000000005,AEROTWIN-4-001,IDLE,0.15,1162.9500858648778,241.73279257910755,23.800409976642573,44.55841060122573,20.203686407031512,3.38058395349142,20.9741402407028,-1.4282902280449816,-0.21622368547777698,46.41914820022627,-0.21622368547777698,33.24815775278698,508.8730201468109,24.78572485756391,380.03553946478047,55.11959457289283,0.001023498011259875,5.117490056299376,322.42705098312484,0.4295416721072451,BEARING,BEARING,0.4,0.6,True
7.32,7.32,AEROTWIN-4-001,IDLE,0.15,1160.13155235443,311.5097977310002,23.84780625188598,18.063014648176615,20.556189678561072,3.409947749828404,-5.903122780212861,-1.2167993022080996,-0.21665427458616232,19.713122499557038,-0.21665427458616232,33.24830596026703,508.87460182279705,24.785486807939847,380.52594757492625,55.19072238437215,0.0010258882590748956,5.129441295374479,322.42705098312484,0.16779450084711545,BEARING,BEARING,0.4,0.6,True
7.33,7.33,AEROTWIN-4-001,IDLE,0.15,1155.1390361889141,381.117690872266,23.834502443174134,13.40205216099266,20.456670188731305,3.4016833779361058,-10.45630140567475,14.420221795625597,-0.5851028122672832,-0.21653341118282643,-0.21653341118282643,33.24835486284346,508.87493601395045,24.785247592424856,380.38800906660634,55.17071605900245,0.0010252150855064527,5.126075427532264,322.42705098312484,0.2490483520047264,BEARING,BEARING,0.4,0.6,True
7.34,7.34,AEROTWIN-4-001,IDLE,0.15,1164.4654292480895,450.42603304360085,23.810868419687324,43.20117885187081,20.280982349772188,3.3870445559681612,19.53315194613046,45.25616164306994,-1.6223453930044052,-0.2163186990973623,-0.2163186990973623,33.248230930554655,508.8731222005398,24.785006235541744,380.14351157890496,55.13525463238122,0.0010240235340382672,5.120117670191336,322.42705098312484,0.4056693655378328,BEARING,BEARING,0.4,0.6,True
7.3500000000000005,7.3500000000000005,AEROTWIN-4-001,IDLE,0.15,1154.7780770754366,520.2939587984862,23.854947270453273,3.735042719951301,20.609794696820842,3.414390968692744,-20.289142945562283,4.7165548490738685,-0.5480738294665988,-0.21671914982798382,-0.21671914982798382,33.24843079433651,508.8753507580612,24.784769198834578,380.60008055704634,55.20147448383289,0.001026250323663548,5.131251618317741,322.42705098312484,0.4187021631347715,BEARING,BEARING,0.4,0.6,True
7.36,7.36,AEROTWIN-4-001,IDLE,0.15,1161.7653214120412,589.5806434230124,23.80915627155884,38.28834596924031,20.268309482862293,3.385986168568957,14.634050317809061,-0.2163031444502454,39.95602045653182,-0.2163031444502454,-1.235068198391017,33.24829353446116,508.87337187928483,24.78452789569216,380.1258262181232,55.13268958302415,0.0010239374272799863,5.119687136399931,322.42705098312484,0.3197145430640466,BEARING,BEARING,0.4,0.6,True
7.37,7.37,AEROTWIN-4-001,IDLE,0.15,1162.8241705254022,659.2865627077349,23.842217437757633,26.138449692866242,20.514327456655657,3.4064738390138896,2.2176483971966956,-0.21660350092346206,27.98854253747827,-0.21660350092346206,-1.4168858427651054,33.24839909820758,508.874437005765,24.784289853587833,380.46797357676263,55.1823139516265,0.001025605249905006,5.12802624952503,322.42705098312484,0.1067109868566736,BEARING,BEARING,0.4,0.6,True
7.38,7.38,AEROTWIN-4-001,IDLE,0.15,1153.080801901338,9.056012939259062,23.847212514537855,3.554853605304015,20.5517385855858,3.4095785467699646,-20.40646352705175,-0.21664888055817105,-0.21664888055817105,-0.255753945559967,4.243905311980324,33.24854006857321,508.87592929656034,24.784052398880025,380.5197867293907,55.18982882765737,0.0010258581783050902,5.129290891525451,322.42705098312484,0.42167334276740553,BEARING,BEARING,0.4,0.6,True
7.390000000000001,7.390000000000001,AEROTWIN-4-001,IDLE,0.15,1163.994964448813,78.24086105333933,23.801099375831374,46.44835124860624,20.208773164618773,3.381009497832092,22.85856858615537,-0.21622994858137534,-0.21622994858137534,-1.587689444544712,48.468500590313695,33.2483431250177,508.8732085506755,24.783810656276728,380.0426525969796,55.12062624736073,0.001023532619579254,5.11766309789627,322.42705098312484,0.4626076669863776,BEARING,BEARING,0.4,0.6,True
7.4,7.4,AEROTWIN-4-001,IDLE,0.15,1156.7239051591405,148.08055892026812,23.852731083396606,8.777685140135441,20.593144611783934,3.41301149385271,-15.228470965501202,-0.21669901605156688,-0.21669901605156688,-0.8593086304011142,10.070391802639689,33.248525336464276,508.8752333216724,24.783573949950608,380.5770667453323,55.1981366066095,0.0010261379037428068,5.130689518714035,322.42705098312484,0.33040372372864824,BEARING,BEARING,0.4,0.6,True
7.41,7.41,AEROTWIN-4-001,IDLE,0.15,1159.1025136685205,217.48399322981655,23.818380538239047,28.71010982939433,20.336672182336933,3.391691634501008,4.981746012556389,-0.9876004590541372,-0.21638694573515524,30.130484179918778,-0.21638694573515524,33.248453991795806,508.87409130512737,24.783334063145823,380.22114990180086,55.14651513945739,0.0010244016722747418,5.122008361373709,322.42705098312484,0.15198906087399228,BEARING,BEARING,0.4,0.6,True
7.42,7.42,AEROTWIN-4-001,IDLE,0.15,1164.104719322569,287.0301440499278,23.82963827859904,34.295657181978626,20.420396080057014,3.398666078918587,10.476595023003025,-1.5524725679525488,-0.2164892208687844,36.28110819166875,-0.2164892208687844,33.248465576646474,508.8739972426428,24.783095358488804,380.33763140782304,55.16340938412784,0.0010249693980288182,5.124846990144091,322.42705098312484,0.24960657942782866,BEARING,BEARING,0.4,0.6,True
7.43,7.43,AEROTWIN-4-001,IDLE,0.15,1152.640616108287,356.8764272092819,23.853248168145093,0.0,20.59702831337184,3.413333311950791,-24.01036162532263,-0.0885607874800714,-0.2167037137004785,0.28984857398618497,-0.2167037137004785,33.248650133536536,508.87604933414354,24.78285902718523,380.58243581070144,55.198915325112516,0.0010261641293626636,5.130820646813318,322.42705098312484,0.48402539148395635,BEARING,BEARING,0.4,0.6,True
7.44,7.44,AEROTWIN-4-001,IDLE,0.15,1163.2541949811946,426.03486417577915,23.79900817288173,45.80209322556632,20.193346809609274,3.3797188056753398,22.229027610281705,47.7163051749952,-1.4817900488896545,-0.21621095026961107,-0.21621095026961107,33.24843675763655,508.8731369362649,24.782617624902855,380.0210776445463,55.11749705940971,0.0010234276541064154,5.117138270532077,322.42705098312484,0.4513223197269087,BEARING,BEARING,0.4,0.6,True
7.45,7.45,AEROTWIN-4-001,IDLE,0.15,1159.1622819567915,495.8301158746508,23.849240008140075,15.407698735611113,20.566941889010028,3.410839444329734,-8.57008259772865,16.973317443581287,-1.132284107812871,-0.2166673000786493,-0.2166673000786493,33.24859217751717,508.8748460249931,24.78238112487845,380.5408266200477,55.19288041131848,0.0010259609126029193,5.129804563014597,322.42705098312484,0.21429628233629375,BEARING,BEARING,0.4,0.6,True
7.46,7.46,AEROTWIN-4-001,IDLE,0.15,1156.092345866453,565.3798527920583,23.82992089956326,17.39168427688214,20.422502060454832,3.3988413286929138,-6.4296591122656075,-0.21649178844415543,18.520609061355472,-0.21649178844415543,-0.695941207585022,33.24860418493601,508.8747587094926,24.782142878959704,380.3405576711286,55.16383380350515,0.0010249836667025518,5.12491833351276,322.42705098312484,0.17912208615297606,BEARING,BEARING,0.4,0.6,True
7.47,7.47,AEROTWIN-4-001,IDLE,0.15,1164.4853285652873,634.7453935440454,23.815388072708846,41.28253268414442,20.314471019298942,3.389839805935742,17.578221858909735,-0.21635975956793205,43.33238804518463,-0.21635975956793205,-1.6171358419043436,33.24851013667877,508.87335788998377,24.781903354376674,380.1902141199691,55.14202827553208,0.0010242509735629882,5.121254867814941,322.42705098312484,0.37204094309405317,BEARING,BEARING,0.4,0.6,True
7.48,7.48,AEROTWIN-4-001,IDLE,0.15,1154.1394073879155,704.6145132579627,23.855040991629785,2.3565017690765195,20.6104990961718,3.414449316538216,-21.668446643633498,-0.21672000127290486,3.2211797357910115,-0.21672000127290486,-0.43123796416868226,33.24870736076876,508.8755890835479,24.78166773796797,380.6010539345504,55.20161566055932,0.001026255078916282,5.13127539458141,322.42705098312484,0.44282883737970835,BEARING,BEARING,0.4,0.6,True
7.49,7.49,AEROTWIN-4-001,IDLE,0.15,1162.4043282364303,53.86287770123761,23.806125724855768,40.940019452957685,20.245896214923967,3.384113491237129,17.310009746796588,-0.21627561232042936,-0.21627561232042936,-1.3099943121531918,42.68256498975174,33.24854484531066,508.873330531054,24.78142754761562,380.0945315886125,55.128150672549175,0.001023785086776588,5.11892543388294,322.42705098312484,0.3661538068338537,BEARING,BEARING,0.4,0.6,True
7.5,7.5,AEROTWIN-4-001,IDLE,0.15,1162.058870819623,123.60713739542342,23.845232399003613,23.221723873927935,20.536900690891702,3.408347504882644,-0.7235243218464111,-0.21663089146139058,-0.21663089146139058,-1.3531615177676384,25.008147174618355,33.24866953918541,508.8746705513076,24.781191202666722,380.499243522231,55.18684928197734,0.001025757884306919,5.128789421534595,322.42705098312484,0.07745650721702176,BEARING,BEARING,0.4,0.6,True
7.51,7.51,AEROTWIN-4-001,IDLE,0.15,1153.821085824799,193.33066964460082,23.843602641037293,6.6788537174101705,20.524695694306114,3.4073345708320595,-17.253176547728003,-0.37458981013986403,-0.2166160853183762,7.4866756981867875,-0.2166160853183762,33.24878078779874,508.8758290178762,24.78095480831202,380.4823389113651,55.18439747102657,0.0010256753654777472,5.1283768273887365,322.42705098312484,0.3669183815012368,BEARING,BEARING,0.4,0.6,True
7.5200000000000005,7.5200000000000005,AEROTWIN-4-001,IDLE,0.15,1164.3669689926232,262.55993479408875,23.80461472246936,45.70515595161044,20.234729770842712,3.38318012366524,22.08724605710249,-1.6083085900237934,-0.2162618850566942,47.74598831174763,-0.2162618850566942,33.2486064523355,508.87342804349703,24.78071479629684,380.07893263105717,55.12588823094327,0.0010237091649460204,5.118545824730103,322.42705098312484,0.4495611420988741,BEARING,BEARING,0.4,0.6,True
7.53,7.53,AEROTWIN-4-001,IDLE,0.15,1156.1430813758902,332.42195293364614,23.854483524898956,6.796341882421314,20.60630956139384,3.4141022681451836,-17.22406994711771,-0.7524718355858658,-0.21671493675884018,7.98224359152486,-0.21671493675884018,33.24879842303832,508.87560675769214,24.780479666661613,380.59526431280426,55.2007759454005,0.0010262267952994152,5.131133976497076,322.42705098312484,0.36511850452067796,BEARING,BEARING,0.4,0.6,True
7.54,7.54,AEROTWIN-4-001,IDLE,0.15,1160.3028597192222,401.79053781619956,23.815628520567188,32.41846203302549,20.316254073490676,3.3899885702192187,8.712219389315598,33.93257808726673,-1.0813921662291859,-0.21636194400602143,-0.21636194400602143,33.248703820085716,508.87420648076807,24.780240916816826,380.1926994313392,55.14238874012257,0.0010242630791036378,5.121315395518189,322.42705098312484,0.21691693534083673,BEARING,BEARING,0.4,0.6,True
7.55,7.55,AEROTWIN-4-001,IDLE,0.15,1163.9238976499473,471.4087093993529,23.835311833647978,31.4487817661794,20.462711981124805,3.402185677364261,7.583884107690335,33.39385973617724,-1.5119964412139797,-0.21654076439192732,-0.21654076439192732,33.248753913877344,508.87462397291426,24.78000415731887,380.3963947288583,55.17193229868415,0.0010252559903776335,5.126279951888168,322.42705098312484,0.19972106332467876,BEARING,BEARING,0.4,0.6,True
7.5600000000000005,7.5600000000000005,AEROTWIN-4-001,IDLE,0.15,1152.4631025116873,541.2441432583497,23.852396245922314,0.0,20.590630091988302,3.4128031151150275,-24.00343320710333,-0.21669597409586958,0.21837238108846968,-0.21669597409586958,-0.035287893532503715,33.24892876419317,508.87658290115564,24.779769149356884,380.5735901961548,55.1976323748699,0.0010261209228084492,5.130604614042246,322.42705098312484,0.48400532825695447,BEARING,BEARING,0.4,0.6,True
7.57,7.57,AEROTWIN-4-001,IDLE,0.15,1163.4210131236355,610.3919294090509,23.798164660734987,46.51652012125984,20.187127494507994,3.3791983086250825,22.950194318126762,-0.216203287069469,48.476419445570556,-0.216203287069469,-1.5274927501717779,33.24870599313104,508.87358108684606,24.77952906026135,380.0123766535243,55.11623508507386,0.0010233853271387136,5.116926635693568,322.42705098312484,0.4638345414079709,BEARING,BEARING,0.4,0.6,True
7.58,7.58,AEROTWIN-4-001,IDLE,0.15,1158.1188019678998,680.197190196469,23.850026352306603,12.879244680039442,20.572841175796693,3.4113285806704603,-11.104925076427712,-0.21667444391499108,14.35287039258713,-0.21667444391499108,-1.040276824717707,33.24886398512511,508.8753505652993,24.77929403958504,380.5489881451353,55.19406414259414,0.0010260007681815754,5.130003840907877,322.42705098312484,0.2585627419639932,BEARING,BEARING,0.4,0.6,True
7.59,7.59,AEROTWIN-4-001,IDLE,0.15,1157.022077839893,29.68431831454302,23.824984879016114,21.48455790648991,20.38574986330026,3.3957816855634615,-2.2969736423738087,-0.21644694532778286,-0.21644694532778286,-0.8039178959938122,22.721369693139287,33.2488367369312,508.8748034305816,24.77905671958449,380.2894644155026,55.15642333989567,0.0010247345758638592,5.1236728793192965,322.42705098312484,0.10738080866579912,BEARING,BEARING,0.4,0.6,True
7.6000000000000005,7.6000000000000005,AEROTWIN-4-001,IDLE,0.15,1164.3198735469334,99.1056429849366,23.819792856551448,39.02419155041704,20.347158040861256,3.3925659224641382,15.284467587091642,-0.21639977646667938,-0.21639977646667938,-1.6025456641018774,41.05953676745227,33.248771978970424,508.8737999496056,24.778819010556134,380.2357541735679,55.14863331382594,0.0010244728264591422,5.122364132295711,322.42705098312484,0.33246922312561444,BEARING,BEARING,0.4,0.6,True
7.61,7.61,AEROTWIN-4-001,IDLE,0.15,1153.4230116902256,168.9648353977526,23.854261694338263,1.196272730803894,20.60464265786192,3.4139641770860663,-22.82233410414409,-0.21671292145652263,-0.21671292145652263,-0.311109962478834,1.9408085361957734,33.248960342622595,508.87594918238557,24.77858472166139,380.59296058117656,55.20044181677269,0.0010262155413758535,5.1310777068792675,322.42705098312484,0.4631144897345414,BEARING,BEARING,0.4,0.6,True
7.62,7.62,AEROTWIN-4-001,IDLE,0.15,1162.7469257403548,238.17021609916614,23.80272464933705,43.13074284134248,20.220770010276357,3.3820129093402644,19.52795992172586,-1.3779415683812115,-0.21624471398363743,44.94117383769096,-0.21624471398363743,33.24877019191411,508.8733746006932,24.778345599534795,380.05942428536525,55.12305877950081,0.001023614227893138,5.11807113946569,322.42705098312484,0.4045307425710732,BEARING,BEARING,0.4,0.6,True
7.63,7.63,AEROTWIN-4-001,IDLE,0.15,1161.0273625323498,307.9350316435874,23.84684824916535,20.356915521843025,20.549008229713532,3.4093520532306805,-3.601444761101188,-1.2815262870618578,-0.21664557125377623,22.071732951412432,-0.21664557125377623,33.248904066251754,508.8748603467074,24.778110810015246,380.5160071938275,55.18928065137835,0.0010258397251149234,5.129198625574618,322.42705098312484,0.1276286849320425,BEARING,BEARING,0.4,0.6,True
7.640000000000001,7.640000000000001,AEROTWIN-4-001,IDLE,0.15,1154.5080800377566,377.5966733955284,23.83873380930932,10.238630839136537,20.488274136364918,3.404310030565139,-13.65395332779352,11.162820706988857,-0.49104616264462886,-0.21657185260384623,-0.21657185260384623,33.248976830871825,508.87557199341074,24.77787534541696,380.4318571092527,55.177075691411794,0.0010254290017305669,5.1271450086528345,322.42705098312484,0.30450773507862156,BEARING,BEARING,0.4,0.6,True
7.65,7.65,AEROTWIN-4-001,IDLE,0.15,1164.4686837539377,446.8671581977938,23.807875286174074,44.505466916959854,20.258832781004795,3.385194495906228,20.861439640048832,46.557811888418165,-1.619761957735111,-0.2162915068615984,-0.2162915068615984,33.2488238104276,508.87347187073453,24.777637033458078,380.1125968640421,55.130770823966934,0.0010238730232721622,5.119365116360811,322.42705098312484,0.4285289421943324,BEARING,BEARING,0.4,0.6,True
7.66,7.66,AEROTWIN-4-001,IDLE,0.15,1155.4007968080862,516.73527922303,23.854962598517787,5.032572402494664,20.609909899538614,3.4144005114022966,-18.991738008446244,6.10800921181334,-0.641998231155691,-0.21671928908149263,-0.21671928908149263,33.24901671632795,508.8756930812893,24.77740334990791,380.6002397518205,55.20149757312454,0.001026251101377394,5.13125550688697,322.42705098312484,0.39599575474195925,BEARING,BEARING,0.4,0.6,True
7.67,7.67,AEROTWIN-4-001,IDLE,0.15,1161.1828333427557,586.0593270315152,23.812109749220774,35.78785602533558,20.290174947074846,3.3878120781904717,12.109869000070262,-0.21632997641766383,37.38879309011419,-0.21632997641766383,-1.1682771119432818,33.24889395554007,508.87397252431765,24.77716565478209,380.1563359716242,55.13711465665243,0.001024085980598909,5.1204299029945455,322.42705098312484,0.27592189862300615,BEARING,BEARING,0.4,0.6,True
7.68,7.68,AEROTWIN-4-001,IDLE,0.15,1163.4037256865,655.7302970320806,23.83946788866119,28.549953532374147,20.493761589903112,3.40476589479057,4.651426047680465,-0.2165785216210207,30.446392359940198,-0.2165785216210207,-1.4632817843240107,33.248972218183475,508.874772996928,24.77693068966016,380.439466392461,55.17817932662976,0.0010254661311590795,5.127330655795398,322.42705098312484,0.14894385271334298,BEARING,BEARING,0.4,0.6,True
7.69,7.69,AEROTWIN-4-001,IDLE,0.15,1152.645256531169,5.5345205732705836,23.849944867674402,1.4510225739184592,20.572229790834278,3.4112778912573223,-22.53248510817314,-0.2166737036375126,-0.2166737036375126,-0.1567289609574753,2.0410989421509598,33.24912643845447,508.8765052687276,24.776696841999208,380.54814237358835,55.19394147358051,0.001025996637874455,5.129983189372275,322.42705098312484,0.4585547102910298,BEARING,BEARING,0.4,0.6,True
7.7,7.7,AEROTWIN-4-001,IDLE,0.15,1163.6829089740436,74.69323596514073,23.79903022183217,46.6904470333534,20.193509402972577,3.37973241210588,23.117205218274943,-0.2162111505815103,-0.2162111505815103,-1.5640599937724196,48.68692932828884,33.248907588484975,508.87358346123705,24.776458220219787,380.02130509551625,55.117530048443484,0.0010234287606039267,5.1171438030196335,322.42705098312484,0.466868256496362,BEARING,BEARING,0.4,0.6,True
7.71,7.71,AEROTWIN-4-001,IDLE,0.15,1157.2662784615195,144.51421050358334,23.85126067397629,10.55524143740528,20.582104457291095,3.4120964994114646,-13.43895951929728,-0.2166856575697452,-0.2166856575697452,-0.9433968406866782,11.932009593231449,33.24907225383704,508.87546512140926,24.77622471452663,380.5618008450092,55.19592247095844,0.0010260633418117358,5.13031670905868,322.42705098312484,0.29926186210086975,BEARING,BEARING,0.4,0.6,True
7.72,7.72,AEROTWIN-4-001,IDLE,0.15,1158.0997061741691,213.9501872112745,23.820949298427585,25.494556749144778,20.35574787348825,3.3932819560844485,1.7455269195720775,-0.9064430103128245,-0.21641028259345388,26.83382032464451,-0.21641028259345388,33.24901312253361,508.8745497555718,24.775988397265294,380.24771437413517,55.15036799739582,0.0010245311039754356,5.122655519877179,322.42705098312484,0.0956872965826224,BEARING,BEARING,0.4,0.6,True
7.73,7.73,AEROTWIN-4-001,IDLE,0.15,1164.18367203437,283.4361695817247,23.824894513542137,36.523031597127044,20.385077602623014,3.3957256937718494,12.742228300732181,-1.5789139594234245,-0.21644612436899086,38.534837805288454,-0.21644612436899086,33.24898344461312,508.87401445718575,24.775752565082076,380.288529317777,55.15628771519174,0.001024730017919553,5.123650089597765,322.42705098312484,0.2886401940171118,BEARING,BEARING,0.4,0.6,True
7.74,7.74,AEROTWIN-4-001,IDLE,0.15,1152.8576446548425,353.2871899037869,23.853620109348007,0.29221083992779007,20.59982229978856,3.4135648133928744,-23.721176273253644,-0.18998621804114002,-0.21670709273881247,0.9156112434465551,-0.21670709273881247,33.24916456415519,508.87609995519944,24.775519608579312,380.586298011846,55.19947549104212,0.0010261829952147529,5.130914976073765,322.42705098312484,0.47892046167074886,BEARING,BEARING,0.4,0.6,True
7.75,7.75,AEROTWIN-4-001,IDLE,0.15,1162.9913908443834,422.45864858307743,23.800039301861077,44.80537541542489,20.200951860544272,3.3803551666103195,21.2240683882703,46.675698489871735,-1.4378824385574067,-0.21622031794471988,-0.21622031794471988,33.24895256195651,508.87327930402864,24.775281613600367,380.03171513280387,55.119039899431606,0.0010234794050543745,5.117397025271872,322.42705098312484,0.43386784013641705,BEARING,BEARING,0.4,0.6,True
7.76,7.76,AEROTWIN-4-001,IDLE,0.15,1159.9537402646124,492.23813203374044,23.848001007946557,17.605678275184648,20.557649909885097,3.410068862353898,-6.3620404970543465,19.24201212464894,-1.203021761624087,-0.21665604392010354,-0.21665604392010354,33.249092731251565,508.8748722032184,24.775048327349698,380.5279685355218,55.19101550045501,0.0010258981268516194,5.129490634258097,322.42705098312484,0.17580247200918836,BEARING,BEARING,0.4,0.6,True
7.7700000000000005,7.7700000000000005,AEROTWIN-4-001,IDLE,0.15,1155.28070822843,561.8353564496172,23.833662209813443,14.064386522258946,20.450399926507824,3.401162005658022,-9.7871754099069,-0.21652577777003695,15.101448731774424,-0.21652577777003695,-0.604010653975404,33.24912613391325,508.8751234296799,24.774813763509353,380.37930472979593,55.16945359940014,0.0010251726287880691,5.125863143940346,322.42705098312484,0.2374377450981694,BEARING,BEARING,0.4,0.6,True
7.78,7.78,AEROTWIN-4-001,IDLE,0.15,1164.4621911213683,631.152198943323,23.811540291337725,42.90307014119251,20.28595737743142,3.387459960084152,19.229652803676938,-0.21632480296551249,44.95782772496425,-0.21632480296551249,-1.6221079778407157,33.248997941250295,508.87336564746437,24.774577183928827,380.1504525647711,55.13626133908927,0.0010240573314578808,5.1202866572894035,322.42705098312484,0.40044471337006826,BEARING,BEARING,0.4,0.6,True
7.79,7.79,AEROTWIN-4-001,IDLE,0.15,1154.6570186217227,701.0199304106051,23.854932019494065,3.488156286840468,20.609680074209543,3.4143814740093,-20.535905261378375,-0.21671901127496684,4.4502357500284155,-0.21671901127496684,-0.528641440638014,33.24918854529465,508.87558673104405,24.774344889102785,380.5999221633719,55.20145151073113,0.0010262495498641994,5.131247749320997,322.42705098312484,0.42302231647920746,BEARING,BEARING,0.4,0.6,True
7.8,7.8,AEROTWIN-4-001,IDLE,0.15,1161.8737515467221,50.29935152790847,23.80858194849421,38.76438144419113,20.264060144149052,3.38563120664337,15.114690093398707,-0.2162979267985406,-0.2162979267985406,-1.248134736656385,40.4451120344446,33.24903814304656,508.8735500707487,24.774108238641926,380.11989465493156,55.131829280961966,0.0010239085500854113,5.1195427504270565,322.42705098312484,0.32805179114186833,BEARING,BEARING,0.4,0.6,True
7.8100000000000005,7.8100000000000005,AEROTWIN-4-001,IDLE,0.15,1162.6958410730833,120.0117766207118,23.84272913413287,25.646728981248,20.51815693073406,3.406791772774128,1.7217802777398101,-0.21660814961969077,-0.21660814961969077,-1.4067442152613499,27.48668949574873,33.24913859578331,508.87465721250004,24.77387497568224,380.4732798725428,55.18308356615386,0.0010256311484851276,5.128155742425638,322.42705098312484,0.09810000484941175,BEARING,BEARING,0.4,0.6,True
7.82,7.82,AEROTWIN-4-001,IDLE,0.15,1153.1868161057673,189.77352708509682,23.846607336225492,4.040749594981918,20.547202649900647,3.4092022651629637,-19.915655320081694,-0.2758209041027617,-0.21664338259048066,4.749857264265641,-0.21664338259048066,33.24926631268146,508.8760889997903,24.773642193627353,380.5135076277079,55.188918119307495,0.0010258275215197549,5.129137607598775,322.42705098312484,0.413155918049501,BEARING,BEARING,0.4,0.6,True
7.83,7.83,AEROTWIN-4-001,IDLE,0.15,1164.0556190860054,258.96473605144286,23.801602918373508,46.35737740149471,20.212489323092445,3.3813203477148495,22.763567730687413,-1.5917718878257685,-0.21623452320107148,48.38161833572263,-0.21623452320107148,33.24906442093761,508.8734096959837,24.773405194311138,380.0478484554132,55.12137984427622,0.0010235579007114599,5.117789503557299,322.42705098312484,0.4610098065098066,BEARING,BEARING,0.4,0.6,True
7.84,7.84,AEROTWIN-4-001,IDLE,0.15,1156.6181512235353,328.8080731966032,23.853016848967624,8.431483922054735,20.595290844881372,3.413189342537812,-15.57699626536445,-0.8417337690361607,-0.21670161219528916,9.706620915481473,-0.21670161219528916,33.249240135591805,508.87545543319237,24.77317324670189,380.5800339036417,55.19856695731639,0.0010261523969340865,5.130761984670433,322.42705098312484,0.33646897500863726,BEARING,BEARING,0.4,0.6,True
7.8500000000000005,7.8500000000000005,AEROTWIN-4-001,IDLE,0.15,1159.303836589158,398.2051622700153,23.81787955109904,29.34922159999653,20.332953775900826,3.3913815477663016,5.624886276329401,30.785696460585726,-1.003710071927278,-0.2163823943309611,-0.2163823943309611,33.24915666700658,508.8742625407441,24.77293801548048,380.21596997337065,55.14576385299773,0.001024376436712549,5.121882183562745,322.42705098312484,0.16317928848109076,BEARING,BEARING,0.4,0.6,True
7.86,7.86,AEROTWIN-4-001,IDLE,0.15,1164.0789265804287,467.7633924653648,23.830590206054996,33.82767175684389,20.427490277086253,3.3992563885531633,10.000925091204476,35.80698920375256,-1.5463217088923373,-0.2164978690081667,-0.2164978690081667,33.249166856252785,508.87425047862087,24.772704112256992,380.34748808430214,55.164838976771016,0.0010250174611136803,5.125087305568401,322.42705098312484,0.2414058910432588,BEARING,BEARING,0.4,0.6,True
7.87,7.87,AEROTWIN-4-001,IDLE,0.15,1152.6152952653263,537.6081280601906,23.853126655413845,0.0,20.596115598311243,3.413257683680849,-24.009373281992094,0.194162503009775,-0.06782886439009614,-0.2167026097728315,-0.2167026097728315,33.249342157576336,508.87628518518983,24.77247249407613,380.58117407247505,55.198732325123636,0.0010261579662122328,5.130789831061164,322.42705098312484,0.48402252970209303,BEARING,BEARING,0.4,0.6,True
7.88,7.88,AEROTWIN-4-001,IDLE,0.15,1163.3048448665327,606.7650457761101,23.798887859661747,45.96024450993769,20.19245961729608,3.37964456108606,22.388140331555547,-0.21620985723937075,47.88272013674646,-0.21620985723937075,-1.490055912330026,33.249119726692186,508.8733560392452,24.772235763405433,380.0198365366971,55.11731705160947,0.0010234216164300082,5.117108082150041,322.42705098312484,0.454091357937538,BEARING,BEARING,0.4,0.6,True
7.890000000000001,7.890000000000001,AEROTWIN-4-001,IDLE,0.15,1159.0037935968624,676.5633364681021,23.849478770974912,14.971620204080885,20.568732960870037,3.410987957550238,-9.00810071433939,-0.2166694692085153,16.522246089437022,-0.2166694692085153,-1.117286946939106,33.24926876309841,508.8750813574926,24.772004004237868,380.54330467448347,55.19323982337773,0.0010259730135601264,5.129865067800632,322.42705098312484,0.22193327792582854,BEARING,BEARING,0.4,0.6,True
7.9,7.9,AEROTWIN-4-001,IDLE,0.15,1156.2647037021939,26.103564083913852,23.8291714422292,18.07855799834847,20.41691784220676,3.398376616550163,-5.736736460408455,-0.21648497971997638,-0.21648497971997638,-0.7143923649122635,19.225920322700684,33.24926725826941,508.8749202350968,24.771770387509143,380.33279799395734,55.162708355447585,0.0010249458306139908,5.1247291530699535,322.42705098312484,0.16708418171981385,BEARING,BEARING,0.4,0.6,True
7.91,7.91,AEROTWIN-4-001,IDLE,0.15,1164.48309985367,95.47944630604549,23.816204881244282,40.92344253488462,20.320528700200242,3.3903451855055913,17.212568649178788,-0.21636718016917528,-0.21636718016917528,-1.61533870518226,42.971515600405226,33.24917128714781,508.87358924509175,24.77153562996261,380.198657089943,55.14325282701115,0.0010242920987670592,5.121460493835296,322.42705098312484,0.365747451571696,BEARING,BEARING,0.4,0.6,True
7.92,7.92,AEROTWIN-4-001,IDLE,0.15,1154.0359195666579,165.34843229726567,23.855030494983545,2.1443397579449135,20.61042020326746,3.4144427816144414,-21.880523226936987,-0.2167199059122141,-0.2167199059122141,-0.41112885451233566,2.9889084242816772,33.24936054889657,508.875813699616,24.771304728069627,380.6009449170179,55.201599848874444,0.0010262545463299694,5.131272731649847,322.42705098312484,0.44654142532484725,BEARING,BEARING,0.4,0.6,True
7.930000000000001,7.930000000000001,AEROTWIN-4-001,IDLE,0.15,1162.4960280913206,234.59058747126517,23.80563453015165,41.34488552294462,20.24226561407917,3.3838100490967298,17.718809859768722,-1.3220103154125673,-0.2162711498792649,43.099438138115715,-0.2162711498792649,33.24918673976054,508.873505179797,24.77106916839244,380.0894603893416,55.12741515594932,0.0010237604037451424,5.118802018725712,322.42705098312484,0.3732446340512247,BEARING,BEARING,0.4,0.6,True
7.94,7.94,AEROTWIN-4-001,IDLE,0.15,1161.9147077480495,304.3403491567444,23.8456649390021,22.731242955387636,20.540141052355857,3.408616382900406,-1.217514479868627,-1.3415673029645432,-0.2166348210320442,24.506079900416267,-0.2166348210320442,33.249306964292565,508.8748801337698,24.77083756946598,380.50373059353564,55.18750007782522,0.0010257797893673233,5.128898946836617,322.42705098312484,0.08605010326829102,BEARING,BEARING,0.4,0.6,True
7.95,7.95,AEROTWIN-4-001,IDLE,0.15,1153.9555321208122,374.0552316216274,23.842922401162014,7.256856901502359,20.519603491646816,3.40691186262859,-16.669658452773046,8.084616149983775,-0.39453943762947286,-0.21660990542597158,-0.21660990542597158,33.2494056342331,508.8759715766033,24.770605809970988,380.4752841393883,55.1833742610086,0.0010256409310229217,5.128204655114609,322.42705098312484,0.3567873191593244,BEARING,BEARING,0.4,0.6,True
7.96,7.96,AEROTWIN-4-001,IDLE,0.15,1164.4164947738414,443.29256354887616,23.8052529530305,45.53240894205934,20.239445654441965,3.383574340794708,21.909388946822666,47.57585009964668,-1.6109057909876454,-0.2162676832998442,-0.2162676832998442,33.24922852628851,508.8736246580971,24.77037052923947,380.0855211117805,55.126843811010424,0.0010237412307444486,5.118706153722243,322.42705098312484,0.4465306996461135,BEARING,BEARING,0.4,0.6,True
7.97,7.97,AEROTWIN-4-001,IDLE,0.15,1156.0411187907227,513.1575532353066,23.854716794470583,6.480963602905961,20.60806255733136,3.414247485320259,-17.541346439745656,7.648318709509,-0.7339209946368159,-0.2167170559831114,-0.2167170559831114,33.24941479583387,508.87581968226203,24.77014012675187,380.5976869071791,55.20112731364344,0.0010262386300793004,5.131193150396502,322.42705098312484,0.37064311889280616,BEARING,BEARING,0.4,0.6,True
7.98,7.98,AEROTWIN-4-001,IDLE,0.15,1160.489034323213,582.52002036275,23.815145285988905,33.018052876248944,20.312670768837737,3.3896896003046155,9.315692507106592,-0.2163575538815837,34.547453788517466,-0.2163575538815837,-1.0966858045053545,33.249309371849954,508.8743703839729,24.76990600446963,380.18770470677794,55.14166431526166,0.001024238750849056,5.1211937542452795,322.42705098312484,0.22741534489079446,BEARING,BEARING,0.4,0.6,True
7.99,7.99,AEROTWIN-4-001,IDLE,0.15,1163.871729029476,652.1493624221428,23.836191351278647,30.956709929164756,20.469279133661725,3.4027315698145646,7.084699225688466,-0.21654875469729315,32.89407011290642,-0.21654875469729315,-1.504262674347076,33.24935870041179,508.874863567655,24.76967401621776,380.4055078761669,55.17325405134349,0.0010253004467087132,5.126502233543566,322.42705098312484,0.19109970530220394,BEARING,BEARING,0.4,0.6,True
8.0,8.0,AEROTWIN-4-001,IDLE,0.15,1152.4118882116247,1.9816661639113136,23.85215043754185,0.0,20.58878433438249,3.412650148730528,-24.001434483113016,-0.21669374095812122,-0.21669374095812122,-0.05619904072840561,0.4388359948911929,33.24952453255955,508.8767941480477,24.76944368086239,380.57103810857274,55.197262225191174,0.0010261084576061671,5.130542288030836,322.42705098312484,0.48399953961576686,BEARING,BEARING,0.4,0.6,True
8.01,8.01,AEROTWIN-4-001,IDLE,0.15,1163.4023467379316,71.1263794566088,23.7979212790922,46.5827439941344,20.18533334312807,3.37904814045417,23.018362510552155,-0.2162010759783226,-0.2162010759783226,-1.5343267039478519,48.549472850038896,33.24929295650165,508.87376510358,24.769208223456836,380.0098662880234,55.11587098668233,0.0010233731156799757,5.116865578399879,322.42705098312484,0.46499627294293006,BEARING,BEARING,0.4,0.6,True
8.02,8.02,AEROTWIN-4-001,IDLE,0.15,1157.9058159282442,140.9305202608847,23.849938367931227,12.471547663539384,20.57218102353299,3.411273847968943,-11.51190720796255,-0.2166736445881758,-0.2166736445881758,-1.0242092776762506,13.929104230391985,33.249443306676035,508.87552198173535,24.768977884777193,380.5480749097228,55.19393168875637,0.0010259963084172082,5.129981542086041,322.42705098312484,0.2656953681888408,BEARING,BEARING,0.4,0.6,True
8.03,8.03,AEROTWIN-4-001,IDLE,0.15,1157.1391621665455,210.40486921657936,23.823976909660786,22.167733686770024,20.378252392625303,3.395157177877796,-1.6056758837330745,-0.8215551976948801,-0.2164377880549009,23.422164460574706,-0.2164377880549009,33.24940183134353,508.8748792818755,24.76874513779933,380.2790345743187,55.15491061659004,0.0010246837394734159,5.12341869736708,322.42705098312484,0.09540155287275714,BEARING,BEARING,0.4,0.6,True
8.040000000000001,8.040000000000001,AEROTWIN-4-001,IDLE,0.15,1164.241784115167,279.83321894657206,23.820347349927005,38.619882147145304,20.35127629216122,3.3929092316405693,14.875696623343515,-1.5991921605620933,-0.21640481396819106,40.651883935643774,-0.21640481396819106,33.2493344059973,508.87392408361427,24.768512146501514,380.2414886692629,55.14946503361255,0.0010245007678457009,5.1225038392285045,322.42705098312484,0.32538742271400795,BEARING,BEARING,0.4,0.6,True
8.05,8.05,AEROTWIN-4-001,IDLE,0.15,1153.2654808943164,349.6877259934821,23.853893857619365,1.0268983957273834,20.601878896946186,3.41373520691325,-22.988715708132055,-0.2909537085093785,-0.21670957970690183,1.7512712636505656,-0.21670957970690183,33.24951335540665,508.8760367461447,24.768282509073593,380.5891406995435,55.199887788780394,0.001026196881343686,5.13098440671843,322.42705098312484,0.4660698768918403,BEARING,BEARING,0.4,0.6,True
8.06,8.06,AEROTWIN-4-001,IDLE,0.15,1162.7421196800574,418.8836548471411,23.80197653200509,43.444623877247,20.215247012319995,3.381551004921865,19.847825860005138,45.26554126122167,-1.3884415491082616,-0.2162379174332063,-0.2162379174332063,33.24931124471159,508.87339246216004,24.768047963072245,380.0517038308463,55.121939020218285,0.0010235766601692457,5.117883300846229,322.42705098312484,0.4100323032693546,BEARING,BEARING,0.4,0.6,True
8.07,8.07,AEROTWIN-4-001,IDLE,0.15,1160.8011806901104,488.64818202794453,23.846825584398353,19.893083203398138,20.548838356861044,3.409337961125872,-4.065093114588778,21.595366937477056,-1.2689930033843961,-0.2166453653472622,-0.2166453653472622,33.249438507714515,508.8748757018975,24.767817849040963,380.51577203485874,55.18924654439184,0.0010258385769923248,5.129192884961625,322.42705098312484,0.13574521701703118,BEARING,BEARING,0.4,0.6,True
8.08,8.08,AEROTWIN-4-001,IDLE,0.15,1154.5797153554745,558.2962528693512,23.837665704730966,10.853732502576591,20.480292198381935,3.403646830765448,-13.030206526570792,-0.21656214901014198,11.796747556125176,-0.21656214901014198,-0.5098907555283017,33.24949709238755,508.87549002964585,24.767586950591266,380.420786617839,55.17547004947813,0.0010253749870243161,5.126874935121581,322.42705098312484,0.29371833366331246,BEARING,BEARING,0.4,0.6,True
8.09,8.09,AEROTWIN-4-001,IDLE,0.15,1164.4258899884528,627.5710357906796,23.808215180865968,44.268531383411236,20.26134691316501,3.385404541628249,20.621779928617975,-0.2162945947614719,46.3218725326614,-0.2162945947614719,-1.6207519597272193,33.249340375413844,508.8734226569142,24.767353316490286,380.116106922049,55.131279915760146,0.001023890110559351,5.119450552796755,322.42705098312484,0.42437864765609723,BEARING,BEARING,0.4,0.6,True
8.1,8.1,AEROTWIN-4-001,IDLE,0.15,1155.231238987486,697.4365891899868,23.854761045551367,4.7654381241194,20.6083951152304,3.4142750335283143,-19.257232024639315,-0.2167174579985297,5.822540938010865,-0.2167174579985297,-0.6236678978944055,33.249525636847515,508.8756267576293,24.76712429056134,380.5981464795137,55.201193969095705,0.0010262408751905829,5.1312043759529145,322.42705098312484,0.4006658570835337,BEARING,BEARING,0.4,0.6,True
8.11,8.11,AEROTWIN-4-001,IDLE,0.15,1161.2606465907327,46.75046352923596,23.811305694297562,36.29949678425302,20.284220120987186,3.3873149086938192,12.627961754572018,-0.21632267168135916,-0.21632267168135916,-1.1817326497217029,37.91387477733745,33.24939100706801,508.87383519111177,24.766891162231623,380.1480289209608,55.13590981863832,0.0010240455299271116,5.1202276496355585,322.42705098312484,0.28488488548890495,BEARING,BEARING,0.4,0.6,True
8.120000000000001,8.120000000000001,AEROTWIN-4-001,IDLE,0.15,1163.2550701751331,116.42610232467992,23.839835263875926,28.078613382508976,20.496508340093317,3.40499405515022,4.177110987265439,-0.21658185917793515,-0.21658185917793515,-1.4546327002004416,29.96640980106529,33.24946604689775,508.8746724455871,24.76666089457708,380.44327476744814,55.17873168572115,0.0010254847148590503,5.127423574295252,322.42705098312484,0.1406911838840824,BEARING,BEARING,0.4,0.6,True
8.13,8.13,AEROTWIN-4-001,IDLE,0.15,1152.6757949791,186.2214065351879,23.84924413386859,1.8206326898843743,20.566972836793795,3.4108420105323916,-22.157182157441813,-0.17610305855700967,-0.21666733756036605,2.430070423562116,-0.21666733756036605,33.24960923207856,508.8763435216654,24.766431645980852,380.54086943924636,55.192886621729414,0.0010259611216978952,5.129805608489476,322.42705098312484,0.4520700352691706,BEARING,BEARING,0.4,0.6,True
8.14,8.14,AEROTWIN-4-001,IDLE,0.15,1163.703098909172,255.3819542339339,23.799175323248953,46.66993273934803,20.19457944009138,3.3798219555119733,23.095531343744675,-1.5691020980967723,-0.21621246880935327,48.671459775063504,-0.21621246880935327,33.24938572108379,508.8734388457576,24.76619766648698,380.02280193720105,55.117747147367766,0.001023436042446099,5.117180212230495,322.42705098312484,0.4665075791286403,BEARING,BEARING,0.4,0.6,True
8.15,8.15,AEROTWIN-4-001,IDLE,0.15,1157.1169617725252,325.20414016848423,23.851355819601395,10.201001000518406,20.582818663808197,3.4121556993932156,-13.793973362683007,-0.9273981030293375,-0.2166865219555998,11.561772147458944,-0.2166865219555998,33.24954538696127,508.87533277414616,24.765968834113384,380.56278857088455,55.19606572874395,0.0010260681658280791,5.130340829140396,322.42705098312484,0.30546331017979894,BEARING,BEARING,0.4,0.6,True
8.16,8.16,AEROTWIN-4-001,IDLE,0.15,1158.2533915371084,394.6311578748357,23.820242215987303,26.123472467132313,20.350495397290167,3.392844136685459,2.3801329331566863,27.47863339362466,-0.9223532088128004,-0.2164038588397738,-0.2164038588397738,33.24947549287454,508.8743567241236,24.765737088616245,380.2404013587438,55.14930733226948,0.0010244954698248334,5.122477349124168,322.42705098312484,0.1067014640467317,BEARING,BEARING,0.4,0.6,True
8.17,8.17,AEROTWIN-4-001,IDLE,0.15,1164.134707844748,464.1263613670622,23.825621749832806,36.10446474909674,20.39048835595937,3.3961763227918786,12.317800070345493,38.11167393563566,-1.5743037241032596,-0.21645273121782815,-0.21645273121782815,33.24944562849595,508.87389211667926,24.76550596748695,380.29605501507604,55.1573792272766,0.0010247667012849373,5.1238335064246865,322.42705098312484,0.2813069065974113,BEARING,BEARING,0.4,0.6,True
8.18,8.18,AEROTWIN-4-001,IDLE,0.15,1152.7531954931167,533.9744438377471,23.853389444754548,0.174127043665135,20.598089527858995,3.4134212428903625,-23.837383727084223,0.7781467942145118,-0.17060975618850635,-0.21670499718043526,-0.21670499718043526,33.24961953968324,508.8759596885529,24.76527764789114,380.5839027925085,55.199128093219855,0.0010261712951268388,5.130856475634194,322.42705098312484,0.48098149550488645,BEARING,BEARING,0.4,0.6,True
8.19,8.19,AEROTWIN-4-001,IDLE,0.15,1162.9927700286469,603.1396355673342,23.79954307194395,45.02305526828084,20.19729160480378,3.3800489056724445,21.445714757804616,-0.21621580975928814,46.90214951552497,-0.21621580975928814,-1.4466626277255483,33.24939856626572,508.87309778012184,24.765044223976794,380.02659568700716,55.11829738525214,0.0010234544986550788,5.117272493275395,322.42705098312484,0.43768297277940077,BEARING,BEARING,0.4,0.6,True
8.2,8.2,AEROTWIN-4-001,IDLE,0.15,1159.7524572080654,672.919201769053,23.84800751079947,17.1812762729784,20.557698668292566,3.410072906333371,-6.786495301647536,-0.2166561029976919,18.80454188743189,-0.2166561029976919,-1.1899534084581052,33.24953346971584,508.87469580848824,24.764815589517664,380.52803601568644,55.19102528764313,0.001025898456340589,5.1294922817029445,322.42705098312484,0.1832296601288757,BEARING,BEARING,0.4,0.6,True
8.21,8.21,AEROTWIN-4-001,IDLE,0.15,1155.3798052778086,22.50434920153691,23.832710932185137,14.685814183242337,20.443303157531414,3.400571812911064,-9.15806078720014,-0.2165171355342559,-0.2165171355342559,-0.6215452848330983,15.740393739143947,33.24955467802705,508.87486518065094,24.76458557211617,380.3694511097107,55.168024450050225,0.0010251245695034616,5.125622847517309,322.42705098312484,0.226540396314664,BEARING,BEARING,0.4,0.6,True
8.22,8.22,AEROTWIN-4-001,IDLE,0.15,1164.4226509372752,91.82713751820543,23.812010211430003,42.61647987134235,20.289437682648842,3.387750527808984,18.939291660884525,-0.21632907212954502,-0.21632907212954502,-1.621643130994024,44.670781146595466,33.24942481930053,508.8731563248252,24.764353658479326,380.1553075586464,55.13696549769096,0.0010240809726721248,5.1204048633606245,322.42705098312484,0.39542396387838996,BEARING,BEARING,0.4,0.6,True
8.23,8.23,AEROTWIN-4-001,IDLE,0.15,1154.5115844316538,161.69249657444195,23.8547457897865,3.2648568510560145,20.60828046378852,3.4142655361342222,-20.75768914886673,-0.21671731940185396,-0.21671731940185396,-0.5105591145656889,4.208850604425411,33.24960896136792,508.87536569567766,24.764125995330314,380.5979880395433,55.20117098927928,0.001026240101175864,5.13120050587932,322.42705098312484,0.4269256700198136,BEARING,BEARING,0.4,0.6,True
8.24,8.24,AEROTWIN-4-001,IDLE,0.15,1161.9355801270842,230.96319164034117,23.80789191421566,39.192940764539586,20.25895576851599,3.385204771325809,15.548780224697788,-1.2600203151588767,-0.21629165792523292,40.885544395548926,-0.21629165792523292,33.24944857510527,508.87327223232785,24.763893892839793,380.1127685768066,55.13079572884288,0.001023873859175589,5.119369295877945,322.42705098312484,0.3355595426184673,BEARING,BEARING,0.4,0.6,True
8.25,8.25,AEROTWIN-4-001,IDLE,0.15,1162.5405786823194,300.6793264479662,23.84302089294983,25.19441979219344,20.520340717513296,3.4069730636403857,1.267106011039758,-1.3971988456729703,-0.21661080021128712,27.024840238288988,-0.21661080021128712,33.249546281522036,508.87441281800267,24.763665295164593,380.4763055621111,55.183522406117476,0.0010256459164947084,5.128229582473542,322.42705098312484,0.09018124758205211,BEARING,BEARING,0.4,0.6,True
8.26,8.26,AEROTWIN-4-001,IDLE,0.15,1153.2542517896827,370.4317611689054,23.845875069444673,4.501224860105032,20.54171541121006,3.408747012055841,-19.449237563160867,5.228687231483421,-0.2941889112978231,-0.2166367300402827,-0.2166367300402827,33.24966376644807,508.87578417413073,24.763437079298924,380.5059105243081,55.1878162506246,0.00102579043164674,5.1289521582337,322.42705098312484,0.40508036556650107,BEARING,BEARING,0.4,0.6,True
8.27,8.27,AEROTWIN-4-001,IDLE,0.15,1164.0761821058893,439.6270162762863,23.801923201390412,46.261769283148446,20.21485335097742,3.381518079467416,22.66539785270361,48.289519290560946,-1.5952751415497384,-0.21623743293138198,-0.21623743293138198,33.24945948997979,508.87314139197304,24.763204713891827,380.05115349362694,55.121859200408664,0.0010235739823099908,5.117869911549954,322.42705098312484,0.4593329640136755,BEARING,BEARING,0.4,0.6,True
8.28,8.28,AEROTWIN-4-001,IDLE,0.15,1156.489910107976,509.4715872026397,23.853113725723887,8.12061720074157,20.596018482133037,3.4132496364612015,-15.888650917852669,9.379602738875294,-0.8255805535172254,-0.21670249230824926,-0.21670249230824926,33.249631207133035,508.8752026495048,24.76297741375713,380.581039816997,55.198712852977614,0.0010261573104244298,5.130786552122149,322.42705098312484,0.3419114241800014,BEARING,BEARING,0.4,0.6,True
8.290000000000001,8.290000000000001,AEROTWIN-4-001,IDLE,0.15,1159.4525323360444,578.8609818091182,23.817271982737942,29.924352165344505,20.328445155460383,3.3910055251762077,6.204901484707914,-0.21637687464998315,31.375320740726384,-0.21637687464998315,-1.0182148260819126,33.24953868059998,508.87396111617056,24.762746734462713,380.209688474381,55.14485279694727,0.001024345835800247,5.121729179001235,322.42705098312484,0.17325107354885835,BEARING,BEARING,0.4,0.6,True
8.3,8.3,AEROTWIN-4-001,IDLE,0.15,1164.0206188168784,648.428133749281,23.831293201461122,33.399801134091184,20.432730794069023,3.399692387254799,9.567377952767362,-0.21650425563166334,35.37332549572488,-0.21650425563166334,-1.5405158503703666,33.249549466125245,508.87402031641034,24.76251751714245,380.354767939051,55.16589483234408,0.0010250529613206791,5.125264806603396,322.42705098312484,0.23391007463417465,BEARING,BEARING,0.4,0.6,True
8.31,8.31,AEROTWIN-4-001,IDLE,0.15,1152.5580542541109,718.2693708782937,23.852851951833223,0.0,20.594052364737372,3.4130867163886727,-24.007139081126045,-0.21670011412587944,0.11947292482460009,-0.21670011412587944,-0.049083524267824634,33.249718184563484,508.87603578799303,24.762290503877516,380.57832173264705,55.19831862745966,0.0010261440337355212,5.130720168677606,322.42705098312484,0.48401606019011195,BEARING,BEARING,0.4,0.6,True
8.32,8.32,AEROTWIN-4-001,IDLE,0.15,1163.310191490797,67.42285413354034,23.798615867872808,46.089154367629504,20.19045407717932,3.3794767216750965,22.519223568775086,-0.21620738622869987,-0.21620738622869987,-1.4972849552133263,48.018854095300235,33.24948933971014,508.8730883451164,24.76205833785479,380.01703083321746,55.1169101179882,0.0010234079675932326,5.117039837966163,322.42705098312484,0.45635042458361186,BEARING,BEARING,0.4,0.6,True
8.33,8.33,AEROTWIN-4-001,IDLE,0.15,1158.8239465627048,137.22146562298818,23.84950397435729,14.583956260895633,20.56892203175708,3.4110036346713817,-9.395969405532828,-0.2166696981780259,-0.2166696981780259,-1.1036607893885122,16.120956446640196,33.24963415687284,508.8748226471274,24.761831206127148,380.5435662577449,55.1932777628908,0.0010259742909490065,5.129871454745032,322.42705098312484,0.228717990311616,BEARING,BEARING,0.4,0.6,True
8.34,8.34,AEROTWIN-4-001,IDLE,0.15,1156.3819287612794,206.75090241675048,23.828320877030645,18.693881146215656,20.410581991974393,3.3978492775036355,-5.114550123262372,-0.7307933886547902,-0.21647725244375926,19.857629039757963,-0.21647725244375926,33.24962210160194,508.87459091519037,24.761602115152456,380.3239923273098,55.161431199168355,0.0010249028968781762,5.124514484390881,322.42705098312484,0.1562960374010235,BEARING,BEARING,0.4,0.6,True
8.35,8.35,AEROTWIN-4-001,IDLE,0.15,1164.4416338097712,276.13381814242723,23.816760354174694,40.59554489054573,20.324649202919606,3.3906889073310684,16.880206780295058,-1.6135012976865557,-0.2163722265698177,42.64179064137192,-0.2163722265698177,33.24952596203721,508.873318397494,24.761372008254558,380.204399230196,55.14408565554916,0.0010243200698373959,5.12160034918698,322.42705098312484,0.3600028416130114,BEARING,BEARING,0.4,0.6,True
8.36,8.36,AEROTWIN-4-001,IDLE,0.15,1153.9078504485065,346.00031617101354,23.854835197615067,1.9613693130470107,20.608952397727418,3.4143211968234817,-22.06190428150389,-0.3932077563391131,-0.2167181316605597,2.788013332707243,-0.2167181316605597,33.24970955608429,508.87553185204655,24.76114570993628,380.59891659593956,55.20130566524188,0.0010262446373943,5.131223186971501,322.42705098312484,0.4497388079009561,BEARING,BEARING,0.4,0.6,True
8.370000000000001,8.370000000000001,AEROTWIN-4-001,IDLE,0.15,1162.5357517771895,415.23478719792394,23.805026610463848,41.691441910705436,20.237773093150924,3.3834345308293763,18.070234286725135,43.45643256907286,-1.3324594043543656,-0.21626562700652865,-0.21626562700652865,33.249527210282444,508.87317549165186,24.760914676919324,380.0831845102825,55.12650491500235,0.0010237298584476545,5.118649292238272,322.42705098312484,0.3793163901296566,BEARING,BEARING,0.4,0.6,True
8.38,8.38,AEROTWIN-4-001,IDLE,0.15,1161.7478474503148,484.9869323045553,23.845852302863435,22.300094727334873,20.541544831864314,3.4087328588307915,-1.650182963360233,24.064517170297908,-1.3311493965454397,-0.2166365232087993,-0.2166365232087993,33.24964475522834,508.8745757122651,24.76068770810678,380.50567433702446,55.187781994493356,0.0010257892785877681,5.128946392938841,322.42705098312484,0.09359960705126194,BEARING,BEARING,0.4,0.6,True
8.39,8.39,AEROTWIN-4-001,IDLE,0.15,1154.0388423878037,554.6918031515742,23.842134971905022,7.774430510046062,20.513710354612094,3.406422602682087,-16.14570244724812,-0.2166027517317215,8.619646227371112,-0.2166027517317215,-0.41201021386160686,33.249733629967864,508.87560325408003,24.760460479538207,380.46711843612775,55.182189923739095,0.001025601076290262,5.12800538145131,322.42705098312484,0.3477112533199453,BEARING,BEARING,0.4,0.6,True
8.4,8.4,AEROTWIN-4-001,IDLE,0.15,1164.4207944209797,623.9341336948423,23.805648403551306,45.37009626000507,20.242368149183832,3.3838186192559396,21.743909491565297,-0.21627127591732923,47.415591729705206,-0.21627127591732923,-1.6129529178654747,33.24955550438447,508.8733012480371,24.76022981569902,380.0896036171866,55.12743592942951,0.0010237611008649928,5.118805504324964,322.42705098312484,0.44368566177046875,BEARING,BEARING,0.4,0.6,True
8.41,8.41,AEROTWIN-4-001,IDLE,0.15,1155.916261704274,693.7993813601012,23.854737045673318,6.210623172075558,20.608214749542977,3.414260092544131,-17.81185167001155,-0.21671723996270228,7.36168787241904,-0.21671723996270228,-0.7176302204180772,33.24973802356602,508.8755062001594,24.760004027248034,380.5978972269876,55.20115781800783,0.0010262396575366015,5.131198287683008,322.42705098312484,0.3753745534387361,BEARING,BEARING,0.4,0.6,True
8.42,8.42,AEROTWIN-4-001,IDLE,0.15,1160.6116787325402,43.154357062357576,23.814553496824335,33.531665233541716,20.308283305640963,3.389323500206115,9.83405842769464,-0.21635217755259128,-0.21635217755259128,-1.109831790077678,35.07420137872458,33.24962446651692,508.874011228743,24.759774429383395,380.1815883554584,55.14077721189898,0.001024208960593618,5.121044802968091,322.42705098312484,0.23641038278935886,BEARING,BEARING,0.4,0.6,True
8.43,8.43,AEROTWIN-4-001,IDLE,0.15,1163.7875985814721,112.79105778630999,23.836770675657995,30.52832804689612,20.4736058876947,3.4030911820048875,6.651630977196534,-0.21655401778530356,-0.21655401778530356,-1.4973469805579853,32.45878306302471,33.24967428738927,508.8745659531955,24.759547092207665,380.411511094662,55.174124746147584,0.001025329733593901,5.126648667969506,322.42705098312484,0.18359636994128395,BEARING,BEARING,0.4,0.6,True
8.44,8.44,AEROTWIN-4-001,IDLE,0.15,1152.4050235981306,182.6183137011983,23.85175401103503,0.1586020897543247,20.585807922115197,3.4124034653729622,-23.839609297733833,-0.07424176530486117,-0.21669013947392787,0.6662241340070416,-0.21669013947392787,33.24983344180677,508.8764679180434,24.75932132196608,380.5669224010049,55.19666529119695,0.001026088355673554,5.1304417783677705,322.42705098312484,0.48121466769929433,BEARING,BEARING,0.4,0.6,True
8.45,8.45,AEROTWIN-4-001,IDLE,0.15,1163.4171972862075,251.76261511708614,23.79788865623275,46.6279635178047,20.18509286643675,3.3790280123561347,23.063842639011817,-1.5400544530862252,-0.2162007796038102,48.60041953009855,-0.2162007796038102,33.24959797689432,508.8734440873486,24.759090424620794,380.0095298043514,55.11582218376352,0.0010233714789009522,5.116857394504761,322.42705098312484,0.46578799177237695,BEARING,BEARING,0.4,0.6,True
8.46,8.46,AEROTWIN-4-001,IDLE,0.15,1157.7532957867904,321.56764695425863,23.850008366381914,12.121576055902842,20.5727062246694,3.4113173920507514,-11.862447560817309,-1.0101195818964355,-0.21667428051516197,13.565044198829602,-0.21667428051516197,33.24974520656312,508.87521535543044,24.758864691005165,380.54880145910647,55.194037066025885,0.0010259998565022071,5.129999282511036,322.42705098312484,0.2718215194122568,BEARING,BEARING,0.4,0.6,True
8.47,8.47,AEROTWIN-4-001,IDLE,0.15,1157.2730498874455,391.03284470146605,23.823255000540538,22.76176957760315,20.37288427166999,3.394709965465607,-1.0058246595324456,24.031456936183275,-0.836824899374673,-0.21643122960272665,-0.21643122960272665,33.24969488591552,508.8745149554533,24.758636451531412,380.27156548822586,55.153827315281305,0.0010246473365560092,5.123236682780046,322.42705098312484,0.08498896666350847,BEARING,BEARING,0.4,0.6,True
8.48,8.48,AEROTWIN-4-001,IDLE,0.15,1164.2018597508165,460.46922769471274,23.82098136234572,38.26095334052682,20.355986086326066,3.393301810942262,14.51166544325849,40.28983380772403,-1.596059319417092,-0.21641057389005575,-0.21641057389005575,33.249628599881405,508.8736262458045,24.758408094699437,380.2480460107019,55.15041609730018,0.0010245327199868602,5.122663599934301,322.42705098312484,0.3190988677242401,BEARING,BEARING,0.4,0.6,True
8.49,8.49,AEROTWIN-4-001,IDLE,0.15,1153.1581644053051,530.3213392797618,23.853705787407947,0.8842226539610561,20.600465955360225,3.413618142562824,-23.129861443961993,1.5908890107538178,-0.27325061456666877,-0.21670787111304646,-0.21670787111304646,33.249802657233666,508.8757292438383,24.758183033614483,380.5871877093819,55.199604530993334,0.0010261873412312544,5.130936706156272,322.42705098312484,0.4685622728383482,BEARING,BEARING,0.4,0.6,True
8.5,8.5,AEROTWIN-4-001,IDLE,0.15,1162.7630364459558,599.51082914408,23.801466833442067,43.70911824743553,20.211484949842156,3.381236336541277,20.1163969610521,-0.2162332868868465,45.539087156452396,-0.2162332868868465,-1.397502335243169,33.249593434614816,508.87304665463034,24.75795299422031,380.04644421735344,55.12117617639651,0.0010235510681117122,5.117755340558561,322.42705098312484,0.41466684364857476,BEARING,BEARING,0.4,0.6,True
8.51,8.51,AEROTWIN-4-001,IDLE,0.15,1160.6277365523135,669.2766113308373,23.846924224602677,19.486815329514275,20.549577676612394,3.40939929228675,-4.472161639384868,-0.21664626148092275,21.177899768214836,-0.21664626148092275,-1.257791915738714,33.249718060543486,508.8745475038843,24.75772747545839,380.5167954839997,55.18939498340835,0.001025843573818267,5.129217869091335,322.42705098312484,0.14285722663047584,BEARING,BEARING,0.4,0.6,True
8.52,8.52,AEROTWIN-4-001,IDLE,0.15,1154.6717782636692,18.91427552397613,23.836846522611562,11.403180819199946,20.474172423003267,3.403138265991611,-12.474129869794933,-0.2165547068451915,-0.2165547068451915,-0.526476645204345,12.362766878094673,33.24976732333285,508.875095703381,24.757501074054026,380.4122970860424,55.17423874476541,0.0010253335681713015,5.126667840856507,322.42705098312484,0.2840837221711875,BEARING,BEARING,0.4,0.6,True
8.53,8.53,AEROTWIN-4-001,IDLE,0.15,1164.411865229009,88.19458221979629,23.80865197365509,44.04984312779825,20.264578206532736,3.385674484173898,20.399590437091614,-0.2162985629681854,-0.2162985629681854,-1.6214339196035406,46.103874173338156,33.249610573724844,508.8730776443381,24.757272036228517,380.1206178473411,55.131934171342664,0.0010239120708049462,5.119560354024731,322.42705098312484,0.4205465625303859,BEARING,BEARING,0.4,0.6,True
8.540000000000001,8.540000000000001,AEROTWIN-4-001,IDLE,0.15,1155.1064593996452,158.0592941335368,23.854694989387202,4.53293620452886,20.60789868854336,3.4142339107858266,-19.48919639480033,-0.21671685788671322,-0.21671685788671322,-0.6073168187358398,5.573686739038126,33.249792126577695,508.87528435975634,24.757047588866406,380.59746045005414,55.20109446875495,0.0010262375237894959,5.13118761894748,322.42705098312484,0.40473308475811604,BEARING,BEARING,0.4,0.6,True
8.55,8.55,AEROTWIN-4-001,IDLE,0.15,1161.351625759902,227.36568169751553,23.81071391609397,36.74663332727362,20.279838452888395,3.386949035833106,13.07984583855212,-1.193571012960061,-0.21631729545194578,38.37283893113757,-0.21631729545194578,33.24965004363936,508.8734478762194,24.75681895533607,380.14191550923994,55.13502314162914,0.0010240157626128122,5.120078813064061,322.42705098312484,0.29271660111458403,BEARING,BEARING,0.4,0.6,True
8.56,8.56,AEROTWIN-4-001,IDLE,0.15,1163.143470443066,297.04677924310965,23.84026477151982,27.657811619662027,20.49972007098667,3.405260820007079,3.7528307286682794,-1.4467423649306466,-0.21658576120003453,29.53772550699274,-0.21658576120003453,33.24972514796855,508.8743338046396,24.756593299967236,380.44772745082867,55.17937749401329,0.0010255064432362542,5.127532216181271,322.42705098312484,0.13332222411173558,BEARING,BEARING,0.4,0.6,True
8.57,8.57,AEROTWIN-4-001,IDLE,0.15,1152.7325214920997,366.8353874696936,23.848718022745256,2.1689010288482766,20.563026739990537,3.4105147830272147,-21.804640494169472,2.7956254739409787,-0.19339932927671855,-0.21666255790799155,-0.21666255790799155,33.249861380069476,508.87596551828494,24.756368574681407,380.5354093276388,55.19209469806207,0.0010259344593689453,5.129672296844727,322.42705098312484,0.4459629533054543,BEARING,BEARING,0.4,0.6,True
8.58,8.58,AEROTWIN-4-001,IDLE,0.15,1163.7448229879003,435.9993387592196,23.79944484679732,46.640665761657786,20.196567156440572,3.3799882863353776,23.064110318881838,48.64653414614029,-1.5734385496897638,-0.21621491739637375,-0.21621491739637375,33.24963683570713,508.8730946038244,24.756139158548812,380.0255823655535,55.11815041513515,0.0010234495688984995,5.117247844492498,322.42705098312484,0.4659922917174728,BEARING,BEARING,0.4,0.6,True
8.59,8.59,AEROTWIN-4-001,IDLE,0.15,1157.007969598114,505.82402813849365,23.85155244091597,9.886939962325094,20.584294666653122,3.412278040781812,-14.10963274510984,11.233229527997715,-0.9129129492023509,-0.2166883082351354,-0.2166883082351354,33.24979495422081,508.87501502000936,24.755914917750346,380.56482977273396,55.19636178057779,0.001026078135090815,5.130390675454075,322.42705098312484,0.31096400833082366,BEARING,BEARING,0.4,0.6,True
8.6,8.6,AEROTWIN-4-001,IDLE,0.15,1158.415221321586,575.2445063143805,23.819726038823156,26.686527506882957,20.34666183446987,3.3925245549386585,2.947341117474428,-0.21639916943615006,28.05590180611353,-0.21639916943615006,-0.9365759603582716,33.24971834153487,508.8740002029083,24.755687670208275,380.23506317955196,55.14853309343586,0.0010244694596628315,5.122347298314158,322.42705098312484,0.11656087191611039,BEARING,BEARING,0.4,0.6,True
8.61,8.61,AEROTWIN-4-001,IDLE,0.15,1164.111303318467,644.7494195936756,23.82638743534345,35.72268369310907,20.39618662350842,3.3966508325031226,11.929846237097525,-0.2164596873729192,37.72555571693178,-0.2164596873729192,-1.5699526490768752,33.249691178174494,508.87361386411624,24.755461173528534,380.3039793142634,55.15852855178214,0.0010248053297716702,5.124026648858351,322.42705098312484,0.27461692930668863,BEARING,BEARING,0.4,0.6,True
8.620000000000001,8.620000000000001,AEROTWIN-4-001,IDLE,0.15,1152.6824409817912,714.5960977927837,23.853279185771097,0.07406061460676372,20.597261301231384,3.413352617235059,-23.93655330385968,-0.21670399549164998,0.6605311621779133,-0.21670399549164998,-0.15306255658784965,33.24986135031916,508.87567836179267,24.755237410580634,380.5827578879803,55.198962038556886,0.0010261657026066399,5.1308285130332,322.42705098312484,0.4827300612384021,BEARING,BEARING,0.4,0.6,True
8.63,8.63,AEROTWIN-4-001,IDLE,0.15,1163.0121231268718,63.75704425169113,23.799206900855694,45.20908944977692,20.194812313231967,3.3798414426096555,21.634435693935295,-0.21621275568787823,-0.21621275568787823,-1.4544531191997179,47.09596808035239,33.24963508564469,508.87279316316864,24.75500848152618,380.023127689898,55.11779439388742,0.0010234376271798717,5.117188135899359,322.42705098312484,0.4409424565622162,BEARING,BEARING,0.4,0.6,True
8.64,8.64,AEROTWIN-4-001,IDLE,0.15,1159.5888456997907,133.53777163930346,23.848098759937677,16.798817041131926,20.55838286596287,3.410129652581165,-7.169695477412109,-0.21665693198446057,-0.21665693198446057,-1.177942760715653,18.4100736658165,33.249767841516544,508.8744071011438,24.75478441557038,380.5289829144892,55.19116262395168,0.00102590307983041,5.12951539915205,322.42705098312484,0.18992484475510157,BEARING,BEARING,0.4,0.6,True
8.65,8.65,AEROTWIN-4-001,IDLE,0.15,1155.4906475073117,203.1131023812909,23.831937587627404,15.254381362438584,20.437535506490416,3.400092078912788,-8.58324622296462,-0.6374286876182346,-0.21651010979770002,16.324830269652217,-0.21651010979770002,33.249780611980526,508.87451357177224,24.754558869290506,380.3614414123432,55.166862739563435,0.0010250855061578776,5.125427530789389,322.42705098312484,0.21657229056616806,BEARING,BEARING,0.4,0.6,True
8.66,8.66,AEROTWIN-4-001,IDLE,0.15,1164.403180957572,272.4425412317296,23.812535786358314,42.34777277661694,20.293330834275803,3.3880755342006377,18.6663664081405,-1.6210297465213113,-0.21633384691065619,44.40147021695957,-0.21633384691065619,33.24965189234454,508.8728610099811,24.754331536642415,380.16073787741556,55.1377531002646,0.0010241074164028827,5.120537082014414,322.42705098312484,0.390715528592508,BEARING,BEARING,0.4,0.6,True
8.67,8.67,AEROTWIN-4-001,IDLE,0.15,1154.3973042567532,342.3067320891839,23.854654086401386,3.065540588994063,20.607591299166906,3.4142084471720344,-20.956259157344878,-0.49398538551358473,-0.21671648628831017,3.9929589470842672,-0.21671648628831017,33.249832651355845,508.87506941942763,24.754108422606205,380.59703565291716,55.2010328570278,0.0010262354485726626,5.131177242863314,322.42705098312484,0.43041154458614783,BEARING,BEARING,0.4,0.6,True
8.68,8.68,AEROTWIN-4-001,IDLE,0.15,1162.0062160065995,411.5705703445891,23.807349642490102,39.57588245963499,20.254945271862663,3.3848696843517514,15.936067503420574,41.27920693187933,-1.270751009332634,-0.21628673145585087,-0.21628673145585087,33.249665684078934,508.87293438576626,24.753880790540144,380.10716887721844,55.12998355961401,0.0010238466001934092,5.119233000967046,322.42705098312484,0.342267281068304,BEARING,BEARING,0.4,0.6,True
8.69,8.69,AEROTWIN-4-001,IDLE,0.15,1162.4123691634484,481.2909433049851,23.843354195452445,24.780661081884148,20.52283572050171,3.4071801788565397,0.8506451825258976,26.60217912024811,-1.388290381920036,-0.21661382822196276,-0.21661382822196276,33.24976325026462,508.87411369012494,24.753656771282905,380.47976221283915,55.18402375182576,0.0010256627883672264,5.128313941836132,322.42705098312484,0.08293664740281574,BEARING,BEARING,0.4,0.6,True
8.700000000000001,8.700000000000001,AEROTWIN-4-001,IDLE,0.15,1153.335722281348,551.035685454792,23.845270328521966,4.935471125809536,20.53718481972155,3.408371082112076,-19.01008477602409,-0.21663123604622145,5.679740790665207,-0.21663123604622145,-0.31100719276322814,33.24987371260024,508.8754375775133,24.753433041731896,380.4996369849316,55.18690634902051,0.0010257598050913317,5.128799025456659,322.42705098312484,0.39746682297788605,BEARING,BEARING,0.4,0.6,True
8.71,8.71,AEROTWIN-4-001,IDLE,0.15,1164.1094778593565,620.2358287916728,23.802310120760524,46.163967448390295,20.21770956800187,3.3817569634256426,22.564500916962785,-0.21624094804445232,48.19476318890093,-0.21624094804445232,-1.5983138444217315,33.249669752345056,508.87283837619606,24.75320522643791,380.0551463294073,55.12243831332458,0.0010235934111013849,5.1179670555069245,322.42705098312484,0.4576169618656463,BEARING,BEARING,0.4,0.6,True
8.72,8.72,AEROTWIN-4-001,IDLE,0.15,1156.3879697567932,690.0823974632342,23.853270585931728,7.838655215189965,20.59719670357873,3.4133472647093903,-16.17188875309816,-0.21670391736320746,9.082677716961724,-0.21670391736320746,-0.8106146670453442,33.24984011667763,508.87492147873087,24.752982488431112,380.58266858982887,55.1989490869316,0.0010261652664135085,5.130826332067543,322.42705098312484,0.34684945318931126,BEARING,BEARING,0.4,0.6,True
8.73,8.73,AEROTWIN-4-001,IDLE,0.15,1159.6031885160853,39.46567564864176,23.816788978221364,30.44950660042827,20.324861557388843,3.390706620455053,6.733938422584373,-0.21637248661562664,-0.21637248661562664,-1.0314733597074965,31.913724933367018,33.249741599881716,508.87364328594407,24.752756281486292,380.2046951385453,55.14412857350433,0.001024321511295656,5.12160755647828,322.42705098312484,0.18244684169390538,BEARING,BEARING,0.4,0.6,True
8.74,8.74,AEROTWIN-4-001,IDLE,0.15,1163.9786841902426,109.04186695960689,23.832005385771193,33.002191933245264,20.438041088501194,3.400134134246671,9.1640167104974,-0.216510725735179,-0.216510725735179,-1.5349751316857259,34.97018851640134,33.249755177682694,508.8737749988738,24.75253166097858,380.362143582367,55.16696458089935,0.0010250889305547532,5.1254446527737665,322.42705098312484,0.2269437285173269,BEARING,BEARING,0.4,0.6,True
8.75,8.75,AEROTWIN-4-001,IDLE,0.15,1152.5168867994503,178.88058801102142,23.852654379098972,0.0,20.592568562256695,3.4129637576413674,-24.005532319898062,-0.21669831920281757,-0.21669831920281757,-0.03175093348399864,0.06214229048909006,33.249919990128596,508.87577863141206,24.752309168563777,380.57627032767954,55.19802109578598,0.0010261340136650291,5.130670068325146,322.42705098312484,0.4840114072740187,BEARING,BEARING,0.4,0.6,True
8.76,8.76,AEROTWIN-4-001,IDLE,0.15,1163.321440644463,248.03160121898844,23.798420245568167,46.1973724330662,20.18901176413422,3.37935601239351,22.62900465653847,-1.503802426846538,-0.21620560902504193,48.13358607796282,-0.21620560902504193,33.24968734432523,508.8728199742551,24.752081483728478,380.0150129678001,55.11661745082379,0.0010233981515064673,5.116990757532337,322.42705098312484,0.45824650215090407,BEARING,BEARING,0.4,0.6,True
8.77,8.77,AEROTWIN-4-001,IDLE,0.15,1158.665196973866,317.83088765765626,23.849557001266845,14.228342514320836,20.569319834656262,3.4110366189126635,-9.75201393924809,-1.0909145258190251,-0.216670179920728,15.752597399981317,-0.216670179920728,33.24983019166103,508.87456580660347,24.75185889106738,380.544116621107,55.19335758649211,0.001025976978544906,5.12988489272453,322.42705098312484,0.23494247932885856,BEARING,BEARING,0.4,0.6,True
8.78,8.78,AEROTWIN-4-001,IDLE,0.15,1156.4986094899673,387.35079947608824,23.827569994916097,19.264683787081594,20.404990202867793,3.3973837993977165,-4.537690215183916,20.443533975216365,-0.7459093265835054,-0.21647043077563144,-0.21647043077563144,33.249810327704246,508.87427246014147,24.751634243594346,380.3162194062175,55.16030383023897,0.0010248650007770642,5.124325003885321,322.42705098312484,0.1462893458454118,BEARING,BEARING,0.4,0.6,True
8.790000000000001,8.790000000000001,AEROTWIN-4-001,IDLE,0.15,1164.4080988147873,456.74071604548624,23.81731319966272,40.28537772448275,20.3287509870518,3.391031033096459,16.56559570433449,42.32974376533411,-1.6116115426503939,-0.21637724910048162,-0.21637724910048162,33.249715976645255,508.87305790984794,24.751408697279242,380.21011459141664,55.144914600109885,0.001024347911625095,5.1217395581254745,322.42705098312484,0.35456854592417364,BEARING,BEARING,0.4,0.6,True
8.8,8.8,AEROTWIN-4-001,IDLE,0.15,1153.7960985077718,526.6052019743735,23.854677249579666,1.7962667693462828,20.607765371871682,3.414222867082527,-22.225721469607926,2.606233909211001,-0.3765337464190647,-0.21671669672282703,-0.21671669672282703,33.249896141916764,508.8752635044509,24.751186914837565,380.5972762133782,55.20106774743595,0.001026236623756634,5.13118311878317,322.42705098312484,0.4526243820234981,BEARING,BEARING,0.4,0.6,True
8.81,8.81,AEROTWIN-4-001,IDLE,0.15,1162.5750121392343,595.8329678848398,23.804496098050073,42.00347393893129,20.233853367838552,3.383106857025076,18.386513714067664,-0.21626080736899256,43.778008253038706,-0.21626080736899256,-1.3420126993694246,33.24970774431805,508.87286595905726,24.750960324781783,380.0777081218204,55.12571063057259,0.0010237032054926107,5.118516027463054,322.42705098312484,0.38478307674927953,BEARING,BEARING,0.4,0.6,True
8.82,8.82,AEROTWIN-4-001,IDLE,0.15,1161.59588822614,665.5874686131939,23.846037475907398,21.90110793329234,20.542932285288572,3.4088479762247705,-2.0506723282210015,-0.2166382054822583,23.655706351032958,-0.2166382054822583,-1.3213220067761013,33.249824498352524,508.8742907438548,24.750737895236064,380.5075953962855,55.18806062108646,0.001025798657196464,5.12899328598232,322.42705098312484,0.10058623424699462,BEARING,BEARING,0.4,0.6,True
8.83,8.83,AEROTWIN-4-001,IDLE,0.15,1154.12295769331,15.283221906762265,23.841417776773504,8.26305215341637,20.508344226935083,3.4059770349652614,-15.651269108483975,-0.21659623610553286,-0.21659623610553286,-0.4281954634738997,9.124440089101334,33.24990597616368,508.87526028449815,24.750515112589635,380.4596817480579,55.18111132137482,0.0010255647817463975,5.127823908731988,322.42705098312484,0.3391435005419402,BEARING,BEARING,0.4,0.6,True
8.84,8.84,AEROTWIN-4-001,IDLE,0.15,1164.4271353793229,84.53059936836087,23.806047650532474,45.21040363643192,20.24531909844348,3.3840652582133837,21.581019279775056,-0.21627490302517186,-0.21627490302517186,-1.614676920844197,47.25763036332646,33.249728703238006,508.8730029021114,24.75028897632159,380.0937255126013,55.12803376089666,0.001023781163304276,5.11890581652138,322.42705098312484,0.44088643140395156,BEARING,BEARING,0.4,0.6,True
8.85,8.85,AEROTWIN-4-001,IDLE,0.15,1155.8044147950495,154.39622749112024,23.854766911268623,5.963334122132091,20.608439197934285,3.4142786852050686,-18.05938376100726,-0.216717511287822,-0.216717511287822,-0.7024006232159273,7.099169767923662,33.24990937674128,508.87521803043546,24.75006771198071,380.59820739846975,55.20120280465925,0.0010262411727935546,5.131205863967773,322.42705098312484,0.3797028152826366,BEARING,BEARING,0.4,0.6,True
8.86,8.86,AEROTWIN-4-001,IDLE,0.15,1160.7269098966422,223.74449237882322,23.81402332573512,34.0029986011901,20.304353420920144,3.3889955479396585,10.309649632330299,-1.1219400097280556,-0.2163473610159452,35.557633332950054,-0.2163473610159452,33.2497899360852,508.87368232887246,24.749842553413725,380.1761092191195,55.13998252892265,0.0010241822750817987,5.120911375408994,322.42705098312484,0.2446648286909894,BEARING,BEARING,0.4,0.6,True
8.870000000000001,8.870000000000001,AEROTWIN-4-001,IDLE,0.15,1163.7097834479325,293.38810697262176,23.837314934424494,30.12841634186825,20.477671527562585,3.403429057424921,6.247315756880743,-1.4907437818068163,-0.21655896230669883,32.052278048288464,-0.21655896230669883,33.24984177251883,508.8742946606064,24.7496197741322,380.4171513328219,55.17494279500983,0.001025357250830026,5.12678625415013,322.42705098312484,0.1765916659693458,BEARING,BEARING,0.4,0.6,True
8.88,8.88,AEROTWIN-4-001,IDLE,0.15,1152.4342729836226,363.2106939794977,23.851387320357563,0.37985653402945724,20.583055127979257,3.4121752994845544,-23.615373893434356,0.9042513803965619,-0.09102123009521051,-0.21668680813594712,-0.21668680813594712,33.24999623400209,508.87617005842606,24.749398480639865,380.5631155891047,55.19611315881257,0.0010260697629804532,5.130348814902266,322.42705098312484,0.47733408010881245,BEARING,BEARING,0.4,0.6,True
8.89,8.89,AEROTWIN-4-001,IDLE,0.15,1163.461255403489,432.35675035851506,23.798027657600795,46.66008927228388,20.18611752190578,3.3791137760337464,23.09485797434435,48.63773608536599,-1.5452427282551284,-0.2162020424134893,-0.2162020424134893,33.24975984866449,508.87316620967266,24.749172070000874,380.0109635225824,55.116030127388306,0.0010233784530561973,5.1168922652809865,322.42705098312484,0.46634858544324725,BEARING,BEARING,0.4,0.6,True
8.9,8.9,AEROTWIN-4-001,IDLE,0.15,1157.6417637986106,502.1644256827244,23.850216030902487,11.797396275064742,20.574264413542917,3.4114465771978284,-12.188314715676004,13.227563308737802,-0.9968146994314308,-0.21667616712081395,-0.21667616712081395,33.249906675613275,508.8749633067466,24.748950864483408,380.5509569509632,55.1943496942538,0.0010260103829001419,5.13005191450071,322.42705098312484,0.2774995550270593,BEARING,BEARING,0.4,0.6,True
8.91,8.91,AEROTWIN-4-001,IDLE,0.15,1157.4293794039859,571.622931510641,23.82272704483017,23.318525323974274,20.368959223304916,3.394382936595882,-0.4448168359265239,-0.21642643319251453,24.60246445441466,-0.21642643319251453,-0.8510862640553539,33.24985059143971,508.8742214085631,24.748727060240416,380.26610351439535,55.15303512152087,0.0010246207171782022,5.123103585891011,322.42705098312484,0.07523333974710991,BEARING,BEARING,0.4,0.6,True
8.92,8.92,AEROTWIN-4-001,IDLE,0.15,1164.1916672701575,641.0686942748802,23.82172156572968,37.91814879035003,20.361486009441798,3.3937601930255847,14.162902587882648,-0.21641729854327982,39.94391919509485,-0.21641729854327982,-1.5929358076582594,33.24978784838694,508.8734070359507,24.748503258993043,380.25570227897856,55.151526547138495,0.001024570028830868,5.122850144154341,322.42705098312484,0.3130912654305398,BEARING,BEARING,0.4,0.6,True
8.93,8.93,AEROTWIN-4-001,IDLE,0.15,1153.0861955586793,710.9201943110896,23.853657773169438,0.7544479409160487,20.600105246553706,3.4135882566486204,-23.259245562286278,-0.21670743490982072,1.4443523720304157,-0.21670743490982072,-0.25648956129472544,33.249959653562584,508.8755111460249,24.748282697230227,380.5866891190984,55.1995322164558,0.001026184905701684,5.13092452850842,322.42705098312484,0.47083219947024574,BEARING,BEARING,0.4,0.6,True
8.94,8.94,AEROTWIN-4-001,IDLE,0.15,1162.807352328915,60.10536604461038,23.801124995392392,43.94993066444582,20.208962222406367,3.3810253128614196,20.359943129178035,-0.21623018133181574,-0.21623018133181574,-1.4059450147946169,45.788336041904074,33.249746099937255,508.8728031654709,24.748057090213578,380.042916947636,55.12066458825123,0.00102353390578889,5.11766952894445,322.42705098312484,0.41888501073155326,BEARING,BEARING,0.4,0.6,True
8.950000000000001,8.950000000000001,AEROTWIN-4-001,IDLE,0.15,1160.4879762296039,129.87380718434525,23.847133206294767,19.10298339096996,20.551144100732646,3.409529233242269,-4.857689943004955,-0.21664816005290977,-0.21664816005290977,-1.2470132323047132,20.78329294338049,33.24987044186638,508.87432909447506,24.7478360873143,380.5189638305845,55.189709476060315,0.0010258541605441237,5.129270802720619,322.42705098312484,0.14957920469018635,BEARING,BEARING,0.4,0.6,True
8.96,8.96,AEROTWIN-4-001,IDLE,0.15,1154.7868538968,199.50308575812147,23.836186353026125,11.931567582676372,20.469241807322703,3.402728467322062,-11.940402691968393,-0.5422232853836406,-0.21654870928880726,12.906888286637626,-0.21654870928880726,33.24991306106905,508.87482285692585,24.747614107198046,380.40545608387674,55.17324653949331,0.001025300194043988,5.12650097021994,322.42705098312484,0.2748214285991633,BEARING,BEARING,0.4,0.6,True
8.97,8.97,AEROTWIN-4-001,IDLE,0.15,1164.4214877526606,268.7902969919295,23.809197908367707,43.83335944478808,20.268617580169,3.3860119035533063,20.178729961065773,-1.6219148515354527,-0.21630352271533718,45.8878813417542,-0.21630352271533718,33.249758545230144,508.87286093717273,24.747389587079343,380.1262562557091,55.13275195481554,0.0010239395209216376,5.119697604608188,322.42705098312484,0.4167517984538814,BEARING,BEARING,0.4,0.6,True
8.98,8.98,AEROTWIN-4-001,IDLE,0.15,1155.0115841535328,338.6555862570891,23.854740311237613,4.314445404563736,20.60823929107039,3.4142621254987984,-19.708056012005454,-0.5915948080605605,-0.21671726962993693,5.339474751884171,-0.21671726962993693,33.249938667039565,508.8750771942088,24.74716963877628,380.5979311417064,55.20116273693081,0.001026239823217411,5.131199116087055,322.42705098312484,0.4085577412889168,BEARING,BEARING,0.4,0.6,True
8.99,8.99,AEROTWIN-4-001,IDLE,0.15,1161.4598353270665,407.9562813063011,23.810263925123127,37.16836372430739,20.276507200375537,3.386670847081991,13.505185676849862,38.80580177044493,-1.204811631454669,-0.21631320734143664,-0.21631320734143664,33.24979158223006,508.8732052289908,24.74694542327061,380.13726713300196,55.13434895043634,0.0010239931297126182,5.119965648563092,322.42705098312484,0.3001020741534248,BEARING,BEARING,0.4,0.6,True
9.0,9.0,AEROTWIN-4-001,IDLE,0.15,1163.0563438902975,477.6438714259251,23.84077558491746,27.252838216804765,20.503540394014987,3.4055781070295805,3.3437197157601974,29.125016259265234,-1.4389972387114212,-0.21659040187452447,-0.21659040187452447,33.24986874524556,508.8741435991205,24.746724298649344,380.453023329895,55.180145597721314,0.0010255322871850008,5.127661435925004,322.42705098312484,0.1262293280875541,BEARING,BEARING,0.4,0.6,True
9.01,9.01,AEROTWIN-4-001,IDLE,0.15,1152.8144635653439,547.427252059343,23.848307254235205,2.5196615854329796,20.559946262681393,3.4102593146316447,-21.45054399188006,-0.21665882612853027,3.1630309315458036,-0.21665882612853027,-0.2100516938557634,33.25000024878727,508.8757427279526,24.74650401709221,380.5311465142689,55.19147642813654,0.0010259136443109807,5.129568221554903,322.42705098312484,0.43981497339665276,BEARING,BEARING,0.4,0.6,True
9.02,9.02,AEROTWIN-4-001,IDLE,0.15,1163.807142436423,616.5961198732637,23.79983415649791,46.602679950132476,20.199438607319983,3.3802285530430125,23.02301278976948,-0.21621845422529123,48.61258212985923,-0.21621845422529123,-1.5774652712761663,33.2497768772532,508.8729125012818,24.74627908682968,380.029598676639,55.11873293286237,0.001023469108259674,5.11734554129837,322.42705098312484,0.4653230404180594,BEARING,BEARING,0.4,0.6,True
9.03,9.03,AEROTWIN-4-001,IDLE,0.15,1156.925712461398,686.424548419449,23.851846104796355,9.58652686974272,20.586499335948382,3.41246077094869,-14.412433237154353,-0.21669097613398972,10.918690930034497,-0.21669097613398972,-0.8987821080237979,33.249935486018806,508.8748641783654,24.746059357274603,380.5678785023929,55.19680396223006,0.0010260930254092303,5.130465127046151,322.42705098312484,0.31622815271285937,BEARING,BEARING,0.4,0.6,True
9.040000000000001,9.040000000000001,AEROTWIN-4-001,IDLE,0.15,1158.593913267063,35.84009116713287,23.819336448661044,27.22992381920465,20.343768857594874,3.392283364416674,3.493871597193102,-0.21639563005927542,-0.21639563005927542,-0.950287968489807,28.613003047813006,33.24985437055173,508.8738178792469,24.74583652963507,380.23103435274686,55.1479487604537,0.0010244498299617683,5.122249149808842,322.42705098312484,0.12607479454558634,BEARING,BEARING,0.4,0.6,True
9.05,9.05,AEROTWIN-4-001,IDLE,0.15,1164.1077305357203,105.35572596315663,23.82723279561452,35.34776622530848,20.4024795576886,3.3971747846527443,11.548111882967138,-0.21646736736303482,-0.21646736736303482,-1.565546635430351,37.34624759546491,33.2498317589514,508.87351268080874,24.74561457653331,380.31272904361316,55.15979759502756,0.0010248479845592017,5.124239922796009,322.42705098312484,0.26804614958118905,BEARING,BEARING,0.4,0.6,True
9.06,9.06,AEROTWIN-4-001,IDLE,0.15,1152.643572228217,175.20218979529986,23.853262354181915,0.0,20.597134871006602,3.413342141288898,-24.0104770122955,-0.21670384257881153,-0.21670384257881153,-0.13593792741367847,0.552324295770044,33.25000013109279,508.87557817687525,24.745395289204282,380.582583113897,55.19893668967339,0.0010261648488909699,5.13082424445485,322.42705098312484,0.484025725585445,BEARING,BEARING,0.4,0.6,True
9.07,9.07,AEROTWIN-4-001,IDLE,0.15,1163.0558710379103,244.36080412899287,23.799022218882325,45.38064549262996,20.193450387481974,3.3797274734716845,21.8074676316763,-1.4619167059081242,-0.2162110778757329,47.27498435428955,-0.2162110778757329,33.2497708895724,508.8726788248369,24.74517077994562,380.0212225391951,55.117518074639776,0.001023428358985888,5.11714179492944,322.42705098312484,0.44394682204077573,BEARING,BEARING,0.4,0.6,True
9.08,9.08,AEROTWIN-4-001,IDLE,0.15,1159.4541521555254,314.1441563912675,23.84830502484327,16.426765085666432,20.559929544974217,3.4102579281560312,-7.543422387463817,-1.1660410576702718,-0.2166588058747892,18.02612375508628,-0.2166588058747892,33.24990354262483,508.8743143703751,24.744951204012633,380.53112337899506,55.19147307264269,0.0010259135313445975,5.129567656722988,322.42705098312484,0.19644060965995083,BEARING,BEARING,0.4,0.6,True
9.09,9.09,AEROTWIN-4-001,IDLE,0.15,1155.6264400399848,383.711405520599,23.83130085912342,15.81574351407888,20.432787885424798,3.399697136813582,-8.0167415081595,16.901723868198165,-0.652971703718192,-0.21650432520054746,-0.21650432520054746,33.24991004795561,508.8743654334681,24.74473005150483,380.3548472412362,55.165906334174416,0.0010250533480480693,5.125266740240346,322.42705098312484,0.20673348534583888,BEARING,BEARING,0.4,0.6,True
9.1,9.1,AEROTWIN-4-001,IDLE,0.15,1164.4068844989738,453.0489919229981,23.813179607808767,42.076294403887445,20.298100833443442,3.3884736987021586,18.389719871741846,44.12922466726996,-1.620250871489864,-0.21633969594632166,-0.21633969594632166,33.24978447021375,508.87277477193425,24.74450722273488,380.1673904050942,55.13871796957405,0.0010241398132875851,5.1206990664379255,322.42705098312484,0.38595723304059504,BEARING,BEARING,0.4,0.6,True
9.11,9.11,AEROTWIN-4-001,IDLE,0.15,1154.3090238613888,522.9134049929365,23.85467153014263,2.873031832339597,20.607722389823806,3.414219306522597,-21.148909864006807,3.784027390157502,-0.4775622682929615,-0.2167166447624719,-0.2167166447624719,33.24996377655692,508.87498692456404,24.744288578535677,380.59721681428096,55.20105913230968,0.0010262363335804664,5.131181667902332,322.42705098312484,0.4337808587034136,BEARING,BEARING,0.4,0.6,True
9.120000000000001,9.120000000000001,AEROTWIN-4-001,IDLE,0.15,1162.096414089493,592.1719464246198,23.806930710984883,39.94633025835955,20.25184747148023,3.384610832712988,16.309871954166336,-0.21628292551662082,41.660136946131,-0.21628292551662082,-1.2812408367382064,33.249792219510304,508.8728161188191,24.744065338914393,380.102843084331,55.12935615526521,0.0010238255432723528,5.119127716361764,322.42705098312484,0.34875495317172406,BEARING,BEARING,0.4,0.6,True
9.13,9.13,AEROTWIN-4-001,IDLE,0.15,1162.3052971922048,661.8977312699894,23.843779778599885,24.37095032155111,20.526021920810333,3.4074446534488207,0.43748374729195616,-0.216617694590513,26.183486877333078,-0.216617694590513,-1.379301166600941,33.24989140074447,508.8740370361727,24.743845817926672,380.48417610214983,55.18466393350361,0.0010256843331238924,5.128421665619462,322.42705098312484,0.0757618282849892,BEARING,BEARING,0.4,0.6,True
9.14,9.14,AEROTWIN-4-001,IDLE,0.15,1153.4417865165494,11.636049101521735,23.844765245136916,5.377765338771899,20.533401557179335,3.4080571306950294,-18.563693349102465,-0.21662664742816418,-0.21662664742816418,-0.32769254749464416,6.138711181122871,33.24999663066391,508.8753169519222,24.743626493979242,380.49439764053784,55.186146444988324,0.0010257342283984386,5.128671141992193,322.42705098312484,0.38971478738850285,BEARING,BEARING,0.4,0.6,True
9.15,9.15,AEROTWIN-4-001,IDLE,0.15,1164.1626463378145,80.84255629251471,23.802813805577596,46.05721256532213,20.221428302214413,3.3820679600062857,22.453716303101434,-0.2162455239566981,-0.2162455239566981,-1.6011706456466392,48.09087425888217,33.24979486184838,508.8727662223455,24.74340315163395,380.0603444100697,55.123192232547694,0.0010236187053606649,5.1180935268033245,322.42705098312484,0.45574293284511086,BEARING,BEARING,0.4,0.6,True
9.16,9.16,AEROTWIN-4-001,IDLE,0.15,1156.307672258598,150.69231507278357,23.853521060776607,7.561162143730004,20.599078221835992,3.4135031628306276,-16.451419240936616,-0.21670619289518914,-0.21670619289518914,-0.7955816608892303,8.790156190409613,33.24996557743037,508.87487391521734,24.74318489549209,380.5852694839667,55.19932631541557,0.0010261779710711333,5.130889855355667,322.42705098312484,0.35171148105396777,BEARING,BEARING,0.4,0.6,True
9.17,9.17,AEROTWIN-4-001,IDLE,0.15,1159.7728096212047,220.07077540829943,23.816408494103516,30.969876909073868,20.322039011817463,3.3904711758933166,7.257366721363089,-1.0446297622847773,-0.21636902996600135,32.447244731290645,-0.21636902996600135,33.24986280620161,508.87356249830486,24.742963081054157,380.20076187081264,55.143558100218925,0.0010243023514237744,5.1215117571188715,322.42705098312484,0.19155770664472518,BEARING,BEARING,0.4,0.6,True
9.18,9.18,AEROTWIN-4-001,IDLE,0.15,1163.953807796051,289.6571439855717,23.832807125588424,32.601314269780794,20.444020679964762,3.4006314893032252,8.756662100512806,-1.529248981023545,-0.21651800943904145,34.56359926968242,-0.21651800943904145,33.24988080284886,508.8737689256849,24.74274297779474,380.3704474582301,55.16816895844678,0.001025129428860462,5.12564714430231,322.42705098312484,0.21991915628789702,BEARING,BEARING,0.4,0.6,True
9.19,9.19,AEROTWIN-4-001,IDLE,0.15,1152.4924654937672,359.49437245333473,23.85253717237733,0.0,20.591688368511125,3.412890816243943,-24.00457918475507,-0.014342244736440229,-0.21669725439471793,0.01886311028001667,-0.21669725439471793,33.250043255439394,508.8757620487411,24.742524924276747,380.5750533894205,55.197844593494764,0.0010261280696103442,5.130640348051721,322.42705098312484,0.4840086470474146,BEARING,BEARING,0.4,0.6,True
9.200000000000001,9.200000000000001,AEROTWIN-4-001,IDLE,0.15,1163.3443357599162,428.6439203829608,23.79830419592628,46.29554452396351,20.18815618134891,3.3792844053852864,22.728103937229314,48.23814554076651,-1.510191907345278,-0.21620455472886416,-0.21620455472886416,33.24980831293923,508.87279333987703,24.74230163925434,380.0138159254025,55.11644383418853,0.0010233923284553026,5.116961642276513,322.42705098312484,0.45996585532865025,BEARING,BEARING,0.4,0.6,True
9.21,9.21,AEROTWIN-4-001,IDLE,0.15,1158.5182857434825,498.4445805285558,23.84966492420456,13.873577717203185,20.570129484629465,3.411103750897407,-10.107655518323687,15.384876666365146,-1.0779566283882893,-0.21667116038683606,-0.21667116038683606,33.24995051185751,508.87454965027723,24.74208350164443,380.5452367583288,55.1935200489545,0.0010259824485572236,5.129912242786118,322.42705098312484,0.24115340420674466,BEARING,BEARING,0.4,0.6,True
9.22,9.22,AEROTWIN-4-001,IDLE,0.15,1156.6293011977896,567.9556776731647,23.826875028801023,19.84048914231722,20.399816090141133,3.396953033171754,-3.9562799809956664,-0.21646411709721872,21.03448638007994,-0.21646411709721872,-0.7610690035682803,33.24992414819368,508.8741937457675,24.741863212961263,380.30902594175205,55.15926050453984,0.0010248299316669167,5.124149658334583,322.42705098312484,0.13619642181022595,BEARING,BEARING,0.4,0.6,True
9.23,9.23,AEROTWIN-4-001,IDLE,0.15,1164.384176101082,637.3534357450321,23.81793237362879,39.96653206162772,20.33334580330182,3.39141424119836,16.241772017127538,-0.21638287421689878,42.00882207094201,-0.21638287421689878,-1.6095242608804974,33.249832950989685,508.87303717406525,24.741642145508173,380.2165161141899,55.145843064169874,0.001024379097355067,5.121895486775335,322.42705098312484,0.34898161299372754,BEARING,BEARING,0.4,0.6,True
9.24,9.24,AEROTWIN-4-001,IDLE,0.15,1153.6951581972553,707.216486311097,23.85456457245205,1.634044584139756,20.606918609285035,3.4141527220223384,-22.387026747167617,-0.21671567306551076,2.427117592029534,-0.21671567306551076,-0.3596416617587563,33.25001089189474,508.8752330344712,24.741424793731955,380.59610601502146,55.20089802420668,0.0010262309071324856,5.131154535662429,322.42705098312484,0.45546061623899076,BEARING,BEARING,0.4,0.6,True
9.25,9.25,AEROTWIN-4-001,IDLE,0.15,1162.6220458748526,56.43819580293234,23.804016873099698,42.30955390543557,20.230313189285425,3.3828108845763034,18.69642983157384,-0.21625645367151236,-0.21625645367151236,-1.3515325033451497,44.09359931612374,33.24981766518685,508.87279299069394,24.74120256216928,380.07276146462164,55.12499317730579,0.0010236791315971102,5.118395657985551,322.42705098312484,0.39014501053176903,BEARING,BEARING,0.4,0.6,True
9.26,9.26,AEROTWIN-4-001,IDLE,0.15,1161.4499237854166,126.1955185554235,23.84625930521737,21.498693632705205,20.54459450988587,3.4089858863405067,-2.4548867635211704,-0.2166402207732132,-0.2166402207732132,-1.3112255046977759,23.243199578949408,33.249934738414474,508.8742397570158,24.740984586491212,380.5098967994825,55.18839441200334,0.0010258098928152834,5.1290494640764175,322.42705098312484,0.1076337056553412,BEARING,BEARING,0.4,0.6,True
9.27,9.27,AEROTWIN-4-001,IDLE,0.15,1154.219507291816,195.88251398254852,23.840728798274622,8.765390606081757,20.50319045367046,3.4055490448715773,-15.14334889246028,-0.4445493465565655,-0.21658997682384865,9.643119906286021,-0.21658997682384865,33.25000985487477,508.8751480161413,24.740766162389612,380.4525382537317,55.18007524324474,0.0010255299199666845,5.127649599833423,322.42705098312484,0.3303363684710627,BEARING,BEARING,0.4,0.6,True
9.28,9.28,AEROTWIN-4-001,IDLE,0.15,1164.4405287697166,265.1356844200575,23.806505885194788,45.039912216265705,20.248706535073257,3.384348356422133,21.406857324770314,-1.6162507053336954,-0.21627906602856534,47.08872105365653,-0.21627906602856534,33.24983467295625,508.8729348188628,24.740544471361805,380.09845665059476,55.128719955688965,0.0010238041918464245,5.119020959232123,322.42705098312484,0.4378975414592059,BEARING,BEARING,0.4,0.6,True
9.290000000000001,9.290000000000001,AEROTWIN-4-001,IDLE,0.15,1155.6996432645785,335.0021161462405,23.854829992998617,5.716363446623269,20.608913282487254,3.4143179566768116,-18.306867792540796,-0.6868632432869965,-0.21671808437728385,6.836662858664834,-0.21671808437728385,33.25001454703518,508.87515738929255,24.740327645179097,380.5988625424534,55.201297825432356,0.001026244373329355,5.131221866646775,322.42705098312484,0.3840262879702399,BEARING,BEARING,0.4,0.6,True
9.3,9.3,AEROTWIN-4-001,IDLE,0.15,1160.8495598986647,404.3440947421152,23.81352665298204,34.475321001596555,20.300672483666098,3.388688341767254,10.785960176163202,36.04212871311186,-1.1341220139004868,-0.21634284880740542,-0.21634284880740542,33.24989025154462,508.8735783016736,24.74010683977862,380.1709765939731,55.139238103236664,0.0010241572781814557,5.120786390907278,322.42705098312484,0.25293619700412384,BEARING,BEARING,0.4,0.6,True
9.31,9.31,AEROTWIN-4-001,IDLE,0.15,1163.6355386828905,473.99506833603505,23.837894182332263,29.7207283728639,20.481999365795996,3.4037886860138826,5.83494032105402,31.63772315829462,-1.4838663360307673,-0.21656422469997466,-0.21656422469997466,33.24994513514535,508.87424579837403,24.73988853364103,380.4231545789919,55.175813493827825,0.0010253865403228298,5.126932701614149,322.42705098312484,0.16945047630226595,BEARING,BEARING,0.4,0.6,True
9.32,9.32,AEROTWIN-4-001,IDLE,0.15,1152.4800022757267,543.8132006570085,23.851037434532117,0.6282855977977964,20.580428811066852,3.4119576024633584,-23.364100815732414,-0.21668362946790115,1.1697299713470863,-0.21668362946790115,-0.10807711461348773,33.25009579206288,508.8760905985645,24.73967162893025,380.5594833965555,55.19558635286962,0.0010260520236149723,5.130260118074862,322.42705098312484,0.4729783326557382,BEARING,BEARING,0.4,0.6,True
9.33,9.33,AEROTWIN-4-001,IDLE,0.15,1163.5169263241423,612.9620007935521,23.79824497010911,46.68264708231274,20.18771954850421,3.3792478613213333,23.1156796724872,-0.21620401666987793,48.665417323626244,-0.21620401666987793,-1.55036220797375,33.249859800135276,508.87310833457565,24.739449624479814,380.0132050224335,55.11635523004371,0.0010233893567178957,5.116946783589479,322.42705098312484,0.46674083478779366,BEARING,BEARING,0.4,0.6,True
9.34,9.34,AEROTWIN-4-001,IDLE,0.15,1157.5402915390614,682.7730163730006,23.850478421681903,11.470408583177761,20.576233392981493,3.411609812862815,-12.517434622666547,-0.2166785509075393,12.88690264353424,-0.2166785509075393,-0.9831369585414003,33.25000736459898,508.87493073749306,24.7392328637475,380.55368056229617,55.19474472139431,0.0010260236839580079,5.13011841979004,322.42705098312484,0.2832280177392443,BEARING,BEARING,0.4,0.6,True
9.35,9.35,AEROTWIN-4-001,IDLE,0.15,1157.6003171922096,32.22543386534426,23.822246670451737,23.885191365108536,20.365388526745665,3.394085404391082,0.12571743397178903,-0.21642206905262718,-0.21642206905262718,-0.8655560196122436,25.183591522826035,33.249946585806605,508.87414616542964,24.739013410076897,380.2611340968033,55.152314367132156,0.0010245964992332897,5.122982496166449,322.42705098312484,0.06750846513448994,BEARING,BEARING,0.4,0.6,True
9.36,9.36,AEROTWIN-4-001,IDLE,0.15,1164.1900451178524,101.68145289687683,23.82253083906179,37.56325602763109,20.36750072526277,3.3942614087986427,13.80149389356968,-0.216424650688163,-0.216424650688163,-1.5895661293733845,39.5856714583808,33.24988859848847,508.8734069329477,24.73879408368559,380.26407375347463,55.152740729056454,0.0010246108252415084,5.123054126207542,322.42705098312484,0.30687132542482204,BEARING,BEARING,0.4,0.6,True
9.370000000000001,9.370000000000001,AEROTWIN-4-001,IDLE,0.15,1153.023704083981,171.532855603948,23.85365013158004,0.6269013666230308,20.600047839365754,3.41358350024964,-23.386729972992363,-0.21670736548695682,-0.21670736548695682,-0.23931359596044974,1.299629693557394,33.250059146109336,508.8755103503888,24.73857793622136,380.5866097674444,55.199520707450596,0.001026184518083026,5.13092259041513,322.42705098312484,0.47306408454370485,BEARING,BEARING,0.4,0.6,True
9.38,9.38,AEROTWIN-4-001,IDLE,0.15,1162.8588700827122,240.71427784898685,23.800828158203412,44.18633741071059,20.20677183345683,3.380842078287451,20.59872349896631,-1.4144378150564527,-0.21622748460385807,46.033230194974756,-0.21622748460385807,33.24984226780038,508.8727756076651,24.73835667730556,380.0398541382819,55.12022036450813,0.001023519003709286,5.11759501854643,322.42705098312484,0.42302555880270676,BEARING,BEARING,0.4,0.6,True
9.39,9.39,AEROTWIN-4-001,IDLE,0.15,1160.351835339228,310.4858100539496,23.847376141352164,18.71192416579864,20.552965162895095,3.409680291186004,-5.2507212882824605,-1.235828049403115,-0.21665036708688498,20.381052949375523,-0.21665036708688498,33.24996724809202,508.8743243046518,24.738140105125648,380.52148453912946,55.19007507458626,0.0010258664678490772,5.129332339245386,322.42705098312484,0.1564284595933709,BEARING,BEARING,0.4,0.6,True
9.4,9.4,AEROTWIN-4-001,IDLE,0.15,1154.9141024320381,380.1069201743033,23.835543213901563,12.478007565231827,20.46443945279039,3.4023292813824084,-11.388761168940972,13.469405417288483,-0.5583121191526825,-0.21654286645198537,-0.21654286645198537,33.25000401055902,508.8747598407523,24.73792245846805,380.39879208761306,55.17228000680322,0.0010252676850397585,5.126338425198792,322.42705098312484,0.2652436050571299,BEARING,BEARING,0.4,0.6,True
9.41,9.41,AEROTWIN-4-001,IDLE,0.15,1164.4366518311508,449.4017663202256,23.809801538639828,43.60345055404423,20.27308471449932,3.386385015745891,19.94398082379902,45.65829768718099,-1.6222291198982104,-0.21630900661927968,-0.21630900661927968,33.24985279654838,508.8728540314901,24.737702374272462,380.13249097396175,55.13365622588147,0.001023969875439815,5.119849377199076,322.42705098312484,0.41272142818585944,BEARING,BEARING,0.4,0.6,True
9.42,9.42,AEROTWIN-4-001,IDLE,0.15,1154.921350658709,519.2679654300946,23.85481173301266,4.094282465844854,20.60877605030456,3.4143065888992097,-19.928800173358916,5.1031008061139325,-0.5753825032937918,-0.2167179184876431,-0.2167179184876431,33.25003232007435,508.875076960059,24.73748683889551,380.59867290033696,55.20127032011907,0.001026243446880487,5.131217234402436,322.42705098312484,0.4124122750259803,BEARING,BEARING,0.4,0.6,True
9.43,9.43,AEROTWIN-4-001,IDLE,0.15,1161.5743791438101,588.5632464696171,23.80983592041323,37.593815726492515,20.273339182557375,3.3864062686565073,13.934070275278632,-0.21630931897330072,39.24266601656956,-0.21630931897330072,-1.2162316521304408,33.249881020148635,508.873166329197,24.7372669548166,380.132846106732,55.1337077336282,0.0010239716044904731,5.119858022452366,322.42705098312484,0.3075524220293344,BEARING,BEARING,0.4,0.6,True
9.44,9.44,AEROTWIN-4-001,IDLE,0.15,1162.969955530086,658.2577092182457,23.841316254743806,26.836387050084955,20.50758473461101,3.405913967041897,2.9228883484320463,-0.21659531379085678,28.70045025338128,-0.21659531379085678,-1.4308725757146128,33.249961081132064,508.8741547620287,24.73705027609386,380.4586291056437,55.18095864822435,0.0010255596445130416,5.1277982225652075,322.42705098312484,0.11893522918316393,BEARING,BEARING,0.4,0.6,True
9.450000000000001,9.450000000000001,AEROTWIN-4-001,IDLE,0.15,1152.908829223482,8.035906550050868,23.847899939591123,2.89492446261975,20.55689211300102,3.410006010729702,-21.071973661110974,-0.21665512572700024,-0.21665512572700024,-0.22715260099994064,3.555387315073691,33.25008849279629,508.87571658820514,24.73683434945765,380.5269197551555,55.190863387448246,0.0010258930059369063,5.129465029684532,322.42705098312484,0.4332382845302519,BEARING,BEARING,0.4,0.6,True
9.46,9.46,AEROTWIN-4-001,IDLE,0.15,1163.876330731153,77.21043630345979,23.800282461755472,46.553532354668356,20.202745663907827,3.3805052476041464,22.97028144315638,-0.2162225270213105,-0.2162225270213105,-1.581434847626149,48.56741225633712,33.24986731984671,508.87292745745293,24.736613823494817,380.0342238469282,55.119403758310774,0.0010234916104345149,5.117458052172575,322.42705098312484,0.4644577764137484,BEARING,BEARING,0.4,0.6,True
9.47,9.47,AEROTWIN-4-001,IDLE,0.15,1156.8477924749527,147.04301614732896,23.85217212024999,9.281074682922492,20.58894714206711,3.4126636416245657,-14.720536100769182,-0.2166939379427559,-0.2166939379427559,-0.8841262674809879,10.598588826288992,33.25002724813573,508.87490841275854,24.736398520252557,380.57126322462136,55.19729487557263,0.0010261095571348564,5.130547785674282,322.42705098312484,0.3215812432744909,BEARING,BEARING,0.4,0.6,True
9.48,9.48,AEROTWIN-4-001,IDLE,0.15,1158.7829761938415,216.4538836958261,23.81896737830896,27.786122801801817,20.34102860764676,3.3920548910834887,4.053039303071569,-0.9643125583785274,-0.2163922771022547,29.183219914384853,-0.2163922771022547,33.24994235828536,508.8738276135003,24.73618002593173,380.22721789998747,55.14739522977838,0.001024431235544864,5.12215617772432,322.42705098312484,0.1358125278493393,BEARING,BEARING,0.4,0.6,True
9.49,9.49,AEROTWIN-4-001,IDLE,0.15,1164.107129253799,285.9808622674566,23.828127096582456,34.95774801928769,20.40913878001297,3.3977291461077885,11.150880093166933,-1.5608213795445316,-0.216475491973132,36.95152038277849,-0.216475491973132,33.249925227556325,508.8736031986744,24.73596253428538,380.3219862987605,55.161140248799626,0.001024893116481164,5.124465582405819,322.42705098312484,0.2612105455667293,BEARING,BEARING,0.4,0.6,True
9.5,9.5,AEROTWIN-4-001,IDLE,0.15,1152.642981947373,355.8272900226845,23.853259521503073,0.0,20.597113593454175,3.4133403782382223,-24.010453971692396,-0.1182604204438453,-0.216703816844286,0.4477884998107323,-0.216703816844286,33.25009246441956,508.87566617410204,24.735747635482543,380.5825537002602,55.198932423578334,0.0010261647052148383,5.130823526074192,322.42705098312484,0.4840256588717673,BEARING,BEARING,0.4,0.6,True
9.51,9.51,AEROTWIN-4-001,IDLE,0.15,1163.1349629662375,424.9858689395269,23.799019414166008,45.547509107922295,20.193429704932452,3.3797257426778526,21.97435366031199,47.44941535067548,-1.4694841379626986,-0.2162110523952433,-0.2162110523952433,33.24986211054018,508.8727643691555,24.73552747589485,380.0211936064995,55.11751387829947,0.0010234282182348523,5.117141091174262,322.42705098312484,0.4468669677284803,BEARING,BEARING,0.4,0.6,True
9.52,9.52,AEROTWIN-4-001,IDLE,0.15,1159.348779351255,494.77396671750114,23.848677914411844,16.043451354277046,20.562725936455646,3.4104898378022894,-7.92976441998089,17.630324516905706,-1.15354877557085,-0.2166621935289041,-0.2166621935289041,33.24999641605892,508.87443167262643,24.735312318530216,380.5349930878166,55.19203432747074,0.0010259324268670042,5.129662134335021,322.42705098312484,0.2031573783787811,BEARING,BEARING,0.4,0.6,True
9.53,9.53,AEROTWIN-4-001,IDLE,0.15,1155.8034339000628,564.3348934785764,23.830802692145095,16.40310815222984,20.429074133884033,3.3993881676143163,-7.425354149268508,-0.21649979941716216,17.505204709647483,-0.21649979941716216,-0.6690969585833167,33.24999817853162,508.87443464338986,24.735095484587735,380.34968841427036,55.165158108228944,0.001025028190823415,5.125140954117076,322.42705098312484,0.1964428943528016,BEARING,BEARING,0.4,0.6,True
9.540000000000001,9.540000000000001,AEROTWIN-4-001,IDLE,0.15,1164.4418488082938,633.6830995125802,23.814018675950937,41.7855655056427,20.30431895759785,3.3889926718053403,18.09225387623951,-0.21634731877324964,43.83751372190983,-0.21634731877324964,-1.6192535787206277,33.24987765144387,508.8729181061194,24.734877092033667,380.17606116674267,55.13997555950203,0.00102418204105287,5.120910205264351,322.42705098312484,0.380859803125506,BEARING,BEARING,0.4,0.6,True
9.55,9.55,AEROTWIN-4-001,IDLE,0.15,1154.249190830165,703.5496104410778,23.854836210233834,2.6758288855313572,20.608960008061153,3.4143218272320754,-21.347452949761873,-0.21671814086007188,3.5695501653908397,-0.21671814086007188,-0.4602849981393387,33.250057058731315,508.87514166009856,24.734662844072023,380.59892711267895,55.20130719056873,0.001026244688771243,5.131223443856216,322.42705098312484,0.4372357892344086,BEARING,BEARING,0.4,0.6,True
9.56,9.56,AEROTWIN-4-001,IDLE,0.15,1162.2192247822509,52.804561890887726,23.80664675981752,40.32658350537181,20.249748037113243,3.3844353931024083,16.692400075156158,-0.2162803458565241,-0.2162803458565241,-1.292131327154511,42.051275524239365,33.24988233891943,508.8729413432376,24.734443921960807,380.09991119191136,55.12893091945244,0.0010238112719028144,5.119056359514072,322.42705098312484,0.35541266277616435,BEARING,BEARING,0.4,0.6,True
9.57,9.57,AEROTWIN-4-001,IDLE,0.15,1162.2200205429563,122.53771537782278,23.844359192252117,23.939831932718608,20.53036054218688,3.407804753207627,0.0016666373241007726,-0.21662295848955612,-0.21662295848955612,-1.3696597128433112,25.74273756254103,33.24998469758295,508.8742117631348,24.734228827036628,380.49018579604547,55.185535567486845,0.00102571366831263,5.12856834156315,322.42705098312484,0.06821061205759367,BEARING,BEARING,0.4,0.6,True
9.58,9.58,AEROTWIN-4-001,IDLE,0.15,1153.5866111054843,192.27091661040015,23.844362946431062,5.85642529979393,20.53038865609075,3.4078070864998806,-18.0817704427967,-0.3452987988317299,-0.21662299259579246,6.634970083817245,-0.21662299259579246,33.25008586496427,508.8754507635748,24.734013830154762,380.49022473587456,55.18554121524178,0.0010257138583942304,5.128569291971153,322.42705098312484,0.38132877056493597,BEARING,BEARING,0.4,0.6,True
9.59,9.59,AEROTWIN-4-001,IDLE,0.15,1164.2460157116495,261.4861132767292,23.803501494044134,45.93400398077983,20.22650657131962,3.3824926078799655,22.325004801580242,-1.6040150935106305,-0.21625177151860317,47.97052261732766,-0.21625177151860317,33.249888018873925,508.8729587563878,24.733794892048174,380.0674419346925,55.124221643323935,0.0010236532440146223,5.118266220073112,322.42705098312484,0.4535788392646726,BEARING,BEARING,0.4,0.6,True
9.6,9.6,AEROTWIN-4-001,IDLE,0.15,1156.2507641210339,331.3408742194282,23.85391379091334,7.270560498743703,20.602028657928646,3.413747614602178,-16.745215773787123,-0.7795011547339689,-0.21670976079833223,8.483481175074337,-0.21670976079833223,33.250060513558054,508.8750973656402,24.733581044186582,380.58934769682674,55.199917811252355,0.001026197892507379,5.130989462536895,322.42705098312484,0.3568062595733823,BEARING,BEARING,0.4,0.6,True
9.61,9.61,AEROTWIN-4-001,IDLE,0.15,1159.9790290594287,400.7159200666902,23.816138825078642,31.51880288664817,20.320038746730805,3.390304312518876,7.808459827398489,33.01007010476557,-1.0585340580027043,-0.21636658005734538,-0.21636658005734538,33.249954655965986,508.87375597326536,24.73336354507828,380.1979742671858,55.1431537917641,0.0010242887726839233,5.121443863419617,322.42705098312484,0.2011670189900848,BEARING,BEARING,0.4,0.6,True
9.620000000000001,9.620000000000001,AEROTWIN-4-001,IDLE,0.15,1163.9506253902443,470.3146618102559,23.833781716301466,32.17061969746964,20.451291637249753,3.401236156277234,8.318091903942653,34.126615320266545,-1.5229418958544596,-0.21652686347122047,-0.21652686347122047,33.24997868538555,508.87404594353063,24.73314788955207,380.38054269444774,55.16963315131731,0.0010251786669841774,5.125893334920887,322.42705098312484,0.21237080362380206,BEARING,BEARING,0.4,0.6,True
9.63,9.63,AEROTWIN-4-001,IDLE,0.15,1152.4893413062127,540.1516993336705,23.852522178111464,0.0,20.591575767790015,3.412881484942754,-24.00445725273277,-0.21669711817372725,0.009299379733253507,-0.21669711817372725,-0.00430303553436647,33.25013986074686,508.8760307772525,24.73293419695623,380.574897707665,55.19782201372432,0.001026127309196842,5.13063654598421,322.42705098312484,0.48400829393343636,BEARING,BEARING,0.4,0.6,True
9.64,9.64,AEROTWIN-4-001,IDLE,0.15,1163.3859095753578,609.3010598120433,23.7982893496868,46.389041189584795,20.188046729005073,3.379275244788928,22.821719215790793,-0.21620441985267427,48.33831413602468,-0.21620441985267427,-1.5168641067345379,33.249903668445576,508.87305401123814,24.732715234273012,380.0136627888772,55.11642162357317,0.0010233915835214462,5.116957917607231,322.42705098312484,0.46160221860830997,BEARING,BEARING,0.4,0.6,True
9.65,9.65,AEROTWIN-4-001,IDLE,0.15,1158.3788522811085,679.1042143865648,23.849860890025422,13.496069095583417,20.571599718370326,3.4112256516910353,-10.486756274477944,-0.216672940711295,14.993309258143812,-0.216672940711295,-1.0638942811378052,33.2500461712024,508.87482162220374,24.732501472738612,380.54727073453466,55.193815052795436,0.0010259923812703264,5.129961906351633,322.42705098312484,0.24776441894883894,BEARING,BEARING,0.4,0.6,True
9.66,9.66,AEROTWIN-4-001,IDLE,0.15,1156.7884002394844,28.60694552343125,23.826215365996603,20.460415172454326,20.394905946116054,3.396544192906766,-3.331034966568495,-0.21645812414487528,-0.21645812414487528,-0.7772983404181932,21.67062976116227,33.25001385959795,508.8743991611977,24.73228545784754,380.30219845521225,55.15827025954707,0.0010247966484453381,5.12398324222669,322.42705098312484,0.1253322164328523,BEARING,BEARING,0.4,0.6,True
9.67,9.67,AEROTWIN-4-001,IDLE,0.15,1164.373233151153,98.01424953780031,23.81868605082498,39.61645770267839,20.338940056055346,3.39188074395357,15.885636902669473,-0.21638972127798642,-0.21638972127798642,-1.6070725122079437,41.6563096574423,33.24992708151198,508.8733056394132,24.7320687959985,380.2243088857317,55.146973312168754,0.0010244170626724132,5.122085313362065,322.42705098312484,0.34284662924941783,BEARING,BEARING,0.4,0.6,True
9.68,9.68,AEROTWIN-4-001,IDLE,0.15,1153.6032935813625,167.8766435268695,23.854513029960895,1.4641432286533678,20.6065312810758,3.414120635617307,-22.55650868803974,-0.2167152048085603,-0.2167152048085603,-0.34135430018365703,2.2389279384541454,33.25010352050408,508.8754900983498,24.731855792978276,380.59557073041594,55.20082038759807,0.0010262282921894208,5.131141460947104,322.42705098312484,0.4584326759238475,BEARING,BEARING,0.4,0.6,True
9.69,9.69,AEROTWIN-4-001,IDLE,0.15,1162.684682002989,237.09284114175125,23.80358070475208,42.62964853933807,20.22709158269991,3.3825415234540515,19.02001543318411,-1.3616640707102452,-0.21625249113777012,44.423817592323864,-0.21625249113777012,33.24990603899246,508.8730042574259,24.73163783635768,380.0682594935506,55.124340220425594,0.0010236572226130932,5.118286113065466,322.42705098312484,0.39575170415376626,BEARING,BEARING,0.4,0.6,True
9.700000000000001,9.700000000000001,AEROTWIN-4-001,IDLE,0.15,1161.3042795551742,306.8539220619306,23.846554709339753,21.064869663844522,20.54680824481858,3.4091695450605095,-2.8911081260345655,-1.300129202420791,-0.21664290448194382,22.7982846752292,-0.21664290448194382,33.25002422823771,508.8744725861344,24.731424234511593,380.5129616129378,55.18883892641727,0.0010258248557491678,5.129124278745839,322.42705098312484,0.11523257813001622,BEARING,BEARING,0.4,0.6,True
9.71,9.71,AEROTWIN-4-001,IDLE,0.15,1154.3402258878425,376.53217883524104,23.84004125633914,9.317690732078752,20.49804863205751,3.4051219936840607,-14.58547989366282,10.213081117637211,-0.46222292437214074,-0.21658373059315952,-0.21658373059315952,33.25009324217597,508.87531260557614,24.731210080606562,380.4454102515318,55.17904141206167,0.0010254951355897106,5.127475677948554,322.42705098312484,0.3206549418853302,BEARING,BEARING,0.4,0.6,True
9.72,9.72,AEROTWIN-4-001,IDLE,0.15,1164.46613935115,445.7925923885116,23.807078782242172,44.845308224761496,20.25294233811971,3.3847023218329326,21.207663564808854,46.89563715103403,-1.6177603848223683,-0.21628427072508555,-0.21628427072508555,33.2499212253991,508.8731470301029,24.73099275967847,380.1043720101015,55.129577907601096,0.0010238329856397629,5.119164928198814,322.42705098312484,0.43448535839228564,BEARING,BEARING,0.4,0.6,True
9.73,9.73,AEROTWIN-4-001,IDLE,0.15,1155.598862514127,515.6605607495806,23.8549506148983,5.452631704758127,20.609819832960376,3.4143930508236653,-18.571581179025916,6.555962521527485,-0.6698924563456796,-0.2167191802118398,-0.2167191802118398,33.25010095517354,508.87537527121515,24.730780289812802,380.6001152918805,55.20147952170377,0.0010262504933534736,5.131252466767368,322.42705098312484,0.3886444346788249,BEARING,BEARING,0.4,0.6,True
9.74,9.74,AEROTWIN-4-001,IDLE,0.15,1160.9922968146625,584.9964925004282,23.81304886212053,34.9815072906073,20.297132069313278,3.3883928371730287,11.29598238412099,-0.21633850813843944,36.561422265514786,-0.21633850813843944,-1.1472379586306083,33.24997216511428,508.873747544798,24.7305637516909,380.1660393842948,55.13852202021935,0.001024133233876835,5.120666169384175,322.42705098312484,0.26179996614395445,BEARING,BEARING,0.4,0.6,True
9.75,9.75,AEROTWIN-4-001,IDLE,0.15,1163.5631657764484,654.6560303093079,23.83856822934719,29.275659143279743,20.48703656830971,3.404207212510798,5.384415362459237,-0.21657034833103375,31.184989768686776,-0.21657034833103375,-1.4761899287449658,33.25003100956237,508.87447198338435,24.73034984155622,380.43014084267605,55.17682676754005,0.0010254206275063182,5.1271031375315905,322.42705098312484,0.16165402707459095,BEARING,BEARING,0.4,0.6,True
9.76,9.76,AEROTWIN-4-001,IDLE,0.15,1152.5498897210452,4.469820255894774,23.850696351315875,0.9234628323999954,20.57786887012257,3.411745394018241,-23.066151431740813,-0.21668053077043575,-0.21668053077043575,-0.12665080929995715,1.483474703240824,33.25017813547268,508.8762801119897,24.73013723851213,380.5559427342125,55.195072822284715,0.001026034731724249,5.130173658621245,322.42705098312484,0.46780469973308964,BEARING,BEARING,0.4,0.6,True
9.77,9.77,AEROTWIN-4-001,IDLE,0.15,1163.591744426051,73.6228136391575,23.798577071565667,46.69562722394753,20.19016802643256,3.379452782013804,23.12600641550117,-0.21620703376920353,-0.21620703376920353,-1.5557603895702363,48.683801681056174,33.24994357037708,508.8733230619275,24.729919565061845,380.01663064132117,55.11685207495594,0.0010234060208124238,5.1170301040621196,322.42705098312484,0.4669641480539805,BEARING,BEARING,0.4,0.6,True
9.78,9.78,AEROTWIN-4-001,IDLE,0.15,1157.445081741459,143.43831830472055,23.850831040634283,11.11716869018705,20.578879721863856,3.4118291909955056,-12.873540222672311,-0.21668175440569448,-0.21668175440569448,-0.9680601353837879,12.518592334382227,33.25009272858759,508.8751721615619,24.7297071710567,380.5573408779969,55.19527560626292,0.001026041559927605,5.1302077996380255,322.42705098312484,0.2894180186556404,BEARING,BEARING,0.4,0.6,True
9.790000000000001,9.790000000000001,AEROTWIN-4-001,IDLE,0.15,1157.8018893863166,212.8850232092081,23.821795909839327,24.503140902485725,20.362038483915374,3.3938062346837645,0.7472961838865873,-0.8812890921743494,-0.21641797395002269,25.81726594256012,-0.21641797395002269,33.25002765343795,508.8743407496978,24.729491983227085,380.25647129255947,55.15163808333024,0.001024573776333825,5.122868881669125,322.42705098312484,0.07832777146005677,BEARING,BEARING,0.4,0.6,True
9.8,9.8,AEROTWIN-4-001,IDLE,0.15,1164.1998170844302,282.3531365723871,23.823485012921246,37.16923538800358,20.37459450226787,3.394852449341206,13.399788436394504,-1.5856677442257845,-0.21643331923583425,39.18776977070103,-0.21643331923583425,33.249975656200476,508.87368304069236,24.72927706018753,380.273945193836,55.15417246302359,0.0010246589345776645,5.123294672888323,322.42705098312484,0.299964981136184,BEARING,BEARING,0.4,0.6,True
9.81,9.81,AEROTWIN-4-001,IDLE,0.15,1152.9694525276464,352.2051255974529,23.85369616494457,0.4931852930959497,20.600393665761846,3.4136121531521577,-23.520820525818053,-0.22043560348978058,-0.2167077836941954,1.147036463974121,-0.2167077836941954,33.25014550448226,508.87578374342553,24.729065245009433,380.5870877873969,55.199590038508475,0.001026186853128483,5.130934265642415,322.42705098312484,0.4754052000218335,BEARING,BEARING,0.4,0.6,True
9.82,9.82,AEROTWIN-4-001,IDLE,0.15,1162.9238971618086,421.38329274911166,23.80057044981296,44.43409345143485,20.20487035818537,3.3806830044160123,20.848540088833463,46.29013227484505,-1.4235885366981171,-0.21622514335603854,-0.21622514335603854,33.24992574022294,508.8730189152089,24.72884825102367,380.0371951538779,55.11983471072814,0.0010235060667085796,5.1175303335428985,322.42705098312484,0.42736426752995726,BEARING,BEARING,0.4,0.6,True
9.83,9.83,AEROTWIN-4-001,IDLE,0.15,1160.211703973138,491.15872657882016,23.847682767080094,18.28473070062505,20.555263871180728,3.4098709605403794,-5.680404131096056,19.941405656000175,-1.2233686498901828,-0.21665315274246907,-0.21665315274246907,33.250051977924464,508.8745893982552,24.728636029045585,380.5246662126124,55.190536538144876,0.001025882002621238,5.12941001310619,322.42705098312484,0.16391156308855523,BEARING,BEARING,0.4,0.6,True
9.84,9.84,AEROTWIN-4-001,IDLE,0.15,1155.0659992746014,560.7714288172084,23.834881155225784,13.084276598886287,20.45949692310561,3.401918394756845,-10.777138718976168,-0.21653685173345655,14.09329624993749,-0.21653685173345655,-0.5759459475842894,33.250082890065215,508.87495825071585,24.728422626084903,380.3919325971854,55.17128512003058,0.001025234223996683,5.1261711199834155,322.42705098312484,0.2546183290996504,BEARING,BEARING,0.4,0.6,True
9.85,9.85,AEROTWIN-4-001,IDLE,0.15,1164.4606339892928,630.0753887736845,23.81052201859297,43.341325122327824,20.278417786554726,3.386830400550278,19.67607693522282,-0.21631555208765327,45.39632146277275,-0.21631555208765327,-1.622365236269618,33.24993596949483,508.87311257985135,24.72820690355143,380.13993319029447,55.13473563005393,0.001024006110626507,5.120030553132534,322.42705098312484,0.408125921205322,BEARING,BEARING,0.4,0.6,True
9.86,9.86,AEROTWIN-4-001,IDLE,0.15,1154.8313904248873,699.943026813042,23.854924685685837,3.856561302466862,20.609624955249565,3.41437690825959,-20.167440561042294,-0.21671894464825558,4.847434519899978,-0.21671894464825558,-0.5574353281366049,33.25011533255969,508.87533932277904,24.727995698154896,380.59984599588574,55.20144046355128,0.001026249177764104,5.131245888820519,322.42705098312484,0.4165750559587086,BEARING,BEARING,0.4,0.6,True
9.870000000000001,9.870000000000001,AEROTWIN-4-001,IDLE,0.15,1161.7056140621605,49.23291023853528,23.80940918327977,38.05366381520808,20.270181005073166,3.386142491474131,14.397340318660785,-0.2163054421209348,-0.2163054421209348,-1.2286748013605509,39.714949500810505,33.24995995332626,508.87338357846306,24.727780058496162,380.128438400225,55.13306844869183,0.0010239501448122167,5.119750724061084,322.42705098312484,0.3156046871645905,BEARING,BEARING,0.4,0.6,True
9.88,9.88,AEROTWIN-4-001,IDLE,0.15,1162.879335908776,118.93524708226492,23.841935653049212,26.376754953921676,20.512218898878047,3.406298767920256,2.4582372871233735,-0.2166009409453682,-0.2166009409453682,-1.4217150599811605,28.231671895793575,33.25004361494894,508.87442282359956,24.727567747328827,380.4650516082076,55.181890155151216,0.0010255909889994876,5.127954944997438,322.42705098312484,0.11088456144376047,BEARING,BEARING,0.4,0.6,True
9.89,9.89,AEROTWIN-4-001,IDLE,0.15,1153.0254612925996,188.7080072367915,23.847472646584592,3.325522180717977,20.553688616312236,3.4097403001222286,-20.63790673571649,-0.24600580301729377,-0.21665124382459847,4.004830471384468,-0.21665124382459847,33.250166905319404,508.8759391112562,24.72735608606816,380.52248590389195,55.19022031052868,0.0010258713570531167,5.129356785265584,322.42705098312484,0.4256927660083838,BEARING,BEARING,0.4,0.6,True
9.9,9.9,AEROTWIN-4-001,IDLE,0.15,1163.959292974704,257.8895349143475,23.80083650520801,46.48744417984516,20.20683342376161,3.3808472306922255,22.89976352539133,-1.5856155128638545,-0.21622756043532898,48.50551481357967,-0.21622756043532898,33.24994881252245,508.8731944026002,24.727139889118163,380.03994026240315,55.120232855778426,0.001023519422741086,5.11759711370543,322.42705098312484,0.46329483080887274,BEARING,BEARING,0.4,0.6,True
9.91,9.91,AEROTWIN-4-001,IDLE,0.15,1156.7701623100409,327.72709249282974,23.852563016334784,8.94790929236312,20.591882447270706,3.4129068996277736,-15.056880054535359,-0.8677964161905006,-0.21669748918377135,10.249100686921162,-0.21669748918377135,33.25011064440923,508.87520423952435,24.72692893215528,380.57532172151195,55.19788351184465,0.0010261293802562646,5.130646901281323,322.42705098312484,0.32742084305565317,BEARING,BEARING,0.4,0.6,True
9.92,9.92,AEROTWIN-4-001,IDLE,0.15,1158.9984142196904,397.1333022314322,23.818599659413156,28.396965887548593,20.33829873352912,3.391827267551424,4.6668398864680505,29.809452462857045,-0.9797087024623724,-0.21638893642304166,-0.21638893642304166,33.25002208968068,508.87408277452624,24.726714684296148,380.22341559130757,55.14684375053207,0.0010244127105546905,5.122063552773453,322.42705098312484,0.1465065176667881,BEARING,BEARING,0.4,0.6,True
9.93,9.93,AEROTWIN-4-001,IDLE,0.15,1164.110551026827,466.67320708461364,23.829146002758318,34.52192345231633,20.416728317293234,3.398360843392479,10.706834291630617,36.51026567355683,-1.555372724029242,-0.2164847486056319,-0.2164847486056319,33.25001144916758,508.8739443112572,24.72650158115475,380.33253461297204,55.16267015519624,0.0010249445464090453,5.124722732045226,322.42705098312484,0.2535718991325357,BEARING,BEARING,0.4,0.6,True
9.94,9.94,AEROTWIN-4-001,IDLE,0.15,1152.6463411154375,536.5198401462233,23.853275641684775,0.0,20.59723467982081,3.413350411400762,-24.01058509122157,0.34093416954671873,-0.09865920215800834,-0.2167039632940783,-0.2167039632940783,33.25017777659885,508.87600022534446,24.72629098588705,380.58272108724,55.19895670105111,0.0010261655228466682,5.130827614233341,322.42705098312484,0.48402603852554865,BEARING,BEARING,0.4,0.6,True
9.950000000000001,9.950000000000001,AEROTWIN-4-001,IDLE,0.15,1163.2202652987874,605.6786206131495,23.79903537521896,45.719258020209125,20.193547405250904,3.3797355922730516,22.14597502268517,-0.21621119739937125,47.629348266604396,-0.21621119739937125,-1.4776678515965267,33.249946529082436,508.8730915087603,24.72607509169638,380.021358256538,55.11753775881176,0.0010234290192205361,5.117145096102681,322.42705098312484,0.44987238919777855,BEARING,BEARING,0.4,0.6,True
9.96,9.96,AEROTWIN-4-001,IDLE,0.15,1159.2314727829676,675.4718365310767,23.849080059042496,15.622374565194932,20.565742117485836,3.4107399573048105,-8.354107509595716,-0.21666584696152225,17.19524908146506,-0.21666584696152225,-1.139542822347084,33.25008278327697,508.8747871918836,24.725864269590137,380.53916659237404,55.19263964422475,0.0010259528063953824,5.129764031976912,322.42705098312484,0.210535689639497,BEARING,BEARING,0.4,0.6,True
9.97,9.97,AEROTWIN-4-001,IDLE,0.15,1156.000082600908,25.02572489805482,23.830248060307284,17.056176622215457,20.424940186651433,3.399044206791377,-6.767807771227353,-0.21649476065773854,-0.21649476065773854,-0.6868704433704332,18.17603658690137,33.25007946858027,508.8747310004221,24.725651661454357,380.34394522544994,55.16432512760881,0.0010250001850438581,5.1250009252192905,322.42705098312484,0.1850011596460833,BEARING,BEARING,0.4,0.6,True
9.98,9.98,AEROTWIN-4-001,IDLE,0.15,1164.4771299549836,94.38572985410929,23.81495079149997,41.455084446761596,20.311228709718296,3.3895692759116587,17.75428646113164,-0.2163557869239874,-0.2163557869239874,-1.6179169514094989,43.505712972019076,33.249964750814904,508.8732913322405,24.725437629285413,380.18569448900894,55.14137275729688,0.0010242289597506011,5.121144798753005,322.42705098312484,0.37506563926471076,BEARING,BEARING,0.4,0.6,True
9.99,9.99,AEROTWIN-4-001,IDLE,0.15,1154.1822014005477,164.25435765140833,23.85500237824271,2.462986211996902,20.610208878938042,3.414425276957243,-21.561647943898382,-0.21671965047521394,-0.21671965047521394,-0.4410796154713924,3.3375051284187225,33.250144342542626,508.87552067605804,24.725227691215498,380.60065289894015,55.20155749515648,0.0010262531197281863,5.1312655986409315,322.42705098312484,0.4409644500871162,BEARING,BEARING,0.4,0.6,True
10.0,10.0,AEROTWIN-4-001,TAKEOFF,0.15,1162.3489301202671,233.50528973544118,23.806328831364503,40.73599322960717,20.247397626617193,3.3842389698357853,17.10435663315419,-1.30400995780839,-0.21627745751712585,42.4725581024498,-0.21627745751712585,33.24996628503146,508.8732821740425,24.725012996845063,380.09662859106555,55.12845481759096,0.0010237952937773027,5.118976468886514,322.42705098312484,0.36258100314104025,BEARING,BEARING,0.4,0.6,True
10.01,10.01,AEROTWIN-4-001,TAKEOFF,0.15399999999999991,1162.4187885341375,303.2462255426572,24.480836972063273,24.089439422446027,20.53494323345291,3.4081850691222013,0.14631111987091527,-1.3950186575202745,-0.22240527784500175,25.929268635656307,-0.22240527784500175,33.25428260245635,508.90059966117155,24.724853844307752,380.49653273884667,55.18645611537684,0.0010317645084661135,5.158822542330568,322.47059779288526,0.07339298816342502,BEARING,BEARING,0.4,0.6,True
10.02,10.02,AEROTWIN-4-001,TAKEOFF,0.15799999999999984,1154.210720540679,372.99135285470544,25.1170499747096,6.754864150810027,20.537411651730213,3.4083899046900203,-17.190937405610207,7.595961610915456,-0.38472707663799866,-0.22818519173371524,-0.22818519173371524,33.262760944106276,508.95326415044264,24.724746403461598,380.49995110042846,55.18695190770394,0.0010378019432483194,5.189009716241597,322.5125841201264,0.38788377159094256,BEARING,BEARING,0.4,0.6,True
10.03,10.03,AEROTWIN-4-001,TAKEOFF,0.16199999999999973,1166.5337585051009,442.2439960871462,25.710981318395074,49.4420311923508,20.248398240737867,3.384322592322166,25.809310359290762,51.64502411321263,-1.7358309565620986,-0.2335809821498666,-0.2335809821498666,33.274971533017926,509.02709428405615,24.72468540402605,380.0980260841638,55.12865750719495,0.0010417062637406045,5.208531318703023,322.5529834453841,0.4816060550890541,BEARING,BEARING,0.4,0.6,True
10.040000000000001,10.040000000000001,AEROTWIN-4-001,TAKEOFF,0.16600000000000037,1158.6605018056202,512.2360215974522,26.410247141215983,7.61381951292212,20.683074157373554,3.420455626825173,-16.489710271276607,8.931950153389396,-0.838263194750427,-0.2399337228584246,-0.2399337228584246,33.29183045826377,509.1303599663141,24.724684091859363,380.7012353477452,55.21614577236627,0.001050930773444488,5.25465386722244,322.5917702515785,0.3956003530020655,BEARING,BEARING,0.4,0.6,True
10.05,10.05,AEROTWIN-4-001,TAKEOFF,0.17000000000000026,1164.8314057171308,581.7556517057894,27.00455415692149,36.72650579416696,20.404824832114972,3.397370032445386,12.924310929606603,-0.24533292620690705,38.44252728142484,-0.24533292620690705,-1.225355634844061,33.31229260881871,509.2536697536444,24.724728736616616,380.3159895115302,55.160270486773314,0.0010548457306452045,5.2742286532260225,322.6289200401316,0.2365728576327482,BEARING,BEARING,0.4,0.6,True
10.06,10.06,AEROTWIN-4-001,TAKEOFF,0.17400000000000018,1170.7005255968056,651.6455360488172,27.673738025404823,36.330471517112414,20.622751518016184,3.4154640677468353,12.292255931349395,-0.2514123762015812,38.58592391831554,-0.2514123762015812,-1.7526276487999615,33.33706139868631,509.40254146939634,24.724829694796636,380.61798180826145,55.20407084550662,0.0010625518273500263,5.312759136750131,322.6644093464406,0.218107107987474,BEARING,BEARING,0.4,0.6,True
10.07,10.07,AEROTWIN-4-001,TAKEOFF,0.1780000000000001,1159.1154297948692,1.8875675846255717,28.342637162549476,0.0,20.83109468228042,3.4326732260507242,-24.263767908331143,-0.2574892394484018,-0.2574892394484018,-0.063609453553785,0.4847781702202508,33.36611356356763,509.57620672934576,24.724987371941857,380.90490861135765,55.24568613517409,0.001070252810398761,5.351264051993805,322.6982157546991,0.5627782693727706,BEARING,BEARING,0.4,0.6,True
10.08,10.08,AEROTWIN-4-001,TAKEOFF,0.18200000000000002,1174.7785271910548,71.43449337231773,28.913368550731686,56.62426960610148,20.420851180244064,3.398703950979061,32.80471447487835,-0.26267426123129184,-0.26267426123129184,-1.8675357054414194,59.01715383400548,33.3983113575827,509.7665653167385,24.72518648466877,380.3382637856349,55.16350110294092,0.0010729666109152375,5.364833054576188,322.730317912055,0.5513923837292392,BEARING,BEARING,0.4,0.6,True
10.09,10.09,AEROTWIN-4-001,TAKEOFF,0.18599999999999994,1170.196763248096,141.921205003781,29.640132169615917,14.825079514177073,20.976472925387792,3.4446305512438906,-9.596023962454609,-0.2692768159057926,-0.2692768159057926,-1.2455626466629541,16.60919579265161,33.43539488286243,509.9848776954733,24.725452058858988,381.10410264376355,55.27457683924618,0.0010836091800399052,5.418045900199526,322.7606955420976,0.3261626613226187,BEARING,BEARING,0.4,0.6,True
10.1,10.1,AEROTWIN-4-001,TAKEOFF,0.18999999999999984,1173.0499218220816,212.13301079866676,30.250384889608213,30.220008408035802,20.813170946632624,3.431196117696454,5.975641343706725,-1.0963015055124243,-0.2748208839415561,31.865951681431337,-0.2748208839415561,33.47596130529084,510.22176865162135,24.72576510208682,380.8802922178597,55.24211582269393,0.0010883194533112422,5.441597266556212,322.78932945766473,0.06729926758730886,BEARING,BEARING,0.4,0.6,True
10.11,10.11,AEROTWIN-4-001,TAKEOFF,0.19399999999999976,1184.3836245037126,282.51600610799164,30.90452152631015,48.09160088684912,20.914787482883035,3.4395620155776436,23.737251388388444,-2.055685692930823,-0.2807636317569315,50.70881384329381,-0.2807636317569315,33.52049849267799,510.4799601161117,24.726133103484344,381.0196841136072,55.26233294446936,0.0010952722731986057,5.476361365993029,322.81620157296163,0.3676234331247805,BEARING,BEARING,0.4,0.6,True
10.120000000000001,10.120000000000001,AEROTWIN-4-001,TAKEOFF,0.1980000000000004,1172.6980920362273,353.5790235782144,31.611437231805912,0.31955851424732207,21.320886315483683,3.4727941675213874,-24.47412196875775,-0.24087589418455285,-0.2871858706727495,1.1348061497773738,-0.2871858706727495,33.56965233169695,510.7625540951391,24.726565986269723,381.5727278991638,55.34254530903892,0.001104944485682178,5.52472242841089,322.84129491498425,0.6147845865775923,BEARING,BEARING,0.4,0.6,True
10.13,10.13,AEROTWIN-4-001,TAKEOFF,0.2020000000000003,1190.2948493836118,423.940909100388,32.176717341806274,61.19533633274085,20.902243529612438,3.4385303967651266,36.85456240636329,63.749512111153535,-1.9695330418337877,-0.2923213682894507,-0.2923213682894507,33.62154017745793,511.05907513934756,24.72703757072426,381.0024990349491,55.25984045503095,0.0011073350573553348,5.536675286776674,322.86459363423995,0.5746652708931764,BEARING,BEARING,0.4,0.6,True
10.14,10.14,AEROTWIN-4-001,TAKEOFF,0.2060000000000002,1188.6896308397415,495.3586000634047,32.92624674456071,21.66240621264676,21.534241285065157,3.490126784134035,-3.3619618565524307,23.837088288849213,-1.5764205817957175,-0.29913074720336735,-0.29913074720336735,33.67857551086554,511.3817246248854,24.727583025768077,381.86075398158056,55.38432003598048,0.001119213265733882,5.59606632866941,322.88608301475824,0.2644658031264837,BEARING,BEARING,0.4,0.6,True
10.15,10.15,AEROTWIN-4-001,TAKEOFF,0.21000000000000013,1189.2951243583186,566.6799779137892,33.555205314266104,26.229761464639516,21.476198767266116,3.485420037534862,1.2681426598385386,-0.30484475549515716,27.866031194248055,-0.30484475549515716,-1.0265802186182247,33.739092659628035,511.72161992248033,24.72817926261547,381.7825676124254,55.37298004137095,0.0011248721804609427,5.624360902304714,322.9057494833859,0.1954971004925378,BEARING,BEARING,0.4,0.6,True
10.16,10.16,AEROTWIN-4-001,TAKEOFF,0.21400000000000005,1204.5153188389293,638.0376853752883,34.198345869054094,56.86237960324496,21.49808338832335,3.487195437258636,31.877100777662974,-0.31068760531047357,59.79102112652577,-0.31068760531047357,-2.307266312659866,33.803244988419046,512.0792773348576,24.728829086570787,381.8120622373642,55.37725788278283,0.0011312675435454396,5.656337717727197,322.9235806183597,0.4639400543420847,BEARING,BEARING,0.4,0.6,True
10.17,10.17,AEROTWIN-4-001,TAKEOFF,0.21799999999999997,1192.9203670223221,710.3086045056241,34.939217688817195,1.29926774559316,22.05185466443318,3.531823378347364,-24.284410297187385,-0.3174183311884319,2.3348641304480418,-0.3174183311884319,-0.40075972247801805,33.87241069363477,512.4605162524172,24.729553257174665,382.5524822420184,55.48464691941787,0.0011427754051514787,5.713877025757394,322.93956515715274,0.6564647218021469,BEARING,BEARING,0.4,0.6,True
10.18,10.18,AEROTWIN-4-001,TAKEOFF,0.22199999999999986,1212.6952843300346,61.88382652696339,35.501554390783674,66.54366042358586,21.629345260150867,3.497825203931302,41.41648995950369,-0.32252708831899973,-0.32252708831899973,-2.133501869448399,69.32221646967227,33.94393834386326,512.8532549319734,24.730313918053312,381.9885912552756,55.40286129848266,0.0011449395325745031,5.724697662872516,322.9536930035876,0.6106620678441199,BEARING,BEARING,0.4,0.6,True
10.19,10.19,AEROTWIN-4-001,TAKEOFF,0.22599999999999978,1212.0339773008081,134.64554358676548,36.277518264651995,24.523153780251466,22.352383693567088,3.555808289874607,-1.3850382031902289,-0.3295766210274732,-0.3295766210274732,-1.7586233787968908,26.940930401103305,34.02097874357732,513.2706501091012,24.731157751621538,382.94964083523735,55.542250007461156,0.0011583219449486863,5.791609724743433,322.96595523421377,0.2737090909582701,BEARING,BEARING,0.4,0.6,True
10.200000000000001,10.200000000000001,AEROTWIN-4-001,TAKEOFF,0.23000000000000043,1213.9384933176123,207.367582224814,36.91499375732372,29.870690189890254,22.328011935476145,3.5538692363901405,3.9888090180239693,-1.1562584674382617,-0.3353680044768556,31.69768466628223,-0.3353680044768556,34.10140436724035,513.7033269895026,24.73205449647187,382.9175526112193,55.53759599562603,0.0011644196129880192,5.8220980649400955,322.97634410394346,0.19126339033373813,BEARING,BEARING,0.4,0.6,True
10.21,10.21,AEROTWIN-4-001,TAKEOFF,0.23400000000000032,1230.4708939941568,280.2038918238707,37.57047831114299,60.58306938548038,22.39823680870808,3.559453569015374,34.62537900775692,-2.5194336682336247,-0.34132299794712156,63.78514904960825,-0.34132299794712156,34.18545326893996,514.152003169044,24.73300827497291,383.00995488491554,55.550997836598384,0.0011714732586505909,5.857366293252955,322.9848530509439,0.4707649968485561,BEARING,BEARING,0.4,0.6,True
10.22,10.22,AEROTWIN-4-001,TAKEOFF,0.23800000000000024,1217.8868547484512,354.0321454635201,38.33091227241353,0.2644447637583851,23.01246582866156,3.607929099626234,-26.35595016452941,-0.27154341728010256,-0.3482314433827146,1.2324510678039169,-0.3482314433827146,34.27476500928903,514.6225477586725,24.734044207965898,383.810852719925,55.66715845679248,0.0011841533716746141,5.920766858373071,322.99147670078185,0.7347026747194256,BEARING,BEARING,0.4,0.6,True
10.23,10.23,AEROTWIN-4-001,TAKEOFF,0.24200000000000016,1241.3250559747605,427.1053567484272,38.8837849504392,75.20405989170648,22.54417526502233,3.5710307693958927,49.08885385728826,78.35125945618667,-2.4406911223516397,-0.35325422106427545,-0.35325422106427545,34.36595939904154,515.1019355738836,24.735112837626772,383.20142705605787,55.57876857735652,0.001185708868023865,5.928544340119325,322.99621086981807,0.703767036667717,BEARING,BEARING,0.4,0.6,True
10.24,10.24,AEROTWIN-4-001,TAKEOFF,0.24600000000000005,1238.0309751780592,501.58486010691286,39.69870050091977,20.160897554196307,23.420249076898678,3.639755164796096,-6.899106687498467,22.56293551612825,-1.6807227123701591,-0.3606576247808915,-0.3606576247808915,34.46328435268795,515.6053836370971,24.736278214658284,384.3355022660855,55.74325257766851,0.0012013709727331004,6.006854863665502,322.9990525678499,0.4107795666034656,BEARING,BEARING,0.4,0.6,True
10.25,10.25,AEROTWIN-4-001,TAKEOFF,0.25,1247.2020380465835,575.8667186175965,40.31980657094193,46.13403983081547,23.296114259804327,3.630096415433598,19.207829155577542,-0.366300294115773,48.47626023699089,-0.366300294115773,-1.6096198179438737,34.563494698127414,516.1208337498174,24.73749278557228,384.1763760666303,55.72017323195193,0.00120656884806709,6.032844240335449,323.0,0.1705170905641176,BEARING,BEARING,0.4,0.6,True
10.26,10.26,AEROTWIN-4-001,TAKEOFF,0.2539999999999999,1260.404440386323,650.6988409003915,41.03378514452502,54.95057186099985,23.642537684574158,3.656987376251407,27.651046800174285,-0.3727866982862813,58.31157343768808,-0.3727866982862813,-2.615428180115672,34.66812309087023,516.6533280652347,24.738780273792997,384.6191904058083,55.78439813807763,0.001216833428537057,6.084167142685286,322.9990525678499,0.3125908645633,BEARING,BEARING,0.4,0.6,True
10.27,10.27,AEROTWIN-4-001,TAKEOFF,0.2579999999999998,1248.6812891775223,6.323107323570866,41.779783071891316,3.2885169900550775,24.145728624610005,3.6956988417716508,-24.55291047632658,-0.3795639941972435,-0.3795639941972435,-0.3135250748729661,4.361170053322531,34.777701960436914,517.204168195198,24.74014974987286,385.2555121439154,55.8766889703292,0.0012289041553007211,6.144520776503606,322.99621086981807,0.743049638309835,BEARING,BEARING,0.4,0.6,True
10.28,10.28,AEROTWIN-4-001,TAKEOFF,0.26199999999999973,1274.6673605892859,81.2439846742222,42.33759621112637,81.78507914040095,23.698653678058612,3.6613247671047935,54.425100695237546,-0.3846316553380263,-0.3846316553380263,-2.8511173409307844,85.40545979200779,34.88890795691807,517.7622131142513,24.74155151563667,384.6905532665641,55.794748464675926,0.0012305880266318863,6.152940133159431,322.99147670078185,0.7594232569187385,BEARING,BEARING,0.4,0.6,True
10.290000000000001,10.290000000000001,AEROTWIN-4-001,TAKEOFF,0.26600000000000035,1265.1175765665707,157.72402630957936,43.185211370018905,8.431792794575369,24.695293772584858,3.737519908078126,-20.001020886087616,-0.39233213082153434,-0.39233213082153434,-1.1154046137717666,10.331861669990204,35.00682436803365,518.3434437980761,24.743063768722592,385.94145216248245,55.97617633874213,0.0012483488534166876,6.241744267083438,322.9848530509439,0.6780800521741597,BEARING,BEARING,0.4,0.6,True
10.3,10.3,AEROTWIN-4-001,TAKEOFF,0.27000000000000024,1287.5471062309107,233.6310809035736,43.76004430722262,75.01246211286643,24.32664655605227,3.7095184788376034,46.97629707797656,-2.4008775862607004,-0.39755441465354324,78.20844852843422,-0.39755441465354324,35.12653285452226,518.9320509502242,24.74461235557192,385.4823497254998,55.90958903948704,0.001250913036089985,6.254565180449926,322.97634410394346,0.6165155460788199,BEARING,BEARING,0.4,0.6,True
10.31,10.31,AEROTWIN-4-001,TAKEOFF,0.2740000000000002,1290.1914462780578,310.88390727742825,44.58514465912703,34.51045539956097,25.196877261006968,3.7752852947467703,5.53829284380723,-2.296748887168179,-0.4050503459905609,37.617304978710266,-0.4050503459905609,35.252548646014155,519.541555579139,24.74626740223096,386.55955369574104,56.06582454892289,0.0012675601138771107,6.3378005693855535,322.96595523421377,0.24660637899053175,BEARING,BEARING,0.4,0.6,True
10.32,10.32,AEROTWIN-4-001,TAKEOFF,0.27800000000000014,1294.591997741016,388.29539405411174,45.25695462514907,38.3000136243263,25.30048128774915,3.7830389047281003,9.216493431849047,40.5840259093598,-1.4617049775414204,-0.41115365374603835,-0.41115365374603835,35.38202100676204,520.1629558809225,24.747986187013645,386.68630275320476,56.08420797871931,0.0012755800557123704,6.377900278561852,322.9536930035876,0.192129250796632,BEARING,BEARING,0.4,0.6,True
10.33,10.33,AEROTWIN-4-001,TAKEOFF,0.28200000000000003,1312.805040034534,465.9709139185727,45.94336594161951,67.41461264103161,25.473364066275376,3.795941995532689,38.14530657922354,71.2589843625526,-3.009592495709309,-0.41738961290584053,-0.41738961290584053,35.515184265410085,520.7967071257884,24.74977309467905,386.8971158137728,56.11478388339798,0.0012844398672053328,6.422199336026663,322.93956515715274,0.44626887977785545,BEARING,BEARING,0.4,0.6,True
10.34,10.34,AEROTWIN-4-001,TAKEOFF,0.2859999999999999,1299.4437067700394,544.7392163206448,46.74154757091512,2.0605873259369956,26.195152851793864,3.8493454247436025,-27.98391095060047,-0.4246409910853057,3.1730001420698675,-0.4246409910853057,-0.26313083396226067,35.65413539783911,521.4484201790871,24.751661847841298,387.7681137009808,56.24111167496285,0.00129978989524316,6.4989494762158,322.9235806183597,0.8530203602847508,BEARING,BEARING,0.4,0.6,True
10.35,10.35,AEROTWIN-4-001,TAKEOFF,0.2899999999999998,1328.6880177607356,622.7058387268472,47.28651699136166,90.72396324102054,25.664653579830237,3.810167949412762,61.24914171177753,-0.4295919686809556,94.77901302850947,-0.4295919686809556,-3.195865850127011,35.79396972255373,522.1041141203684,24.75357664972505,387.1293760210813,56.148470439345594,0.0013004710318884672,6.502355159442336,322.9057494833859,0.8308314801494091,BEARING,BEARING,0.4,0.6,True
10.36,10.36,AEROTWIN-4-001,TAKEOFF,0.29399999999999976,1316.9351135360378,702.4271197924913,48.17846559834794,6.113523187851615,26.832831487146436,3.8959167478092507,-24.61522504710407,-0.4376952078792977,7.980026310540786,-0.4376952078792977,-0.9911127069305751,35.941384536661396,522.7819489892566,24.755623435241365,388.5257100125378,56.35099192879846,0.0013213869194676545,6.606934597338273,322.88608301475824,0.8077537801250035,BEARING,BEARING,0.4,0.6,True
10.370000000000001,10.370000000000001,AEROTWIN-4-001,TAKEOFF,0.2980000000000004,1345.9704107317132,61.443226604653546,48.737023668746176,91.03307124459722,26.36023156870029,3.861455432743305,60.81138424315363,-0.44276963662457514,-0.44276963662457514,-2.916779980955602,94.83539049880197,36.08979383703315,523.4638010274692,24.7576996312976,387.9652880644158,56.26970945028674,0.001322766235615053,6.613831178075266,322.86459363423995,0.8114173806581791,BEARING,BEARING,0.4,0.6,True
10.38,10.38,AEROTWIN-4-001,TAKEOFF,0.30200000000000027,1342.6408863786203,142.20145124855634,49.63211140163858,24.508658323487914,27.535406451220823,3.9465913706837203,-6.973339498416628,-0.45090139438092813,-0.45090139438092813,-2.0726371555449186,27.483098267794688,36.24586252973652,524.1670504635247,24.759911630883856,389.34800213009265,56.47025553294438,0.001344104618240333,6.720523091201666,322.84129491498425,0.511843731070477,BEARING,BEARING,0.4,0.6,True
10.39,10.39,AEROTWIN-4-001,TAKEOFF,0.3060000000000002,1361.1477575023798,222.75990443127355,50.26180800699,70.09687532162046,27.39934638401072,3.936828695385937,38.760700242223805,-2.3251003907522456,-0.45662210763231964,73.33521992763733,-0.45662210763231964,36.40420386680593,524.8772917246703,24.76217526059531,389.189749181725,56.44730284181903,0.0013496448001219358,6.74822400060968,322.81620157296163,0.41918736637063175,BEARING,BEARING,0.4,0.6,True
10.4,10.4,AEROTWIN-4-001,TAKEOFF,0.31000000000000016,1368.982596947495,304.4287698814163,51.07368285991868,48.56023668248344,28.159893644872092,3.9910936757250504,16.4092493618863,-2.870394311884936,-0.46399788699995426,52.35862676836829,-0.46399788699995426,36.568511954384526,525.6037084704831,24.7645504373442,390.0683962373391,56.57474005347118,0.0013662218129394678,6.83110906469734,322.78932945766473,0.11667171485312179,BEARING,BEARING,0.4,0.6,True
10.41,10.41,AEROTWIN-4-001,TAKEOFF,0.31400000000000006,1372.6871871836238,386.56772569826603,51.798340918416244,40.25794862872101,28.485006356967524,4.014066624831691,7.758875646921795,42.77763631464464,-1.5785250600692105,-0.47058131292720873,-0.47058131292720873,36.73694953452732,526.3413225859842,24.76700912871191,390.4396482005093,56.62858569570547,0.0013775610875063013,6.887805437531506,322.7606955420976,0.2749051918134842,BEARING,BEARING,0.4,0.6,True
10.42,10.42,AEROTWIN-4-001,TAKEOFF,0.31799999999999995,1391.8737313889255,468.92895692928346,52.48946623051206,72.84851420337756,28.639380937205413,4.0249290507373825,40.18420421543476,77.18527615958129,-3.3830417599330906,-0.4768600981353203,-0.4768600981353203,36.90877043420357,527.0880840301277,24.769540275830913,390.61504124702935,56.65402435238664,0.001386851048580241,6.934255242901206,322.730317912055,0.429356034796878,BEARING,BEARING,0.4,0.6,True
10.43,10.43,AEROTWIN-4-001,TAKEOFF,0.32199999999999984,1382.256994629897,552.441380812619,53.31205719355459,13.385522609801168,29.445582042276474,4.08118693663899,-20.141246369114295,-0.48433323199496064,15.136777087571778,-0.48433323199496064,-0.7825880137806881,37.08673811182365,527.8503992428268,24.772189832714748,391.52191650612457,56.78555572621529,0.0014043790871769049,7.021895435884526,322.6982157546991,0.7724365488989159,BEARING,BEARING,0.4,0.6,True
10.44,10.44,AEROTWIN-4-001,TAKEOFF,0.3259999999999998,1410.7260531513457,635.3768004904127,53.892289023945345,92.71854266867379,29.040096739884017,4.05298919172223,59.62545673706754,-0.48960456408216974,97.3536290334485,-0.48960456408216974,-3.655877236610368,37.26560176811391,528.6155351165976,24.77487348115608,391.0676844879203,56.71967482275898,0.0014067357359200585,7.033678679600293,322.6644093464406,0.7528549620382982,BEARING,BEARING,0.4,0.6,True
10.450000000000001,10.450000000000001,AEROTWIN-4-001,TAKEOFF,0.3300000000000004,1394.3083753814315,0.020363679493470954,54.797279788524165,0.0,30.24863908282353,4.136464831154125,-34.38510391397766,-0.49782628961684,-0.49782628961684,-0.0013270054371246208,0.0010507243314946976,37.452367541539815,529.3997436186047,24.777706643943123,392.4105621249198,56.91444310947412,0.0014296306130226195,7.148153065113098,322.62892004013156,1.0333215554466009,BEARING,BEARING,0.4,0.6,True
10.46,10.46,AEROTWIN-4-001,TAKEOFF,0.3340000000000003,1428.6612016933846,83.67886620237935,55.32000361787112,105.58540051505177,29.548683648258702,4.0883256856745565,71.94839118111851,-0.5025751688579697,-0.5025751688579697,-3.746397891171754,110.33694874393947,37.638621283479,530.1833107604459,24.780552507364,391.6368135275033,56.80222016040202,0.0014282394214515332,7.141197107257667,322.5917702515785,0.9534497009536264,BEARING,BEARING,0.4,0.6,True
10.47,10.47,AEROTWIN-4-001,TAKEOFF,0.33800000000000024,1413.0810377114676,169.39853830398243,56.279664759192876,2.580689617627722,31.02265532250956,4.189053433328122,-32.63101913820996,-0.5112935677842925,-0.5112935677842925,-0.705494726651971,4.308771479848278,37.83398062935907,530.9880113635891,24.783570505397485,393.253772490567,57.036740654486856,0.001454884785794591,7.274423928972954,322.5529834453841,1.0147247934985004,BEARING,BEARING,0.4,0.6,True
10.48,10.48,AEROTWIN-4-001,TAKEOFF,0.34200000000000014,1449.8352453676089,254.1834005666705,56.81051150036565,111.47091655129267,30.34971403739333,4.143370006534629,76.97783250736472,-3.724317011029098,-0.5161162426421159,116.227466047606,-0.5161162426421159,38.02882438789627,531.7919172385185,24.786602861425084,392.5214020599898,56.9305191119768,0.0014538526927958492,7.269263463979247,322.5125841201264,1.0310076763806888,BEARING,BEARING,0.4,0.6,True
10.49,10.49,AEROTWIN-4-001,TAKEOFF,0.3460000000000001,1436.526434656336,341.173515288727,57.79443267791707,8.326268024754047,31.949037025076624,4.251138972044939,-27.873907972367515,-1.2707772415162486,-0.5250550408997338,10.647155348069761,-0.5250550408997338,38.23335413375886,532.617477269856,24.789820306178306,394.2465382647816,57.18072941684739,0.0014824782364564466,7.412391182282233,322.47059779288526,0.9414319292512938,BEARING,BEARING,0.4,0.6,True
10.5,10.5,AEROTWIN-4-001,TAKEOFF,0.35,1473.4785960247084,427.36510136810716,58.346841500496964,112.96971597731734,31.365174683671903,4.212115500883624,77.39242579276181,117.69920219346874,-3.6693390071237904,-0.530073604513801,-0.530073604513801,38.43765654187742,533.4426945243908,24.79305893212677,393.6228829052469,57.090275690811204,0.0014826767653106756,7.413383826553378,322.42705098312484,1.0311689751500681,BEARING,BEARING,0.4,0.6,True
10.51,10.51,AEROTWIN-4-001,TAKEOFF,0.35399999999999987,1462.0819025265318,515.7738171295897,59.335039516313294,13.450844345384864,32.999558494449026,4.320464896993491,-23.869179046057653,16.187903285550828,-1.658956425564101,-0.5390512573009307,-0.5390512573009307,38.65179953632177,534.2891179881489,24.79648892769673,395.3516603611901,57.341014115466294,0.0015120970983109813,7.560485491554906,322.3819711959435,0.8795587931191203,BEARING,BEARING,0.4,0.6,True
10.52,10.52,AEROTWIN-4-001,TAKEOFF,0.3579999999999998,1498.7642399570227,603.4987312811816,59.90647934158782,113.60541508725895,32.4910591821751,4.28704804632901,76.82730785875484,-0.5442427151443415,118.34682148829411,-0.5442427151443415,-3.6529209707464747,38.86595175962096,535.1354965680994,24.799946350340306,394.81940981628,57.26381756093362,0.0015133943200661202,7.566971600330602,322.33538690470107,1.0159070917495991,BEARING,BEARING,0.4,0.6,True
10.53,10.53,AEROTWIN-4-001,TAKEOFF,0.3619999999999997,1488.1258511878557,693.424585678603,60.894129387439975,16.25547174439004,34.14185480255677,4.394606277331268,-22.280989335498,-0.5532153896943189,19.21811454676657,-0.5532153896943189,-1.856212022987894,39.089994260868544,536.0024366853071,24.80359992277524,396.5296286759627,57.51186428390428,0.0015433492312740727,7.716746156370364,322.28732753303433,0.8586821525938713,BEARING,BEARING,0.4,0.6,True
10.540000000000001,10.540000000000001,AEROTWIN-4-001,TAKEOFF,0.3660000000000003,1525.3313313004153,62.712136749874276,61.474852138769045,115.9452781287488,33.65888990655525,4.36341289226157,77.92297532993199,-0.5584911817355651,-0.5584911817355651,-3.7225435267581095,120.78480401897804,39.314058597808916,536.8691439901121,24.807283566238446,396.03451215224334,57.44005357353707,0.0015451115621449407,7.725557810724704,322.23782343627255,1.0303490084855467,BEARING,BEARING,0.4,0.6,True
10.55,10.55,AEROTWIN-4-001,TAKEOFF,0.3700000000000003,1513.8520076401526,154.23201662789918,62.468172910015284,15.793245227112529,35.36297942222937,4.472505057723475,-24.042239252840318,-0.5675153741016323,-0.5675153741016323,-1.8503609097882958,18.77863688510409,39.54821666956729,537.7561288180594,24.81117097152209,397.7630215605642,57.69075312110111,0.0015760811646855222,7.880405823427612,322.1869058822642,0.8953006508211659,BEARING,BEARING,0.4,0.6,True
10.56,10.56,AEROTWIN-4-001,TAKEOFF,0.37400000000000017,1552.7358655321855,245.06313708630836,63.04454642115423,120.70972101618618,34.832713562190236,4.438845922769498,81.43816153122644,-3.8951677617133393,-0.5727516538511214,125.75039208560177,-0.5727516538511214,39.78207226753372,538.642019315168,24.81508540336574,397.2306187244608,57.61353447855834,0.0015773472995399803,7.886736497699902,322.13460703162787,1.0872027746094197,BEARING,BEARING,0.4,0.6,True
10.57,10.57,AEROTWIN-4-001,TAKEOFF,0.3780000000000001,1538.7973205442975,338.2272890182395,64.05287003923894,12.005115721215526,36.64507672942251,4.552859348913215,-29.192820357120205,-1.6188457113733818,-0.5819121451649486,14.787785722918807,-0.5819121451649486,40.02646836272724,539.548427060374,24.81921563402845,399.0308000368968,57.87462917575144,0.0016100658560635342,8.050329280317671,322.0809599174384,0.9903580107871646,BEARING,BEARING,0.4,0.6,True
10.58,10.58,AEROTWIN-4-001,TAKEOFF,0.382,1579.779354211705,430.5551282508974,64.6112266294422,126.33468118873562,35.99012118919122,4.511989400413247,85.83257059913116,131.65993401126502,-4.151283335552638,-0.5869847434883824,-0.5869847434883824,40.269874535507206,540.4522009498122,24.8233634964203,398.38654443559517,57.78118763184985,0.0016097921380548372,8.048960690274185,322.0259984243631,1.1591551143025038,BEARING,BEARING,0.4,0.6,True
10.59,10.59,AEROTWIN-4-001,TAKEOFF,0.3859999999999999,1562.2757346836504,525.3418895035996,65.63764353004107,5.905323088620192,37.93266310307971,4.632154999252031,-36.65949501371155,8.229666530941403,-1.1317242223943014,-0.5963096099634545,-0.5963096099634545,40.52436424834284,541.3769442207291,24.82774112546444,400.2774960315481,58.05544746942367,0.0016445659406022295,8.222829703011147,321.9697572672589,1.1258752339451947,BEARING,BEARING,0.4,0.6,True
10.6,10.6,AEROTWIN-4-001,TAKEOFF,0.3899999999999998,1603.8881415165433,619.0784335846187,66.16873526837752,128.83040086444356,37.09674808860671,4.580831706232836,87.15282106960402,-0.6011345105892253,134.45951819861725,-0.6011345105892253,-4.4268483129952445,40.77690902664003,542.2970673586467,24.832122041796257,399.47107687474454,57.9384860477592,0.001641966223551974,8.209831117759869,321.9122719692461,1.1764653373741927,BEARING,BEARING,0.4,0.6,True
10.61,10.61,AEROTWIN-4-001,TAKEOFF,0.39399999999999974,1582.9741731313643,715.3117220756112,67.2008210579651,0.0,39.09926730179459,4.702845655730281,-43.80211295752487,-0.610510878196879,1.5029423904516663,-0.610510878196879,-0.37424899591327465,41.040757376315035,543.238021306759,24.836741150898167,401.3853078968808,58.2161222867478,0.0016778752482609978,8.389376241304989,321.853578839271,1.2575138440715001,BEARING,BEARING,0.4,0.6,True
10.620000000000001,10.620000000000001,AEROTWIN-4-001,TAKEOFF,0.39800000000000035,1621.300141049862,90.29017246349304,67.70565346336635,122.99748438399617,38.0862421834257,4.641522697589746,80.2697195029807,-0.6150972161360823,-0.6150972161360823,-4.613169959240949,128.84084877550927,41.30171726283646,544.1724882768607,24.84134887336357,400.42449300294675,58.07676761616139,0.0016729370202926688,8.364685101463344,321.79371494917257,1.0482903949820537,BEARING,BEARING,0.4,0.6,True
10.63,10.63,AEROTWIN-4-001,TAKEOFF,0.40200000000000025,1603.538245167763,187.56818092648479,68.71133853572378,7.506280466961092,39.95280790675321,4.753900304893919,-37.20042774468603,-0.6166144990467765,-0.6242337365989027,9.371362439205674,-0.6242337365989027,41.57330198038833,545.126018987532,24.84618699626385,402.18332707755394,58.33186539267427,0.001707352370040685,8.536761850203426,321.7327181102668,1.1532756282119385,BEARING,BEARING,0.4,0.6,True
10.64,10.64,AEROTWIN-4-001,TAKEOFF,0.40600000000000025,1633.026292934297,283.7804756365506,69.24455314421272,105.54365228229287,39.08220975487636,4.701819706051358,61.75962282136515,-4.58227675727035,-0.629077923228932,111.38408488602109,-0.629077923228932,41.84255557851367,546.0740991893442,24.851025363745663,401.3692538967336,58.21379384667445,0.0017043761236393887,8.521880618196944,321.67062684946455,0.7167199684312889,BEARING,BEARING,0.4,0.6,True
10.65,10.65,AEROTWIN-4-001,TAKEOFF,0.41000000000000014,1631.0643902371414,381.7620532126084,70.17738556308564,41.21210383985431,40.532820062147586,4.7882831780012705,-4.1089994002945485,44.260017165017146,-1.772808151887519,-0.6375525866376631,-0.6375525866376631,42.12043135139747,547.0371151208682,24.856062039846037,402.71978876246305,58.40967272253012,0.0017334144299106452,8.667072149553226,321.607480384937,0.5895468163616266,BEARING,BEARING,0.4,0.6,True
10.66,10.66,AEROTWIN-4-001,TAKEOFF,0.41400000000000003,1646.231486873841,479.6259166268369,70.84546883405928,76.98391054614791,40.43548705387927,4.782530578840857,31.765892913427784,82.46727142147893,-4.196116799642026,-0.6436220378445009,-0.6436220378445009,42.39953310482281,548.0012148386623,24.861165276731274,402.6300871564451,58.396662580996484,0.0017411683918644597,8.7058419593223,321.54331860134454,0.18999870194236326,BEARING,BEARING,0.4,0.6,True
10.67,10.67,AEROTWIN-4-001,TAKEOFF,0.4179999999999999,1666.6660042286976,578.3998058392674,71.65835157471442,88.81595008829734,41.19099419159712,4.827002828919657,42.79795306778057,-0.6510069737434298,93.15073759414241,-0.6510069737434298,-3.0327735583582154,42.68387655468991,548.9737122477845,24.866409261402982,403.3229940578939,58.49716041216881,0.001760819627130183,8.804098135650916,321.47818202464487,0.38344260388616885,BEARING,BEARING,0.4,0.6,True
10.68,10.68,AEROTWIN-4-001,TAKEOFF,0.4219999999999998,1664.3523529623637,678.3997660929892,72.51509656393922,42.26116090306613,42.219940820707585,4.886919963214549,-4.845699880856007,-0.6587903925696855,46.85916834910096,-0.6587903925696855,-3.2804266608954666,42.97468238319334,549.9566548719737,24.87181878575536,404.25452790009655,58.6322682175742,0.0017843763139798485,8.921881569899242,321.412111796496,0.6134574524691769,BEARING,BEARING,0.4,0.6,True
10.69,10.69,AEROTWIN-4-001,TAKEOFF,0.4259999999999998,1705.2954845606641,58.26090727073108,73.18310661269126,132.73403375116368,42.10280347166167,4.880135983381351,85.75109429612066,-0.6648591785619901,-0.6648591785619901,-4.2407330495785,138.30448515786614,43.26646984514748,550.9400323657296,24.87729460710122,404.14917228343234,58.61698764964446,0.0017920653109895234,8.960326554947617,321.3451496482701,1.1260604341658553,BEARING,BEARING,0.4,0.6,True
10.700000000000001,10.700000000000001,AEROTWIN-4-001,TAKEOFF,0.4300000000000004,1687.207005232529,160.57863634437092,74.2076814592694,11.315508638719963,44.19974363791074,5.000187515395919,-37.8844225145867,-0.6741673102115023,-0.6741673102115023,-1.6812694730019477,14.345112732144916,43.56963643786093,551.942372478541,24.88303162374156,406.00929634450125,58.88677632321377,0.0018307008954975448,9.153504477487726,321.2773378746952,1.1862215879065088,BEARING,BEARING,0.4,0.6,True
10.71,10.71,AEROTWIN-4-001,TAKEOFF,0.4340000000000003,1732.9583809538465,261.8110566583227,74.74964198027492,144.03564864877254,43.26704208641891,4.947149323875498,95.82145723847813,-5.041250714402422,-0.6790909523399477,150.43508126785486,-0.6790909523399477,43.86981343761912,552.9379018831056,24.888764565645445,405.1886166121743,58.76774657619654,0.001827215668840702,9.136078344203511,321.208719307141,1.2973622694967375,BEARING,BEARING,0.4,0.6,True
10.72,10.72,AEROTWIN-4-001,TAKEOFF,0.4380000000000003,1711.1440131221473,365.78855951555346,75.81072729291036,5.038764205522327,45.64536999002713,5.081299364009368,-45.68790514851417,6.937203981731323,-0.5209782223861201,-0.6887307769114377,-0.6887307769114377,44.1825626591029,553.9541507850082,24.894786472841233,407.26101400025874,59.06832294856953,0.0018700472232737585,9.350236116368793,321.1393372865654,1.325282555051146,BEARING,BEARING,0.4,0.6,True
10.73,10.73,AEROTWIN-4-001,TAKEOFF,0.44200000000000017,1738.5464885105914,468.4572003028823,76.32671397977421,106.91238740103951,44.50344085723083,5.0173362968014485,57.391610247007236,113.2323440010903,-4.933119699903997,-0.6934184500733984,-0.6934184500733984,44.4912401287272,554.9616444495782,24.900786277755117,406.2742726927492,58.92520796281096,0.001863768867961955,9.318844339809775,321.06923563613975,0.6211025154881888,BEARING,BEARING,0.4,0.6,True
10.74,10.74,AEROTWIN-4-001,TAKEOFF,0.44600000000000006,1751.9453121897745,572.7699896135177,77.2401787285676,79.10033650190012,45.940221259241746,5.097684551147258,28.062430691511114,-0.7017171606725845,83.3523979382808,-0.7017171606725845,-2.848627115035521,44.80798913072748,555.9816946905576,24.906994383407902,407.51338325034516,59.10492607986356,0.0018937390717568671,9.468695358784336,320.998458633569,0.11956350257673751,BEARING,BEARING,0.4,0.6,True
10.75,10.75,AEROTWIN-4-001,TAKEOFF,0.44999999999999996,1749.3973298958028,677.8867083449043,78.03990523478573,46.451554689483046,46.651064372846875,5.136971954115373,-5.336481637479202,-0.70898257386162,51.435340922400925,-0.70898257386162,-3.5658210851946377,45.12927708090673,557.0079860285178,24.91334662671557,408.1178393925168,59.192595189811854,0.0019135800124803221,9.56790006240161,320.92705098312484,0.6403795514028428,BEARING,BEARING,0.4,0.6,True
10.76,10.76,AEROTWIN-4-001,TAKEOFF,0.45399999999999985,1795.6923642615577,62.85054813865247,78.71321436845736,148.60506105512604,46.515466934540896,5.129500879822903,96.96009324076225,-0.7150995013637598,-0.7150995013637598,-4.772319996937856,154.80758005479143,45.45109098510685,558.0335280906174,24.919767259935263,408.0029646148815,59.17593398181318,0.00192155417321303,9.60777086606515,320.8550577874099,1.3105814927454353,BEARING,BEARING,0.4,0.6,True
10.77,10.77,AEROTWIN-4-001,TAKEOFF,0.45799999999999985,1771.095029537575,170.59208999434594,79.76935184846292,2.75866650561282,49.009958873088145,5.26524501035997,-51.51653737783529,-0.7246943755076138,-0.7246943755076138,-0.8884508234991924,5.09650608012724,45.78563344086347,559.0792723301784,24.926494602659915,410.08499526854206,59.4779075437588,0.001966681060554912,9.83340530277456,320.7825245188697,1.437170802484374,BEARING,BEARING,0.4,0.6,True
10.78,10.78,AEROTWIN-4-001,TAKEOFF,0.46199999999999974,1810.5837143418958,276.8577917666005,80.27457226200583,135.57451113721248,47.67648122506387,5.193121858031001,82.70490805411761,-5.430499712868837,-0.729284238451238,142.46357932698382,-0.729284238451238,46.11498937479001,560.1143312488686,24.933183350029367,408.9801317749127,59.31766035236979,0.0019579878773830876,9.789939386915439,320.7094969910712,1.0561584519934963,BEARING,BEARING,0.4,0.6,True
10.790000000000001,10.790000000000001,AEROTWIN-4-001,TAKEOFF,0.4660000000000003,1812.7552665315613,385.4928146271142,81.27639320317522,59.68318767341263,49.82619067347943,5.308908729306765,4.548088270626437,63.54345625082345,-2.383497269859545,-0.7383856537756398,-0.7383856537756398,46.45535971113413,561.1664374166505,24.940150703836863,410.75241304064764,59.57470848258945,0.0019985804260080724,9.992902130040363,320.63602132976615,0.46802248517868317,BEARING,BEARING,0.4,0.6,True
10.8,10.8,AEROTWIN-4-001,TAKEOFF,0.4700000000000003,1813.220695626743,494.25813061900794,81.99056128108826,56.23585047605213,49.94578200570676,5.315276052885642,0.9747924174597253,61.72670382979339,-4.001105794603687,-0.7448737795687873,-0.7448737795687873,46.79718968120615,562.2191715954621,24.947212514934186,410.8496482773463,59.588811286849754,0.0020105624081667257,10.05281204083363,320.5621439437572,0.5409451736555353,BEARING,BEARING,0.4,0.6,True
10.81,10.81,AEROTWIN-4-001,TAKEOFF,0.4740000000000002,1861.4682582542869,603.0513723566125,82.691916593767,156.33753231945286,49.971432687645596,5.316640762270087,101.04945886953718,-0.7512455030258893,162.86254963030595,-0.7512455030258893,-5.022526304801299,47.14002531695515,563.2717868894156,24.954360266976625,410.8704856873055,59.59183350311542,0.002021231151312944,10.106155756564721,320.4879114955846,1.3790566746817368,BEARING,BEARING,0.4,0.6,True
10.82,10.82,AEROTWIN-4-001,TAKEOFF,0.4780000000000001,1833.803005683044,714.7394678518698,83.74903063248624,0.18231046842762622,52.666169955422184,5.4581100046874385,-57.941969491682,-0.7608492490809567,2.2271955398156678,-0.7608492490809567,-0.5231865732261279,47.49602261570969,564.3447643278606,24.961839453451706,413.02480189099896,59.90429121666671,0.002069753949939022,10.34876974969511,320.4133708720539,1.5548469589096572,BEARING,BEARING,0.4,0.6,True
10.83,10.83,AEROTWIN-4-001,TAKEOFF,0.482,1867.120080063712,104.76764819285245,84.24534286098563,126.26845602394783,51.11234736760767,5.376991247399083,69.77911740894109,-0.7653581823009787,-0.7653581823009787,-5.550573493379571,133.34974588192935,47.845644325505205,565.4050607935283,24.969261044291695,411.7908974150657,59.725328179286294,0.002058295753326819,10.291478766634095,320.3385691546205,0.8265820329679876,BEARING,BEARING,0.4,0.6,True
10.84,10.84,AEROTWIN-4-001,TAKEOFF,0.4859999999999999,1887.1827849490235,216.7948529966752,85.19174033288076,100.48038018346261,52.98646731913463,5.474682011771601,42.01923085255638,-3.476717129915811,-0.7739560824842462,105.50500947834692,-0.7739560824842462,48.20458883834695,566.4791285937174,24.97694173139464,413.27642748022157,59.94078648887638,0.002095549134310943,10.477745671554715,320.26355358965225,0.3602385940387799,BEARING,BEARING,0.4,0.6,True
10.85,10.85,AEROTWIN-4-001,TAKEOFF,0.48999999999999977,1872.2391944996077,330.02582009361663,86.03686115099804,28.367019003406682,54.13129271786802,5.53350893496518,-31.29778264942652,-2.928838951602187,-0.7816338972003223,32.859125749409515,-0.7816338972003223,48.5693297877071,567.5609430009955,24.984814510453376,414.16841609554484,60.070158733665636,0.0021224603886539064,10.612301943269532,320.18837155858796,1.1028319379560072,BEARING,BEARING,0.4,0.6,True
10.86,10.86,AEROTWIN-4-001,TAKEOFF,0.4939999999999998,1923.6768816933095,442.3601717635931,86.63154832432396,166.49794556727082,53.27741339109252,5.489692039255982,107.73084013692231,173.92239606009574,-5.850377384360459,-0.7870365542322426,-0.7870365542322426,48.93078533114006,568.6353076521848,24.992694613527238,413.5042048760257,59.973822866809016,0.0021210570032901706,10.605285016450853,320.11307054800983,1.4905837427893727,BEARING,BEARING,0.4,0.6,True
10.870000000000001,10.870000000000001,AEROTWIN-4-001,TAKEOFF,0.49800000000000033,1912.395591033412,557.7807846651916,87.69559007991403,38.25813848143378,56.24510317274958,5.6405152154476745,-23.627479906763472,-0.7967032377104565,41.67625014490776,-0.7967032377104565,-1.824705188053067,49.30611064036901,569.7308579101773,25.00093766420295,415.7861042756805,60.304784991936145,0.002174023083815048,10.87011541907524,320.03769811965003,0.9604680488325222,BEARING,BEARING,0.4,0.6,True
10.88,10.88,AEROTWIN-4-001,TAKEOFF,0.5020000000000002,1913.9934005893426,672.5245201271964,88.32248782705344,64.5412265465382,55.58734529446187,5.607436743578206,3.3464445084981227,-0.8023985236923882,70.58121009505217,-0.8023985236923882,-4.435186501129202,49.67893211379735,570.8201845728657,25.009208315205452,415.2866948097743,60.232351641820046,0.0021757298986823845,10.878649493411924,319.9623018803499,0.5109548099184538,BEARING,BEARING,0.4,0.6,True
10.89,10.89,AEROTWIN-4-001,TAKEOFF,0.5060000000000002,1967.0392409231654,67.364124162557,89.0374065539218,172.39134069199685,55.68027072861729,5.612121765890103,111.09894819748945,-0.8088934690354416,-0.8088934690354416,-5.5993794533238415,179.60850708339157,50.052608445915226,571.9089628445109,25.017575855700986,415.35746369995417,60.242615820113954,0.0021880243536101965,10.940121768050982,319.88692945199017,1.553551448283655,BEARING,BEARING,0.4,0.6,True
10.9,10.9,AEROTWIN-4-001,TAKEOFF,0.5100000000000001,1938.6847356952555,185.38647861794692,90.0971082271539,5.191491640179665,58.80936822692998,5.767660293366588,-59.38553688011691,-0.5762797122242197,-0.8185207234196341,7.404812799243152,-0.8185207234196341,50.44042906638595,573.0192555909366,25.026324035244755,417.700291191384,60.58241483381595,0.0022434708713025215,11.217354356512608,319.81162844141204,1.5832267805822315,BEARING,BEARING,0.4,0.6,True
10.91,10.91,AEROTWIN-4-001,TAKEOFF,0.514,1953.1506276770351,301.7075627596622,90.6162793210705,93.1079496663844,57.12613580626186,5.6845205417344244,30.297293318388117,-5.252717681452996,-0.8232373265130406,100.00714200086347,-0.8232373265130406,50.821123204734214,574.1156390878897,25.03500532063391,416.44957759553705,60.401013835301505,0.0022308613922671383,11.15430696133569,319.73644641034775,0.13962666170933358,BEARING,BEARING,0.4,0.6,True
10.92,10.92,AEROTWIN-4-001,TAKEOFF,0.5179999999999999,2002.413359089992,418.89660042028436,91.41907692632982,166.88439322580456,57.98183307161624,5.726936752380168,103.17562340180815,173.87893396660874,-5.333479460314735,-0.8305306402447057,-0.8305306402447057,51.205897171087976,575.2168126654112,25.0438571188098,417.08812002053213,60.49362675153794,0.0022543090875501892,11.271545437750946,319.6614308453796,1.417354839825239,BEARING,BEARING,0.4,0.6,True
10.93,10.93,AEROTWIN-4-001,TAKEOFF,0.5219999999999998,1970.5115662501023,539.0414019656839,92.44073221019886,0.0,60.94357605628449,5.8713826251427,-66.81495868142719,0.1908414648194377,-0.10537488365008553,-0.8398122480398152,-0.8398122480398152,51.603685316312166,576.3375695026716,25.053076968637352,419.25559798566394,60.80799342064473,0.0023076525248734193,11.538262624367096,319.5866291279461,1.716810682176383,BEARING,BEARING,0.4,0.6,True
10.94,10.94,AEROTWIN-4-001,TAKEOFF,0.5259999999999998,1990.7744312089817,657.2720959406901,92.94649498255374,107.23346532857968,59.01717851525875,5.777841682988702,42.438445130332234,-0.8444070382439904,114.55135319618651,-0.8444070382439904,-5.629073791118851,51.99325414606589,577.4426352220692,25.06220747970687,417.85320629340794,60.6045933343833,0.002291750369438609,11.458751847193044,319.5120885044154,0.3475678892112755,BEARING,BEARING,0.4,0.6,True
10.950000000000001,10.950000000000001,AEROTWIN-4-001,TAKEOFF,0.5300000000000004,2039.077741118258,56.718561813228916,93.7844415436105,167.24064322004477,60.237172010504196,5.837255506171166,101.16621570336942,-0.8520196757507783,-0.8520196757507783,-5.342068674863065,174.28675124640938,52.388276092921686,578.5547583834641,25.071545136417,418.7444762272796,60.73386134305218,0.0023206770772045233,11.603385386022616,319.4378560562428,1.3840122987574626,BEARING,BEARING,0.4,0.6,True
10.96,10.96,AEROTWIN-4-001,TAKEOFF,0.5340000000000003,2006.049273072527,179.06322628032441,94.78640787083876,0.0,63.195773506373605,5.978888208155883,-69.17466171452949,-0.8611224118889602,-0.8611224118889602,-0.10558904765936813,0.18903895535260784,52.79589032437713,579.6857798843567,25.081253211719858,420.86184622716297,61.040960453095266,0.002374214823090033,11.871074115450167,319.36397867023385,1.7596744402007878,BEARING,BEARING,0.4,0.6,True
10.97,10.97,AEROTWIN-4-001,TAKEOFF,0.5380000000000003,2023.7388100549242,299.42618266467605,95.29696443232527,104.09601882868348,61.16509552739196,5.882043681755542,37.04887961953598,-5.655513226778989,-0.86576075305526,111.48305356157299,-0.86576075305526,53.194838046734205,580.8003707899932,25.090862925485894,419.4151466739561,60.83113404329724,0.0023570580764712265,11.785290382356132,319.2905030089288,0.25325978278518485,BEARING,BEARING,0.4,0.6,True
10.98,10.98,AEROTWIN-4-001,TAKEOFF,0.5420000000000001,2076.4812041817204,420.8505112679715,96.11483952421665,178.6458951997677,62.248571138890796,5.933912113222893,110.46341194765401,186.11179975260077,-5.719522465177712,-0.8731910438276788,-0.8731910438276788,53.59841339538403,581.9206781531241,25.10066879496247,420.19056408802976,60.94359903419966,0.0023842694736478437,11.92134736823922,319.2174754811303,1.544442683766909,BEARING,BEARING,0.4,0.6,True
10.99,10.99,AEROTWIN-4-001,TAKEOFF,0.546,2045.0085591698557,545.4393835188747,97.12876383425116,5.70788584187903,65.5354785241388,6.0885608899496075,-65.91615357220937,-0.8824024167126975,8.100029903151944,-0.8824024167126975,-0.6273392278475187,54.01555391214484,583.0615817153739,25.11087861210065,422.49453225053765,61.27776196855348,0.0024427066465843713,12.213533232921858,319.1449422125901,1.7026625998622669,BEARING,BEARING,0.4,0.6,True
11.0,11.0,AEROTWIN-4-001,TAKEOFF,0.5499999999999999,2051.34069316858,668.139897069066,97.66157035679082,82.82219660084745,63.56392789127384,5.996278274948515,13.26199043462509,-0.8872428959339875,89.83034081065068,-0.8872428959339875,-5.233658417935262,54.42429761054167,584.1864744121337,25.120996955563058,421.1211273188844,61.078566064076355,0.002426683201743836,12.13341600871918,319.07294901687516,0.36089793877486165,BEARING,BEARING,0.4,0.6,True
11.01,11.01,AEROTWIN-4-001,TAKEOFF,0.5539999999999998,2109.9191757364015,71.22033865918081,98.4091001004385,192.65950617042597,63.95817411319849,6.01484506155699,122.68648699567049,-0.8940341082002629,-0.8940341082002629,-6.348292112518434,200.79586649934492,54.8345474327072,585.3119585631883,25.13124714523097,421.39778703956785,61.11869223664484,0.0024442096937538614,12.221048468769308,319.00154136643107,1.7509086201772217,BEARING,BEARING,0.4,0.6,True
11.02,11.02,AEROTWIN-4-001,TAKEOFF,0.5579999999999998,2095.4328524512885,197.8154892033649,99.4419097673418,43.509654848357954,67.66313324503211,6.186606143350929,-30.34008454002509,-2.073021580803986,-0.9034170521408954,47.38951053344373,-0.9034170521408954,55.25970638691519,586.4604106744242,25.141944031026355,423.9491472830944,61.48873642364545,0.0025089109163144046,12.544554581572024,318.93076436386025,1.0833257948961785,BEARING,BEARING,0.4,0.6,True
11.03,11.03,AEROTWIN-4-001,TAKEOFF,0.5619999999999997,2082.7983517142143,323.5414603504422,100.0787056198043,46.41969075008981,66.73719719000594,6.144130024994894,-26.461636464911024,-4.052139077835036,-0.9092022611457625,52.29023435021638,-0.9092022611457625,55.68073210903589,587.5999430586141,25.152650096704956,423.31953513464197,61.3974187368582,0.002508046055725736,12.54023027862868,318.8606627134346,1.042798133760397,BEARING,BEARING,0.4,0.6,True
11.040000000000001,11.040000000000001,AEROTWIN-4-001,TAKEOFF,0.5660000000000003,2137.147066228413,448.50936145329507,100.72192985482046,185.86959919111567,65.93483395726712,6.107083733944018,113.82768149990453,194.56021250296718,-6.8605215694809765,-0.9150458711852666,-0.9150458711852666,56.09815476078583,588.7315723471692,25.16337492535733,422.76969689347567,61.317671298035926,0.0025086590540772903,12.543295270386452,318.791280692859,1.593203180412555,BEARING,BEARING,0.4,0.6,True
11.05,11.05,AEROTWIN-4-001,TAKEOFF,0.5700000000000003,2158.1876262388873,576.7381854269998,101.717809174943,119.75443554238002,69.42074721678932,6.266442488043884,44.067245837546814,-0.9240933076411648,125.74828516555367,-0.9240933076411648,-4.145663007891313,56.52920609493283,589.8842032097307,25.1745288031998,425.1302076435508,61.660035056205324,0.002570580003346119,12.852900016730597,318.7226621253048,0.4215682787691934,BEARING,BEARING,0.4,0.6,True
11.06,11.06,AEROTWIN-4-001,TAKEOFF,0.5740000000000002,2125.2600558129807,706.229443001333,102.53165946737484,8.159187440704066,70.79439304221387,6.32813663221645,-68.96334223372625,-0.9314870336244345,11.68510606248047,-0.9314870336244345,-1.6629445545275334,56.96504257984505,591.0430356835898,25.185909736845108,426.0408199200455,61.79210843956356,0.0026023176395484375,13.011588197742187,318.6548503517299,1.758552225732665,BEARING,BEARING,0.4,0.6,True
11.07,11.07,AEROTWIN-4-001,TAKEOFF,0.5780000000000001,2151.2206613949897,113.74504635011192,103.0858553547078,129.25399873370338,68.65064559449286,6.2315879530892335,54.371765186121294,-0.9365218324935869,-0.9365218324935869,-6.429313429919507,137.55635582861007,57.39189984373745,592.1847855297056,25.197185173313308,424.6149588495217,61.58530440161693,0.0025844127065619347,12.922063532809675,318.587888203504,0.5632494108242699,BEARING,BEARING,0.4,0.6,True
11.08,11.08,AEROTWIN-4-001,TAKEOFF,0.582,2208.286066041598,242.8182860338113,103.92775558840982,196.16327263041325,70.33806019812027,6.307708424349803,119.51750400794317,-6.299237241801249,-0.9441703886114985,204.3508506494375,-0.9441703886114985,57.82490500078766,593.3351176034894,25.2087201678657,425.7394948075882,61.748404847902975,0.0026209610540243893,13.104805270121947,318.52181797535513,1.7207878788556235,BEARING,BEARING,0.4,0.6,True
11.09,11.09,AEROTWIN-4-001,TAKEOFF,0.5859999999999999,2187.219515845669,375.31544999630717,104.89381005112661,36.47262289249565,74.11926951720994,6.475032929960924,-44.12167955467522,40.26630297510821,-1.8877863425199413,-0.9529468700463087,-0.9529468700463087,58.27163092283498,594.50714797742,25.22071001642283,428.2019231364943,62.10555052787086,0.0026866413173058635,13.433206586529318,318.45668139865546,1.3070833550655128,BEARING,BEARING,0.4,0.6,True
11.1,11.1,AEROTWIN-4-001,TAKEOFF,0.5899999999999999,2169.559725192643,506.5486209470473,105.52148772306006,42.13853626283335,72.71185273723582,6.413262578584378,-36.98657905298685,48.01910032981167,-3.9632655838875186,-0.9586492415454029,-0.9586492415454029,58.71227915042912,595.6668490704898,25.2326684753924,427.29438006469184,61.973922295822774,0.0026798250234745893,13.399125117372947,318.392519615063,1.217780375580451,BEARING,BEARING,0.4,0.6,True
11.11,11.11,AEROTWIN-4-001,TAKEOFF,0.5939999999999998,2218.116529327411,636.7222044586059,106.15757206948814,179.60104403264438,71.54242989701058,6.361481367910197,101.6971327677236,-0.9644279866088021,188.71338419331104,-0.9644279866088021,-7.183484187449069,59.14777840521677,596.8159891545243,25.24461446896713,426.53225206601275,61.86338477515036,0.002675887268840647,13.379436344203235,318.32937315053545,1.3928973642676177,BEARING,BEARING,0.4,0.6,True
11.120000000000001,11.120000000000001,AEROTWIN-4-001,TAKEOFF,0.5980000000000003,2261.8547072622487,49.80919621825058,107.081443889151,172.88952385382447,74.78064084571345,6.50385735378501,91.60502565432601,-0.9728212441179211,-0.9728212441179211,-5.5735333222419685,180.40869966430228,59.59477514071881,597.983210795373,25.256969068756874,428.6248244949945,62.16688729510501,0.002734562323034366,13.672811615171831,318.26728188973317,1.2618867986186282,BEARING,BEARING,0.4,0.6,True
11.13,11.13,AEROTWIN-4-001,TAKEOFF,0.6020000000000003,2224.681225753178,185.5204786539855,107.95866512758188,6.5350049023663725,77.75885812416651,6.632104389701067,-77.85595761150121,-0.7076516678907263,-0.9807906870535281,9.204237944364154,-0.9807906870535281,60.05161239936833,599.165996828601,25.269702559714705,430.5019032276969,62.439135040338705,0.002788869824719176,13.944349123595881,318.20628505082743,1.8875587892485906,BEARING,BEARING,0.4,0.6,True
11.14,11.14,AEROTWIN-4-001,TAKEOFF,0.6060000000000002,2215.1032740865853,319.00135219917615,108.54002869377646,61.68702563367507,75.22393464610026,6.523106049044965,-20.060015061470157,-4.851780545144176,-0.9860723008159994,68.51095078045124,-0.9860723008159994,60.49833640629479,600.3292817189231,25.282301017659233,428.9070255078571,62.20781716560858,0.0027667169937107983,13.833584968553993,318.146421160729,0.9305300828115948,BEARING,BEARING,0.4,0.6,True
11.15,11.15,AEROTWIN-4-001,TAKEOFF,0.6100000000000001,2269.646776691141,451.9075486443713,109.21798905083476,195.30827037930152,74.57760362899057,6.495022027958906,114.23564472235203,204.7303455590719,-7.4376122115930405,-0.9922314840886758,-0.9922314840886758,60.941859286177746,601.4853796505586,25.29493842265876,428.49523575503605,62.14809200343892,0.00277048123537374,13.8524061768687,318.0877280307539,1.6166617499608513,BEARING,BEARING,0.4,0.6,True
11.16,11.16,AEROTWIN-4-001,TAKEOFF,0.614,2311.3779141675536,588.0863552458397,110.1370135915324,172.35197999671175,78.2955381182465,6.654951930570199,87.40148994789504,-1.000580704687362,179.93752602898363,-1.000580704687362,-5.584384622897164,61.397929170123916,602.6619509207337,25.30803089277095,430.83554439422403,62.48752568784946,0.0028359903645227913,14.179951822613956,318.03024273274116,1.2018390119797548,BEARING,BEARING,0.4,0.6,True
11.17,11.17,AEROTWIN-4-001,TAKEOFF,0.6179999999999999,2274.1050040759906,6.769030095892958,110.9815360574574,9.914301928479201,81.2011882596929,6.777314016497252,-78.06420034771095,-1.0082530834501773,-1.0082530834501773,-0.8912999597118104,12.822108055091366,61.8628998897673,603.8529926823586,25.3214958955845,432.61851559786595,62.746124265283285,0.0028893242219294487,14.446621109647245,317.9740015756369,1.88409457107877,BEARING,BEARING,0.4,0.6,True
11.18,11.18,AEROTWIN-4-001,TAKEOFF,0.6219999999999999,2258.4883070702917,143.2153303404524,111.58689591075358,52.563919732490895,78.6034293207747,6.668024136010456,-32.70753372429426,-1.0137527004167943,-1.0137527004167943,-4.552834310762024,59.14425944408651,62.31779156341183,605.0242842956179,25.33482306130958,431.02633390906277,62.51519741750265,0.002866844764431643,14.334223822158215,317.9190400825616,1.1462272288693536,BEARING,BEARING,0.4,0.6,True
11.19,11.19,AEROTWIN-4-001,TAKEOFF,0.6259999999999998,2306.5872154328254,278.7246287646699,112.25078285540846,184.88791942149254,77.52756772774643,6.622233588796444,100.73811810494966,-7.559879089985997,-1.01978402853487,194.48736656854828,-1.01978402853487,62.7679116926981,606.1856007484005,25.34815002566583,430.3576894791381,62.418218566675236,0.0028648636238716167,14.324318119358084,317.86539296837213,1.3836082911290006,BEARING,BEARING,0.4,0.6,True
11.200000000000001,11.200000000000001,AEROTWIN-4-001,TAKEOFF,0.6300000000000003,2361.507413421388,417.11986169063937,113.12296329838121,202.65279295470745,80.86493231085308,6.763266954143374,115.024593689711,211.18128759166103,-6.473079283978771,-1.0277076764874173,-1.0277076764874173,63.22862074307014,607.3644981077331,25.361897700349235,432.41416122228657,62.716485115358,0.0029252244428630983,14.626122214315492,317.8130941177358,1.6819190955048704,BEARING,BEARING,0.4,0.6,True
11.21,11.21,AEROTWIN-4-001,TAKEOFF,0.6340000000000003,2343.5523008817995,558.8103064959226,113.97705508383162,54.08079122277175,84.76158960329607,6.9243013853089685,-37.60509976583329,-1.0354669912961798,58.65576377575631,-1.0354669912961798,-2.504038570392206,63.700918219296916,608.5634602607918,25.376110269646333,434.7518234525503,63.05553496991099,0.002992254112251144,14.96127056125572,317.76217656372745,1.1664709514090883,BEARING,BEARING,0.4,0.6,True
11.22,11.22,AEROTWIN-4-001,TAKEOFF,0.6380000000000002,2309.682975511741,699.4234445488306,114.65643687489839,19.41346891005096,83.47756384082594,6.871654245636803,-70.93574917641179,-1.0416390881153152,24.24244468653894,-1.0416390881153152,-2.7456976002573503,64.16771946311954,609.7507533117928,25.390311163555733,433.9887777548737,62.94486434801137,0.002988553864558288,14.942769322791442,317.71267246696567,1.7840038257558715,BEARING,BEARING,0.4,0.6,True
11.23,11.23,AEROTWIN-4-001,TAKEOFF,0.6420000000000001,2330.093297709002,118.00442307953506,115.28665149079178,130.60176493891962,81.08214189391948,6.772344196789826,42.74727884821031,-1.0473645074263338,-1.0473645074263338,-6.935475070525555,139.63196902429783,64.62538315722041,610.9198486113602,25.40439138438794,432.54622516253016,62.73563940512305,0.0029687802366416527,14.843901183208263,317.66461309529893,0.38333655204471173,BEARING,BEARING,0.4,0.6,True
11.24,11.24,AEROTWIN-4-001,TAKEOFF,0.646,2395.6855068940354,257.8100209420752,116.0607801163383,226.72968711619643,82.52149505673536,6.83219038717732,137.37600167228373,-7.729677755208693,-1.054397367138153,236.56815960568144,-1.054397367138153,65.08674234197711,612.09446380938,25.41871325925369,433.41603833460823,62.861795367974906,0.0030026370728865204,15.013185364432603,317.6180288040565,2.0531875228162324,BEARING,BEARING,0.4,0.6,True
11.25,11.25,AEROTWIN-4-001,TAKEOFF,0.6499999999999999,2426.2032987624852,401.5511513557173,116.91685635420612,158.17368376637944,87.2328531517237,7.024516789518517,63.91631382513722,165.58199458977742,-5.2839614025105694,-1.062174710443726,-1.062174710443726,65.56181625901252,613.293824574243,25.433579225058807,436.2011083563391,63.26573635378671,0.0030813456123273495,15.406728061636748,317.57294901687516,0.8422717333613042,BEARING,BEARING,0.4,0.6,True
11.26,11.26,AEROTWIN-4-001,TAKEOFF,0.6539999999999999,2385.5958747235222,547.1233492814664,117.67813240159829,11.535475337327618,89.46946573646272,7.113999628873709,-85.04799002800881,-1.069090806124205,14.667958413095015,-1.069090806124205,-0.9943014635189862,66.04209654886321,614.5022803736423,25.448755096931244,437.49169021424456,63.4529197652936,0.003125450528420893,15.627252642104466,317.52940220711474,1.979575630627912,BEARING,BEARING,0.4,0.6,True
11.27,11.27,AEROTWIN-4-001,TAKEOFF,0.6579999999999998,2359.3319067066855,690.2591017648778,118.33876383924373,38.48742981792626,86.49962335896501,6.9949324428344966,-55.007125983873244,-1.0750925583768076,44.637592849803546,-1.0750925583768076,-3.999977915123668,66.51189784260377,615.6891215963255,25.463767853041006,435.7737012468425,63.20374608143954,0.0030993657178446,15.496828589223002,317.4874158798736,1.5170848883628254,BEARING,BEARING,0.4,0.6,True
11.28,11.28,AEROTWIN-4-001,TAKEOFF,0.6619999999999997,2389.9530267974706,111.81901616727896,119.00601600091306,155.65613702044826,84.6054906060579,6.917922466457074,64.13272394793329,-1.0811544590617432,-1.0811544590617432,-7.5277745917452465,165.34622053031697,66.97446627113881,616.8610358021489,25.478708425807113,434.65943200332754,63.04213469889862,0.0030868733103785184,15.434366551892593,317.4470165546159,0.7595376939153868,BEARING,BEARING,0.4,0.6,True
11.290000000000001,11.290000000000001,AEROTWIN-4-001,TAKEOFF,0.6660000000000004,2457.3257731130366,255.2161977751272,119.78518941276955,234.92874316948775,86.81588497140227,7.007708279984181,141.1051499181013,-7.891558553438655,-1.0882331500130018,244.99676802295238,-1.0882331500130018,67.44271009442565,618.0427754900084,25.49396474245193,435.9583189163986,63.23052265899662,0.00313172128796483,15.65860643982415,317.4082297484215,2.1349535230319363,BEARING,BEARING,0.4,0.6,True
11.3,11.3,AEROTWIN-4-001,TAKEOFF,0.6700000000000003,2490.1558874208476,402.6557441619094,120.58565724665264,167.74403897778578,91.77955287062846,7.205255489869522,68.75923061728778,175.5023402251823,-5.5672906512581175,-1.0955052980692106,-1.0955052980692106,67.92414233121353,619.2498457198066,25.509785240341984,438.8045043947105,63.643327708400015,0.003213473524655468,16.06736762327734,317.3710799598684,0.9492118838279594,BEARING,BEARING,0.4,0.6,True
11.31,11.31,AEROTWIN-4-001,TAKEOFF,0.6740000000000002,2455.516614975941,552.0650974071602,121.31923221531785,29.00149838968493,94.24830253602632,7.301518412733725,-72.54832255907512,-1.1021697329867057,32.93367814829415,-1.1021697329867057,-1.7278402926358067,68.41070050485297,620.4668092428489,25.52593533727057,440.18575191886737,63.84366108680869,0.0032605961328857277,16.30298066442864,317.3355906535594,1.7414894400341687,BEARING,BEARING,0.4,0.6,True
11.32,11.32,AEROTWIN-4-001,TAKEOFF,0.678,2418.21044796061,699.3960943057167,122.0242292715669,20.710558084766564,91.6444608095878,7.19995076115102,-78.13385348597225,-1.1085745412191166,25.85355788938442,-1.1085745412191166,-2.925850722179622,68.88838982603993,621.6645032753388,25.541962229151597,438.7282815492513,63.63227249934031,0.003240467895618569,16.202339478092846,317.3017842453009,1.8968206153170413,BEARING,BEARING,0.4,0.6,True
11.33,11.33,AEROTWIN-4-001,TAKEOFF,0.682,2427.993792502682,124.48872118335328,122.70637016791463,116.46169505054839,88.88094279033662,7.090563366270658,20.49018889394111,-1.1147717041574092,-1.1147717041574092,-6.891276249567626,125.58251470843082,69.35664291986916,622.8422665997242,25.557841204517615,437.15399205028626,63.403940698989416,0.0032168258142240623,16.084129071120312,317.269682087945,0.2308868158268789,BEARING,BEARING,0.4,0.6,True
11.34,11.34,AEROTWIN-4-001,TAKEOFF,0.6859999999999999,2489.0025621703608,270.1683487335142,123.43818901544405,224.49728615340828,89.60156812766513,7.119249630722176,127.77646839502097,-8.410615081427363,-1.1214201849386312,235.15074160471292,-1.1214201849386312,69.82567413856297,624.0207787029466,25.573896053826488,437.56730809810244,63.46388723193258,0.003241075782125595,16.205378910627974,317.2393044579024,1.8907197573400665,BEARING,BEARING,0.4,0.6,True
11.35,11.35,AEROTWIN-4-001,TAKEOFF,0.6899999999999998,2549.456979449611,419.5085024637359,124.1990190236773,228.07459198190477,94.16101982773311,7.298136686475205,126.61543546769647,237.62342335499918,-7.292166916273806,-1.128332228410308,-1.128332228410308,70.30600207717816,625.2219746191602,25.59048144254984,440.137290535934,63.8366323447508,0.0033178372698914756,16.58918634945738,317.21067054233527,1.943681307436213,BEARING,BEARING,0.4,0.6,True
11.36,11.36,AEROTWIN-4-001,TAKEOFF,0.6939999999999997,2559.10034647928,572.4759212307126,124.90004549076829,126.46306877530004,98.79064980165212,7.475398296129979,20.19702067751794,-1.1347009643472366,133.30201181580955,-1.1347009643472366,-4.569541111815034,70.79647961050817,626.4450496734453,25.60758826522028,442.67152140502674,64.20419212154226,0.003393548853467351,16.96774426733676,317.18379842703837,0.15694144899029752,BEARING,BEARING,0.4,0.6,True
11.370000000000001,11.370000000000001,AEROTWIN-4-001,TAKEOFF,0.6980000000000004,2512.293909089101,6.021942019469407,125.61134094407471,9.011918968934369,99.53941807431958,7.503674125078505,-98.03117323046372,-1.1411629927126488,-1.1411629927126488,-0.8978897362331055,12.192134690592773,71.28687785329979,627.6676807229575,25.62487255061794,443.07465064104895,64.26266117967646,0.0034181849134957442,17.090924567478723,317.15870508501575,2.1706816549733277,BEARING,BEARING,0.4,0.6,True
11.38,11.38,AEROTWIN-4-001,TAKEOFF,0.7020000000000003,2475.6770658601486,156.75957656481546,126.35875277872597,26.607820276210308,95.93152691747291,7.366430482555856,-76.69013712381846,-1.1479531337907478,-1.1479531337907478,-3.3972836285756385,32.30101017236744,71.76649954818596,628.8656860944932,25.64194932829386,441.1150986849238,63.97845168306398,0.003385591578352629,16.927957891763146,317.13540636576005,1.8729264700468347,BEARING,BEARING,0.4,0.6,True
11.39,11.39,AEROTWIN-4-001,TAKEOFF,0.7060000000000002,2483.9432163779006,305.30020051642435,127.07509020869836,117.72713914893262,93.15548969832514,7.2590642905825105,17.31258516002497,-7.066474931049209,-1.154460967870342,127.1025360157225,-1.154460967870342,72.23725522803039,630.0440483989281,25.65888032276086,439.5770423432974,63.75537506738717,0.0033623506932125386,16.811753466062694,317.11391698524176,0.28863784070213605,BEARING,BEARING,0.4,0.6,True
11.4,11.4,AEROTWIN-4-001,TAKEOFF,0.7100000000000001,2541.966445900061,454.33679349909835,127.79784820020399,222.58548007873034,93.7786104326746,7.2833019098065455,121.52356773624922,233.59030575260857,-8.682771410015032,-1.1610271319316012,-1.1610271319316012,72.70828233321654,631.2224942816883,25.675979292368048,439.9246496231691,63.8057913320452,0.0033855286440714243,16.927643220357123,317.0942505166141,1.7843342587173514,BEARING,BEARING,0.4,0.6,True
11.41,11.41,AEROTWIN-4-001,TAKEOFF,0.7140000000000001,2610.054497012903,606.854780253102,128.5052181429961,248.26770668488817,98.21099099801592,7.4534349046372945,142.60328078223495,-1.1674534975352533,258.6537661269281,-1.1674534975352533,-8.051152446969395,73.18914331119454,632.4223461157461,25.693596398358356,442.3581783024942,64.15874546463715,0.0034605702175973248,17.302851087986625,317.0764193816403,2.224965101467786,BEARING,BEARING,0.4,0.6,True
11.42,11.42,AEROTWIN-4-001,TAKEOFF,0.718,2644.410996085926,43.458050073876166,129.13777280741218,183.15189421419433,103.54273132254684,7.653079497732422,71.95608339391507,-1.1732001758882913,-1.1732001758882913,-6.052158106437269,191.5504526724082,73.68055797671734,633.6473822472866,25.711794284433783,445.19971719874,64.57087658307086,0.003545282337375649,17.726411686878244,317.06043484284726,1.078664077402899,BEARING,BEARING,0.4,0.6,True
11.43,11.43,AEROTWIN-4-001,TAKEOFF,0.7219999999999999,2627.221157297323,202.1227098390317,129.78300372432082,78.03806967277262,106.28656582806742,7.753818014483903,-36.00231416977871,-3.3301852685535738,-1.179062016376548,83.7263789740793,-1.179062016376548,74.17575634132697,634.882516689427,25.730338573140237,446.6278846400963,64.77801513243028,0.0035953160895874177,17.97658044793709,317.0463069964124,1.0411638093660138,BEARING,BEARING,0.4,0.6,True
11.44,11.44,AEROTWIN-4-001,TAKEOFF,0.7259999999999998,2573.4525763356232,359.7559792768711,130.54187200497128,0.0,104.90923785417,7.7034147746462125,-112.61265262881622,-0.03788198183888911,-1.1859562378036352,0.0346111514876315,-1.1859562378036352,74.66608471203976,636.1054056967473,25.74888155178735,445.91378607532215,64.67444370479258,0.0035933838486474187,17.966919243237093,317.03404476578623,2.419000609181087,BEARING,BEARING,0.4,0.6,True
11.450000000000001,11.450000000000001,AEROTWIN-4-001,TAKEOFF,0.7300000000000004,2537.7195216782184,514.1631338570085,131.35370188280808,33.365667262387184,100.65904486943775,7.545757060965871,-74.83913466801643,39.65282708402697,-3.90049660448317,-1.193331608578303,-1.193331608578303,75.14525974894292,637.3006788013296,25.76716592365769,443.6740662130379,64.3495992154066,0.0035532308985172364,17.766154492586182,317.02365589605654,1.845884379277551,BEARING,BEARING,0.4,0.6,True
11.46,11.46,AEROTWIN-4-001,TAKEOFF,0.7340000000000003,2543.895037167336,666.4263051577016,132.1077240583092,118.25804989409251,97.88309822650163,7.440982272430649,12.93396939516023,-1.200181803758925,127.9011020287034,-1.200181803758925,-7.2426885270930494,75.6163220658569,638.4767559120156,25.785307992098016,442.1804394620492,64.1329665786967,0.003530586757691774,17.65293378845887,317.0151469490561,0.37122669016816023,BEARING,BEARING,0.4,0.6,True
11.47,11.47,AEROTWIN-4-001,TAKEOFF,0.7380000000000002,2597.3361798050732,99.06000738774173,132.82328472186728,217.7460302273279,98.36007299097064,7.459089829583872,111.9268674067734,-1.2066825810148334,-1.2066825810148334,-8.93720971529398,229.09660510465156,76.08710510110258,639.6520777444298,25.80360563309251,442.43887253294815,64.17044919443373,0.0035520578116688983,17.76028905834449,317.00852329921815,1.615389703000148,BEARING,BEARING,0.4,0.6,True
11.48,11.48,AEROTWIN-4-001,TAKEOFF,0.7420000000000001,2669.7605184962754,254.90017817604613,133.47736217022458,261.8370680635212,102.5361003706479,7.615787443953355,151.68518024891995,-8.780677722698103,-1.2126247911116557,273.0429953684426,-1.2126247911116557,76.56594179885289,640.8469198778783,25.822397307252444,444.6700770299514,64.4940586322701,0.003623708941300031,18.118544706500156,317.00378913018193,2.378900835552173,BEARING,BEARING,0.4,0.6,True
11.49,11.49,AEROTWIN-4-001,TAKEOFF,0.7460000000000001,2726.159701858622,415.0858092858226,134.02728057957907,234.28439491622171,108.33407480684514,7.828146696301844,118.12217341307473,244.2080965054944,-7.488460129993553,-1.21762072963958,-1.21762072963958,77.05483068927028,642.0689299602869,25.841808278939787,447.6792611139735,64.93050467344848,0.0037144033713426452,18.572016856713226,317.0009474321501,1.8917764954968157,BEARING,BEARING,0.4,0.6,True
11.5,11.5,AEROTWIN-4-001,TAKEOFF,0.75,2748.6386815055757,578.6553913973399,134.54906067261743,168.03295866584716,112.95957604739131,7.993517739080148,47.079864879375705,-1.2223610351568552,176.2041504957743,-1.2223610351568552,-5.726469759613413,77.54991086877736,643.3105608692192,25.86171788388402,450.01130543976876,65.26873971837318,0.003787556397953163,18.937781989765817,317.0,0.7269716441064741,BEARING,BEARING,0.4,0.6,True
11.51,11.51,AEROTWIN-4-001,TAKEOFF,0.7539999999999999,2732.444748404312,23.573712287674425,135.17205730993305,88.97304363000407,114.83010825586291,8.059429549911274,-33.91649417577011,-1.2280208800541845,-1.2280208800541845,-3.683404635973975,95.11249002608642,78.04584320038717,644.5567848538483,25.881894846734284,450.9380892791794,65.40315859287362,0.0038261379805721524,19.130689902860762,317.0009474321501,0.9509931222738842,BEARING,BEARING,0.4,0.6,True
11.52,11.52,AEROTWIN-4-001,TAKEOFF,0.7579999999999998,2681.448472776646,187.52039719193314,135.95856785298753,14.686620090394246,113.48102354720432,8.011946458065196,-106.80634991487527,-1.2124311699306036,-1.2351662279054723,18.369383716135793,-1.2351662279054723,78.53750561563243,645.7909129818182,25.902080944900895,450.27058446647163,65.30634502984812,0.00382581323931489,19.12906619657445,317.00378913018193,2.263682607923941,BEARING,BEARING,0.4,0.6,True
11.53,11.53,AEROTWIN-4-001,TAKEOFF,0.7619999999999997,2629.162709731405,348.4073055585319,136.86509101184507,7.640074943355735,109.2847034220166,7.86241756818437,-109.50704604684525,-1.87399019291492,-1.2434018750464877,12.00086888636363,-1.2434018750464877,79.02004655652006,646.9983323598914,25.922033299812664,448.16334808707296,65.00071567985289,0.0037891402667852322,18.945701333926163,317.00852329921815,2.3994806291025164,BEARING,BEARING,0.4,0.6,True
11.540000000000001,11.540000000000001,AEROTWIN-4-001,TAKEOFF,0.7660000000000003,2602.1158296590866,506.15706814241616,137.72977940832124,56.12660842320511,105.06435387796607,7.709107703718787,-56.64685315847974,63.855482956771894,-5.226359616140184,-1.2512574587132999,-1.2512574587132999,79.49285868462718,648.1791580693504,25.941728827493176,445.9944885593842,64.68614863167596,0.003749371398522718,18.74685699261359,317.0151469490561,1.5626983071894365,BEARING,BEARING,0.4,0.6,True
11.55,11.55,AEROTWIN-4-001,TAKEOFF,0.7700000000000002,2616.205795694302,662.2840179219613,138.50561493723166,140.05358193912622,102.91382397278814,7.629802109296915,29.509955857041167,-1.2583058254242196,150.5485840944761,-1.2583058254242196,-7.978390504501455,79.95978758763194,649.3448716160419,25.96134022414448,444.86918093300346,64.52293626416096,0.0037354734249932134,18.677367124966068,317.02365589605654,0.15999970976942907,BEARING,BEARING,0.4,0.6,True
11.56,11.56,AEROTWIN-4-001,TAKEOFF,0.7740000000000001,2671.5241089005403,99.25636566361948,139.19713648337736,227.56087958504682,104.03135928575163,7.671116047496774,115.85840425179842,-1.264588210368078,-1.264588210368078,-9.360910328354278,239.45096633413726,80.42766618542575,650.5134808809385,25.98123912886568,445.45569589531215,64.60800322126428,0.003766103854008986,18.83051927004493,317.03404476578623,1.6801761095701273,BEARING,BEARING,0.4,0.6,True
11.57,11.57,AEROTWIN-4-001,TAKEOFF,0.7780000000000001,2745.7323697346474,259.54781219765187,139.77093553557066,271.73198458801437,108.47724872649464,7.833317813449292,155.42141804807045,-9.365481232956869,-1.2698011014867876,283.63706802394483,-1.2698011014867876,80.90266219234631,651.7025827627295,26.00173281890008,447.7523318995048,64.94110271404037,0.003841305997592385,19.20652998796193,317.0463069964124,2.446710697982297,BEARING,BEARING,0.4,0.6,True
11.58,11.58,AEROTWIN-4-001,TAKEOFF,0.782,2814.771726920862,424.2917543817307,140.2049170418231,267.2340015397586,114.5874021778594,8.05090779871659,144.59569156318258,278.3889520895176,-8.607463013650127,-1.2737437680544306,-1.2737437680544306,81.38610509559109,652.9197606378333,26.0229463097275,450.8183507828376,65.3857919608412,0.003935491277862296,19.67745638931148,317.06043484284726,2.3653238307082622,BEARING,BEARING,0.4,0.6,True
11.59,11.59,AEROTWIN-4-001,TAKEOFF,0.7859999999999999,2867.64091390041,593.1780579969825,140.56453787135177,239.40458271960568,120.42227467522484,8.253341766905045,110.72896627747579,-1.2770108773694202,249.62547682293356,-1.2770108773694202,-7.66687234858904,81.87552293516083,654.1620973619964,26.044828369642808,451.00000000000006,65.41213800000001,0.00402257547599815,20.112877379990753,317.0764193816403,1.8767163751465625,BEARING,BEARING,0.4,0.6,True
11.6,11.6,AEROTWIN-4-001,TAKEOFF,0.7899999999999998,2903.3282190628197,45.236512831007076,140.94483399368121,208.1401639877578,124.98848451830223,8.408362319693511,74.74331714976206,-1.2804658190794025,-1.2804658190794025,-6.818669042040261,217.51976466795688,82.36781039576675,655.4220338910467,26.067258913084217,451.00000000000006,65.41213800000001,0.00409198675363313,20.459933768165648,317.0942505166141,1.3266125329911433,BEARING,BEARING,0.4,0.6,True
11.61,11.61,AEROTWIN-4-001,TAKEOFF,0.7939999999999997,2924.335397512055,219.43620597477627,141.40167716665283,180.62909759684425,128.11876297396236,8.513002963703178,43.997331659178705,-6.120091530179257,-1.2846161809699004,189.31842148896328,-1.2846161809699004,82.86067998767314,656.691766566226,26.090120244406677,451.00000000000006,65.41213800000001,0.004143758046645322,20.71879023322661,317.11391698524176,0.8396959564786334,BEARING,BEARING,0.4,0.6,True
11.620000000000001,11.620000000000001,AEROTWIN-4-001,TAKEOFF,0.7980000000000004,2933.205289993213,394.8963298254996,141.9509293407924,157.13114860298,129.97949000366415,8.574599228026027,18.577059371289824,165.24367351445363,-5.533312777801676,-1.2896060668359712,-1.2896060668359712,83.3527127842347,657.964759001004,26.113316797336843,451.00000000000006,65.41213800000001,0.004181034247619822,20.90517123809911,317.13540636576005,0.4203689903594092,BEARING,BEARING,0.4,0.6,True
11.63,11.63,AEROTWIN-4-001,TAKEOFF,0.8020000000000003,2931.3198210814985,570.8886472250924,142.59075378883747,135.42086570939688,130.7691754526596,8.600607111145834,-3.9489168544085516,-1.2954187902449739,142.99943374661413,-1.2954187902449739,-4.987730456727309,83.84304136260218,659.2357280074046,26.136771760888145,451.00000000000006,65.41213800000001,0.004206575141722002,21.03287570861001,317.15870508501575,0.2808243875932003,BEARING,BEARING,0.4,0.6,True
11.64,11.64,AEROTWIN-4-001,TAKEOFF,0.8060000000000002,2918.5890117507447,26.7678364899823,143.31737356986636,112.5328461436162,130.60111222789894,8.595078627549663,-26.6633447118324,-1.302020038170926,-1.302020038170926,-4.397993314000742,119.53487953395879,84.33105705539505,660.5001147305402,26.16041735048772,451.00000000000006,65.41213800000001,0.004221733595908082,21.108667979540407,317.18379842703837,0.6939451796752791,BEARING,BEARING,0.4,0.6,True
11.65,11.65,AEROTWIN-4-001,TAKEOFF,0.8100000000000002,2893.4238200975174,201.88317719502697,144.13165036939864,85.32106236554354,129.46916656989518,8.557749944953096,-52.705854149304734,-3.660300317473037,-1.3094176389167411,91.60019796085005,-1.3094176389167411,84.81617728846744,661.7534357244556,26.184183791583806,451.00000000000006,65.41213800000001,0.0042262295083742235,21.13114754187112,317.21067054233527,1.1834893123472052,BEARING,BEARING,0.4,0.6,True
11.66,11.66,AEROTWIN-4-001,TAKEOFF,0.8140000000000001,2853.116746195379,375.48860640087804,145.03894185003804,51.31115016836674,127.24612659166131,8.48396174914407,-84.41893817243864,56.585547361369535,-2.6390766606767206,-1.3176602661630352,-1.3176602661630352,85.29761413683029,662.990638611386,26.20798769428541,451.00000000000006,65.41213800000001,0.004218068985533484,21.09034492766742,317.2393044579024,1.7927494328297506,BEARING,BEARING,0.4,0.6,True
11.67,11.67,AEROTWIN-4-001,TAKEOFF,0.818,2796.119651762345,546.6756111726008,146.0410078627293,12.716935056929303,123.72559525241587,8.365775235702655,-119.37443543118923,-1.3267639079309188,16.52721493733775,-1.3267639079309188,-1.156752064546608,85.77408987750074,664.2056369658993,26.23172133522501,451.00000000000006,65.41213800000001,0.0041937395749307715,20.96869787465386,317.269682087945,2.48284811288624,BEARING,BEARING,0.4,0.6,True
11.68,11.68,AEROTWIN-4-001,TAKEOFF,0.8219999999999998,2735.7561241448016,714.4427902783416,147.11270882914403,0.6051813158767887,118.83160689513663,8.198651026098991,-126.42507660535883,-1.3365001743614429,4.248877788837001,-1.3365001743614429,-0.9706961242373269,86.24363069131546,665.3918330353642,26.25525555944974,451.00000000000006,65.41213800000001,0.004150349336650733,20.751746683253664,317.3017842453009,2.7096158348328485,BEARING,BEARING,0.4,0.6,True
11.69,11.69,AEROTWIN-4-001,TAKEOFF,0.8259999999999997,2690.4769025738337,158.58815772702974,148.14032485507443,26.94531538408344,113.75623936364407,8.021655918851488,-94.83257989841212,-1.345835934737031,-1.345835934737031,-3.6849244949859337,33.321911748543435,86.70505387226504,666.548504119828,26.278545355244162,450.4071417184239,65.32615102055676,0.004100918649150805,20.504593245754027,317.33559065355934,2.262557909466372,BEARING,BEARING,0.4,0.6,True
11.700000000000001,11.700000000000001,AEROTWIN-4-001,TAKEOFF,0.8300000000000004,2672.9096097699367,320.0167718814597,149.0460115140004,81.11790324802948,110.02186495182418,7.88889030699371,-36.792852010788415,-6.525539084863404,-1.354063982382984,90.35157029765885,-1.354063982382984,87.15953705005047,667.6828530465068,26.30168470120235,448.53699506299034,65.05490868994599,0.00406613232091353,20.330661604567652,317.37107995986844,1.3273786207355114,BEARING,BEARING,0.4,0.6,True
11.71,11.71,AEROTWIN-4-001,TAKEOFF,0.8340000000000003,2693.4970739617193,480.3913484676559,149.82688994608353,159.5454589295421,108.58979444139935,7.837380314178606,43.11828417396414,171.07368661379476,-8.805911357802135,-1.3611581632252814,-1.3611581632252814,87.61058134839055,668.8073144102456,26.324876748815093,447.8097305466075,64.94942769901886,0.004061806438327889,20.309032191639446,317.4082297484215,0.30755796678604097,BEARING,BEARING,0.4,0.6,True
11.72,11.72,AEROTWIN-4-001,TAKEOFF,0.8380000000000002,2749.7951756946895,642.001172905359,150.47117595535855,236.07722621622156,110.2690117606323,7.897745912022157,117.9104685435671,-1.3670114193483454,248.83974746612589,-1.3670114193483454,-10.028498411207636,88.06336786371298,669.9384874388302,26.348415142069914,448.6619306596778,65.07302909901836,0.004101064207718333,20.505321038591664,317.4470165546159,1.6369417141051887,BEARING,BEARING,0.4,0.6,True
11.73,11.73,AEROTWIN-4-001,TAKEOFF,0.8420000000000001,2825.67410251506,86.9888834470404,150.9424009944464,281.91003176894776,114.92675849353078,8.06282056798315,158.92045270743384,-1.3712924386560368,-1.3712924386560368,-10.27049384859057,294.9231104948504,88.52190745205085,671.0915088995857,26.372569987461624,450.98572917971677,65.41006818876777,0.004180615264774397,20.903076323871986,317.4874158798736,2.434521785593861,BEARING,BEARING,0.4,0.6,True
11.74,11.74,AEROTWIN-4-001,TAKEOFF,0.8460000000000001,2905.173861855909,256.52932959794396,151.22521676974108,296.14615345544223,121.3569376487566,8.28530920177356,166.50390660491206,-10.020494063764234,-1.373861783860825,308.91437108692816,-1.373861783860825,88.98673792517118,672.2742243638883,26.397472758076702,451.00000000000006,65.41213800000001,0.004280410222340381,21.402051111701905,317.52940220711474,2.6838849732278227,BEARING,BEARING,0.4,0.6,True
11.75,11.75,AEROTWIN-4-001,TAKEOFF,0.85,2981.2444628914845,430.8397613092985,151.35968154614343,296.12201359886234,128.2817046828244,8.518414671020436,159.32189424501752,308.614003573976,-9.741823216745328,-1.375083379184149,-1.375083379184149,89.45582550596143,673.487443267015,26.423125653261486,451.00000000000006,65.41213800000001,0.004381512588565693,21.907562942828466,317.57294901687516,2.686688180321896,BEARING,BEARING,0.4,0.6,True
11.76,11.76,AEROTWIN-4-001,TAKEOFF,0.8539999999999999,3053.6341865743184,609.7144290827877,151.3950385014495,295.44179776904264,135.08764970115533,8.74146532296346,151.61268274492386,-1.3754045926082479,307.86833353144164,-1.3754045926082479,-9.675726577182514,89.92649940046785,674.7289333837217,26.449478760739293,451.00000000000006,65.41213800000001,0.004476151330914275,22.38075665457138,317.6180288040565,2.6796487183770155,BEARING,BEARING,0.4,0.6,True
11.77,11.77,AEROTWIN-4-001,TAKEOFF,0.8579999999999998,3123.4389443902046,72.93248027724678,151.34856947661936,296.8800827618373,141.72761678969655,8.953723078806354,146.19874289333438,-1.3749824274514628,-1.3749824274514628,-9.858206860034576,309.4882544767748,90.39630046580166,675.9964104148033,26.476481804991348,451.00000000000006,65.41213800000001,0.00456425883185315,22.821294159265747,317.66461309529893,2.7109812589657873,BEARING,BEARING,0.4,0.6,True
11.78,11.78,AEROTWIN-4-001,TAKEOFF,0.8619999999999997,3188.24939066284,260.33881694065906,151.22158456339267,293.17842466559284,148.2813420894101,9.158401318857022,135.73868125732574,-10.157582325711834,-1.3738287857299591,306.0836645627646,-1.3738287857299591,90.86299096998991,677.2881168448862,26.50409252428535,451.00000000000006,65.41213800000001,0.004647077665291734,23.235388326458672,317.71267246696567,2.6537043447191158,BEARING,BEARING,0.4,0.6,True
11.790000000000001,11.790000000000001,AEROTWIN-4-001,TAKEOFF,0.8660000000000003,3239.3524373948567,451.63378038042947,151.05790273059253,270.8771800652227,154.4987737997003,9.348435472617279,107.02997079290513,283.9102426184402,-10.288379038857297,-1.3723417571800922,-1.3723417571800922,91.32466541303552,678.6013065197624,26.532256878779304,451.00000000000006,65.41213800000001,0.004722652934182895,23.61326467091448,317.76217656372745,2.2713059351159703,BEARING,BEARING,0.4,0.6,True
11.8,11.8,AEROTWIN-4-001,TAKEOFF,0.8700000000000002,3264.418074768293,645.9949266241208,151.00952546100532,221.48687813566053,159.49125255064365,9.498277431727345,52.497348153289536,-1.37190225586336,234.12161190613688,-1.37190225586336,-9.890929258749637,91.78062796559787,679.9295677585089,26.56088212860724,451.00000000000006,65.41213800000001,0.004784251021283676,23.921255106418382,317.8130941177358,1.411844335647152,BEARING,BEARING,0.4,0.6,True
11.81,11.81,AEROTWIN-4-001,TAKEOFF,0.8740000000000001,3256.4362588484482,121.86001111021835,151.31656613199237,154.82373970761455,161.96904215919997,9.57177371914195,-16.717076170727374,-1.374691681152149,-1.374691681152149,-8.756857815019226,166.32998088493807,92.23250519722347,681.2613648823041,26.589829283999972,451.00000000000006,65.41213800000001,0.004823244252702806,24.116221263514028,317.86539296837213,0.24186237880041578,BEARING,BEARING,0.4,0.6,True
11.82,11.82,AEROTWIN-4-001,TAKEOFF,0.8780000000000001,3219.2949025113962,317.2461866411253,152.13437868426135,92.93764574600156,161.17795074206097,9.548369812502933,-77.78867480856235,-7.036894395600659,-1.382121403760084,102.73878294912238,-1.382121403760084,92.68364269911984,682.582446299753,26.618937337797373,451.00000000000006,65.41213800000001,0.004835098080201919,24.175490401009597,317.9190400825616,1.2157923420270098,BEARING,BEARING,0.4,0.6,True
11.83,11.83,AEROTWIN-4-001,TAKEOFF,0.882,3163.194226271889,510.4038807918091,153.39575069451658,49.46476441811548,157.52228030731456,9.439465667770946,-117.49698155697003,57.41391976771905,-5.1619937347953275,-1.3935808074041205,-1.3935808074041205,93.13672566789764,683.8805829576212,26.64805832875332,451.00000000000006,65.41213800000001,0.004822149784063447,24.110748920317235,317.9740015756369,1.9956966639513356,BEARING,BEARING,0.4,0.6,True
11.84,11.84,AEROTWIN-4-001,TAKEOFF,0.8859999999999999,3097.838091363188,700.1955343681225,154.89919717491307,24.473429354017146,152.08002832455844,9.274969893591187,-136.88156886413248,-1.4072394266980297,30.863822341721555,-1.4072394266980297,-3.5759141343083503,93.5923559098087,685.1482230520829,26.677077612617293,451.00000000000006,65.41213800000001,0.004790792750941012,23.953963754705057,318.0302427327411,2.4549709088630634,BEARING,BEARING,0.4,0.6,True
11.85,11.85,AEROTWIN-4-001,TAKEOFF,0.8899999999999998,3029.9434400169225,166.06581984991385,156.46075797980328,12.745677427821121,145.86056698895192,9.083335697181402,-142.1982252583122,-1.4214260072091371,-1.4214260072091371,-2.567170917009818,18.155700359249213,94.049459197836,686.3821623720794,26.705916967619498,451.00000000000006,65.41213800000001,0.004747737744905576,23.73868872452788,318.0877280307539,2.682523307704187,BEARING,BEARING,0.4,0.6,True
11.86,11.86,AEROTWIN-4-001,TAKEOFF,0.8939999999999997,2963.718280142118,347.8624262509292,157.96863472428646,9.719648768428824,139.5370410836056,8.884258181819765,-138.70165049699656,-2.2631173082014318,-1.4351248748865577,14.853015826403372,-1.4351248748865577,94.5062603758732,687.582155501356,26.734529865307287,451.00000000000006,65.41213800000001,0.004698428154222611,23.492140771113057,318.146421160729,2.7567722409585484,BEARING,BEARING,0.4,0.6,True
11.870000000000001,11.870000000000001,AEROTWIN-4-001,TAKEOFF,0.8980000000000004,2902.3618483582745,525.6855230594563,159.37007675107608,13.68947360599122,133.5040079632717,8.690075871123971,-128.50461022840446,19.26998982448003,-2.6848026249992802,-1.4478567967447646,-1.4478567967447646,94.96099244240783,688.749766591026,26.76289602797986,451.00000000000006,65.41213800000001,0.004647050162649172,23.23525081324586,318.20628505082743,2.7069651596599873,BEARING,BEARING,0.4,0.6,True
11.88,11.88,AEROTWIN-4-001,TAKEOFF,0.9020000000000002,2849.69711632314,699.8272339609528,160.64341019057377,26.24290126585929,128.03348869229023,8.510169416804205,-110.30075684323515,-1.4594248684460707,32.93639369121195,-1.4594248684460707,-3.7746426884605144,95.41228697848236,689.8878917898325,26.791021155040852,451.00000000000006,65.41213800000001,0.004597507323374873,22.987536616874365,318.2672818897332,2.5051563057597153,BEARING,BEARING,0.4,0.6,True
11.89,11.89,AEROTWIN-4-001,TAKEOFF,0.9060000000000001,2811.0886464472824,150.80906094034117,161.77761704674597,50.923546179677246,123.4291880413459,8.355748357223675,-80.86139021889232,-1.469728992903439,-1.469728992903439,-5.376139389457997,59.239143554942125,95.85946196950951,691.0009932592251,26.81894595229782,451.00000000000006,65.41213800000001,0.004554925160760857,22.774625803804287,318.32937315053545,2.0893842849261164,BEARING,BEARING,0.4,0.6,True
11.9,11.9,AEROTWIN-4-001,TAKEOFF,0.9100000000000001,2793.0980099991225,319.4743797271781,162.76477174162625,90.670381441047,120.10733989609191,8.242542410917226,-37.67950086596214,-7.20629761830256,-1.47869716725309,100.83407339385573,-1.47869716725309,96.30282185649216,692.0957207047933,26.846761689839518,451.00000000000006,65.41213800000001,0.004526654261343378,22.633271306716892,318.392519615063,1.4084137001970938,BEARING,BEARING,0.4,0.6,True
11.91,11.91,AEROTWIN-4-001,TAKEOFF,0.914,2801.1282154840133,487.06026032712543,163.59700714586546,143.58312778489082,118.57491363641978,8.189791109704878,16.818423038766163,155.45092084723157,-8.895277223081802,-1.4862579196294687,-1.4862579196294687,96.74382000232143,693.1813696914588,26.8746219196412,451.00000000000006,65.41213800000001,0.00452173698527093,22.608684926354652,318.45668139865546,0.49577019281862017,BEARING,BEARING,0.4,0.6,True
11.92,11.92,AEROTWIN-4-001,TAKEOFF,0.9179999999999999,2835.5329172771426,655.1279532561662,164.2614748653051,199.52807946970424,119.25770363291628,8.213336901959151,72.05703893482881,-1.4922945240123031,212.64566620618908,-1.4922945240123031,-10.132997688460229,97.1846941204008,694.2693189700941,26.90273108598717,451.00000000000006,65.41213800000001,0.004547596758559573,22.737983792797866,318.52181797535513,0.7632429595106256,BEARING,BEARING,0.4,0.6,True
11.93,11.93,AEROTWIN-4-001,TAKEOFF,0.9219999999999998,2890.0999873634223,105.25992829279471,164.7398096385203,244.8044680092559,122.2052469121366,8.31421675646791,114.2850043406514,-1.4966401343466742,-1.4966401343466742,-10.829033953392406,258.6267822313417,97.62737734211679,695.3708143889605,26.93129598082336,451.00000000000006,65.41213800000001,0.0046046735715386655,23.02336785769333,318.587888203504,1.5495835246506757,BEARING,BEARING,0.4,0.6,True
11.94,11.94,AEROTWIN-4-001,TAKEOFF,0.9259999999999997,2955.3234605645757,278.6659275346001,165.0235083060576,272.03188406443815,126.95394546832414,8.474215762544823,136.60372283356918,-11.115764465612104,-1.4992175005147466,286.1460835310798,-1.4992175005147466,98.0723807643503,696.4941583095351,26.960464883535494,451.00000000000006,65.41213800000001,0.004684568931326778,23.42284465663389,318.6548503517299,2.024924264795635,BEARING,BEARING,0.4,0.6,True
11.950000000000001,11.950000000000001,AEROTWIN-4-001,TAKEOFF,0.9300000000000004,3022.4438429368015,455.98533516847465,165.1335329595978,281.9908320888384,132.7487710031776,8.665460974511818,140.57660011114893,296.18155722756035,-11.190291017836545,-1.500217060442715,-1.500217060442715,98.51863276731225,697.6433715491816,26.99030091593567,451.00000000000006,65.41213800000001,0.00477488384845738,23.874419242286898,318.7226621253048,2.201948899127792,BEARING,BEARING,0.4,0.6,True
11.96,11.96,AEROTWIN-4-001,TAKEOFF,0.9340000000000003,3084.2497775417655,637.3319657446827,165.12323622504005,277.155457681597,138.8471427314599,8.862268214667427,129.44604673546965,-1.5001235159240849,291.3146367350073,-1.5001235159240849,-11.158932021562139,98.96419688185509,698.8186203359963,27.02079505536466,451.00000000000006,65.41213800000001,0.00486490668861165,24.324533443058254,318.791280692859,2.122423060596358,BEARING,BEARING,0.4,0.6,True
11.97,11.97,AEROTWIN-4-001,TAKEOFF,0.9380000000000002,3133.803251254184,102.38695239718868,165.0762016010563,257.4118172164209,144.5837718864641,9.043492680097085,103.78455264985972,-1.4996962123712132,-1.4996962123712132,-10.985887606297842,271.39709724746115,99.4071838247207,700.0169761608287,27.051887985917705,451.00000000000006,65.41213800000001,0.004946848391214955,24.734241956074776,318.8606627134346,1.7823540490680612,BEARING,BEARING,0.4,0.6,True
11.98,11.98,AEROTWIN-4-001,TAKEOFF,0.9420000000000002,3164.337936993503,290.41514747243974,165.11178027532466,222.4075269983084,149.26703967895773,9.188791053806888,63.951696265543795,-10.543521933441507,-1.5000194400837723,235.95108781191746,-1.5000194400837723,99.84656813945796,701.2326102930598,27.08348248894435,451.00000000000006,65.41213800000001,0.005014382359644534,25.07191179822267,318.93076436386025,1.172929316438803,BEARING,BEARING,0.4,0.6,True
11.99,11.99,AEROTWIN-4-001,TAKEOFF,0.9460000000000001,3171.583875327925,480.2754236920499,165.37210066022132,176.64420402568314,152.19002283724714,9.27832342857865,15.175857759857346,189.3800506180009,-9.731077757239138,-1.5023844175393115,-1.5023844175393115,100.28274452938707,702.4569398658733,27.115451961411125,451.00000000000006,65.41213800000001,0.005062155099969441,25.310775499847207,319.001541366431,0.3698703955832916,BEARING,BEARING,0.4,0.6,True
12.0,12.0,AEROTWIN-4-001,TAKEOFF,0.95,3156.143108998145,670.5704562117254,165.96324844580042,129.8483173581541,152.8878131069999,9.29956962944245,-32.33906537828823,-1.507754919685509,141.45358352266956,-1.507754919685509,-8.589756325144446,100.71735478649133,703.6797666015099,27.147655377243815,451.00000000000006,65.41213800000001,0.005087185513472717,25.43592756736358,319.07294901687516,0.805182040297975,BEARING,BEARING,0.4,0.6,True
12.01,12.01,AEROTWIN-4-001,TAKEOFF,0.95,3122.7667281787058,139.93904275161412,166.19219158908973,90.75374328889046,151.40277687482245,9.254294937912848,-69.90332852384483,-1.5098348389077183,-1.5098348389077183,-7.287998178189185,101.06141114489509,101.14079960676949,704.8654051974713,27.17980150566842,451.00000000000006,65.41213800000001,0.005072198770398766,25.36099385199383,319.07294901687516,1.4921472043287094,BEARING,BEARING,0.4,0.6,True
12.02,12.02,AEROTWIN-4-001,TAKEOFF,0.95,3078.162948614277,327.30504644233645,166.66887405641037,63.95601652634201,148.21752371632883,9.156430277979466,-93.41793746796628,-6.134257439055426,-1.5141654382540262,73.1186048419055,-1.5141654382540262,101.55466572864438,706.0070986653254,27.211777203456418,451.00000000000006,65.41213800000001,0.005039144235574619,25.195721177873093,319.07294901687516,1.9668832358205217,BEARING,BEARING,0.4,0.6,True
12.030000000000001,12.030000000000001,AEROTWIN-4-001,TAKEOFF,0.95,3028.4684068220154,511.9948233591931,167.26706419130053,48.95929726908865,144.0136570489516,9.025645165524313,-104.08000494538724,57.34997338451199,-5.3514762769344415,-1.5195999192444518,-1.5195999192444518,101.95949917480803,707.1011338909556,27.243501735170344,451.00000000000006,65.41213800000001,0.0049935921368601584,24.967960684300795,319.07294901687516,2.2364073963006064,BEARING,BEARING,0.4,0.6,True
12.040000000000001,12.040000000000001,AEROTWIN-4-001,TAKEOFF,0.95,2978.6740241615275,693.702927768514,167.88119611111583,43.9920376524364,139.40121566465234,8.879933158600771,-104.28911117081671,-1.5251792293152582,52.11009442412196,-1.5251792293152582,-5.067698313055043,102.3550819617754,708.1465205751769,27.274927057615354,451.00000000000006,65.41213800000001,0.004941038333479602,24.705191667398008,319.07294901687516,2.3303658349589598,BEARING,BEARING,0.4,0.6,True
12.05,12.05,AEROTWIN-4-001,TAKEOFF,0.95,2933.027076505888,152.4233692182056,168.4412389576754,47.985988891254884,134.85480409746296,8.733928402961627,-95.60274360916969,-1.530267147062365,-1.530267147062365,-5.313101394027234,56.35962457940685,102.74088634455822,709.144432142581,27.30603646766903,451.00000000000006,65.41213800000001,0.004886538114340245,24.432690571701226,319.07294901687516,2.2666097203527418,BEARING,BEARING,0.4,0.6,True
12.06,12.06,AEROTWIN-4-001,TAKEOFF,0.95,2895.6438086223848,328.4049938085589,168.9059834268201,61.05803697964295,130.7532855843966,8.600084561908789,-78.29533316666243,-6.029526340140157,-1.5344892912196502,70.1565419022224,-1.5344892912196502,103.11644942943397,710.0978329432332,27.3368450568461,451.00000000000006,65.41213800000001,0.00483501594578616,24.1750797289308,319.07294901687516,2.042677607701314,BEARING,BEARING,0.4,0.6,True
12.07,12.07,AEROTWIN-4-001,TAKEOFF,0.95,2870.7523919715345,502.143622325902,169.25193025407285,83.79947145043755,127.44146148013083,8.490471095475462,-52.13246112516874,93.95189065910029,-7.077154860722626,-1.5376321739700458,-1.5376321739700458,103.48162056016066,711.0113773233477,27.367402874463867,451.00000000000006,65.41213800000001,0.004791746171321208,23.95873085660604,319.07294901687516,1.648088474774799,BEARING,BEARING,0.4,0.6,True
12.08,12.08,AEROTWIN-4-001,TAKEOFF,0.95,2862.1529113702377,674.388765844194,169.46496623790387,115.6666399161573,125.25986432073833,8.417485649900225,-18.01071005448126,-1.539567578679819,126.99720125847819,-1.539567578679819,-8.25142618496126,103.83667593358136,711.8914153439661,27.397798042868917,451.00000000000006,65.41213800000001,0.004762413670745506,23.812068353727533,319.07294901687516,1.0923835999694664,BEARING,BEARING,0.4,0.6,True
12.09,12.09,AEROTWIN-4-001,TAKEOFF,0.95,2871.8488095726248,126.11794052640835,169.53534961387209,153.20985645884542,124.51054409463886,8.392270655823951,20.307041708382613,-1.5402070026629837,-1.5402070026629837,-9.331405977131597,165.62167644130298,104.18224589401419,712.7457669223827,27.428153224238958,451.00000000000006,65.41213800000001,0.004752184832470427,23.760924162352136,319.07294901687516,0.4360053459851927,BEARING,BEARING,0.4,0.6,True
12.1,12.1,AEROTWIN-4-001,TAKEOFF,0.95,2898.654139795966,298.42886910076584,169.45587377254668,189.91721567096164,125.35556281894864,8.420700514215687,56.14095233779731,-10.153774904963601,-1.5394849747930988,203.14996052551146,-1.5394849747930988,104.5190038430955,713.5829150962828,27.45860836470006,451.00000000000006,65.41213800000001,0.00476371434281487,23.81857171407435,319.07294901687516,0.509063469977899,BEARING,BEARING,0.4,0.6,True
12.11,12.11,AEROTWIN-4-001,TAKEOFF,0.95,2938.106627651587,472.3481174885238,169.22522801220083,218.83497244188771,127.70657725235925,8.499297847488604,82.62909734203986,232.57413185434825,-10.664380237435871,-1.537389587512344,-1.537389587512344,104.84723058089659,714.4106225645025,27.489290820953432,451.00000000000006,65.41213800000001,0.00479526560051352,23.976328002567598,319.07294901687516,1.0210545579949037,BEARING,BEARING,0.4,0.6,True
12.120000000000001,12.120000000000001,AEROTWIN-4-001,TAKEOFF,0.95,2983.8882870485395,648.634515147619,168.85656827168168,235.70642865915016,131.20656685497192,8.614978583767458,95.88488322041079,-1.5340403608452169,249.6766592028322,-1.5340403608452169,-10.902149821991628,105.16656307910705,715.2345455550978,27.520286796112472,451.00000000000006,65.41213800000001,0.0048408214427472385,24.204107213736194,319.07294901687516,1.3255762778678435,BEARING,BEARING,0.4,0.6,True
12.13,12.13,AEROTWIN-4-001,TAKEOFF,0.95,3029.429433954694,107.66781237053135,168.38518945223748,239.45772498037616,135.3273525224804,8.749217420276034,95.38115503761972,-1.5297579444626246,-1.5297579444626246,-10.93201891193147,253.44925978123288,105.47614789102947,716.0574911820984,27.551628680052325,451.00000000000006,65.41213800000001,0.0048923295357555475,24.461647678777737,319.07294901687516,1.4027929143087794,BEARING,BEARING,0.4,0.6,True
12.14,12.14,AEROTWIN-4-001,TAKEOFF,0.95,3068.7201722586638,289.433578407813,167.86984262093534,230.66278328781215,139.4897023772366,8.8827510373287,82.29032987324685,-10.78641894714911,-1.5250760843067366,244.49935440357473,-1.5250760843067366,105.77510861580079,716.8793808028122,27.583298857478912,451.00000000000006,65.41213800000001,0.004942072274103666,24.71036137051833,319.07294901687516,1.2612533110006836,BEARING,BEARING,0.4,0.6,True
12.15,12.15,AEROTWIN-4-001,TAKEOFF,0.95,3096.7182784349015,473.55678874333285,167.38800388760157,210.76849460267462,143.13144065172654,8.997957499151248,58.63909645179684,224.2646692306825,-10.45477734612362,-1.5206986409421215,-1.5206986409421215,106.06307749656688,717.6975620708528,27.61524086081359,451.00000000000006,65.41213800000001,0.004983750402356675,24.918752011783376,319.07294901687516,0.9244693241949283,BEARING,BEARING,0.4,0.6,True
12.16,12.16,AEROTWIN-4-001,TAKEOFF,0.95,3110.051760697933,659.3598854494269,167.02361258103306,182.760766272564,145.75513408884018,9.080052234183762,27.925579949540072,-1.517388192452384,195.71422326529662,-1.517388192452384,-9.91868060782785,106.34055759385004,718.5072879955535,27.6473716412271,451.00000000000006,65.41213800000001,0.0050127309071607016,25.063654535803508,319.07294901687516,0.44282464792007104,BEARING,BEARING,0.4,0.6,True
12.17,12.17,AEROTWIN-4-001,TAKEOFF,0.95,3107.8375752333277,125.96299109130291,166.84392497796304,151.49475541764585,147.01298656439184,9.119148046113118,-4.6373791928591075,-1.5157557535234498,-1.5157557535234498,-9.201355423652974,163.72762234834573,106.60891617877617,719.302485121678,27.679594310803278,451.00000000000006,65.41213800000001,0.005026317923523988,25.131589617619937,319.07294901687516,0.43704828715314653,BEARING,BEARING,0.4,0.6,True
12.18,12.18,AEROTWIN-4-001,TAKEOFF,0.95,3091.806435059676,312.4332456053026,166.87403921273432,122.34084504031671,146.80373079054914,9.112655715243115,-33.575541465475546,-8.391949571865178,-1.516029337500952,133.7648532871838,-1.516029337500952,106.86995738106008,720.0768533830218,27.711811345567362,451.00000000000006,65.41213800000001,0.005024071297660076,25.120356488300384,319.07294901687516,0.9476001354952531,BEARING,BEARING,0.4,0.6,True
12.19,12.19,AEROTWIN-4-001,TAKEOFF,0.95,3065.48568806822,497.94163170888316,167.0888058465407,99.23272967920869,145.29312331225378,9.06564995719145,-55.12604359023655,109.89525953945689,-7.626568930358691,-1.5179804649447584,-1.5179804649447584,107.12531767439795,720.8249919491861,27.743936221431753,451.00000000000006,65.41213800000001,0.005007690626582953,25.038453132914764,319.07294901687516,1.3545335822982256,BEARING,BEARING,0.4,0.6,True
12.200000000000001,12.200000000000001,AEROTWIN-4-001,TAKEOFF,0.95,3033.0738168058106,681.8707729929763,167.42897209187865,83.93508269575847,142.82987363098252,8.98847349616512,-67.88326443138916,-1.5210708318466013,94.02096741106595,-1.5210708318466013,-7.043743051614288,107.3760497183366,721.5431467310572,27.77590134632606,451.00000000000006,65.41213800000001,0.004980363550383392,24.901817751916962,319.07294901687516,1.6262108501923205,BEARING,BEARING,0.4,0.6,True
12.21,12.21,AEROTWIN-4-001,TAKEOFF,0.95,2998.679519082613,143.85520200132498,167.82660077047973,76.68370278225852,139.82551455801658,8.893436925961176,-72.03524870171924,-1.5246832376170547,-1.5246832376170547,-6.74475559685657,86.47782485434921,107.6225480979176,722.2294568414118,27.80766211400482,451.00000000000006,65.41213800000001,0.004945986912363137,24.729934561815686,319.07294901687516,1.7576481039146015,BEARING,BEARING,0.4,0.6,True
12.22,12.22,AEROTWIN-4-001,TAKEOFF,0.95,2966.065203103861,323.7759731462818,168.22289006167043,77.15764597715626,136.67232205317936,8.792587577778768,-68.30726365380187,-6.77347476970838,-1.5282834752239163,86.98768769731248,-1.5282834752239163,107.86471459776688,722.8838687856976,27.8391985085547,451.00000000000006,65.41213800000001,0.004908651370706354,24.54325685353177,319.07294901687516,1.7537488595381674,BEARING,BEARING,0.4,0.6,True
12.23,12.23,AEROTWIN-4-001,TAKEOFF,0.95,2938.658722530446,501.73988533251344,168.57426492891,85.01248994762747,133.71553122575884,8.696957408663446,-57.39999868679481,95.18798846454085,-7.1125471748644475,-1.5314756710244661,-1.5314756710244661,108.10219447253927,723.5079428673854,27.870515812672245,451.00000000000006,65.41213800000001,0.00487245333967633,24.362266698381653,319.07294901687516,1.6200560759160794,BEARING,BEARING,0.4,0.6,True
12.24,12.24,AEROTWIN-4-001,TAKEOFF,0.95,2919.5237305924547,678.0594086843403,168.85116263185637,99.79624512788618,131.25588111664635,8.616597410501933,-40.0762333992621,-1.5339912512976697,110.55366208889212,-1.5339912512976697,-7.689434458410599,108.33457557131943,724.1046694624995,27.901644965915235,451.00000000000006,65.41213800000001,0.004841451363038597,24.207256815192984,319.07294901687516,1.364204506370551,BEARING,BEARING,0.4,0.6,True
12.25,12.25,AEROTWIN-4-001,TAKEOFF,0.95,2911.072474785826,133.2308325198876,169.03454514607895,120.41233037574283,129.55210846247437,8.560490683742966,-17.700268770474505,-1.5356572580226082,-1.5356572580226082,-8.391600782393978,131.87524567418203,108.56150531457186,724.6782771819052,27.93264158544879,451.00000000000006,65.41213800000001,0.00481949624709372,24.097481235468603,319.07294901687516,1.0052596010950758,BEARING,BEARING,0.4,0.6,True
12.26,12.26,AEROTWIN-4-001,TAKEOFF,0.95,2914.514588095671,307.8951810070372,169.11293524251175,144.54801083052686,128.80315526504074,8.535710307464301,7.2091452580218185,-9.093030246943357,-1.5363694220387867,156.71377992154777,-1.5363694220387867,108.7827109712677,725.2339227415515,27.96358138737332,451.00000000000006,65.41213800000001,0.0048097195124306965,24.048597562153486,319.07294901687516,0.5836536419459275,BEARING,BEARING,0.4,0.6,True
12.27,12.27,AEROTWIN-4-001,TAKEOFF,0.95,2929.322678036083,482.7660562927775,169.0812002755758,168.66772862372463,129.10793446590253,8.545803110825533,31.013991046996566,181.42742502513863,-9.687534173580937,-1.5360811139165258,-1.5360811139165258,108.9979333670409,725.7771523536252,27.9945500186877,451.00000000000006,65.41213800000001,0.004813707353603142,24.068536768015708,319.07294901687516,0.16124875738767097,BEARING,BEARING,0.4,0.6,True
12.280000000000001,12.280000000000001,AEROTWIN-4-001,TAKEOFF,0.95,2953.130811968415,658.5254169749425,168.94165737268187,188.87607447334958,130.4232126700617,8.589222698291328,49.863639104996544,-1.53481338446247,202.05941566787791,-1.53481338446247,-10.113714425603401,109.20682783955816,726.3131475496572,28.025628112488437,451.00000000000006,65.41213800000001,0.004830770883867766,24.153854419338828,319.07294901687516,0.5039249280623764,BEARING,BEARING,0.4,0.6,True
12.290000000000001,12.290000000000001,AEROTWIN-4-001,TAKEOFF,0.95,2982.214600405307,115.71326569304733,168.7070362056404,202.12383884880626,132.55186299450003,8.659031793038324,60.91294406126791,-1.5326818811195195,-1.5326818811195195,-10.356828734888078,215.54603134593336,109.40892385223967,726.8459463517594,28.05687620970661,451.00000000000006,65.41213800000001,0.00485788775059419,24.289438752970952,319.07294901687516,0.7415815759606746,BEARING,BEARING,0.4,0.6,True
12.3,12.3,AEROTWIN-4-001,TAKEOFF,0.95,3012.2661797511164,294.6461417173658,168.40324653294155,206.85977324057876,135.17558272481207,8.744309914724099,62.93988060104259,-10.429102304702582,-1.5299219907350474,220.3487195267514,-1.5299219907350474,109.60371144106372,727.3778896645676,28.088325119966193,451.00000000000006,65.41213800000001,0.0048904727175825774,24.452363587912885,319.07294901687516,0.8318904899085972,BEARING,BEARING,0.4,0.6,True
12.31,12.31,AEROTWIN-4-001,TAKEOFF,0.95,3039.097353833875,475.38211250243285,168.0695023507087,202.94112523151927,137.91361989356508,8.832425747565559,56.19507959038862,216.34114014511326,-10.346234978681057,-1.5268899674564578,-1.5268899674564578,109.79084054624289,727.9094136428467,28.119973961358927,451.00000000000006,65.41213800000001,0.004923503888730361,24.617519443651805,319.07294901687516,0.7713605131203776,BEARING,BEARING,0.4,0.6,True
12.32,12.32,AEROTWIN-4-001,TAKEOFF,0.95,3059.183729034374,657.7279537324654,167.75447910976473,191.36134407157644,140.3814393678269,8.911098858992101,42.06880584475742,-1.5240280215389337,204.5270418789003,-1.5240280215389337,-10.117641764245985,109.97034540551913,728.4391485962758,28.151794193711886,451.00000000000006,65.41213800000001,0.0049524354094051095,24.76217704702555,319.07294901687516,0.576215394702073,BEARING,BEARING,0.4,0.6,True
12.33,12.33,AEROTWIN-4-001,TAKEOFF,0.95,3070.135193448145,121.27897747452778,167.50812201001335,174.14991276469414,142.24322414528396,8.969995187174762,22.936693432235415,-1.521789898745917,-1.521789898745917,-9.754476071406055,186.947968633592,110.14278146456525,728.9642486223836,28.18373685534318,451.00000000000006,65.41213800000001,0.00497374180067362,24.8687090033681,319.07294901687516,0.280826502549632,BEARING,BEARING,0.4,0.6,True
12.34,12.34,AEROTWIN-4-001,TAKEOFF,0.95,3071.0523923720516,305.48708908141646,167.37000765804444,154.18655359286583,143.26347010073633,9.002106557979891,1.920976934149616,-9.285676478737313,-1.5205351474945983,166.51330036659235,-1.5205351474945983,110.30918647126082,729.4809146325875,28.215741140728476,451.00000000000006,65.41213800000001,0.004985229565410075,24.92614782705038,319.07294901687516,0.3961275494799997,BEARING,BEARING,0.4,0.6,True
12.35,12.35,AEROTWIN-4-001,TAKEOFF,0.95,3062.5853042921226,489.7502326237395,167.35831884038615,134.62045055999727,143.3490824404447,9.004795925687702,-17.73342780613514,146.42854924853822,-8.767240776383446,-1.5204289560787598,-1.5204289560787598,110.47085566042026,729.9850570777894,28.24774318409176,451.00000000000006,65.41213800000001,0.00498618752117737,24.930937605886854,319.07294901687516,0.7383987699683658,BEARING,BEARING,0.4,0.6,True
12.36,12.36,AEROTWIN-4-001,TAKEOFF,0.95,3046.621181069098,673.5053508812668,167.46550985093657,118.10451453154586,142.55972689709176,8.979969126759114,-33.43518149230502,-1.5214027727220045,129.42348585161784,-1.5214027727220045,-8.276165774627973,110.62902766246022,730.4729672098271,28.27968396461585,451.00000000000006,65.41213800000001,0.00497731974516218,24.886598725810906,319.07294901687516,1.0286675660003506,BEARING,BEARING,0.4,0.6,True
12.370000000000001,12.370000000000001,AEROTWIN-4-001,TAKEOFF,0.95,3025.7691795472915,136.3026217454127,167.663255747496,106.33820832739721,141.0773783170941,8.933159872669886,-43.672329862366766,-1.5231992689413616,-1.5231992689413616,-7.89225894384776,117.27686580912768,110.78462693405592,730.9418378214682,28.311515419240944,451.00000000000006,65.41213800000001,0.004960451856568668,24.80225928284334,319.07294901687516,1.2368442558224089,BEARING,BEARING,0.4,0.6,True
12.38,12.38,AEROTWIN-4-001,TAKEOFF,0.95,3002.887516044021,317.84877251825014,167.91297421337646,100.10160872281996,139.15283408781602,8.872018610862574,-47.92324397585863,-7.677944102108553,-1.525467929316436,110.83048868356138,-1.525467929316436,110.93815317489015,731.3900500957375,28.343204459255336,451.00000000000006,65.41213800000001,0.0049381306450732325,24.690653225366162,319.07294901687516,1.3488043547936974,BEARING,BEARING,0.4,0.6,True
12.39,12.39,AEROTWIN-4-001,TAKEOFF,0.95,2980.775476679141,498.0220234808914,168.17582426131654,99.54975028906102,137.05617116949486,8.804926069296371,-46.31134694973021,110.2697017679774,-7.664239702040966,-1.5278558884377027,-1.5278558884377027,111.08971076265664,731.8172506359343,28.374735193515182,451.00000000000006,65.41213800000001,0.004913265831288533,24.566329156442666,319.07294901687516,1.3613726222778963,BEARING,BEARING,0.4,0.6,True
12.4,12.4,AEROTWIN-4-001,TAKEOFF,0.95,2961.995587595329,676.8685520816398,168.41872293323067,104.45273362849844,135.04515116555547,8.740090183566748,-39.33250772062378,-1.530062591855437,115.35834389381064,-1.530062591855437,-7.84548508160133,111.23911478576666,732.224294574327,28.40610982441892,451.00000000000006,65.41213800000001,0.004888874519548827,24.444372597744135,319.07294901687516,1.278201006004713,BEARING,BEARING,0.4,0.6,True
12.41,12.41,AEROTWIN-4-001,TAKEOFF,0.95,2948.7195811388724,134.5882873373596,168.61644232974749,114.22867361163917,133.34885184062307,8.685024672757875,-27.80520290174178,-1.5318588473252905,-1.5318588473252905,-8.18207440633109,125.47446571262084,111.38600975858013,732.6131138903669,28.437348369174764,451.00000000000006,65.41213800000001,0.00486788322740698,24.339416137034902,319.07294901687516,1.1092155590273143,BEARING,BEARING,0.4,0.6,True
12.42,12.42,AEROTWIN-4-001,TAKEOFF,0.95,2942.5161326745897,311.51146220569194,168.75146292982444,127.8097861183274,132.156160811175,8.646097388695436,-12.99247208154304,-8.610074266381252,-1.5330854922357233,139.4860313691801,-1.5330854922357233,111.5299617539125,732.9865230064529,28.468486833435065,451.00000000000006,65.41213800000001,0.004852893286044695,24.264466430223475,319.07294901687516,0.8729480850362,BEARING,BEARING,0.4,0.6,True
12.43,12.43,AEROTWIN-4-001,TAKEOFF,0.95,2944.0875606332656,488.06243016616736,168.81320422969378,143.5197904806386,131.60069153244342,8.627907927781276,3.291191020413894,155.64333570508813,-9.056252416327387,-1.5336464040610673,-1.5336464040610673,111.67050991722068,733.3479382738664,28.499573151568406,451.00000000000006,65.41213800000001,0.004845846619687598,24.22923309843799,319.07294901687516,0.5986559796825502,BEARING,BEARING,0.4,0.6,True
12.44,12.44,AEROTWIN-4-001,TAKEOFF,0.95,2953.0635040213883,664.7076838041633,168.7976455041258,159.17297719259278,131.74128972593928,8.632515595209856,18.799171871443644,-1.533505055026032,171.69482447618628,-1.533505055026032,-9.45483717354145,111.80718423621433,733.7009916287196,28.530660555517716,451.00000000000006,65.41213800000001,0.004847634186802976,24.23817093401488,319.07294901687516,0.3245662044070384,BEARING,BEARING,0.4,0.6,True
12.450000000000001,12.450000000000001,AEROTWIN-4-001,TAKEOFF,0.95,2967.9904311419696,121.8914940454465,168.70771734768198,172.46753829317316,132.5458208022182,8.658834435829878,31.262883055125084,-1.53268806920799,-1.53268806920799,-9.75996751695434,185.29288194854348,111.93951369573224,734.0490654825823,28.561799145659414,451.00000000000006,65.41213800000001,0.004857811646001008,24.28905823000504,319.07294901687516,0.22257952849037838,BEARING,BEARING,0.4,0.6,True
12.46,12.46,AEROTWIN-4-001,TAKEOFF,0.95,2986.5693513165634,299.9709199139647,168.55418302285608,181.50337491076021,133.88917301722955,8.702602472107053,38.91159942142361,-9.948954489842897,-1.5312932294722972,194.51491585954773,-1.5312932294722972,112.06705591813501,734.3948347445786,28.593027661672515,451.00000000000006,65.41213800000001,0.004874611249607478,24.373056248037393,319.07294901687516,0.3844757625201627,BEARING,BEARING,0.4,0.6,True
12.47,12.47,AEROTWIN-4-001,TAKEOFF,0.95,3006.0619863343677,479.1650809929585,168.3561335867725,185.15300674013426,135.5706487148097,8.757078711297046,40.82527931402752,198.22887146684934,-10.01687677544485,-1.5294939756351233,-1.5294939756351233,112.1894668394444,734.7399221693855,28.624367715983976,451.00000000000006,65.41213800000001,0.004895299759302798,24.47649879651399,319.07294901687516,0.4531648290437096,BEARING,BEARING,0.4,0.6,True
12.48,12.48,AEROTWIN-4-001,TAKEOFF,0.95,3023.7345127009216,659.5288001730205,168.14005658669916,183.17358602615957,137.34609925479828,8.814234102336684,37.01325266902461,-1.5275309436811069,196.1970253707136,-1.5275309436811069,-9.968377457191819,112.30660034574915,735.0847363950085,28.655821725943266,451.00000000000006,65.41213800000001,0.0049167383909314005,24.583691954657002,319.07294901687516,0.4237366672193473,BEARING,BEARING,0.4,0.6,True
12.49,12.49,AEROTWIN-4-001,TAKEOFF,0.95,3037.255580093263,120.9528709350758,167.93682085846294,176.15026141611756,138.96575143439665,8.866052656073318,28.31845732564759,-1.5256845730419824,-1.5256845730419824,-9.813096288521756,189.0147268507233,112.41860045733348,735.4285042048622,28.687374342670743,451.00000000000006,65.41213800000001,0.004935935268401902,24.679676342009508,319.07294901687516,0.3056899493911846,BEARING,BEARING,0.4,0.6,True
12.5,12.5,AEROTWIN-4-001,TAKEOFF,0.95,3045.015088162585,303.18820574067155,167.77661724235946,165.36851535520762,140.2113411615097,8.905698496329224,16.251475697368704,-9.5669424722862,-1.5242291436466588,177.98391611478715,-1.5242291436466588,112.5259387875629,735.7694725626377,28.71899634325329,451.00000000000006,65.41213800000001,0.0049504665774846805,24.752332887423403,319.07294901687516,0.20510000496974087,BEARING,BEARING,0.4,0.6,True
12.51,12.51,AEROTWIN-4-001,TAKEOFF,0.95,3046.3249092740743,485.88911103042665,167.6828351136945,152.60040696375435,140.9286734805336,8.92845056230554,2.743282920915208,164.9034262265877,-9.256264972867111,-1.5233771449831153,-1.5233771449831153,112.62936452555843,736.1052422149271,28.750649857765527,451.00000000000006,65.41213800000001,0.004958744176277371,24.793720881386857,319.07294901687516,0.42747861777257856,BEARING,BEARING,0.4,0.6,True
12.52,12.52,AEROTWIN-4-001,TAKEOFF,0.95,3041.4513311245023,668.6686055868711,167.66687183605822,139.7750341739351,141.04994122313383,8.932291158394822,-10.207198207593553,-1.523232120644198,151.7412359231229,-1.523232120644198,-8.919737507899395,112.72977055933846,736.4331789778142,28.782293985724905,451.00000000000006,65.41213800000001,0.004960136991269281,24.800684956346405,319.07294901687516,0.651740980958955,BEARING,BEARING,0.4,0.6,True
12.530000000000001,12.530000000000001,AEROTWIN-4-001,TAKEOFF,0.95,3031.470948861182,131.1556854543412,167.7260739905319,128.61412993112805,140.5989925825326,8.91800108090419,-20.90286373230873,-1.523769964657855,-1.523769964657855,-8.604623893350587,140.26629375379434,112.82802019528017,736.7508286452794,28.813890036941224,451.00000000000006,65.41213800000001,0.004954948080953834,24.77474040476917,319.07294901687516,0.8477295459326163,BEARING,BEARING,0.4,0.6,True
12.540000000000001,12.540000000000001,AEROTWIN-4-001,TAKEOFF,0.95,3018.012756485009,313.04394238601213,167.84565589017717,120.37973319721597,139.6777683252597,8.888737071678957,-28.186772199722693,-8.358085729624625,-1.5248563509462891,131.78753162873318,-1.5248563509462891,112.92479650578862,737.0562597643736,28.8454058432498,451.00000000000006,65.41213800000001,0.004944266399531355,24.721331997656776,319.07294901687516,0.993182007703833,BEARING,BEARING,0.4,0.6,True
12.55,12.55,AEROTWIN-4-001,TAKEOFF,0.95,3002.979914680907,494.1247077751127,168.00338521366956,115.80488979388201,138.44032445284577,8.849275590599346,-31.484710249563108,127.074545980363,-8.217077583062585,-1.5262893017091927,-1.5262893017091927,113.02051816490345,737.3482873087579,28.876818868947552,451.00000000000006,65.41213800000001,0.004929745155303849,24.648725776519242,319.07294901687516,1.0750051106418688,BEARING,BEARING,0.4,0.6,True
12.56,12.56,AEROTWIN-4-001,TAKEOFF,0.95,2988.3136040521977,674.3035026559671,168.17478635938727,115.1527535619852,137.06460571668143,8.805196996249958,-30.717049150946192,-1.5278464592312089,126.40897178470794,-1.5278464592312089,-8.200525304260328,113.11532884833068,737.626571518045,28.908118097757693,451.00000000000006,65.41213800000001,0.0049133670102684875,24.56683505134244,319.07294901687516,1.0883086968277234,BEARING,BEARING,0.4,0.6,True
12.57,12.57,AEROTWIN-4-001,TAKEOFF,0.95,2975.807068040859,133.60231889909892,168.33714415808532,118.29761556900779,135.72905021162052,8.762193127438632,-26.19362777005136,-1.5293214591003286,-1.5293214591003286,-8.305866619687286,129.66212510689573,113.2091388436037,737.8916130604019,28.939304771612303,451.00000000000006,65.41213800000001,0.004897229354540616,24.48614677270308,319.07294901687516,1.0350389118945316,BEARING,BEARING,0.4,0.6,True
12.58,12.58,AEROTWIN-4-001,TAKEOFF,0.95,2966.9448794831055,312.1507429815505,168.4717979046141,124.75993286121039,134.59533512449525,8.725522048560562,-18.560924311845426,-8.510385266352586,-1.530544771193121,136.33140766994921,-1.530544771193121,113.30168914926513,738.1446686201951,28.970391988501433,451.00000000000006,65.41213800000001,0.004883345519937082,24.41672759968541,319.07294901687516,0.9233914469069358,BEARING,BEARING,0.4,0.6,True
12.59,12.59,AEROTWIN-4-001,TAKEOFF,0.95,2962.7467262933956,490.1674357505368,168.56509936317983,133.7018030354009,133.79485776050083,8.699536754523978,-8.79259147962391,145.54133560463683,-8.776747763175534,-1.5313924030301918,-1.5313924030301918,113.39261489277494,738.387599710183,29.00140304240715,451.00000000000006,65.41213800000001,0.004873439659555471,24.367198297777357,319.07294901687516,0.7678966071796948,BEARING,BEARING,0.4,0.6,True
12.6,12.6,AEROTWIN-4-001,TAKEOFF,0.95,2963.626379430691,667.9322393281406,168.60868538181953,143.94606119741402,133.41649284840452,8.687227126452504,1.842341222557005,-1.5317883764438776,156.07098929330954,-1.5317883764438776,-9.061351343007763,113.48149690859431,738.6226583144114,29.032368380781026,451.00000000000006,65.41213800000001,0.004868727626123441,24.343638130617208,319.07294901687516,0.5890800231964297,BEARING,BEARING,0.4,0.6,True
12.61,12.61,AEROTWIN-4-001,TAKEOFF,0.95,2969.3089588973376,125.74982209398206,168.59958525587683,154.08710155884188,133.49572855077255,8.689806404164084,11.901566603905241,-1.531705702961716,-1.531705702961716,-9.323214564345816,166.47372752911113,113.56790176742487,738.8522174477357,29.063321298013726,451.00000000000006,65.41213800000001,0.004869715988044241,24.348579940221207,319.07294901687516,0.4115163991902439,BEARING,BEARING,0.4,0.6,True
12.620000000000001,12.620000000000001,AEROTWIN-4-001,TAKEOFF,0.95,2978.8543214222295,303.90835962782234,168.54038179839196,162.70638891172052,134.00815979161047,8.70646859740955,19.991760522700506,-9.530726315471382,-1.5311678471103687,175.29945092141264,-1.5311678471103687,113.65141828049138,739.0784729939269,29.09429293977721,451.00000000000006,65.41213800000001,0.0048760876153419895,24.38043807670995,319.07294901687516,0.26005563910925616,BEARING,BEARING,0.4,0.6,True
12.63,12.63,AEROTWIN-4-001,TAKEOFF,0.95,2990.802032561133,482.6396189131561,168.4393110298285,168.62881470035308,134.87112994408338,8.734457062141331,25.023227694128366,181.35375447979902,-9.66444051527782,-1.5302496320840597,-1.5302496320840597,113.73169990193675,739.3031630211168,29.125307601094203,451.00000000000006,65.41213800000001,0.004886738693796406,24.433693468982028,319.07294901687516,0.1619723109883338,BEARING,BEARING,0.4,0.6,True
12.64,12.64,AEROTWIN-4-001,TAKEOFF,0.95,3003.4075902899995,662.0877408668241,168.3099353721855,171.125700870197,135.95519291901104,8.76948958091311,26.401018370272844,-1.5290742707548166,183.89999560490085,-1.5290742707548166,-9.71614619319422,113.80851629277777,739.5273562452579,29.1563793424771,451.00000000000006,65.41213800000001,0.004899978401695945,24.499892008479726,319.07294901687516,0.2088052447617948,BEARING,BEARING,0.4,0.6,True
12.65,12.65,AEROTWIN-4-001,TAKEOFF,0.95,3014.9147226876253,122.29219628422402,168.16997985074738,170.01058191937761,137.10364917656932,8.806451006631491,24.100481736176803,-1.5278027927139757,-1.5278027927139757,-9.686284271003855,182.75247177580943,113.88180630348972,739.7513470206793,29.187510550126444,451.00000000000006,65.41213800000001,0.004913835245393923,24.569176226969613,319.07294901687516,0.1926651135897423,BEARING,BEARING,0.4,0.6,True
12.66,12.66,AEROTWIN-4-001,TAKEOFF,0.95,3023.812826181237,303.1870796454815,168.03912121792516,165.63258439499467,138.15624833632336,8.840191681062139,18.63614437760917,-9.582034127525825,-1.5266139587445957,178.2678464400097,-1.5266139587445957,113.95171508152595,739.9746696548856,29.218692482650255,451.00000000000006,65.41213800000001,0.004926383448565819,24.6319172428291,319.07294901687516,0.20341697544306236,BEARING,BEARING,0.4,0.6,True
12.67,12.67,AEROTWIN-4-001,TAKEOFF,0.95,3029.042302095179,484.61584921635574,167.93590472195214,158.79182086466628,138.97294983923345,8.866282283190793,10.952588742242034,171.26017269399543,-9.416999329211594,-1.5256762500587666,-1.5256762500587666,114.01859615434807,740.1962226961625,29.24990740081458,451.00000000000006,65.41213800000001,0.004936019824299616,24.68009912149808,319.07294901687516,0.3219820063732556,BEARING,BEARING,0.4,0.6,True
12.68,12.68,AEROTWIN-4-001,TAKEOFF,0.95,3030.1189653287415,666.3583873420664,167.87441864382336,150.590627889018,139.45405377828806,8.881615907429932,2.2549582033000206,-1.5251176568903453,162.85247363554393,-1.5251176568903453,-9.211610432745227,114.08296794521219,740.4144781153707,29.281131688687587,451.00000000000006,65.41213800000001,0.00494165585299315,24.708279264965746,319.07294901687516,0.46481446801989446,BEARING,BEARING,0.4,0.6,True
12.69,12.69,AEROTWIN-4-001,TAKEOFF,0.95,3027.158765992372,128.1655252617909,167.86168384812356,142.23815423357476,139.55320837685917,8.884772848914553,-6.199826992198966,-1.5250019628975644,-1.5250019628975644,-8.992503998491946,154.28066215786183,114.14543065996688,740.6277385761987,29.31233937232625,451.00000000000006,65.41213800000001,0.0049428136972969085,24.714068486484546,319.07294901687516,0.6108397798143378,BEARING,BEARING,0.4,0.6,True
12.700000000000001,12.700000000000001,AEROTWIN-4-001,TAKEOFF,0.95,3020.8057005927108,309.7950512213332,167.896634883905,134.85093952700325,139.28067549411094,8.876093091125473,-13.305829058233162,-8.789716189405366,-1.5253194885946153,146.69129469359785,-1.5253194885946153,114.2065656966688,740.8343988686476,29.34350552837079,451.00000000000006,65.41213800000001,0.004939628224767349,24.698141123836745,319.07294901687516,0.7405081201073046,BEARING,BEARING,0.4,0.6,True
12.71,12.71,AEROTWIN-4-001,TAKEOFF,0.95,3012.091369371199,491.0433932568959,167.97098469886387,129.30288755680527,138.6966752573285,8.857464930443946,-18.25125263096718,140.98681086434942,-8.631933413205115,-1.525994947169521,-1.525994947169521,114.2668460892873,741.0331699114711,29.37460920472215,451.00000000000006,65.41213800000001,0.004932769739728678,24.663848698643392,319.07294901687516,0.8384296642399042,BEARING,BEARING,0.4,0.6,True
12.72,12.72,AEROTWIN-4-001,TAKEOFF,0.95,3002.26649107385,671.7688754191679,168.0715020689016,126.15234950743228,137.89761331824826,8.831913176760592,-20.57717698757658,-1.526908134640889,137.7473612269299,-1.526908134640889,-8.54119545021586,114.3265794707913,741.2232369648434,29.405635622617574,451.00000000000006,65.41213800000001,0.004923313649334104,24.61656824667052,319.07294901687516,0.8946793871821269,BEARING,BEARING,0.4,0.6,True
12.73,12.73,AEROTWIN-4-001,TAKEOFF,0.95,2992.6363332059855,131.90486488359886,168.18279520669296,125.63323771367872,136.99948805842882,8.803105128977984,-20.169355473728082,-1.5279192185863022,-1.5279192185863022,-8.528709540983693,137.21778569183502,114.38589021129822,741.404341679754,29.4365775543706,451.00000000000006,65.41213800000001,0.004912585630805259,24.562928154026295,319.07294901687516,0.9049879183737681,BEARING,BEARING,0.4,0.6,True
12.74,12.74,AEROTWIN-4-001,TAKEOFF,0.95,2984.413798645157,311.4630448759581,168.2897903535097,127.67564241306924,136.12201049521428,8.774868031314766,-17.22123611345981,-8.592937765974453,-1.5288912558325367,139.32636269070878,-1.5288912558325367,114.44473404601374,741.576791566277,29.467435839957147,451.00000000000006,65.41213800000001,0.004902001948249102,24.51000974124551,319.07294901687516,0.8704113304616821,BEARING,BEARING,0.4,0.6,True
12.75,12.75,AEROTWIN-4-001,TAKEOFF,0.95,2978.590882186564,490.5278727946675,168.3795069033568,131.93029403442526,135.37502344618966,8.750758300755923,-12.195487712520322,143.7100645251534,-8.720357852264774,-1.5297063192316689,-1.5297063192316689,114.5029322740673,741.7414062622538,29.49821902155378,451.00000000000006,65.41213800000001,0.004892912132532608,24.464560662663043,319.07294901687516,0.7969231728170402,BEARING,BEARING,0.4,0.6,True
12.76,12.76,AEROTWIN-4-001,TAKEOFF,0.95,2975.8288781518877,669.2433257258614,168.44212775447699,137.79623285191184,134.84727595697046,8.733684617958394,-5.784727723017019,-1.5302752216678135,149.7453831876984,-1.5302752216678135,-8.888599892450937,114.56021336312023,741.899410055206,29.52894208299241,451.00000000000006,65.41213800000001,0.0048864456116262745,24.432228058131372,319.07294901687516,0.694939940102379,BEARING,BEARING,0.4,0.6,True
12.77,12.77,AEROTWIN-4-001,TAKEOFF,0.95,2976.3769472035215,127.79305841497467,168.4715661231385,144.47076720489432,134.59730806823347,8.72558599914617,1.1478731375146705,-1.5305426654880123,-1.5305426654880123,-9.071097012379669,156.60294954825002,114.61625437805694,742.0522800373195,29.559624341731194,451.00000000000006,65.41213800000001,0.004883369829495239,24.416849147476196,319.07294901687516,0.5784493791759189,BEARING,BEARING,0.4,0.6,True
12.780000000000001,12.780000000000001,AEROTWIN-4-001,TAKEOFF,0.95,2980.0373696220213,306.375675247186,168.4657381690509,151.0404549768958,134.6468911693602,8.72719302153869,7.666370785996909,-9.242003652504572,-1.5304897192693188,163.34343806793902,-1.5304897192693188,114.67071980725852,742.2015631566167,29.590286686202766,451.00000000000006,65.41213800000001,0.0048839805958814046,24.419902979407023,319.07294901687516,0.46341779951795353,BEARING,BEARING,0.4,0.6,True
12.790000000000001,12.790000000000001,AEROTWIN-4-001,TAKEOFF,0.95,2986.194190343585,485.1779174245073,168.42664262295833,156.61102011807344,134.97827901187958,8.737925940639087,12.894815165554775,169.05140032614412,-9.380111125620019,-1.5301345412253187,-1.5301345412253187,114.72329878767474,742.3486829503964,29.620948544310348,451.00000000000006,65.41213800000001,0.004888054249083047,24.440271245415232,319.07294901687516,0.36551571290908225,BEARING,BEARING,0.4,0.6,True
12.8,12.8,AEROTWIN-4-001,TAKEOFF,0.95,2993.9080460880155,664.3495688451225,168.3602090309369,160.4484315353648,135.5365911617916,8.755978681870864,16.155861691702334,-1.5295310005249485,172.9784694458448,-1.5295310005249485,-9.470975909430113,114.77374215138457,742.4947633867838,29.65162510743428,451.00000000000006,65.41213800000001,0.004894884447639462,24.474422238197313,319.07294901687516,0.29764821730445185,BEARING,BEARING,0.4,0.6,True
12.81,12.81,AEROTWIN-4-001,TAKEOFF,0.95,3002.0616864093063,123.98405161040341,168.2757797866859,162.09326569550868,136.23772445168177,8.778596888239248,17.076944355587656,-1.5287639716220023,-1.5287639716220023,-9.50730509055525,174.65809872930794,114.82189812260498,742.6404977504376,29.68232531887288,451.00000000000006,65.41213800000001,0.00490340343555954,24.517017177797698,319.07294901687516,0.2679509605355672,BEARING,BEARING,0.4,0.6,True
12.82,12.82,AEROTWIN-4-001,TAKEOFF,0.95,3009.5286014518665,304.1077527949618,168.18509223051842,161.42197229984544,136.98079739438455,8.80250461033707,15.638670295123813,-9.488329925759482,-1.5279400867544413,173.96618239911382,-1.5279400867544413,114.86774143483952,742.7860831722807,29.71305095217403,451.00000000000006,65.41213800000001,0.004912361249303067,24.56180624651534,319.07294901687516,0.2787102033052265,BEARING,BEARING,0.4,0.6,True
12.83,12.83,AEROTWIN-4-001,TAKEOFF,0.95,3015.3350579414905,484.6794688820738,168.10074013621085,158.64847196890585,137.66305918602757,8.824398748750244,12.16101403412804,171.12183141917583,-9.41901193277221,-1.5271737587488796,-1.5271737587488796,114.91138773508324,742.9312290650245,29.743796839491424,451.00000000000006,65.41213800000001,0.004920522113672137,24.602610568360685,319.07294901687516,0.3263199468415945,BEARING,BEARING,0.4,0.6,True
12.84,12.84,AEROTWIN-4-001,TAKEOFF,0.95,3018.7901356761304,665.5995723585633,168.03428519494867,154.27249618328165,138.19477412906673,8.841424168398023,7.236297885816894,-1.5265700240933833,166.6351003391241,-1.5265700240933833,-9.309464107655701,114.95308577304654,743.0752347918024,29.774552077315157,451.00000000000006,65.41213800000001,0.004926839972894738,24.634199864473693,319.07294901687516,0.40216492621418526,BEARING,BEARING,0.4,0.6,True
12.85,12.85,AEROTWIN-4-001,TAKEOFF,0.95,3019.565172934079,126.72698049913106,167.99438445494852,148.9864417291469,138.51165250648737,8.851554985438167,1.6232342372213573,-1.5262075309655512,-1.5262075309655512,-9.174347881286081,161.2132046723641,114.99318478698179,743.2171211230113,29.805301900635563,451.00000000000006,65.41213800000001,0.0049305875867994885,24.652937933997443,319.07294901687516,0.4942279023944531,BEARING,BEARING,0.4,0.6,True
12.86,12.86,AEROTWIN-4-001,TAKEOFF,0.95,3017.7132777919014,307.90089087517583,167.98539737558534,143.55801136199557,138.5827839645489,8.853827513370277,-3.8786001159236037,-9.031703026643312,-1.5261258844971293,155.64196615763314,-1.5261258844971293,115.03208207649071,743.3557924547649,29.836029876553,451.00000000000006,65.41213800000001,0.004931427036467769,24.65713518233885,319.07294901687516,0.5891254654451239,BEARING,BEARING,0.4,0.6,True
12.870000000000001,12.870000000000001,AEROTWIN-4-001,TAKEOFF,0.95,3013.6315266922156,488.9636875426899,168.00684907765893,138.71244879197192,138.41285083113343,8.848397473207983,-8.548799512369486,150.66595946336176,-8.900869130447417,-1.5263207704712227,-1.5263207704712227,115.07016247595942,743.4902033338781,29.86672009515082,451.00000000000006,65.41213800000001,0.004929420496834424,24.64710248417212,319.07294901687516,0.6741613122684394,BEARING,BEARING,0.4,0.6,True
12.88,12.88,AEROTWIN-4-001,TAKEOFF,0.95,3007.9797969431825,669.7815791442229,168.05386017754893,135.03814438641479,138.03867033894934,8.836429153890666,-11.836955106425226,-1.5267478603107068,146.89131036025955,-1.5267478603107068,-8.799670253223356,115.10774382473105,743.6195046191135,29.897359099855354,451.00000000000006,65.41213800000001,0.0049249889708243315,24.624944854121658,319.07294901687516,0.7389828832265608,BEARING,BEARING,0.4,0.6,True
12.89,12.89,AEROTWIN-4-001,TAKEOFF,0.95,3001.5757928593043,130.26036696081383,168.11833899941115,132.92874620479137,137.52140357702953,8.81985741674167,-13.412514788979834,-1.527333642173792,-1.527333642173792,-8.741490383323386,144.72490387246233,115.14503949326543,743.7431512023256,29.927937377547522,451.00000000000006,65.41213800000001,0.004918832719761798,24.59416359880899,319.07294901687516,0.7766090060546423,BEARING,BEARING,0.4,0.6,True
12.9,12.9,AEROTWIN-4-001,TAKEOFF,0.95,2995.2840120575606,310.35491453237205,168.19053810984508,132.5600643978625,136.93645939832876,8.801079896037098,-13.177474896503359,-8.733011232428712,-1.5279895618727202,144.34905475403664,-1.5279895618727202,115.18214260039875,743.8609620477786,29.958450300074457,451.00000000000006,65.41213800000001,0.004911828787950609,24.55914393975305,319.07294901687516,0.7838531745345395,BEARING,BEARING,0.4,0.6,True
12.91,12.91,AEROTWIN-4-001,TAKEOFF,0.95,2989.9104312609934,490.07195525582574,168.26057997096675,133.89120996322728,136.36297983468936,8.782631431181994,-11.254401302644066,145.72166517225492,-8.773203442553402,-1.5286258832371133,-1.5286258832371133,115.21903019955924,743.9731311446088,29.98889846177153,451.00000000000006,65.41213800000001,0.004904918495227568,24.52459247613784,319.07294901687516,0.7613218483544729,BEARING,BEARING,0.4,0.6,True
12.92,12.92,AEROTWIN-4-001,TAKEOFF,0.95,2986.109679489429,669.4665811314853,168.319700150689,136.68074396036806,135.87414458678782,8.766875269358291,-7.96027589577805,-1.5291629825206212,148.59287149182936,-1.5291629825206212,-8.853801566420062,115.25558192448251,744.0801930508197,30.019287395354105,451.00000000000006,65.41213800000001,0.00489899393499133,24.494969674956653,319.07294901687516,0.7131457870485343,BEARING,BEARING,0.4,0.6,True
12.93,12.93,AEROTWIN-4-001,TAKEOFF,0.95,2984.310304443914,128.63316190085106,168.36112665440936,140.51604835821533,135.52891975780585,8.755730883104203,-3.768602282694726,-1.5295393370170214,-1.5295393370170214,-8.961103507679919,152.53623053992928,115.29160687110965,744.182949515759,30.049626687842988,451.00000000000006,65.41213800000001,0.004894790878228418,24.473954391142094,319.07294901687516,0.6464748010153195,BEARING,BEARING,0.4,0.6,True
12.94,12.94,AEROTWIN-4-001,TAKEOFF,0.95,2984.6654860522535,307.6917801674859,168.38062651171361,144.8599799362747,135.3656344754002,8.75045483990843,0.7438906209660541,-9.078614086791333,-1.5297164907306233,156.9980270045273,-1.5297164907306233,115.32687386747331,744.282365908341,30.079928577553172,451.00000000000006,65.41213800000001,0.004892797411683996,24.463987058419978,319.07294901687516,0.5706656986605091,BEARING,BEARING,0.4,0.6,True
12.950000000000001,12.950000000000001,AEROTWIN-4-001,TAKEOFF,0.95,2987.0376867272726,486.7717093306211,168.3767831310161,149.11767959262966,135.3978578301973,8.751496286777783,4.968325475654577,161.3669151361465,-9.189872395301322,-1.5296815741077618,-1.5296815741077618,115.36114229485305,744.3794491117977,30.11020619611068,451.00000000000006,65.41213800000001,0.0048931910898629884,24.465955449314944,319.07294901687516,0.49611465555806744,BEARING,BEARING,0.4,0.6,True
12.96,12.96,AEROTWIN-4-001,TAKEOFF,0.95,2991.023019751572,665.9939705342574,168.35104155963796,152.71848466675357,135.61317075681225,8.758451942443699,8.346861967497617,-1.5294477152188253,165.05820852798817,-1.5294477152188253,-9.280828430796968,115.39419206237876,744.4751218926002,30.140471704135702,451.00000000000006,65.41213800000001,0.004895818074890087,24.479090374450433,319.07294901687516,0.4328235514450159,BEARING,BEARING,0.4,0.6,True
12.97,12.97,AEROTWIN-4-001,TAKEOFF,0.95,2996.014204849606,125.45535171935171,168.30751238443509,155.19893600497687,135.9752848313171,8.770137549198196,10.453513624461564,-1.5290522582205044,-1.5290522582205044,-9.341375384182578,167.59841590560046,115.42585156916495,744.5701108537502,30.170734615902667,451.00000000000006,65.41213800000001,0.00490022231715243,24.501111585762153,319.07294901687516,0.3889456217999124,BEARING,BEARING,0.4,0.6,True
12.98,12.98,AEROTWIN-4-001,TAKEOFF,0.95,3001.2926689983587,305.2162040103281,168.252496611817,156.26943522622938,136.42947329665057,8.784772468272442,11.055189461306364,-9.365996963259757,-1.5285524469514309,168.692537083392,-1.5285524469514309,115.45602159415805,744.6648641701992,30.20100058444615,451.00000000000006,65.41213800000001,0.0049057219443155355,24.528609721577677,319.07294901687516,0.36961501648036255,BEARING,BEARING,0.4,0.6,True
12.99,12.99,AEROTWIN-4-001,TAKEOFF,0.95,3006.1342906651507,485.29376415022966,168.19370892156434,155.8511459732408,136.9106275331527,8.80024973351827,10.140268706569815,168.26095261806907,-9.353769908243704,-1.5280183682922974,-1.5280183682922974,115.48469179011019,744.7595108526577,30.231270823665746,451.00000000000006,65.41213800000001,0.004911518450323463,24.557592251617315,319.07294901687516,0.37629392528933503,BEARING,BEARING,0.4,0.6,True
13.0,13.0,AEROTWIN-4-001,TAKEOFF,0.95,3009.9113152580435,665.6618215901387,168.13923929129817,154.0777343806949,137.35270646201383,8.814446109707466,7.910581808973598,-1.5275235186567522,166.44080917433112,-1.5275235186567522,-9.308027756322712,115.51194592337653,744.8538663487692,30.261542211522325,451.00000000000006,65.41213800000001,0.004916817399056545,24.584086995282725,319.07294901687516,0.4067315609173476,BEARING,BEARING,0.4,0.6,True
13.01,13.01,AEROTWIN-4-001,TAKEOFF,0.95,3012.1746840267697,126.25650050562137,168.09638315414074,151.263983296149,137.6980739077797,8.82552092424003,4.740388464129277,-1.5271341761231316,-1.5271341761231316,-9.235849929682429,163.5541015780777,115.53795306801067,744.9474816823034,30.291807993710357,451.00000000000006,65.41213800000001,0.0049209392967109414,24.604696483554708,319.07294901687516,0.4555004602787541,BEARING,BEARING,0.4,0.6,True
13.02,13.02,AEROTWIN-4-001,TAKEOFF,0.95,3012.705281665282,306.9869815472275,168.07054908801277,147.84868050232387,137.9052419387916,8.832157468089811,1.1112810954424717,-9.147336759890246,-1.5268994769312036,160.0498162160765,-1.5268994769312036,115.56294473361302,745.0397266476858,30.3220589217381,451.00000000000006,65.41213800000001,0.004923404320260133,24.617021601300664,319.07294901687516,0.5149830634384345,BEARING,BEARING,0.4,0.6,True
13.030000000000001,13.030000000000001,AEROTWIN-4-001,TAKEOFF,0.95,3011.528602070552,487.74929844714444,168.0644762971482,144.3231117968636,137.95383051552832,8.83371326162343,-2.464431980288154,156.4313353044113,-9.05453489474441,-1.5268443064016555,-1.5268443064016555,115.58718150945295,745.1298928879216,30.35228462170531,451.00000000000006,65.41213800000001,0.004923981647427541,24.619908237137707,319.07294901687516,0.5766133862754769,BEARING,BEARING,0.4,0.6,True
13.040000000000001,13.040000000000001,AEROTWIN-4-001,TAKEOFF,0.95,3008.8941019699423,668.4410145713775,168.07793512908412,141.15866858576484,137.846089636886,8.830263056851026,-5.517684107972189,-1.5269665781711868,153.18256016848264,-1.5269665781711868,-8.96995842637543,115.61091573587305,745.2173006808966,30.382474992590115,451.00000000000006,65.41213800000001,0.0049227010590059865,24.613505295029935,319.07294901687516,0.6321398729295856,BEARING,BEARING,0.4,0.6,True
13.05,13.05,AEROTWIN-4-001,TAKEOFF,0.95,3005.22638614356,128.97466068957408,168.10795634936264,138.74591048302128,137.6050182476663,8.822538299099865,-7.681646063744882,-1.5272393171238994,-1.5272393171238994,-8.904846091501962,150.70523520877103,115.63435763925669,745.3013942075756,30.412621461828316,451.00000000000006,65.41213800000001,0.004919830231321279,24.599151156606396,319.07294901687516,0.6746942971532536,BEARING,BEARING,0.4,0.6,True
13.06,13.06,AEROTWIN-4-001,TAKEOFF,0.95,3001.0586243983894,309.2882438581877,168.14949336067124,137.35259741472555,137.2697532071414,8.811783994610622,-8.728939787026476,-8.867472837027918,-1.5276166755676275,149.27530360288873,-1.5276166755676275,115.65765093806513,745.3818135178764,30.44271796763895,451.00000000000006,65.41213800000001,0.004915825039715134,24.57912519857567,319.07294901687516,0.6995340745476025,BEARING,BEARING,0.4,0.6,True
13.07,13.07,AEROTWIN-4-001,TAKEOFF,0.95,2996.9587607797366,489.3517613220911,168.19632872428636,137.1021046332939,136.88927543777115,8.799563478908784,-8.58673428338604,149.0200813059235,-8.861892334898629,-1.5280421688654948,-1.5280421688654948,115.68086094745374,745.4584361618145,30.472761581076718,451.00000000000006,65.41213800000001,0.004911261865357687,24.556309326788433,319.07294901687516,0.7044307934341147,BEARING,BEARING,0.4,0.6,True
13.08,13.08,AEROTWIN-4-001,TAKEOFF,0.95,2993.457273338849,669.1692869688752,168.24202255049207,137.96955523145095,136.51551132782498,8.787542050912043,-7.33349814728607,-1.5284572914417645,149.9138739495762,-1.5284572914417645,-8.887404135241733,115.70397505407098,745.5313861552461,30.502752720525883,451.00000000000006,65.41213800000001,0.004906760688591505,24.533803442957524,319.07294901687516,0.6897489349870696,BEARING,BEARING,0.4,0.6,True
13.09,13.09,AEROTWIN-4-001,TAKEOFF,0.95,2990.983255333634,128.77672336920614,168.28075012019704,139.79240669077197,136.1967027306206,8.777275153505842,-5.1815711933544595,-1.5288091264672712,-1.5288091264672712,-8.93886051771184,151.78888546141837,115.72691321847866,745.6010117613673,30.532694947917705,451.00000000000006,65.41213800000001,0.004902906796787032,24.51453398393516,319.07294901687516,0.6582699256962277,BEARING,BEARING,0.4,0.6,True
13.1,13.1,AEROTWIN-4-001,TAKEOFF,0.95,2989.814494329918,308.2357186892242,168.30794845713763,142.29384301642762,135.97166938464372,8.770020953835147,-2.447847322051249,-9.007722400586847,-1.5290562198853233,154.3596778567851,-1.5290562198853233,115.74954528132044,745.6678364339047,30.562594374266812,451.00000000000006,65.41213800000001,0.004900178429628064,24.50089214814032,319.07294901687516,0.6147894676657255,BEARING,BEARING,0.4,0.6,True
13.11,13.11,AEROTWIN-4-001,TAKEOFF,0.95,2990.0467817651697,487.6245883490193,168.32074978975868,145.1185208031815,135.86542516885743,8.766593967584274,0.48650166673979456,157.26046860616316,-9.083602766266592,-1.5291725183575373,-1.5291725183575373,115.77171202667813,745.7324895920556,30.592458746196673,451.00000000000006,65.41213800000001,0.004898887971461558,24.494439857307793,319.07294901687516,0.5654960363733285,BEARING,BEARING,0.4,0.6,True
13.120000000000001,13.120000000000001,AEROTWIN-4-001,TAKEOFF,0.95,2991.586754280132,667.0273952549295,168.31820799592188,147.87912351679753,135.8865375537225,8.767275069917709,3.225310893157335,-1.5291494264851004,160.09336896542345,-1.5291494264851004,-9.155946595655706,115.79324760168939,745.7956259730107,30.622296332313525,451.00000000000006,65.41213800000001,0.004899144524377417,24.495722621887083,319.07294901687516,0.5171580162272587,BEARING,BEARING,0.4,0.6,True
13.13,13.13,AEROTWIN-4-001,TAKEOFF,0.95,2994.1701598575414,126.52260051173744,168.3013264441333,150.2090081723691,136.0265456783789,8.771790505168129,5.410671988822058,-1.5289960597427674,-1.5289960597427674,-9.215513465815388,162.48251375767003,115.81400144805006,745.8578439326626,30.652114767161304,451.00000000000006,65.41213800000001,0.0049008443814162524,24.504221907081263,319.07294901687516,0.476202402103437,BEARING,BEARING,0.4,0.6,True
13.14,13.14,AEROTWIN-4-001,TAKEOFF,0.95,2997.4035853624323,306.17281010318993,168.27288756775116,151.81301644672197,136.26158045937242,8.779365445952479,6.7720705413970705,-9.255442310491258,-1.528737696182298,164.12593414957783,-1.528737696182298,115.83385806681008,745.9196136171421,30.68192002528677,451.00000000000006,65.41213800000001,0.004903692151674893,24.518460758374466,319.07294901687516,0.447823927632476,BEARING,BEARING,0.4,0.6,True
13.15,13.15,AEROTWIN-4-001,TAKEOFF,0.95,3000.8234761883255,486.0170252249359,168.2370830451546,152.50748799514577,136.55603905396552,8.788846344710434,7.162602596469812,164.83614744241927,-9.271834613940442,-1.528412416666517,-1.528412416666517,115.85275275222358,745.9812248132974,30.71171567791077,451.00000000000006,65.41213800000001,0.004907249645461537,24.536248227307688,319.07294901687516,0.4352813205614024,BEARING,BEARING,0.4,0.6,True
13.16,13.16,AEROTWIN-4-001,TAKEOFF,0.95,3003.963140652706,666.0664337962354,168.19895964829178,152.24239620169385,136.8678243359913,8.798873988345493,6.5756978773570705,-1.5280660704741318,164.56244708429765,-1.5280660704741318,-9.263918741655525,115.87068122283549,746.0427613970458,30.74150253184664,451.00000000000006,65.41213800000001,0.004911004030322578,24.55502015161289,319.07294901687516,0.43950445054292886,BEARING,BEARING,0.4,0.6,True
13.17,13.17,AEROTWIN-4-001,TAKEOFF,0.95,3006.417250217724,126.30422223539779,168.16373009891603,151.10232992918122,137.15437491009828,8.808079965373793,5.139875053709147,-1.5277460145166413,-1.5277460145166413,-9.233903006341254,163.39172496455578,115.88770128739105,746.104105136685,30.77127867937942,451.00000000000006,65.41213800000001,0.0049144432832966345,24.572216416483172,319.07294901687516,0.4590699464446457,BEARING,BEARING,0.4,0.6,True
13.18,13.18,AEROTWIN-4-001,TAKEOFF,0.95,3007.8942220560966,306.6892572484612,168.13603972209688,149.28720335557247,137.37856498046295,8.815275790448986,3.0933625846605324,-9.186592392298571,-1.5274944509791233,161.5287846498293,-1.5274944509791233,115.90392560518727,746.1649670440755,30.80103991859366,451.00000000000006,65.41213800000001,0.004917126556844917,24.585632784224586,319.07294901687516,0.4905306937497694,BEARING,BEARING,0.4,0.6,True
13.19,13.19,AEROTWIN-4-001,TAKEOFF,0.95,3008.2494062568126,487.162910571827,168.1193098137827,147.0770814644713,137.513578915977,8.81960649806751,0.7438960504267751,159.2605524683743,-9.128786080106204,-1.527342461898391,-1.527342461898391,115.91950617953724,746.2249403917119,30.830780451709902,451.00000000000006,65.41213800000001,0.00491873932578962,24.593696628948102,319.07294901687516,0.5290238244935022,BEARING,BEARING,0.4,0.6,True
13.200000000000001,13.200000000000001,AEROTWIN-4-001,TAKEOFF,0.95,3007.4956018759653,667.6578749472358,168.1152793154463,144.78794089125105,137.5460571421225,8.820647952538108,-1.5787642034095466,-1.5273058453356734,156.91100274393975,-1.5273058453356734,-9.06845016201734,115.93461301220727,746.2835666274577,30.860493741138967,451.00000000000006,65.41213800000001,0.004919126928567122,24.59563464283561,319.07294901687516,0.569039416181512,BEARING,BEARING,0.4,0.6,True
13.21,13.21,AEROTWIN-4-001,TAKEOFF,0.95,3005.791343910469,128.10761105979373,168.1238298518916,142.72618159509662,137.47713344859275,8.818437682653336,-3.569389536149469,-1.5273835258674302,-1.5273835258674302,-9.013697884404287,154.79464653123577,115.9494106914109,746.3404041482895,30.890173398011186,451.00000000000006,65.41213800000001,0.004918304212549775,24.591521062748875,319.07294901687516,0.6052143113751767,BEARING,BEARING,0.4,0.6,True
13.22,13.22,AEROTWIN-4-001,TAKEOFF,0.95,3003.4107661685175,308.45509169442187,168.14311476954882,141.1489393942745,137.32136922058083,8.813440537302725,-4.985870363609067,-8.97168665583054,-1.5275587268817856,153.1757435038686,-1.5275587268817856,115.96403705684153,746.3950903348297,30.9198139902158,451.00000000000006,65.41213800000001,0.004916442621606352,24.58221310803176,319.07294901687516,0.633028047881102,BEARING,BEARING,0.4,0.6,True
13.23,13.23,AEROTWIN-4-001,TAKEOFF,0.95,3000.700944850142,488.65973766453294,168.16994414278938,140.23496295162488,137.10393913039763,8.806460318793672,-5.675436497566427,152.23817641585066,-8.94760852760232,-1.5278024683117368,-1.5278024683117368,115.97858736390329,746.4473891191026,30.949411679635876,451.00000000000006,65.41213800000001,0.00491383872196451,24.56919360982255,319.07294901687516,0.6493169818290966,BEARING,BEARING,0.4,0.6,True
13.24,13.24,AEROTWIN-4-001,TAKEOFF,0.95,2998.0332774154394,668.7017943555414,168.20033008419762,140.06801233147445,136.85664723383252,8.798514707697079,-5.587149610055148,-1.5280785207093406,152.06813702663845,-1.5280785207093406,-8.943967653745323,115.99310589528089,746.497219081775,30.978964625517598,451.00000000000006,65.41213800000001,0.004910869661348102,24.55434830674051,319.07294901687516,0.6525711463105069,BEARING,BEARING,0.4,0.6,True
13.25,13.25,AEROTWIN-4-001,TAKEOFF,0.95,2995.755043092554,128.58379100046773,168.23008314346768,140.63259012920497,136.6134202389168,8.790692698243001,-4.771522807954833,-1.5283488234535338,-1.5283488234535338,-8.960291953984107,152.64957973009615,116.00758532326283,746.5446600093372,31.0084731193662,451.00000000000006,65.41213800000001,0.004907941565316929,24.53970782658465,319.07294901687516,0.6430157628413161,BEARING,BEARING,0.4,0.6,True
13.26,13.26,AEROTWIN-4-001,TAKEOFF,0.95,2994.1464572655536,308.329093586021,168.25536694004631,141.82086971252303,136.40587142405985,8.784012566311864,-3.3690142778486827,-8.993333183406873,-1.5285785235168718,153.87135994296364,-1.5285785235168718,116.0219728235514,746.589938527572,31.037939445520585,451.00000000000006,65.41213800000001,0.004905436826529947,24.527184132649737,319.07294901687516,0.6224961293781611,BEARING,BEARING,0.4,0.6,True
13.27,13.27,AEROTWIN-4-001,TAKEOFF,0.95,2993.387686829123,487.9778810219542,168.27314917028542,143.44955396754756,136.25942310712517,8.779295946322877,-1.5891650859004915,155.54473564653466,-9.037701533371251,-1.528740072807917,-1.528740072807917,116.03618121922291,746.6333956889251,31.06736749105545,451.00000000000006,65.41213800000001,0.004903666045515756,24.51833022757878,319.07294901687516,0.5941873610383925,BEARING,BEARING,0.4,0.6,True
13.280000000000001,13.280000000000001,AEROTWIN-4-001,TAKEOFF,0.95,2993.539413346495,667.5811422317016,168.2815169941554,145.28521708243102,136.19037069234082,8.777071115202615,0.31777527488758217,-1.528816093419258,157.42964005163986,-1.528816093419258,-9.086790782370322,116.0501032408189,746.6754412339145,31.096762158524875,451.00000000000006,65.41213800000001,0.004902830116755221,24.51415058377611,319.07294901687516,0.5621540628673425,BEARING,BEARING,0.4,0.6,True
13.290000000000001,13.290000000000001,AEROTWIN-4-001,TAKEOFF,0.95,2994.5392979062694,127.19350703249142,168.27984476199086,147.0758465918998,136.20417726636282,8.777516000587458,2.094153324949513,-1.5288009014035766,-1.5288009014035766,-9.133802964252245,159.2672513589592,116.06362710406846,746.7165006659294,31.126128662270357,451.00000000000006,65.41213800000001,0.004902997305485413,24.514986527427066,319.07294901687516,0.5307999053552739,BEARING,BEARING,0.4,0.6,True
13.3,13.3,AEROTWIN-4-001,TAKEOFF,0.95,2996.214868829141,306.8658649068676,168.26881181801207,148.5849360602336,136.29518071041585,8.780447815242386,3.5093075345753526,-9.172688174625474,-1.5287006685163658,160.8150255718918,-1.5287006685163658,116.0766517934266,746.7569621340981,31.15547180775184,451.00000000000006,65.41213800000001,0.004904098669724713,24.520493348623567,319.07294901687516,0.504271078088123,BEARING,BEARING,0.4,0.6,True
13.31,13.31,AEROTWIN-4-001,TAKEOFF,0.95,2998.3110381197807,486.6387570366161,168.25027314128604,149.6233167184045,136.4477491765114,8.785360845790793,4.390206696102323,161.87924856957983,-9.198867357164143,-1.52853224700558,-1.52853224700558,116.08910056032099,746.7971301673867,31.184795357223766,451.00000000000006,65.41213800000001,0.004905942672080725,24.529713360403626,319.07294901687516,0.4858979031987063,BEARING,BEARING,0.4,0.6,True
13.32,13.32,AEROTWIN-4-001,TAKEOFF,0.95,3000.5281462306484,666.537419323803,168.22699263270178,150.07374273723244,136.63873523319003,8.791507135165336,4.643500368877067,-1.5283207465578639,162.3400628099952,-1.5283207465578639,-9.209678579647044,116.10093120900933,746.8371923581105,31.214101570609937,451.00000000000006,65.41213800000001,0.004908246683493901,24.541233417469506,319.07294901687516,0.47776190273778596,BEARING,BEARING,0.4,0.6,True
13.33,13.33,AEROTWIN-4-001,TAKEOFF,0.95,3002.564747755147,126.5691080976419,168.20226215811172,149.90434190476444,136.8408856106459,8.798008035681764,4.265448258436773,-1.5280960733541367,-1.5280960733541367,-9.20454960552755,162.16508365700025,116.11214187833282,746.8772031832566,31.243390979640303,451.00000000000006,65.41213800000001,0.00491068015024144,24.5534007512072,319.07294901687516,0.4804564920620142,BEARING,BEARING,0.4,0.6,True
13.34,13.34,AEROTWIN-4-001,TAKEOFF,0.95,3004.15871264393,306.7229929629507,168.1794483792758,149.16908144058826,137.02670952089002,8.803979663243576,3.338392256454659,-9.184931304085444,-1.527888813086586,161.40979037084685,-1.527888813086586,116.12277139412531,746.9170865669988,31.27266241337156,451.00000000000006,65.41213800000001,0.004912912342518521,24.564561712592603,319.07294901687516,0.49307401405309664,BEARING,BEARING,0.4,0.6,True
13.35,13.35,AEROTWIN-4-001,TAKEOFF,0.95,3005.120738363031,486.9725157215865,168.16152834034625,147.99574963549446,137.17223426863188,8.808653412402611,2.0148619544599686,160.20523016696367,-9.154028507826828,-1.527726011821185,-1.527726011821185,116.13289394674258,746.9566559939569,31.301913253496945,451.00000000000006,65.41213800000001,0.00491465727902786,24.5732863951393,319.07294901687516,0.513410958813532,BEARING,BEARING,0.4,0.6,True
13.36,13.36,AEROTWIN-4-001,TAKEOFF,0.95,3005.3558776086593,667.2797600233683,168.15068537368327,146.5640507310697,137.26010202750575,8.811474219138855,0.4924744844250917,-1.5276275048536294,158.73566155844918,-1.5276275048536294,-9.116355817672225,116.14260876800209,746.9956484819779,31.33113986632431,451.00000000000006,65.41213800000001,0.0049157095252798325,24.578547626399164,319.07294901687516,0.538346726476018,BEARING,BEARING,0.4,0.6,True
13.370000000000001,13.370000000000001,AEROTWIN-4-001,TAKEOFF,0.95,3004.8708304773754,127.60111267988793,168.148031981796,145.0778663749064,137.28158302768043,8.812163683417051,-1.0158803361910849,-1.527603399127155,-1.527603399127155,-9.07714688640071,157.2102200595614,116.15202641413221,747.0337669317607,31.360338139300016,451.00000000000006,65.41213800000001,0.004915966613522311,24.579833067611556,319.07294901687516,0.5643258240521224,BEARING,BEARING,0.4,0.6,True
13.38,13.38,AEROTWIN-4-001,TAKEOFF,0.95,3003.767073265738,307.89336250853046,168.153504066296,143.7363114424312,137.23727368976884,8.810741450946383,-2.3117036982840222,-9.041665962391361,-1.527653112316087,155.8332836294547,-1.527653112316087,116.16125391375535,747.070724542957,31.38950404399566,451.00000000000006,65.41213800000001,0.00491543624555221,24.577181227761052,319.07294901687516,0.5878630999933946,BEARING,BEARING,0.4,0.6,True
13.39,13.39,AEROTWIN-4-001,TAKEOFF,0.95,3002.221930951444,488.11938690447477,168.16593657715916,142.7078380500466,137.13647147983465,8.807505065768785,-3.236138495556835,154.777871996432,-9.014501826205935,-1.527766060089727,-1.527766060089727,116.17038119272233,747.1062851750684,31.418634152427195,451.00000000000006,65.41213800000001,0.004914228717480783,24.571143587403917,319.07294901687516,0.605997744188985,BEARING,BEARING,0.4,0.6,True
13.4,13.4,AEROTWIN-4-001,TAKEOFF,0.95,3000.461100413559,668.2527027615614,168.18329505856065,142.1105209688951,136.9954213517111,8.802974471875006,-3.687874854691005,-1.5279237596766926,154.16531679938606,-1.5279237596766926,-8.998948311137593,116.1794708008713,747.1402945875279,31.447726046206736,451.00000000000006,65.41213800000001,0.004912536813878698,24.562684069393494,319.07294901687516,0.6166409325612184,BEARING,BEARING,0.4,0.6,True
13.41,13.41,AEROTWIN-4-001,TAKEOFF,0.95,2998.7267838929733,128.280368786375,168.20301162268456,142.0002377699365,136.83477034957318,8.797811447078438,-3.632344026715124,-1.5281028821440792,-1.5281028821440792,-8.996575970414344,154.053019504639,116.18855219230443,747.172699123017,31.47677857525069,451.00000000000006,65.41213800000001,0.004910606614130894,24.55303307065447,319.07294901687516,0.6187865034242538,BEARING,BEARING,0.4,0.6,True
13.42,13.42,AEROTWIN-4-001,TAKEOFF,0.95,2997.2456177081162,308.20397581995337,168.22236360814688,142.36720947316638,136.6766305111199,8.792726165441037,-3.1021472033945496,-9.007070705036128,-1.5282786924608796,154.43083756312424,-1.5282786924608796,116.19762091122003,747.2035502666099,31.5057919423504,451.00000000000006,65.41213800000001,0.0049087032725269155,24.543516362634577,319.07294901687516,0.6125757564368985,BEARING,BEARING,0.4,0.6,True
13.43,13.43,AEROTWIN-4-001,TAKEOFF,0.95,2996.2002064399344,488.03871288244034,168.23883768552375,143.1405249373262,136.54164601803677,8.788383159356284,-2.189504240066851,155.2257459596675,-9.028364307640883,-1.5284283573502142,-1.5284283573502142,116.2066422542406,747.2329953461053,31.534767610529485,451.00000000000006,65.41213800000001,0.004907076021847591,24.535380109237956,319.07294901687516,0.5992222848428918,BEARING,BEARING,0.4,0.6,True
13.44,13.44,AEROTWIN-4-001,TAKEOFF,0.95,2995.7074686282344,667.8107252688364,168.25043563931777,144.19974392198816,136.44641372815593,8.78531785342019,-1.0319876595879638,-1.5285337232794485,156.31383530792172,-1.5285337232794485,-9.05702393937467,116.21555845567731,747.2612562652126,31.563708050829614,451.00000000000006,65.41213800000001,0.004905926544632843,24.529632723164216,319.07294901687516,0.580812194976583,BEARING,BEARING,0.4,0.6,True
13.450000000000001,13.450000000000001,AEROTWIN-4-001,TAKEOFF,0.95,2995.8062021827272,127.55317338653049,168.25589368479334,145.39219918097353,136.4015390373049,8.783873070696767,0.20678707297186705,-1.5285833089256364,-1.5285833089256364,-9.088819209671446,157.53818500849627,116.22429818654342,747.2885994879945,31.592616367645487,451.00000000000006,65.41213800000001,0.0049053844820107625,24.526922410053814,319.07294901687516,0.5600035914200504,BEARING,BEARING,0.4,0.6,True
13.46,13.46,AEROTWIN-4-001,TAKEOFF,0.95,2996.455234636935,307.3015455174941,168.25480044989328,146.55402328889633,136.41053032290952,8.784162572598927,1.3593303933878822,-9.11935948669439,-1.5285733770261687,158.73052952964304,-1.5285733770261687,116.23278709843633,747.3153014445872,31.621495854703575,451.00000000000006,65.41213800000001,0.0049054931132557055,24.52746556627853,319.07294901687516,0.5396597815546282,BEARING,BEARING,0.4,0.6,True
13.47,13.47,AEROTWIN-4-001,TAKEOFF,0.95,2997.5422196949453,487.08885959571023,168.24760856818096,147.53228440935357,136.46964259233286,8.786065635149669,2.276576181871036,159.73399571455516,-9.14469522580325,-1.5285080396991695,-1.5285080396991695,116.2409581861407,747.3416140090312,31.650349544263406,451.00000000000006,65.41213800000001,0.004906207032880578,24.531035164402887,319.07294901687516,0.5224619765327418,BEARING,BEARING,0.4,0.6,True
13.48,13.48,AEROTWIN-4-001,TAKEOFF,0.95,2998.901695430466,666.9413927774069,168.23554269225767,148.2052033462323,136.5686711821306,8.789252841804288,2.847279322297421,-1.5283984227571414,160.42380130606668,-1.5283984227571414,-9.161801114320077,116.24876082797422,747.3677346101033,31.679179812451704,451.00000000000006,65.41213800000001,0.004907402004723369,24.537010023616848,319.07294901687516,0.5105545225414074,BEARING,BEARING,0.4,0.6,True
13.49,13.49,AEROTWIN-4-001,TAKEOFF,0.95,3000.3396810987088,126.8754945032349,168.22041494261026,148.49752446309836,136.69257528936484,8.793239032855505,3.011710140878014,-1.5282609890833114,-1.5282609890833114,-9.168894103668395,160.72294054493338,116.25616748734588,747.3937848286066,31.707988093826987,451.00000000000006,65.41213800000001,0.004908895329990308,24.544476649951537,319.07294901687516,0.505273988030508,BEARING,BEARING,0.4,0.6,True
13.5,13.5,AEROTWIN-4-001,TAKEOFF,0.95,3001.6611467780835,306.8958753691574,168.20436864010352,148.38882269368503,136.82369601976757,8.797455427052734,2.7676712468647278,-9.165572529066813,-1.528115210474048,160.61062564369996,-1.528115210474048,116.26317726428115,747.4198000712195,31.736774739832743,451.00000000000006,65.41213800000001,0.004910473432630161,24.55236716315081,319.07294901687516,0.5070010932701869,BEARING,BEARING,0.4,0.6,True
13.51,13.51,AEROTWIN-4-001,TAKEOFF,0.95,3002.696352808848,486.99554417584244,168.18958184764566,147.9137080682149,136.94424746061546,8.801330166798344,2.1681304408011,160.1224545254037,-9.15278470848329,-1.5279808743527468,-1.5279808743527468,116.26981581944389,747.4457312752011,31.765539032493955,451.00000000000006,65.41213800000001,0.004911922334602453,24.55961167301227,319.07294901687516,0.5151539499981254,BEARING,BEARING,0.4,0.6,True
13.52,13.52,AEROTWIN-4-001,TAKEOFF,0.95,3003.3223872029207,667.1573253443734,168.17797096785168,147.1542507048195,137.03872178652963,8.804365549415467,1.3111633688744018,-1.5278753909924538,159.34264757520694,-1.5278753909924538,-9.132646088402515,116.2761316639327,747.4714578588106,31.794279341306638,451.00000000000006,65.41213800000001,0.004913056482666523,24.565282413332614,319.07294901687516,0.5283173746500617,BEARING,BEARING,0.4,0.6,True
13.530000000000001,13.530000000000001,AEROTWIN-4-001,TAKEOFF,0.95,3003.47714123059,127.3566685765486,168.1709377467037,146.22618760903325,137.0958703532754,8.806201178131891,0.32411607762596795,-1.5278114950764214,-1.5278114950764214,-9.108129244878688,158.3899398440648,116.28218935738076,747.4968095782845,31.82299339199343,451.00000000000006,65.41213800000001,0.0049137419725349095,24.568709862674545,319.07294901687516,0.5444814379578969,BEARING,BEARING,0.4,0.6,True
13.540000000000001,13.540000000000001,AEROTWIN-4-001,TAKEOFF,0.95,3003.1642550169527,307.565297050384,168.16919780389648,145.26134674982544,137.10999916263185,8.806654940640566,-0.6553073534469824,-9.08265810282096,-1.5277956879181978,157.3995962284828,-1.5277956879181978,116.28806066646582,747.5215938279262,31.85167860328767,451.00000000000006,65.41213800000001,0.0049139113797312395,24.5695568986562,319.07294901687516,0.561347086563321,BEARING,BEARING,0.4,0.6,True
13.55,13.55,AEROTWIN-4-001,TAKEOFF,0.95,3002.4489747030834,487.7551523514012,168.17271511855824,144.38909179931596,137.08143387517666,8.805737510345741,-1.498079586206435,156.50439660438354,-9.05964952052205,-1.5278276422727612,-1.5278276422727612,116.29381507047353,747.5456243772353,31.880332442943228,451.00000000000006,65.41213800000001,0.004913568849267158,24.567844246335792,319.07294901687516,0.5766500882003505,BEARING,BEARING,0.4,0.6,True
13.56,13.56,AEROTWIN-4-001,TAKEOFF,0.95,3001.4461316250226,667.9020908335863,168.18074773924502,143.71943332599355,137.0161427582283,8.803640198925052,-2.1003496311598155,-1.5279006176059864,155.817293133561,-1.5279006176059864,-9.042058572355497,116.29951106511858,747.5687476141057,31.90895275605332,451.00000000000006,65.41213800000001,0.00491278553189581,24.56392765947905,319.07294901687516,0.5884570819751122,BEARING,BEARING,0.4,0.6,True
13.57,13.57,AEROTWIN-4-001,TAKEOFF,0.95,3000.3023903791113,127.98885873108759,168.1919904574948,143.3298826134659,136.9246289678658,8.800699709441428,-2.395446063841316,-1.5280027562656622,-1.5280027562656622,-9.031991308884344,155.41787943488157,116.30518949780983,747.5908629801638,31.937538026000425,451.00000000000006,65.41213800000001,0.004911686670971252,24.55843335485626,319.07294901687516,0.5953972409159767,BEARING,BEARING,0.4,0.6,True
13.58,13.58,AEROTWIN-4-001,TAKEOFF,0.95,2999.175434607165,308.00700215383426,168.2047853458901,143.25735035885253,136.82029492328033,8.797346084952052,-2.360290649379847,-9.030444124057171,-1.5281189961929083,155.34403247529553,-1.5281189961929083,116.31086973996139,747.6119352872507,31.966087539269346,451.00000000000006,65.41213800000001,0.0049104325273135185,24.552162636567594,319.07294901687516,0.5968064114614994,BEARING,BEARING,0.4,0.6,True
13.59,13.59,AEROTWIN-4-001,TAKEOFF,0.95,2998.212890125067,487.95752823026413,168.21736388035214,143.49562420176682,136.71753097286498,8.79404167804292,-2.0159484491410815,155.58930097533806,-9.037210232426666,-1.5282332705722976,-1.5282332705722976,116.3165489882243,747.6319978056154,31.994601438450204,451.00000000000006,65.41213800000001,0.004909195858150914,24.545979290754573,319.07294901687516,0.5927739540187257,BEARING,BEARING,0.4,0.6,True
13.6,13.6,AEROTWIN-4-001,TAKEOFF,0.95,2997.5336043422108,667.8503016377681,168.22808487545223,143.9983163315878,136.62978979811328,8.791219350214122,-1.4226928167396,-1.5283306694437795,156.1059423891529,-1.5283306694437795,-9.05096471867753,116.32220450868373,747.6511462419571,32.02308066181959,451.00000000000006,65.41213800000001,0.004908138875018166,24.54069437509083,319.07294901687516,0.5840937723892042,BEARING,BEARING,0.4,0.6,True
13.61,13.61,AEROTWIN-4-001,TAKEOFF,0.95,2997.213485574992,127.70231789830075,168.23563842913256,144.6866585506181,136.56788614859468,8.789227580270687,-0.670455178247277,-1.5283992925144247,-1.5283992925144247,-9.069507566173845,156.8129647018208,116.32779827617968,747.669524844912,32.05152678179542,451.00000000000006,65.41213800000001,0.004907392536849387,24.536962684246937,319.07294901687516,0.5721300994147478,BEARING,BEARING,0.4,0.6,True
13.620000000000001,13.620000000000001,AEROTWIN-4-001,TAKEOFF,0.95,2997.277499465607,307.53512703280023,168.23919452795852,145.4610777515952,136.5387184295846,8.788288943021142,0.13407037898946506,-9.09011733127501,-1.5284315992181676,157.6080582813066,-1.5284315992181676,116.33328323987674,747.6873067890356,32.07994176704429,451.00000000000006,65.41213800000001,0.0049070407029245585,24.535203514622793,319.07294901687516,0.5586164967877365,BEARING,BEARING,0.4,0.6,True
13.63,13.63,AEROTWIN-4-001,TAKEOFF,0.95,2997.6986466875546,487.37177700073664,168.23848360083687,146.21507614613796,136.54455082555236,8.788476641551725,0.882048679033872,158.38187950761858,-9.109953080408513,-1.5284251405360483,-1.5284251405360483,116.33861034886075,747.7046716190806,32.10832770256061,451.00000000000006,65.41213800000001,0.0049071110648223285,24.53555532411164,319.07294901687516,0.5454137824017551,BEARING,BEARING,0.4,0.6,True
13.64,13.64,AEROTWIN-4-001,TAKEOFF,0.95,2998.403851363892,667.2336958019899,168.23380413136977,146.84961397921555,136.58292524920793,8.789711509702373,1.4769772203052423,-1.5283826281534778,159.03282051722337,-1.5283826281534778,-9.126441281700869,116.34373546471423,747.7217828200411,32.13668650706617,451.00000000000006,65.41213800000001,0.0049075739013736555,24.537869506868276,319.07294901687516,0.5342583951282384,BEARING,BEARING,0.4,0.6,True
13.65,13.65,AEROTWIN-4-001,TAKEOFF,0.95,2999.28576844091,127.13792688382341,168.22595955994805,147.2860568007878,136.64719471615356,8.791779277810802,1.8470828068234386,-1.528311361223813,-1.528311361223813,-9.137595517710738,159.48027504094617,116.3486253463769,747.7387684715532,32.16501968645988,451.00000000000006,65.41213800000001,0.004908348625691638,24.54174312845819,319.07294901687516,0.5265351430511063,BEARING,BEARING,0.4,0.6,True
13.66,13.66,AEROTWIN-4-001,TAKEOFF,0.95,3000.2187110457016,307.095072990278,168.21613364015903,147.4759059182855,136.72759030225555,8.794365193740354,1.9539504222895872,-9.14223486256903,-1.528222093997237,159.67458496884902,-1.528222093997237,116.35326200969651,747.7557074462391,32.193328155597946,451.00000000000006,65.41213800000001,0.004909316974196086,24.546584870980436,319.07294901687516,0.5231055988565279,BEARING,BEARING,0.4,0.6,True
13.67,13.67,AEROTWIN-4-001,TAKEOFF,0.95,3001.076352447021,487.1081956530202,168.20572030899473,147.40600378646144,136.81266311159735,8.797100724331559,1.7962399505325362,159.6023442367938,-9.140085469905687,-1.528127490213325,-1.528127490213325,116.35764494779886,747.7726227791027,32.221612149450635,451.00000000000006,65.41213800000001,0.004910340733241582,24.55170366620791,319.07294901687516,0.5242151899293375,BEARING,BEARING,0.4,0.6,True
13.68,13.68,AEROTWIN-4-001,TAKEOFF,0.95,3001.748676566787,667.1727767998414,168.19613032634413,147.09862052892618,136.8908927250045,8.799615460262304,1.4081123436593668,-1.5280403664455238,159.28646639396666,-1.5280403664455238,-9.131765132149448,116.36179095508199,747.7894827892453,32.24987123074816,451.00000000000006,65.41213800000001,0.004911281302155533,24.556406510777666,319.07294901687516,0.5294895962288965,BEARING,BEARING,0.4,0.6,True
13.69,13.69,AEROTWIN-4-001,TAKEOFF,0.95,3002.1558663766345,127.2776973938486,168.18860103910887,146.6066374497592,136.95223428872632,8.801586817543429,0.8528163434894598,-1.5279719638324332,-1.5279719638324332,-9.118661308335357,158.78124268575942,116.36573161431586,747.8062094380429,32.27810438715414,451.00000000000006,65.41213800000001,0.004912018260463589,24.560091302317943,319.07294901687516,0.5380169560863187,BEARING,BEARING,0.4,0.6,True
13.700000000000001,13.700000000000001,AEROTWIN-4-001,TAKEOFF,0.95,3002.2573803971186,307.4070493764467,168.18403605437805,146.00478341513445,136.98939218738482,8.802780760424312,0.21261046732531952,-9.102720995034487,-1.5279304915290732,158.16336539322708,-1.5279304915290732,116.36950884176102,747.822692430539,32.30631019912566,451.00000000000006,65.41213800000001,0.004912464435527746,24.56232217763873,319.07294901687516,0.5484994499135342,BEARING,BEARING,0.4,0.6,True
13.71,13.71,AEROTWIN-4-001,TAKEOFF,0.95,3002.055258760475,487.54249220027384,168.182897409049,145.37841243170877,136.99865658250357,8.803078415078568,-0.4233225658733719,157.52043073584102,-9.086178009968933,-1.5279201470816564,-1.5279201470816564,116.37316917603559,747.8388068542314,32.33448705152925,451.00000000000006,65.41213800000001,0.004912575649908259,24.5628782495413,319.07294901687516,0.5594484794889515,BEARING,BEARING,0.4,0.6,True
13.72,13.72,AEROTWIN-4-001,TAKEOFF,0.95,3001.59157227375,667.6658077259024,168.18516430581636,144.81155387845607,136.98021082181435,8.802485763486347,-0.971142706844633,-1.5279407415493196,156.9386858303595,-1.5279407415493196,-9.07125046880479,116.37675767724726,747.854431793773,32.36263335844325,451.00000000000006,65.41213800000001,0.004912354206754336,24.56177103377168,319.07294901687516,0.5693933144378021,BEARING,BEARING,0.4,0.6,True
13.73,13.73,AEROTWIN-4-001,TAKEOFF,0.95,3000.940732365914,127.76130206232733,168.1903613375148,144.37590941223775,136.93789916395477,8.801126163696765,-1.3631159154137862,-1.5279879559186722,-1.5279879559186722,-9.059846960752157,156.49173228482724,116.38031233092487,747.8694673870459,32.39074777123288,451.00000000000006,65.41213800000001,0.00491184608235893,24.55923041179465,319.07294901687516,0.5770739531831008,BEARING,BEARING,0.4,0.6,True
13.74,13.74,AEROTWIN-4-001,TAKEOFF,0.95,3000.198002692444,307.8177460042822,168.19764789774996,144.12216908513798,136.87852067424018,8.799217801415185,-1.5555693905173804,-9.053321361715325,-1.5280541533879617,156.2315987536292,-1.5280541533879617,116.3838597233737,747.883848159098,32.41882934423683,451.00000000000006,65.41213800000001,0.004911132604272348,24.55566302136174,319.07294901687516,0.5815940867207855,BEARING,BEARING,0.4,0.6,True
13.75,13.75,AEROTWIN-4-001,TAKEOFF,0.95,2999.4659340617227,487.8296261658288,168.2059516627282,144.0745735286364,136.81077447916547,8.797040004268462,-1.5332409547975434,156.1831437347818,-9.052311022080483,-1.5281295920324514,-1.5281295920324514,116.38741250821644,747.8975510991315,32.44687763931316,451.00000000000006,65.41213800000001,0.004910318015925188,24.55159007962594,319.07294901687516,0.5825177465959097,BEARING,BEARING,0.4,0.6,True
13.76,13.76,AEROTWIN-4-001,TAKEOFF,0.95,2998.8405752442727,667.7975822095323,168.21412417970458,144.2291621362329,136.744017113807,8.794893466931745,-1.3097484445058338,-1.5282038383056036,156.34225066308568,-1.5282038383056036,-9.056680850241563,116.39096887983216,747.9105977219654,32.47489275907646,451.00000000000006,65.41213800000001,0.004909514727204804,24.547573636024023,319.07294901687516,0.5799016833884698,BEARING,BEARING,0.4,0.6,True
13.77,13.77,AEROTWIN-4-001,TAKEOFF,0.95,2998.399219218892,127.72801672418859,168.22109595192057,144.5556894436628,136.68700352252233,8.793059819109436,-0.9243738979689677,-1.5282671759659352,-1.5282671759659352,-9.065578624569453,156.6778024201641,116.39451397208649,747.9230501683066,32.502875307970086,451.00000000000006,65.41213800000001,0.004908828220948295,24.544141104741474,319.07294901687516,0.5742635297606098,BEARING,BEARING,0.4,0.6,True
13.780000000000001,13.780000000000001,AEROTWIN-4-001,TAKEOFF,0.95,2998.1911651614764,307.63196987732215,168.2260111233451,145.00279080886713,136.64677251209952,8.791765695652279,-0.4357473988846632,-9.077588508176548,-1.5283118296706912,157.13700297638505,-1.5283118296706912,116.39802285739518,747.935002150907,32.53082628942224,451.00000000000006,65.41213800000001,0.004908343538085124,24.54171769042562,319.07294901687516,0.5664928601296395,BEARING,BEARING,0.4,0.6,True
13.790000000000001,13.790000000000001,AEROTWIN-4-001,TAKEOFF,0.95,2998.232547615699,487.5234397870107,168.22832661324497,145.50563663304663,136.62780977430342,8.79115564929384,0.08667120944937956,157.65325680374386,-9.09095443949571,-1.528332865600758,-1.528332865600758,116.40146465446082,747.9465661679179,32.558746955265676,451.00000000000006,65.41213800000001,0.004908115010770217,24.54057505385109,319.07294901687516,0.5577183023618668,BEARING,BEARING,0.4,0.6,True
13.8,13.8,AEROTWIN-4-001,TAKEOFF,0.95,2998.505743864979,667.4173926439527,168.22786613373907,145.9950392792627,136.63158140379042,8.791276988987068,0.57218088648521,-1.5283286822032474,158.15553271561896,-1.5283286822032474,-9.103836071949775,116.40480716461056,747.957858819841,32.58663862938057,451.00000000000006,65.41213800000001,0.004908160467910939,24.5408023395547,319.07294901687516,0.5491487361931175,BEARING,BEARING,0.4,0.6,True
13.81,13.81,AEROTWIN-4-001,TAKEOFF,0.95,2998.9632690712697,127.3277372758514,168.22482520751345,146.40679862497586,136.6564820314715,8.792078042228148,0.958238551276203,-1.5283010557767944,-1.5283010557767944,-9.11455853294227,158.57795926947173,116.40802143718915,747.9689862395728,32.61450253029954,451.00000000000006,65.41213800000001,0.004908460532957354,24.542302664786774,319.07294901687516,0.5419097920840967,BEARING,BEARING,0.4,0.6,True
13.82,13.82,AEROTWIN-4-001,TAKEOFF,0.95,2999.5354763155474,307.2655334201276,168.2197287964819,146.69003613449956,136.69818850833087,8.793419576199934,1.1984280499687578,-9.12182259891029,-1.5282547555333517,158.86836824447653,-1.5282547555333517,116.41108570362648,747.9800315560426,32.64233961679237,451.00000000000006,65.41213800000001,0.0049089629341723005,24.544814670861506,319.07294901687516,0.5368975483916943,BEARING,BEARING,0.4,0.6,True
13.83,13.83,AEROTWIN-4-001,TAKEOFF,0.95,3000.140879164374,487.23766199906044,168.2133483527364,146.8134081112371,136.75035797420963,8.79509737546989,1.26795276155757,158.99465319409006,-9.124851502819627,-1.5281967900166658,-1.5281967900166658,116.4139882114589,747.9910459712768,32.67015047628262,451.00000000000006,65.41213800000001,0.004909591051711542,24.54795525855771,319.07294901687516,0.5346689102304282,BEARING,BEARING,0.4,0.6,True
13.84,13.84,AEROTWIN-4-001,TAKEOFF,0.95,3000.697587653476,667.2461147489229,168.20658979716345,146.7684048389035,136.80556479653146,8.796872509336072,1.1659675330359782,-1.52813538940231,158.94813724269298,-1.52813538940231,-9.123461624984854,116.41672863036852,748.0020444844939,32.69793526902805,451.00000000000006,65.41213800000001,0.0049102553490995475,24.551276745497738,319.07294901687516,0.5353826689511797,BEARING,BEARING,0.4,0.6,True
13.85,13.85,AEROTWIN-4-001,TAKEOFF,0.95,3001.1342489025187,127.28797000813142,168.20036762760986,146.5693870477166,136.85634100243448,8.798504863882323,0.9145411813997892,-1.528078861786447,-1.528078861786447,-9.1180545728439,158.74359934413337,116.4193178856584,748.0130066242331,32.7256937325258,451.00000000000006,65.41213800000001,0.004910865979662001,24.55432989831001,319.07294901687516,0.5387974990773086,BEARING,BEARING,0.4,0.6,True
13.86,13.86,AEROTWIN-4-001,TAKEOFF,0.95,3001.3990243548874,307.3560249422826,168.19548234727517,146.25050417813338,136.89617454592266,8.799785221536283,0.5545444106744384,-9.109536694330506,-1.528034479638425,158.41610983174073,-1.528034479638425,116.42177648445028,748.023881851014,32.753425242016384,451.00000000000006,65.41213800000001,0.004911344777468664,24.55672388734332,319.07294901687516,0.5443245479183775,BEARING,BEARING,0.4,0.6,True
13.870000000000001,13.870000000000001,AEROTWIN-4-001,TAKEOFF,0.95,3001.4654858552854,487.4399664035758,168.1925180174557,145.86008920108435,136.92033097644094,8.800561583711227,0.13919664093218564,158.01528330715698,-9.099179007911541,-1.5280075490805414,-1.5280075490805414,116.42413160849453,748.0345986723194,32.7811289155929,451.00000000000006,65.41213800000001,0.004911635035366887,24.558175176834432,319.07294901687516,0.551124395348521,BEARING,BEARING,0.4,0.6,True
13.88,13.88,AEROTWIN-4-001,TAKEOFF,0.95,3001.3348051714693,667.5278955548929,168.1917736927871,145.45345431104704,136.92639483620107,8.800756459008532,-0.2736969841625623,-1.5280007869859724,157.59789217050252,-1.5280007869859724,-9.088436285483521,116.42641341953501,748.0450760565922,32.80880374724305,451.00000000000006,65.41213800000001,0.00491170788521916,24.5585394260958,319.07294901687516,0.5582323654593961,BEARING,BEARING,0.4,0.6,True
13.89,13.89,AEROTWIN-4-001,TAKEOFF,0.95,3001.0341589455134,127.60798386518104,168.1932371359445,145.08517313031962,136.91447183028353,8.800373283230705,-0.6296719831946191,-1.528014082180185,-1.528014082180185,-9.078748559353684,157.21994985403367,116.42865112553162,748.0552355002509,32.83644874864564,451.00000000000006,65.41213800000001,0.004911564640309035,24.557823201545176,319.07294901687516,0.564693290866603,BEARING,BEARING,0.4,0.6,True
13.9,13.9,AEROTWIN-4-001,TAKEOFF,0.95,3000.611785858942,307.67003340191184,168.19660251026477,144.8019191475995,136.8870435290447,8.799491742454231,-0.8846161238994146,-9.071350899160734,-1.528044656176148,156.92935935911254,-1.528044656176148,116.43086936859085,748.0650121094355,32.864063080729984,451.00000000000006,65.41213800000001,0.004911235041383144,24.55617520691572,319.07294901687516,0.5696870325995947,BEARING,BEARING,0.4,0.6,True
13.91,13.91,AEROTWIN-4-001,TAKEOFF,0.95,3000.129544436916,487.7067405534483,168.20132706063083,144.63676379521104,136.8485145877919,8.798253279880774,-1.0100040724616317,156.7600557663525,-9.067116814915648,-1.5280875781129288,-1.5280875781129288,116.43308541810131,748.0743632863534,32.89164615855558,451.00000000000006,65.41213800000001,0.004910771881920817,24.553859409604087,319.07294901687516,0.5726288908930373,BEARING,BEARING,0.4,0.6,True
13.92,13.92,AEROTWIN-4-001,TAKEOFF,0.95,2999.654085134081,667.7145132196633,168.20671641022733,144.60557071676624,136.80453107783293,8.796839274179327,-0.9957996352460228,-1.5281365396658273,156.72830010884724,-1.5281365396658273,-9.06645631274935,116.43530750509376,748.0832740089533,32.91919771744025,451.00000000000006,65.41213800000001,0.004910242914161756,24.55121457080878,319.07294901687516,0.5732336490241804,BEARING,BEARING,0.4,0.6,True
13.93,13.93,AEROTWIN-4-001,TAKEOFF,0.95,2999.247854177955,127.69375832770822,168.21202488037284,144.70581009129046,136.7611730615499,8.795445154689983,-0.8508081249494204,-1.5281847664392418,-1.5281847664392418,-9.06928160948232,156.83146123365125,116.43753444884919,748.0917581952154,32.94671783381622,451.00000000000006,65.41213800000001,0.004909721219985185,24.548606099925927,319.07294901687516,0.5715374277533691,BEARING,BEARING,0.4,0.6,True
13.94,13.94,AEROTWIN-4-001,TAKEOFF,0.95,2998.961095967379,307.64862957838557,168.21655642102067,144.91780258209772,136.7241335505841,8.794254023315053,-0.6005849918014317,-9.075043051827773,-1.5282259349073786,157.04929750374023,-1.5282259349073786,116.43975653935259,748.0998561778399,32.97420690034933,451.00000000000006,65.41213800000001,0.004909275355816014,24.54637677908007,319.07294901687516,0.567877021047981,BEARING,BEARING,0.4,0.6,True
13.950000000000001,13.950000000000001,AEROTWIN-4-001,TAKEOFF,0.95,2998.8258355787943,487.5862953364283,168.21975301391586,145.20811490929165,136.69799040036423,8.793413204326532,-0.28328869539911317,157.34745179118585,-9.08282693080289,-1.528254975545647,-1.528254975545647,116.44195747782942,748.1076288145227,33.00166556072963,451.00000000000006,65.41213800000001,0.004908960548280878,24.54480274140439,319.07294901687516,0.5628314340365465,BEARING,BEARING,0.4,0.6,True
13.96,13.96,AEROTWIN-4-001,TAKEOFF,0.95,2998.8525303088036,667.515845471156,168.22126017076303,145.53458577133614,136.68565985939304,8.793016600152972,0.055909311790125926,-1.5282686678731492,157.68262094957586,-1.5282686678731492,-9.091497842493437,116.44411705959746,748.1151491665506,33.02909461455773,451.00000000000006,65.41213800000001,0.004908812036611589,24.544060183057947,319.07294901687516,0.5571346353630504,BEARING,BEARING,0.4,0.6,True
13.97,13.97,AEROTWIN-4-001,TAKEOFF,0.95,2999.0297126189002,127.44699728968419,168.22096275355233,145.8522779828695,136.68809334718213,8.793094873189478,0.37108976249789905,-1.5282659658757682,-1.5282659658757682,-9.099862724630148,158.0086726392512,116.446214215284,748.1224929503763,33.05649490629112,451.00000000000006,65.41213800000001,0.004908841347642388,24.54420673821194,319.07294901687516,0.5515717773466169,BEARING,BEARING,0.4,0.6,True
13.98,13.98,AEROTWIN-4-001,TAKEOFF,0.95,2999.326547651054,307.3887800468182,168.2189882875375,146.11955004682505,136.70424581040515,8.793614398856976,0.6216898375629238,-9.106832422729097,-1.5282480281041504,158.28287852576244,-1.5282480281041504,116.448230007318,748.1297290748822,33.083867213804155,451.00000000000006,65.41213800000001,0.004909035882129009,24.54517941064504,319.07294901687516,0.5468729759533375,BEARING,BEARING,0.4,0.6,True
13.99,13.99,AEROTWIN-4-001,TAKEOFF,0.95,2999.6978457093023,487.3483729058815,168.2156788765166,146.30343790747486,136.73130830812232,8.794484764629562,0.7776448347229739,158.471433097845,-9.11155926531493,-1.5282179625276158,-1.5282179625276158,116.45015020453795,748.1369115112892,33.11121215152701,451.00000000000006,65.41213800000001,0.004909361736253735,24.546808681268676,319.07294901687516,0.5436188260126514,BEARING,BEARING,0.4,0.6,True
14.0,14.0,AEROTWIN-4-001,TAKEOFF,0.95,3000.090755730618,667.3302436484396,168.2115365075517,146.3836456742141,136.76516338249067,8.795573467398174,0.822908824325264,-1.5281803296345238,158.55354084726935,-1.5281803296345238,-9.113534513786183,116.4519671239222,748.1440735145253,33.138530100465616,451.00000000000006,65.41213800000001,0.004909769242822504,24.54884621411252,319.07294901687516,0.5421699732432409,BEARING,BEARING,0.4,0.6,True
14.01,14.01,AEROTWIN-4-001,TAKEOFF,0.95,3000.4521655047847,127.33568899227669,168.20714967259462,146.35465400699445,136.80099360627122,8.796725539752229,0.7569348609710023,-1.5281404757991095,-1.5281404757991095,-9.112636268648231,158.52357122724092,116.4536805289635,748.1512248576896,33.16582117311179,451.00000000000006,65.41213800000001,0.004910200359705109,24.551001798525547,319.07294901687516,0.5426294236494763,BEARING,BEARING,0.4,0.6,True
14.02,14.02,AEROTWIN-4-001,TAKEOFF,0.95,3000.735777469536,307.36281892256375,168.20311149303566,146.22573616376346,136.83395540525026,8.797785248557588,0.5939955099556045,-9.109125240063292,-1.528103789453466,158.39106898273369,-1.528103789453466,116.45529750024384,748.158352307178,33.193085216044615,451.00000000000006,65.41213800000001,0.004910596814041436,24.552984070207184,319.07294901687516,0.5448413727212312,BEARING,BEARING,0.4,0.6,True
14.030000000000001,14.030000000000001,AEROTWIN-4-001,TAKEOFF,0.95,3000.9079208695803,487.4069655707359,168.19994053738438,146.01897769647186,136.8598245602377,8.798616842271526,0.36053629396262643,158.1787196456009,-9.103591985676434,-1.5280749817262846,-1.5280749817262846,116.45683133171198,748.1654231184141,33.22032184773215,451.00000000000006,65.41213800000001,0.004910907860225833,24.554539301129168,319.07294901687516,0.5484249950978347,BEARING,BEARING,0.4,0.6,True
14.040000000000001,14.040000000000001,AEROTWIN-4-001,TAKEOFF,0.95,3000.9513823319944,667.4614408229107,168.19801499249172,145.76567457025172,136.87552750314683,8.799121593083074,0.09102547402181749,-1.528057488396815,157.918654022463,-1.528057488396815,-9.09686447541765,116.45829963767068,748.1723909351122,33.24753052445201,451.00000000000006,65.41213800000001,0.004911096626761513,24.555483133807567,319.07294901687516,0.5528367535059893,BEARING,BEARING,0.4,0.6,True
14.05,14.05,AEROTWIN-4-001,TAKEOFF,0.95,3000.8668472136414,127.51852376283045,168.1975287408511,145.50169129660517,136.8794922057158,8.799249028746704,-0.1770499378573227,-1.5280530708627513,-1.5280530708627513,-9.089889029269745,157.6476864676004,116.45972196016572,748.1792031827338,33.27471062395452,451.00000000000006,65.41213800000001,0.004911144281695918,24.55572140847959,319.07294901687516,0.5574511454676138,BEARING,BEARING,0.4,0.6,True
14.06,14.06,AEROTWIN-4-001,TAKEOFF,0.95,3000.67189140007,307.57053459564895,168.19847449031496,145.26246733489322,136.87178067718807,8.799001158833704,-0.40831450112855805,-9.083600568189699,-1.5280616628758639,157.40219122883465,-1.5280616628758639,116.4611172267027,748.1858088948284,33.301861534824646,451.00000000000006,65.41213800000001,0.004911051588762064,24.555257943810318,319.07294901687516,0.5616479027877084,BEARING,BEARING,0.4,0.6,True
14.07,14.07,AEROTWIN-4-001,TAKEOFF,0.95,3000.3977944904486,487.6108480796531,168.200654979571,145.0783593874609,136.85399709402085,8.798429518532124,-0.5740672250920866,157.21332165618347,-9.07879932403797,-1.5280814723423206,-1.5280814723423206,116.46250141405902,748.1921659116291,33.32898273952126,451.00000000000006,65.41213800000001,0.0049108377994685985,24.55418899734299,319.07294901687516,0.5648936234721939,BEARING,BEARING,0.4,0.6,True
14.08,14.08,AEROTWIN-4-001,TAKEOFF,0.95,3000.084715879639,667.63471574908,168.20371918909487,144.9709118456028,136.82899633032923,8.797625824416995,-0.655710309143414,-1.528109310294565,157.10318070871412,-1.528109310294565,-9.076050242522179,116.46388572613883,748.1982465329057,33.356073880623896,451.00000000000006,65.41213800000001,0.004910537176947128,24.55268588473564,319.07294901687516,0.5668074377990678,BEARING,BEARING,0.4,0.6,True
14.09,14.09,AEROTWIN-4-001,TAKEOFF,0.95,2999.77595508849,127.63979870185835,168.20721713354138,144.95048352626938,136.80044278507893,8.796707829984195,-0.6466670887937429,-1.5281410886731965,-1.5281410886731965,-9.075618092502426,157.08238379611822,116.46527550343399,748.2040409621029,33.3831348025784,451.00000000000006,65.41213800000001,0.0049101937333846535,24.550968666923268,319.07294901687516,0.5672031438716021,BEARING,BEARING,0.4,0.6,True
14.1,14.1,AEROTWIN-4-001,TAKEOFF,0.95,2999.5120929449395,307.6263560071677,168.2106646920053,145.01545686882395,136.77228595392208,8.795802496059883,-0.5526315811580158,-9.077446040120826,-1.52817240930161,157.14924772754802,-1.52817240930161,116.46666996678265,748.2095582045168,33.41016556479028,451.00000000000006,65.41213800000001,0.004909854956560647,24.549274782803234,319.07294901687516,0.566103758710495,BEARING,BEARING,0.4,0.6,True
14.11,14.11,AEROTWIN-4-001,TAKEOFF,0.95,2999.3257812993133,487.5970815838641,168.21360923424012,145.153044476573,136.7482258628461,8.795028811846262,-0.3902101981193731,157.29062174556603,-9.081178948809399,-1.5281991600918141,-1.5281991600918141,116.46806277884764,748.2148244320946,33.4371664258072,451.00000000000006,65.41213800000001,0.004909565388221641,24.547826941108205,319.07294901687516,0.5637281215741493,BEARING,BEARING,0.4,0.6,True
14.120000000000001,14.120000000000001,AEROTWIN-4-001,TAKEOFF,0.95,2999.2378270916006,667.5566284618229,168.21568742309884,145.34151009196344,136.73123843626195,8.794482517568895,-0.184210861867399,-1.5282180401722243,157.48417224718597,-1.5282180401722243,-9.086226074878086,116.4694433006059,748.2198791561348,33.46413780208567,451.00000000000006,65.41213800000001,0.004909360895064659,24.5468044753233,319.07294901687516,0.5604526560585438,BEARING,BEARING,0.4,0.6,True
14.13,14.13,AEROTWIN-4-001,TAKEOFF,0.95,2999.255020834396,127.51089808731899,168.2166682274055,145.5534544728449,136.723219359781,8.79422462236228,0.036010490701597675,-1.528226950654108,-1.528226950654108,-9.091852343829203,157.7017607179823,116.47079833940397,748.2247698174135,33.49108020800173,451.00000000000006,65.41213800000001,0.004909264348936657,24.546321744683286,319.07294901687516,0.5567543330736737,BEARING,BEARING,0.4,0.6,True
14.14,14.14,AEROTWIN-4-001,TAKEOFF,0.95,2999.3699151388055,307.4661993373827,168.21647650830053,145.75969605727406,136.72478695177708,8.794275037049262,0.24063406844771684,-9.097283941670035,-1.5282252089105206,157.91343041676515,-1.5282252089105206,116.47211413627002,748.2295455809073,33.51799418595041,451.00000000000006,65.41213800000001,0.0049092832227148105,24.546416113574054,319.07294901687516,0.5531430131582735,BEARING,BEARING,0.4,0.6,True
14.15,14.15,AEROTWIN-4-001,TAKEOFF,0.95,2999.562496052609,487.42839424571105,168.2151952080378,145.93321480064537,136.73526235321404,8.79461192474509,0.40334052268624454,158.09145490329433,-9.10181296572647,-1.5282135684612477,-1.5282135684612477,116.47337832494784,748.2342511907298,33.544880236312615,451.00000000000006,65.41213800000001,0.004909409338055369,24.547046690276847,319.07294901687516,0.5500924516743444,BEARING,BEARING,0.4,0.6,True
14.16,14.16,AEROTWIN-4-001,TAKEOFF,0.95,2999.803442096317,667.4021440088676,168.21304688613515,146.05263448795725,136.75282167259684,8.79517660147685,0.5046362138835612,-1.5281940512310888,158.213909817794,-1.5281940512310888,-9.104887227374574,116.47458161213927,748.238921694984,33.57173875664295,451.00000000000006,65.41213800000001,0.004909620705655734,24.54810352827867,319.07294901687516,0.5479791577974032,BEARING,BEARING,0.4,0.6,True
14.17,14.17,AEROTWIN-4-001,TAKEOFF,0.95,3000.058465829531,127.39035053464659,168.21035786415953,146.10479600987148,136.77479245985776,8.795883092176286,0.5341204578374281,-1.528169621809811,-1.528169621809811,-9.106174434446816,158.2673096879379,116.47571897420708,748.2435786992221,33.59856999773922,451.00000000000006,65.41213800000001,0.004909885118517455,24.549425592587273,319.07294901687516,0.5470369735669338,BEARING,BEARING,0.4,0.6,True
14.18,14.18,AEROTWIN-4-001,TAKEOFF,0.95,3000.29310774993,307.39385848441844,168.20751031893087,146.0861126005528,136.7980488508353,8.796630860817258,0.49143288890025083,-9.105594157331463,-1.528143752225022,158.24799426233432,-1.528143752225022,116.47679023469193,748.2482285742399,33.62537404158002,451.00000000000006,65.41213800000001,0.004910164934146514,24.550824670732574,319.07294901687516,0.5473328371948255,BEARING,BEARING,0.4,0.6,True
14.19,14.19,AEROTWIN-4-001,TAKEOFF,0.95,3000.477318707628,487.41144494941426,168.20488906996138,146.00257770302198,136.81944830855136,8.797318866861719,0.385810527608907,158.1621330678631,-9.103315487815408,-1.5281199385128512,-1.5281199385128512,116.47779997175134,748.2528627632053,33.65215080288989,451.00000000000006,65.41213800000001,0.004910422344759873,24.552111723799364,319.07294901687516,0.5487660660530117,BEARING,BEARING,0.4,0.6,True
14.200000000000001,14.200000000000001,AEROTWIN-4-001,TAKEOFF,0.95,3000.589226974688,667.440084071872,168.20283033740586,145.86848873861933,136.83624961057197,8.797859001600372,0.23438012644699313,-1.528101235190471,158.02441380236607,-1.528101235190471,-9.099722593365806,116.47875679487126,748.2574600449998,33.678900052808835,451.00000000000006,65.41213800000001,0.004910624402718352,24.55312201359176,319.07294901687516,0.5510901307144244,BEARING,BEARING,0.4,0.6,True
14.21,14.21,AEROTWIN-4-001,TAKEOFF,0.95,3000.6176270957744,127.47543769035326,168.2015792860805,145.70412512356836,136.84645691527945,8.798187133777397,0.05948107451151685,-1.5280898695489313,-1.5280898695489313,-9.095354094990132,157.85565895765635,116.4796721139103,748.2619903554354,33.70562146027338,451.00000000000006,65.41213800000001,0.004910747140988424,24.55373570494212,319.07294901687516,0.5539528238729812,BEARING,BEARING,0.4,0.6,True
14.22,14.22,AEROTWIN-4-001,TAKEOFF,0.95,3000.5629250282486,307.5124953160997,168.2012617493166,145.53275005434472,136.8490473893797,8.798270407281713,-0.11456774231670153,-9.090825103979542,-1.5280869847679788,157.67974912786022,-1.5280869847679788,116.48055858856397,748.2664195795905,33.73231464462889,451.00000000000006,65.41213800000001,0.004910778288101271,24.55389144050636,319.07294901687516,0.5569484176502266,BEARING,BEARING,0.4,0.6,True
14.23,14.23,AEROTWIN-4-001,TAKEOFF,0.95,3000.436496126988,487.5462708177946,168.20187334745503,145.37737578571696,136.8440578448751,8.79811001244247,-0.2647920716006009,157.52030348240274,-9.086742614567804,-1.5280925410589694,-1.5280925410589694,116.4814284828583,748.2707146293986,33.758979231905556,451.00000000000006,65.41213800000001,0.004910718294471735,24.553591472358676,319.07294901687516,0.5596741506004662,BEARING,BEARING,0.4,0.6,True
14.24,14.24,AEROTWIN-4-001,TAKEOFF,0.95,3000.258626388009,667.5724605854139,168.20328663391663,145.25773601579056,136.83252622243,8.79773930354223,-0.37252951018167835,-1.5281053805860052,157.39757231784708,-1.5281053805860052,-9.083625540884526,116.48229215213476,748.2748481191467,33.78561490716517,451.00000000000006,65.41213800000001,0.004910579627233855,24.552898136169276,319.07294901687516,0.5617832888860732,BEARING,BEARING,0.4,0.6,True
14.25,14.25,AEROTWIN-4-001,TAKEOFF,0.95,3000.055384519223,127.58797816869435,168.20527434774655,145.18785247424645,136.81630348660497,8.797217762227973,-0.4256687745864838,-1.5281234387123317,-1.5281234387123317,-9.081839846089089,157.3259391977602,116.48315685996417,748.2788020417629,33.81222145628036,451.00000000000006,65.41213800000001,0.00491038451997896,24.5519225998948,319.07294901687516,0.563027966360321,BEARING,BEARING,0.4,0.6,True
14.26,14.26,AEROTWIN-4-001,TAKEOFF,0.95,2999.854892435958,307.5913012398478,168.2075447329097,145.1744800336483,136.797767844964,8.796621825943554,-0.419909637259245,-9.081556946055889,-1.5281440648716254,157.3123251094474,-1.5281440648716254,116.48402606600905,748.2825700126557,33.83879879225039,451.00000000000006,65.41213800000001,0.004910161553571918,24.55080776785959,319.07294901687516,0.5632867829740063,BEARING,BEARING,0.4,0.6,True
14.27,14.27,AEROTWIN-4-001,TAKEOFF,0.95,2999.6835139350455,487.5825947860053,168.20978349667527,145.21658387332653,136.77948421384085,8.79603395245139,-0.3589342929657082,157.35565281653064,-9.082740135694955,-1.5281644037545599,-1.5281644037545599,116.48489925348977,748.2861578590976,33.86534696342311,451.00000000000006,65.41213800000001,0.004909941574364594,24.54970787182297,319.07294901687516,0.5625744143351983,BEARING,BEARING,0.4,0.6,True
14.280000000000001,14.280000000000001,AEROTWIN-4-001,TAKEOFF,0.95,2999.5624642019698,667.5636056221081,168.211696456435,145.30586200536396,136.7638565290233,8.795531444441238,-0.25352596810056127,-1.528181782749704,157.44738526216045,-1.528181782749704,-9.085159691297088,116.48577228851215,748.2895825614494,33.89186614347575,451.00000000000006,65.41213800000001,0.00490975351529272,24.5487675764636,319.07294901687516,0.5610329337154618,BEARING,BEARING,0.4,0.6,True
14.290000000000001,14.290000000000001,AEROTWIN-4-001,TAKEOFF,0.95,2999.5052630556647,127.53735347422628,168.21304724151105,145.4281934758102,136.75281876839676,8.795176508085897,-0.11980180067247126,-1.5281940544596333,-1.5281940544596333,-9.0884332173404,157.57301480206988,116.48663823404641,748.2928697677854,33.91835660539254,451.00000000000006,65.41213800000001,0.004909620670700226,24.54810335350113,319.07294901687516,0.5589068793893495,BEARING,BEARING,0.4,0.6,True
14.3,14.3,AEROTWIN-4-001,TAKEOFF,0.95,2999.5163253896453,307.50766925756614,168.21368543103526,145.5657807957884,136.74760311211273,8.795008785564956,0.023168898110728975,-9.09208440907519,-1.528199852329968,157.71426490952356,-1.528199852329968,116.48748848718839,748.296050279186,33.94481868367016,451.00000000000006,65.41213800000001,0.004909557892272821,24.547789461364108,319.07294901687516,0.5565060677261908,BEARING,BEARING,0.4,0.6,True
14.31,14.31,AEROTWIN-4-001,TAKEOFF,0.95,2999.5908209101603,487.47864878094487,168.21356201498367,145.69967605409093,136.74861177875178,8.795041222022311,0.1560230533168383,157.85168473389334,-9.095611217580608,-1.5281987311108989,-1.5281987311108989,116.48831407464927,748.2991560188019,33.97125273033886,451.00000000000006,65.41213800000001,0.004909570033402745,24.547850167013724,319.07294901687516,0.5541615535353658,BEARING,BEARING,0.4,0.6,True
14.32,14.32,AEROTWIN-4-001,TAKEOFF,0.95,2999.7157630605147,667.4540980355545,168.21273084044117,145.8123422796511,136.75540439756918,8.795259654296954,0.261678227784957,-1.5281911799963162,157.96727833045412,-1.5281911799963162,-9.098553690810387,116.48910693033,748.3022160415791,33.99765907094638,451.00000000000006,65.41213800000001,0.004909651791389015,24.548258956945077,319.07294901687516,0.5521808213593997,BEARING,BEARING,0.4,0.6,True
14.33,14.33,AEROTWIN-4-001,TAKEOFF,0.95,2999.872126300883,127.4370438191853,168.21133653560508,145.88990960687278,136.76679719823503,8.795626003815851,0.32748640482190083,-1.528178512914924,-1.528178512914924,-9.100552486792312,158.04681911949496,116.48986098994737,748.3052531104227,34.024037966361746,451.00000000000006,65.41213800000001,0.004909788904914412,24.548944524572057,319.07294901687516,0.5508081711608201,BEARING,BEARING,0.4,0.6,True
14.34,14.34,AEROTWIN-4-001,TAKEOFF,0.95,3000.0376626867746,307.4293713972383,168.20959109266357,145.92383886780289,136.7810557871409,8.796084484782602,0.3466985958793831,-9.10139093812487,-1.528162655788682,158.08155511750513,-1.528162655788682,116.49057296856712,748.3082812653624,34.050389585184774,451.00000000000006,65.41213800000001,0.004909960484449457,24.549802422247286,319.07294901687516,0.5501953509655557,BEARING,BEARING,0.4,0.6,True
14.35,14.35,AEROTWIN-4-001,TAKEOFF,0.95,3000.1900095962706,487.43163115844476,168.20774265717563,145.91179615875777,136.79615167482714,8.796569862816833,0.31907462111379026,158.06910406631576,-9.101016181581384,-1.5281458629883076,-1.5281458629883076,116.49124273337563,748.3113046605941,34.076713989875536,451.00000000000006,65.41213800000001,0.004910142110418225,24.550710552091125,319.07294901687516,0.5503859124268733,BEARING,BEARING,0.4,0.6,True
14.36,14.36,AEROTWIN-4-001,TAKEOFF,0.95,3000.3096600354884,667.443031734221,168.20604095904093,145.8576573616484,136.81004550046455,8.797016567286391,0.2505952938974474,-1.5281304032780498,158.01345599086875,-1.5281304032780498,-9.09953782266426,116.49187324027356,748.3143177624777,34.10301113770933,451.00000000000006,65.41213800000001,0.004910309247317602,24.55154623658801,319.07294901687516,0.5513147549178136,BEARING,BEARING,0.4,0.6,True
14.370000000000001,14.370000000000001,AEROTWIN-4-001,TAKEOFF,0.95,3000.382405968105,127.4616113363503,168.20470411342725,145.77068407396192,136.82095794827254,8.797367400697848,0.15235872499153302,-1.5281182582063562,-1.5281182582063562,-9.097205506183688,157.9241260965583,116.49247006174235,748.3173068155738,34.12928089561717,451.00000000000006,65.41213800000001,0.00491044050169859,24.55220250849295,319.07294901687516,0.5528221840306712,BEARING,BEARING,0.4,0.6,True
14.38,14.38,AEROTWIN-4-001,TAKEOFF,0.95,3000.400955482623,307.4845556944366,168.2038911721394,145.66402350459424,136.82759278932446,8.797580702912835,0.03885001235694929,-9.094369313286789,-1.5281108727385635,157.81461456335813,-1.5281108727385635,116.49304058707793,748.3202523191708,34.155523066174744,451.00000000000006,65.41213800000001,0.004910520297585735,24.552601487928676,319.07294901687516,0.5546798627376684,BEARING,BEARING,0.4,0.6,True
14.39,14.39,AEROTWIN-4-001,TAKEOFF,0.95,3000.3655509935784,487.508613023394,168.2036838610028,145.5527687403156,136.8292846358434,8.797635092930136,-0.07415098845794432,157.70041559162055,-9.091428872618234,-1.5281089893433597,-1.5281089893433597,116.49359301707645,748.3231321349698,34.18173742068347,451.00000000000006,65.41213800000001,0.004910540644154681,24.552703220773402,319.07294901687516,0.5566245561670589,BEARING,BEARING,0.4,0.6,True
14.4,14.4,AEROTWIN-4-001,TAKEOFF,0.95,3000.2835583593555,667.5305460830087,168.20407953827205,145.45186181586877,136.82605550587104,8.797531281546297,-0.17172497154856892,-1.5281125840208256,157.59686526005137,-1.5281125840208256,-9.08877827614096,116.4941352978962,748.3259247820214,34.20792373458789,451.00000000000006,65.41213800000001,0.004910501809504583,24.552509047522918,319.07294901687516,0.5583947502186575,BEARING,BEARING,0.4,0.6,True
14.41,14.41,AEROTWIN-4-001,TAKEOFF,0.95,3000.168135149874,127.54755958457008,168.20499577281544,145.3741264287439,136.81857736679737,8.797290866586128,-0.24174180463960582,-1.528120907894655,-1.528120907894655,-9.08675419515838,157.51712243969158,116.49467414029054,748.3286124731962,34.23408182044125,451.00000000000006,65.41213800000001,0.004910411869517633,24.55205934758817,319.07294901687516,0.559765128997515,BEARING,BEARING,0.4,0.6,True
14.42,14.42,AEROTWIN-4-001,TAKEOFF,0.95,3000.0362019689687,307.55764769356256,168.20628532606034,145.32868275821485,136.80805053808717,8.796952428059631,-0.2763202079319509,-9.08559394254454,-1.528132623321217,157.47054194740184,-1.528132623321217,116.49521425135562,748.331183505002,34.26021155422279,451.00000000000006,65.41213800000001,0.0049102852503166055,24.551426251583027,319.07294901687516,0.5605744797026266,BEARING,BEARING,0.4,0.6,True
14.43,14.43,AEROTWIN-4-001,TAKEOFF,0.95,2999.9060200672616,487.55981981170066,168.20775897072306,145.31993170522844,136.7960184628156,8.796565579768526,-0.2726523373556802,157.46163241015458,-9.08540868253656,-1.528146011194803,-1.528146011194803,116.49575787026659,748.3336337182208,34.28631289190866,451.00000000000006,65.41213800000001,0.004910140507810732,24.55070253905366,319.07294901687516,0.5607437185313525,BEARING,BEARING,0.4,0.6,True
14.44,14.44,AEROTWIN-4-001,TAKEOFF,0.95,2999.7947137491783,667.5541810157364,168.20921267318775,145.34721107881717,136.78414661977942,8.796183866496229,-0.23311940745848148,-1.5281592178960661,157.48970426433178,-1.5281592178960661,-9.086174749722488,116.496304653436,748.3359668838655,34.31238587463491,451.00000000000006,65.41213800000001,0.0049099976741997986,24.549988370998992,319.07294901687516,0.5602822049941685,BEARING,BEARING,0.4,0.6,True
14.450000000000001,14.450000000000001,AEROTWIN-4-001,TAKEOFF,0.95,2999.716065699346,127.54186384068703,168.2104552974715,145.40513393923268,136.77399653028792,8.795857499325786,-0.1647200903810191,-1.5281705069790088,-1.5281705069790088,-9.08774343255858,157.54921838574927,116.49685190537143,748.3381940176613,34.3384306223671,451.00000000000006,65.41213800000001,0.00490987554081464,24.5493777040732,319.07294901687516,0.5592821236626998,BEARING,BEARING,0.4,0.6,True
14.46,14.46,AEROTWIN-4-001,TAKEOFF,0.95,2999.678861339499,307.5248277826478,168.2113331578525,145.48453105696117,136.76682479481352,8.795626891199253,-0.07792062905159547,-9.089867007106161,-1.528178482228473,157.63075502852428,-1.528178482228473,116.49739510617442,748.3403317668052,34.36444731750045,451.00000000000006,65.41213800000001,0.004909789237021345,24.548946185106725,319.07294901687516,0.557902258906187,BEARING,BEARING,0.4,0.6,True
14.47,14.47,AEROTWIN-4-001,TAKEOFF,0.95,2999.6859733273764,487.5055594630177,168.21174838045445,145.5738453948871,136.7634322799894,8.79551780231858,0.014895312579119135,157.72244657429573,-9.09223667046306,-1.5281822544727905,-1.5281822544727905,116.49792865072295,748.3424001274949,34.39043618106906,451.00000000000006,65.41213800000001,0.0049097484095539465,24.548742047769736,319.07294901687516,0.5563437912821272,BEARING,BEARING,0.4,0.6,True
14.48,14.48,AEROTWIN-4-001,TAKEOFF,0.95,2999.7342714515285,667.4867178626603,168.21166900886453,145.6607748005286,136.76408079009363,8.795538655756191,0.10115535467877912,-1.5281815333920312,157.81166449547345,-1.5281815333920312,-9.094526628160796,116.49844669187334,748.3444198271621,34.41639744508761,451.00000000000006,65.41213800000001,0.00490975621421315,24.54878107106575,319.07294901687516,0.5548216601386585,BEARING,BEARING,0.4,0.6,True
14.49,14.49,AEROTWIN-4-001,TAKEOFF,0.95,2999.8153307159764,127.47077414975195,168.2111299596535,145.73393531863562,136.76848491891886,8.79568027325274,0.16977012646401768,-1.5281766361987823,-1.5281766361987823,-9.096438096089203,157.8867266871224,116.49894397229623,748.3464097335337,34.4423313248893,451.00000000000006,65.41213800000001,0.0049098092153546605,24.5490460767733,319.07294901687516,0.5535354658013334,BEARING,BEARING,0.4,0.6,True
14.5,14.5,AEROTWIN-4-001,TAKEOFF,0.95,2999.916806136849,307.4596939927105,168.21022515043256,145.7843241512781,136.77587657536074,8.795917951429791,0.2125296244875674,-9.097737381560888,-1.5281684161225482,157.93839836508408,-1.5281684161225482,116.49941653678903,748.3483846319308,34.46823799513185,451.00000000000006,65.41213800000001,0.004909898163929826,24.54949081964913,319.07294901687516,0.5526437819962065,BEARING,BEARING,0.4,0.6,True
14.51,14.51,AEROTWIN-4-001,TAKEOFF,0.95,3000.0242601993923,487.4547023609215,168.20909224274743,145.80639698313675,136.78513022791003,8.796215492904073,0.22505126232264594,157.96099659669906,-9.098283365960535,-1.528158123800894,-1.528158123800894,116.49986223744807,748.350353647334,34.49411757246694,451.00000000000006,65.41213800000001,0.0049100095089805165,24.550047544902583,319.07294901687516,0.5522451365583989,BEARING,BEARING,0.4,0.6,True
14.52,14.52,AEROTWIN-4-001,TAKEOFF,0.95,3000.123178433114,667.456157972885,168.20789233667008,145.7986338493526,136.7949294204373,8.796530564671325,0.20717386424395912,-1.5281472228074018,157.9529696845856,-1.5281472228074018,-9.09804138961822,116.50028097493245,748.3523194890932,34.519970106822036,451.00000000000006,65.41213800000001,0.0049101274059957295,24.55063702997865,319.07294901687516,0.5523678875499121,BEARING,BEARING,0.4,0.6,True
14.530000000000001,14.530000000000001,AEROTWIN-4-001,TAKEOFF,0.95,3000.2008958835795,127.4635486788718,168.20678751956683,145.763542160448,136.80395050474226,8.796820608081267,0.16277104762446903,-1.5281371856850967,-1.5281371856850967,-9.097082471809642,157.91689900362783,116.50067465608365,748.3542785783372,34.54579558198913,451.00000000000006,65.41213800000001,0.00491023593019798,24.5511796509899,319.07294901687516,0.5529699254470891,BEARING,BEARING,0.4,0.6,True
14.540000000000001,14.540000000000001,AEROTWIN-4-001,TAKEOFF,0.95,3000.248182610743,307.4756024318865,168.20591934057092,145.70712391901804,136.81103834169082,8.797048487547942,0.09903708977928538,-9.095568730000446,-1.5281292983897796,157.85895124579807,-1.5281292983897796,116.50104688649934,748.3562219978289,34.57159392493669,451.00000000000006,65.41213800000001,0.004910321189809949,24.55160594904974,319.07294901687516,0.5539477617015911,BEARING,BEARING,0.4,0.6,True
14.55,14.55,AEROTWIN-4-001,TAKEOFF,0.95,3000.2602944999608,487.49049338853104,168.20539103613942,145.63790520530995,136.815350984377,8.797187139473634,0.02536708145930966,157.78788177536575,-9.093727572432853,-1.5281244988114808,-1.5281244988114808,116.50140245119205,748.3581370975735,34.59736502213448,451.00000000000006,65.41213800000001,0.004910373063370166,24.55186531685083,319.07294901687516,0.5551533182508511,BEARING,BEARING,0.4,0.6,True
14.56,14.56,AEROTWIN-4-001,TAKEOFF,0.95,3000.237376959113,667.5061110585287,168.20525570969502,145.56567989154917,136.81645562347245,8.797222653387678,-0.04799838531096157,-1.5281232693880136,157.7137449795217,-1.5281232693880136,-9.091818549196493,116.5017466625642,748.3600095106341,34.62310874034879,451.00000000000006,65.41213800000001,0.004910386349856101,24.551931749280506,319.07294901687516,0.556415782957385,BEARING,BEARING,0.4,0.6,True
14.57,14.57,AEROTWIN-4-001,TAKEOFF,0.95,3000.184201081108,127.5203536760755,168.20551176519277,145.500149638854,136.81436548166647,8.797155455648243,-0.1113712984607158,-1.5281255956195139,-1.5281255956195139,-9.090097526021973,157.646498356115,116.50208466918657,748.361825291565,34.64882494891938,451.00000000000006,65.41213800000001,0.0049103612097090845,24.551806048545423,319.07294901687516,0.557565359473408,BEARING,BEARING,0.4,0.6,True
14.58,14.58,AEROTWIN-4-001,TAKEOFF,0.95,3000.1093014688568,307.531405740942,168.2061058490184,145.44964591380827,136.8095157590469,8.796999535830398,-0.1568693810690185,-9.08878301054458,-1.5281309927952091,157.59469090994327,-1.5281309927952091,116.5024208196703,748.3635728883106,34.67451354050253,451.00000000000006,65.41213800000001,0.004910302875215706,24.551514376078533,319.07294901687516,0.5584556640549531,BEARING,BEARING,0.4,0.6,True
14.59,14.59,AEROTWIN-4-001,TAKEOFF,0.95,3000.0236603075364,487.5379638290734,168.2069425244683,145.42009843380816,136.80268494394497,8.7967799186969,-0.17936642883370446,157.5644046173686,-9.08802899579075,-1.5281385938848333,-1.5281385938848333,116.50275816374655,748.3652446953038,34.70017444763286,451.00000000000006,65.41213800000001,0.004910220706068463,24.551103530342314,319.07294901687516,0.5589818836774907,BEARING,BEARING,0.4,0.6,True
14.6,14.6,AEROTWIN-4-001,TAKEOFF,0.95,2999.939134380144,667.5393834475256,168.20789903619158,145.414372830117,136.79487471277577,8.796528805696534,-0.17703068835529656,-1.528147283671699,157.55857504927496,-1.528147283671699,-9.087907651814566,116.50309814992033,748.3668380037673,34.72580765314867,451.00000000000006,65.41213800000001,0.0049101267478265384,24.550633739132692,319.07294901687516,0.5590925285541217,BEARING,BEARING,0.4,0.6,True
14.61,14.61,AEROTWIN-4-001,TAKEOFF,0.95,2999.8668452268485,127.53573151033424,168.20884293142888,145.43204532051266,136.7871664063978,8.796280962732837,-0.15140204861798168,-1.5281558588394004,-1.5281558588394004,-9.088403738039743,157.5767607762312,116.50344054957452,748.3683552541218,34.7514131934335,451.00000000000006,65.41213800000001,0.004910034007891795,24.550170039458976,319.07294901687516,0.5587935681092234,BEARING,BEARING,0.4,0.6,True
14.620000000000001,14.620000000000001,AEROTWIN-4-001,TAKEOFF,0.95,2999.815746231154,307.52774222394515,168.20965005285524,145.46962171332913,136.78057419978256,8.79606899986477,-0.1070214863182013,-9.08942093877224,-1.5281631914344944,157.61536903497034,-1.5281631914344944,116.50378360567639,748.3698035921517,34.77699115442343,451.00000000000006,65.41213800000001,0.004909954689744506,24.549773448722526,319.07294901687516,0.5581447949918041,BEARING,BEARING,0.4,0.6,True
14.63,14.63,AEROTWIN-4-001,TAKEOFF,0.95,2999.7915465644687,487.5166869978144,168.2102205119423,145.52114997239497,136.77591446599757,8.795919169783925,-0.05068366338653263,157.6682854112726,-9.090798690912733,-1.5281683739824568,-1.5281683739824568,116.50412437470818,748.3711938221612,34.80254166128266,451.00000000000006,65.41213800000001,0.00490989861987382,24.5494930993691,319.07294901687516,0.5572492794788505,BEARING,BEARING,0.4,0.6,True
14.64,14.64,AEROTWIN-4-001,TAKEOFF,0.95,2999.796116349268,667.5041797916825,168.2104906518884,145.579126865894,136.77370771833702,8.795848212655185,0.009570934901804051,-1.5281708281693716,157.7278052374401,-1.5281708281693716,-9.09233671520734,116.5044592068214,748.3725389251348,34.82806486343842,451.00000000000006,65.41213800000001,0.004909872065417402,24.549360327087015,319.07294901687516,0.5562376334733463,BEARING,BEARING,0.4,0.6,True
14.65,14.65,AEROTWIN-4-001,TAKEOFF,0.95,2999.8274282230473,127.49194677263858,168.21043964055866,145.63556547893808,136.77412443188317,8.795861611964048,0.0655794350908625,-1.528170364737955,-1.528170364737955,-9.093823566063815,157.7857297744778,116.50478429411427,748.3738523590132,34.8535609171942,451.00000000000006,65.41213800000001,0.004909877079905516,24.549385399527583,319.07294901687516,0.5552494007630233,BEARING,BEARING,0.4,0.6,True
14.66,14.66,AEROTWIN-4-001,TAKEOFF,0.95,2999.8800171980324,307.4815924660214,168.21009010163624,145.68307525840268,136.77697974358142,8.795953423173176,0.11014209164808442,-9.095065181056436,-1.5281671892214785,157.83447481790208,-1.5281671892214785,116.50509621169186,748.3751463764191,34.87902996834917,451.00000000000006,65.41213800000001,0.004909911438449322,24.54955719224661,319.07294901687516,0.5544141630111094,BEARING,BEARING,0.4,0.6,True
14.67,14.67,AEROTWIN-4-001,TAKEOFF,0.95,2999.9458730382307,487.4743934979034,168.20950299411868,145.71581114019793,136.78177536892125,8.796107622101482,0.1379281491752007,157.86804449674543,-9.095909645698182,-1.5281618554246514,-1.5281618554246514,116.50539238085922,748.3764305815221,34.90447213712699,451.00000000000006,65.41213800000001,0.004909969142767972,24.549845713839858,319.07294901687516,0.5538348741895405,BEARING,BEARING,0.4,0.6,True
14.68,14.68,AEROTWIN-4-001,TAKEOFF,0.95,3000.015626038555,667.4711458801972,168.20876768714967,145.73017199128594,136.78778092751915,8.79630072151033,0.14609034225646234,-1.5281551752547322,157.88274745502744,-1.5281551752547322,-9.096265113232036,116.50567139733401,748.377710905429,34.92988750729084,451.00000000000006,65.41213800000001,0.004910041401585662,24.550207007928307,319.07294901687516,0.5535755296714003,BEARING,BEARING,0.4,0.6,True
14.69,14.69,AEROTWIN-4-001,TAKEOFF,0.95,3000.0798546600627,127.47208344251055,168.20798876118553,145.72516737996565,136.7941420216563,8.796505247989487,0.13452011031985478,-1.5281480988118117,-1.5281480988118117,-9.096108894968223,157.8775724725575,116.50593318767278,748.3789891153813,34.95527612066581,451.00000000000006,65.41213800000001,0.004910117933032016,24.550589665160082,319.07294901687516,0.5536546038424766,BEARING,BEARING,0.4,0.6,True
14.700000000000001,14.700000000000001,AEROTWIN-4-001,TAKEOFF,0.95,3000.130335474876,307.4768747221143,168.20727142940095,145.70241980075025,136.7999994532969,8.796693576143934,0.1057267713094241,-9.095486996606473,-1.5281415819441475,157.854189961245,-1.5281415819441475,116.50617898136053,748.3802628966367,34.980637977504585,451.00000000000006,65.41213800000001,0.004910188400121419,24.550942000607098,319.07294901687516,0.5540448520851073,BEARING,BEARING,0.4,0.6,True
14.71,14.71,AEROTWIN-4-001,TAKEOFF,0.95,3000.1610723286303,487.48469485060684,168.20670757413626,145.66581992936852,136.80460321977873,8.796841593623768,0.06437511596602974,157.8165974979268,-9.094504649776123,-1.5281364593910685,-1.5281364593910685,116.50641111094944,748.3815264679957,35.00597304233266,451.00000000000006,65.41213800000001,0.004910243781985201,24.55121890992601,319.07294901687516,0.5546791912916386,BEARING,BEARING,0.4,0.6,True
14.72,14.72,AEROTWIN-4-001,TAKEOFF,0.95,3000.1689791553927,667.4943591903248,168.20636422500112,145.62089814577408,136.80740640774195,8.796931718786121,0.016560019246005808,-1.5281333401080193,157.770474347309,-1.5281333401080193,-9.093309521318877,116.50663267492871,748.3827716230081,35.03128125420224,451.00000000000006,65.41213800000001,0.0049102775020905655,24.551387510452827,319.07294901687516,0.5554615722221804,BEARING,BEARING,0.4,0.6,True
14.73,14.73,AEROTWIN-4-001,TAKEOFF,0.95,3000.1541433212815,127.50449793964833,168.2062758975805,145.574010316128,136.8081275116171,8.796954902813065,-0.031072098302155737,-1.5281325376646817,-1.5281325376646817,-9.092070148434265,157.72234553989162,116.50684711474217,748.3839890377852,35.05656253976012,451.00000000000006,65.41213800000001,0.0049102861762254126,24.551430881127065,319.07294901687516,0.556281144452802,BEARING,BEARING,0.4,0.6,True
14.74,14.74,AEROTWIN-4-001,TAKEOFF,0.95,3000.1196558351044,307.51374653892526,168.20644162802108,145.5314554624507,136.80677448271734,8.796911401875443,-0.07223042214207887,-9.090952653176783,-1.5281340433045716,157.6786762022366,-1.5281340433045716,116.50705776644308,748.3851696589783,35.0818168272518,451.00000000000006,65.41213800000001,0.004910269900628986,24.551349503144934,319.07294901687516,0.5570276646365164,BEARING,BEARING,0.4,0.6,True
14.75,14.75,AEROTWIN-4-001,TAKEOFF,0.95,3000.071052862618,487.52092588903156,168.20682686719357,145.49864569965234,136.80362924790572,8.796810279284443,-0.10179382753781852,157.64501966987058,-9.090098883911708,-1.5281375431532613,-1.5281375431532613,116.50726744793911,748.3863059842903,35.10704405956424,451.00000000000006,65.41213800000001,0.004910232065642076,24.551160328210376,319.07294901687516,0.5576060432808875,BEARING,BEARING,0.4,0.6,True
14.76,14.76,AEROTWIN-4-001,TAKEOFF,0.95,3000.0154620540457,667.5251890607886,168.20736973695983,145.47943540263097,136.79919675191718,8.79666776792589,-0.1164291172120997,-1.5281424750557668,157.62532916422424,-1.5281424750557668,-9.08960881148175,116.50747813496112,748.3873930716242,35.132244204640116,451.00000000000006,65.41213800000001,0.004910178743590855,24.550893717954278,319.07294901687516,0.5579481527555414,BEARING,BEARING,0.4,0.6,True
14.77,14.77,AEROTWIN-4-001,TAKEOFF,0.95,2999.960581292131,127.52611678403139,168.20799059251436,145.4756898351797,136.7941270669878,8.796504767161792,-0.11494199896989699,-1.5281481154492003,-1.5281481154492003,-9.089529323742259,157.62151538982036,116.5076907642978,748.3884291571425,35.157417262031686,451.00000000000006,65.41213800000001,0.004910117753115997,24.550588765579988,319.07294901687516,0.5580204808765812,BEARING,BEARING,0.4,0.6,True
14.780000000000001,14.780000000000001,AEROTWIN-4-001,TAKEOFF,0.95,2999.9136329946678,307.52375166155923,168.20860345034058,145.48713779203888,136.78912222794887,8.796343848363234,-0.09832828427322049,-9.089850613569043,-1.5281536831842935,157.6332957719765,-1.5281536831842935,116.50790518386378,748.3894158201963,35.18256326493529,451.00000000000006,65.41213800000001,0.004910057539450484,24.55028769725242,319.07294901687516,0.557826834603626,BEARING,BEARING,0.4,0.6,True
14.790000000000001,14.790000000000001,AEROTWIN-4-001,TAKEOFF,0.95,2999.8804330857597,487.5185696412393,168.2091276723186,145.51151332307614,136.78484086092755,8.796206188765252,-0.06953372661665291,157.6583404949081,-9.090510280483912,-1.528158445674024,-1.528158445674024,116.50812024865452,748.3903576959748,35.207682277676355,451.00000000000006,65.41213800000001,0.004910006027327927,24.550030136639638,319.07294901687516,0.5574059875047299,BEARING,BEARING,0.4,0.6,True
14.8,14.8,AEROTWIN-4-001,TAKEOFF,0.95,2999.8646917495857,667.5113956263849,168.2094983508687,145.54495355850875,136.78181329434847,8.796108841547989,-0.0329685773877042,-1.5281618132413184,157.6926814052585,-1.5281618132413184,-9.091404220267115,116.50833404242753,748.3912617963265,35.23277438921522,451.00000000000006,65.41213800000001,0.00490996959910119,24.54984799550595,319.07294901687516,0.5568248311660232,BEARING,BEARING,0.4,0.6,True
14.81,14.81,AEROTWIN-4-001,TAKEOFF,0.95,2999.8676268486915,127.50327713136005,168.20967409502677,145.58258776463066,136.78037782189915,8.796062685539647,0.006147257191861044,-1.5281634098545531,-1.5281634098545531,-9.092402507720788,157.73131709206055,116.50854418947897,748.3921365478824,35.25783970373961,451.00000000000006,65.41213800000001,0.004909952326816806,24.54976163408403,319.07294901687516,0.5561681516244524,BEARING,BEARING,0.4,0.6,True
14.82,14.82,AEROTWIN-4-001,TAKEOFF,0.95,2999.887925791999,307.49533474228156,168.20964132653063,145.61923077589216,136.78064547674512,8.796071291699715,0.04251400744732692,-9.093367899673575,-1.5281631121569499,157.76892489987966,-1.5281631121569499,116.5087482109261,748.392990688549,35.28287832973973,451.00000000000006,65.41213800000001,0.004909955547387229,24.549777736936143,319.07294901687516,0.5555265411090075,BEARING,BEARING,0.4,0.6,True
14.83,14.83,AEROTWIN-4-001,TAKEOFF,0.95,2999.9220439427204,487.4886102898015,168.20941469660087,145.65008426548167,136.7824965663979,8.79613081131014,0.07145688777363013,157.80058073465193,-9.094174362664305,-1.5281610532529772,-1.5281610532529772,116.5089438764041,748.3938321752462,35.307890369091126,451.00000000000006,65.41213800000001,0.0049099778204589346,24.549889102294674,319.07294901687516,0.5549841303075979,BEARING,BEARING,0.4,0.6,True
14.84,14.84,AEROTWIN-4-001,TAKEOFF,0.95,2999.964783726785,667.4839329263647,168.20903375977815,145.67135272292046,136.78560787754498,8.796230850953023,0.089513994422461,-1.5281575924905861,157.82239107787314,-1.5281575924905861,-9.094723169971491,116.50912950512605,748.3946672468405,35.33287590759032,451.00000000000006,65.41213800000001,0.004910015256018777,24.550076280093883,319.07294901687516,0.5546077724682766,BEARING,BEARING,0.4,0.6,True
14.85,14.85,AEROTWIN-4-001,TAKEOFF,0.95,3000.0100640824635,127.48181994997174,168.20855652379743,145.68069659053066,136.78950546481786,8.796356170545215,0.09483495516757934,-1.5281532568626413,-1.5281532568626413,-9.094954571017396,157.83195767527334,116.50930417912338,748.3954997586952,35.35783500811996,451.00000000000006,65.41213800000001,0.004910062150323915,24.550310751619577,319.07294901687516,0.5544390431619752,BEARING,BEARING,0.4,0.6,True
14.86,14.86,AEROTWIN-4-001,TAKEOFF,0.95,3000.0517689757044,307.48242379491955,168.20805087507455,145.67747025972668,136.79363479609412,8.79648893948245,0.08734652415010125,-9.094853728671314,-1.528148663108562,157.82862131461513,-1.528148663108562,116.50946784478379,748.3963308636203,35.38276770720875,451.00000000000006,65.41213800000001,0.0049101118307069294,24.550559153534646,319.07294901687516,0.554489981804458,BEARING,BEARING,0.4,0.6,True
14.870000000000001,14.870000000000001,AEROTWIN-4-001,TAKEOFF,0.95,3000.0845585998554,487.48552993346186,168.207585113265,145.6627237719086,136.79743811906133,8.796611224616258,0.06867442823100411,157.813463075507,-9.094450440154453,-1.5281444317219968,-1.5281444317219968,116.50962129463919,748.3971590644479,35.40767401525996,451.00000000000006,65.41213800000001,0.004910157586869283,24.55078793434642,319.07294901687516,0.5547429585741566,BEARING,BEARING,0.4,0.6,True
14.88,14.88,AEROTWIN-4-001,TAKEOFF,0.95,3000.104537549947,667.4906034494531,168.2072188902366,145.63897962556126,136.8004284415217,8.796707368815783,0.04184381522379077,-1.5281411046325482,157.78907482745265,-1.5281411046325482,-9.093812992626304,116.50976603756548,748.397980612951,35.43255392022092,451.00000000000006,65.41213800000001,0.0049101935608326505,24.550967804163253,319.07294901687516,0.555154481320585,BEARING,BEARING,0.4,0.6,True
14.89,14.89,AEROTWIN-4-001,TAKEOFF,0.95,3000.109698520172,127.49687570244998,168.20699573617986,145.6098255431065,136.80225048218725,8.796765950157097,0.01080911076215152,-1.5281390773064383,-1.5281390773064383,-9.093037250074977,157.75914094779435,116.50990407998108,748.3987901851486,35.45740739402247,451.00000000000006,65.41213800000001,0.004910215479639575,24.551077398197876,319.07294901687516,0.5556622404550424,BEARING,BEARING,0.4,0.6,True
14.9,14.9,AEROTWIN-4-001,TAKEOFF,0.95,3000.100093973032,307.5034576136603,168.20693808948747,145.5793865208402,136.80272115441872,8.796781082912164,-0.02011571649069488,-9.092232636302443,-1.5281385535935987,157.72789626432984,-1.5281385535935987,116.51003765140855,748.3995817298858,35.482234400787746,451.00000000000006,65.41213800000001,0.00491022114166717,24.551105708335854,319.07294901687516,0.5561942937144473,BEARING,BEARING,0.4,0.6,True
14.91,14.91,AEROTWIN-4-001,TAKEOFF,0.95,3000.0777267160024,487.5094632520422,168.20704536929932,145.55175228305993,136.80184523572706,8.796752920909077,-0.046845873576208064,157.6995383463875,-9.091507006893591,-1.5281395282169905,-1.5281395282169905,116.51016891358121,748.40034936977,35.5070349056309,451.00000000000006,65.41213800000001,0.004910210604638527,24.551053023192633,319.07294901687516,0.5566790646074383,BEARING,BEARING,0.4,0.6,True
14.92,14.92,AEROTWIN-4-001,TAKEOFF,0.95,3000.046188005858,667.5141268550024,168.20729519663522,145.53043820665715,136.79980539003384,8.79668733668607,-0.0660545200627567,-1.5281417978664358,157.67767426113832,-1.5281417978664358,-9.090952458748294,116.510299692556,748.4010882326897,35.53180888285275,451.00000000000006,65.41213800000001,0.004910186065540158,24.55093032770079,319.07294901687516,0.5570547895654829,BEARING,BEARING,0.4,0.6,True
14.93,14.93,AEROTWIN-4-001,TAKEOFF,0.95,3000.0101037187974,127.51689813535381,168.20764744399665,145.51794925966308,136.7969291533995,8.796594860357981,-0.07557475409440073,-1.5281449979887347,-1.5281449979887347,-9.090633910701657,157.6648731663422,116.51043126825695,748.4017951074464,35.55655632248463,451.00000000000006,65.41213800000001,0.0049101514638299135,24.550757319149568,319.07294901687516,0.557277193289125,BEARING,BEARING,0.4,0.6,True
14.94,14.94,AEROTWIN-4-001,TAKEOFF,0.95,2999.974471379701,307.51750435848163,168.2080504324329,145.51549926995932,136.7936384107475,8.796489055702251,-0.07462819649042096,-9.090581839306804,-1.528148659087219,157.66237842744053,-1.528148659087219,116.51056424647729,748.4024688456398,35.581277234405604,451.00000000000006,65.41213800000001,0.004910111874194191,24.550559370970955,319.07294901687516,0.557324469291225,BEARING,BEARING,0.4,0.6,True
14.950000000000001,14.950000000000001,AEROTWIN-4-001,TAKEOFF,0.95,2999.9439810441268,487.51597264126366,168.208448344988,145.52291468951373,136.79038892278265,8.796384576227164,-0.06385880949609124,157.67000917502466,-9.09078993736699,-1.528152274071971,-1.528152274071971,116.51069852612382,748.4031104693757,35.60597164961879,451.00000000000006,65.41213800000001,0.004910072779480435,24.550363897402175,319.07294901687516,0.5571990450393294,BEARING,BEARING,0.4,0.6,True
14.96,14.96,AEROTWIN-4-001,TAKEOFF,0.95,2999.9224104866094,667.5126115039113,168.208788813377,145.53872629388408,136.78760839001052,8.796295173893869,-0.04517727002030547,-1.5281553671838097,157.68625479711588,-1.5281553671838097,-9.091217768864185,116.51083336120385,748.4037229852316,35.63063961866865,451.00000000000006,65.41213800000001,0.004910039325682338,24.55019662841169,319.07294901687516,0.5569260600838144,BEARING,BEARING,0.4,0.6,True
14.97,14.97,AEROTWIN-4-001,TAKEOFF,0.95,2999.9121708632497,127.50795613310788,168.20902966709207,145.56042741240205,136.7856413037014,8.79623192571584,-0.021445817015187885,-1.5281575553090556,-1.5281575553090556,-9.09179782117046,157.70854034419062,116.51096750456307,748.4043109436666,35.655281207559106,451.00000000000006,65.41213800000001,0.0049100156581982175,24.550078290991085,319.07294901687516,0.5565489207093992,BEARING,BEARING,0.4,0.6,True
14.98,14.98,AEROTWIN-4-001,TAKEOFF,0.95,2999.9140554354085,307.50268638490286,168.20914399760312,145.58485646578515,136.78470752551254,8.796201901572019,0.003947038700587768,-9.092445796218938,-1.5281585939871491,157.73361944997836,-1.5281585939871491,116.51109941028079,748.4048798147306,35.679896491843024,451.00000000000006,65.41213800000001,0.004910004423037552,24.55002211518776,319.07294901687516,0.55612266078102,BEARING,BEARING,0.4,0.6,True
14.99,14.99,AEROTWIN-4-001,TAKEOFF,0.95,2999.927214589108,487.49752971102737,168.20912295558915,145.60864727885283,136.78487938436567,8.7962074274262,0.027560467060961713,157.75803669301692,-9.093072608517794,-1.5281584028231394,-1.5281584028231394,116.51122746509603,748.4054352716919,35.70448554976089,451.00000000000006,65.41213800000001,0.004910006490841112,24.550032454205564,319.07294901687516,0.5557060917714439,BEARING,BEARING,0.4,0.6,True
15.0,15.0,AEROTWIN-4-001,TAKEOFF,0.95,2999.949349372123,667.493162586374,168.2089760260802,145.62868439676177,136.78607940354368,8.796246012080084,0.046358981138004296,-1.5281570679873122,157.77859494345768,-1.5281570679873122,-9.093596410721277,116.51135021691904,748.4059824818663,35.7290484553861,451.00000000000006,65.41213800000001,0.004910020929348563,24.550104646742817,319.07294901687516,0.5553538377110198,BEARING,BEARING,0.4,0.6,True
