timestamp,simulation_time,engine_id,operating_mode,throttle,rpm,crank_angle,mean_torque,instant_torque,load_torque,friction_torque,net_torque,cylinder_1_torque,cylinder_2_torque,cylinder_3_torque,cylinder_4_torque,cht,egt,oil_temperature,oil_pressure,oil_pressure_psi,fuel_flow,fuel_flow_lph,fuel_pressure,vibration,gt_degradation_type,gt_target_component,gt_active_severity,gt_current_health,gt_is_degraded
0.0,0.0,AEROTWIN-4-001,IDLE,0.15,911.720202809392,54.0,22.48604081632653,38.74303548511851,12.311344529918863,1.8849555921538759,24.546735363045773,-0.20428280949283495,-0.20428280949283495,-1.2395119840377247,40.39111308814191,25.07229836145782,617.1107142857143,24.999579506279403,367.3392958486187,53.278156791291956,0.0009648312881527473,4.824156440763737,322.42705098312484,0.34441577405079843,NONE,NONE,0.0,1.0,False
0.01,0.01,AEROTWIN-4-001,IDLE,0.15,919.7866852581626,108.70321216856351,22.551929255025392,31.43798367767902,12.634080015916153,1.9095023275169214,16.894401334245945,-0.20488139754488222,-0.20488139754488222,-1.4554656189592086,33.30321209172799,25.144998716542478,614.2986836583468,24.99916222714526,367.94212302093996,53.36558963871109,0.0009674670721207087,4.837335360603544,322.42705098312484,0.21568432457861159,NONE,NONE,0.0,1.0,False
0.02,0.02,AEROTWIN-4-001,IDLE,0.15,913.8907111511512,163.89041328405327,22.59699583723367,2.43652753204661,12.858630096757178,1.9263967288511674,-12.348499293561733,-0.20529082168953028,-0.20529082168953028,-0.4272236568854199,3.2743328323110905,25.217743880749786,611.5604108605702,24.998747254674214,368.356120799028,53.42563504844943,0.0009692863622438738,4.846431811219369,322.42705098312484,0.4131674714188739,NONE,NONE,0.0,1.0,False
0.03,0.03,AEROTWIN-4-001,IDLE,0.15,920.3975271279221,218.72385595312232,22.564078219973208,28.23619860935717,12.694306865876573,1.9140482295576056,13.627843513922992,-0.9617714856926602,-0.20499176934008806,29.607953633730006,-0.20499176934008806,25.289218563447868,608.8880680366922,24.998330859761708,368.0535922584802,53.38175691398545,0.0009679561876554297,4.839780938277149,322.42705098312484,0.1594889994500768,NONE,NONE,0.0,1.0,False
0.04,0.04,AEROTWIN-4-001,IDLE,0.15,932.2075952274379,273.94770758079767,22.600399199856536,39.53833978255651,12.875714922929404,1.9276760730715286,24.73494878655558,-1.5362593039547827,-0.2053217408043714,41.48524256812004,-0.2053217408043714,25.36059463442855,606.2853224188297,24.99791636220934,368.38744151859504,53.43017774297399,0.0009694243008088881,4.84712150404444,322.42705098312484,0.35678700029451316,NONE,NONE,0.0,1.0,False
0.05,0.05,AEROTWIN-4-001,IDLE,0.15,928.5674518115385,329.88016329444395,22.66594144258035,7.536776465605339,13.208263986015696,1.9524110218580841,-7.623898542268441,-0.774985129478504,-0.20591718371019238,8.723595962504227,-0.20591718371019238,25.432359112212716,603.7527068991707,24.99750524371725,368.9921857399031,53.517888635344065,0.0009720959095849927,4.860479547924964,322.42705098312484,0.32540133812481437,NONE,NONE,0.0,1.0,False
0.06,0.06,AEROTWIN-4-001,IDLE,0.15,929.3651596357652,385.59421040313623,22.645792206062744,16.720814932643915,13.105312449126995,1.9447871233158156,1.6707153602011044,17.798853472846705,-0.6665702792640708,-0.20573413046935846,-0.20573413046935846,25.503070877361225,601.2818467060392,24.99709327796713,368.8059534524486,53.49087787683624,0.0009712715086430308,4.856357543215154,322.42705098312484,0.16424511264275327,NONE,NONE,0.0,1.0,False
0.07,0.07,AEROTWIN-4-001,IDLE,0.15,943.0487893538547,441.3561199812821,22.650211745457526,43.733223881185474,13.127838977980572,1.9464578386760167,28.658927064528882,45.67055000785907,-1.525777563832779,-0.20577428142041312,-0.20577428142041312,25.573151394401528,598.8730998925179,24.996681686357924,368.8467772174007,53.49679887405736,0.0009714520974429565,4.857260487214782,322.42705098312484,0.4295288707419102,NONE,NONE,0.0,1.0,False
0.08,0.08,AEROTWIN-4-001,IDLE,0.15,942.096555814682,497.9390473425134,22.725673733683106,13.498027320704526,13.517263815742046,1.9751167657405455,-1.9943532607780652,14.948285092385934,-1.0373380837865473,-0.20645984394742964,-0.20645984394742964,25.643782500462294,596.5304361620708,24.996274064680602,369.5459701972491,53.59820842546862,0.0009745561191272386,4.872780595636193,322.42705098312484,0.22237370225694275,NONE,NONE,0.0,1.0,False
0.09,0.09,AEROTWIN-4-001,IDLE,0.15,938.166380237605,554.4648406913943,22.720443766992922,7.231761701597502,13.489979769292873,1.9731224124797675,-8.231340480175138,-0.2064123303678826,8.031277969094171,-0.2064123303678826,-0.38669160676090386,25.713614984153104,594.2459309247968,24.995866329440815,369.49737988367616,53.59116098356862,0.0009743397320705444,4.871698660352722,322.42705098312484,0.33191984537476127,NONE,NONE,0.0,1.0,False
0.1,0.1,AEROTWIN-4-001,IDLE,0.15,952.0407674189055,610.7548235056506,22.69882416932945,44.401000977736274,13.377661344514145,1.9648910719995922,29.058448561222537,-0.2062159190837942,46.27362212547873,-0.2062159190837942,-1.4601893095748704,25.7823892979346,592.0168539574929,24.995457644307212,369.2967278791368,53.56205881813425,0.0009734472326035711,4.867236163017855,322.42705098312484,0.44056551647783126,NONE,NONE,0.0,1.0,False
0.11,0.11,AEROTWIN-4-001,IDLE,0.15,953.8110271315344,667.877269550785,22.7749028431156,19.477839995392262,13.776267202737397,1.9939495205608149,3.7076232720940503,-0.20690708412038167,21.11653539499817,-0.20690708412038167,-1.224881231365145,25.85172008443908,589.8494500803065,24.99505305424132,370.00432825832667,53.664687761931184,0.0009766022479077482,4.883011239538741,322.42705098312484,0.11879715031876144,NONE,NONE,0.0,1.0,False
0.12,0.12,AEROTWIN-4-001,IDLE,0.15,946.8168868081035,5.105931178676997,22.78456103346017,1.1767109378110496,13.82754703282256,1.997657143832909,-14.648493238844418,-0.20699482754637302,-0.20699482754637302,-0.13816501900349062,1.7288656119072863,25.920505357910535,587.7369899827838,24.994649129846877,370.09446344595887,53.677760789274984,0.0009770056599017337,4.885028299508669,322.42705098312484,0.4392772396388928,NONE,NONE,0.0,1.0,False
0.13,0.13,AEROTWIN-4-001,IDLE,0.15,959.7262231793475,61.91494438716321,22.746337949791297,42.64575978504038,13.625500263366542,1.9830086505940645,27.037250871079777,-0.20664757571208442,-0.20664757571208442,-1.3673606962400071,44.426415632704554,25.98796910664652,585.6743438989892,24.99424335335574,369.7381515293557,53.6260820215147,0.0009754129413702253,4.877064706851127,322.42705098312484,0.40921697049006295,NONE,NONE,0.0,1.0,False
0.14,0.14,AEROTWIN-4-001,IDLE,0.15,963.9598367828189,119.49851777792406,22.816753025034668,24.876491380579708,13.999585882579,2.010045901465144,8.866859596535564,-0.20728728767911603,-0.20728728767911603,-1.3531223404811497,26.644188296419088,26.055892730413966,583.6687965400199,24.993841459058554,370.39540150546696,53.72140824354992,0.0009783550257327742,4.8917751286638715,322.42705098312484,0.09732388355009651,NONE,NONE,0.0,1.0,False
0.15,0.15,AEROTWIN-4-001,IDLE,0.15,956.252464369872,177.3361079848932,22.839717659334585,0.0,14.123370272934716,2.01891276106168,-16.142283033996396,-0.20749591844929394,-0.20749591844929394,-0.07232831168331871,0.21853659777652398,26.123495679127775,581.7152022708549,24.99344096201007,370.6105605732397,53.75261448442154,0.0009793221011612971,4.8966105058064855,322.42705098312484,0.46107324557219637,NONE,NONE,0.0,1.0,False
0.16,0.16,AEROTWIN-4-001,IDLE,0.15,967.5953933607245,234.7112558470855,22.79786290601597,39.6577708245024,13.898425421239253,2.0027704780276836,23.756574925235462,-1.2679379643796838,-0.2071156733599784,41.33994013560204,-0.2071156733599784,26.189730217259086,579.8071446988134,24.993038365430408,370.2187176877059,53.69578237598949,0.0009775623375177993,4.8878116875889965,322.42705098312484,0.35624535317286093,NONE,NONE,0.0,1.0,False
0.17,0.17,AEROTWIN-4-001,IDLE,0.15,973.8193424877007,292.766979448729,22.859387773509855,29.292038842888974,14.230103220852898,2.026527052952919,13.035408569083156,-1.4362044546646582,-0.2076746189248286,31.143592535403286,-0.2076746189248286,26.25627784245217,577.9516498213549,24.992639254823523,370.7951746167192,53.779390536059715,0.0009801534300881735,4.900767150440868,322.42705098312484,0.17403556732947617,NONE,NONE,0.0,1.0,False
0.18,0.18,AEROTWIN-4-001,IDLE,0.15,966.2825471739995,351.19613999799105,22.892954136630454,0.6682943631343616,14.41375909436817,2.039562461522002,-15.785027192755813,-0.23873830656212297,-0.2079795650475695,1.3229917997916236,-0.2079795650475695,26.322681711918896,576.1452097226014,24.992242156310745,371.11090599085884,53.82518358310219,0.0009815784829071746,4.9078924145358735,322.42705098312484,0.450543678017445,NONE,NONE,0.0,1.0,False
0.19,0.19,AEROTWIN-4-001,IDLE,0.15,975.9605499717778,409.17309282843104,22.852290019410088,36.48485332926544,14.191514234321426,2.0237774343292463,20.26956166061477,38.078294523260645,-1.1782209205248633,-0.20761013673516998,-0.20761013673516998,26.387748712463896,574.3807005711824,24.991842966306823,370.7285241439166,53.769723684785376,0.0009798531344712262,4.899265672356131,322.42705098312484,0.3000029431588736,NONE,NONE,0.0,1.0,False
0.2,0.2,AEROTWIN-4-001,IDLE,0.15,983.6056960448901,467.73072582673774,22.904470294103326,32.5332174306864,14.477213942089582,2.044046995989861,16.011956492606956,34.43588457265622,-1.486498766234486,-0.20808418786767097,-0.20808418786767097,26.452977519227858,572.6644518640336,24.991446823296794,371.2194327533438,53.84092408767948,0.0009820692754976702,4.910346377488351,322.42705098312484,0.23016632789144312,NONE,NONE,0.0,1.0,False
0.21,0.21,AEROTWIN-4-001,IDLE,0.15,976.4084942929844,526.7470675894311,22.94545662061567,1.691190458247013,14.70491560589146,2.0600589524824677,-15.073784100126915,2.466518840189961,-0.35841529512225956,-0.20845654341034403,-0.20845654341034403,26.51818503584484,570.9943858657377,24.991053154777276,371.60653817464794,53.89706908377459,0.000983823862950379,4.919119314751895,322.42705098312484,0.43379635374298553,NONE,NONE,0.0,1.0,False
0.22,0.22,AEROTWIN-4-001,IDLE,0.15,984.6983196723286,585.3315772470102,22.906877449202323,33.89766127687715,14.490506434301496,2.044985168382341,17.362169674193318,-0.20810605656436704,35.42389084543971,-0.20810605656436704,-1.110017455433822,26.582101172523014,569.3629870023627,24.99065745648961,371.2421307143136,53.844216154542615,0.0009821719847016637,4.910859923508319,322.42705098312484,0.25401267879321754,NONE,NONE,0.0,1.0,False
0.23,0.23,AEROTWIN-4-001,IDLE,0.15,993.201997820403,644.4134764273499,22.9512974416389,34.61001242447527,14.737603220763443,2.0623473380565343,17.810061865655296,-0.20850960652350461,36.541631825231256,-0.20850960652350461,-1.514600187708975,26.646055845508133,567.7759258928775,24.99026443356148,371.66181299613913,53.90508603333403,0.000984074905714419,4.920374528572095,322.42705098312484,0.26590054216819375,NONE,NONE,0.0,1.0,False
0.24,0.24,AEROTWIN-4-001,IDLE,0.15,986.2179939868092,704.0055962965741,22.996611531555562,2.446138887030693,14.993244911282863,2.0801573999221894,-14.627263424174359,-0.20892127924407825,3.2957331435714505,-0.20892127924407825,-0.431751698052601,26.710060327164705,566.2321857446215,24.989874188119238,372.0915882909075,53.967419782536645,0.0009860311119741715,4.930155559870858,322.42705098312484,0.42171225342377017,NONE,NONE,0.0,1.0,False
0.25,0.25,AEROTWIN-4-001,IDLE,0.15,993.6176581588421,43.178675935782735,22.95941414095075,32.34647762842623,14.783127090667929,2.065530136498015,15.497820401260284,-0.2085833457003022,-0.2085833457003022,-1.0704639469627508,33.834108266789585,26.77280772322834,564.7240459555717,24.989481940663495,371.73867152863005,53.916233441169446,0.0009844241848729486,4.9221209243647435,322.42705098312484,0.2261833163164948,NONE,NONE,0.0,1.0,False
0.26,0.26,AEROTWIN-4-001,IDLE,0.15,1002.4705582994701,102.79573542531325,22.998819950047807,35.62829569678513,15.005797043378427,2.081027956899275,18.541470696507425,-0.20894134244407936,-0.20894134244407936,-1.5281434504524016,37.57432183212569,26.835516109261828,563.2567809458933,24.98909213565674,372.1125768241467,53.97046391742059,0.0009861268394678866,4.930634197339433,322.42705098312484,0.283104920065108,NONE,NONE,0.0,1.0,False
0.27,0.27,AEROTWIN-4-001,IDLE,0.15,995.4959375559575,162.94396892328146,23.045711048064174,2.7663424235195975,15.274384522186768,2.0995694275957826,-14.607611526262954,-0.20936734208186497,-0.20936734208186497,-0.460566426914685,3.6456435345980123,26.89830093137934,561.8299916615172,24.98870525919994,372.5591834401404,54.03523884779108,0.0009881680513755852,4.940840256877926,322.42705098312484,0.4171944270959454,NONE,NONE,0.0,1.0,False
0.28,0.28,AEROTWIN-4-001,IDLE,0.15,1002.5975670692343,222.6737251766389,23.008791719471873,32.02116279621864,15.062582908531306,2.0849618160695194,14.873618071617816,-1.0626492393287474,-0.20903193469596587,33.50187590493932,-0.20903193469596587,26.959846075653957,560.4358829860746,24.98831634864856,372.20739759561525,53.98421653247284,0.0009865595362127599,4.9327976810638,322.42705098312484,0.2198513366392776,NONE,NONE,0.0,1.0,False
0.29,0.29,AEROTWIN-4-001,IDLE,0.15,1011.337232720426,282.829579200793,23.046381763528597,35.68240353744588,15.278255166894834,2.0998354341411374,18.304312936409907,-1.5310979700591483,-0.20937343544621317,37.63224837839745,-0.20937343544621317,27.021326399567922,559.0796705830238,24.98792982324887,372.5655849596618,54.03616731137943,0.000988197368550339,4.940986842751696,322.42705098312484,0.2834389755108154,NONE,NONE,0.0,1.0,False
0.3,0.3,AEROTWIN-4-001,IDLE,0.15,1004.1457502317595,343.5098131640185,23.09239807108696,2.6021119428066686,15.545777898938837,2.1181397470775476,-15.061805703209716,-0.44662161810743034,-0.209791487724393,3.468316536362885,-0.209791487724393,27.082871232139308,557.7611090610427,24.987546232419493,373.00569497901193,54.09999998836593,0.0009902169352599686,4.951084676299843,322.42705098312484,0.42110412559127175,NONE,NONE,0.0,1.0,False
0.31,0.31,AEROTWIN-4-001,IDLE,0.15,1011.5468598320882,403.7585581779241,23.05455292820623,32.92940174784944,15.325476107271292,2.103077941374338,15.50084769920381,34.43473505188794,-1.0864379651706888,-0.20944766943390405,-0.20944766943390405,27.143175930271358,556.4724295131874,24.98716050560993,372.6436037435609,54.047482999758586,0.0009885548066560577,4.942774033280289,322.42705098312484,0.2351564913361052,NONE,NONE,0.0,1.0,False
0.32,0.32,AEROTWIN-4-001,IDLE,0.15,1019.7263453278479,464.45136976784937,23.09349849712037,34.801876287789185,15.552223136300166,2.1185787890735415,17.13107436241548,36.74520419340556,-1.523724935707599,-0.2098014849543891,-0.2098014849543891,27.20344002577296,555.219138858143,24.98677729259596,373.01624196677636,54.10152970237731,0.000990265429205837,4.951327146029185,322.42705098312484,0.2674259221485756,NONE,NONE,0.0,1.0,False
0.33,0.33,AEROTWIN-4-001,IDLE,0.15,1012.115870837319,525.6349504875202,23.136315265087728,2.001123554578164,15.804754190994503,2.1357098634359573,-15.939340499852296,2.812614841073906,-0.39111034684785123,-0.21019046982394535,-0.21019046982394535,27.263721202088245,554.0006859632584,24.986396873272447,373.4274369351682,54.16116859820293,0.0009921595538924903,4.960797769462451,322.42705098312484,0.43259861190561966,NONE,NONE,0.0,1.0,False
0.34,0.34,AEROTWIN-4-001,IDLE,0.15,1020.3482224659889,586.3619027377594,23.096484707984775,34.931292252435384,15.56972479723402,2.119770522936105,17.24179693226526,-0.20982861429877225,36.489867448792715,-0.20982861429877225,-1.1389179677597845,27.322746760020834,552.8094327588216,24.986014151258566,373.04486846543676,54.10568163249002,0.0009903970734844525,4.951985367422263,322.42705098312484,0.2696525426727932,NONE,NONE,0.0,1.0,False
0.35000000000000003,0.35000000000000003,AEROTWIN-4-001,IDLE,0.15,1027.509388047841,647.5827960857187,23.13956092509335,32.959359477433665,15.824037035507754,2.13701231986837,14.998310122057541,-0.2102199562306464,34.882790221342795,-0.2102199562306464,-1.502990831447835,27.381798552878596,551.6514890351935,24.98563424431545,373.4586725871864,54.165698954700346,0.0009923037152293804,4.9615185761469025,322.42705098312484,0.2345947664425617,NONE,NONE,0.0,1.0,False
0.36,0.36,AEROTWIN-4-001,IDLE,0.15,1019.3454298348985,709.2333593685892,23.176837729844532,1.1003904219262992,16.046933889265578,2.1520106299904276,-17.098554097329707,-0.21055861124180156,1.8165150477877245,-0.21055861124180156,-0.2950074033778221,27.44078533122853,550.5255629756199,24.985256833407497,373.8180900451136,54.21782814396319,0.0009939653378607336,4.969826689303668,322.42705098312484,0.4492656916746072,NONE,NONE,0.0,1.0,False
0.37,0.37,AEROTWIN-4-001,IDLE,0.15,1028.7987209450982,50.39408515868308,23.134326542623892,37.7267874448597,15.792948766266823,2.134912075893098,19.79892660269978,-0.21017240253430852,-0.21017240253430852,-1.2144509136004373,39.36158316352876,27.498492193194316,549.4242862283015,24.98487690846549,373.4083024259971,54.158393367261766,0.0009920712620691743,4.960356310345872,322.42705098312484,0.31809131197678325,NONE,NONE,0.0,1.0,False
0.38,0.38,AEROTWIN-4-001,IDLE,0.15,1034.473340865494,112.12200841538898,23.183530024861714,30.12683815403357,16.087230982317884,2.1547110024957976,11.88489616921989,-0.2106194098874694,-0.2106194098874694,-1.4633584606287122,32.011435434437225,27.556321706670403,548.3545928101419,24.98450023191647,373.8827480983368,54.22720601868657,0.0009942648058604603,4.971324029302302,322.42705098312484,0.18446822052440467,NONE,NONE,0.0,1.0,False
0.39,0.39,AEROTWIN-4-001,IDLE,0.15,1025.7372223389311,174.19040886731864,23.212914514735246,0.13489947851336836,16.265187435808343,2.1665958986650176,-18.296883855959994,-0.21088636422575913,-0.21088636422575913,-0.16009886841305185,0.7167710753779385,27.613970476473558,547.3140737074021,24.98412558787798,374.16712924535335,54.26845209148756,0.0009955839098254495,4.977919549127248,322.42705098312484,0.4669689581497369,NONE,NONE,0.0,1.0,False
0.4,0.4,AEROTWIN-4-001,IDLE,0.15,1036.57106779164,235.7346422076545,23.167629719829083,40.83028056765463,15.991628696607453,2.1482990148090577,22.69035285623812,-1.3045851350404518,-0.21047495764661514,42.55581561798832,-0.21047495764661514,27.670315952927666,546.2958235314338,24.98374821166344,373.72919218436004,54.204934576035214,0.0009935538737322162,4.967769368661081,322.42705098312484,0.37197969819561955,NONE,NONE,0.0,1.0,False
0.41000000000000003,0.41000000000000003,AEROTWIN-4-001,IDLE,0.15,1040.3223420382176,297.9289062751529,23.22374827951925,26.358859879028127,16.33122010159711,2.1709893676652956,7.85665040976572,-1.3980845382128173,-0.21098478759541942,28.17891399243178,-0.21098478759541942,27.72689094861691,545.3076726864873,24.983374575733944,374.2721768804461,54.28368799038615,0.0009960719856362224,4.980359928181112,322.42705098312484,0.11802134579037721,NONE,NONE,0.0,1.0,False
0.42,0.42,AEROTWIN-4-001,IDLE,0.15,1031.4278965992899,360.34824679744594,23.24308314389385,0.0,16.449636947718574,2.1788460180750615,-18.628482965793637,0.031518328684051154,-0.009625773790628279,-0.2111604423693242,-0.2111604423693242,27.78314025322405,544.3458333016272,24.98300234876413,374.4599231091163,54.310918327900005,0.0009969453856061249,4.984726928030625,322.42705098312484,0.47000624777745514,NONE,NONE,0.0,1.0,False
0.43,0.43,AEROTWIN-4-001,IDLE,0.15,1043.4922226836068,422.23392059340335,23.197158620869015,43.59724340329002,16.169560403512687,2.160217535109268,25.267465464668067,45.41731187242007,-1.398582021246227,-0.21074322394191125,-0.21074322394191125,27.8380972430889,543.4042279962005,24.98262730969102,374.0145470096846,54.24632186919063,0.0009948757565125482,4.9743787825627415,322.42705098312484,0.420028138866448,NONE,NONE,0.0,1.0,False
0.44,0.44,AEROTWIN-4-001,IDLE,0.15,1044.976827379629,484.8434539544198,23.25938269744687,21.844868147909754,16.55003434299712,2.185485000573936,3.109348804338699,23.568167541571288,-1.300682350197525,-0.21130852173200473,-0.21130852173200473,27.893376739952295,542.4913332488742,24.98225645798857,374.6184658375528,54.33391304814698,0.0009976840133639742,4.988420066819871,322.42705098312484,0.08808718035732208,NONE,NONE,0.0,1.0,False
0.45,0.45,AEROTWIN-4-001,IDLE,0.15,1037.2134790672148,547.5420635971975,23.26700436327962,2.5262358742279973,16.597160208542228,2.1885943493782745,-16.259518683692505,-0.21137776359285734,3.1570727676330668,-0.21137776359285734,-0.20808136621935464,27.94816518549097,541.6018971293864,24.981886261185032,374.6926857472112,54.34467775540402,0.000998030133297241,4.990150666486206,322.42705098312484,0.4263345902289388,NONE,NONE,0.0,1.0,False
0.46,0.46,AEROTWIN-4-001,IDLE,0.15,1050.014324237963,609.7748723412304,23.22706292524334,45.33383106949104,16.351468806688295,2.172334830694582,26.810027432108164,-0.21101490072856371,47.24089115696039,-0.21101490072856371,-1.48503028601222,28.001770879366056,540.7313697636091,24.981513607500766,374.3043383304917,54.28835262277786,0.0009962215025837147,4.981107512918574,322.42705098312484,0.4500416482528088,NONE,NONE,0.0,1.0,False
0.47000000000000003,0.47000000000000003,AEROTWIN-4-001,IDLE,0.15,1049.017197718442,672.7757317955082,23.292807940068084,16.868333000017262,16.757565040841836,2.19914485812669,-2.088376898951264,-0.2116121857930289,18.456510360039807,-0.2116121857930289,-1.1649529884364866,28.05575221592027,539.8880916584781,24.981145428339268,374.9443686078475,54.38118133414498,0.0009992054509384072,4.996027254692037,322.42705098312484,0.17592867979094945,NONE,NONE,0.0,1.0,False
0.48,0.48,AEROTWIN-4-001,IDLE,0.15,1044.0051489557159,15.71676365861481,23.287707461358057,8.425599234225565,16.725753134607185,2.1970564812277393,-10.49721038160936,-0.21156584859524682,-0.21156584859524682,-0.42982050975506386,9.278551441171123,28.109066876201833,539.0654681660383,24.98077706319152,374.89456948765843,54.373958569351004,0.0009989727001535479,4.99486350076774,322.42705098312484,0.32356163374350083,NONE,NONE,0.0,1.0,False
0.49,0.49,AEROTWIN-4-001,IDLE,0.15,1056.7200086300188,78.35707259595776,23.262016837928382,45.3828077069814,16.566308606658747,2.18655927084613,26.629939829476527,-0.2113324525619164,-0.2113324525619164,-1.5523810807634406,47.35785369286868,28.161425863902707,538.2612622400112,24.98040715170657,374.6441109701659,54.337632566890925,0.0009978035833493654,4.9890179167468265,322.42705098312484,0.4504601269559304,NONE,NONE,0.0,1.0,False
0.5,0.5,AEROTWIN-4-001,IDLE,0.15,1053.1712750582121,141.7602731137589,23.327017625848086,11.753024459185053,16.972285460999416,2.2131892106756066,-7.43245021248997,-0.2119229764199823,-0.2119229764199823,-0.9837779254624764,13.160648337487494,28.21415050681554,537.4826106877096,24.980041729391235,375.27902299440296,54.42971893706222,0.001000772070048537,5.003860350242686,322.42705098312484,0.26621823359993807,NONE,NONE,0.0,1.0,False
0.51,0.51,AEROTWIN-4-001,IDLE,0.15,1052.0010857082968,204.95054961725162,23.308933178674263,16.61340031825694,16.85848240112909,2.2057567604631165,-2.4508388433352684,-0.6699555979909054,-0.2117586815266763,17.706873279301195,-0.2117586815266763,28.26603305932536,536.7219045383989,24.979675242207882,375.1019727135635,54.404039918429824,0.0009999426992035037,4.9997134960175185,322.42705098312484,0.18075349527698978,NONE,NONE,0.0,1.0,False
0.52,0.52,AEROTWIN-4-001,IDLE,0.15,1063.5238648749448,268.07061475974945,23.30296012366833,43.15759812461375,16.821039950408206,2.2033059216197812,24.133252252585763,-1.5868829824856976,-0.21170441708466828,45.16788994126878,-0.21170441708466828,28.317259625494227,535.9797145330997,24.9793085076057,375.04356451577866,54.39556851023951,0.0009996693612345758,4.998346806172879,322.42705098312484,0.4110076705389705,NONE,NONE,0.0,1.0,False
0.53,0.53,AEROTWIN-4-001,IDLE,0.15,1057.5399763565445,331.8820466522461,23.36156607065058,6.886358839656855,17.1915464719887,2.2274391738723667,-12.532626806204213,-0.7501855120901773,-0.21223684462939768,8.061018041005827,-0.21223684462939768,28.368760673571565,535.2610176118615,24.978945898143348,375.61814294159535,54.478904215963105,0.0010023640400007904,5.011820200003952,322.42705098312484,0.35216612259739266,NONE,NONE,0.0,1.0,False
0.54,0.54,AEROTWIN-4-001,IDLE,0.15,1060.885244485962,395.3344452336388,23.331189888335942,26.21985489090965,16.998635157399647,2.2149065470661626,7.006313186443842,27.563180555949174,-0.9194039032556994,-0.21196088089191328,-0.21196088089191328,28.419258004171276,534.5577235900034,24.978581370482154,375.31991517546214,54.43564985721868,0.001000963798134241,5.004818990671206,322.42705098312484,0.11424621878902606,NONE,NONE,0.0,1.0,False
0.55,0.55,AEROTWIN-4-001,IDLE,0.15,1069.950913404347,458.98755990279653,23.348187131589732,38.315352711232485,17.10634726839626,2.2219128602526066,18.98709258258362,40.310915860748324,-1.571332552162964,-0.21211529867643478,-0.21211529867643478,28.469438519454055,533.873445605033,24.97821815179436,375.48667965025845,54.459837043114184,0.0010017463670882476,5.008731835441238,322.42705098312484,0.32570675481070377,NONE,NONE,0.0,1.0,False
0.56,0.56,AEROTWIN-4-001,IDLE,0.15,1061.8787371866063,523.1846147070573,23.39405123056505,2.734530570951718,17.39995695420706,2.24089995283519,-16.906326336090533,3.6207179718771885,-0.46112346460732356,-0.21253196815907366,-0.21253196815907366,28.519713430006885,533.2101598563662,24.977858245174666,375.93808359367466,54.52530776825939,0.0010038700544968782,5.019350272484391,322.42705098312484,0.4255595089770471,NONE,NONE,0.0,1.0,False
0.5700000000000001,0.5700000000000001,AEROTWIN-4-001,IDLE,0.15,1069.6826151502164,586.8973389382537,23.353227448358417,35.70679902286367,17.138401609705355,2.2239936264990994,16.344403786659218,-0.2121610893106621,37.29291088443045,-0.2121610893106621,-1.1617896829454506,28.56885325304601,532.5599967473228,24.977495674982674,375.5361858436228,54.46701732238736,0.001001978890568517,5.009894452842586,322.42705098312484,0.2799946836047279,NONE,NONE,0.0,1.0,False
0.58,0.58,AEROTWIN-4-001,IDLE,0.15,1075.148818416456,651.0782958472666,23.392698045525215,31.079959087441758,17.39123170765829,2.2403380302857587,11.44838934949771,-0.21251967464577984,32.99224805245927,-0.21251967464577984,-1.4872496157259507,28.618001796743005,531.9294322351327,24.977135980109583,375.9247353182453,54.52337176108767,0.0010038071430203725,5.019035715101863,322.42705098312484,0.19853793636196324,NONE,NONE,0.0,1.0,False
0.59,0.59,AEROTWIN-4-001,IDLE,0.15,1065.6848855114436,715.587224952254,23.420217206803553,0.0,17.5694283060003,2.2517864196352564,-19.821214725635556,-0.21276968271197277,0.4782160369110452,-0.21276968271197277,-0.12278087692278258,28.666989083436,531.31697449429,24.976778361323245,376.1965559693216,54.56279608467847,0.0010050896051990652,5.025448025995326,322.42705098312484,0.47400822946692706,NONE,NONE,0.0,1.0,False
0.6,0.6,AEROTWIN-4-001,IDLE,0.15,1076.8742915493763,59.52831808294059,23.372505084959435,42.92848437153238,17.261481962087903,2.2319652049096206,23.435037204534854,-0.21233622417755155,-0.21233622417755155,-1.372562432032257,44.725719251919735,28.714764628746952,530.7157722257233,24.976417570876464,375.7257623189305,54.49451311521304,0.001002870181504677,5.014350907523386,322.42705098312484,0.4061359755787922,NONE,NONE,0.0,1.0,False
0.61,0.61,AEROTWIN-4-001,IDLE,0.15,1078.1079544198806,124.14077557590316,23.42888208225741,22.46504453972824,17.62586682362557,2.2554002421141557,2.5837774739885124,-0.2128484019990219,-0.2128484019990219,-1.3212476266161015,24.211988970342386,28.762790602949362,530.1343954736013,24.97606086786707,376.28230199856785,54.57523251726828,0.001005494746803062,5.02747373401531,322.42705098312484,0.08106705380813767,NONE,NONE,0.0,1.0,False
0.62,0.62,AEROTWIN-4-001,IDLE,0.15,1070.1918352710084,188.82725284109597,23.435070778078796,3.3447770445885507,17.66627420035897,2.257984019588144,-16.579481175358563,-0.2450359865271667,-0.2129046255103024,4.015622282136322,-0.2129046255103024,28.810364707892056,529.5680818529412,24.97570475405193,376.34359105732517,54.58412175977233,0.001005784504002074,5.02892252001037,322.42705098312484,0.4158125904754681,NONE,NONE,0.0,1.0,False
0.63,0.63,AEROTWIN-4-001,IDLE,0.15,1082.7228975665307,253.03876295735648,23.39526612414736,45.894193804131284,17.407793766192402,2.2414045384127856,26.244995499526098,-1.5247341122680402,-0.21254300531213483,47.844013927023596,-0.21254300531213483,28.856858831289504,529.0125334503052,24.975345996056426,375.95006927875636,54.527046148052264,0.0010039265498201508,5.019632749100754,322.42705098312484,0.4577554453909113,NONE,NONE,0.0,1.0,False
0.64,0.64,AEROTWIN-4-001,IDLE,0.15,1079.768171768488,318.00213681134835,23.458174145487693,13.897128519557803,17.81784222598169,2.2676495339123117,-6.188363240336198,-1.0694665436628616,-0.21311451665306005,15.392824096526786,-0.21311451665306005,28.90369666845852,528.4762442130046,24.97499182990119,376.5727397961595,54.61735703455538,0.0010068691242623017,5.034345621311509,322.42705098312484,0.23167285608130198,NONE,NONE,0.0,1.0,False
0.65,0.65,AEROTWIN-4-001,IDLE,0.15,1077.2492695912592,382.7882271174576,23.443390821884783,14.70661074795093,17.720725960673718,2.2614611706719754,-5.275576383394764,15.751267226382831,-0.6186960543401745,-0.21298021204586343,-0.21298021204586343,28.94980535787207,527.9520958955803,24.974636761770036,376.4260494466464,54.5960813596427,0.0010061745702044788,5.030872851022394,322.42705098312484,0.21716996931136404,NONE,NONE,0.0,1.0,False
0.66,0.66,AEROTWIN-4-001,IDLE,0.15,1088.575870548102,447.4231832929332,23.430763735267114,43.616707120370194,17.638143955307967,2.2561855942885805,23.722377570773645,45.6373150345742,-1.5948769210513232,-0.21286549657634005,-0.21286549657634005,28.99522527654355,527.439971756587,24.97428094976664,376.3009326013557,54.577934662635435,0.0010055828117882348,5.027914058941175,322.42705098312484,0.4174637968576904,NONE,NONE,0.0,1.0,False
0.67,0.67,AEROTWIN-4-001,IDLE,0.15,1082.018744306556,512.7377355258193,23.487367315828617,6.557696833703773,18.011001947912245,2.279907971859354,-13.733213086067826,7.717518429989106,-0.7330621305296801,-0.21337973287782636,-0.21337973287782636,29.04090456766672,526.9455049786216,24.973929338164286,376.86308049628485,54.659467469020164,0.00100824625103857,5.04123125519285,322.42705098312484,0.3607794059997099,NONE,NONE,0.0,1.0,False
0.68,0.68,AEROTWIN-4-001,IDLE,0.15,1086.0123429653959,577.6588601842127,23.454653863154622,28.42502218001997,17.794673949248526,2.2661747587732863,8.364173471998157,-0.21308253533758162,29.827572069049506,-0.21308253533758162,-0.976384818354374,29.085625358219882,526.4605896731446,24.973575526101506,376.53778867004274,54.61228779312566,0.0010067035621795098,5.03351781089755,322.42705098312484,0.1513173381536832,NONE,NONE,0.0,1.0,False
0.6900000000000001,0.6900000000000001,AEROTWIN-4-001,IDLE,0.15,1093.7236241913045,642.8196007621365,23.474595948104643,36.351280847612685,17.92627228264783,2.2745389322452843,16.15046963271957,-0.21326370663287594,38.33741668682138,-0.21326370663287594,-1.559608425942944,29.130111457964198,525.9895087925869,24.973223295676515,376.73595349458856,54.641029222948134,0.0010076428760104666,5.038214380052333,322.42705098312484,0.2897838976892257,NONE,NONE,0.0,1.0,False
0.7000000000000001,0.7000000000000001,AEROTWIN-4-001,IDLE,0.15,1084.571309343754,708.4430182136148,23.512943175885304,1.303874757418799,18.18174874781106,2.290689401878004,-19.168563392270265,-0.21361208630056772,2.0520655995595294,-0.21361208630056772,-0.3209666695395949,29.17461195055689,525.5335097688542,24.972873998512515,377.1181803280818,54.696466638424326,0.0010094588600998453,5.047294300499226,322.42705098312484,0.4533064283368066,NONE,NONE,0.0,1.0,False
0.71,0.71,AEROTWIN-4-001,IDLE,0.15,1094.1266290538845,53.51729677423998,23.467406614531455,40.16286661785775,17.878730976673634,2.271520838485734,20.012614802698383,-0.21319839245539546,-0.21319839245539546,-1.2856444976021681,41.874907900370715,29.21799929897176,525.0849883000659,24.972521551529695,376.66446535301003,54.630660725869866,0.0010073038455838239,5.036519227919119,322.42705098312484,0.3565741613853729,NONE,NONE,0.0,1.0,False
0.72,0.72,AEROTWIN-4-001,IDLE,0.15,1096.6927475582277,119.16489451747306,23.51494150212861,25.86114957247143,18.195150091526124,2.2915334532884324,5.374466027656874,-0.21363024083931467,-0.21363024083931467,-1.3990978185403167,27.687507872690375,29.261530157029032,524.6517750050159,24.972172703182043,377.1381413126802,54.699361739708515,0.0010095538476276322,5.047769238138161,322.42705098312484,0.10571716874616034,NONE,NONE,0.0,1.0,False
0.73,0.73,AEROTWIN-4-001,IDLE,0.15,1087.4151896898823,184.96645937096673,23.527652335777745,1.146634612399517,18.280598454715786,2.296907919316089,-19.43087176163236,-0.13878385608110158,-0.21374571713992496,1.7129099027604688,-0.21374571713992496,29.304736657967585,524.2304918074154,24.971824938119866,377.2652076784794,54.717791191271296,0.0010101588648948584,5.050794324474292,322.42705098312484,0.4563951772923453,NONE,NONE,0.0,1.0,False
0.74,0.74,AEROTWIN-4-001,IDLE,0.15,1099.6521916485465,250.21137075235967,23.48158773220509,45.87920841566323,17.97261439790597,2.277477047554457,25.6291169702028,-1.5054736611492758,-0.21332722609862242,47.81133652900974,-0.21332722609862242,29.3468445337315,523.8157645935257,24.97147396304127,376.80552900294447,54.65112031552906,0.0010079730220564633,5.039865110282317,322.42705098312484,0.4564376084270678,NONE,NONE,0.0,1.0,False
0.75,0.75,AEROTWIN-4-001,IDLE,0.15,1096.937653552218,316.1905022512725,23.54228260717862,14.997183457886932,18.37939258757271,2.3031061645246598,-5.685315294210438,-1.1104516646037637,-0.2138786312874099,16.535392385065514,-0.2138786312874099,29.38927511682346,523.4166499893942,24.971127579903992,377.4116765221992,54.73903473942672,0.001010857018553902,5.0542850927695095,322.42705098312484,0.2143461935933897,NONE,NONE,0.0,1.0,False
0.76,0.76,AEROTWIN-4-001,IDLE,0.15,1093.8127947955713,382.0067614644056,23.528864222267558,14.041495938768087,18.288763965128897,2.297420849230449,-6.544688875591259,15.069744897691299,-0.600735504975342,-0.21375672697393477,-0.21375672697393477,29.431046170713557,523.026349876896,24.97078035583176,377.27733156645377,54.719549615735325,0.001010216623644805,5.0510831182240254,322.42705098312484,0.23076289046059562,NONE,NONE,0.0,1.0,False
0.77,0.77,AEROTWIN-4-001,IDLE,0.15,1104.9008199286006,447.6355291521399,23.51338538356393,43.69829525609897,18.18471356191488,2.2908761603548577,23.222705533829235,45.72628420383782,-1.6007567403371303,-0.21361610370086095,-0.21361610370086095,29.472140843143286,522.6444680420288,24.970432144557744,377.1225971088454,54.69710723947272,0.0010094798767617227,5.047399383808614,322.42705098312484,0.4178860423211,NONE,NONE,0.0,1.0,False
0.78,0.78,AEROTWIN-4-001,IDLE,0.15,1097.8405570830932,513.9295783478559,23.568153697935085,6.082379529886241,18.555260589236823,2.3140988658886874,-14.786979925239269,7.216339716833481,-0.7057328532605215,-0.21411366684335967,-0.21411366684335967,29.51348290107451,522.2768852638046,24.97008813882225,377.6712480161412,54.776682469765085,0.0010120962578913184,5.060481289456592,322.42705098312484,0.3709496906577391,NONE,NONE,0.0,1.0,False
0.79,0.79,AEROTWIN-4-001,IDLE,0.15,1102.4977188734283,579.8000117728415,23.5333302993797,30.372132521745836,18.31888379105211,2.299311885963448,9.75393684473028,-0.21379730071420913,31.826130320635762,-0.21379730071420913,-1.0264031974615073,29.553900255902313,521.9154662281022,24.96974169370509,377.32202445430465,54.72603178280344,0.0010104295902864848,5.052147951432424,322.42705098312484,0.18443724977438514,NONE,NONE,0.0,1.0,False
0.8,0.8,AEROTWIN-4-001,IDLE,0.15,1109.0841275215794,645.9498749052472,23.556320594588914,34.57824277297713,18.474634935120704,2.3090658228081784,13.794542015048243,-0.21400616461047128,36.54951101932482,-0.21400616461047128,-1.5432559171267517,29.59415456328152,521.565078594774,24.969397104458476,377.5524330643985,54.75944978679423,0.0010115287019847466,5.057643509923734,322.42705098312484,0.25776732653143997,NONE,NONE,0.0,1.0,False
0.81,0.81,AEROTWIN-4-001,IDLE,0.15,1099.2549667123594,712.494922556542,23.58870412823282,0.43274625638453523,18.69603215102709,2.322860364823226,-20.586146259465778,-0.2143003648784562,1.0712767781300365,-0.2143003648784562,-0.20992979198858894,29.634367837491144,521.2262733988425,24.969055093696777,377.87795736525385,54.80666318034169,0.0010130849228550546,5.0654246142752735,322.42705098312484,0.47029131502575683,NONE,NONE,0.0,1.0,False
0.8200000000000001,0.8200000000000001,AEROTWIN-4-001,IDLE,0.15,1109.8121424331312,58.45022055928348,23.540320685481806,42.77928803416323,18.366116690910594,2.3022742185637606,22.110897124688876,-0.21386080747931918,-0.21386080747931918,-1.3668687158864903,44.57387836500836,29.673499665379452,520.8917258353196,24.96870961297369,377.39202164579126,54.73618403546227,0.0010107632854868642,5.053816427434321,322.42705098312484,0.4014781916448856,NONE,NONE,0.0,1.0,False
0.8300000000000001,0.8300000000000001,AEROTWIN-4-001,IDLE,0.15,1110.2818349778058,125.03894910527136,23.59227418502454,22.02869164619341,18.720584765307834,2.3243851156884494,0.9837217651971253,-0.21433279838853556,-0.21433279838853556,-1.3161565391510393,23.77351378212152,29.712849108210253,520.5700664647651,24.968368171944622,377.9139147475969,54.81187836716196,0.0010132570648479907,5.066285324239954,322.42705098312484,0.09244452697842663,NONE,NONE,0.0,1.0,False
0.84,0.84,AEROTWIN-4-001,IDLE,0.15,1102.7732965793834,191.6558592039397,23.594576482533768,5.335956687311097,18.73643389764482,2.3253688374536465,-15.72584604778737,-0.32479867244744726,-0.21435371446741822,6.089462788693382,-0.21435371446741822,29.75177660785982,520.2566498752793,24.968027054185743,377.9371108270253,54.8152426801301,0.0010133681389987805,5.066840694993903,322.42705098312484,0.38462044747453983,NONE,NONE,0.0,1.0,False
0.85,0.85,AEROTWIN-4-001,IDLE,0.15,1114.817886947721,257.8222569987027,23.55767859981751,46.01964591013916,18.483871840954464,2.3096429914058594,25.226131077778838,-1.5690197895507831,-0.2140185019145645,48.01670270351908,-0.2140185019145645,29.789790317256287,519.9478507555028,24.96768331076718,377.56606089976316,54.76142634077985,0.0010115937727239012,5.057968863619506,322.42705098312484,0.45797555785285615,NONE,NONE,0.0,1.0,False
0.86,0.86,AEROTWIN-4-001,IDLE,0.15,1109.6259534834187,324.71133021556597,23.616770864937834,10.350750986174003,18.889841883276837,2.334869122483638,-10.873960019586473,-0.9296086032494238,-0.2145553475974786,11.709470284618384,-0.2145553475974786,29.828116501662613,519.6519335810215,24.96734418011146,378.1610259309303,54.84771887897027,0.0010144413796984455,5.072206898492228,322.42705098312484,0.2973735387484721,NONE,NONE,0.0,1.0,False
0.87,0.87,AEROTWIN-4-001,IDLE,0.15,1110.457486810972,391.2888874245711,23.591361325118296,22.77985842118512,18.71430393001663,2.3239951624640516,1.7415593287044397,24.043333601163457,-0.8348261696326281,-0.21432450517285373,-0.21432450517285373,29.865680905891914,519.3611892215603,24.96700326614526,377.9047191388154,54.810544654455505,0.0010132130373158973,5.066065186579487,322.42705098312484,0.07927807334916509,NONE,NONE,0.0,1.0,False
0.88,0.88,AEROTWIN-4-001,IDLE,0.15,1119.1611988711697,457.91633663322943,23.595437277328237,39.29711138467681,18.74236275136527,2.3257367217927563,18.229011911518782,41.31822484912159,-1.5923903950883571,-0.214361534678208,-0.214361534678208,29.9028655067342,519.0780698425117,24.96666280977097,377.9457850056578,54.816500765650595,0.0010134096803324888,5.067048401662444,322.42705098312484,0.3398786743889821,NONE,NONE,0.0,1.0,False
0.89,0.89,AEROTWIN-4-001,IDLE,0.15,1110.005179964604,525.0660085654996,23.637954190564674,2.2049622034756546,19.037317625102077,2.343965733704275,-19.176321155330697,3.0495213601890607,-0.415063565901759,-0.21474779540582334,-0.21474779540582334,29.940155980451436,518.8057586102508,24.966325751970047,378.37525601421606,54.87879038178987,0.0010154699347016028,5.077349673508014,322.42705098312484,0.4404143612727364,NONE,NONE,0.0,1.0,False
0.9,0.9,AEROTWIN-4-001,IDLE,0.15,1118.7080231376826,591.6663193633758,23.59322049354571,39.27907927214515,18.72709774100434,2.3247894125489443,18.227192118591862,-0.21434139548061285,40.968751631199495,-0.21434139548061285,-1.2609895680931225,29.9764584253442,518.5363311506936,24.96598542345693,377.92344827237264,54.813261090528385,0.0010133027135996084,5.066513567998042,322.42705098312484,0.3395896082117952,NONE,NONE,0.0,1.0,False
0.91,0.91,AEROTWIN-4-001,IDLE,0.15,1121.0391736314125,658.7888007516368,23.63574705735225,26.24727017745325,19.02190339577609,2.343016604667536,4.882350177009624,-0.21472774388242527,28.08813246032225,-0.21472774388242527,-1.4114067951041491,30.012871499391874,518.2773691675567,24.965648493444004,378.3529112952014,54.87554954843342,0.0010153625748520485,5.076812874260242,322.42705098312484,0.11102623796135058,NONE,NONE,0.0,1.0,False
0.92,0.92,AEROTWIN-4-001,IDLE,0.15,1111.615539708167,6.051151169521518,23.64709290202144,1.7123474442375846,19.10126122498478,2.3478989548445455,-19.73681273559174,-0.2148308194324531,-0.2148308194324531,-0.16985000521532503,2.311859088317816,30.049005044474434,518.0258802984955,24.96531258754022,378.4678339688877,54.89221770317953,0.0010159149405379868,5.079574702689935,322.42705098312484,0.44924656178243627,NONE,NONE,0.0,1.0,False
0.93,0.93,AEROTWIN-4-001,IDLE,0.15,1123.6379749757837,72.74808355201154,23.60110967780207,46.28936618166881,18.781474496224504,2.328162142108954,25.179729543335352,-0.21441306771218355,-0.21441306771218355,-1.5357497188371347,48.253942035930315,30.084155138975454,517.776639950908,24.9649733008259,378.00296602959867,54.82479418700093,0.0010136835946918557,5.068417973459279,322.42705098312484,0.46217537585588037,NONE,NONE,0.0,1.0,False
0.9400000000000001,0.9400000000000001,AEROTWIN-4-001,IDLE,0.15,1119.4603106431427,140.16636205055858,23.659718828011325,12.793587402207358,19.18992524828113,2.3533418716522894,-8.749679717726064,-0.21494552435782127,-0.21494552435782127,-1.0326423246944014,14.256120775617402,30.11962000800539,517.5387830842678,24.96463867199031,378.5958951551103,54.910791441506895,0.0010165310271813075,5.082655135906538,322.42705098312484,0.2556172464675818,NONE,NONE,0.0,1.0,False
0.9500000000000001,0.9500000000000001,AEROTWIN-4-001,IDLE,0.15,1118.3643241006403,207.33398068914713,23.639410578611116,19.096658318583575,19.047494973555,2.344592191934563,-2.2954288469059883,-0.7395991081492553,-0.21476102650525383,20.26577947974334,-0.21476102650525383,30.154425080130956,517.3050822117225,24.96430261667767,378.39000331583964,54.88092930092275,0.001015540801251016,5.07770400625508,322.42705098312484,0.1448433652089135,NONE,NONE,0.0,1.0,False
0.96,0.96,AEROTWIN-4-001,IDLE,0.15,1127.800882512992,274.4358401351856,23.634072633157043,41.116395533239974,19.010217047875223,2.342296763087657,19.763881722277095,-1.60552031249481,-0.21471253195242504,43.15134090963963,-0.21471253195242504,30.188763218366844,517.0767541524725,24.96396629725062,378.33596333243355,54.8730914498095,0.0010152811571058646,5.076405785529323,322.42705098312484,0.3712558192586482,NONE,NONE,0.0,1.0,False
0.97,0.97,AEROTWIN-4-001,IDLE,0.15,1118.9264783722306,342.10389308596507,23.679894120041318,3.1079322227595165,19.332380147018128,2.362060644809934,-18.586508569068545,-0.49580516081108433,-0.2151288143096581,4.033995012189917,-0.2151288143096581,30.223262232409123,516.8581785340234,24.96363368917301,378.80090748636104,54.940526020006835,0.001017518567677506,5.08759283838753,322.42705098312484,0.42558404541382433,NONE,NONE,0.0,1.0,False
0.98,0.98,AEROTWIN-4-001,IDLE,0.15,1126.761406870928,409.2394817882989,23.63681110544876,37.782243120864905,19.029333109351505,2.3434741362408658,16.409435875272536,39.43160650196898,-1.2198885598570464,-0.21473741062350993,-0.21473741062350993,30.25683881840363,516.6412639899752,24.963297875055442,378.36368288526904,54.87711183831365,0.0010154143269010057,5.077071634505028,322.42705098312484,0.31287562921675166,NONE,NONE,0.0,1.0,False
0.99,0.99,AEROTWIN-4-001,IDLE,0.15,1129.6000400614964,476.8451662005546,23.67486208595618,27.60186291614816,19.29675989221466,2.3598835721161384,5.945219451817363,29.47130624944923,-1.4392771354559672,-0.21508309892255317,-0.21508309892255317,30.290485843199484,516.4331301360277,24.962965168301924,378.74973022234764,54.93310337198886,0.0010172719037563013,5.0863595187815065,322.42705098312484,0.1342685300550587,NONE,NONE,0.0,1.0,False
1.0,1.0,AEROTWIN-4-001,IDLE,0.15,1119.68223144914,544.6211686042444,23.688594719648314,0.9881294504318436,19.39411044305621,2.3658287915679557,-20.77180978419232,-0.2152078581460768,1.5485853606800501,-0.2152078581460768,-0.13004019395605287,30.323907779782395,516.2314161855105,24.962633687387044,378.8894644378927,54.95337014314308,0.0010179456199648335,5.089728099824168,322.42705098312484,0.4628825860950466,NONE,NONE,0.0,1.0,False
1.01,1.01,AEROTWIN-4-001,IDLE,0.15,1131.5815514743326,611.8021024911928,23.64049091665077,46.321982203027716,19.055047638671258,2.345056981783763,24.921877582572694,-0.21477084123839185,48.281739570987924,-0.21477084123839185,-1.5302156854834277,30.356365943702126,516.0304945943509,24.962298597496794,378.4009443119677,54.88251616111917,0.001015593382187896,5.07796691093948,322.42705098312484,0.4622773828106527,NONE,NONE,0.0,1.0,False
1.02,1.02,AEROTWIN-4-001,IDLE,0.15,1127.4009713119065,679.6969955796528,23.698163960348364,13.076403527685741,19.46221128566724,2.369978859366336,-8.755786617347836,-0.2152947934759059,14.551436228834044,-0.2152947934759059,-1.0444431141964914,30.38913598473395,515.8396957515525,24.961968167328077,378.9869644555952,54.96751135071062,0.0010184161295237555,5.092080647618778,322.42705098312484,0.25156011542021295,NONE,NONE,0.0,1.0,False
1.03,1.03,AEROTWIN-4-001,IDLE,0.15,1126.1856323447953,27.341053858367218,23.677958626873572,19.134495385796225,19.318672293512734,2.361223072748988,-2.545399980465497,-0.21511123060137924,-0.21511123060137924,-0.7409820720243215,20.305699919023304,30.421283557242106,515.6518752026117,24.961636291613946,378.78121948292994,54.93767051136519,0.0010174236642097718,5.087118321048859,322.42705098312484,0.14507427549577231,NONE,NONE,0.0,1.0,False
1.04,1.04,AEROTWIN-4-001,IDLE,0.15,1135.409178153918,94.91219179905492,23.672073158991118,40.95347050341257,19.277043661317986,2.358677672768523,19.31774916932606,-0.21505776187720368,-0.21505776187720368,-1.6070090684846987,42.99059509565168,30.452988128297527,515.468229307837,24.9613041010406,378.7213786308635,54.92899131386318,0.0010171352961098822,5.085676480549411,322.42705098312484,0.3679545851008429,NONE,NONE,0.0,1.0,False
1.05,1.05,AEROTWIN-4-001,IDLE,0.15,1126.2637815667556,163.03674248829,23.716609371507115,2.8180192160562303,19.59409761571428,2.377995421937849,-19.154073821595897,-0.21546236768092225,-0.21546236768092225,-0.4714721480582545,3.720416099476329,30.484851027603874,515.2931275086356,24.960975576980196,379.1752057346631,54.99481348934407,0.0010193255108696254,5.096627554348127,322.42705098312484,0.43151088692654743,NONE,NONE,0.0,1.0,False
1.06,1.06,AEROTWIN-4-001,IDLE,0.15,1134.4318030343666,230.61256938229536,23.672451765449644,38.74562463796766,19.279719131844754,2.3588413481162527,17.10706415800665,-1.2466121475226344,-0.21506120146853377,40.422359188427365,-0.21506120146853377,30.51582219317516,515.118483798734,24.960643708171723,378.72522693015463,54.92954946349577,0.0010171538368052286,5.085769184026143,322.42705098312484,0.32931281227725767,NONE,NONE,0.0,1.0,False
1.07,1.07,AEROTWIN-4-001,IDLE,0.15,1136.5660985926754,298.67847756435737,23.71190429288312,26.40638499889328,19.56037842223741,2.3759484122742593,4.470058164381611,-1.4174500633319724,-0.21541962264243167,28.25467430751012,-0.21541962264243167,30.546895568190873,514.9517067622089,24.96031510330771,379.1271508668113,54.98784370742057,0.0010190932386092912,5.095466193046456,322.42705098312484,0.11291180642541215,NONE,NONE,0.0,1.0,False
1.08,1.08,AEROTWIN-4-001,IDLE,0.15,1127.0952734843415,366.8724434799179,23.722174426469646,2.17881735503649,19.63404860711485,2.380418470438641,-19.835649722517,2.80325424060628,-0.1934110345805199,-0.21551292549463494,-0.21551292549463494,30.577726536357577,514.7900138496934,24.95998746371136,379.2320776650026,55.003062080376644,0.0010196005084145271,5.098002542072636,322.42705098312484,0.4428264936048171,NONE,NONE,0.0,1.0,False
1.09,1.09,AEROTWIN-4-001,IDLE,0.15,1138.9291027364193,434.49815988897836,23.676478727940967,46.45349394206459,19.30819709323922,2.360582820716124,24.784714028109246,48.438236494194335,-1.5545469803126526,-0.2150977859085501,-0.2150977859085501,30.607666113080057,514.6283043349443,24.95965634803616,378.7661687502956,54.93548758320537,0.001017351123656443,5.086755618282215,322.42705098312484,0.4641529959064786,NONE,NONE,0.0,1.0,False
1.1,1.1,AEROTWIN-4-001,IDLE,0.15,1133.8109915257562,502.8339060531635,23.73352635695001,11.381795207315825,19.71577472568782,2.385367534744233,-10.719347053116227,12.789974472046143,-0.9769471520633575,-0.21561605633348016,-0.21561605633348016,30.63791870733833,514.4757091991721,24.9593299114034,379.34820233919714,55.01990457087248,0.0010201623793322533,5.100811896661267,322.42705098312484,0.2820388808458633,NONE,NONE,0.0,1.0,False
1.11,1.11,AEROTWIN-4-001,IDLE,0.15,1134.0872381950592,570.8625655447089,23.708913960120974,22.49219352196224,19.538975663030804,2.374648187691117,0.5785696712403179,-0.21539245585113392,23.75166944182152,-0.21539245585113392,-0.8286910081570116,30.667531978711978,514.324735465561,24.95900165280684,379.09662295882873,54.983416000702604,0.001018945726095934,5.094728630479671,322.42705098312484,0.08703375906987523,NONE,NONE,0.0,1.0,False
1.12,1.12,AEROTWIN-4-001,IDLE,0.15,1142.2181929447136,638.9077998364124,23.710244756423627,38.95315650872357,19.548497945904188,2.375226757362357,17.02943180545703,-0.21540454596560937,40.98001440822715,-0.21540454596560937,-1.5960488075723587,30.696814938102126,514.1776544667199,24.958673646126076,379.11020757992975,54.98538628697785,0.0010190113635463753,5.0950568177318765,322.42705098312484,0.3324997784877417,NONE,NONE,0.0,1.0,False
1.1300000000000001,1.1300000000000001,AEROTWIN-4-001,IDLE,0.15,1132.3569446693157,707.4408914130953,23.7492944483005,1.5687188202205378,19.82981272252958,2.392256189167814,-20.653350091476856,-0.21575930742991503,2.3521085297589464,-0.21575930742991503,-0.35187109467857847,30.72620520282545,514.0377351877424,24.95834891868692,379.5097573179565,55.04333618188177,0.0010209448757923388,5.104724378961694,322.42705098312484,0.45413553145418156,NONE,NONE,0.0,1.0,False
1.1400000000000001,1.1400000000000001,AEROTWIN-4-001,IDLE,0.15,1141.7764034705115,55.38230809325421,23.70190476908116,41.58856381067684,19.48889259118128,2.3716028390763375,19.72806838041922,-0.21532877824556607,-0.21532877824556607,-1.3290538828617817,43.34827525002975,30.754708358184413,513.8970876414786,24.958020538636347,379.02510828169767,54.97304365496087,0.0010186002958294939,5.093001479147469,322.42705098312484,0.3787173362908733,NONE,NONE,0.0,1.0,False
1.1500000000000001,1.1500000000000001,AEROTWIN-4-001,IDLE,0.15,1142.126076176643,123.8888923014849,23.74717870167664,22.93815976915844,19.814476058539313,2.3913309074567564,0.7323528031623696,-0.21574008614200454,-0.21574008614200454,-1.3431768450999042,24.712816786542355,30.783394676683834,513.7639931947862,24.957695932393932,379.4880627232055,55.040189641248276,0.0010208397426441818,5.104198713220909,322.42705098312484,0.08012093363158346,NONE,NONE,0.0,1.0,False
1.16,1.16,AEROTWIN-4-001,IDLE,0.15,1134.3553927517078,192.41645687208347,23.74885335438466,5.943796364188198,19.826614411360605,2.3920632602599188,-16.274881307432324,-0.3479310606063334,-0.21575530014801453,6.72323802509056,-0.21575530014801453,30.811763402111037,513.6343759689922,24.957371606717135,379.5052339535904,55.042680122160846,0.0010209229539312604,5.104614769656302,322.42705098312484,0.3775613786412869,NONE,NONE,0.0,1.0,False
1.17,1.17,AEROTWIN-4-001,IDLE,0.15,1145.8206190789977,260.4777804371859,23.711536312210857,45.9462457573828,19.557743510725093,2.3757883789524863,24.01271386770522,-1.5933612820199519,-0.21541627958501294,47.970439598572774,-0.21541627958501294,30.839377281200765,513.5046688809467,24.95704442795196,379.1233936327989,54.98729876571389,0.001019075081624235,5.095375408121176,322.42705098312484,0.45486368660150744,NONE,NONE,0.0,1.0,False
1.18,1.18,AEROTWIN-4-001,IDLE,0.15,1139.0644330754944,329.2270175819258,23.766520915316708,8.204770129100703,19.955091912874916,2.3998010928201916,-14.150122876594406,-0.8285301161080185,-0.2159158076830477,9.465131860574818,-0.2159158076830477,30.86728904967314,513.3831181385283,24.956721827847186,379.68659615152524,55.06898453262492,0.001021802477808765,5.1090123890438255,322.42705098312484,0.33840702518049326,NONE,NONE,0.0,1.0,False
1.19,1.19,AEROTWIN-4-001,IDLE,0.15,1142.2059839220408,397.57088356645545,23.734175891092676,28.685760033980493,19.720460357111143,2.385650969943597,6.579648706925752,30.103057920466156,-0.9860539719492107,-0.21562195726822495,-0.21562195726822495,30.894507889156607,513.2617106563831,24.95639675320359,379.3548513932562,55.02086893637509,0.001020194565637656,5.100972828188279,322.42705098312484,0.1525400831049972,NONE,NONE,0.0,1.0,False
1.2,1.2,AEROTWIN-4-001,IDLE,0.15,1148.195129039613,466.1032426017779,23.74923598807366,34.765255628599256,19.82938880818341,2.392230618650523,12.543636201765324,36.75147179193722,-1.5546986106855294,-0.2157587763262192,-0.2157587763262192,30.9215764431989,513.1446847402258,24.95607303972665,379.50915780200626,55.04324922928738,0.0010209419702786595,5.104709851393298,322.42705098312484,0.25875546015459366,NONE,NONE,0.0,1.0,False
1.21,1.21,AEROTWIN-4-001,IDLE,0.15,1137.4859178562767,534.9949503441546,23.777850576515256,0.01333918819167279,20.03788438621331,2.4047742548522884,-22.429319452873926,0.5867234552604211,-0.14134679465212582,-0.21601873620831127,-0.21601873620831127,30.94864795623142,513.0331512484514,24.95575180064628,379.80309722489517,55.085881615304345,0.001022368077952722,5.11184038976361,322.42705098312484,0.4820220356754622,NONE,NONE,0.0,1.0,False
1.22,1.22,AEROTWIN-4-001,IDLE,0.15,1148.4051226566241,603.2441054155313,23.726595601692818,44.91731500186403,19.665841010588526,2.3823449353994146,22.869129055876094,-0.21555309130698166,46.791979104121076,-0.21555309130698166,-1.4435579196430826,30.97482983862516,512.9198164320356,24.955426549059894,379.27728590668295,55.00961899333348,0.0010198191911454113,5.099095955727057,322.42705098312484,0.436680947217135,NONE,NONE,0.0,1.0,False
1.23,1.23,AEROTWIN-4-001,IDLE,0.15,1146.0942849349979,672.1484127749287,23.778851576395553,17.61062137898822,20.04521452113251,2.4052140644552904,-4.8398072065995805,-0.21602783016440252,19.243914518164836,-0.21602783016440252,-1.20123747884781,31.001284637844975,512.8139946452304,24.95510568248693,379.8133978647724,55.087375599510864,0.0010224181098538833,5.112090549269417,322.42705098312484,0.17409302019843212,NONE,NONE,0.0,1.0,False
1.24,1.24,AEROTWIN-4-001,IDLE,0.15,1141.7077882870822,20.914069871028573,23.767827689618727,13.177942293087648,19.964625131897538,2.400374257248691,-9.187057096058581,-0.21592767956071485,-0.21592767956071485,-0.5780935628800642,14.187891215089142,31.02730511955315,512.7098280440719,24.954784058731345,379.70002553606815,55.07093230370025,0.001021867651198991,5.109338255994955,322.42705098312484,0.25140706109187344,NONE,NONE,0.0,1.0,False
1.25,1.25,AEROTWIN-4-001,IDLE,0.15,1151.8678685976201,89.41653716825351,23.746850039196786,43.4825042661571,19.812094623692165,2.391187200152632,21.279222442312303,-0.21573710028534318,-0.21573710028534318,-1.6179443576424262,45.53192282437021,31.05278835501688,512.6063856808074,24.95446087340631,379.4846931428453,55.03970092405199,0.0010208234150020554,5.104117075010278,322.42705098312484,0.411335132733055,NONE,NONE,0.0,1.0,False
1.26,1.26,AEROTWIN-4-001,IDLE,0.15,1143.164175960049,158.52860928411073,23.795335406992514,4.349775231843166,20.166280042112994,2.4124664225949446,-18.228971232864772,-0.21617758366049625,-0.21617758366049625,-0.5934668065679436,5.3755972057321015,31.078505978776647,512.5098836967577,24.95414179617544,379.98319876311507,55.11200318220468,0.0010232434076590435,5.1162170382952175,322.42705098312484,0.40654382861663546,NONE,NONE,0.0,1.0,False
1.27,1.27,AEROTWIN-4-001,IDLE,0.15,1149.9552924204368,227.11845984171367,23.753822482171387,36.48019085897407,19.86267235319409,2.3942374513620797,14.2232810544179,-1.1859780267484972,-0.2158004440394311,38.09776977380143,-0.2158004440394311,31.103464282755915,512.4120641083216,24.953819463961015,379.5562052901787,55.050072902876934,0.0010211700221104162,5.1058501105520815,322.42705098312484,0.2887133772046398,NONE,NONE,0.0,1.0,False
1.28,1.28,AEROTWIN-4-001,IDLE,0.15,1152.6852805459714,296.11577738693984,23.786236131492775,28.22550143221518,20.099366940087013,2.4084607324164975,5.717673759711669,-1.4552475683193309,-0.21609491790450036,30.112938836343506,-0.21609491790450036,31.128483030994275,512.3196004880795,24.95349992621648,379.889425386559,55.09840247921575,0.001022787505479338,5.11393752739669,322.42705098312484,0.14387976122671278,NONE,NONE,0.0,1.0,False
1.29,1.29,AEROTWIN-4-001,IDLE,0.15,1142.518254511983,365.27689421969814,23.79922039262353,1.3153206854634332,20.194911810776595,2.4141784061762093,-21.29376953148937,1.8968831105601924,-0.14913666857902697,-0.21621287825886623,-0.21621287825886623,31.153348384282197,512.2306184532544,24.95318160286921,380.0232668705411,55.11781458036954,0.0010234383042721676,5.117191521360838,322.42705098312484,0.4597378369894324,NONE,NONE,0.0,1.0,False
1.3,1.3,AEROTWIN-4-001,IDLE,0.15,1154.1540496658174,433.8279894904171,23.75073106207372,46.60306972335164,19.840232704066004,2.3928846366447196,24.369952382640914,48.58887106548328,-1.554256624366449,-0.21577235888259835,-0.21577235888259835,31.17739409110453,512.1395036724281,24.952859449278208,379.5244912391633,55.045473160345765,0.0010210162868181207,5.105081434090604,322.42705098312484,0.46589977916697306,NONE,NONE,0.0,1.0,False
1.31,1.31,AEROTWIN-4-001,IDLE,0.15,1148.7222204961104,503.07723247036614,23.806195219929155,11.2872681063783,20.24640992742234,2.417254589027361,-11.376396410071404,12.694260693771938,-0.9744401000450433,-0.21627624367429701,-0.21627624367429701,31.201756786128133,512.0556535304742,24.952541992206076,380.0952490947701,55.12825473820727,0.0010237885791658805,5.118942895829402,322.42705098312484,0.28539230494052775,NONE,NONE,0.0,1.0,False
1.32,1.32,AEROTWIN-4-001,IDLE,0.15,1149.2808403645963,572.0005657001327,23.780362827148668,23.632134735544085,20.056285826270127,2.4058781926172896,1.1699707166566684,-0.21604155968451755,24.922865804474696,-0.21604155968451755,-0.8586479495615773,31.225551874106607,511.97157171528204,24.952222546273077,379.8289514839209,55.08963146532492,0.0010224936635380817,5.112468317690408,322.42705098312484,0.06875190270342528,NONE,NONE,0.0,1.0,False
1.33,1.33,AEROTWIN-4-001,IDLE,0.15,1156.6518447607953,640.9574161220085,23.783024280714017,37.92064085246319,20.07579718201131,2.4070481633339464,15.43779550711793,-0.21606573865030812,39.94372171875041,-0.21606573865030812,-1.5909493889866089,31.249094861892253,511.8898313539848,24.951903462770556,379.85634964723516,55.093605240135695,0.0010226267746632975,5.113133873316488,322.42705098312484,0.31358192000596746,NONE,NONE,0.0,1.0,False
1.34,1.34,AEROTWIN-4-001,IDLE,0.15,1146.204210151641,710.3565268076561,23.8180391714623,0.8751496368442269,20.334138435010015,2.4224859588410643,-21.881474757006853,-0.21638384446157882,1.5797768328269834,-0.21638384446157882,-0.27185950705959894,31.272736252947226,511.8132935036041,24.951587421963275,380.21762032517927,55.14600321672335,0.001024384476788865,5.121922383944326,322.42705098312484,0.46788232387608414,NONE,NONE,0.0,1.0,False
1.35,1.35,AEROTWIN-4-001,IDLE,0.15,1156.2878333339424,59.12877941675458,23.768352516146884,43.48815053687525,19.96845504540054,2.4006044840840577,21.119091007390658,-0.21593244754270616,-0.21593244754270616,-1.3900479865081325,45.3100634184688,31.29556650106831,511.7341915417933,24.951267419806133,379.70541962730306,55.071714651904784,0.0010218938307815944,5.109469153907972,322.42705098312484,0.411183617501963,NONE,NONE,0.0,1.0,False
1.36,1.36,AEROTWIN-4-001,IDLE,0.15,1154.9588880746828,128.50604941679114,23.81631448523412,19.959728814692124,20.32134168194259,2.4217235750914483,-2.7833364423419162,-0.21636817590742724,-0.21636817590742724,-1.2698795796286815,21.66234474613566,31.31863822099422,511.66138868182014,24.950951522894467,380.1997900786684,55.14341715342991,0.0010242976176804356,5.121488088402178,322.42705098312484,0.13386169682855967,NONE,NONE,0.0,1.0,False
1.37,1.37,AEROTWIN-4-001,IDLE,0.15,1149.0926400002293,197.8035827012721,23.810013975198633,10.407356059900097,20.274657057809833,2.4189402386491063,-12.286241236558842,-0.49603587007395583,-0.21631093657828962,11.336013803130633,-0.21631093657828962,31.341369206368615,511.5898363453781,24.950635244333924,380.1346852758746,55.133974483042294,0.0010239805590065772,5.119902795032886,322.42705098312484,0.3008803506582473,NONE,NONE,0.0,1.0,False
1.3800000000000001,1.3800000000000001,AEROTWIN-4-001,IDLE,0.15,1159.6064993490543,266.7491411012859,23.782127753590736,44.4960522250448,20.06922270020212,2.4066539974125476,22.020175527430133,-1.617824387876974,-0.21605759381587392,46.54599180055352,-0.21605759381587392,31.36353615883694,511.51755871102944,24.950316800904275,379.8471194383173,55.092266509094664,0.0010225819276533808,5.112909638266904,322.42705098312484,0.4286620116623159,NONE,NONE,0.0,1.0,False
1.3900000000000001,1.3900000000000001,AEROTWIN-4-001,IDLE,0.15,1151.1646198770084,336.3255310622292,23.83202103589505,5.186200947422558,20.438157795729197,2.4286741729399774,-17.680631021246615,-0.6520328439241111,-0.21651086791455576,6.27125552717578,-0.21651086791455576,31.38596855272255,511.45159395726046,24.950002647071454,380.3623056679769,55.166988089472035,0.0010250897210288244,5.125448605144123,322.42705098312484,0.3927674095074429,NONE,NONE,0.0,1.0,False
1.4000000000000001,1.4000000000000001,AEROTWIN-4-001,IDLE,0.15,1157.2300845633151,405.3954082548497,23.79199112933019,35.256136436695904,20.141663362037313,2.410993541918731,12.703479532739859,36.84260789234846,-1.1541770530025983,-0.2161472013249769,-0.2161472013249769,31.40771255020287,511.3836603739905,24.94968530215519,379.94872218687823,55.10700276854045,0.001023075754853011,5.115378774265055,322.42705098312484,0.26684923653673565,NONE,NONE,0.0,1.0,False
1.41,1.41,AEROTWIN-4-001,IDLE,0.15,1160.2661488832346,474.8292133286486,23.820777911075936,29.136889891103188,20.354474627461812,2.4236970214514706,6.358718242189905,31.042742287164145,-1.4730349449384632,-0.21640872556124918,-0.21640872556124918,31.42950138821224,511.3200246151679,24.949370493170512,380.24594173941506,55.15011089800128,0.0010245224662789568,5.122612331394784,322.42705098312484,0.15943010008253916,NONE,NONE,0.0,1.0,False
1.42,1.42,AEROTWIN-4-001,IDLE,0.15,1149.7714166292164,544.4451822616427,23.835138391551983,0.9113570675830743,20.46141716163273,2.4300557396936604,-21.980115833743316,-0.21653918869263267,1.470307389700823,-0.21653918869263267,-0.12587194473248328,31.451182543317593,511.25928092073866,24.949057029952293,380.3945977185504,55.17167166390311,0.0010252472244352696,5.126236122176349,322.42705098312484,0.46765046953163136,NONE,NONE,0.0,1.0,False
1.43,1.43,AEROTWIN-4-001,IDLE,0.15,1161.310012193459,613.4314672593957,23.785360644016993,46.66739341054634,20.092939748441164,2.4080756238599172,24.166378038245256,-0.216086964212577,48.652929007412446,-0.216086964212577,-1.553361668440953,31.47208735425219,511.1955580762756,24.948739562951914,379.88040833609585,55.09709466425067,0.0010227436834450113,5.113718417225057,322.42705098312484,0.4666230139509682,NONE,NONE,0.0,1.0,False
1.44,1.44,AEROTWIN-4-001,IDLE,0.15,1155.7501237925815,683.1100679910032,23.840068319788156,11.285889970086384,20.49825100483862,2.4322420018981625,-11.6446030366504,-0.21658397646113797,12.69414014928978,-0.21658397646113797,-0.9750822262811192,31.493313669730046,511.13837341530876,24.948426800563503,380.4456908170614,55.179082104724955,0.001025496504704763,5.127482523523816,322.42705098312484,0.2862120918677905,NONE,NONE,0.0,1.0,False
1.45,1.45,AEROTWIN-4-001,IDLE,0.15,1156.403860510494,32.45507541855818,23.81376596235371,24.09222635306643,20.30244597395479,2.420597398861512,1.369182980250128,-0.21634502290248875,-0.21634502290248875,-0.8707424550201589,25.395658853891565,31.514014119530653,511.08023556155143,24.948111975145874,380.1734495829938,55.139596780618255,0.001024169322010551,5.120846610052754,322.42705098312484,0.0712292815147775,NONE,NONE,0.0,1.0,False
1.46,1.46,AEROTWIN-4-001,IDLE,0.15,1163.4295052610503,101.83930704918782,23.81686427275887,37.46186269669052,20.325420158129408,2.4219665818417626,14.714475956719347,-0.21637317065688522,-0.21637317065688522,-1.5882767647997664,39.482885802804056,31.53450117375547,511.02383132701715,24.947797550729195,380.20547351981844,55.144241468367426,0.0010243253030389895,5.121626515194947,322.42705098312484,0.3051622057486435,NONE,NONE,0.0,1.0,False
1.47,1.47,AEROTWIN-4-001,IDLE,0.15,1152.7315275080446,171.64507736485083,23.850066379756313,0.6040303572006755,20.573141510808565,2.436681057798482,-22.40579221140637,-0.21667480755926044,-0.21667480755926044,-0.2361289686533787,1.273508940972575,31.555088441276357,510.9718481889536,24.94748605983945,380.5494036140233,55.19412440137071,0.0010260027971241781,5.130013985620891,322.42705098312484,0.47337993505242126,NONE,NONE,0.0,1.0,False
1.48,1.48,AEROTWIN-4-001,IDLE,0.15,1163.0489969518617,240.8089690153335,23.799440124198412,44.21966506386752,20.19653232605851,2.4142752655870754,21.60885747222193,-1.4156643538290095,-0.2162148744921657,46.06775916668086,-0.2162148744921657,31.574910176502584,510.91657978173316,24.947170466368654,380.0255336460405,55.118143348954426,0.0010234493318815054,5.117246659407527,322.42705098312484,0.42362483409128315,NONE,NONE,0.0,1.0,False
1.49,1.49,AEROTWIN-4-001,IDLE,0.15,1160.9717701505128,310.5919088324452,23.848272614995043,18.64503699602403,20.559686512269234,2.435884123059297,-4.350533639304503,-1.233918754913046,-0.21665851143545659,20.31227277380799,-0.21665851143545659,31.59499737977619,510.86711485731206,24.946859108742185,380.5307870500093,55.19142429215925,0.0010259118890982189,5.129559445491094,322.42705098312484,0.15762008826232823,NONE,NONE,0.0,1.0,False
1.5,1.5,AEROTWIN-4-001,IDLE,0.15,1156.050112105217,380.25021504147594,23.838471300635824,12.609949225493803,20.48631214179514,2.4315335894199928,-10.307896505721327,13.605281781587637,-0.5621936206016994,-0.2165694677460682,-0.2165694677460682,31.61474472792131,510.8179963159438,24.946547064999145,380.4291361749087,55.17668105253641,0.0010254157254530243,5.127078627265122,322.42705098312484,0.26300348877726804,NONE,NONE,0.0,1.0,False
1.51,1.51,AEROTWIN-4-001,IDLE,0.15,1165.9801337401595,449.61322176778896,23.815187909769485,43.53160118293352,20.312986811137694,2.4212256929142715,20.797388678881553,45.58696465080242,-1.622647585642522,-0.21635794111318749,-0.21635794111318749,31.63402021821217,510.76799645609026,24.94623320792676,380.18814525553364,55.14172821157209,0.0010242408966338924,5.121204483169462,322.42705098312484,0.41140194895422966,NONE,NONE,0.0,1.0,False
1.52,1.52,AEROTWIN-4-001,IDLE,0.15,1156.852102549077,519.5720297921986,23.862077185531433,3.9877661335298806,20.663446873031837,2.442023081593153,-19.11770382109511,4.988813965797557,-0.5674799838756283,-0.21678392419602438,-0.21678392419602438,31.65354426334573,510.72350231629093,24.945923447269195,380.6741630041437,55.21221925379499,0.0010266123349070978,5.133061674535489,322.42705098312484,0.4144475006215788,NONE,NONE,0.0,1.0,False
1.53,1.53,AEROTWIN-4-001,IDLE,0.15,1164.0781777108168,588.9831559451432,23.818987793663702,37.89834198333626,20.341180177291367,2.4229053777720577,15.134256428272835,-0.21639246257314557,39.55566482126737,-0.21639246257314557,-1.2245379127848217,31.672398051166073,510.676208516619,24.945610190180314,380.2274290049902,55.14742584802577,0.0010244322640713798,5.122161320356899,322.42705098312484,0.31277612836627655,NONE,NONE,0.0,1.0,False
1.54,1.54,AEROTWIN-4-001,IDLE,0.15,1165.714925730319,658.8278466077921,23.853123127363382,26.46212576883042,20.59608909873328,2.4380396342003308,3.4279970358968073,-0.21670257772094356,28.319384589612913,-0.21670257772094356,-1.4238536653406064,31.691372941851334,510.6331939512939,24.94529995252115,380.58113743893045,55.1987270118676,0.001026157787271004,5.13078893635502,322.42705098312484,0.11225033810921439,NONE,NONE,0.0,1.0,False
1.55,1.55,AEROTWIN-4-001,IDLE,0.15,1156.2959414947136,8.77074215161133,23.86082940053493,3.3684411121721993,20.654047933506728,2.4414676312362276,-19.727074452570758,-0.2167725882286653,-0.2167725882286653,-0.24790305310073837,4.049889341730268,31.71019961981025,510.5919562135388,24.94499051062322,380.6611933773983,55.2103381650711,0.0010265489435838835,5.132744717919418,322.42705098312484,0.425256280206394,NONE,NONE,0.0,1.0,False
1.56,1.56,AEROTWIN-4-001,IDLE,0.15,1167.6335779183025,78.14849864129414,23.816352906790097,46.48885743400808,20.321626678944877,2.4217405567836567,23.745490198279548,-0.2163685249623571,-0.2163685249623571,-1.588171767751374,48.50976625168417,31.72835502260859,510.54771271169807,24.94467745469476,380.20018725014177,55.14347475838606,0.001024299552357401,5.121497761787005,322.42705098312484,0.46314050642203486,NONE,NONE,0.0,1.0,False
1.57,1.57,AEROTWIN-4-001,IDLE,0.15,1160.7370776056846,148.2065133163923,23.869850930112577,8.723582519314345,20.722092950732264,2.4454860469819364,-14.443996478399857,-0.21685454767288664,-0.21685454767288664,-0.8568885643498876,10.014180179010005,31.746831222196477,510.509434284442,24.944369065301526,380.75500907982257,55.22394500691931,0.0010270076176399465,5.135038088199733,322.42705098312484,0.3317540013393645,NONE,NONE,0.0,1.0,False
1.58,1.58,AEROTWIN-4-001,IDLE,0.15,1163.6736419406693,217.85073797273338,23.83736295620543,29.0593983003693,20.47803028881146,2.4310420505035366,6.1503259610543015,-0.9966169595726097,-0.21655939857844655,30.489134057098802,-0.21655939857844655,31.76476115095205,510.4691571748763,24.944058057588006,380.4176490079206,55.175014976810786,0.0010253596789097528,5.126798394548764,322.42705098312484,0.15788329889015654,NONE,NONE,0.0,1.0,False
1.59,1.59,AEROTWIN-4-001,IDLE,0.15,1168.876716248697,287.67115648917354,23.85121700234507,33.91626237042899,20.58177664584352,2.4371923764645906,10.89729334812088,-1.5484563003610112,-0.21668526081855216,35.8980891924271,-0.21668526081855216,31.782615782408598,510.4311455206218,24.943748363843802,380.56134748486886,55.19585671651041,0.0010260611276292368,5.130305638146184,322.42705098312484,0.24271955530817216,NONE,NONE,0.0,1.0,False
1.6,1.6,AEROTWIN-4-001,IDLE,0.15,1157.7926900077841,357.8037594640954,23.87568925343928,0.0,20.76624060395246,2.448089669812712,-23.214330273765174,-0.062342888676093,-0.2169075880947932,0.17098551270752096,-0.2169075880947932,31.800501853598153,510.3963140467128,24.943440897442418,380.81577794329587,55.23275880133975,0.001027304887526123,5.136524437630616,322.42705098312484,0.48455443268361603,NONE,NONE,0.0,1.0,False
1.61,1.61,AEROTWIN-4-001,IDLE,0.15,1168.9220860994974,427.2713208645624,23.82344146932855,46.10849873525071,20.374270728633782,2.4248753395389464,23.309352667077984,48.03855796203295,-1.4971933794865206,-0.21643292364785485,-0.21643292364785485,31.817656127284817,510.35760306269117,24.943129137328473,380.27349468721724,55.154107122444614,0.0010246567389185944,5.123283694592972,322.42705098312484,0.45640259088468427,NONE,NONE,0.0,1.0,False
1.62,1.62,AEROTWIN-4-001,IDLE,0.15,1164.7564590795391,497.4066460305323,23.875902227096145,14.491568578189874,20.76785271498136,2.4481846922060244,-8.724468828997509,16.026405040187875,-1.1010174161314594,-0.21690952293327048,-0.21690952293327048,31.83512513542946,510.32462959445223,24.942821971723127,380.8179955325891,55.23308043605566,0.0010273157380082732,5.1365786900413655,322.42705098312484,0.2309570083665275,NONE,NONE,0.0,1.0,False
1.6300000000000001,1.6300000000000001,AEROTWIN-4-001,IDLE,0.15,1162.9288724921025,567.2920335753046,23.85631781444017,19.231869644135013,20.62009781868508,2.439460223377027,-3.827688397927092,-0.2167316010450951,20.410660896143636,-0.2167316010450951,-0.7453280499184327,31.85219136371285,510.2906951941964,24.942513273598617,380.61431598497427,55.2035391618287,0.0010263198714955406,5.131599357477703,322.42705098312484,0.1475399769676975,NONE,NONE,0.0,1.0,False
1.6400000000000001,1.6400000000000001,AEROTWIN-4-001,IDLE,0.15,1171.129553141103,637.0677659248307,23.847706226911903,40.16653767701682,20.555439754479806,2.4356325349791,17.175465387557914,-0.2166533658720454,42.21239755238275,-0.2166533658720454,-1.6125531436218343,31.868969397287287,510.2568259025524,24.942203983889893,380.5249096462926,55.19057184527899,0.0010258831912201291,5.129415956100646,322.42705098312484,0.3521395939989881,NONE,NONE,0.0,1.0,False
1.6500000000000001,1.6500000000000001,AEROTWIN-4-001,IDLE,0.15,1160.7714089576016,707.3355391132969,23.886255677228142,1.6051270078444277,20.846365455286197,2.452808000366658,-21.69404644780843,-0.21700358270565034,2.3959548941302238,-0.21700358270565034,-0.3568207208744953,31.885926789434567,510.2273179206205,24.94189812987737,380.92587141138875,55.248726537765,0.0010278437739818672,5.139218869909336,322.42705098312484,0.4567141733089964,NONE,NONE,0.0,1.0,False
1.6600000000000001,1.6600000000000001,AEROTWIN-4-001,IDLE,0.15,1170.1900761564966,56.981823650753086,23.83752509944385,42.63676607864954,20.479241672293433,2.4311139539188495,19.72641045243726,-0.21656087162906296,-0.21656087162906296,-1.3618935205228233,44.43178134243049,31.90220374921724,510.19410843358685,24.941588256646867,380.4193294054792,55.175258698311886,0.001025367877373912,5.12683938686956,322.42705098312484,0.39548537342818224,NONE,NONE,0.0,1.0,False
1.67,1.67,AEROTWIN-4-001,IDLE,0.15,1169.0484783909185,127.19322822014288,23.881851447776526,20.87281666874495,20.812933073503434,2.450840364371287,-2.390956769129771,-0.21696357084347434,-0.21696357084347434,-1.2962510832111098,22.602994893643007,31.918719664617118,510.1657657553857,24.941282305100433,380.8799654382617,55.2420684272346,0.0010276190214049484,5.138095107024743,322.42705098312484,0.11942559615552378,NONE,NONE,0.0,1.0,False
1.68,1.68,AEROTWIN-4-001,IDLE,0.15,1162.7490031800203,197.336136923598,23.876495495341366,10.027203476249866,20.772344098000183,2.448449407602157,-13.193590029352473,-0.4847673965248052,-0.21691491269952173,10.945800698173716,-0.21691491269952173,31.934985424525305,510.1376423879543,24.940976033135108,380.82417324904264,55.23397643969465,0.0010273459659768272,5.136729829884136,322.42705098312484,0.30909739822995574,NONE,NONE,0.0,1.0,False
1.69,1.69,AEROTWIN-4-001,IDLE,0.15,1173.022201964754,267.10107711439923,23.84685804608047,44.500474696412375,20.549081658181887,2.4352558175728047,21.516137220657683,-1.6227631542297003,-0.2166456602574991,46.556529171157074,-0.2166456602574991,31.950768908591396,510.10752232961835,24.940667369740062,380.5161088422151,55.18929539425719,0.001025840221396029,5.129201106980145,322.42705098312484,0.4279932127407609,NONE,NONE,0.0,1.0,False
1.7,1.7,AEROTWIN-4-001,IDLE,0.15,1164.1345013132259,337.48240923228445,23.89511888555633,4.756214275879958,20.91379903718383,2.4567719547934623,-18.614356716097333,-0.6235204590258058,-0.21708410382153695,5.813902942548838,-0.21708410382153695,31.96683269285934,510.0825580722199,24.940362983007486,381.0183301783109,55.26213657240186,0.0010282966697452405,5.141483348726203,322.42705098312484,0.40177957866487407,NONE,NONE,0.0,1.0,False
1.71,1.71,AEROTWIN-4-001,IDLE,0.15,1170.7000193337653,407.330479311078,23.853388471790698,36.78702860413076,20.598082219161167,2.438157598077365,13.75078878689223,38.415472185996734,-1.1950336051836044,-0.21670498834118296,-0.21670498834118296,31.982299630940286,510.0544089066915,24.940055153820854,380.58389268940283,55.199126627885605,0.0010261712457759514,5.1308562288797575,322.42705098312484,0.29293309991367916,NONE,NONE,0.0,1.0,False
1.72,1.72,AEROTWIN-4-001,IDLE,0.15,1172.6424080220304,477.5724804711039,23.884242426633154,27.3511144082088,20.831076665698358,2.451908386864257,4.068129355646185,29.227645532285475,-1.4425605389145237,-0.2169852925810741,-0.2169852925810741,31.99787963993537,510.02977726373865,24.939750108399895,380.90488387383124,55.24568254729274,0.0010277410112435148,5.1387050562175745,322.42705098312484,0.12745236419106049,NONE,NONE,0.0,1.0,False
1.73,1.73,AEROTWIN-4-001,IDLE,0.15,1162.8440609662368,547.9310249524258,23.89334133691416,2.834624977112183,20.90025854609496,2.4559765162199034,-20.521610085202678,-0.21706795501910442,3.4933950839716186,-0.21706795501910442,-0.224634196821227,32.0133610046757,510.00659386415464,24.93944598774587,380.9997790622417,55.25944595562942,0.0010282057758457847,5.141028879228924,322.42705098312484,0.4353653756894943,NONE,NONE,0.0,1.0,False
1.74,1.74,AEROTWIN-4-001,IDLE,0.15,1174.1170885476624,617.7016686104,23.847306309033915,46.598070340177216,20.552441678361,2.4354549061347006,23.610173755681515,-0.2166497326691908,48.6189548544053,-0.2166497326691908,-1.5875850488897065,32.028215165739134,509.97979075796485,24.939138057507865,380.5207599472005,55.18996998122206,0.0010258629300216864,5.129314650108432,322.42705098312484,0.4646959988322459,NONE,NONE,0.0,1.0,False
1.75,1.75,AEROTWIN-4-001,IDLE,0.15,1167.1224709519004,688.1486939232598,23.900240433515375,8.762430941840085,20.95285869762725,2.459065079890382,-14.649492835677545,-0.217130632430756,10.056068047205583,-0.217130632430756,-0.8593758405039853,32.043399161873374,509.95848902696474,24.938834814393726,381.0718034253317,55.269892225203265,0.0010285587369762738,5.142793684881369,322.42705098312484,0.33179188166700707,NONE,NONE,0.0,1.0,False
1.76,1.76,AEROTWIN-4-001,IDLE,0.15,1170.1000252291287,38.17604218037377,23.86744896647073,29.384546285539685,20.703955603147726,2.4444155870547046,6.236175095337254,-0.21683272613991583,-0.21683272613991583,-1.0051493638954847,30.823361101715,32.05808689781906,509.93472214598427,24.93852888251793,380.730020665925,55.22032073734443,0.0010268854166322868,5.134427083161434,322.42705098312484,0.16322889527392145,NONE,NONE,0.0,1.0,False
1.77,1.77,AEROTWIN-4-001,IDLE,0.15,1174.9890655327865,108.38204369412149,23.881429129261697,33.49996374510933,20.809729915575346,2.4506517621500414,10.239582067383946,-0.2169597341336945,-0.2169597341336945,-1.5441700461485168,35.47805325952524,32.07273226880025,509.91282553171857,24.938224291881696,380.87556486311223,55.24143017661607,0.0010275974803600032,5.137987401800016,322.42705098312484,0.23508926274518518,NONE,NONE,0.0,1.0,False
1.78,1.78,AEROTWIN-4-001,IDLE,0.15,1163.7949582087667,178.8813876260887,23.904316253756257,0.0,20.98399221087332,2.460891344217426,-23.444883555090748,-0.21716766073718824,-0.21716766073718824,-0.0317969755795445,0.06221015822565694,32.087420783185486,509.8935716357968,24.937921821245478,381.11438284006215,55.27606785835693,0.0010287674859489628,5.143837429744814,322.42705098312484,0.48523083204222356,NONE,NONE,0.0,1.0,False
1.79,1.79,AEROTWIN-4-001,IDLE,0.15,1174.9609169291643,248.70908511861472,23.85178869093065,46.40944400457047,20.586068286382865,2.437446460662335,23.385929257525266,-1.5142580565892059,-0.2166904545363512,48.35708297023237,-0.2166904545363512,32.101434851280466,509.8700016127056,24.93761496554837,380.56728244037566,55.196717510587206,0.0010260901141534576,5.130450570767288,322.42705098312484,0.4613436868223965,NONE,NONE,0.0,1.0,False
1.8,1.8,AEROTWIN-4-001,IDLE,0.15,1170.1979759259093,319.2067401343646,23.90418472261483,13.468338897395228,20.98298681768066,2.4608323899198603,-9.975480310205294,-1.0641127752387547,-0.21716646579356405,14.966784604221111,-0.21716646579356405,32.115777285638664,509.8518062510719,24.93731276274888,381.11300841735004,55.275868514835615,0.0010287607467445925,5.1438037337229625,322.42705098312484,0.24953178956964125,NONE,NONE,0.0,1.0,False
1.81,1.81,AEROTWIN-4-001,IDLE,0.15,1169.2519144517357,389.4186186899192,23.88188849454682,21.282644475674374,20.813214084136508,2.4508569096096546,-1.9814265180717885,22.51584590307757,-0.799273612585891,-0.21696390740865185,-0.21696390740865185,32.1297362626356,509.832024513049,24.93700876714525,380.8803514780171,55.24212441766864,0.0010276209111220623,5.138104555610312,322.42705098312484,0.11225448424285267,NONE,NONE,0.0,1.0,False
1.82,1.82,AEROTWIN-4-001,IDLE,0.15,1176.7145445074748,459.57373355702333,23.877450278260245,38.858145594099135,20.779574271295573,2.448875483091583,15.629695839711978,40.89626045902271,-1.6042676913627405,-0.2169235867804201,-0.2169235867804201,32.143486335265166,509.8123318635593,24.93670452766273,380.83411637792796,55.23541857122191,0.0010273946211645493,5.136973105822746,322.42705098312484,0.3289027807551281,NONE,NONE,0.0,1.0,False
1.83,1.83,AEROTWIN-4-001,IDLE,0.15,1165.9278552145818,530.1766062274718,23.912373635174685,0.9185836700916734,21.04566771723284,2.464505178931295,-22.591589226072458,1.6310443409882192,-0.2779789488595486,-0.21724086101849863,-0.21724086101849863,32.157401066713355,509.7963298003306,24.936403455643156,381.19862089982007,55.288285578068106,0.0010291806559172207,5.145903279586103,322.42705098312484,0.4693463095226927,NONE,NONE,0.0,1.0,False
1.84,1.84,AEROTWIN-4-001,IDLE,0.15,1175.9399302927498,600.1322775403466,23.86183123838081,44.07274855748226,20.661593959269116,2.4419135897052224,20.969241008507918,-0.21678168979756685,45.916223358476685,-0.21678168979756685,-1.4099114213992938,32.17067432219768,509.7761049218429,24.936098149647485,380.6716064426705,55.211848455232044,0.0010265998387965461,5.13299919398273,322.42705098312484,0.420336617536095,NONE,NONE,0.0,1.0,False
1.85,1.85,AEROTWIN-4-001,IDLE,0.15,1173.6241001526087,670.6886733579116,23.908757757308372,18.630588245289843,21.01796871806182,2.4628828307137307,-4.850263303485708,-0.21720801122980762,20.30026063378294,-0.21720801122980762,-1.2352563660334828,32.18422797063268,509.7606765546366,24.93579704043231,381.16080721274903,55.282801156522694,0.0010289951571606554,5.144975785803276,322.42705098312484,0.15930063649693957,NONE,NONE,0.0,1.0,False
1.86,1.86,AEROTWIN-4-001,IDLE,0.15,1168.8655642435351,21.106119367068118,23.897934906266684,13.427045279871413,20.935267014987172,2.458032567410245,-9.966254302526004,-0.2171096870101027,-0.2171096870101027,-0.5863532040410797,14.447617857932698,32.19751720343453,509.7446413979789,24.93549512725269,381.0477275633838,55.26640031033806,0.0010284407311412086,5.1422036557060435,322.42705098312484,0.2501066116675379,NONE,NONE,0.0,1.0,False
1.87,1.87,AEROTWIN-4-001,IDLE,0.15,1178.3043164504081,91.23805322168022,23.875636902953115,42.982387061122104,20.76584435323682,2.4480663131077187,19.768476394777565,-0.21690711249731123,-0.21690711249731123,-1.6264235729669145,45.04262485908364,32.21043938064941,509.72696774770526,24.935191422225497,380.8152328525276,55.232679742464896,0.0010273022204682096,5.136511102341048,322.42705098312484,0.40109767928560247,NONE,NONE,0.0,1.0,False
1.8800000000000001,1.8800000000000001,AEROTWIN-4-001,IDLE,0.15,1168.5752517573972,161.9363122087047,23.91978801909108,3.193901965380052,21.10257261978615,2.4678347895024966,-20.376505443908595,-0.21730821974960968,-0.21730821974960968,-0.5053621537482694,4.133880558627541,32.22361821533813,509.71378111820565,24.934891693179942,381.2762118641426,55.29953921635152,0.00102956144178737,5.14780720893685,322.42705098312484,0.4297038352725837,NONE,NONE,0.0,1.0,False
1.8900000000000001,1.8900000000000001,AEROTWIN-4-001,IDLE,0.15,1176.588113036708,232.05082731414853,23.8742739444057,39.98508606450037,20.755530360897282,2.447458284058588,16.782097419544503,-1.282753281218511,-0.21689473019294905,41.70162880610478,-0.21689473019294905,32.23621557183134,509.6967545552894,24.93458814595085,380.8010425131598,55.230621604023675,0.0010272327926599105,5.136163963299553,322.42705098312484,0.34866045437536936,NONE,NONE,0.0,1.0,False
1.9000000000000001,1.9000000000000001,AEROTWIN-4-001,IDLE,0.15,1176.7929038921282,302.646114096351,23.91178360104457,23.934298825041612,21.04114547895646,2.4642403814781324,0.4289129646070209,-1.3718723253233327,-0.2172355006337701,25.740642151632485,-0.2172355006337701,32.24900944822815,509.6835877398514,24.934287993580796,381.1924493416832,55.28739046761905,0.001029150377333347,5.145751886666735,322.42705098312484,0.06734535831063333,NONE,NONE,0.0,1.0,False
1.9100000000000001,1.9100000000000001,AEROTWIN-4-001,IDLE,0.15,1168.7353045275281,373.25368832987874,23.91273929677478,6.637343390985254,21.04847074280714,2.4646692944427393,-16.875796646264625,7.445377237385023,-0.3735454803848827,-0.21724418300744286,-0.21724418300744286,32.26165832432101,509.67083786230893,24.93398806249205,381.2024458263087,55.28884033775616,0.001029199422241903,5.145997111209516,322.42705098312484,0.36927667168173545,NONE,NONE,0.0,1.0,False
1.92,1.92,AEROTWIN-4-001,IDLE,0.15,1179.4475614359862,443.37780660153044,23.87502539662967,45.644708174665176,20.761216272216537,2.4477934977964746,22.435698404652165,47.69441948986531,-1.6159082011192327,-0.2169015570404482,-0.2169015570404482,32.273807592516114,509.65495347483443,24.933684992338485,380.8088659053559,55.23175629318101,0.0010272710685995394,5.136355342997698,322.42705098312484,0.4476952716203036,NONE,NONE,0.0,1.0,False
1.93,1.93,AEROTWIN-4-001,IDLE,0.15,1171.0781788639424,514.1446602876896,23.925114379694445,6.084977183571263,21.143541856313878,2.470229196201127,-17.52879386894374,7.230610310436397,-0.7109199087540361,-0.21735660905554913,-0.21735660905554913,32.28627274606084,509.64405716429326,24.933386422963398,381.3319965357423,55.30763011355099,0.0010298353402456715,5.149176701228358,322.42705098312484,0.37923623624044905,NONE,NONE,0.0,1.0,False
1.94,1.94,AEROTWIN-4-001,IDLE,0.15,1176.4898861426957,584.4093510195262,23.88601491718057,34.631490170914326,20.844536548375576,2.4527004023321832,11.334253220206566,-0.21700139543136168,36.204392133736235,-0.21700139543136168,-1.138899171959184,32.29822795912629,509.6298463832705,24.93308457808584,380.9233612835882,55.24836247384906,0.0010278314826568718,5.139157413284359,322.42705098312484,0.25483876511598913,NONE,NONE,0.0,1.0,False
1.95,1.95,AEROTWIN-4-001,IDLE,0.15,1179.1785019328604,654.9987441880879,23.911325153957257,29.132690804429643,21.037632405739437,2.46403465555239,5.631023743137816,-0.21723133570052264,31.043756950533155,-0.21723133570052264,-1.4766034747024654,32.31027178957665,509.6183101748927,24.932785075537417,381.18765445510627,55.286695026859704,0.0010291268538204033,5.1456342691020165,322.42705098312484,0.15832241054281024,NONE,NONE,0.0,1.0,False
1.96,1.96,AEROTWIN-4-001,IDLE,0.15,1168.6578620527514,5.7494543040595545,23.92386125038885,1.5691853267065072,21.133896286353686,2.469665679295528,-22.034376638942707,-0.21734522453582436,-0.21734522453582436,-0.1633000284288689,2.167175804207025,32.322285976287894,509.60821463563445,24.93248680979535,381.3188687430844,55.30572608475948,0.001029770874068997,5.148854370344985,322.42705098312484,0.4582328932287752,NONE,NONE,0.0,1.0,False
1.97,1.97,AEROTWIN-4-001,IDLE,0.15,1179.9208590569142,75.86892602722463,23.874661813329197,46.795262079768634,20.758465013324248,2.447631302656585,23.5891657637878,-0.21689825393259063,-0.21689825393259063,-1.5775114386319318,48.806570026265746,32.33370674356696,509.59386263919475,24.932184393164604,380.80508053775753,55.231207271035274,0.001027252548423617,5.1362627421180855,322.42705098312484,0.46783411117539675,NONE,NONE,0.0,1.0,False
1.98,1.98,AEROTWIN-4-001,IDLE,0.15,1173.1723115624777,146.66417757063948,23.92731811686322,9.497610189070446,21.160514541265435,2.471220468420373,-14.134124820615362,-0.2173766297263243,-0.2173766297263243,-0.8959372459017682,10.828300694424863,32.34547026461848,509.5846964413821,24.931886707732485,381.35508794088355,55.31097924476987,0.0010299487488853256,5.149743744426629,322.42705098312484,0.3195673977196911,NONE,NONE,0.0,1.0,False
1.99,1.99,AEROTWIN-4-001,IDLE,0.15,1175.5796664846798,217.05451626438816,23.895821302875405,28.418190686550854,20.919151984168835,2.4570863435997574,5.041952358782263,-0.9810991620529883,-0.21709048519318658,29.833470818990214,-0.21709048519318658,32.3568050254208,509.5728671638743,24.931586400848623,381.02566198236246,55.26319996259789,0.0010283325963037597,5.141662981518799,322.42705098312484,0.145994524695343,NONE,NONE,0.0,1.0,False
2.0,2.0,AEROTWIN-4-001,IDLE,0.15,1180.6318087101317,287.58929625346894,23.907075334832427,34.04840268859612,21.005092459057373,2.4621282959585398,10.581181933580208,-1.5527875888957736,-0.21719272663644826,36.03557573076479,-0.21719272663644826,32.368105784990355,509.56236534184234,24.931287213744966,381.1432188219539,55.28025017149855,0.00102890889254918,5.1445444627459,322.42705098312484,0.2443955252490552,NONE,NONE,0.0,1.0,False
2.0100000000000002,2.0100000000000002,AEROTWIN-4-001,IDLE,0.15,1169.3355963610925,358.42720477607685,23.930626909187758,0.0,21.18602234152931,2.47270947789212,-23.65873181942143,-0.04475372330864688,-0.21740668968208113,0.10384086481385182,-0.21740668968208113,32.37948479287081,509.55429126917204,24.930990232682248,381.389770513219,55.31600953569625,0.0010301191198843008,5.150595599421504,322.42705098312484,0.4858540296994162,NONE,NONE,0.0,1.0,False
2.02,2.02,AEROTWIN-4-001,IDLE,0.15,1180.4175591356336,428.5873405577424,23.877842978741835,46.441608020423566,20.782548714447973,2.4490507460726985,23.210008559902896,48.390115794188816,-1.5146534649369496,-0.21692715441415,-0.21692715441415,32.39024989635526,509.5415778144546,24.930688774170665,380.83820630954807,55.23601176672423,0.0010274146356288117,5.137073178144059,322.42705098312484,0.46160889725290555,NONE,NONE,0.0,1.0,False
2.0300000000000002,2.0300000000000002,AEROTWIN-4-001,IDLE,0.15,1175.5068155334213,499.4123941058804,23.929629969475,13.365557177826563,21.17833377277658,2.4722607546326016,-10.285037349582618,14.861160427763286,-1.0608079847125342,-0.21739763261209352,-0.21739763261209352,32.40135277622514,509.5339316087228,24.93039198055138,381.3793191210048,55.31449368667229,0.0010300677751804957,5.150338875902478,322.42705098312484,0.2519331385140402,NONE,NONE,0.0,1.0,False
2.04,2.04,AEROTWIN-4-001,IDLE,0.15,1174.7143418494634,569.9428030378857,23.906735067176665,21.804711873408444,21.00248915858213,2.461975717283019,-1.6597530024567049,-0.21718963534824567,23.052143616003466,-0.21718963534824567,-0.81305247189853,32.412115067005224,509.52437195373335,24.930093311334378,381.1396620444583,55.279734303604144,0.0010288914491690842,5.144457245845421,322.42705098312484,0.10370560515664419,NONE,NONE,0.0,1.0,False
2.05,2.05,AEROTWIN-4-001,IDLE,0.15,1181.86827052352,640.4256635488535,23.903032421623735,38.417649983879855,20.974180841784992,2.460315964280562,14.9831531778143,-0.2171559972862014,40.45374345582916,-0.2171559972862014,-1.6017814773769048,32.42271478818049,509.5147116585398,24.92979445508252,381.10096851942524,55.2741222721204,0.0010287017143508095,5.143508571754047,322.42705098312484,0.32090320062454514,NONE,NONE,0.0,1.0,False
2.06,2.06,AEROTWIN-4-001,IDLE,0.15,1170.8691658352398,711.3377597802647,23.936377213464706,0.6692494504991087,21.230421322884602,2.4752991174583765,-23.03647098984387,-0.21745893046216014,1.3498024028854854,-0.21745893046216014,-0.24563509146205637,32.43348709436552,509.5083588401578,24.92949866934968,381.4500794313798,55.32475662056846,0.0010304154743008222,5.152077371504111,322.42705098312484,0.47427856371561533,NONE,NONE,0.0,1.0,False
2.07,2.07,AEROTWIN-4-001,IDLE,0.15,1181.0758262282907,61.58990973037908,23.88503530404292,44.66613876783776,20.83709658237271,2.4522626464685326,21.376779538996516,-0.21699249577109644,-0.21699249577109644,-1.4314422049942266,46.531565964374174,32.44366979780866,509.49745094022614,24.929198516102925,380.91314875877623,55.246881269675384,0.0010277814773332259,5.13890738666613,322.42705098312484,0.43045626494502653,NONE,NONE,0.0,1.0,False
2.08,2.08,AEROTWIN-4-001,IDLE,0.15,1178.1427390666881,132.45445930407652,23.932692482853653,17.532556854154173,21.201960814299543,2.473639426007529,-6.1430433861528995,-0.21742545515507528,-0.21742545515507528,-1.2031467270942702,19.170554491558594,32.45415600708689,509.49119002081835,24.92890267885504,381.41142909774095,55.31915085347815,0.0010302255343737255,5.151127671868627,322.42705098312484,0.1790832727753124,NONE,NONE,0.0,1.0,False
2.09,2.09,AEROTWIN-4-001,IDLE,0.15,1174.21510856862,203.14302364807781,23.919034860825,15.338271853392285,21.096785549934783,2.467496382621376,-8.226010079163874,-0.6405409605457453,-0.21730137740293587,16.413415568743904,-0.21730137740293587,32.46439341535666,509.48382858704076,24.92860577277539,381.2683268182408,55.29839558506401,0.0010295227355356456,5.147613677678228,322.42705098312484,0.21715951973556916,NONE,NONE,0.0,1.0,False
2.1,2.1,AEROTWIN-4-001,IDLE,0.15,1183.0781812750333,273.59593016219503,23.90069873532158,41.97840374264854,20.956357301639457,2.4592703725422123,18.562776068466867,-1.625304735216634,-0.21713479604414315,44.03797806995346,-0.21713479604414315,32.47434448842821,509.47496791889415,24.928307393945776,381.07659014590297,55.270586481581475,0.001028582201099908,5.14291100549954,322.42705098312484,0.3832428717652522,NONE,NONE,0.0,1.0,False
2.11,2.11,AEROTWIN-4-001,IDLE,0.15,1172.8715768590328,344.580621038697,23.941998819976188,2.3750827419805987,21.273911894306305,2.4778331486106793,-21.376662300936385,-0.4337402596413731,-0.2175100020394738,3.2438430057009193,-0.2175100020394738,32.484543895682286,509.4701272271825,24.928012791747385,381.5090810966725,55.33331410409919,0.001030705526800524,5.15352763400262,322.42705098312484,0.4445598964629927,NONE,NONE,0.0,1.0,False
2.12,2.12,AEROTWIN-4-001,IDLE,0.15,1181.6243590374393,414.952915650239,23.894413976115395,41.69666900862524,20.908428395546565,2.456456486309743,18.331784126768934,43.46370386990634,-1.3328794616625346,-0.2170776998092785,-0.2170776998092785,32.494197547893506,509.46103329372824,24.927714135123264,381.010973006681,55.261069502943,0.0010282606207707734,5.1413031038538675,322.42705098312484,0.37838388432366266,NONE,NONE,0.0,1.0,False
2.13,2.13,AEROTWIN-4-001,IDLE,0.15,1180.7227428847843,485.8503771924853,23.935243302631644,21.808107063870946,21.22165924779334,2.4747882704365116,-1.8883404543589064,23.56490038604223,-1.3218960641172124,-0.21744862902703493,-0.21744862902703493,32.50409687545773,509.4559179009725,24.92741920714129,381.4381835508659,55.32303126585049,0.0010303570086820989,5.151785043410495,322.42705098312484,0.10432165306652413,NONE,NONE,0.0,1.0,False
2.14,2.14,AEROTWIN-4-001,IDLE,0.15,1173.9571668700637,556.6937417655724,23.931049992436307,9.492396690622382,21.189286030740377,2.4728999299821526,-14.169789270100146,-0.2174105333393692,10.395611192632218,-0.2174105333393692,-0.46839343533109784,32.51383947515902,509.4505439861131,24.927124043615304,381.3942062940593,55.31665289247778,0.0010301409127527034,5.150704563763517,322.42705098312484,0.31974712089070734,NONE,NONE,0.0,1.0,False
2.15,2.15,AEROTWIN-4-001,IDLE,0.15,1184.071154530078,627.1311717777762,23.89949263196916,44.588567641802584,20.947151280291077,2.4587301407120528,21.182686220799454,-0.21712383874919808,46.649203256255156,-0.21712383874919808,-1.6263879369541747,32.52318624254445,509.4424048865474,24.92682623791411,381.06399362082203,55.26875950677679,0.0010285204556520209,5.142602278260105,322.42705098312484,0.4289344301779492,NONE,NONE,0.0,1.0,False
2.16,2.16,AEROTWIN-4-001,IDLE,0.15,1174.8645865827068,698.1754410495809,23.946608613147777,4.507359843238168,21.309637835129802,2.479912826932852,-19.28219081882449,-0.2175518814217966,5.54905119685325,-0.2175518814217966,-0.6065875907714887,32.53283651146179,509.43880383061094,24.926532728616394,381.5574947230522,55.340335919642044,0.001030943618349445,5.154718091747226,322.42705098312484,0.4073545003998287,NONE,NONE,0.0,1.0,False
2.17,2.17,AEROTWIN-4-001,IDLE,0.15,1181.727865491449,48.66731624454326,23.9037345746873,37.814594705323735,20.979546336381834,2.4606306361140278,14.374417732827874,-0.21716237625712345,-0.21716237625712345,-1.2229838869118022,39.471903344749784,32.54199233313068,509.4313471290954,24.926235565542388,381.10830480858436,55.27518631282746,0.00102873768404672,5.1436884202336,322.42705098312484,0.31034176816539666,NONE,NONE,0.0,1.0,False
2.18,2.18,AEROTWIN-4-001,IDLE,0.15,1182.8483321045132,119.57098817403019,23.93572451547515,26.047082148050333,21.225377307406305,2.4750050538468553,2.3466997867971724,-0.2174530007842704,-0.2174530007842704,-1.4184648312584167,27.90045298087729,32.551319066238364,509.42701825036437,24.9259413611962,381.44323175527177,55.323763447321106,0.001030381818890561,5.151909094452805,322.42705098312484,0.10404852283225723,NONE,NONE,0.0,1.0,False
2.19,2.19,AEROTWIN-4-001,IDLE,0.15,1173.7072051641765,190.54188810030098,23.940931269323997,4.597866738855907,21.265646479417956,2.4773517536336525,-19.145131494195702,-0.29844465076355003,-0.21750030347811802,5.331311996575693,-0.21750030347811802,32.5605791110481,509.4232777935786,24.92564775486653,381.49787336094096,55.331688556524156,0.0010306504202476543,5.153252101238272,322.42705098312484,0.4056358355292621,NONE,NONE,0.0,1.0,False
2.2,2.2,AEROTWIN-4-001,IDLE,0.15,1184.6042576263594,260.9643204101516,23.898323618213723,46.21917192651362,20.938231997056413,2.4582066221394565,22.822733307317748,-1.6081425192247003,-0.21711321840850553,48.26154088255533,-0.21711321840850553,32.56935459679816,509.41571322238093,24.925350522842088,381.05178626876705,55.26698897684943,0.0010284606231301518,5.142303115650759,322.42705098312484,0.45748327727428034,NONE,NONE,0.0,1.0,False
2.21,2.21,AEROTWIN-4-001,IDLE,0.15,1176.5732901533197,332.04057586773314,23.949082064034158,6.9898409983025935,21.32883058586963,2.4810293554467746,-16.82001894301381,-0.765066742554705,-0.21757435240725553,8.190056445671809,-0.21757435240725553,32.5784684931897,509.41300793080416,24.925057914928573,381.5834834667918,55.34410527505655,0.00103107146081006,5.1553573040503,322.42705098312484,0.3639698277995248,NONE,NONE,0.0,1.0,False
2.22,2.22,AEROTWIN-4-001,IDLE,0.15,1181.2243933874327,402.6349732769323,23.9117144214817,33.2460724922546,21.040615321499136,2.4642093365037607,9.741247834251702,34.78408206462202,-1.1035398280748663,-0.2172348721462752,-0.2172348721462752,32.587145450036715,509.406928428314,24.924762129533498,381.1917257767016,55.28728552320125,0.0010291468275025488,5.145734137512744,322.42705098312484,0.23030218101936906,NONE,NONE,0.0,1.0,False
2.23,2.23,AEROTWIN-4-001,IDLE,0.15,1184.3218927968314,473.5084368801783,23.933383463438282,30.16863330287952,21.207295125831255,2.4739505843380125,6.4873875927102524,32.09888570767494,-1.4953889395445106,-0.21743173262545282,-0.21743173262545282,32.595906729752684,509.40299424334364,24.924468395938668,381.4186756427227,55.320201877869216,0.0010302611422399511,5.151305711199756,322.42705098312484,0.17620206893552992,NONE,NONE,0.0,1.0,False
2.24,2.24,AEROTWIN-4-001,IDLE,0.15,1173.4234642857373,544.5677504479881,23.947772094178596,0.9734864999574262,21.318663825444435,2.480437971930723,-22.82561529741773,-0.2175624514983925,1.5385579696109648,-0.2175624514983925,-0.1299465666567536,32.60468803274127,509.4004859127444,24.924176078243224,381.5697184898381,55.34210883032914,0.0010310037459548916,5.155018729774458,322.42705098312484,0.4692249164183545,NONE,NONE,0.0,1.0,False
2.25,2.25,AEROTWIN-4-001,IDLE,0.15,1184.6391263679538,614.9731583051324,23.896996359973443,46.875749778551274,20.92810968682679,2.457612356633305,23.49002773509118,-0.21710116043687497,48.8825316330389,-0.21710116043687497,-1.5725795336138795,32.61292264382609,509.39336953533393,24.923879403705204,381.03792861689504,55.26497909073722,0.0010283927082138016,5.141963541069008,322.42705098312484,0.4689884618847407,NONE,NONE,0.0,1.0,False
2.2600000000000002,2.2600000000000002,AEROTWIN-4-001,IDLE,0.15,1177.9553327100502,686.0515058872096,23.949243810428367,9.81268391140359,21.330086229554745,2.481102384368396,-13.99850470251955,-0.21757582185259292,11.159120472200849,-0.21757582185259292,-0.9112849170920725,32.621511043640936,509.3912377796797,24.923587489210636,381.58518323432696,55.34435180594031,0.0010310798230295096,5.1553991151475485,322.42705098312484,0.31457391896422127,NONE,NONE,0.0,1.0,False
2.27,2.27,AEROTWIN-4-001,IDLE,0.15,1180.1486602177367,36.728825849812665,23.918161191029263,28.150872651069925,21.090074381361287,2.467103879665877,4.593694390042761,-0.2172934402244036,-0.2172934402244036,-0.9746074435024165,29.560066975021147,32.62972593939503,509.3862948349206,24.923292947607322,381.2591810364284,55.297069099161504,0.0010294778432677972,5.147389216338986,322.42705098312484,0.14106321094899785,NONE,NONE,0.0,1.0,False
2.2800000000000002,2.2800000000000002,AEROTWIN-4-001,IDLE,0.15,1185.148460441616,107.53774546287687,23.928378507991773,34.1119407060559,21.16868603016292,2.4716975740559195,10.471557101837057,-0.21738626324432203,-0.21738626324432203,-1.5546139122428435,36.10132714478738,32.63793014676309,509.38241546128376,24.922999446055798,381.3662013209021,55.312591107181,0.0010300033365361475,5.150016682680738,322.42705098312484,0.24526643063200443,NONE,NONE,0.0,1.0,False
2.29,2.29,AEROTWIN-4-001,IDLE,0.15,1173.770186608311,178.64665308937384,23.95160598079122,0.0,21.348431859005046,2.4821691311577565,-23.830600990162804,-0.21759728186870544,-0.21759728186870544,-0.03854436084566341,0.08295318628694,32.6462366244544,509.38077584351237,24.92270814892155,381.61001090859344,55.347952762160574,0.0010312019772501192,5.1560098862505965,322.42705098312484,0.4863520051530765,NONE,NONE,0.0,1.0,False
2.3000000000000003,2.3000000000000003,AEROTWIN-4-001,IDLE,0.15,1184.8256926097008,249.0728642858725,23.898618188794657,46.55341531361814,20.940479159661248,2.4583385301675937,23.154597623789297,-1.5209545111892624,-0.21711589454461852,48.50860161389664,-0.21711589454461852,32.6539864687802,509.37430081311385,24.92241228882114,381.0548621355517,55.26743509441614,0.0010284756985438589,5.142378492719295,322.42705098312484,0.46332919194119265,NONE,NONE,0.0,1.0,False
2.31,2.31,AEROTWIN-4-001,IDLE,0.15,1179.6378157337786,320.1624058424545,23.950109166489604,12.952834423491774,21.33680521645086,2.4814931277913828,-10.865463920750468,-1.0454031063631384,-0.21758368350190882,14.43340489685873,-0.21758368350190882,32.66208572597203,509.3727257324759,24.922121128862297,381.59427772122376,55.34567085213085,0.0010311245661919343,5.155622830959672,322.42705098312484,0.25964184173962185,NONE,NONE,0.0,1.0,False
2.32,2.32,AEROTWIN-4-001,IDLE,0.15,1179.2326304175656,390.9406747864812,23.926000324160835,22.77237317235083,21.150363650318106,2.4706276638706326,-0.8486181418379095,24.04528821977377,-0.8381857319271482,-0.21736465774789682,-0.21736465774789682,32.66987936074318,509.3689666530499,24.921827955324186,381.3412789497777,55.308976416317854,0.0010298809266703036,5.149404633351518,322.42705098312484,0.08722780629515463,NONE,NONE,0.0,1.0,False
2.33,2.33,AEROTWIN-4-001,IDLE,0.15,1185.9696935992993,461.69463261153516,23.92411337123592,37.71568775087338,21.135836572808387,2.4697790457287945,14.110072132336198,39.74665107482375,-1.596268293907329,-0.21734751502152577,-0.21734751502152577,32.67756289913932,509.3651278997597,24.92153474921482,381.32150979633366,55.30610913784064,0.0010297838429130166,5.148919214565083,322.42705098312484,0.30838017935763345,NONE,NONE,0.0,1.0,False
2.34,2.34,AEROTWIN-4-001,IDLE,0.15,1174.754230842696,532.8528142274931,23.955412738235623,0.37230719351535513,21.3780283441573,2.483889117861131,-23.48961026850308,1.0106519245307093,-0.20308099946737557,-0.21763186577398927,-0.21763186577398927,32.68542271631063,509.364272428094,24.921244469512498,381.6500377232514,55.35375817130493,0.0010313989572781266,5.156994786390633,322.42705098312484,0.47992709128733146,NONE,NONE,0.0,1.0,False
2.35,2.35,AEROTWIN-4-001,IDLE,0.15,1185.1842782854576,603.3380680780549,23.90321884642795,45.28064506801471,20.975605278573486,2.4603995075926277,21.844640281848594,-0.21715769093174245,47.17046485381348,-0.21715769093174245,-1.4555044039352882,32.69274118160673,509.3586317163242,24.92094968455666,381.1029162744731,55.27440477061703,0.0010287112639763396,5.143556319881698,322.42705098312484,0.44100349972939445,NONE,NONE,0.0,1.0,False
2.36,2.36,AEROTWIN-4-001,IDLE,0.15,1181.5933325163846,674.4491247751823,23.951772061007098,16.31110718963029,21.3497222734618,2.4822441478744763,-7.520859231705986,-0.21759879068625929,17.911338270783595,-0.21759879068625929,-1.1650334997807834,32.70038595741107,509.3576020426813,24.92065934871189,381.61175678206956,55.34820598015781,0.0010312105678931156,5.156052839465579,322.42705098312484,0.20091157533270662,NONE,NONE,0.0,1.0,False
2.37,2.37,AEROTWIN-4-001,IDLE,0.15,1178.604262173127,25.344724726165396,23.935099049576372,17.434973807305557,21.22054480629083,2.4747232886427706,-6.260294287628046,-0.21744731850644797,-0.21744731850644797,-0.6981093771345125,18.567977821452963,32.70779554660538,509.3550591341213,24.9203676568971,381.4366703118604,55.32281178869161,0.001030349571798726,5.15174785899363,322.42705098312484,0.18084806280235774,NONE,NONE,0.0,1.0,False
2.38,2.38,AEROTWIN-4-001,IDLE,0.15,1186.8304392235314,96.060980456553,23.92118590755463,40.810645526486795,21.11331760634512,2.4684629943551424,17.22886492578653,-0.21732091938779963,-0.21732091938779963,-1.6207958486226246,42.86608321388502,32.714997367286934,509.3512987681282,24.920074862362476,381.2908487712777,55.30166212408857,0.001029633297420677,5.148166487103385,322.42705098312484,0.36257502912901896,NONE,NONE,0.0,1.0,False
2.39,2.39,AEROTWIN-4-001,IDLE,0.15,1176.1983539541936,167.27080680996488,23.959400099627995,1.6269753698117493,21.409070826858848,2.485691859280929,-22.26778731632803,-0.21766809044307842,-0.21766809044307842,-0.35971267180127225,2.422024222499178,32.722438193091115,509.35115791573503,24.919785615361047,381.69198442186206,55.35984203657803,0.0010316054447035,5.1580272235175,322.42705098312484,0.4580651857285294,NONE,NONE,0.0,1.0,False
2.4,2.4,AEROTWIN-4-001,IDLE,0.15,1185.5969302137376,237.8427080472165,23.909964307070247,43.17496367805218,21.027207518629584,2.4634240719646012,19.684332087457996,-1.379215794711964,-0.2172189725803256,44.9886174179248,-0.2172189725803256,32.72936886323364,509.34646397667916,24.919492094460285,381.1734230156958,55.284630927350484,0.0010290570396871994,5.145285198435997,322.42705098312484,0.4040776020678314,NONE,NONE,0.0,1.0,False
2.41,2.41,AEROTWIN-4-001,IDLE,0.15,1183.6487215177183,308.97852386004075,23.953685119587536,19.76738140750898,21.36459175483929,2.483108404052059,-4.080318751382366,-1.2687813691624399,-0.21761617057917723,21.471395117829776,-0.21761617057917723,32.73658680842859,509.3459153473538,24.91920260330647,381.63186996370183,55.351123155795385,0.0010313095432218067,5.156547716109033,322.42705098312484,0.14047223431972863,NONE,NONE,0.0,1.0,False
2.42,2.42,AEROTWIN-4-001,IDLE,0.15,1178.2351065531236,379.99744715110387,23.94464792909242,12.435214975524369,21.294435558313552,2.4790280853006768,-11.338248668089859,13.428222554423083,-0.5579394411836724,-0.21753406885752047,-0.21753406885752047,32.74364051114775,509.3445454871776,24.91891243566578,381.5368994773196,55.33734882639148,0.0010308423238677765,5.1542116193388825,322.42705098312484,0.2685704762296922,NONE,NONE,0.0,1.0,False
2.43,2.43,AEROTWIN-4-001,IDLE,0.15,1187.6515233566356,450.6915535442913,23.91946542329384,43.28948076682635,21.10009369482548,2.467689836632587,19.721697235368286,45.35376229820767,-1.6296709533653533,-0.21730528900798518,-0.21730528900798518,32.750396128227855,509.3408897528066,24.918620157121573,381.2728344178306,55.29904935829332,0.0010295448622551265,5.147724311275633,322.42705098312484,0.4059741007524016,NONE,NONE,0.0,1.0,False
2.44,2.44,AEROTWIN-4-001,IDLE,0.15,1177.7531532172834,521.9506449456894,23.963201296195898,3.195017513342798,21.43870392100899,2.487411533867955,-20.73109794153415,4.136313795362736,-0.5058910343629192,-0.21770262382850936,-0.21770262382850936,32.75744055250791,509.34136101899645,24.918331924980045,381.73199262791195,55.365644746767096,0.0010318024461377225,5.159012230688613,322.42705098312484,0.430714842415415,NONE,NONE,0.0,1.0,False
2.45,2.45,AEROTWIN-4-001,IDLE,0.15,1185.7990611998032,592.6158341387264,23.917218511456355,40.400826081205935,21.082835372383176,2.466680435926421,16.851310272896338,-0.2172848761008579,42.130276441459934,-0.2172848761008579,-1.29488060805228,32.764011149122595,509.33757834490035,24.918039713706776,381.2493139715259,55.295637999802175,0.0010294294138266148,5.147147069133074,322.42705098312484,0.35544806091853504,NONE,NONE,0.0,1.0,False
2.46,2.46,AEROTWIN-4-001,IDLE,0.15,1185.496988165173,663.7637778107146,23.954621981801168,23.222748684530497,21.371877222626107,2.483531746199317,-0.6326602842949272,-0.21762468185275677,25.014892277901044,-0.21762468185275677,-1.3568942296650337,32.770817783298675,509.3373384839349,24.91775097757271,381.6417215750394,55.35255201380057,0.001031358027288917,5.156790136444585,322.42705098312484,0.08002557143948981,NONE,NONE,0.0,1.0,False
2.47,2.47,AEROTWIN-4-001,IDLE,0.15,1177.9213023085915,14.893597100625016,23.953221842330354,7.977409703073866,21.360989972452465,2.482899085915022,-15.86647935529362,-0.21761196176445327,-0.21761196176445327,-0.41948752788740346,8.832121154490176,32.77753018730514,509.3369751596216,24.917462248937287,381.62699878920546,55.35041665038878,0.001031285571288496,5.15642785644248,322.42705098312484,0.3467857300975848,NONE,NONE,0.0,1.0,False
2.48,2.48,AEROTWIN-4-001,IDLE,0.15,1188.2185206611118,85.56887523914051,23.918002531394997,45.12233213288851,21.0888558405371,2.467032606559729,21.56644368579168,-0.21729199882188613,-0.21729199882188613,-1.6248187321884124,47.181734862720695,32.78386551831631,509.3333741959062,24.917170506679543,381.2575202577718,55.296828223146704,0.0010294696916117263,5.147348458058632,322.42705098312484,0.43806554673347153,NONE,NONE,0.0,1.0,False
2.49,2.49,AEROTWIN-4-001,IDLE,0.15,1179.1749971872302,156.8619864788072,23.96582481387846,5.007066710109297,21.45917893193927,2.4885990502455204,-18.940711272075497,-0.217726458151649,-0.217726458151649,-0.6416626724815516,6.084182298894146,32.79052651776486,509.3342763498633,24.916883181919676,381.75961695134805,55.36965132338962,0.0010319385011617662,5.159692505808831,322.42705098312484,0.3990663882793328,NONE,NONE,0.0,1.0,False
2.5,2.5,AEROTWIN-4-001,IDLE,0.15,1185.6189075090606,227.61248631004102,23.923844925551375,37.09952321579593,21.133770658519623,2.4696583389734448,13.496094218302858,-1.2039867532124962,-0.2173450762267605,38.73820012146195,-0.2173450762267605,32.796754118394176,509.3312801541969,24.916592225240834,381.3186977376494,55.305701282473194,0.0010297700343582603,5.1488501717913016,322.42705098312484,0.29760033343427766,NONE,NONE,0.0,1.0,False
2.5100000000000002,2.5100000000000002,AEROTWIN-4-001,IDLE,0.15,1186.9456174514892,298.74962076058466,23.953786989711855,26.627193067821775,21.365383828911607,2.4831544331917477,2.77865480571842,-1.430935675688235,-0.21761709605624852,28.493362935622507,-0.21761709605624852,32.80315741087944,509.3311205392744,24.916304082603407,381.6329411258513,55.35127851501122,0.0010313148147147982,5.156574073573991,322.42705098312484,0.11399716384255192,NONE,NONE,0.0,1.0,False
2.52,2.52,AEROTWIN-4-001,IDLE,0.15,1177.537142957464,369.966357807674,23.959933458853488,4.1940965835922395,21.41322639687214,2.485933087997466,-19.705062901277365,4.911987206745879,-0.28254475126656886,-0.21767293594353546,-0.21767293594353546,32.80953488866274,509.33153350470036,24.916016626848652,381.6975969384161,55.360656064754,0.0010316330775561502,5.158165387780751,322.42705098312484,0.413153246118549,NONE,NONE,0.0,1.0,False
2.5300000000000002,2.5300000000000002,AEROTWIN-4-001,IDLE,0.15,1188.4120550816822,440.61858638512183,23.91621118544053,46.317693244697644,21.075102527682525,2.4662280250961888,22.77636269191893,48.36001730721914,-1.6077726131762322,-0.21727572467263323,-0.21727572467263323,32.81547007888648,509.32790394263606,24.915725389358347,381.2387715425891,55.294108946994044,0.0010293776733097592,5.146888366548796,322.42705098312484,0.4590046346865231,NONE,NONE,0.0,1.0,False
2.54,2.54,AEROTWIN-4-001,IDLE,0.15,1180.3387861527465,511.92330969002273,23.966720045329858,7.046559431736159,21.466169949014592,2.489004387788108,-16.90861490506654,8.250609347572748,-0.7685807334064491,-0.21773459121506963,-0.21773459121506963,32.821755432185604,509.329025796248,24.91543881427345,381.7690454180588,55.37101880934441,0.001031984944153337,5.159924720766685,322.42705098312484,0.3633965643623403,NONE,NONE,0.0,1.0,False
2.5500000000000003,2.5500000000000003,AEROTWIN-4-001,IDLE,0.15,1184.9757829997038,582.7436368591875,23.929263384686642,33.35930653217456,21.17550727321099,2.4720957728830415,9.711703486080527,-0.21739430223610184,34.900717770669495,-0.21739430223610184,-1.1066226340227319,32.827651727066154,509.3266596311216,24.915149005020066,381.3754763699591,55.31393634174612,0.0010300488977946786,5.150244488973393,322.42705098312484,0.23208534263324102,NONE,NONE,0.0,1.0,False
2.56,2.56,AEROTWIN-4-001,IDLE,0.15,1187.9078701472597,653.8421838391697,23.95080524636568,29.964967769924005,21.342211331924183,2.481807476369122,6.1409489616307,-0.21759000729869804,31.89280812635165,-0.21759000729869804,-1.4926603418302469,32.83365618003013,509.32633990448625,24.91486126049032,381.6015939231667,55.346731979428256,0.0010311605625991321,5.1558028129956615,322.42705098312484,0.1724417332189535,NONE,NONE,0.0,1.0,False
2.57,2.57,AEROTWIN-4-001,IDLE,0.15,1177.0728264033971,5.116656048005325,23.964387562776782,1.243045600990486,21.447959727021498,2.4879484253307527,-22.692862551361767,-0.21771340090891805,-0.21771340090891805,-0.1456238866887225,1.8240962894970447,32.839701479404056,509.32728477979435,24.91457487429231,381.7444822672522,55.367456219077724,0.001031863956725436,5.15931978362718,322.42705098312484,0.4649025672858455,NONE,NONE,0.0,1.0,False
2.58,2.58,AEROTWIN-4-001,IDLE,0.15,1188.2241711546453,75.74102563220914,23.914045369515886,46.879062884599996,21.05848548970804,2.4652555627793906,23.355321832112566,-0.21725604851151864,-0.21725604851151864,-1.5792217389680312,48.892796720591065,32.84525577399921,509.3235624430438,24.914284106233932,381.2161091601607,55.29082204037139,0.0010292664631279468,5.146332315639735,322.42705098312484,0.4688531180077345,NONE,NONE,0.0,1.0,False
2.59,2.59,AEROTWIN-4-001,IDLE,0.15,1181.24436419496,147.03447590148787,23.965850953217387,9.329520400395236,21.459383027798733,2.488610884611503,-14.618473512015001,-0.21772669562420532,-0.21772669562420532,-0.8885442123823415,10.653518004025988,32.851172693734746,509.32471231246257,24.913998119491907,381.75989223226384,55.369691249583084,0.001031939857104487,5.159699285522435,322.42705098312484,0.32342407056315675,NONE,NONE,0.0,1.0,False
2.6,2.6,AEROTWIN-4-001,IDLE,0.15,1183.8926672423663,217.90913775318546,23.933476341020473,29.228597573106352,21.208012229866284,2.473992411099488,5.54659293214058,-1.0019473130147871,-0.21743257640642713,30.665410038933995,-0.21743257640642713,32.856749051803575,509.322842089306,24.913709350050468,381.4196497293982,55.320343157452456,0.0010302659288179983,5.151329644089992,322.42705098312484,0.15975039602610316,NONE,NONE,0.0,1.0,False
2.61,2.61,AEROTWIN-4-001,IDLE,0.15,1188.4008297101914,288.9426977877274,23.94578025755839,33.224626272698735,21.303213875261573,2.4795390040316287,9.441873393405533,-1.54322220091195,-0.21754435591704271,35.20293718544477,-0.21754435591704271,32.86235985649396,509.32215360874864,24.913421817808654,381.5487929556795,55.33907383270584,0.0010309008182856146,5.154504091428073,322.42705098312484,0.22954227686761208,NONE,NONE,0.0,1.0,False
2.62,2.62,AEROTWIN-4-001,IDLE,0.15,1176.9632813338499,360.2467475703389,23.966668123779087,0.0,21.465764425369667,2.4889808774250346,-23.954745302794702,0.019383360187112238,-0.007032612090860545,-0.21773411951441093,-0.21773411951441093,32.86807620814859,509.3234144098343,24.91313630412099,381.7684985571055,55.370939493725466,0.0010319822503276378,5.1599112516381895,322.42705098312484,0.48671011908926715,NONE,NONE,0.0,1.0,False
2.63,2.63,AEROTWIN-4-001,IDLE,0.15,1188.0726210603264,430.8645444503699,23.91353428301387,46.78693887411498,21.054566028037762,2.4650261321222398,23.26734671395498,48.760797553191516,-1.5393558683647144,-0.2172514053559103,-0.2172514053559103,32.87328493959155,509.3197418844458,24.912846150922636,381.2107622190271,55.29004653072325,0.00102924022690734,5.1462011345367005,322.42705098312484,0.4672467342088589,NONE,NONE,0.0,1.0,False
2.64,2.64,AEROTWIN-4-001,IDLE,0.15,1182.3050736522707,502.1489017139895,23.96514983931356,11.862679808160452,21.453909373576902,2.4882934788361943,-12.079523044252644,13.30008817352389,-1.001967713175604,-0.21772032609391684,-0.21772032609391684,32.87885620921276,509.3209223177891,24.912560766046926,381.7525089194972,55.36862038866603,0.0010319034902508187,5.159517451254094,322.42705098312484,0.2790771017032997,NONE,NONE,0.0,1.0,False
2.65,2.65,AEROTWIN-4-001,IDLE,0.15,1182.8258304658937,573.0872061331257,23.93840732663453,24.813001673367914,21.24611719758566,2.4762139557919416,1.090670519990311,-0.2174773737810755,26.13838744355089,-0.2174773737810755,-0.8904310226208232,32.884139068857365,509.31960143426676,24.91227310076647,381.47138166136676,55.32784625340131,0.001030520182284173,5.1526009114208655,322.42705098312484,0.08242187397212691,NONE,NONE,0.0,1.0,False
2.66,2.66,AEROTWIN-4-001,IDLE,0.15,1188.8321704474433,644.0567559610794,23.940826748867114,36.32179106998636,21.264837403008627,2.4773046263119323,12.579649040665801,-0.21749935392311381,38.339188287355626,-0.21749935392311381,-1.5823985095230404,32.88937802440273,509.31853675432404,24.911985785418544,381.4967761292274,55.33152941623088,0.0010306450255771703,5.153225127885852,322.42705098312484,0.2837984300508194,NONE,NONE,0.0,1.0,False
2.67,2.67,AEROTWIN-4-001,IDLE,0.15,1177.3867493401426,715.386686187926,23.968662916842696,0.0,21.481349636605774,2.4898842753525976,-23.97123391195837,-0.2177522419546715,0.5232246373767625,-0.2177522419546715,-0.13135448380929765,32.89478328325347,509.3200728370863,24.911701117355282,381.78951123088467,55.37398712990505,0.0010320857657139528,5.160428828569764,322.42705098312484,0.4867575838548383,NONE,NONE,0.0,1.0,False
2.68,2.68,AEROTWIN-4-001,IDLE,0.15,1188.1247113833938,66.02989114833451,23.91550975398087,46.02516765284645,21.06971949833644,2.4659130414406394,22.48953511306937,-0.21726935225739052,-0.21726935225739052,-1.4889862957309405,47.948692653092166,32.89968679641802,509.3166653373049,24.911411798923194,381.2314313201416,55.2930443358107,0.0010293416509807199,5.1467082549036,322.42705098312484,0.4538933751589853,NONE,NONE,0.0,1.0,False
2.69,2.69,AEROTWIN-4-001,IDLE,0.15,1183.662406254592,137.31737383133816,23.965390833120757,14.598363251499345,21.45579068209201,2.488402576553709,-9.345830007146375,-0.21772251549188185,-0.21772251549188185,-1.107015774685133,16.140824057168242,32.904939990472855,509.3179450087509,24.911127099571146,381.7550467098466,55.36898846470273,0.001031915990044878,5.15957995022439,322.42705098312484,0.23120837447184256,NONE,NONE,0.0,1.0,False
2.7,2.7,AEROTWIN-4-001,IDLE,0.15,1182.0055425138555,208.3371182066137,23.94471145540564,20.303857394366986,21.294927951752168,2.4790567465465627,-3.470127303931745,-0.7744100377320446,-0.21753464598596417,21.513336724070957,-0.21753464598596417,32.90995950366321,509.31728027192696,24.91084066220706,381.53756668428997,55.33744559675605,0.0010308456051907992,5.154228025953996,322.42705098312484,0.13087074229650797,NONE,NONE,0.0,1.0,False
2.71,2.71,AEROTWIN-4-001,IDLE,0.15,1189.368493898866,279.25745075744504,23.9370152797366,39.13186930314609,21.235353363977996,2.475586619242631,15.420929319925463,-1.6097426109998232,-0.2174647272127633,41.17654136857144,-0.2174647272127633,32.91485542826778,509.3159220690633,24.91055366436024,381.45677414901184,55.325727609024376,0.0010304483795099202,5.152241897549602,322.42705098312484,0.333017746665178,NONE,NONE,0.0,1.0,False
2.72,2.72,AEROTWIN-4-001,IDLE,0.15,1178.306236961065,350.61956039137704,23.971142301440455,0.8230067698567569,21.50073597323988,2.4910075485625565,-23.16873675194568,-0.266211920711827,-0.2177747668471406,1.524768224262865,-0.2177747668471406,32.919972098173155,509.3177533718648,24.910269884724638,381.81563598914556,55.377776212593695,0.0010322144860799376,5.161072430399688,322.42705098312484,0.47241397279388925,NONE,NONE,0.0,1.0,False
2.73,2.73,AEROTWIN-4-001,IDLE,0.15,1188.362788513344,421.31793460904095,23.919796970585303,44.63287253960611,21.102641409738066,2.4678388118106107,21.062392318057434,46.497317632495005,-1.4298284907433094,-0.21730830107279167,-0.21730830107279167,32.924607220512,509.3147979248372,24.909981606300033,381.2763055845891,55.29955280937764,0.0010295619018569344,5.147809509284672,322.42705098312484,0.4294797072096357,NONE,NONE,0.0,1.0,False
2.74,2.74,AEROTWIN-4-001,IDLE,0.15,1185.2595027785096,492.6197019198416,23.96649216567998,17.453784951323765,21.464390191559012,2.4889012041286684,-6.499506444363915,19.090911896551653,-1.2016619033127875,-0.21773252095754927,-0.21773252095754927,32.92956734251474,509.3162263146506,24.909697668755538,381.7666453149718,55.37067070319288,0.001031973121371838,5.15986560685919,322.42705098312484,0.18126469605274245,NONE,NONE,0.0,1.0,False
2.75,2.75,AEROTWIN-4-001,IDLE,0.15,1181.4797297983357,563.7352720865522,23.952120847286615,15.918496203577323,21.3524325237274,2.4824016976843044,-7.9163380178343825,-0.21760195936507093,17.0106046342869,-0.21760195936507093,-0.6569045119794348,32.93434966496939,509.31628901511795,24.909412559820215,381.6154234242409,55.34873778260505,0.0010312286101006153,5.1561430505030765,322.42705098312484,0.2077905548027913,NONE,NONE,0.0,1.0,False
2.7600000000000002,2.7600000000000002,AEROTWIN-4-001,IDLE,0.15,1190.005909600723,634.6240558744523,23.934570842175862,41.548139140291404,21.21646456038082,2.47448535966647,17.857189220244113,-0.21744251980966303,43.60853495662166,-0.21744251980966303,-1.625510776710929,32.93893129773107,509.31473024536785,24.90912600001264,381.431129562769,55.32200816952489,0.001030322342206694,5.151611711033469,322.42705098312484,0.3753300291181364,NONE,NONE,0.0,1.0,False
2.77,2.77,AEROTWIN-4-001,IDLE,0.15,1179.4770215001297,706.0244104504957,23.974087709009776,1.9644787124918752,21.523787835134243,2.492342548886714,-22.051651671529083,-0.2178015254987982,2.7945886388754864,-0.2178015254987982,-0.3945068753860148,32.94378000293907,509.3168645219197,24.908843149924575,381.8466819705545,55.382279059645285,0.0010323674844863054,5.161837422431527,322.42705098312484,0.4525083296621405,NONE,NONE,0.0,1.0,False
2.7800000000000002,2.7800000000000002,AEROTWIN-4-001,IDLE,0.15,1188.5901089250615,56.793031740503466,23.925251572757773,42.70129467760762,21.14459810993447,2.470290897215185,19.086405670457964,-0.21735785543701078,-0.21735785543701078,-1.3639711543287234,44.49998154281036,32.94817245916377,509.3144330609432,24.90855601552121,381.33343389744147,55.30783858561711,0.0010298423990090933,5.149211995045467,322.42705098312484,0.39561544059095577,NONE,NONE,0.0,1.0,False
2.79,2.79,AEROTWIN-4-001,IDLE,0.15,1186.8637688653437,128.10843827600715,23.967543551670342,20.346341905711178,21.472602768963423,2.4893773028856434,-3.6156381661378885,-0.21774207266501644,-0.21774207266501644,-1.284968052737045,22.066794103778253,32.95285543965474,509.3159679953875,24.90827283337457,381.7777194422419,55.37227687246388,0.0010320276735911996,5.160138367955998,322.42705098312484,0.13066996489042199,NONE,NONE,0.0,1.0,False
2.8000000000000003,2.8000000000000003,AEROTWIN-4-001,IDLE,0.15,1181.1016216872445,199.32026440792777,23.9595544449959,11.827822137018957,21.410273301379185,2.4857616647195053,-12.068212829079734,-0.5401166598665337,-0.2176694926510369,12.803277782187566,-0.2176694926510369,32.957416472504484,509.3167246964451,24.907989056185905,381.6936085522184,55.36007759719665,0.0010316134408899526,5.158067204449763,322.42705098312484,0.279554037093824,NONE,NONE,0.0,1.0,False
2.81,2.81,AEROTWIN-4-001,IDLE,0.15,1190.5758761779437,270.18636170916244,23.932812462201962,43.51941260948969,21.202886953452097,2.4736934518904254,19.842832204147168,-1.6306904625992766,-0.21742654515213403,45.58495616239324,-0.21742654515213403,32.961705542639066,509.31499298832847,24.907702993686765,381.4126873158944,55.31933334292269,0.001030231716839719,5.151158584198595,322.42705098312484,0.4098471479745014,NONE,NONE,0.0,1.0,False
2.82,2.82,AEROTWIN-4-001,IDLE,0.15,1180.676711016329,341.62091427983904,23.976720230316843,3.3051841401607347,21.544410888333225,2.4935362840945725,-20.732763032267066,-0.5151070493994204,-0.21782544161871678,4.2559420727975885,-0.21782544161871678,32.96629929917802,509.3173649676965,24.907421043285538,381.87443995707486,55.38630502249422,0.0010325043072639756,5.162521536319878,322.42705098312484,0.4291086683157345,NONE,NONE,0.0,1.0,False
2.83,2.83,AEROTWIN-4-001,IDLE,0.15,1188.636158284708,412.4615169408188,23.93083582673785,40.330664782053574,21.18763388434124,2.4728035210623056,16.67022737665003,42.05842868249918,-1.292946725102925,-0.2174085876713463,-0.2174085876713463,32.97046528406416,509.3154351482254,24.907135064473476,381.391960862082,55.31632721951465,0.0010301298809223607,5.150649404611804,322.42705098312484,0.3540663638111231,NONE,NONE,0.0,1.0,False
2.84,2.84,AEROTWIN-4-001,IDLE,0.15,1188.2833236876893,483.77968643790126,23.967756513653953,23.224765317025874,21.47426662053763,2.4894737484389555,-0.7389750519507121,25.01763949920919,-1.3573861673884315,-0.21774400739744365,-0.21774400739744365,32.97487964863573,509.3169647659275,24.906852559433762,381.77996272843137,55.37260223420623,0.0010320387247489044,5.160193623744522,322.42705098312484,0.08030262247301378,NONE,NONE,0.0,1.0,False
2.85,2.85,AEROTWIN-4-001,IDLE,0.15,1180.7315381224855,555.0766858591626,23.966124587707622,8.133831747200748,21.461519675900533,2.4887347733870047,-15.81642270208679,-0.21772918155860777,8.994044299483415,-0.21772918155860777,-0.4247541891654504,32.97922721930002,509.31830492835974,24.906570036495236,381.76277401145165,55.37010921707292,0.0010319540519518181,5.159770259759091,322.42705098312484,0.34435513194177964,NONE,NONE,0.0,1.0,False
2.86,2.86,AEROTWIN-4-001,IDLE,0.15,1190.938257672112,625.9205781465117,23.93109091189382,45.03942349804325,21.189601711119355,2.472918350684918,21.376903436238976,-0.2174109050874155,47.10069585005744,-0.2174109050874155,-1.6264505418393598,32.9832393255707,509.3163751072032,24.906284472293034,381.39463532327187,55.3167151180167,0.0010301430205975105,5.150715102987553,322.42705098312484,0.4364667626876202,NONE,NONE,0.0,1.0,False
2.87,2.87,AEROTWIN-4-001,IDLE,0.15,1181.752290529296,697.3768736068384,23.978393376580165,4.812778702506568,21.557528043044048,2.4942952541211567,-19.239044594658637,-0.21784064193886898,5.876932299573687,-0.21784064193886898,-0.6284723131893803,32.98758519544874,509.31886783995407,24.90600333246121,381.8920869442658,55.388864506222426,0.001032591305335877,5.162956526679386,322.42705098312484,0.4027656110851094,NONE,NONE,0.0,1.0,False
2.88,2.88,AEROTWIN-4-001,IDLE,0.15,1188.3861821205323,48.28201103859624,23.93583806464206,37.595300995713046,21.226254727693824,2.4750562095264983,13.893990058492724,-0.21745403236395228,-0.21745403236395228,-1.2173554348410314,39.247564495281985,32.991534554119404,509.3173614113249,24.905718456834958,381.44442299740234,55.32393622269724,0.0010303876735693286,5.151938367846643,322.42705098312484,0.3061410724305329,NONE,NONE,0.0,1.0,False
2.89,2.89,AEROTWIN-4-001,IDLE,0.15,1189.3968844676906,119.58518196582818,23.9666003725183,26.070995523139477,21.46523527768909,2.4889501995849908,2.1168100458653965,-0.21773350400285807,-0.21773350400285807,-1.42009489306099,27.926557424206184,32.99568404154775,509.3187357398077,24.90543650208803,381.76778497606375,55.370835997358334,0.0010319787352577067,5.159893676288534,322.42705098312484,0.1041199157626667,NONE,NONE,0.0,1.0,False
2.9,2.9,AEROTWIN-4-001,IDLE,0.15,1180.2798692122626,190.94899503388962,23.97127352072092,4.898197353240943,21.50176244302277,2.4910670096308567,-19.094632099412685,-0.3102246914707481,-0.21777595895754778,5.643973962626786,-0.21777595895754778,32.999821029838,509.32050886822725,24.905155104311923,381.81701885153046,55.37797678018828,0.0010322213002911884,5.161106501455942,322.42705098312484,0.40110126087516224,NONE,NONE,0.0,1.0,False
2.91,2.91,AEROTWIN-4-001,IDLE,0.15,1191.0099874565963,261.76578718662535,23.928989189396056,46.11847283980411,21.17339336323986,2.471972377531444,22.47310709903281,-1.6136302084113898,-0.21739181120689985,48.1668866706293,-0.21739181120689985,33.003567952713446,509.31833037618395,24.90487000203992,381.37260221479295,55.31351948002914,0.0010300347789383606,5.150173894691803,322.42705098312484,0.4553738484086844,NONE,NONE,0.0,1.0,False
2.92,2.92,AEROTWIN-4-001,IDLE,0.15,1182.6212744685809,333.22638643402115,23.97872450420661,6.48529101277251,21.560124925624038,2.4944454846304764,-17.569279397482003,-0.7359843858393239,-0.21784365019107238,7.65696269899398,-0.21784365019107238,33.00766957946839,509.32080496854644,24.904589548355474,381.89557986116364,55.38937111190345,0.0010326085263705636,5.163042631852818,322.42705098312484,0.3735045325109705,NONE,NONE,0.0,1.0,False
2.93,2.93,AEROTWIN-4-001,IDLE,0.15,1187.7766106090046,404.183662902136,23.93987650122219,34.531669994338344,21.25748302541117,2.4768762052329945,10.797310763694181,36.1035200057896,-1.1368685693620606,-0.21749072104460027,-0.21749072104460027,33.01140879586115,509.31962253339077,24.904305688753514,381.4868013162814,55.33008268931082,0.0010305959851303647,5.152979925651824,322.42705098312484,0.2524820156661738,NONE,NONE,0.0,1.0,False
2.94,2.94,AEROTWIN-4-001,IDLE,0.15,1190.1441653892034,475.4502595386763,23.963780177048204,28.889488796685953,21.44322014439295,2.487673515996689,4.9585951362963145,30.79926374120346,-1.4743591787432433,-0.21770788288713316,-0.21770788288713316,33.015294584591956,509.3206790888884,24.904024130554458,381.7380871529459,55.36652868448897,0.0010318324605707028,5.159162302853514,322.42705098312484,0.15347516545643386,NONE,NONE,0.0,1.0,False
2.95,2.95,AEROTWIN-4-001,IDLE,0.15,1179.7223863478423,546.8589094620285,23.974726380308468,2.1940985543108953,21.52878942562869,2.492632111132985,-21.82732298245078,-0.2178073277459926,2.8248002444105897,-0.2178073277459926,-0.19508703460770924,33.01922147488865,509.322723896833,24.903743702804825,381.8534154206624,55.38325566578203,0.001032400672121271,5.162003360606354,322.42705098312484,0.4485051886007938,NONE,NONE,0.0,1.0,False
2.96,2.96,AEROTWIN-4-001,IDLE,0.15,1190.76830240697,617.642252642899,23.926394097502172,46.758713667309756,21.153396383476455,2.4708047881505344,23.134512495682767,-0.21736823512842054,48.785939337258625,-0.21736823512842054,-1.5924891996920285,33.022713845650436,509.32025110784696,24.903459016120244,381.34540501249916,55.30957485220285,0.0010299011909416641,5.149505954708321,322.42705098312484,0.46660736686571735,NONE,NONE,0.0,1.0,False
2.97,2.97,AEROTWIN-4-001,IDLE,0.15,1183.270965861601,689.0883507873173,23.977608736292385,8.34293001937343,21.551375660341332,2.4939393006462174,-15.70238494161412,-0.21783351358204806,9.617880767071606,-0.21783351358204806,-0.8392837205340798,33.026573901194446,509.32257410261093,24.903179114355087,381.88381072164293,55.38766413944565,0.0010325505029670577,5.162752514835289,322.42705098312484,0.3409692753013941,NONE,NONE,0.0,1.0,False
2.98,2.98,AEROTWIN-4-001,IDLE,0.15,1186.7980835682947,40.08460873901333,23.942894077893087,31.14626066506931,21.28084569890109,2.478236915704603,7.387178050463618,-0.21751813534333012,-0.21751813534333012,-1.0504790273708644,32.631775963126834,33.030108846222184,509.3216258782721,24.902896178051073,381.51848118068665,55.33467747348443,0.0010307517487824882,5.153758743912441,322.42705098312484,0.19320336644273955,NONE,NONE,0.0,1.0,False
2.99,2.99,AEROTWIN-4-001,IDLE,0.15,1190.5205681983105,111.29249375311102,23.95925026092164,31.68988119594789,21.40790352435399,2.485624093755067,7.796353577838833,-0.21766672917756463,-0.21766672917756463,-1.5210640419819876,33.64627869628501,33.03373169222274,509.322212981416,24.902614858700417,381.69040774447063,55.35961335844253,0.0010315976822322108,5.157988411161054,322.42705098312484,0.20253285390779258,NONE,NONE,0.0,1.0,False
3.0,3.0,AEROTWIN-4-001,IDLE,0.15,1179.1384735907961,182.72372784500965,23.976464827923902,0.1972264980501894,21.54240925167117,2.4934204473329054,-23.838603200953887,-0.07763234985198238,-0.21782312132059015,0.7105050905433521,-0.21782312132059015,33.037448731596385,509.324380757537,24.90233524335598,381.87174651532075,55.38591437108909,0.00103249102977607,5.16245514888035,322.42705098312484,0.48349184493568664,NONE,NONE,0.0,1.0,False
3.0100000000000002,3.0100000000000002,AEROTWIN-4-001,IDLE,0.15,1190.2812149236509,253.4720362604574,23.923674798850783,46.93934620895863,21.132461490061285,2.4695818441319517,23.337302874765395,-1.5627233568582852,-0.2173435306474097,48.93675662711174,-0.2173435306474097,33.040699900521325,509.32161629870893,24.902050959405404,381.3169156526258,55.30544281242555,0.0010297612836095073,5.148806418047537,322.42705098312484,0.46979915832874897,NONE,NONE,0.0,1.0,False
3.02,3.02,AEROTWIN-4-001,IDLE,0.15,1183.7826683255048,324.8889091558765,23.975359412799317,10.416142930897081,21.533747951721498,2.492919147006717,-13.610524167831134,-0.9395861783274924,-0.21781307876533773,11.791355266755247,-0.21781307876533773,33.04432344877826,509.32369641192275,24.90177150403547,381.86008996837,55.384223728832445,0.0010324335709754144,5.162167854877072,322.42705098312484,0.3046344848079845,NONE,NONE,0.0,1.0,False
3.0300000000000002,3.0300000000000002,AEROTWIN-4-001,IDLE,0.15,1185.5323982646426,395.9158692554068,23.945269699042683,27.443189809716003,21.299255371836473,2.479308622838886,3.664625815040644,28.835329835212214,-0.9570605903799657,-0.2175397175581226,-0.2175397175581226,33.04766279816652,509.32293943090707,24.901489432339712,381.5434300622087,55.33829600936262,0.0010308744419373747,5.154372209686874,322.42705098312484,0.12837288445712416,NONE,NONE,0.0,1.0,False
3.04,3.04,AEROTWIN-4-001,IDLE,0.15,1190.6017356790655,467.04781315128537,23.95338598841983,34.46243477378493,21.362266071985033,2.4829732486539267,10.617195453145968,36.45804878162645,-1.5603871018200983,-0.21761345301071575,-0.21761345301071575,33.05102630645882,509.32295125867637,24.901208228757756,381.6287246865112,55.35066697108221,0.00103129406464861,5.15647032324305,322.42705098312484,0.25111839946636005,NONE,NONE,0.0,1.0,False
3.0500000000000003,3.0500000000000003,AEROTWIN-4-001,IDLE,0.15,1179.1239886143721,538.4839172920293,23.976839641183332,0.0,21.5453467946944,2.4935904441070726,-24.038937238801473,0.09846376550217761,-0.04322366718790575,-0.21782652645119083,-0.21782652645119083,33.054536336219975,509.32513536392906,24.900929299808116,381.8756992796116,55.3864876721163,0.001032510515257776,5.16255257628888,322.42705098312484,0.4869522344513451,NONE,NONE,0.0,1.0,False
3.06,3.06,AEROTWIN-4-001,IDLE,0.15,1190.1163974404888,609.2313566088917,23.923607326611712,46.62394101097667,21.131942295186082,2.469551506868271,23.02244720892232,-0.21734291767073352,48.58277645894364,-0.21734291767073352,-1.5241496126254999,33.05758109597799,509.32234583209413,24.900645656104263,381.3162088884038,55.305340304756314,0.0010297578131456175,5.148789065728088,322.42705098312484,0.46428032985017287,NONE,NONE,0.0,1.0,False
3.0700000000000003,3.0700000000000003,AEROTWIN-4-001,IDLE,0.15,1184.7110324935763,680.638340455321,23.974598111943468,12.699388918441105,21.527784835825006,2.4925739540771934,-11.320969871461095,-0.2178061624442756,14.171017953687066,-0.2178061624442756,-1.03601671035741,33.06099359874139,509.3243370709091,24.900366782103173,381.85206305514146,55.38305952139161,0.001032394006496161,5.161970032480806,322.42705098312484,0.2646595532061697,NONE,NONE,0.0,1.0,False
3.08,3.08,AEROTWIN-4-001,IDLE,0.15,1184.5781561335548,31.721002404935575,23.949577349407928,23.535633114250484,21.332675727697435,2.481252984205732,-0.2782955976526833,-0.21757885201163146,-0.21757885201163146,-0.8579952612601085,24.828786079533856,33.06416557572505,509.3239619437765,24.900085750129982,381.5886884539219,55.344860195979926,0.0010310970677115507,5.155485338557753,322.42705098312484,0.0744302310194838,NONE,NONE,0.0,1.0,False
3.09,3.09,AEROTWIN-4-001,IDLE,0.15,1190.9243102295286,102.79569177294887,23.948960983662566,37.100219426353796,21.32789068010586,2.4809746886080792,13.291354057639857,-0.21757325240754077,-0.21757325240754077,-1.5912753038820668,39.12664123505094,33.06729430669217,509.32353924781074,24.899804791766343,381.5822110750619,55.34392072990482,0.001031065201184725,5.155326005923625,322.42705098312484,0.29732937468165294,NONE,NONE,0.0,1.0,False
3.1,3.1,AEROTWIN-4-001,IDLE,0.15,1179.5024738631994,174.2511503867206,23.978328988617342,0.1294510090670865,21.557023112377742,2.4942660426657195,-23.921838145976373,-0.21784005698244868,-0.21784005698244868,-0.16365465939254845,0.7287857824245323,33.070618671056344,509.325846899571,24.899526650291467,381.89140776184945,55.38876599896312,0.0010325879568295706,5.162939784147853,322.42705098312484,0.48472231214452555,NONE,NONE,0.0,1.0,False
3.11,3.11,AEROTWIN-4-001,IDLE,0.15,1190.0939030068762,245.02129881851258,23.925370099826804,45.79849222408782,21.145510693706836,2.470344204519743,22.182637325861243,-1.477711700530828,-0.2173589322402978,47.71092178909924,-0.2173589322402978,33.073483499814365,509.3232017873088,24.899243810558758,381.3346757169206,55.308018696630725,0.001029848497538711,5.149242487693556,322.42705098312484,0.44981505863394833,NONE,NONE,0.0,1.0,False
3.12,3.12,AEROTWIN-4-001,IDLE,0.15,1185.8501178372328,316.42693299892517,23.974494201510304,15.131335015552272,21.526971048616648,2.492526841845604,-8.88816287490998,-1.125964315869999,-0.217805218431259,16.69290976828479,-0.217805218431259,33.07670212191707,509.3251619867719,24.898965576585855,381.8509675177931,55.382900626845675,0.0010323886067880855,5.161943033940427,322.42705098312484,0.22209802246415297,NONE,NONE,0.0,1.0,False
3.13,3.13,AEROTWIN-4-001,IDLE,0.15,1183.8103045872679,387.5779400691591,23.954858602756754,19.58518146725636,21.37371766880876,2.4836386789706943,-4.272174880523094,20.776070520879923,-0.755635390575718,-0.2176268315239233,-0.2176268315239233,33.07972585362455,509.3252544161757,24.898685673024495,381.6442099585273,55.35291292396489,0.0010313702742364244,5.156851371182122,322.42705098312484,0.1436886213240069,NONE,NONE,0.0,1.0,False
3.14,3.14,AEROTWIN-4-001,IDLE,0.15,1191.3187100221921,458.60655834439524,23.94539797639916,39.5051839502367,21.300249876458953,2.479366504090171,15.725567569687575,41.55344980008484,-1.6131840839650906,-0.217540882941526,-0.217540882941526,33.082638302503256,509.3244703291659,24.898405036375735,381.54477745146613,55.338491432005746,0.0010308810687158602,5.154405343579302,322.42705098312484,0.3394563382635487,NONE,NONE,0.0,1.0,False
3.15,3.15,AEROTWIN-4-001,IDLE,0.15,1180.2774391977605,530.0856809457267,23.98014945920487,0.9416121383708966,21.571303605597503,2.4950920716598586,-23.124783538886465,1.6586467459093925,-0.2813214160879482,-0.21785659572527394,-0.21785659572527394,33.08579078215123,509.32692373237484,24.89812771154337,381.9106127771357,55.39155145597021,0.0010326826475278686,5.163413237639343,322.42705098312484,0.47055285538621416,NONE,NONE,0.0,1.0,False
3.16,3.16,AEROTWIN-4-001,IDLE,0.15,1190.232779573872,600.9023272975924,23.92897788001689,44.49568959232278,21.17330617781663,2.471967288120972,20.85041612638518,-0.21739170846263428,46.35513648928721,-0.21739170846263428,-1.4246634800391598,33.0885010028332,509.32458382729305,24.897845841503774,381.37248367036443,55.31350228658231,0.0010300341966127803,5.1501709830639015,322.42705098312484,0.4269752692528538,NONE,NONE,0.0,1.0,False
3.17,3.17,AEROTWIN-4-001,IDLE,0.15,1187.1892210740875,672.3162940720247,23.975135697242436,17.65039915785176,21.53199546940041,2.4928177042473574,-6.37441401579601,-0.2178110463380705,19.293957212669106,-0.2178110463380705,-1.2079359621412074,33.09154241041433,509.32656899428525,24.897568314315315,381.8577311012113,55.38388160345748,0.0010324219439415173,5.162109719707587,322.42705098312484,0.1780296739647101,NONE,NONE,0.0,1.0,False
3.18,3.18,AEROTWIN-4-001,IDLE,0.15,1183.292427210163,23.547647336469936,23.961061367240514,15.747034122729938,21.42201681613762,2.4864432902315614,-8.161425983639244,-0.21768318284720495,-0.21768318284720495,-0.6522521110042578,16.834652599428605,33.094435463705786,509.3272001498884,24.89728962366573,381.70946713353186,55.36237769411319,0.0010316915232465628,5.158457616232814,322.42705098312484,0.2110036593907861,NONE,NONE,0.0,1.0,False
3.19,3.19,AEROTWIN-4-001,IDLE,0.15,1191.8109215140614,94.54519296907971,23.942993732536372,41.60099227445438,21.281617660357444,2.478281864247922,17.84109274984901,-0.21751904069303912,-0.21751904069303912,-1.6262622995446645,43.66229265538512,33.09715123240669,509.32614547208846,24.897009412020413,381.51952760680535,55.334829245035834,0.00103075689444557,5.1537844722278505,322.42705098312484,0.37616004756470284,NONE,NONE,0.0,1.0,False
3.2,3.2,AEROTWIN-4-001,IDLE,0.15,1181.245452075269,166.0538482599234,23.982420639550234,1.956987823909764,21.589132314003745,2.4961229569977714,-22.12826744709175,-0.21787722910869636,-0.21787722910869636,-0.39382923045060486,2.7865715125777615,33.1001454143231,509.3287679445066,24.896732943983704,381.93457887938865,55.395027451508774,0.0010328008305885055,5.164004152942527,322.42705098312484,0.4528378898570576,NONE,NONE,0.0,1.0,False
3.21,3.21,AEROTWIN-4-001,IDLE,0.15,1190.365213961053,236.92857538443954,23.933481400349493,42.782430611529136,21.2080512934,2.4739946895506795,19.100384628578457,-1.3665493097790313,-0.21743262236978525,44.58384516604774,-0.21743262236978525,33.10271772570045,509.3267967967833,24.896452124143632,381.41970279123973,55.320350853435826,0.0010302661895602624,5.151330947801312,322.42705098312484,0.3969424171309316,NONE,NONE,0.0,1.0,False
3.22,3.22,AEROTWIN-4-001,IDLE,0.15,1188.5341677507936,308.35048822210274,23.97574737203667,20.19494822358383,21.536787364427692,2.493095074179258,-3.834934215023121,-1.2811372394785272,-0.21781660332546918,21.9117186697133,-0.21781660332546918,33.10559137201825,509.3287833971327,24.89617529916432,381.8641807897852,55.38481705338887,0.0010324537353949646,5.162268676974823,322.42705098312484,0.13351463010945788,NONE,NONE,0.0,1.0,False
3.23,3.23,AEROTWIN-4-001,IDLE,0.15,1182.8915314560952,379.66253828715037,23.96728483348625,12.14193191365866,21.47058159389715,2.4892601399642347,-11.817909820202726,13.126898708003049,-0.5494873498576874,-0.21773972224335061,-0.21773972224335061,33.108363270015495,509.3299355983833,24.89589782382623,381.7749942547159,55.37188161671549,0.001032014248663426,5.160071243317129,322.42705098312484,0.2742409838673225,NONE,NONE,0.0,1.0,False
3.24,3.24,AEROTWIN-4-001,IDLE,0.15,1192.2531484140748,450.63603017451607,23.941131925970815,43.351566750241595,21.26719981282409,2.477442230144032,19.606924707273475,45.41773644324646,-1.6311654401686002,-0.2175021264181318,-0.2175021264181318,33.11089618461037,509.3286407219049,24.89561808432211,381.4999798490986,55.33199407735356,0.0010306607771644154,5.153303885822077,322.42705098312484,0.40681606708013307,NONE,NONE,0.0,1.0,False
3.25,3.25,AEROTWIN-4-001,IDLE,0.15,1182.2377719244332,522.1712190793605,23.984460450515048,3.126050465563676,21.605156779241643,2.4970491548513056,-20.97615546852927,4.062196362132911,-0.5003543755075538,-0.21789576053084092,-0.21789576053084092,33.1137394665029,509.3313903388919,24.895342450314917,381.9561095106906,55.398150211211544,0.0010329070204903679,5.16453510245184,322.42705098312484,0.43242790008240334,NONE,NONE,0.0,1.0,False
3.2600000000000002,3.2600000000000002,AEROTWIN-4-001,IDLE,0.15,1190.3585094138218,593.1054853948265,23.938094574821065,40.72780425649343,21.24369843151393,2.4760729993827764,17.00803282559672,-0.2174745324707866,42.46717992808319,-0.2174745324707866,-1.3044266066481867,33.11618372547442,509.3297789112443,24.895062690222254,381.4680995601674,55.32737022400756,0.001030504048574278,5.1525202428713905,322.42705098312484,0.3609344437072033,NONE,NONE,0.0,1.0,False
3.27,3.27,AEROTWIN-4-001,IDLE,0.15,1189.7379213736804,664.5269959596558,23.975716407226173,22.729869240221987,21.536544759889583,2.493081032208373,-1.2997565518759693,-0.21781632201411982,24.511376780194595,-0.21781632201411982,-1.3458748959443703,33.118893624171236,509.33168808535487,24.89478650632738,381.86385427500426,55.38476969633807,0.0010324521259217994,5.162260629608997,322.42705098312484,0.08915277498502912,NONE,NONE,0.0,1.0,False
3.2800000000000002,3.2800000000000002,AEROTWIN-4-001,IDLE,0.15,1182.495982043908,15.911271242076623,23.972849547981948,8.838393664145972,21.51409465259319,2.491781275656497,-15.167482264103715,-0.2177902769639656,-0.2177902769639656,-0.44780143185073257,9.721775649924636,33.121548019701386,509.33328356380974,24.894510186106686,381.8336297361346,55.380385989669485,0.0010323031574414124,5.161515787207062,322.42705098312484,0.33218534108820585,NONE,NONE,0.0,1.0,False
3.29,3.29,AEROTWIN-4-001,IDLE,0.15,1192.533999653245,86.86103016471111,23.93929439295203,44.75316774194275,21.25297902981836,2.476613793392393,21.023574918731995,-0.21748543266529732,-0.21748543266529732,-1.6286934752961253,46.81683208256947,33.12390734426465,509.33173546701903,24.894230918774486,381.48069148145163,55.32919653108678,0.0010305659482687018,5.152829741343509,322.42705098312484,0.4313647845977455,NONE,NONE,0.0,1.0,False
3.3000000000000003,3.3000000000000003,AEROTWIN-4-001,IDLE,0.15,1183.1346411169523,158.41307014390583,23.985755543791413,4.427003631981009,21.615336747718988,2.4976373683111253,-19.685970484049104,-0.21790752628788157,-0.21790752628788157,-0.6012816812524263,5.464100365809198,33.12660267322557,509.33452808019496,24.89395604843408,381.9697824413558,55.40013330572936,0.0010329744641519134,5.164872320759567,322.42705098312484,0.4096920850729551,NONE,NONE,0.0,1.0,False
3.31,3.31,AEROTWIN-4-001,IDLE,0.15,1190.1184361514895,229.40114861092297,23.942261023183228,38.38071995970581,21.2759424454263,2.477951397827076,14.626826116452431,-1.238653124315278,-0.21751238412212806,40.054397852265346,-0.21751238412212806,33.12892405691144,509.33322258152594,24.893677307025502,381.5118340832157,55.33371339176144,0.0010307190634370907,5.153595317185454,322.42705098312484,0.319813532356626,NONE,NONE,0.0,1.0,False
3.3200000000000003,3.3200000000000003,AEROTWIN-4-001,IDLE,0.15,1190.7034264031104,300.80825478001236,23.97460752944484,25.24563753347069,21.52785859158445,2.4925782239435286,1.225200717942709,-1.4030307185796227,-0.217806248001073,27.084280748052453,-0.217806248001073,33.13147054027462,509.33494277533845,24.89340166283233,381.8521623454583,55.38307392226058,0.0010323944958824487,5.161972479412244,322.42705098312484,0.08958647681005646,NONE,NONE,0.0,1.0,False
3.33,3.33,AEROTWIN-4-001,IDLE,0.15,1182.0281603094259,372.250460364199,23.977309193398924,5.8733959858475355,21.549027379756623,2.493803424661471,-18.169434818570558,6.655711626530648,-0.3466540561368917,-0.21783079227311067,-0.21783079227311067,33.13400735717266,509.3368706744135,24.893126395871928,381.88065142652545,55.3872059216004,0.0010325349280359203,5.162674640179602,322.42705098312484,0.38417898704620773,NONE,NONE,0.0,1.0,False
3.34,3.34,AEROTWIN-4-001,IDLE,0.15,1192.5813222036727,443.17214998276455,23.93712040516776,45.8142906289372,21.236166053020884,2.4756339898429007,22.102490586073415,47.86864734602294,-1.619425352557981,-0.21746568226388158,-0.21746568226388158,33.13619933220736,509.3350324048286,24.89284756801138,381.4578771978284,55.325887593018635,0.0010304538012544265,5.152269006272133,322.42705098312484,0.4499589348967548,NONE,NONE,0.0,1.0,False
3.35,3.35,AEROTWIN-4-001,IDLE,0.15,1183.8653183705962,514.727029314985,23.985973735551426,5.860033016424771,21.61705227643171,2.4977364804289737,-18.25475574043591,6.993594980251263,-0.6977429467621734,-0.21790950853215957,-0.21790950853215957,33.13874690999748,509.33776287565234,24.89257336002011,381.97208622376377,55.40046744172225,0.0010329858285140479,5.164929142570239,322.42705098312484,0.38461927127943957,NONE,NONE,0.0,1.0,False
3.36,3.36,AEROTWIN-4-001,IDLE,0.15,1189.5851612320494,585.7589484172207,23.945653322117955,35.7613222440929,21.302229643918306,2.479481724688538,11.979610875486058,-0.21754320272477523,37.36528608664806,-0.21754320272477523,-1.168877437105608,33.14094793894039,509.3366896544913,24.892295566149865,381.54745959653314,55.33888044496197,0.00103089426032524,5.1544713016262005,322.42705098312484,0.27393588481261116,NONE,NONE,0.0,1.0,False
3.37,3.37,AEROTWIN-4-001,IDLE,0.15,1191.3762176021787,657.1340580911436,23.972143651206054,27.751211292878416,21.50857026760528,2.491461335564024,3.7511796897091134,-0.21778386398189511,29.64039134776743,-0.21778386398189511,-1.453612326925222,33.143329134253506,509.3380946250856,24.892020334676758,381.8261893656677,55.37930685321771,0.0010322664907016475,5.161332453508238,322.42705098312484,0.1334615962495539,NONE,NONE,0.0,1.0,False
3.38,3.38,AEROTWIN-4-001,IDLE,0.15,1181.4524045975088,8.616631147274347,23.980414856872237,3.284213405813544,21.57338624460625,2.495212515253733,-20.784385354046442,-0.21785900682919238,-0.21785900682919238,-0.244801099312651,3.96473251878458,33.145746312091454,509.34023206700226,24.891745995469254,381.9134129613016,55.391957589081265,0.0010326964549460607,5.1634822747303035,322.42705098312484,0.42956365549803405,NONE,NONE,0.0,1.0,False
3.39,3.39,AEROTWIN-4-001,IDLE,0.15,1192.3616683134594,79.50377542312488,23.93444378408322,46.538219812487064,21.21548318518465,2.4744281298996866,22.84830849740273,-0.2174413655031159,-0.2174413655031159,-1.6035217525676297,48.57662429606092,33.14777585099504,509.3380630101547,24.89146755941231,381.4297968139567,55.32181487030265,0.0010303157926721488,5.151578963360745,322.42705098312484,0.4626578737745681,NONE,NONE,0.0,1.0,False
3.4,3.4,AEROTWIN-4-001,IDLE,0.15,1184.405532868232,151.04547552193245,23.984960902831613,7.4430753258000015,21.609089997864313,2.497276438397089,-16.6632911104614,-0.2179003070762323,-0.2179003070762323,-0.7911665179338052,8.670042457886272,33.15017469419513,509.34062357846375,24.89119389802642,381.96139275782593,55.39891648280956,0.0010329330800942318,5.16466540047116,322.42705098312484,0.3568918916559706,NONE,NONE,0.0,1.0,False
3.41,3.41,AEROTWIN-4-001,IDLE,0.15,1188.7322603876542,222.10980749402637,23.948160153300346,32.8641651705468,21.321675097192248,2.4806131472866277,9.061876926067923,-1.0941723933405334,-0.21756597696596092,34.39346951781925,-0.21756597696596092,33.15225703874191,509.3397103602314,24.890916970092487,381.57379592035124,55.3427002126959,0.0010310238036151213,5.155119018075607,322.42705098312484,0.2232074322869829,NONE,NONE,0.0,1.0,False
3.42,3.42,AEROTWIN-4-001,IDLE,0.15,1191.7381850365389,293.43374311728564,23.968200927765036,30.26300806824276,21.477739181243106,2.4896750242126955,6.295593862786957,-1.4984123345457288,-0.217748044842894,32.19691649247427,-0.217748044842894,33.15447018928027,509.34067428424885,24.890642013073577,381.7846442689307,55.37328123547717,0.0010320617880978764,5.160308940489382,322.42705098312484,0.17746219908349903,NONE,NONE,0.0,1.0,False
3.43,3.43,AEROTWIN-4-001,IDLE,0.15,1180.7909741965454,364.93803421947797,23.98208507002317,1.1546830655439173,21.58649721561601,2.4959706180754826,-22.927784768147575,1.7310882204890294,-0.1406567939403259,-0.21787418050239307,-0.21787418050239307,33.15676508734645,509.34290236358686,24.890368467983762,381.93103741698326,55.39451380488442,0.0010327833654804176,5.163916827402089,322.42705098312484,0.46687022775194836,NONE,NONE,0.0,1.0,False
3.44,3.44,AEROTWIN-4-001,IDLE,0.15,1191.8901188102948,435.78549267127073,23.93136742846987,46.910772016964565,21.191735063866652,2.473042833307335,23.245994119790577,48.92627571821166,-1.580676866836694,-0.21741341720519955,-0.21741341720519955,33.15863792551179,509.34038307915284,24.890090385660407,381.3975345814345,55.317135620622096,0.0010301572649841968,5.1507863249209835,322.42705098312484,0.46921224141797174,NONE,NONE,0.0,1.0,False
3.45,3.45,AEROTWIN-4-001,IDLE,0.15,1184.784327327675,507.29889979988843,23.982785994828674,9.205955605534438,21.592001657933412,2.4962888274271253,-14.8823348798261,10.524552036495843,-0.8828353343319101,-0.21788054831474746,-0.21788054831474746,33.160887660840615,509.34268355309274,24.889817161522092,381.9384348630886,55.39558671567265,0.001032819847281259,5.164099236406295,322.42705098312484,0.32598965902061994,NONE,NONE,0.0,1.0,False
3.46,3.46,AEROTWIN-4-001,IDLE,0.15,1187.580083714114,578.385959439549,23.9499173111929,29.672140373840932,21.335315398051662,2.4814064925472996,5.85541848324197,-0.21758194052103697,31.120619874769467,-0.21758194052103697,-1.013315619886462,33.16285407148963,509.3418811759773,24.8895410301429,381.5922613253246,55.34537839810243,0.0010311146456576418,5.155573228288209,322.42705098312484,0.1673272370936625,NONE,NONE,0.0,1.0,False
3.47,3.47,AEROTWIN-4-001,IDLE,0.15,1191.8135891095599,649.6407644623959,23.962870661882516,32.79001971293688,21.436124835729338,2.4872619110305414,8.866632966177002,-0.21769962005799215,34.763170505609516,-0.21769962005799215,-1.5377515525566492,33.164897215593,509.3422970395982,24.8892662180748,381.72851187438914,55.365139905237655,0.0010317853046298675,5.158926523149337,322.42705098312484,0.2217446568248933,NONE,NONE,0.0,1.0,False
3.48,3.48,AEROTWIN-4-001,IDLE,0.15,1180.3136780014634,1.1495798089694063,23.982432946139618,0.0,21.58922895875769,2.4961285439967185,-24.08535750275441,-0.21787734091248945,-0.21787734091248945,-0.03278390524062044,0.19501791807202518,33.167068110431465,509.3445168660837,24.888993343534814,381.9347087609793,55.395046289274916,0.0010328014711219028,5.164007355609514,322.42705098312484,0.48708547000053976,NONE,NONE,0.0,1.0,False
3.49,3.49,AEROTWIN-4-001,IDLE,0.15,1191.4150838790626,71.9684004890572,23.92914653461612,46.89737967877968,21.17460639256312,2.472043186493964,23.250730099722595,-0.21739324066813215,-0.21739324066813215,-1.5503713265363386,48.88253748665228,33.168799596109196,509.3417526635751,24.888715691528553,381.3742515182369,55.31375869170205,0.001030042880859219,5.150214404296095,322.42705098312484,0.4690029418001358,NONE,NONE,0.0,1.0,False
3.5,3.5,AEROTWIN-4-001,IDLE,0.15,1185.2556022006133,143.45330552180096,23.98059421826093,11.169699501075407,21.574793845106488,2.495293916593687,-12.900388260624768,-0.21786063630450536,-0.21786063630450536,-0.9729836465148429,12.578404420199261,33.17090869926396,509.34381531150535,24.88844290163953,381.9153054396978,55.392232070362894,0.0010327057867132766,5.163528933566384,322.42705098312484,0.29157192165802687,NONE,NONE,0.0,1.0,False
3.5100000000000002,3.5100000000000002,AEROTWIN-4-001,IDLE,0.15,1186.38978992552,214.56864165383777,23.952102762337205,26.21012273082392,21.3522919862517,2.4823935283330623,2.3754372162391566,-0.9259932632575523,-0.21760179506561486,27.571319584212702,-0.21760179506561486,33.17277079990029,509.34318661537515,24.88816760549726,381.61523330082804,55.348710207485496,0.0010312276745613113,5.156138372806557,322.42705098312484,0.10671735976543102,NONE,NONE,0.0,1.0,False
3.52,3.52,AEROTWIN-4-001,IDLE,0.15,1191.8394900100534,285.75202904936896,23.957359140027965,35.291770286231696,21.393176154123818,2.4847689655493013,11.413825166558576,-1.571068915657406,-0.21764954858572963,37.29813829906057,-0.21764954858572963,33.174651044701676,509.3430597171017,24.88789292036028,381.6705110291713,55.35672757864894,0.001031499731896457,5.157498659482285,322.42705098312484,0.2655871428174166,NONE,NONE,0.0,1.0,False
3.5300000000000002,3.5300000000000002,AEROTWIN-4-001,IDLE,0.15,1180.3391049579873,357.2623984499722,23.982552435120116,0.0,21.590167337967756,2.49618279071586,-24.086350128683616,-0.07804729247114203,-0.2178784264546193,0.2390685290277897,-0.2178784264546193,33.17670432382333,509.34527157703565,24.887620694052647,381.9359698375156,55.39522919329359,0.0010328076903677295,5.164038451838648,322.42705098312484,0.48708831704252964,NONE,NONE,0.0,1.0,False
3.54,3.54,AEROTWIN-4-001,IDLE,0.15,1191.2312399031127,428.08274474745144,23.92926486835048,46.460049236332246,21.17551871206852,2.472096440587176,22.81243408367655,48.40745210726394,-1.5126142395017004,-0.21739431571499837,-0.21739431571499837,33.17832052190163,509.3424994040203,24.887343684411476,381.3754919222115,55.31393859741371,0.001030048974193566,5.150244870967831,322.42705098312484,0.4613483232073506,NONE,NONE,0.0,1.0,False
3.5500000000000003,3.5500000000000003,AEROTWIN-4-001,IDLE,0.15,1186.0977434768893,499.5566191416382,23.97974576196247,13.311475166373523,21.56813606493794,2.4949088746708528,-10.751569773235268,14.807083945091716,-1.059902922343439,-0.21785292818737628,-0.21785292818737628,33.18030732949561,509.344464593164,24.887071452023974,381.90635359211615,55.39093371229334,0.0010326616464428316,5.163308232214159,322.42705098312484,0.2540706358340854,NONE,NONE,0.0,1.0,False
3.56,3.56,AEROTWIN-4-001,IDLE,0.15,1185.4896639222097,570.7224837502515,23.956006088371844,22.593243454836244,21.382644991125016,2.4841573048976175,-1.273558841186389,-0.2176372562842098,23.862417364883488,-0.2176372562842098,-0.8338993974788235,33.18208585778276,509.34418058268216,24.88679714870404,381.65627836069797,55.35466330087891,0.0010314296736912251,5.157148368456126,322.42705098312484,0.09107480964296648,NONE,NONE,0.0,1.0,False
3.5700000000000003,3.5700000000000003,AEROTWIN-4-001,IDLE,0.15,1192.0907435565468,641.851863585584,23.953187889717924,37.66887863085367,21.360726028134167,2.4828837460564315,13.82526885666307,-0.21761165330930488,39.70139630210731,-0.21761165330930488,-1.5972943646350348,33.18382109517092,509.3436430669389,24.886522712420224,381.62664180244315,55.35036487374275,0.0010312838145240637,5.156419072620318,322.42705098312484,0.30723339298946406,NONE,NONE,0.0,1.0,False
3.58,3.58,AEROTWIN-4-001,IDLE,0.15,1180.7184003590867,713.3773081989768,23.983711423775176,0.27780033075677624,21.59927121133891,2.4967090149130944,-23.818179895495227,-0.2178889557185551,0.9020476623818269,-0.2178889557185551,-0.18846942018794044,33.185771945425024,509.3459480232182,24.88625122969227,381.94820271662576,55.39700342561397,0.0010328680220331643,5.1643401101658215,322.42705098312484,0.4822544278936163,NONE,NONE,0.0,1.0,False
3.59,3.59,AEROTWIN-4-001,IDLE,0.15,1191.189724503235,64.22041222052201,23.93102978892543,45.59311100692576,21.189130168832143,2.472890835017599,21.93109000307602,-0.21741034979305268,-0.21741034979305268,-1.4682923796906384,47.49622408620251,33.18729231311637,509.3433214942202,24.885975011506318,381.3939944666458,55.31662216945337,0.0010301398720349822,5.150699360174911,322.42705098312484,0.4461569838572081,NONE,NONE,0.0,1.0,False
3.6,3.6,AEROTWIN-4-001,IDLE,0.15,1187.1378053200833,135.6917956907161,23.979554148203114,15.575134988693412,21.5666327561588,2.494821925020675,-8.486319692486063,-0.2178511874008404,-0.2178511874008404,-1.141296925602129,17.152134289097223,33.18916863167825,509.34524833879465,24.88570339601096,381.9043320596694,55.390640513270334,0.0010326516789378353,5.163258394689176,322.42705098312484,0.2144520245946291,NONE,NONE,0.0,1.0,False
3.61,3.61,AEROTWIN-4-001,IDLE,0.15,1184.7759382839222,206.9200640099211,23.96082332473902,18.959814184436578,21.42016133214813,2.4863356053281893,-4.946682753039742,-0.7391581740397799,-0.21768102026147534,20.13433439899931,-0.21768102026147534,33.19087705924748,509.34539047546195,24.885430169654406,381.70696181302515,55.36201432743754,0.00103167918730941,5.158395936547049,322.42705098312484,0.15477434773676438,NONE,NONE,0.0,1.0,False
3.62,3.62,AEROTWIN-4-001,IDLE,0.15,1192.4260597102955,278.00662030695645,23.949878401439523,39.83877903398217,21.335013263297558,2.481388922575149,16.022376848109463,-1.615954482248671,-0.21758158703089606,41.88989669029264,-0.21758158703089606,33.19248043601589,509.3445168299828,24.885156059704116,381.5918523904974,55.34531908701297,0.0010311126337424874,5.155563168712437,322.42705098312484,0.34524385115851525,NONE,NONE,0.0,1.0,False
3.63,3.63,AEROTWIN-4-001,IDLE,0.15,1181.4229372972475,349.55218388957417,23.98525783172127,1.0639495892607065,21.61142398275735,2.4974112994232587,-23.044885692919905,-0.29635885144906776,-0.21790300463727896,1.7961144499843322,-0.21790300463727896,33.19433804462161,509.3469436491091,24.88488535530064,381.96452758131363,55.39937115133856,0.001032948543055359,5.1647427152767955,322.42705098312484,0.46853366862521767,NONE,NONE,0.0,1.0,False
3.64,3.64,AEROTWIN-4-001,IDLE,0.15,1191.2770321570554,420.43756012740903,23.934306762598066,44.32715932928948,21.214424902659697,2.4743664137303387,20.63836801289944,46.18054044143984,-1.4185008707895133,-0.21744012068042004,-0.21744012068042004,33.19578014687186,509.3445941738659,24.884610065901654,381.4283595803035,55.32160641680806,0.001030308729736134,5.151543648680669,322.42705098312484,0.4239658606122677,NONE,NONE,0.0,1.0,False
3.65,3.65,AEROTWIN-4-001,IDLE,0.15,1188.3370160814575,491.9141820568324,23.979957108433606,17.907243815146895,21.569794303093424,2.495004781743238,-6.157555269689767,19.558822473914777,-1.215868962281726,-0.21785484824307894,-0.21785484824307894,33.19755647452526,509.34652661901515,24.88433912089146,381.90858336345303,55.3912571138685,0.0010326726408670984,5.163363204335492,322.42705098312484,0.17364971896735323,NONE,NONE,0.0,1.0,False
3.66,3.66,AEROTWIN-4-001,IDLE,0.15,1184.2707403296636,563.2144030217198,23.96637295338341,15.43591839738869,21.463459190452383,2.4888472264735486,-8.516388019537242,-0.21773143792905758,16.51506009643824,-0.21773143792905758,-0.6436788231914364,33.19920609925992,509.3471507461461,24.884067039319707,381.7653897600183,55.37048860001354,0.0010319669366531182,5.159834683265591,322.42705098312484,0.21657452449059392,NONE,NONE,0.0,1.0,False
3.67,3.67,AEROTWIN-4-001,IDLE,0.15,1192.8383759442584,634.2706474414996,23.94753475341573,41.741167210015476,21.316822301264416,2.480330838454011,17.944014070297047,-0.21756029528786877,43.80345945401659,-0.21756029528786877,-1.6271716534253762,33.20069074368924,509.34601658049087,24.883793342586056,381.5672247927289,55.341747149487816,0.0010309914792649576,5.1549573963247886,322.42705098312484,0.3785620029260176,NONE,NONE,0.0,1.0,False
3.68,3.68,AEROTWIN-4-001,IDLE,0.15,1182.2826282868511,705.8409499981551,23.98715880438144,2.016740789039143,21.6263721322873,2.4982748525243084,-22.107906195772465,-0.21792027473115455,2.852379697598914,-0.21792027473115455,-0.3997983590974623,33.20246328302739,509.34858261281187,24.883523448177627,381.9845999358721,55.402282405499015,0.001033047560761918,5.165237803809591,322.42705098312484,0.451905132302678,NONE,NONE,0.0,1.0,False
3.69,3.69,AEROTWIN-4-001,IDLE,0.15,1191.3523899386478,56.77790769536614,23.938303024568526,42.71714184492708,21.2453105152018,2.476166946328536,18.99566438339674,-0.2174764262101246,-0.2174764262101246,-1.3644793714489307,44.51657406879626,33.2038378660795,509.34656060247164,24.883249152791898,381.47028707310534,55.32768749650905,0.0010305148016135728,5.152574008067864,322.42705098312484,0.39574550237442396,NONE,NONE,0.0,1.0,False
3.7,3.7,AEROTWIN-4-001,IDLE,0.15,1189.5336769265732,128.25905109168502,23.98030489354313,20.25858229830926,21.572523312745435,2.4951626107119327,-3.8091036251481074,-0.21785800782638906,-0.21785800782638906,-1.2829970521548402,21.97729536611688,33.205518989557426,509.34847618309783,24.882978871337556,381.9122527375969,55.391789312555574,0.0010326907339704935,5.163453669852467,322.42705098312484,0.13250958031878696,NONE,NONE,0.0,1.0,False
3.71,3.71,AEROTWIN-4-001,IDLE,0.15,1183.8602566946647,199.6310717072794,23.971905726330853,12.1156785196124,21.50670856005309,2.4913535070867843,-11.882383547527475,-0.5487484782909798,-0.2177817024647854,13.099990402832951,-0.2177817024647854,33.207114750175926,509.34956442577464,24.88270793318917,381.82368171623324,55.378943148759035,0.0010322541332332983,5.161270666166492,322.42705098312484,0.2748103887936029,NONE,NONE,0.0,1.0,False
3.72,3.72,AEROTWIN-4-001,IDLE,0.15,1193.2029143885431,270.6626871089593,23.945629828864554,43.34873512772534,21.302047486791313,2.479471123539257,19.567216517394773,-1.631463289902066,-0.217542989291568,45.41528439621054,-0.217542989291568,33.20848918480406,509.34819399657084,24.882434687961094,381.5472128203432,55.33884465303694,0.0010308930465941165,5.154465232970583,322.42705098312484,0.40671587465717995,NONE,NONE,0.0,1.0,False
3.73,3.73,AEROTWIN-4-001,IDLE,0.15,1183.157487683644,342.2548619722719,23.98883899951085,3.0995382937446045,21.63959244587831,2.499038340056652,-21.039092492190356,-0.49817364026922734,-0.2179355390893551,4.033583012192542,-0.2179355390893551,33.21017990540535,509.35086182425164,24.882165581495343,382.00234521915115,55.404856145895245,0.0010331351104180928,5.165675552090464,322.42705098312484,0.4329962300436274,NONE,NONE,0.0,1.0,False
3.74,3.74,AEROTWIN-4-001,IDLE,0.15,1191.3039555954754,413.24431123329055,23.942367120941803,40.81668588268031,21.276764138772577,2.4779992475644614,17.06192249634327,42.55874115532295,-1.3070285766291978,-0.2175133480067167,-0.2175133480067167,33.21149234658175,509.3491577733669,24.88189228579231,381.5129480762225,55.333874963079154,0.0010307245410968008,5.153622705484004,322.42705098312484,0.36244174127730394,NONE,NONE,0.0,1.0,False
3.75,3.75,AEROTWIN-4-001,IDLE,0.15,1190.6054064759353,484.72254856901907,23.980081365597954,22.602792605040804,21.570769289726087,2.4950611700608043,-1.4630378547460872,24.38145584524739,-1.3429512859994879,-0.2178559771035502,-0.2178559771035502,33.21307873890675,509.3509876671451,24.88162261277198,381.9098943437973,55.39144725583567,0.001032679105050786,5.1633955252539305,322.42705098312484,0.09148057512139209,NONE,NONE,0.0,1.0,False
3.7600000000000002,3.7600000000000002,AEROTWIN-4-001,IDLE,0.15,1183.4490668865822,556.1588729575752,23.97685659155256,9.050875194924867,21.54547964972245,2.4935981322060585,-14.98820258700364,-0.2178266804431308,9.941190126105884,-0.2178266804431308,-0.45466157029475596,33.214620950439,509.3524724353847,24.881352763999846,381.87587804198364,55.386513599453224,0.0010325113964944866,5.1625569824724336,322.42705098312484,0.3285623222033895,NONE,NONE,0.0,1.0,False
3.77,3.77,AEROTWIN-4-001,IDLE,0.15,1193.4249853868075,627.1658169707702,23.943721031444316,44.65937716817433,21.2872523898094,2.4786099296190547,20.893514848745877,-0.21752564811074634,46.72387527021854,-0.21752564811074634,-1.6294468058227227,33.215890071927774,509.35085308173717,24.881079967847697,381.5271650290848,55.3359369614884,0.001030794451613314,5.15397225806657,322.42705098312484,0.42967359497132285,NONE,NONE,0.0,1.0,False
3.7800000000000002,3.7800000000000002,AEROTWIN-4-001,IDLE,0.15,1183.9470971569463,698.7713160939786,23.989862317850807,4.2967087845766,21.647648029760678,2.4995034444678006,-19.85044268965188,-0.21794483580580237,5.324467878515146,-0.21794483580580237,-0.5918694223269413,33.21749868211104,509.3535496055738,24.880811586369934,382.01315483085347,55.40642395035732,0.0010331884469280193,5.165942234640097,322.42705098312484,0.4120701443312231,NONE,NONE,0.0,1.0,False
3.79,3.79,AEROTWIN-4-001,IDLE,0.15,1191.0502450727936,49.8081419233954,23.946032877505047,38.66162397527662,21.305172766972884,2.4796530017781486,14.876798206525587,-0.21754665093700015,-0.21754665093700015,-1.2463591507664875,40.34307642791711,33.21875067634661,509.352116764216,24.880539253104537,381.5514465979847,55.3394587116785,0.001030913870076492,5.15456935038246,322.42705098312484,0.32468689395222317,NONE,NONE,0.0,1.0,False
3.8000000000000003,3.8000000000000003,AEROTWIN-4-001,IDLE,0.15,1191.469887325708,121.271156627763,23.978910338289122,24.935008947480863,21.56158246823512,2.494529799984674,0.8788966792610697,-0.21784533846998216,-0.21784533846998216,-1.396476172575913,26.76717579699674,33.22023984637324,509.3537639501418,24.880270098210165,381.89754020701866,55.389655436545574,0.0010326181915945331,5.163090957972666,322.42705098312484,0.08410234630927949,NONE,NONE,0.0,1.0,False
3.81,3.81,AEROTWIN-4-001,IDLE,0.15,1182.9688769130762,192.7593498673055,23.980847117979714,6.267712835187133,21.57677871213249,2.4954086966639353,-17.804474573609294,-0.36087349192536367,-0.21786293386615682,7.064312194844811,-0.21786293386615682,33.22172586683493,509.3555498030993,24.88000124906399,381.9179739104576,55.392619100024945,0.0010327189450894578,5.16359472544729,322.42705098312484,0.37736271312116326,NONE,NONE,0.0,1.0,False
3.8200000000000003,3.8200000000000003,AEROTWIN-4-001,IDLE,0.15,1193.4409871131022,263.73748248209006,23.941491171405758,45.68032162751967,21.26998109077314,2.477604222090326,21.932736314656204,-1.621555749438522,-0.21750539011703493,47.736888157192254,-0.21750539011703493,33.22289213732356,509.35364771955597,24.879728870435386,381.5037513323014,55.332541085734334,0.0010306793207032735,5.153396603516367,322.42705098312484,0.4475652313135646,NONE,NONE,0.0,1.0,False
3.83,3.83,AEROTWIN-4-001,IDLE,0.15,1184.5900595492672,335.3439417088762,23.9899360481821,5.610426164360208,21.648228547288365,2.499536958404982,-18.537339341333137,-0.6819027617272919,-0.21794550563644727,6.728219937360395,-0.21794550563644727,33.22441612057479,509.35628123532985,24.87946112342344,382.0139337213813,55.4065369190817,0.0010331922902641233,5.165961451320617,322.42705098312484,0.38908184814714625,NONE,NONE,0.0,1.0,False
3.84,3.84,AEROTWIN-4-001,IDLE,0.15,1190.5365198311858,406.4193452818322,23.949016201875054,36.2635562255262,21.32831931543611,2.480999619063649,12.454237291026441,37.8807895477435,-1.1820858141013924,-0.21757375405795024,-0.21757375405795024,33.2256072498163,509.35505565853913,24.879189688970083,381.58279134171465,55.34400489061961,0.0010310680558425602,5.155340279212801,322.42705098312484,0.28268714766919634,NONE,NONE,0.0,1.0,False
3.85,3.85,AEROTWIN-4-001,IDLE,0.15,1192.0785880220271,477.85153647170335,23.97653849082859,27.26614046632179,21.542986543513056,2.4934538563546753,3.229700066454059,29.14622298297692,-1.4444349355777824,-0.21782379053867298,-0.21782379053867298,33.226994867661546,509.35640920414613,24.878920938232252,381.87252334601226,55.386027041058924,0.0010324948591855277,5.162474295927639,322.42705098312484,0.12492367381666264,NONE,NONE,0.0,1.0,False
3.86,3.86,AEROTWIN-4-001,IDLE,0.15,1182.383988893208,549.376251753025,23.983655357545647,3.7911933471879484,21.59883072583118,2.4966835564211296,-20.30432093506436,-0.21788844636401908,4.493203277039076,-0.21788844636401908,-0.26623303712309004,33.22842045174479,509.35838979748047,24.87865297770713,381.9476109072613,55.396917590767366,0.0010328651031546612,5.164325515773307,322.42705098312484,0.420768714079471,NONE,NONE,0.0,1.0,False
3.87,3.87,AEROTWIN-4-001,IDLE,0.15,1193.2171706515421,620.3192910866176,23.938774026215558,46.414295572161535,21.248953518684786,2.476379235486065,22.688962817990685,-0.217480705199944,48.457135564528045,-0.217480705199944,-1.6078785819666221,33.22948519202373,509.3561660477834,24.878380969883263,381.4752300707925,55.328404419007605,0.0010305391002503298,5.152695501251649,322.42705098312484,0.46044038497884243,NONE,NONE,0.0,1.0,False
3.88,3.88,AEROTWIN-4-001,IDLE,0.15,1185.0614740296835,691.9123213257101,23.98890469856921,7.057926680997882,21.640109544119262,2.4990681983040557,-17.081251061425437,-0.21793613595691091,8.263367687899404,-0.21793613595691091,-0.7695687349877001,33.2309209911739,509.3586406840109,24.878113752134002,382.0030391744734,55.40495679578727,0.0010331385343946597,5.165692671973298,322.42705098312484,0.363725999589184,NONE,NONE,0.0,1.0,False
3.89,3.89,AEROTWIN-4-001,IDLE,0.15,1189.733256748402,43.01600976749114,23.95120262326944,33.61184394254127,21.34529814976987,2.48198694724263,9.78455884552877,-0.21759361741712624,-0.21759361741712624,-1.1133221344360185,35.16035331181155,33.23205011742059,509.35755815578045,24.87784314206872,381.6057708755051,55.347337796241504,0.0010311811144289042,5.155905572144522,322.42705098312484,0.2362575989716987,NONE,NONE,0.0,1.0,False
3.9,3.9,AEROTWIN-4-001,IDLE,0.15,1192.4111994706284,114.40000517239527,23.972827994205975,29.614367579594497,21.513925951585634,2.4917715060881593,5.608670121920703,-0.2177900811506632,-0.2177900811506632,-1.4875339520061304,31.537481693901952,33.23333100054826,509.35850488334955,24.877574668780685,381.83340254265494,55.380353037981585,0.0010323020377856695,5.1615101889283475,322.42705098312484,0.16605916995507253,NONE,NONE,0.0,1.0,False
3.91,3.91,AEROTWIN-4-001,IDLE,0.15,1181.7018245820948,185.94467714063296,23.98518930780175,1.678603194758992,21.610885334786364,2.4973801762100796,-22.42966231623745,-0.1692580800405292,-0.21790238210622018,2.2836660390119614,-0.21790238210622018,33.23469137493841,509.3605756324675,24.87730747679233,381.9638041300899,55.39926622341998,0.0010329449744998058,5.164724872499029,322.42705098312484,0.4577755974103664,NONE,NONE,0.0,1.0,False
3.92,3.92,AEROTWIN-4-001,IDLE,0.15,1192.7550660434324,256.84678661555864,23.93560345199185,46.849247156252865,21.224441860164063,2.4749505138938424,23.14985478219496,-1.5881029509692328,-0.21745190093798364,48.872253909098056,-0.21745190093798364,33.235656344432016,509.3580048807624,24.877035796381215,381.4419616994786,55.32357924096898,0.0010303755769150362,5.151877884575181,322.42705098312484,0.46808777546400426,NONE,NONE,0.0,1.0,False
3.93,3.93,AEROTWIN-4-001,IDLE,0.15,1185.3763999441405,328.41209057816457,23.986774754704456,8.66760961923329,21.623351391108457,2.4981003686760372,-15.453842140551206,-0.8560961644999854,-0.21791678568887982,9.959539355111035,-0.21791678568887982,33.23700065466014,509.36023550133336,24.87676900330559,381.9805443600767,55.401694192896805,0.0010330275533369632,5.165137766684817,322.42705098312484,0.3355057733104059,NONE,NONE,0.0,1.0,False
3.94,3.94,AEROTWIN-4-001,IDLE,0.15,1188.6441370002744,399.534674574813,23.952662813698392,30.683223545676352,21.35664453286534,2.482646526535486,6.843932486275527,32.157311742328446,-1.0388744305306579,-0.2176068830607163,-0.2176068830607163,33.23806735131399,509.35924807091897,24.876499149581726,381.621121211123,55.34956417821886,0.0010312566477499601,5.1562832387498005,322.42705098312484,0.18499032966117998,NONE,NONE,0.0,1.0,False
3.95,3.95,AEROTWIN-4-001,IDLE,0.15,1192.4780865309624,470.85332279482947,23.967793411628318,31.993850492284228,21.474554913366717,2.4894904590217615,8.02980511989575,33.95544632772647,-1.5261071502205872,-0.21774434261082914,-0.21774434261082914,33.239236647871294,509.35968578500325,24.876230828698077,381.780351408344,55.3726586075634,0.0010320406395302073,5.160203197651037,322.42705098312484,0.20775650770035753,NONE,NONE,0.0,1.0,False
3.96,3.96,AEROTWIN-4-001,IDLE,0.15,1181.0063373306139,542.4020079866872,23.98549773299939,0.084454805899421,21.613309882850807,2.497520264141657,-24.026375341093043,-0.21790518410975682,0.5887593143574411,-0.21790518410975682,-0.06849414023850649,33.2405275883307,509.3617556774629,24.87596428939459,381.96706042444345,55.399738509840425,0.0010329610369087935,5.164805184543967,322.42705098312484,0.4856805449408602,NONE,NONE,0.0,1.0,False
3.97,3.97,AEROTWIN-4-001,IDLE,0.15,1192.1216983131553,613.262388226524,23.932369265738835,46.952917534108124,21.199466042140397,2.4734938888005638,23.279957603167162,-0.21742251876885987,48.94934597488048,-0.21742251876885987,-1.561583403234633,33.24139764585821,509.358857358668,24.87569292917062,381.4080396291505,55.31865925173273,0.0010302088799240357,5.1510443996201785,322.42705098312484,0.46993848411052463,NONE,NONE,0.0,1.0,False
3.98,3.98,AEROTWIN-4-001,IDLE,0.15,1185.6157242630052,684.7896901253133,23.98385419724877,10.471086612368953,21.60039295289689,2.4967738464037312,-13.626080186931667,-0.21789025279733143,11.849099762128667,-0.21789025279733143,-0.9422326441650495,33.242649674874194,509.36079522397836,24.87542648519347,381.94970978721636,55.397222008118284,0.0010328754551497542,5.164377275748771,322.42705098312484,0.30387532020791563,NONE,NONE,0.0,1.0,False
3.99,3.99,AEROTWIN-4-001,IDLE,0.15,1187.341454234352,35.9266335810936,23.953772234695446,27.46277726828487,21.36526910202582,2.483147766216799,3.6143604000422513,-0.21761696200880856,-0.21761696200880856,-0.9576487438220369,28.855659936124525,33.243656457702755,509.35989636806306,24.875157354527246,381.63278597631034,55.3512560124321,0.0010313140511774167,5.156570255887083,322.42705098312484,0.1286200531362193,NONE,NONE,0.0,1.0,False
4.0,4.0,AEROTWIN-4-001,IDLE,0.15,1192.3470473137463,107.16712083515473,23.961766115276227,34.39796281138574,21.42751105471255,2.4867621266168416,10.483689630056347,-0.21768958539311756,-0.21768958539311756,-1.5599329238856163,36.39327490605759,33.24471195346165,509.3597595821048,24.874889092311374,381.7168848272619,55.36345354157641,0.0010317280484645765,5.158640242322883,322.42705098312484,0.24989605110775334,NONE,NONE,0.0,1.0,False
4.01,4.01,AEROTWIN-4-001,IDLE,0.15,1180.8373728311071,178.7079436739795,23.984893478787587,0.0,21.60856005033253,2.497245816246898,-24.10580586657943,-0.21789969453740196,-0.21789969453740196,-0.03685020343937466,0.07748887137289637,33.24593167436613,509.3617714699724,24.87462311899659,381.9606809460112,55.39881324304758,0.0010329295690284493,5.164647845142246,322.42705098312484,0.48714410299598043,NONE,NONE,0.0,1.0,False
4.0200000000000005,4.0200000000000005,AEROTWIN-4-001,IDLE,0.15,1191.8265640075201,249.55818604384595,23.931583281840545,46.68224872494312,21.193400535420828,2.4731400103803187,23.015708179141974,-1.5279311759896748,-0.21741537820550905,48.64501065734381,-0.21741537820550905,33.246730601839715,509.35880034300783,24.874352303607065,381.39979786036736,55.31746388207196,0.0010301683849347112,5.150841924673556,322.42705098312484,0.46521064812459717,NONE,NONE,0.0,1.0,False
4.03,4.03,AEROTWIN-4-001,IDLE,0.15,1186.2778754390265,321.0677798842972,23.982492803710564,12.464708587545323,21.58969903154444,2.4961557185594607,-11.62114616255858,-1.0268594529158979,-0.21787788471087804,13.927323809882978,-0.21787788471087804,33.2479073527832,509.3606131475787,24.87408635381948,381.93534049025556,55.39513791402568,0.001032804586611696,5.164022933058481,322.42705098312484,0.26895449592991993,NONE,NONE,0.0,1.0,False
4.04,4.04,AEROTWIN-4-001,IDLE,0.15,1186.3563878651173,392.24445241063876,23.956840675582242,24.038110836652614,21.38914022357386,2.4845345723969023,0.16443604068185014,25.34430518121695,-0.8709046677594453,-0.21764483840244483,-0.21764483840244483,33.2488738389517,509.36000262264884,24.873818127757847,381.6650570419581,55.355936543251524,0.0010314728846262328,5.157364423131164,322.42705098312484,0.06865392411778615,NONE,NONE,0.0,1.0,False
4.05,4.05,AEROTWIN-4-001,IDLE,0.15,1192.4944227122025,463.4258356825458,23.95720440346285,36.73214067866037,21.391971548168918,2.484699008437584,12.85547012205387,38.75518769696362,-1.587750732655649,-0.21764814282379444,-0.21764814282379444,33.24983138983656,509.3594410090248,24.87355005952715,381.66888323986177,55.35649148734307,0.0010314917189908582,5.157458594954291,322.42705098312484,0.2907953621101816,NONE,NONE,0.0,1.0,False
4.0600000000000005,4.0600000000000005,AEROTWIN-4-001,IDLE,0.15,1180.989863944103,534.975501045278,23.98557305892279,0.016365003195512873,21.6139020637385,2.4975544785596377,-24.095091539102626,0.5953109800275883,-0.14313423995977098,-0.21790586843615223,-0.21790586843615223,33.25099408119037,509.3615240221044,24.87328477161539,381.96785572092097,55.39985385805093,0.0010329649599438468,5.164824799719234,322.42705098312484,0.48687391176950945,NONE,NONE,0.0,1.0,False
4.07,4.07,AEROTWIN-4-001,IDLE,0.15,1191.656398590511,605.8348928819241,23.932292639771998,46.012271950431014,21.19887464046661,2.4734593870205352,22.339937922943868,-0.21742182263173582,47.93488353682322,-0.21742182263173582,-1.4877679411287354,33.25173729353535,509.3586244346707,24.87301463778691,381.40723609888255,55.318542709309725,0.0010302049317663143,5.151024658831572,322.42705098312484,0.4534780509006802,NONE,NONE,0.0,1.0,False
4.08,4.08,AEROTWIN-4-001,IDLE,0.15,1187.1295641799206,677.3342767973547,23.981707726208843,14.598353952954138,21.583534446895555,2.4957993249434796,-9.480979818884897,-0.2178707523820243,16.141510526971008,-0.2178707523820243,-1.1074150692528202,33.25284717690002,509.3603687089141,24.87274923478501,381.9270552695196,55.39393624218059,0.0010327637275991373,5.163818637995687,322.42705098312484,0.23159699681524354,NONE,NONE,0.0,1.0,False
4.09,4.09,AEROTWIN-4-001,IDLE,0.15,1185.5189746981093,28.562050648150034,23.96078516938704,20.532971557048423,21.419863934595252,2.4863183451245945,-3.3732107226714234,-0.21768067362497479,-0.21768067362497479,-0.7805651749422206,21.748898079240593,33.25378384620394,509.3601293044112,24.872481994601884,381.70656024736496,55.36195608515732,0.0010316772100620302,5.158386050310151,322.42705098312484,0.12724318640551774,NONE,NONE,0.0,1.0,False
4.1,4.1,AEROTWIN-4-001,IDLE,0.15,1192.7142395274054,99.6931891300366,23.95332376302203,38.91445486596129,21.361782312659887,2.482945134401923,15.069727418899479,-0.21761288770092255,-0.21761288770092255,-1.6087960148265494,40.95847665618968,33.254652475651156,509.35920563238585,24.87221418213909,381.6280704196581,55.35057207752637,0.001031290844906137,5.156454224530686,322.42705098312484,0.32902945029371355,NONE,NONE,0.0,1.0,False
4.11,4.11,AEROTWIN-4-001,IDLE,0.15,1181.526184546566,171.25604350168095,23.986586539923,0.6876784404707246,21.621871135826243,2.4980148618208227,-23.432207557176344,-0.21791507578162414,-0.21791507578162414,-0.24845445822445586,1.3719630502584288,33.255764314507566,509.36138873708796,24.871949609771296,381.9785568801759,55.40140593278696,0.0010330177486819738,5.16508874340987,322.42705098312484,0.4751500826445549,NONE,NONE,0.0,1.0,False
4.12,4.12,AEROTWIN-4-001,IDLE,0.15,1191.6777858229107,242.14761457447491,23.934786843756335,44.954179667680144,21.218133018791406,2.474582654263646,21.261463994625093,-1.44190837346589,-0.21744448215643963,46.83097700545891,-0.21744448215643963,33.25646878048142,509.35872238346644,24.871680321397967,381.43339531460373,55.32233678963949,0.0010303334769441112,5.1516673847205565,322.42705098312484,0.4349333024770646,NONE,NONE,0.0,1.0,False
4.13,4.13,AEROTWIN-4-001,IDLE,0.15,1188.2135055794201,313.64828172384955,23.981806404248193,16.82458173703723,21.58430919406287,2.495844118258271,-7.255571575283911,-1.1823738810257107,-0.21787164885941124,18.442698915781765,-0.21787164885941124,33.25752191874118,509.36047337494676,24.8714155466523,381.9280966100968,55.394087276135224,0.0010327688628970887,5.163844314485444,322.42705098312484,0.1926403616177077,NONE,NONE,0.0,1.0,False
4.14,4.14,AEROTWIN-4-001,IDLE,0.15,1184.9309290428719,384.94109205861474,23.965801613877925,17.072574113277714,21.45899778797224,2.4885885466829873,-6.8750122213775136,18.196617810433015,-0.6885912023900871,-0.21772624738260665,-0.21772624738260665,33.25844011090517,509.36069590010715,24.871149392348197,381.75937262622637,55.36961588696262,0.0010319372976992293,5.159686488496146,322.42705098312484,0.1879194567891731,NONE,NONE,0.0,1.0,False
4.15,4.15,AEROTWIN-4-001,IDLE,0.15,1193.0720641035332,456.03694780118707,23.950597233797406,40.873062596037194,21.340595662605228,2.48171353446161,17.050753398970357,42.93109959549391,-1.6228607643945623,-0.21758811753107715,-0.21758811753107715,33.25923173244121,509.35950604362284,24.87088194124083,381.5994075227476,55.34641486828426,0.0010311498051082649,5.155749025541325,322.42705098312484,0.36333573126698077,NONE,NONE,0.0,1.0,False
4.16,4.16,AEROTWIN-4-001,IDLE,0.15,1182.283350717543,527.621271647399,23.98823595102575,1.5377823893049083,21.63484657818582,2.4987642878605802,-22.59582847674149,2.3240294471412155,-0.3503869368945607,-0.21793006047087335,-0.21793006047087335,33.260300518342355,509.3618349914338,24.870618142964975,381.99597571291906,55.403932325450356,0.0010331036840346528,5.165518420173264,322.42705098312484,0.4603125816175955,NONE,NONE,0.0,1.0,False
4.17,4.17,AEROTWIN-4-001,IDLE,0.15,1191.751057785196,598.5582726904515,23.938306381681826,43.55062425176189,21.245336478992012,2.476168459383839,19.829119313386038,-0.21747645670907026,45.37716192356519,-0.21747645670907026,-1.3915847583851622,33.26097676653308,509.3594819812412,24.870349794150513,381.47032230379074,55.3276926062972,0.0010305149747965067,5.152574873982534,322.42705098312484,0.41033140666171414,NONE,NONE,0.0,1.0,False
4.18,4.18,AEROTWIN-4-001,IDLE,0.15,1189.3666327256392,670.0633361575633,23.982144459770375,19.08903297000581,21.58696355806825,2.495997578697225,-4.9939281667596624,-0.21787472005066275,20.77538344818629,-0.21787472005066275,-1.2506010380791541,33.26197770444545,509.3612453850467,24.8700856684747,381.9316641806921,55.39460470943922,0.0010327864564027096,5.1639322820135485,322.42705098312484,0.15302051944311007,NONE,NONE,0.0,1.0,False
4.19,4.19,AEROTWIN-4-001,IDLE,0.15,1184.4832980033707,21.425334121101628,23.971133699124955,13.764040007667546,21.5006686828029,2.491003650530465,-10.22763232566582,-0.21777468869620276,-0.21777468869620276,-0.596629302458173,14.796218687518124,33.262882456830674,509.3619428073029,24.86982062968433,381.815545333935,55.37776306414327,0.0010322140393683994,5.161070196841997,322.42705098312484,0.24594568638060008,NONE,NONE,0.0,1.0,False
4.2,4.2,AEROTWIN-4-001,IDLE,0.15,1193.441114648037,92.49433200130387,23.948520932749947,42.566458372842554,21.324475045912706,2.4807760182047995,18.761207308725048,-0.21756925460119136,-0.21756925460119136,-1.6302233598049387,44.63182024184988,33.2636046365953,509.36052993626464,24.86955359845569,381.5775868976728,55.34325004846467,0.0010310424526722734,5.155212263361367,322.42705098312484,0.3929935054046689,NONE,NONE,0.0,1.0,False
4.21,4.21,AEROTWIN-4-001,IDLE,0.15,1183.1160727915951,164.1007988801861,23.989936635814633,2.5230533034640015,21.648233174086993,2.4995372255135244,-21.624717096136518,-0.2179455109750138,-0.2179455109750138,-0.44778944494839584,3.406733770362425,33.264633252416324,509.3629914512786,24.869290577712963,382.0139399291877,55.406537819449525,0.0010331923208958364,5.1659616044791825,322.42705098312484,0.44311088722387915,NONE,NONE,0.0,1.0,False
4.22,4.22,AEROTWIN-4-001,IDLE,0.15,1191.7580080842654,235.08776324768178,23.942174791903643,41.85281409440693,21.275274633821738,2.477912508417388,18.099626952167803,-1.3377447348715978,-0.21751160072196424,43.625582030722455,-0.21751160072196424,33.26528634472867,509.36096641047874,24.86902320017244,381.5109286930413,55.33358207578132,0.0010307146115383415,5.153573057691708,322.42705098312484,0.38057615075337253,NONE,NONE,0.0,1.0,False
4.23,4.23,AEROTWIN-4-001,IDLE,0.15,1190.456460704897,306.59324373273773,23.98217652544558,21.35727302788244,21.587215349395393,2.496012135369556,-2.7259544568825103,-1.3119688747571325,-0.2178750113632274,23.104991925366022,-0.2178750113632274,33.26623515118897,509.3626956822529,24.868759692950313,381.93200258456307,55.394653790859856,0.0010327881252670053,5.163940626335027,322.42705098312484,0.11332708242979961,NONE,NONE,0.0,1.0,False
4.24,4.24,AEROTWIN-4-001,IDLE,0.15,1184.0768569266947,378.02063137503154,23.976168777446023,10.671964543095154,21.540089270457813,2.4932861809126736,-13.361410908275332,11.612991450789922,-0.5053860442151625,-0.2178204317398024,-0.2178204317398024,33.267126591704496,509.36382391621294,24.86849574183622,381.8686245149758,55.38546156240306,0.0010324756399934737,5.162378199967369,322.42705098312484,0.3001768792215569,NONE,NONE,0.0,1.0,False
4.25,4.25,AEROTWIN-4-001,IDLE,0.15,1193.7183581895144,449.06524279063325,23.94663507599347,43.982880881385476,21.309843086813938,2.479924770004398,20.19311302456714,46.049408900049116,-1.6314237749968996,-0.21755212183337058,-0.21755212183337058,33.267783207043124,509.36218982841905,24.868229146190888,381.5577727269232,55.34037624076748,0.0010309449857680481,5.154724928840241,322.42705098312484,0.41780211387733235,NONE,NONE,0.0,1.0,False
4.26,4.26,AEROTWIN-4-001,IDLE,0.15,1183.9123392152826,520.6883442820041,23.991213933143534,3.62073214105085,21.65829237162788,2.5001178830289654,-20.537678113605995,4.597244941444908,-0.5405985702777687,-0.21795711505814416,-0.21795711505814416,33.268770756530735,509.36472866478977,24.867966861512908,382.0274345393468,55.40849505071778,0.0010332589116271004,5.166294558135503,322.42705098312484,0.4239319642434015,NONE,NONE,0.0,1.0,False
4.2700000000000005,4.2700000000000005,AEROTWIN-4-001,IDLE,0.15,1191.6081999145038,591.7230846349211,23.945871560262248,39.9016750064517,21.30392184438705,2.4795802049153592,16.118172957149287,-0.21754518539044848,41.61760510623007,-0.21754518539044848,-1.2808397289974787,33.2694017339304,509.36300145069083,24.86770043868107,381.54975203366473,55.33921293545867,0.0010309055354288353,5.154527677144177,322.42705098312484,0.3463896022709219,NONE,NONE,0.0,1.0,False
4.28,4.28,AEROTWIN-4-001,IDLE,0.15,1191.3878935141793,663.2195766297913,23.981485337578054,23.61607824484507,21.581788512838106,2.495698377872509,-0.4614086458655442,-0.21786873200971119,25.41879577154345,-0.21786873200971119,-1.3669800626789588,33.27029525009177,509.36461564295837,24.86743747986787,381.9247084707732,55.393595867184004,0.0010327521546620935,5.163760773310468,322.42705098312484,0.07378152333225763,NONE,NONE,0.0,1.0,False
4.29,4.29,AEROTWIN-4-001,IDLE,0.15,1183.6336780193144,14.702850240642078,23.980468739819496,7.828655114322892,21.573809100442933,2.495236969226643,-16.240390955346683,-0.2178594963488877,-0.2178594963488877,-0.41470545636931433,8.679079563389982,33.271170155105956,509.3660950633905,24.867174547078527,381.9139814865996,55.39204004685343,0.0010326992583182613,5.163496291591307,322.42705098312484,0.35003720921531895,NONE,NONE,0.0,1.0,False
4.3,4.3,AEROTWIN-4-001,IDLE,0.15,1193.8291751721529,85.72087092180094,23.94457809447093,45.12629016319515,21.293894281554955,2.478996578271296,21.3533993033689,-0.21753343441890172,-0.21753343441890172,-1.626952753329348,47.18830978536231,33.27176237771341,509.3642142630997,24.866908369110625,381.53616602139357,55.33724244741088,0.001030838716750224,5.15419358375112,322.42705098312484,0.43783492467705987,NONE,NONE,0.0,1.0,False
4.3100000000000005,4.3100000000000005,AEROTWIN-4-001,IDLE,0.15,1184.5963247109082,157.3506214321301,23.991724405678408,4.825426976304073,21.662313785889186,2.500349977574665,-19.337236787159778,-0.21796175263593942,-0.21796175263593942,-0.6295130246879177,5.8908635062638695,33.27270540588893,509.366749981596,24.86664674640403,382.0328282929969,55.40927734995969,0.0010332855294766716,5.166427647383358,322.42705098312484,0.4028619776608944,NONE,NONE,0.0,1.0,False
4.32,4.32,AEROTWIN-4-001,IDLE,0.15,1191.2369748577944,228.4264009147846,23.94904526484706,37.71770280725931,21.328544922126508,2.4810127407875053,13.908145144345294,-1.2207598463235467,-0.21757401809133978,39.373610689765535,-0.21757401809133978,33.27331275314988,509.3652653712179,24.86638122888551,381.58309675478995,55.34404918712122,0.0010310695583458198,5.155347791729099,322.42705098312484,0.30813438600264603,NONE,NONE,0.0,1.0,False
4.33,4.33,AEROTWIN-4-001,IDLE,0.15,1192.0996256121132,299.9006194062523,23.979772231089424,25.869996137612304,21.56834373675934,2.494920885931851,1.8067315149211147,-1.4164127222511296,-0.2178531686560147,27.722115197175462,-0.2178531686560147,33.27414568759048,509.36666386901936,24.866118720205023,381.9066328463452,55.390974214768214,0.0010326630233636863,5.163315116818431,322.42705098312484,0.10045498608172204,NONE,NONE,0.0,1.0,False
4.34,4.34,AEROTWIN-4-001,IDLE,0.15,1183.102456774378,371.42659694297913,23.98375239106956,5.252694345464158,21.59959307717477,2.496727617446772,-18.843626349157386,6.012222276851863,-0.3237492755853185,-0.2178893279011933,-0.2178893279011933,33.274998836358556,509.36839711184194,24.86585670942099,381.94863515128134,55.39706614507154,0.0010328701548630661,5.164350774315331,322.42705098312484,0.39519475886810934,NONE,NONE,0.0,1.0,False
4.3500000000000005,4.3500000000000005,AEROTWIN-4-001,IDLE,0.15,1193.7260661079583,442.4127443494418,23.942111558364125,46.00270428820206,21.27478493911563,2.4778839910976145,22.250035357988818,48.05477661158124,-1.6170502708725105,-0.21751102625333224,-0.21751102625333224,33.27552622086413,509.36623109409203,24.865590909129402,381.5102647752404,55.333485782471314,0.0010307113470026698,5.153556735013349,322.42705098312484,0.4531999412198239,NONE,NONE,0.0,1.0,False
4.36,4.36,AEROTWIN-4-001,IDLE,0.15,1185.1260898329049,514.0363083159193,23.991249440661136,6.146957905871288,21.65857207058544,2.5001340264556036,-18.011748191169755,7.298538468752643,-0.7156656876025393,-0.21795743763940753,-0.21795743763940753,33.27641981018104,509.36867220221455,24.865329853472502,382.0278097072258,55.408549464316614,0.0010332607630258147,5.166303815129074,322.42705098312484,0.37972386007399267,NONE,NONE,0.0,1.0,False
4.37,4.37,AEROTWIN-4-001,IDLE,0.15,1190.602212961197,585.1438737058936,23.951502250434032,35.29891366801115,21.347625929749203,2.4821222782644337,11.469165459997516,-0.21759633949165608,36.89097928141674,-0.21759633949165608,-1.1568729344222737,33.277000764057824,509.36736657851617,24.86506517361173,381.6089204899651,55.347794610023556,0.0010311966118532897,5.155983059266449,322.42705098312484,0.2657779510174278,NONE,NONE,0.0,1.0,False
4.38,4.38,AEROTWIN-4-001,IDLE,0.15,1192.5579050012982,656.5800064835654,23.97684184509668,28.134947342969173,21.54536406866738,2.4935914437244313,4.095991830577363,-0.21782654647346217,30.031634577818785,-0.21782654647346217,-1.4610341419026873,33.277766598604565,509.3684405053223,24.864802998401935,381.8757225225509,55.38649104322574,0.0010325106298373716,5.162553149186858,322.42705098312484,0.1401244008598066,NONE,NONE,0.0,1.0,False
4.39,4.39,AEROTWIN-4-001,IDLE,0.15,1182.4641189724807,8.133480783643336,23.985865766013777,2.973514763847022,21.616203351652217,2.4976874355550085,-21.140376023360204,-0.21790852764269705,-0.21790852764269705,-0.23122229428596677,3.6405541134183825,33.27859183857348,509.3703257376898,24.864541798296525,381.9709462169331,55.40030209741154,0.001032980204934873,5.164901024674365,322.42705098312484,0.43513076731482947,NONE,NONE,0.0,1.0,False
4.4,4.4,AEROTWIN-4-001,IDLE,0.15,1193.388841257326,79.08132792199218,23.939146348377864,46.609065604346505,21.25183369642937,2.4765470595316486,22.88068484838549,-0.21748408769924538,-0.21748408769924538,-1.6016023587935482,48.64563613853855,33.27905353427519,509.3678379309501,24.864276327549288,381.4791376709053,55.32897116951276,0.0010305583097096728,5.152791548548364,322.42705098312484,0.46384466525688833,NONE,NONE,0.0,1.0,False
4.41,4.41,AEROTWIN-4-001,IDLE,0.15,1185.4925479421884,150.68465839743175,23.98969577508091,7.607806504185838,21.646336806090144,2.499427744380034,-16.537958046284338,-0.21794332278600434,-0.21794332278600434,-0.800313937635677,8.844007087393523,33.27989233639004,509.3700943432152,24.864015735137404,382.01139549298057,55.406168779510914,0.0010331797657757312,5.165898828878657,322.42705098312484,0.3541219633807148,NONE,NONE,0.0,1.0,False
4.42,4.42,AEROTWIN-4-001,IDLE,0.15,1189.6855221854678,221.81421127396305,23.95320125904202,32.625464465512664,21.360829959593772,2.48288978633375,8.781744719585141,-1.0881415980562925,-0.21761177476790713,34.14882961310477,-0.21761177476790713,33.280444088797694,509.3689102194672,24.86375182124457,381.6267823708739,55.35038526150681,0.001031284506273614,5.15642253136807,322.42705098312484,0.21897349486294798,NONE,NONE,0.0,1.0,False
4.43,4.43,AEROTWIN-4-001,IDLE,0.15,1192.753591718985,293.1953426050911,23.972607423294694,30.429620955516526,21.512199619662688,2.491671531053335,6.425749804800503,-1.5013776879221592,-0.2177880772920997,32.36657479802288,-0.2177880772920997,33.28113595677695,509.3695526877743,24.8634898548628,381.83107759079513,55.38001583161375,0.001032290580051216,5.16145290025608,322.42705098312484,0.1803285732428336,NONE,NONE,0.0,1.0,False
4.44,4.44,AEROTWIN-4-001,IDLE,0.15,1181.7463165922954,364.7605581082302,23.986767958007015,1.067812100170524,21.623297935345754,2.4980972808581354,-23.053583116033366,1.6392853835940198,-0.13563983553999273,-0.2179167239417515,-0.2179167239417515,33.28192709908672,509.37149398131663,24.863229349868664,381.9804725885707,55.40168378330112,0.001033027199270726,5.16513599635363,322.42705098312484,0.46850206788632476,NONE,NONE,0.0,1.0,False
4.45,4.45,AEROTWIN-4-001,IDLE,0.15,1192.8351247800285,435.6653371037679,23.93581029269646,46.9254293818725,21.22604012436449,2.475043697742102,23.224345559765904,48.940463950098525,-1.5801270081072838,-0.21745378005937277,-0.21745378005937277,33.28232349629213,509.3686693388947,24.862964172668867,381.44413164086995,55.323893964928494,0.0010303862416150126,5.151931208075063,322.42705098312484,0.4694186323068597,NONE,NONE,0.0,1.0,False
4.46,4.46,AEROTWIN-4-001,IDLE,0.15,1185.7277164239,507.2354445905696,23.987143817323183,9.238801035592616,21.62625424407529,2.4982680433018682,-14.885721251784544,10.559159724331401,-0.8845184115874958,-0.21792013857564402,-0.21792013857564402,33.28310305965138,509.3706676588995,24.86270394739375,381.98444166831536,55.40225945068912,0.001033046779967962,5.16523389983981,322.42705098312484,0.3255187207403949,NONE,NONE,0.0,1.0,False
4.47,4.47,AEROTWIN-4-001,IDLE,0.15,1188.5059918131974,578.3791075760037,23.954291320479275,29.67149427013055,21.36930557963655,2.4833823220500837,5.818806368443919,-0.2176216778368707,31.120085305806064,-0.2176216778368707,-1.0133476800017718,33.28362417420856,509.36956998875155,24.862440741634945,381.6382443582893,55.35204768523756,0.0010313409140097845,5.156704570048922,322.42705098312484,0.16726676856782596,NONE,NONE,0.0,1.0,False
4.48,4.48,AEROTWIN-4-001,IDLE,0.15,1192.71008201456,649.6894670847955,23.96715452050502,32.763790679171706,21.469563623000045,2.489201128418528,8.805025927753132,-0.2177385383665563,34.736827081248265,-0.2177385383665563,-1.5375593253434432,33.284236140192775,509.36969044980987,24.862178867869325,381.7736216475422,55.371682536516225,0.0010320074869677536,5.1600374348387685,322.42705098312484,0.22123762044086137,NONE,NONE,0.0,1.0,False
4.49,4.49,AEROTWIN-4-001,IDLE,0.15,1181.1937608936469,1.2520720056691061,23.986567372996426,0.0,21.621720398881315,2.498006154346281,-24.119726553227597,-0.2179149016525437,-0.2179149016525437,-0.03571250381216234,0.22170274878500162,33.28498805113865,509.37160965228514,24.86191895245669,381.97835448709446,55.40137657809921,0.0010330167502420598,5.165083751210299,322.42705098312484,0.4871839984936315,NONE,NONE,0.0,1.0,False
4.5,4.5,AEROTWIN-4-001,IDLE,0.15,1192.287062261586,72.12369765928791,23.933240999166838,46.91383769182531,21.2061952096487,2.4738864277930532,23.23375605438355,-0.2174304383557385,-0.2174304383557385,-1.551999083727531,48.90069765226432,33.28532826399763,509.3685453085039,24.861654139085022,381.4171815202731,55.31998517333737,0.001030253800314763,5.151269001573816,322.42705098312484,0.46924475274324656,NONE,NONE,0.0,1.0,False
4.51,4.51,AEROTWIN-4-001,IDLE,0.15,1186.0600155764141,143.66092139498306,23.98461685268456,11.061610025633072,21.606385921583655,2.4971201838474366,-13.041896079798018,-0.21789718142457937,-0.21789718142457937,-0.9683831064754868,12.465787494957718,33.28605204895762,509.37031184533197,24.861394282060164,381.95776060288557,55.398389682321316,0.001032915164396001,5.164575821980005,322.42705098312484,0.29355933505098913,NONE,NONE,0.0,1.0,False
4.5200000000000005,4.5200000000000005,AEROTWIN-4-001,IDLE,0.15,1187.2946857556765,214.8245223295679,23.955831273011565,26.451250180549515,21.38128471626356,2.484078287767639,2.5858871765183147,-0.9321307864529591,-0.21763566810898446,27.81865230322044,-0.21763566810898446,33.286549074906326,509.3693654844457,24.861131825993084,381.65443966815167,55.354396620589384,0.0010314206235083284,5.157103117541642,322.42705098312484,0.11089519856210747,NONE,NONE,0.0,1.0,False
4.53,4.53,AEROTWIN-4-001,IDLE,0.15,1192.6373003465173,286.06220347490853,23.961549614026268,35.10203306913951,21.42582306116419,2.486664174944157,11.189545833031161,-1.5689212772648893,-0.21768761850690752,37.106329583418216,-0.21768761850690752,33.28708321758748,509.36897192694414,24.860870029443475,381.7146060125225,55.363123026844235,0.0010317168272274571,5.158584136137286,322.42705098312484,0.26221970949497564,NONE,NONE,0.0,1.0,False
4.54,4.54,AEROTWIN-4-001,IDLE,0.15,1181.1223119055794,357.62044149569954,23.98623182576186,0.0,21.619081674037538,2.4978537207771883,-24.116935394814725,-0.06785643156392941,-0.2179118532487649,0.19373934656213798,-0.2179118532487649,33.28779795065141,509.37087790034764,24.86061068975221,381.97481135887386,55.40086268986835,0.0010329992716076803,5.164996358038402,322.42705098312484,0.487176000585663,NONE,NONE,0.0,1.0,False
4.55,4.55,AEROTWIN-4-001,IDLE,0.15,1192.0351680443061,428.4877802100343,23.93290869445625,46.53319904827473,21.203629812821333,2.4737367853823735,22.855832450071023,48.48516356809594,-1.517109681001466,-0.217427419409876,-0.217427419409876,33.28810177525843,509.3678012293699,24.8603464476818,381.41369651312925,55.31947971487124,0.0010302366757392882,5.151183378696442,322.42705098312484,0.46258732505730726,NONE,NONE,0.0,1.0,False
4.5600000000000005,4.5600000000000005,AEROTWIN-4-001,IDLE,0.15,1186.7653723212532,500.0098902926927,23.983455082835075,13.05681559833185,21.597257333474566,2.4965926178324445,-11.03703435297516,14.54278392826955,-1.050195076150006,-0.21788662689384736,-0.21788662689384736,33.28878300874523,509.3694784135118,24.860087087184112,381.9454969344714,55.396610984381866,0.0010328546768719191,5.164273384359595,322.42705098312484,0.258615552307636,NONE,NONE,0.0,1.0,False
4.57,4.57,AEROTWIN-4-001,IDLE,0.15,1186.3706212593456,571.2158126319679,23.959098771720324,23.065514318186814,21.406723425431075,2.4855555834794694,-0.82676469072373,-0.21766535291751488,24.346904355130867,-0.21766535291751488,-0.8460593311090239,33.28927159767829,509.3688551841688,24.859825542748695,381.68881373050175,55.359382165844515,0.0010315898344946104,5.157949172473052,322.42705098312484,0.08288358976060135,NONE,NONE,0.0,1.0,False
4.58,4.58,AEROTWIN-4-001,IDLE,0.15,1192.8039688161623,642.3980499075286,23.957270340790526,37.35118528839417,21.392484854615432,2.4847288187887457,13.473971614989992,-0.21764874185599659,39.38078089592924,-0.21764874185599659,-1.594298123823081,33.28974048808822,509.36807835653286,24.859563946964233,381.6695768798384,55.356592091498,0.0010314951334705143,5.157475667352572,322.42705098312484,0.3016279024114795,NONE,NONE,0.0,1.0,False
4.59,4.59,AEROTWIN-4-001,IDLE,0.15,1181.3701847941163,713.9662880364983,23.987000194190696,0.176466068373605,21.625124535564208,2.498202790403736,-23.94686125759434,-0.21791883377782514,0.7841004952726887,-0.21791883377782514,-0.17179675934343341,33.290428749780176,509.3700780985408,24.859305286674168,381.9829249831664,55.40203947370849,0.001033039297627664,5.16519648813832,322.42705098312484,0.4841061591367818,NONE,NONE,0.0,1.0,False
4.6000000000000005,4.6000000000000005,AEROTWIN-4-001,IDLE,0.15,1191.9141675993615,64.84849912414529,23.934061458426292,45.77005230226946,21.21253042609991,2.4742559291461417,22.08326594702341,-0.21743789212334325,-0.21743789212334325,-1.4761648735099875,47.681092960026135,33.29070945157758,509.3671276538462,24.859041753309295,381.4257866197754,55.32123323975899,0.0010302960857246756,5.151480428623378,322.42705098312484,0.4492192542185267,NONE,NONE,0.0,1.0,False
4.61,4.61,AEROTWIN-4-001,IDLE,0.15,1187.6577410563727,136.36334918010698,23.982896933026197,15.174573280922312,21.592872991160824,2.496339195093165,-8.914638905331678,-0.21788155617410584,-0.21788155617410584,-1.127672094627664,16.73800848789819,33.29135474752845,509.3687698200426,24.85878294514436,381.93960574820426,55.395756538508046,0.0010328256218780838,5.164128109390419,322.42705098312484,0.22154149309048018,NONE,NONE,0.0,1.0,False
4.62,4.62,AEROTWIN-4-001,IDLE,0.15,1185.6087849360763,207.62281364348934,23.963230071872648,19.63502929006685,21.438928397246418,2.487424556187833,-4.2913236633674,-0.7570327107021356,-0.21770288525185816,20.827467771272698,-0.21770288525185816,33.2918433392626,509.36854674928,24.858522393453256,381.73229557089974,55.36568868501216,0.0010318039380469352,5.159019690234676,322.42705098312484,0.1430153207414928,NONE,NONE,0.0,1.0,False
4.63,4.63,AEROTWIN-4-001,IDLE,0.15,1193.0509751432735,278.7593407396539,23.95374006932866,39.43503895742609,21.36501900386955,2.4831332325244655,15.586886721032073,-1.6130890550178143,-0.2176166697905586,41.48336135202502,-0.2176166697905586,33.292254521050126,509.3674511312349,24.85826106728351,381.6324477573074,55.351206957824346,0.0010313123867032336,5.156561933516168,322.42705098312484,0.33813499410396125,NONE,NONE,0.0,1.0,False
4.64,4.64,AEROTWIN-4-001,IDLE,0.15,1181.950743816989,350.34239924825033,23.988138752881852,0.8845317359701873,21.634081741926547,2.498720119245498,-23.248270125201856,-0.27419833829781637,-0.21792917743814763,1.5945884291442989,-0.21792917743814763,33.29292086248041,509.3695724137297,24.85800312034192,381.9949491352971,55.403783432685216,0.001033098619153083,5.165493095765416,322.42705098312484,0.47174215090971305,NONE,NONE,0.0,1.0,False
4.65,4.65,AEROTWIN-4-001,IDLE,0.15,1191.946108707637,421.2594438772697,23.93676057295909,44.64309955732853,21.233384434602154,2.475471849120296,20.934243273606082,46.508067037548294,-1.4300426537513309,-0.21746241323421409,-0.21746241323421409,33.2931916697614,509.3668834221652,24.85774043923196,381.45410165011856,55.325339995129895,0.0010304352437235833,5.1521762186179165,322.42705098312484,0.42946714725678603,NONE,NONE,0.0,1.0,False
4.66,4.66,AEROTWIN-4-001,IDLE,0.15,1188.736330895996,492.7762103997279,23.983044275710856,17.367893469182683,21.59403030525992,2.4964060923939018,-6.72254292847114,19.003124056664827,-1.199464797954984,-0.21788289476358128,-0.21788289476358128,33.29380791304582,509.36854538320006,24.857482248859593,381.9411608864888,55.395982092654556,0.0010328332916157007,5.164166458078503,322.42705098312484,0.18316190065787502,NONE,NONE,0.0,1.0,False
4.67,4.67,AEROTWIN-4-001,IDLE,0.15,1185.0634594358503,564.1003902534877,23.968219750685613,16.275125823115566,21.477886271499,2.489683549465431,-7.692443997848864,-0.21774821584672388,17.377481627850468,-0.21774821584672388,-0.666859373041456,33.29430443083126,509.3687901761469,24.857222770915143,381.78484255896274,55.37330999506684,0.0010320627649793228,5.160313824896614,322.42705098312484,0.20193233635768487,NONE,NONE,0.0,1.0,False
4.68,4.68,AEROTWIN-4-001,IDLE,0.15,1193.402415542557,635.2041978196387,23.95121182993032,41.29242960643037,21.345369672003958,2.481991105467582,17.465068828958827,-0.21759370105846468,43.35284245849387,-0.21759370105846468,-1.6252254499465688,33.29466683020501,509.36745476150145,24.8569618068146,381.6058676520939,55.34735183252439,0.0010311815906052216,5.155907953026108,322.42705098312484,0.37066774459352714,NONE,NONE,0.0,1.0,False
4.69,4.69,AEROTWIN-4-001,IDLE,0.15,1182.7097911903322,706.8083427521922,23.98975832240518,1.751705343714964,21.64682924444883,2.4994561742965407,-22.394580075030408,-0.2179438910204584,2.560618980258392,-0.2179438910204584,-0.3730258545025113,33.295316138910096,509.36972657055355,24.85670461769529,382.01205623096524,55.40626461162674,0.0010331830260620679,5.165915130310339,322.42705098312484,0.4566052249893989,NONE,NONE,0.0,1.0,False
4.7,4.7,AEROTWIN-4-001,IDLE,0.15,1192.0006162593156,57.77093022361214,23.940287716303864,43.196385416422665,21.260665300530388,2.4770615942215106,19.458658521670767,-0.21749445688110772,-0.21749445688110772,-1.379876228922324,45.011250559107204,33.295584409836934,509.3673590310856,24.856442865594577,381.49111772067124,55.33070873197072,0.0010306172059981584,5.153086029990792,322.42705098312484,0.40410990301955835,NONE,NONE,0.0,1.0,False
4.71,4.71,AEROTWIN-4-001,IDLE,0.15,1189.850314532191,129.29096719917106,23.983295707926057,19.58894418200265,21.596005335216585,2.4965202527431813,-4.503581405957117,-0.21788517899315007,-0.21788517899315007,-1.2647255038762946,21.289440043865245,33.29617347646188,509.3690324622767,24.856185301222744,381.94381471317814,55.396366998369935,0.0010328463801314235,5.164231900657118,322.42705098312484,0.14429950438728317,NONE,NONE,0.0,1.0,False
4.72,4.72,AEROTWIN-4-001,IDLE,0.15,1184.6305319996923,200.68198607110253,23.973368858452393,13.077889367335315,21.518159667621514,2.4920166713372245,-10.932286971623423,-0.5769074489625031,-0.21779499483327697,14.090386805964371,-0.21779499483327697,33.29668020499959,509.36974249980506,24.85592691216208,381.8391038610675,55.381179945801506,0.0010323301355798112,5.161650677899056,322.42705098312484,0.25800652910670013,NONE,NONE,0.0,1.0,False
4.73,4.73,AEROTWIN-4-001,IDLE,0.15,1193.7407445656065,271.75981799108405,23.94920394394252,42.891245702095866,21.329776737917914,2.4810843843656007,19.08038457981235,-1.6310462904360312,-0.21757545967065972,44.95744291187322,-0.21757545967065972,33.296998794820624,509.36819773673835,24.855666357138276,381.58476428041325,55.344291041702576,0.0010310777619239556,5.155388809619779,322.42705098312484,0.3986696021637554,NONE,NONE,0.0,1.0,False
4.74,4.74,AEROTWIN-4-001,IDLE,0.15,1183.5148593811014,343.38426266502046,23.99131705828464,2.742225636932188,21.659104716049892,2.5001647689454134,-21.41704384806312,-0.4674408657989061,-0.2179580519368827,3.6455826066048593,-0.2179580519368827,33.29763157831495,509.3705959695623,24.855409918645947,382.02852415114944,55.408653085834416,0.001033264288715587,5.166321443577934,322.42705098312484,0.43930828720308895,NONE,NONE,0.0,1.0,False
4.75,4.75,AEROTWIN-4-001,IDLE,0.15,1191.9701123990558,414.39515422788656,23.944026488966546,41.47700757179602,21.289619336399877,2.47874772509735,17.708640510298796,43.238528039870786,-1.3264636217680983,-0.21752842315333085,-0.21752842315333085,33.297899861775036,509.3685517243437,24.855149114761975,381.5303728729112,55.33640222074129,0.0010308102268468753,5.154051134234377,322.42705098312484,0.37397868840717946,NONE,NONE,0.0,1.0,False
4.76,4.76,AEROTWIN-4-001,IDLE,0.15,1190.880756052819,485.9133609718299,23.983155001133184,21.8098138146405,21.594900045351928,2.496456365607649,-2.281542596319077,23.569070875191276,-1.3234892591709662,-0.2178839006899042,-0.2178839006899042,33.298459715959176,509.37018226512043,24.854892137274643,381.9423295649193,55.39615159543677,0.0010328390554386318,5.164195277193159,322.42705098312484,0.10543093299447037,NONE,NONE,0.0,1.0,False
4.7700000000000005,4.7700000000000005,AEROTWIN-4-001,IDLE,0.15,1184.218494654132,557.366206334999,23.978127917611975,10.096213564169176,21.55544638543157,2.49417482301133,-13.953407644273723,-0.2178382302780404,11.01953928727608,-0.2178382302780404,-0.4876492625508241,33.29897468667137,509.3713051753722,24.85463480002433,381.88928684443863,55.38845838534369,0.0010325775003807611,5.162887501903806,322.42705098312484,0.31029917843182364,NONE,NONE,0.0,1.0,False
4.78,4.78,AEROTWIN-4-001,IDLE,0.15,1193.9728876951979,628.4193160142469,23.94729233078358,44.224715930329275,21.314941502935184,2.480221415367056,20.429553012027036,-0.2175580929092115,46.29089690989653,-0.2175580929092115,-1.6310647937488316,33.29925119802142,509.3695447579825,24.854374661175296,381.56467777916777,55.34137773573494,0.0010309789505289183,5.154894752644592,322.42705098312484,0.4220268327032443,NONE,NONE,0.0,1.0,False
4.79,4.79,AEROTWIN-4-001,IDLE,0.15,1184.266272445138,700.0576892759588,23.99238634527145,3.8386930233334704,21.667529495495433,2.5006509683790834,-20.329487440541048,-0.21796776627261674,4.8322018022990445,-0.21796776627261674,-0.5575732464203406,33.29986469662184,509.37200880518805,24.8541189250921,382.0398230098813,55.41029184970716,0.0010333200494645539,5.166600247322769,322.42705098312484,0.42014560770392945,NONE,NONE,0.0,1.0,False
4.8,4.8,AEROTWIN-4-001,IDLE,0.15,1191.7731161076906,51.113665622666986,23.947514022577234,39.519279540330444,21.316661458109895,2.4803214809385423,15.722296601282007,-0.2175601069508482,-0.2175601069508482,-1.270104322446813,41.224504076678954,33.30013210802825,509.3702512732491,24.853859045170125,381.56700698108324,55.34171555852235,0.0010309904078427373,5.154952039213686,322.42705098312484,0.33967920191640893,NONE,NONE,0.0,1.0,False
4.8100000000000005,4.8100000000000005,AEROTWIN-4-001,IDLE,0.15,1191.743836024512,122.62005258912843,23.982246226746664,24.02248239373753,21.58776267900463,2.4960437775398243,-0.061324062806924484,-0.21787564459064734,-0.21787564459064734,-1.376315737095193,25.834549420014017,33.30065794316251,509.37175489832117,24.853602579542834,381.93273817940536,55.3947604800646,0.0010327917529221627,5.163958764610814,322.42705098312484,0.06809584508899773,NONE,NONE,0.0,1.0,False
4.82,4.82,AEROTWIN-4-001,IDLE,0.15,1183.7572447442003,194.12468275059916,23.982111141508167,7.355606725121788,21.586701933945747,2.4959824534770174,-16.727077662300978,-0.39876378976316973,-0.2178744173585051,8.190119349601968,-0.2178744173585051,33.30117636428619,509.37320838415934,24.85334622000552,381.9313125591787,55.394553710958164,0.001032784722358767,5.163923611793835,322.42705098312484,0.35835468488719935,NONE,NONE,0.0,1.0,False
4.83,4.83,AEROTWIN-4-001,IDLE,0.15,1194.032481769125,265.15011743525116,23.945151689756003,45.29800198887053,21.29834051212388,2.479255375814716,21.520406100931936,-1.6256983253221273,-0.21753864545882212,47.358777605110305,-0.21753864545882212,33.30141022928018,509.37120270801717,24.853086473876175,381.54219054529534,55.33811623230854,0.0010308683457559361,5.1543417287796816,322.42705098312484,0.44083342571798645,NONE,NONE,0.0,1.0,False
4.84,4.84,AEROTWIN-4-001,IDLE,0.15,1184.8981945598998,336.7920663413987,23.992660814092996,5.03966189411714,21.66969250705582,2.500775781915648,-19.130806394854332,-0.6442152067540827,-0.21797025978681261,6.119817620444848,-0.21797025978681261,33.30199953360447,509.37365084678925,24.852831362652623,382.0427234987758,55.410712530815445,0.0010333343643073346,5.166671821536673,322.42705098312484,0.39913519825288035,NONE,NONE,0.0,1.0,False
4.8500000000000005,4.8500000000000005,AEROTWIN-4-001,IDLE,0.15,1191.3515786605565,407.8859580149927,23.95044542144399,37.33699761318656,21.33941658338814,2.4816449755207937,13.515936054277628,38.98273369387343,-1.2105626040164121,-0.21758673833523184,-0.21758673833523184,33.30226309426912,509.37212308757375,24.85257235360646,381.5978118740917,55.34618343859451,0.0010311419543284892,5.155709771642446,322.42705098312484,0.3014563008837151,NONE,NONE,0.0,1.0,False
4.86,4.86,AEROTWIN-4-001,IDLE,0.15,1192.3863415413898,479.3670527346261,23.980301149505053,26.234857153500542,21.57249393216967,2.4951609115750712,2.1672023097557997,28.094540674011856,-1.42396757288675,-0.2178579738122812,-0.2178579738122812,33.30274830726322,509.37339925838177,24.852316299207413,381.9122132345202,55.39178358310834,0.0010326905391846147,5.163452695923073,322.42705098312484,0.10683414130229249,NONE,NONE,0.0,1.0,False
4.87,4.87,AEROTWIN-4-001,IDLE,0.15,1183.2025125523894,550.9102332271095,23.985074680537938,4.8727459677101805,21.60998430960443,2.497328113884827,-19.234566455779078,-0.2179013407321656,5.617866392000268,-0.2179013407321656,-0.309317742825756,33.30326376923792,509.3750869947257,24.85206081960457,381.96259395046764,55.39909070138793,0.001032939005107412,5.1646950255370605,322.42705098312484,0.4018753670152342,NONE,NONE,0.0,1.0,False
4.88,4.88,AEROTWIN-4-001,IDLE,0.15,1193.878279139925,621.9023839802529,23.942576207699254,46.11575033994668,21.27838353728986,2.4780935474290477,22.359273255227773,-0.2175152475332091,48.16587970504149,-0.2175152475332091,-1.615098870028392,33.303453146186925,509.3727966109514,24.851801423485963,381.5151434652218,55.33419337790884,0.0010307353362577192,5.153676681288596,322.42705098312484,0.4551730148944559,NONE,NONE,0.0,1.0,False
4.89,4.89,AEROTWIN-4-001,IDLE,0.15,1185.3761629019505,693.5350807286484,23.99195058664705,6.3577580407337955,21.664095828841447,2.5004528206842758,-17.80679060879193,-0.2179638074611577,7.522202083961663,-0.2179638074611577,-0.7285164283055512,33.304012189734344,509.375138815309,24.851546841296933,382.03521828008337,55.40962398890673,0.001033297324237053,5.166486621185266,322.42705098312484,0.3760515778645282,NONE,NONE,0.0,1.0,False
4.9,4.9,AEROTWIN-4-001,IDLE,0.15,1190.6681662682902,44.657650502765364,23.95266171475639,34.922827953786395,21.356635991400726,2.482646030075484,11.083545932310185,-0.2176068730769685,-0.2176068730769685,-1.1471186544860819,36.505160354426415,33.3042680145252,509.3737787004557,24.851288634865085,381.6211096573562,55.34956250248363,0.0010312565908950928,5.156282954475464,322.42705098312484,0.25918341915334536,NONE,NONE,0.0,1.0,False
4.91,4.91,AEROTWIN-4-001,IDLE,0.15,1192.7799272638256,116.09774047886279,23.97714638548718,28.46434260443921,21.547751141957082,2.493729576007794,4.422861886474333,-0.21782931318402202,-0.21782931318402202,-1.4671538184072186,30.367155049214475,33.3047050190071,509.3747205899164,24.851032874611448,381.87893433388746,55.38695687791837,0.0010325264631268357,5.162632315634179,322.42705098312484,0.14588541157245266,NONE,NONE,0.0,1.0,False
4.92,4.92,AEROTWIN-4-001,IDLE,0.15,1182.5418118344842,187.66453611469234,23.986889364817113,2.679746439191559,21.62425281424627,2.4981524378942686,-21.44265881294898,-0.21798229671969088,-0.21791782690711833,3.333564389725486,-0.21791782690711833,33.30521043832062,509.3765439725673,24.850778164411505,381.9817546250841,55.40186972731294,0.0010330335238941811,5.165167619470906,322.42705098312484,0.4402961108500819,NONE,NONE,0.0,1.0,False
4.93,4.93,AEROTWIN-4-001,IDLE,0.15,1193.4952365563354,258.61704482476136,23.939507324457935,46.672135328705515,21.254626457746735,2.4767097790813195,22.940799091877462,-1.5990703186415594,-0.21748736712083852,48.70618038158875,-0.21748736712083852,33.30535337939277,509.37393400689643,24.85051907026399,381.4829263678225,55.329520674536234,0.0010305769351545094,5.1528846757725475,322.42705098312484,0.46494431827927285,NONE,NONE,0.0,1.0,False
4.94,4.94,AEROTWIN-4-001,IDLE,0.15,1185.696974711514,330.2267590181415,23.99018600383173,7.817205853111408,21.650196689911937,2.499650578173197,-16.332641414973725,-0.8116952186149976,-0.21794777645160643,9.064796624629619,-0.21794777645160643,33.305875906134965,509.37608361524815,24.850264914601407,382.0165743195252,55.406919906155295,0.0010332053201137354,5.166026600568677,322.42705098312484,0.35046916340923007,NONE,NONE,0.0,1.0,False
4.95,4.95,AEROTWIN-4-001,IDLE,0.15,1189.7087137094477,401.3685775008323,23.9541488364652,32.25368197957279,21.368197533462038,2.4833179367582234,8.40216650935253,33.767613210781256,-1.0786904644328712,-0.21762038338779716,-0.21762038338779716,33.30612032612742,509.3748373711719,24.850007441044017,381.63674604932123,55.35183037350145,0.0010313335401431062,5.1566677007155315,322.42705098312484,0.21245665427997507,NONE,NONE,0.0,1.0,False
4.96,4.96,AEROTWIN-4-001,IDLE,0.15,1192.9194714422163,472.7511003233992,23.972714587227323,30.729353711789987,21.51303833804125,2.4917201032675758,6.724595270481159,32.67125924009548,-1.5063274265800097,-0.21778905086274347,-0.21778905086274347,33.30650138858012,509.37534159991094,24.84975185167212,381.832207155721,55.380179661451464,0.001032296146704573,5.161480733522866,322.42705098312484,0.18557269680404484,NONE,NONE,0.0,1.0,False
4.97,4.97,AEROTWIN-4-001,IDLE,0.15,1181.8107842510888,544.3262686099322,23.987532622390717,0.8617774353000304,21.629312783877374,2.498444698538057,-23.2659800471154,-0.21792367082003467,1.4209192922038403,-0.21792367082003467,-0.12329451526374056,33.30698983367516,509.3772092619598,24.849497797867215,381.988547658801,55.40285497533718,0.0010330670366555253,5.1653351832776275,322.42705098312484,0.4721259018803642,NONE,NONE,0.0,1.0,False
4.98,4.98,AEROTWIN-4-001,IDLE,0.15,1192.907306695078,615.2349156649975,23.9361099866154,46.9440370493284,21.228356070550145,2.4751787184909415,23.240502260287315,-0.21745650274035735,48.9560188893196,-0.21745650274035735,-1.5770688345104844,33.30708595421674,509.37426936651843,24.84923897341686,381.4472757953098,55.324349986800144,0.0010304016946090571,5.152008473045286,322.42705098312484,0.4697408876355041,NONE,NONE,0.0,1.0,False
4.99,4.99,AEROTWIN-4-001,IDLE,0.15,1185.8991086954024,686.8093540667022,23.987476549220563,9.449355311704121,21.62887165807545,2.498419220751229,-14.677935567122558,-0.217923161402444,10.779928660221128,-0.217923161402444,-0.8947270257121178,33.30756686432096,509.37615862093907,24.848985152366463,381.9879554832189,55.402769087375106,0.0010330641151529135,5.165320575764567,322.42705098312484,0.3218419523793929,NONE,NONE,0.0,1.0,False
5.0,5.0,AEROTWIN-4-001,IDLE,0.15,1188.4984382454595,37.963300588426364,23.955085641257565,29.303248088367514,21.375483724037508,2.4837412851841063,5.4440230791459,-0.21762889413971176,-0.21762889413971176,-1.0040688924654841,30.74257476911242,33.307797840366376,509.37499713057076,24.848728358806127,381.6465976405244,55.35325922858638,0.0010313820257673262,5.156910128836631,322.42705098312484,0.16081353706121454,NONE,NONE,0.0,1.0,False
5.01,5.01,AEROTWIN-4-001,IDLE,0.15,1192.8333860930625,109.27320688315393,23.967119584974096,33.03756957301006,21.4692907235971,2.4891853082632522,9.079093541149707,-0.21773822098171888,-0.21773822098171888,-1.541513781246495,35.01455979621999,33.308116402971606,509.3749786758403,24.848472828286646,381.7732536699941,55.371629165788605,0.0010320056742589678,5.160028371294839,322.42705098312484,0.22602914259934645,NONE,NONE,0.0,1.0,False
5.0200000000000005,5.0200000000000005,AEROTWIN-4-001,IDLE,0.15,1181.3148070183108,180.8432100487377,23.98713580239353,0.0,21.626191198884563,2.498264401804402,-24.124455600688965,-0.024052263264598788,-0.2179200657610316,0.1225429396675277,-0.2179200657610316,33.30858219902189,509.3768185172699,24.848219330260257,381.9843570285267,55.402247174703454,0.0010330463624080963,5.165231812040481,322.42705098312484,0.4871975478110081,NONE,NONE,0.0,1.0,False
5.03,5.03,AEROTWIN-4-001,IDLE,0.15,1192.3953484507888,251.72209846983634,23.933803935927692,46.89171341458461,21.21054176033416,2.474139946203713,23.207031708046735,-1.5484887774563871,-0.21743555256432745,48.87507329716964,-0.21743555256432745,33.3086419266039,509.3736758287746,24.847960877223485,381.4230855889809,55.32084148765461,0.001030282812598558,5.1514140629927905,322.42705098312484,0.4688512282023823,NONE,NONE,0.0,1.0,False
5.04,5.04,AEROTWIN-4-001,IDLE,0.15,1186.2665261582497,323.26581937688366,23.98511621431284,11.271482365794354,21.610310780814523,2.49734697791176,-12.836175392931928,-0.9774581088946955,-0.21790171806120698,12.684743910811463,-0.21790171806120698,33.30908604367349,509.3753605109627,24.8477074230816,381.96303244204915,55.39915429932992,0.0010329411680270754,5.164705840135377,322.42705098312484,0.2898984699042622,NONE,NONE,0.0,1.0,False
5.05,5.05,AEROTWIN-4-001,IDLE,0.15,1187.3285471334993,394.4418109463786,23.956788095484576,26.097533291661204,21.388730959940474,2.4845108025188276,2.224291529201902,27.456018740274057,-0.9231967271749106,-0.2176443607189717,-0.2176443607189717,33.30931139188822,509.37437643797074,24.847451381532423,381.66450394577424,55.355856323287206,0.0010314701620656674,5.157350810328337,322.42705098312484,0.10469440751778766,NONE,NONE,0.0,1.0,False
5.0600000000000005,5.0600000000000005,AEROTWIN-4-001,IDLE,0.15,1192.7854017880893,465.68152377438855,23.961706366327668,35.34258995500899,21.427045197916268,2.4867350940480297,11.428809663044692,37.34986626068472,-1.5718982205126393,-0.21768904258154947,-0.21768904258154947,33.309570915571314,509.3738721186501,24.84719592617609,381.71625592487686,55.36336232683229,0.00103172495163386,5.1586247581693,322.42705098312484,0.2664276964203494,NONE,NONE,0.0,1.0,False
5.07,5.07,AEROTWIN-4-001,IDLE,0.15,1181.267701431876,537.248647881674,23.986914602056174,0.0,21.624451313174163,2.4981639037110743,-24.122615216885237,0.2409171901325163,-0.07845327908655782,-0.2179180561842126,-0.2179180561842126,33.310017346622125,509.37571905930736,24.84694299974157,381.98202112882734,55.40190838048286,0.001033034838634332,5.16517419317166,322.42705098312484,0.487192275103968,NONE,NONE,0.0,1.0,False
5.08,5.08,AEROTWIN-4-001,IDLE,0.15,1192.1503727040476,608.1247099675866,23.933584872963742,46.47550493159303,21.208850229707867,2.474041288494189,22.792613413390974,-0.21743356240527292,48.4237048011463,-0.21743356240527292,-1.5133327447427278,33.310058126942394,509.3725836691526,24.846685113708077,381.42078801127036,55.32050825157863,0.0010302715222787477,5.151357611393739,322.42705098312484,0.46157005060698575,NONE,NONE,0.0,1.0,False
5.09,5.09,AEROTWIN-4-001,IDLE,0.15,1186.9748442830007,679.6537323298294,23.9839864499141,13.258664608892783,21.60143208432258,2.49683390190758,-10.83960137733738,-0.21789145429590812,14.75242836528655,-0.21789145429590812,-1.0579808478019508,33.310476480077355,509.37419066572556,24.84643214322797,381.9511058284002,55.39742448713951,0.0010328823407207016,5.164411703603508,322.42705098312484,0.2550958568440575,NONE,NONE,0.0,1.0,False
5.1000000000000005,5.1000000000000005,AEROTWIN-4-001,IDLE,0.15,1186.420687531575,30.872222986809447,23.960068792964403,22.739652064147467,21.414280949761565,2.4859943005302427,-1.1606231861443406,-0.21767416543665186,-0.21767416543665186,-0.8377057501223731,24.012706145143145,33.31070959636847,509.3735394037751,24.846177003220895,381.69902111452006,55.36086262440776,0.0010316400895651967,5.158200447825983,322.42705098312484,0.08860924313340643,NONE,NONE,0.0,1.0,False
5.11,5.11,AEROTWIN-4-001,IDLE,0.15,1192.9499884735724,102.05746423870394,23.95750227109123,37.55406006239429,21.394290470079664,2.484833677344098,13.67493591497053,-0.21765084891316247,-0.21765084891316247,-1.5963687254293815,39.58573048565,33.310920640336114,509.37266692762284,24.845921736818934,381.672016760244,55.35694596687227,0.0010315071440432147,5.157535720216074,322.42705098312484,0.30517560683110434,NONE,NONE,0.0,1.0,False
5.12,5.12,AEROTWIN-4-001,IDLE,0.15,1181.5404699174796,173.6344635471183,23.987673287768597,0.23288826039990615,21.630419431685603,2.498508613259069,-23.896039784544765,-0.21792494874703064,-0.21792494874703064,-0.18121193620744755,0.849950094101415,33.31135639780181,509.37461453520666,24.84566947488717,381.9900332117632,55.40307043696771,0.0010330743656948558,5.16537182847428,322.42705098312484,0.4831348156320022,NONE,NONE,0.0,1.0,False
5.13,5.13,AEROTWIN-4-001,IDLE,0.15,1192.0409216765238,244.52689174216707,23.934853265203827,45.68535341271822,21.218646102185787,2.474612573474524,21.99209473705791,-1.4722998732834458,-0.2174450855868085,47.59254345717529,-0.2174450855868085,33.311390457553074,509.37162365893397,24.845412295020516,381.4340920558454,55.3224378435957,0.0010303369010224378,5.15168450511219,322.42705098312484,0.44772809399439356,NONE,NONE,0.0,1.0,False
5.14,5.14,AEROTWIN-4-001,IDLE,0.15,1187.8720404541684,316.0493470427585,23.983481621854203,15.362786075900583,21.59746582224877,2.496604668211582,-8.731284414559767,-1.1341641743294373,-0.21788686799744728,16.932723986224914,-0.21788686799744728,33.31178879792815,509.37320774817914,24.845159866694065,381.9457770603725,55.39665161328231,0.001032856058466453,5.164280292332266,322.42705098312484,0.21826170134747097,NONE,NONE,0.0,1.0,False
5.15,5.15,AEROTWIN-4-001,IDLE,0.15,1185.6817731256172,387.3216694700086,23.964221771755657,19.347254137184077,21.446665919236562,2.487873383797022,-4.587285165849507,20.53212761115801,-0.7494496845366091,-0.21771189471866156,-0.21771189471866156,33.312037189261886,509.3729655718122,24.844905711040873,381.74273661779233,55.367203033571364,0.0010318553592030667,5.159276796015334,322.42705098312484,0.1480749742314445,NONE,NONE,0.0,1.0,False
5.16,5.16,AEROTWIN-4-001,IDLE,0.15,1193.2005751460288,458.46257585754563,23.954078377773456,39.59827784816915,21.367649622123988,2.4832860986311727,15.747342127413987,41.647894903795205,-1.614377569066904,-0.21761974327957975,-0.21761974327957975,33.31220651158979,509.37179076385644,24.84465070619014,381.63600514196884,55.351722913780876,0.0010313298938262915,5.156649469131458,322.42705098312484,0.3409878735946467,NONE,NONE,0.0,1.0,False
5.17,5.17,AEROTWIN-4-001,IDLE,0.15,1182.1283662374838,530.0546103663073,23.988828219195817,0.948960928300758,21.63950759827291,2.499033440758587,-23.18958011073074,1.667128134367262,-0.2822963237633648,-0.2179354411515696,-0.2179354411515696,33.31263536916807,509.37386766982263,24.844399145604203,382.00223135115846,55.40483963070932,0.0010331345485948252,5.165672742974126,322.42705098312484,0.4706310769277511,NONE,NONE,0.0,1.0,False
5.18,5.18,AEROTWIN-4-001,IDLE,0.15,1192.0721338592582,600.9823123405563,23.937586131392727,44.541788846323975,21.239766779296108,2.475843860647856,20.82617820638001,-0.21746991332716514,46.40301053776481,-0.21746991332716514,-1.426281864786504,33.31267433255605,509.3711474207503,24.84414280930077,381.4627640967978,55.32659637907136,0.0010304778220194253,5.152389110097126,322.42705098312484,0.42768490433901074,NONE,NONE,0.0,1.0,False
5.19,5.19,AEROTWIN-4-001,IDLE,0.15,1188.9408544371063,672.5066403721117,23.983625588131147,17.537130598166446,21.598596845291507,2.4966700388542358,-6.558136285979296,-0.21788817591268975,19.17760909505716,-0.21788817591268975,-1.2047021450653348,33.31305815408839,509.3727567925998,24.843890983875983,381.9472966767416,55.39687201540124,0.001032863553334941,5.1643177666747055,322.42705098312484,0.18021410280181613,NONE,NONE,0.0,1.0,False
5.2,5.2,AEROTWIN-4-001,IDLE,0.15,1185.148118180237,23.843091638338137,23.969165437033087,16.03190116204836,21.485277500536434,2.4901119025682563,-7.94348824105633,-0.2177568072864326,-0.2177568072864326,-0.6601841706469684,17.127598947268194,33.31332830906902,509.3729839532578,24.843637887986983,381.7948055081847,55.374755001296094,0.0010321118494698257,5.160559247349129,322.42705098312484,0.20621127202059564,NONE,NONE,0.0,1.0,False
5.21,5.21,AEROTWIN-4-001,IDLE,0.15,1193.5452682599584,94.95197872915236,23.95160439377148,41.417537943851556,21.3484195284947,2.4821684143272003,17.586950001029656,-0.21759726745083374,-0.21759726745083374,-1.6258879726006448,43.47862045135387,33.31346349765234,509.3715799765036,24.843383233215043,381.60999422565493,55.34795034250054,0.001031201895161534,5.15600947580767,322.42705098312484,0.37285272768182365,NONE,NONE,0.0,1.0,False
5.22,5.22,AEROTWIN-4-001,IDLE,0.15,1182.8814239967978,166.56469482474986,23.990416516942332,1.8174640612356752,21.65201189435509,2.4997553643282298,-22.334303197447646,-0.2179498706337812,-0.2179498706337812,-0.3798004401675703,2.6331642426708077,33.31388908554163,509.37380987777385,24.843132414365392,382.0190095974104,55.407273113989206,0.0010332173370360368,5.1660866851801845,322.42705098312484,0.4554701411265285,NONE,NONE,0.0,1.0,False
5.23,5.23,AEROTWIN-4-001,IDLE,0.15,1192.1176045244715,237.53758026455773,23.941084978427888,43.08846869358579,21.26683637047559,2.477421061130782,19.344211261979417,-1.3763676332371826,-0.2175016999056992,44.89983972663436,-0.2175016999056992,33.3139389700398,509.3714138125424,24.842876993353862,381.49948699022525,55.33192259408829,0.0010306583539239742,5.153291769619871,322.42705098312484,0.40221237987122277,NONE,NONE,0.0,1.0,False
5.24,5.24,AEROTWIN-4-001,IDLE,0.15,1190.0355142178362,309.064636536026,23.98383531554875,19.736290131538183,21.600244600102823,2.4967652723927616,-4.360719740957401,-1.2688319857174206,-0.21789008125949777,21.440902279774598,-0.21789008125949777,33.31430900275139,509.37303601202507,24.842625775484684,381.9495104765028,55.39719310049101,0.0010328744721125247,5.1643723605626235,322.42705098312484,0.14173380867549712,NONE,NONE,0.0,1.0,False
5.25,5.25,AEROTWIN-4-001,IDLE,0.15,1184.718057965469,380.46676738909616,23.974224472928373,12.880408993889032,21.524858773385258,2.492404552651804,-11.13685433214803,13.8871979903323,-0.5711834604801972,-0.21780276798153478,-0.21780276798153478,33.31460205109971,509.3737253321035,24.84237375042211,381.8481238127693,55.38248818155643,0.001032374590865756,5.16187295432878,322.42705098312484,0.26148280588440936,NONE,NONE,0.0,1.0,False
5.26,5.26,AEROTWIN-4-001,IDLE,0.15,1193.8702872800784,451.5498508670243,23.949609936317554,42.98258068967794,21.332928738860474,2.4812676983196558,19.16838425249781,45.04898562059693,-1.6312466347999095,-0.21757914805954426,-0.21757914805954426,33.31470692443144,509.37211850935756,24.842119489414312,381.5890309234606,55.34490986707688,0.0010310987525868787,5.155493762934394,322.42705098312484,0.4002633989209839,NONE,NONE,0.0,1.0,False
5.2700000000000005,5.2700000000000005,AEROTWIN-4-001,IDLE,0.15,1183.6721008530303,523.182068103829,23.991913775402757,2.8052101659644113,21.663805789494717,2.5004360825721537,-21.35903170610246,3.714114680974172,-0.4729775689383531,-0.21796347303570385,-0.21796347303570385,33.31512871714692,509.3744742411722,24.841869402149527,382.03482930182105,55.409567572277524,0.0010332954045876883,5.166477022938442,322.42705098312484,0.43822028781231653,NONE,NONE,0.0,1.0,False
5.28,5.28,AEROTWIN-4-001,IDLE,0.15,1192.0736596399631,594.2023941550108,23.94475645858206,41.370537405299665,21.29527677861294,2.479077050866051,17.596183575820675,-0.21753505483407534,43.1289084853764,-0.21753505483407534,-1.3233009704085843,33.31519099401445,509.3724004283656,24.84161491215445,381.53803934890436,55.33751415108639,0.0010308479297640736,5.154239648820368,322.42705098312484,0.3721072438206743,NONE,NONE,0.0,1.0,False
5.29,5.29,AEROTWIN-4-001,IDLE,0.15,1191.0419608640716,665.7268137334086,23.98363262571068,21.934540506208975,21.59865213513929,2.496673234441872,-2.1607848633721862,-0.21788823984820113,23.69694644408345,-0.21788823984820113,-1.3266294581780738,33.31554427576104,509.3739791289307,24.841364260412718,381.94737096167665,55.39688278953966,0.0010328639197161617,5.164319598580809,322.42705098312484,0.10325959711177879,NONE,NONE,0.0,1.0,False
5.3,5.3,AEROTWIN-4-001,IDLE,0.15,1184.303057428212,17.1893313852529,23.978872097835005,9.941868629232106,21.561282531218872,2.4945124495785,-14.113926351565265,-0.21784499106033955,-0.21784499106033955,-0.48284825389379893,10.860406865246583,33.31585734358196,509.3750762053635,24.84111326663386,381.8971368083039,55.38959692840278,0.0010326162026801664,5.1630810134008325,322.42705098312484,0.3130179397112316,NONE,NONE,0.0,1.0,False
5.3100000000000005,5.3100000000000005,AEROTWIN-4-001,IDLE,0.15,1194.086102449215,88.24751483094563,23.947684701602984,44.28794583160894,21.31798572990133,2.4803985232269348,20.48956157848067,-0.21756165754800255,-0.21756165754800255,-1.6309492230972968,46.35401836980224,33.31593266006964,509.37325775341293,24.840859404060694,381.56880026284523,55.34197565252255,0.0010309992290999568,5.154996145499784,322.42705098312484,0.4231289420016406,NONE,NONE,0.0,1.0,False
5.32,5.32,AEROTWIN-4-001,IDLE,0.15,1184.4050224311443,159.89268097789852,23.9929077609117,3.896520311162048,21.671638802080686,2.5008880848054154,-20.27600657572405,-0.217972503267127,-0.217972503267127,-0.5620088359563037,4.894474153652606,33.316347060204535,509.37567749634155,24.84060999835896,382.045333233305,55.411091041492085,0.0010333472444298312,5.166736222149156,322.42705098312484,0.41914606551423955,NONE,NONE,0.0,1.0,False
5.33,5.33,AEROTWIN-4-001,IDLE,0.15,1191.8618706262628,230.9569823237672,23.948157785135102,39.41985513678897,21.321656719413532,2.4806120782296914,15.617586339145744,-1.2673324306345335,-0.21756595545148208,41.12231947832647,-0.21756595545148208,33.31641998623618,509.3738877114035,24.84035641307628,381.57377103685803,55.342696603643816,0.00103102368120672,5.1551184060336,322.42705098312484,0.3379320333334543,NONE,NONE,0.0,1.0,False
5.34,5.34,AEROTWIN-4-001,IDLE,0.15,1191.8801358887206,302.46869456134294,23.98265568201937,24.125462535922285,21.590978195117497,2.496229664568837,0.038254676235951024,-1.3786614592250237,-0.21787936443951506,25.93988272402634,-0.21787936443951506,33.31675095393839,509.3753384631725,24.840106251117366,381.9370595122025,55.39538723753083,0.0010328130643556554,5.164065321778278,322.42705098312484,0.06989342262068143,NONE,NONE,0.0,1.0,False
5.3500000000000005,5.3500000000000005,AEROTWIN-4-001,IDLE,0.15,1183.8356955888844,373.9815027146662,23.982739942541855,7.239671516693283,21.591639962919615,2.496267919245073,-16.848236365471404,8.070244681081299,-0.39481290451681184,-0.2178801299356023,-0.2178801299356023,33.317078534802725,509.3767607741169,24.83985621334633,381.9379488141809,55.39551622011117,0.0010328174501884181,5.1640872509420905,322.42705098312484,0.36039853326858806,NONE,NONE,0.0,1.0,False
5.36,5.36,AEROTWIN-4-001,IDLE,0.15,1194.1290544501403,445.01164444999927,23.945515829710246,45.33894367381282,21.30116360474296,2.4794196828796013,21.55836038619026,47.39941250350776,-1.6253849224473211,-0.21754195362380807,-0.21754195362380807,33.31712290745809,509.3746999100164,24.839602724191977,381.5460153688756,55.33867097707098,0.0010308871571412337,5.154435785706169,322.42705098312484,0.44154580711853486,NONE,NONE,0.0,1.0,False
5.37,5.37,AEROTWIN-4-001,IDLE,0.15,1185.017567036596,516.6593877170077,23.993105566455856,5.091121342911371,21.67319791409014,2.5009780432657913,-19.08305461444456,6.174774715310947,-0.647704771789101,-0.21797430030523718,-0.21797430030523718,33.31752431633959,509.3771020070303,24.839353921609096,382.04742370312306,55.411394239053564,0.0010333575619334723,5.166787809667362,322.42705098312484,0.3982452651203793,NONE,NONE,0.0,1.0,False
5.38,5.38,AEROTWIN-4-001,IDLE,0.15,1191.4262860032088,587.7604417392034,23.950999015636665,37.248001080649736,21.3437164757101,2.481894988651347,13.422389616288289,-0.21759176766778188,38.89137484493096,-0.21759176766778188,-1.2081902289456603,33.31760421778297,509.3755391284417,24.839101187025253,381.60363066583756,55.34702738451175,0.001031170583894841,5.1558529194742055,322.42705098312484,0.29989263778081443,NONE,NONE,0.0,1.0,False
5.39,5.39,AEROTWIN-4-001,IDLE,0.15,1192.499334225246,659.246018899396,23.98064591320747,26.317903874489428,21.575199555355667,2.495317378267635,2.247386940866126,-0.21786110594649355,28.179303645257214,-0.21786110594649355,-1.4256775588747992,33.31790563319054,509.3767619156606,24.83885141357748,381.91585089170775,55.392311181631506,0.0010327084763473143,5.163542381736572,322.42705098312484,0.10828360528136567,NONE,NONE,0.0,1.0,False
5.4,5.4,AEROTWIN-4-001,IDLE,0.15,1183.273822484958,10.795978952910673,23.985595705662792,4.789778265242607,21.614080105964103,2.497564765208501,-19.321866605929998,-0.21790607417889335,-0.21790607417889335,-0.3061237848935749,5.531714198493968,33.318240734834525,509.3784140110085,24.838602233743774,381.96809482833567,55.39988853771215,0.0010329661394161101,5.164830697080551,322.42705098312484,0.40333971943748775,NONE,NONE,0.0,1.0,False
5.41,5.41,AEROTWIN-4-001,IDLE,0.15,1193.9597283154867,81.79240830200816,23.94290734256711,46.1397001850997,21.28094845040267,2.4782428986025713,22.38050883609446,-0.21751825585119983,-0.21751825585119983,-1.614677151027551,48.18941384782965,33.31825162267469,509.3760710132268,24.838349074477776,381.51862046596887,55.33469767514319,0.0010307524336973968,5.153762168486985,322.42705098312484,0.45558840869099165,NONE,NONE,0.0,1.0,False
5.42,5.42,AEROTWIN-4-001,IDLE,0.15,1185.4774211868496,153.42999200093737,23.992325736224167,6.402372780727622,21.667051880501518,2.500623407438666,-17.765302507212564,-0.2179672156471616,-0.2179672156471616,-0.7312107602316168,7.5695179722535615,33.318633389534085,509.37836626431704,24.838100778935154,382.03918252896153,55.41019895563552,0.0010333168885245927,5.1665844426229635,322.42705098312484,0.3752797665110572,NONE,NONE,0.0,1.0,False
5.43,5.43,AEROTWIN-4-001,IDLE,0.15,1190.7309035740989,224.55863727214836,23.953131136283524,34.846010726655784,21.36028483936049,2.482858104931453,11.002867782363843,-1.145133208558616,-0.2176111377116004,36.4263662106376,-0.2176111377116004,33.3187157998354,509.37696885964635,24.83784882666428,381.6260450852542,55.350278327075095,0.0010312808780341403,5.156404390170701,322.42705098312484,0.2578338424169491,NONE,NONE,0.0,1.0,False
5.44,5.44,AEROTWIN-4-001,IDLE,0.15,1192.8726943382321,296.0024914865943,23.977436061707152,28.529638999460573,21.55002193999499,2.493860972713817,4.485756086751765,-1.4683642690664351,-0.21783194485549065,30.433667158237988,-0.21783194485549065,33.31897952505986,509.3778578825441,24.837599324441594,381.881989498534,55.38739999288837,0.0010325415245223482,5.162707622611741,322.42705098312484,0.14702485857059985,NONE,NONE,0.0,1.0,False
5.45,5.45,AEROTWIN-4-001,IDLE,0.15,1182.6065303812984,367.57485314688824,23.987317001366335,2.6245597644066554,21.62761654737396,2.498346728800569,-21.501403511767876,3.2758536749722453,-0.21545048670446676,-0.21792171193056156,-0.21792171193056156,33.31931456706785,509.3796425901969,24.837350892271974,381.9862705593401,55.40252470938557,0.001033055802634145,5.165279013170726,322.42705098312484,0.441272071216971,NONE,NONE,0.0,1.0,False
5.46,5.46,AEROTWIN-4-001,IDLE,0.15,1193.5642628400626,438.53124496976614,23.939808003106087,46.683619502387984,21.256952982128276,2.4768453252888007,22.94982119497091,48.71720621079572,-1.5986065109118244,-0.2174900987479622,-0.2174900987479622,33.31928941288557,509.3769828956054,24.83709801467887,381.4860823335006,55.32997840948626,0.001030592450436463,5.1529622521823155,322.42705098312484,0.46514190375621467,NONE,NONE,0.0,1.0,False
5.47,5.47,AEROTWIN-4-001,IDLE,0.15,1185.7827173030903,510.14510074016994,23.990504029134826,7.854865343039383,21.652701058239945,2.499795146483772,-16.297630861684336,9.104493988099074,-0.8137273137179412,-0.2179506656708753,-0.2179506656708753,33.31964477017565,509.37908586443245,24.836850123886958,382.01993414744555,55.40740720887721,0.0010332218992978412,5.166109496489207,322.42705098312484,0.3498177053682491,NONE,NONE,0.0,1.0,False
5.48,5.48,AEROTWIN-4-001,IDLE,0.15,1189.7624083524902,581.2920637783553,23.954546234399366,32.1898310470232,21.371288088500247,2.4834975156220875,8.335045442900864,-0.21762399369728386,33.702150670656415,-0.21762399369728386,-1.0770716362386512,33.31972551497683,509.37780131095155,24.836598884653036,381.64092500644574,55.35243648108488,0.0010313541069038317,5.156770534519159,322.42705098312484,0.21133479833505625,NONE,NONE,0.0,1.0,False
5.49,5.49,AEROTWIN-4-001,IDLE,0.15,1192.9959055289703,652.6778082795047,23.972962693401524,30.779033471496504,21.51498026040952,2.4918325610649883,6.772220650021996,-0.2177913048756545,32.721765922647705,-0.2177913048756545,-1.5071498413998914,33.31994332369089,509.378254453186,24.8363495305158,381.83482238676737,55.380558969331965,0.0010323090350957218,5.161545175478609,322.42705098312484,0.18643931520844237,NONE,NONE,0.0,1.0,False
5.5,5.5,AEROTWIN-4-001,IDLE,0.15,1181.8707098240407,4.2575626112429745,23.987884931916476,0.8301339724441155,21.632084588299588,2.4986047817150108,-23.30055539757048,-0.2179268715070885,-0.2179268715070885,-0.12134187665432854,1.387329592112621,33.32027093256568,509.3800820513688,24.8361017336177,381.99226841543776,55.40339462643826,0.001033085393310451,5.165426966552255,322.42705098312484,0.4726880609410792,NONE,NONE,0.0,1.0,False
5.51,5.51,AEROTWIN-4-001,IDLE,0.15,1192.9674925572795,75.16980520068542,23.936388552376556,46.94686059457254,21.23050895943856,2.4753042263174403,23.24104740881654,-0.21745903347472642,-0.21745903347472642,-1.576613821427795,48.95839248294979,33.320208811043706,509.3770960185806,24.835849105964108,381.45019839675984,55.324773875069255,0.001030416059014066,5.15208029507033,322.42705098312484,0.4697871592046336,NONE,NONE,0.0,1.0,False
5.5200000000000005,5.5200000000000005,AEROTWIN-4-001,IDLE,0.15,1185.9728216633828,146.7478547541222,23.987753969709445,9.479995010736143,21.631054200039262,2.498545273726257,-14.649604463029377,-0.21792568173216065,-0.21792568173216065,-0.8962049956091361,10.8120513698096,33.32053220145007,509.3789404006406,24.83560152873988,381.9908852978796,55.403194021833855,0.001033078569532378,5.165392847661891,322.42705098312484,0.32131237082242137,NONE,NONE,0.0,1.0,False
5.53,5.53,AEROTWIN-4-001,IDLE,0.15,1188.5467251704774,217.90622405392514,23.95542723356755,29.25280768444854,21.378141115893698,2.4838956692632275,5.390770899291616,-1.0028007703824309,-0.21763199746222886,30.690872449755428,-0.21763199746222886,33.32060878873477,509.37774095705174,24.83535095070683,381.6501901741544,55.353780282479,0.0010313997076253677,5.156998538126839,322.42705098312484,0.15992699299724433,NONE,NONE,0.0,1.0,False
5.54,5.54,AEROTWIN-4-001,IDLE,0.15,1192.8979193227046,289.2190275641538,23.967342910324952,33.07344145192777,21.471035289778257,2.489286440162519,9.113119721986994,-1.5420371631384389,-0.2177402498640142,35.05095911479424,-0.2177402498640142,33.32077367641815,509.3776746010557,24.835101633188057,381.7756059946166,55.37197034224721,0.001032017262218767,5.160086311093835,322.42705098312484,0.22665439775862237,NONE,NONE,0.0,1.0,False
5.55,5.55,AEROTWIN-4-001,IDLE,0.15,1181.3781584224835,360.7929027235161,23.987433277949734,0.0,21.628531250279735,2.498399559884506,-24.12693081016424,0.1117440535418447,-0.022617639914597684,-0.21792276828847396,-0.21792276828847396,33.32108777443063,509.3794747014533,24.834854371944676,381.98749850843114,55.402702808665836,0.0010330618606726222,5.165309303363111,322.42705098312484,0.48720463884482773,NONE,NONE,0.0,1.0,False
5.5600000000000005,5.5600000000000005,AEROTWIN-4-001,IDLE,0.15,1192.456398783947,431.67559222886507,23.934098537188405,46.889301759206184,21.212816773948067,2.4742726290743415,23.202212356183775,48.872270401479696,-1.5480921843151894,-0.21743822897916232,-0.21743822897916232,33.32099878978159,509.3762927589552,24.834602100698895,381.426175528502,55.321289646302866,0.0010302979968805192,5.1514899844025965,322.42705098312484,0.4688057015265074,NONE,NONE,0.0,1.0,False
5.57,5.57,AEROTWIN-4-001,IDLE,0.15,1186.3374212616368,503.2229761559019,23.985397729620363,11.294442009149158,21.612523722099258,2.4974748414305257,-12.815556554380626,12.708699236847941,-0.9784486765151292,-0.21790427559182812,-0.21790427559182812,33.3212947856585,509.3779381823173,24.834354874068378,381.966004593613,55.39958537424844,0.0010329558287444566,5.164779143722283,322.42705098312484,0.28950338547152094,NONE,NONE,0.0,1.0,False
5.58,5.58,AEROTWIN-4-001,IDLE,0.15,1187.381206872969,574.4032214316001,23.957116538057583,26.062046312255895,21.391287555057083,2.484659284876145,2.1860994723226663,-0.21764734457780743,27.419643488147926,-0.21764734457780743,-0.9223024867364152,33.32137476870904,509.3769200511572,24.834105034113357,381.6679589324898,55.35635742765046,0.0010314871690644514,5.157435845322257,322.42705098312484,0.10406969729849955,NONE,NONE,0.0,1.0,False
5.59,5.59,AEROTWIN-4-001,IDLE,0.15,1192.847922060349,645.6460938439782,23.96195013264345,35.365252779971286,21.42894588099554,2.4868453843484675,11.44946151462728,-0.21769125716740095,37.37282209057938,-0.21769125716740095,-1.5721867962732934,33.32148995026196,509.3763747099667,24.833855774124142,381.7188217779872,55.36373447303571,0.0010317375864508154,5.158687932254077,322.42705098312484,0.2668215611907078,NONE,NONE,0.0,1.0,False
5.6000000000000005,5.6000000000000005,AEROTWIN-4-001,IDLE,0.15,1181.3290767872975,717.2169691675991,23.98720280938628,0.0,21.626718279241057,2.498294845863095,-24.125013125104154,-0.21792067451100433,0.24509618486207838,-0.21792067451100433,-0.079356827055607,33.32179359636084,509.3781858802434,24.833609068972144,381.9850646428949,55.40234980567619,0.0010330498533430764,5.165249266715382,322.42705098312484,0.48719914506422346,NONE,NONE,0.0,1.0,False
5.61,5.61,AEROTWIN-4-001,IDLE,0.15,1192.2086502759093,68.09671377483699,23.93387029546976,46.4713494550783,21.211054191664505,2.474169832737991,22.7861254306758,-0.21743615543229344,-0.21743615543229344,-1.513053720005143,48.41927548594803,33.32169440085459,509.375015123289,24.833357349383405,381.4237815941748,55.32094243485592,0.0010302862328111146,5.151431164055573,322.42705098312484,0.4614941104482081,NONE,NONE,0.0,1.0,False
5.62,5.62,AEROTWIN-4-001,IDLE,0.15,1187.0387670335972,139.62923279139153,23.984255230095982,13.27272189814819,21.60354408262282,2.4969559581686664,-10.827778142643298,-0.21789389612953902,-0.21789389612953902,-1.0585251811051495,14.767034871512417,33.32197332092513,509.37658630961073,24.83311058971281,381.9539431091406,55.39783600066353,0.001032896334996213,5.164481674981065,322.42705098312484,0.2548562594208338,NONE,NONE,0.0,1.0,False
5.63,5.63,AEROTWIN-4-001,IDLE,0.15,1186.4741871831586,210.85155881340737,23.960364775160052,22.720262386212713,21.416587479855092,2.4861281800260233,-1.1824532736684024,-0.8372106674999329,-0.21767685439710427,23.992826762506855,-0.21767685439710427,33.32206938300243,509.3759025520277,24.832861637064088,381.7021359420527,55.36131439276344,0.0010316554258325546,5.158277129162773,322.42705098312484,0.08895560039156589,NONE,NONE,0.0,1.0,False
5.64,5.64,AEROTWIN-4-001,IDLE,0.15,1193.007637029969,282.0400100443969,23.957750096635046,37.5647910805387,21.396219992895094,2.484945726752355,13.683625360891249,-1.596489043469189,-0.21765310037658228,39.59658632476105,-0.21765310037658228,33.322144723507044,509.37499392559124,24.83261254805159,381.67462393681893,55.35732410654835,0.0010315199783759103,5.157599891879552,322.42705098312484,0.3053606171797662,NONE,NONE,0.0,1.0,False
5.65,5.65,AEROTWIN-4-001,IDLE,0.15,1181.5982189682393,353.6204682661951,23.98793900439029,0.2353100774430419,21.632510034973045,2.4986293521132463,-23.895829309643247,-0.1816107148651849,-0.2179273627486084,0.8527755178054436,-0.2179273627486084,33.32244596309043,509.37690806475,24.832366491605946,381.99283949228925,55.40347745428265,0.0010330882108063903,5.165441054031952,322.42705098312484,0.4830987681237625,NONE,NONE,0.0,1.0,False
5.66,5.66,AEROTWIN-4-001,IDLE,0.15,1192.0964951821022,424.51636140428946,23.935121768610713,45.682992129485925,21.220720320796676,2.4747335228036027,21.987538285885645,47.59007463246846,-1.4721874531705892,-0.21744752490597388,-0.21744752490597388,33.32234818237892,509.3738845998319,24.832115463566982,381.4369086365469,55.32284635482749,0.0010303507430512058,5.15175371525603,322.42705098312484,0.4476837437773845,NONE,NONE,0.0,1.0,False
5.67,5.67,AEROTWIN-4-001,IDLE,0.15,1187.9287352883387,496.0421511152156,23.983737952411207,15.367264788756737,21.5994796371163,2.4967210610894885,-8.728935909449051,16.93736722904536,-1.134324046832974,-0.21788919672782586,-0.21788919672782586,33.3226152541725,509.3754359827713,24.83186923002225,381.94848274221783,55.39704403996579,0.001032869403158919,5.164347015794595,322.42705098312484,0.21818943204344857,NONE,NONE,0.0,1.0,False
5.68,5.68,AEROTWIN-4-001,IDLE,0.15,1185.7357989570128,567.3178752325159,23.964484107793268,19.34383019681972,21.44871318382909,2.4879921251800394,-4.592875112189407,-0.21771427800806464,20.52862057167582,-0.21771427800806464,-0.7493618188399713,33.32273438170127,509.3751623983256,24.831621248230554,381.7454988276878,55.36760365897018,0.001031868963449635,5.159344817248175,322.42705098312484,0.1481411334027361,NONE,NONE,0.0,1.0,False
5.69,5.69,AEROTWIN-4-001,IDLE,0.15,1193.253958935807,638.4620231699366,23.954328781461854,39.59899359776143,21.369596909098146,2.48339925006785,15.745997438595433,-0.2176220181651139,41.64863439593403,-0.2176220181651139,-1.6143967618423758,33.32277610674988,509.37395582363473,24.831372403458055,381.63863828859616,55.35210482010141,0.0010313428527346266,5.156714263673133,322.42705098312484,0.3409975859374249,NONE,NONE,0.0,1.0,False
5.7,5.7,AEROTWIN-4-001,IDLE,0.15,1182.1804910813148,710.0572607060851,23.989074231667107,0.9483723511339244,21.641443944584495,2.4991452475064455,-23.192216840957016,-0.21793767614345705,1.6664724492744798,-0.21793767614345705,-0.28222474585364127,33.323078236871666,509.3760014818735,24.831127033243924,382.00482991840477,55.40521652170559,0.0010331473700039174,5.165736850019587,322.42705098312484,0.47064724222177123,NONE,NONE,0.0,1.0,False
5.71,5.71,AEROTWIN-4-001,IDLE,0.15,1192.124561970925,60.98809017096403,23.937828377577762,44.544406315579266,21.241639915863505,2.4759530306654884,20.82681336905027,-0.2174721141028229,-0.2174721141028229,-1.4263760761483133,46.405726619933226,33.32299291965868,509.37325022671865,24.830876834689462,381.4653061176945,55.32696506869818,0.00103049031724061,5.152451586203051,322.42705098312484,0.42772797979453553,NONE,NONE,0.0,1.0,False
5.72,5.72,AEROTWIN-4-001,IDLE,0.15,1188.9897351622717,132.51556388921955,23.98386740520535,17.531710657024576,21.600496727884778,2.496779844034539,-6.565565914894741,-0.21789037278993037,-0.21789037278993037,-1.2045423076421846,19.172033710246623,33.323253129603735,509.37482949760965,24.830631188480965,381.94984920753933,55.39724222936309,0.001032876142797331,5.164380713986656,322.42705098312484,0.18031471416974762,NONE,NONE,0.0,1.0,False
5.73,5.73,AEROTWIN-4-001,IDLE,0.15,1185.2015402189659,203.85494799895585,23.969391432374398,16.04328151999442,21.487044178045007,2.490214278119644,-7.933976936170232,-0.6604994986251744,-0.21775886042525025,17.139298739470092,-0.21775886042525025,33.323401314413296,509.37502578952467,24.830384253462004,381.7971865827553,55.37510034758966,0.0010321235808217566,5.160617904108783,322.42705098312484,0.20601749396037922,NONE,NONE,0.0,1.0,False
5.74,5.74,AEROTWIN-4-001,IDLE,0.15,1193.5943888940901,274.9670404120938,23.95185209954288,41.41056564696557,21.350344185474793,2.482280301183474,17.577941160307304,-1.6258676985394798,-0.21759951782613646,43.47163238115733,-0.21759951782613646,33.32341648307745,509.37359366202327,24.83013574191421,381.61259817880523,55.348328014657554,0.0010312147080582708,5.156073540291354,322.42705098312484,0.37272792819341644,NONE,NONE,0.0,1.0,False
5.75,5.75,AEROTWIN-4-001,IDLE,0.15,1182.9273215786661,346.5827037457392,23.990642823857424,1.8125988182573343,21.653794118235997,2.499858242343781,-22.34105354232244,-0.3793042735045167,-0.21795192660320686,2.6278069449682646,-0.21795192660320686,33.32372266813365,509.37579427285584,24.82989109876511,382.02140050940415,55.40761988708296,0.0010332291352313444,5.166145676156723,322.42705098312484,0.45556067905962755,NONE,NONE,0.0,1.0,False
5.76,5.76,AEROTWIN-4-001,IDLE,0.15,1192.1675262498795,417.55834304045914,23.941298162508634,43.0986433703969,21.268486773095162,2.477517188801459,19.352639408500277,44.910347734850404,-1.3766970911418037,-0.2175036366558505,-0.2175036366558505,33.323655352076806,509.3733682681396,24.829641801902195,381.5017250365415,55.3322471958499,0.001030669357799362,5.153346788996811,322.42705098312484,0.40238803560503167,NONE,NONE,0.0,1.0,False
5.7700000000000005,5.7700000000000005,AEROTWIN-4-001,IDLE,0.15,1190.077243017897,489.0883946154519,23.984065564494713,19.72104458825322,21.602053723722427,2.496869828209959,-4.377878963679166,21.42524595281277,-1.2684170184760035,-0.21789217304177058,-0.21789217304177058,33.32390900265789,509.37496300125747,24.82939674806438,381.95194096259587,55.39754561333298,0.00103288645981143,5.16443229905715,322.42705098312484,0.14200609252069252,NONE,NONE,0.0,1.0,False
5.78,5.78,AEROTWIN-4-001,IDLE,0.15,1184.7705935032234,560.4930291965256,23.974417241468796,12.90463954120122,21.52636834560431,2.49249194924628,-11.11422075364937,-0.2178045192591092,13.912138047310203,-0.2178045192591092,-0.5718894675907629,33.324086963184165,509.3756220303766,24.82915087129079,381.8501561303844,55.38278294483869,0.001032384607630903,5.161923038154515,322.42705098312484,0.26106336090997745,NONE,NONE,0.0,1.0,False
5.79,5.79,AEROTWIN-4-001,IDLE,0.15,1193.916039572774,631.579264806719,23.949853611345354,42.97037595576653,21.334820770006292,2.481377728492631,19.154177457267604,-0.21758136181605608,45.036779038014025,-0.21758136181605608,-1.6312403586153816,33.324078934075125,509.3739903054043,24.8289027370298,381.5915918519224,55.34528129901912,0.0010311113519238656,5.155556759619328,322.42705098312484,0.4000470760383499,NONE,NONE,0.0,1.0,False
5.8,5.8,AEROTWIN-4-001,IDLE,0.15,1183.7122328507608,703.2142271810854,23.99212451164067,2.795195332512197,21.665466250913436,2.5005319059498983,-21.370802824351138,-0.21796538754751563,3.7032294510803117,-0.21796538754751563,-0.4721033434730834,33.324388251033206,509.3763188504432,24.828658811131334,382.03705614155086,55.409890548658254,0.0010333063943500894,5.166531971750447,322.42705098312484,0.4384005729965745,NONE,NONE,0.0,1.0,False
5.8100000000000005,5.8100000000000005,AEROTWIN-4-001,IDLE,0.15,1192.1224743311857,54.23696115213113,23.944942751310254,41.390250490915,21.296720821243607,2.479161103125547,17.614368566545846,-0.2175367472797226,-0.2175367472797226,-1.3238867726432622,43.14921075811771,33.324340002083055,509.3742161218325,24.82841043206578,381.5399959947112,55.33779793908092,0.001030857552666286,5.15428776333143,322.42705098312484,0.3724501260577835,NONE,NONE,0.0,1.0,False
5.82,5.82,AEROTWIN-4-001,IDLE,0.15,1191.0780462211203,125.76430961200226,23.98385777645462,21.909751427858996,21.600421074689944,2.496775471692093,-2.1874451185230406,-0.21789028531395954,-0.21789028531395954,-1.3260171542467631,23.67154915273368,33.32458376353549,509.3757703506429,24.828165929433617,381.94974756851286,55.39722748784197,0.0010328756414942361,5.164378207471181,322.42705098312484,0.10369877122865415,NONE,NONE,0.0,1.0,False
5.83,5.83,AEROTWIN-4-001,IDLE,0.15,1184.3550524228974,197.22899238526946,23.979038668455406,9.976571790509478,21.56258904835342,2.4945880265735703,-14.080605284417512,-0.4839319501647382,-0.21784650433315592,10.896196749340529,-0.21784650433315592,33.324788276702826,509.37683811168586,24.827921071649335,381.89889397705315,55.38985178464384,0.001032624866254175,5.163124331270875,322.42705098312484,0.31241460194188947,NONE,NONE,0.0,1.0,False
5.84,5.84,AEROTWIN-4-001,IDLE,0.15,1194.1299613681351,268.29029553064333,23.947925945580458,44.272886479934,21.319857637399497,2.4805074212891527,20.47252142124535,-1.6310024578177138,-0.2175638492187326,46.339016636189186,-0.2175638492187326,33.324757402403726,509.3749978956464,24.827673319607673,381.5713350193932,55.34234328854275,0.0010310116979041486,5.155058489520743,322.42705098312484,0.4228626896393459,NONE,NONE,0.0,1.0,False
5.8500000000000005,5.8500000000000005,AEROTWIN-4-001,IDLE,0.15,1184.4404901853925,339.9380932127315,23.993109742987595,3.880629787648777,21.67323083485458,2.500979942710398,-20.293580989916197,-0.5607966284588856,-0.21797433824849471,4.877375092604653,-0.21797433824849471,33.325065905868875,509.37739293169875,24.8274300611425,382.04746784257384,55.41140064095122,0.0010333577797851277,5.166788898925638,322.42705098312484,0.4194289669486791,NONE,NONE,0.0,1.0,False
5.86,5.86,AEROTWIN-4-001,IDLE,0.15,1191.911410266877,411.00452262385505,23.948322335064912,39.45067851016074,21.322933719408095,2.480686361720482,15.647058429032166,41.15400695522243,-1.2681935443285228,-0.21756745036658245,-0.21756745036658245,33.32503462700133,509.37557546134286,24.82718257381586,381.57550006289915,55.342947378122766,0.0010310321867882059,5.15516093394103,322.42705098312484,0.3384695915310008,NONE,NONE,0.0,1.0,False
5.87,5.87,AEROTWIN-4-001,IDLE,0.15,1191.912531501626,482.5192072398677,23.982884213424995,24.09145481560088,21.592773086884357,2.4963334201495138,0.002348308567009294,25.905118359597026,-1.3779006627598382,-0.21788144061815318,-0.21788144061815318,33.32526261012228,509.377005250638,24.826938546160335,381.9394714997068,55.395737067374476,0.001032824959786024,5.1641247989301196,322.42705098312484,0.06929573423102951,NONE,NONE,0.0,1.0,False
5.88,5.88,AEROTWIN-4-001,IDLE,0.15,1183.8878080787183,554.0339591299653,23.982889385694882,7.282208045140325,21.59281371168028,2.496335768458081,-16.806941434998034,-0.2178814876075646,8.114237985399118,-0.2178814876075646,-0.39626696504366365,33.32548786110575,509.37839977572986,24.826694632230087,381.9395260901857,55.395744985068355,0.001032825229017437,5.1641261450871845,322.42705098312484,0.35965770488114085,NONE,NONE,0.0,1.0,False
5.89,5.89,AEROTWIN-4-001,IDLE,0.15,1194.1727491254155,625.0672276146884,23.945757704715515,45.3232979856221,21.30303900199328,2.4795288270230826,21.540730156605736,-0.21754415102734506,47.38392449405364,-0.21754415102734506,-1.6255382063768475,33.325432385831895,509.3763202705132,24.82644723749559,381.5485560538416,55.339039472937074,0.0010308996531090365,5.1544982655451825,322.42705098312484,0.4412692856356704,NONE,NONE,0.0,1.0,False
5.9,5.9,AEROTWIN-4-001,IDLE,0.15,1185.049710165789,696.7175925622133,23.993306785539904,5.068605483129337,21.674784041933727,2.5010695571796884,-19.107248115984078,-0.21797612835492136,6.150742757279895,-0.21797612835492136,-0.6461850174407152,33.32573416143104,509.3787005848041,24.826204568063634,382.04955030340057,55.41170267690461,0.0010333680579120595,5.166840289560298,322.42705098312484,0.39864409182998595,NONE,NONE,0.0,1.0,False
5.91,5.91,AEROTWIN-4-001,IDLE,0.15,1191.4785308282208,47.820575172160716,23.951148071977336,37.29132718964328,21.344874371018474,2.481962309063704,13.464490509561106,-0.2175931218256033,-0.2175931218256033,-1.2093484629516704,38.93586189624616,33.325715856461706,509.3771115173979,24.82595791854335,381.6051974573505,55.34725462881921,0.0010311782930078673,5.155891465039337,322.42705098312484,0.3006491690354482,NONE,NONE,0.0,1.0,False
5.92,5.92,AEROTWIN-4-001,IDLE,0.15,1192.5301157130837,119.30928702185396,23.98088700390833,26.274952802359632,21.577091770178654,2.4954267995732655,2.202434232607712,-0.2178632962247251,-0.2178632962247251,-1.424809515293627,28.13548891010271,33.32592052355388,509.37831738553217,24.825714264535474,381.91839477469716,55.39268014133253,0.0010327210204164653,5.163605102082327,322.42705098312484,0.10752926685360689,NONE,NONE,0.0,1.0,False
5.93,5.93,AEROTWIN-4-001,IDLE,0.15,1183.3266366338348,190.861093964639,23.985737635620207,4.837103676080052,21.61519595083134,2.497629233805873,-19.27572150855716,-0.3079498651030029,-0.2179073635944329,5.580868268371922,-0.2179073635944329,33.32615923615249,509.3799437861995,24.825471196371513,381.9695933604344,55.40010588181068,0.001032973531439922,5.1648676571996095,322.42705098312484,0.402514907478271,NONE,NONE,0.0,1.0,False
5.94,5.94,AEROTWIN-4-001,IDLE,0.15,1194.0049142383048,261.86069216266907,23.943152578837864,46.12573402618473,21.282848197090473,2.478353512297316,22.36453231679694,-1.6149701069779308,-0.2175204837914045,48.175745100745466,-0.2175204837914045,33.32607626918704,509.37758517867326,24.825224115301072,381.521195603852,55.33507116799149,0.001030765096680352,5.153825483401761,322.42705098312484,0.45534123976490254,NONE,NONE,0.0,1.0,False
5.95,5.95,AEROTWIN-4-001,IDLE,0.15,1185.507439869937,333.5009870169674,23.992533849540578,6.372341254244739,21.668691909452164,2.500718044614113,-17.79706869982154,-0.7294048363327222,-0.21796910633006644,7.537684303237594,-0.21796910633006644,33.326364367268724,509.37986194102285,24.82498193866918,382.0413817696868,55.41051792911183,0.001033327742408293,5.166638712041465,322.42705098312484,0.37581028146125134,NONE,NONE,0.0,1.0,False
5.96,5.96,AEROTWIN-4-001,IDLE,0.15,1190.7876875574798,404.6314334091636,23.953270292427312,34.90321249630843,21.36136662418089,2.482920975914291,11.058924896213247,36.4850537637768,-1.1466164636135752,-0.2176124019273974,-0.2176124019273974,33.326354261318535,509.3784400095844,24.82473605845312,381.6275082090416,55.350490535622974,0.001031288078197604,5.1564403909880205,322.42705098312484,0.2588333096698008,NONE,NONE,0.0,1.0,False
5.97,5.97,AEROTWIN-4-001,IDLE,0.15,1192.903777964762,476.0786946626124,23.977698237754808,28.477986644709443,21.55207735866607,2.4939799008105044,4.431929385232866,30.381081706428347,-1.4674264083360933,-0.21783432669140537,-0.21783432669140537,33.3265271883171,509.37931658972656,24.824492660533604,381.88475472211053,55.38780105538547,0.001032555156838122,5.16277578419061,322.42705098312484,0.14611801018503456,NONE,NONE,0.0,1.0,False
5.98,5.98,AEROTWIN-4-001,IDLE,0.15,1182.6600008726998,547.6529213404981,23.98746028350776,2.672638956426259,21.628743697852876,2.4984118301957374,-21.454516571622356,-0.21792301363052022,3.326144100556688,-0.21792301363052022,-0.2176591168693884,33.326771509776634,509.38107815125403,24.824250327667354,381.98778370565105,55.40274417310022,0.0010330632676892573,5.165316338446287,322.42705098312484,0.4404341008584071,NONE,NONE,0.0,1.0,False
5.99,5.99,AEROTWIN-4-001,IDLE,0.15,1193.6120665485682,618.6125213928601,23.94005641279221,46.67378527988416,21.25887525363291,2.476957313624115,22.93795271262713,-0.21749235551824034,48.7078515647544,-0.21749235551824034,-1.5990815738337607,33.32665814067451,509.378405483561,24.824003511607273,381.48868976765164,55.33035658652066,0.0010306052693009318,5.153026346504659,322.42705098312484,0.4649670063291811,NONE,NONE,0.0,1.0,False
6.0,6.0,AEROTWIN-4-001,IDLE,0.15,1185.8112022718183,690.2292453857742,23.990724265663832,7.816238857969543,21.65443552729213,2.4998952663367424,-16.338091935659328,-0.21795266649161849,9.063796048414876,-0.21795266649161849,-0.8116518574620954,33.32692549323172,509.3804933749928,24.82376172504058,382.0222609518704,55.40774468393738,0.001033233381218923,5.166166906094615,322.42705098312484,0.3504989203335523,NONE,NONE,0.0,1.0,False
6.01,6.01,AEROTWIN-4-001,IDLE,0.15,1189.8249510867734,41.377917522083294,23.954678250187456,32.262247901148314,21.372314866468653,2.483557174401083,8.406375860278578,-0.21762519304386108,-0.21762519304386108,-1.0789139687840423,33.77641225602007,33.326919098939165,509.3791858415916,24.823516544462986,381.6423133050043,55.35263783713121,0.0010313609395561437,5.156804697780719,322.42705098312484,0.21260061020732526,NONE,NONE,0.0,1.0,False
6.0200000000000005,6.0200000000000005,AEROTWIN-4-001,IDLE,0.15,1193.0286665570172,112.7674145872897,23.97325167102309,30.719051834256565,21.517242293655144,2.4919635502613615,6.7098459903400585,-0.21779393020044585,-0.21779393020044585,-1.506181243418572,32.66082093807603,33.3270517685763,509.379631174589,24.823273278892675,381.8378685398504,55.38100077728282,0.001032324047454457,5.1616202372722855,322.42705098312484,0.1853864018063243,NONE,NONE,0.0,1.0,False
6.03,6.03,AEROTWIN-4-001,IDLE,0.15,1181.9230462386215,184.34913458071074,23.988035931825195,0.8723892804013319,21.633272688036286,2.498673396251702,-23.259556803886653,-0.12394752541468514,-0.2179282433219775,1.432193292459972,-0.2179282433219775,33.32729405000085,509.38143839517727,24.823031568485003,381.99386318423774,55.403625928515474,0.001033093261376817,5.165466306884085,322.42705098312484,0.4719521927169806,NONE,NONE,0.0,1.0,False
6.04,6.04,AEROTWIN-4-001,IDLE,0.15,1193.0175063871518,255.26451735502803,23.936631829355388,46.94398612740216,21.232389289175664,2.475413839447815,23.236182998778684,-1.5773177562652474,-0.2174612436150142,48.95622637089743,-0.2174612436150142,33.327148955723196,509.3784408836858,24.822784984649267,381.4527508467526,55.32514407731131,0.0010304286043894854,5.152143021947428,322.42705098312484,0.4697341135288387,NONE,NONE,0.0,1.0,False
6.05,6.05,AEROTWIN-4-001,IDLE,0.15,1185.9988107295383,326.84556773825716,23.987984493552172,9.431596165591952,21.63286795363974,2.4986500224465935,-14.69992181049438,-0.8938812766936232,-0.2179277760118354,10.761332994309246,-0.2179277760118354,33.32738966707451,509.3802730786167,24.822543495944657,381.99331992111263,55.40354713471833,0.0010330905810849104,5.165452905424552,322.42705098312484,0.3221648459908902,NONE,NONE,0.0,1.0,False
6.0600000000000005,6.0600000000000005,AEROTWIN-4-001,IDLE,0.15,1188.6145336177017,398.0054963820295,23.955547664593432,29.341385381812916,21.379078074989554,2.4839501006360996,5.478357206187263,30.781687274960913,-1.005035710022555,-0.21763309156272073,-0.21763309156272073,33.3273841411243,509.37905145624967,24.822298962262376,381.6514567872323,55.353963989506596,0.0010314059417921213,5.157029708960606,322.42705098312484,0.161475749998915,NONE,NONE,0.0,1.0,False
6.07,6.07,AEROTWIN-4-001,IDLE,0.15,1192.932300455112,469.3223683990916,23.967656508157035,33.00602344725788,21.473485271867563,2.4894284578422865,9.043109717548031,34.98259488557581,-1.5410852405973787,-0.2177430988602742,-0.2177430988602742,33.32746921469007,509.3789813985367,24.82205571632687,381.77890928887143,55.37244944543934,0.001032033535141314,5.16016767570657,322.42705098312484,0.22547106848970025,NONE,NONE,0.0,1.0,False
6.08,6.08,AEROTWIN-4-001,IDLE,0.15,1181.4119098933838,540.8983064263983,23.987591756915837,0.0,21.62977800258047,2.4984715675598346,-24.128249570140305,-0.21792420804964427,0.13474863051081926,-0.21792420804964427,-0.02562422985223835,33.32770306936153,509.38076356376837,24.821814527805543,381.9891721692963,55.4029455530904,0.0010330701176956712,5.165350588478357,322.42705098312484,0.48720841664564907,NONE,NONE,0.0,1.0,False
6.09,6.09,AEROTWIN-4-001,IDLE,0.15,1192.4929362426933,611.7830210200013,23.934255484929476,46.89641950701951,21.214028873546063,2.4743433179896943,23.208047315483753,-0.21743965482934877,48.88035976921714,-0.21743965482934877,-1.5490609525389307,33.32753542072869,509.3775638646285,24.821568275971213,381.4278217295291,55.321528408007445,0.001030306086617419,5.151530433087094,322.42705098312484,0.468928492029489,NONE,NONE,0.0,1.0,False
6.1000000000000005,6.1000000000000005,AEROTWIN-4-001,IDLE,0.15,1186.3454575903068,683.3325971945629,23.98556620486976,11.236150363080519,21.613848179400335,2.497551365305178,-12.875249181624994,-0.2179058061679557,12.647911250412957,-0.2179058061679557,-0.9759492749965261,33.32775320462421,509.3791931692596,24.821327115503333,381.9677833550188,55.39984336224522,0.0010329646029767397,5.164823014883699,322.42705098312484,0.29052750461484705,NONE,NONE,0.0,1.0,False
6.11,6.11,AEROTWIN-4-001,IDLE,0.15,1187.4379310913546,34.513324649981314,23.95715376761288,26.164324634262954,21.39157736805067,2.4846761161235533,2.2880711500887316,-0.21764768280356334,-0.21764768280356334,-0.9248903667902371,27.524510366660316,33.32775526469063,509.37814710756686,24.821083299447178,381.6683505705965,55.35641423005817,0.0010314890969093389,5.157445484546694,322.42705098312484,0.10585914989794962,NONE,NONE,0.0,1.0,False
6.12,6.12,AEROTWIN-4-001,IDLE,0.15,1192.8696617656403,105.7596005154626,23.962212702829774,35.294147669344774,21.4309933603284,2.486964187273642,11.37619012174273,-0.21769364258401516,-0.21769364258401516,-1.5713286150458572,37.300863569558665,33.32779509660526,509.3775954003454,24.820840086995634,381.721585647935,55.3641353392052,0.0010317511965991103,5.158755982995552,322.42705098312484,0.2655742762837413,NONE,NONE,0.0,1.0,False
6.13,6.13,AEROTWIN-4-001,IDLE,0.15,1181.3504183659513,177.331780221401,23.98730302232933,0.0,21.62750658218805,2.4983403773953845,-24.125846959583434,-0.2179215849327954,-0.2179215849327954,-0.07608577916525165,0.23007694578266463,33.32802281096216,509.37938537037917,24.820599434618018,381.9861229337357,55.40250329806316,0.0010330550743325145,5.165275371662572,322.42705098312484,0.48720153386987597,NONE,NONE,0.0,1.0,False
6.140000000000001,6.140000000000001,AEROTWIN-4-001,IDLE,0.15,1192.238950248957,248.21280532335808,23.933969540122213,46.490922963632414,21.211820585177094,2.474214530435801,22.80488784801952,-1.5142895077885,-0.21743705705728808,48.44008658553549,-0.21743705705728808,33.327849185145965,509.37619377256226,24.820353714776328,381.4248225223654,55.321093408998834,0.0010302913480279155,5.1514567401395785,322.42705098312484,0.46183552749477635,NONE,NONE,0.0,1.0,False
6.15,6.15,AEROTWIN-4-001,IDLE,0.15,1187.0366127400266,319.7471423382955,23.98439497092959,13.205911422950603,21.604642204367618,2.4970194182838203,-10.895750199700835,-1.0559668946262821,-0.21789516565716832,14.697668648891222,-0.21789516565716832,33.32805433200327,509.3777484783549,24.82011300337704,381.9554182716857,55.39804995528875,0.0010329036110263332,5.1645180551316665,322.42705098312484,0.25602877287931475,NONE,NONE,0.0,1.0,False
6.16,6.16,AEROTWIN-4-001,IDLE,0.15,1186.5255881579985,390.96933910269706,23.960354800346124,22.832346030554977,21.416509744272854,2.4861236680841197,-1.0702873818019976,24.10778923710827,-0.8400896789989106,-0.21767676377719347,-0.21767676377719347,33.32807665288793,509.3770347432846,24.81987005914479,381.7020309681906,55.36129916756443,0.0010316549089743523,5.1582745448717615,322.42705098312484,0.08699389943034895,NONE,NONE,0.0,1.0,False
6.17,6.17,AEROTWIN-4-001,IDLE,0.15,1193.0240495339767,462.160874392177,23.95798819100606,37.49347296625934,21.398073906617167,2.485053380702318,13.610345678939854,39.52456654542212,-1.5957830522956933,-0.21765526343353983,-0.21765526343353983,33.3280810260143,509.3761198410559,24.819626997406885,381.67712881729443,55.35768740940275,0.0010315323093567782,5.157661546783891,322.42705098312484,0.30410987709371223,NONE,NONE,0.0,1.0,False
6.18,6.18,AEROTWIN-4-001,IDLE,0.15,1181.6043255977472,533.7423173642156,23.98801465158483,0.2143550904136072,21.633105246753484,2.498663726381258,-23.917413882721135,0.8283676396379335,-0.1781564492369039,-0.21792804999371115,-0.21792804999371115,33.32831062698879,509.37801286625836,24.819386978037087,381.99363843344815,55.40359333111045,0.0010330921525248445,5.165460762624223,322.42705098312484,0.48346728374212633,NONE,NONE,0.0,1.0,False
6.19,6.19,AEROTWIN-4-001,IDLE,0.15,1192.1183470655312,604.6385769000805,23.935150160611954,45.71620104447751,21.220939663394986,2.4747463124985365,22.020515068583986,-0.2174477828436797,47.62477919163802,-0.2174477828436797,-1.4736825814731518,33.32814227681751,509.3749643984295,24.819141930225193,381.4372064721242,55.322889552303955,0.0010303522067741735,5.1517610338708675,322.42705098312484,0.44826457963831623,NONE,NONE,0.0,1.0,False
6.2,6.2,AEROTWIN-4-001,IDLE,0.15,1187.914883816257,676.1656777240123,23.98383874036048,15.293325493842454,21.600271508645157,2.4967668275671207,-8.803712842369823,-0.21789011237347503,16.860895723812156,-0.21789011237347503,-1.1317900052227516,33.32833967230923,509.37649815149683,24.818901726691287,381.9495466279609,55.39719834382619,0.0010328746504180881,5.16437325209044,322.42705098312484,0.2194857714476604,NONE,NONE,0.0,1.0,False
6.21,6.21,AEROTWIN-4-001,IDLE,0.15,1185.7783131694932,27.440570752987696,23.96442001586975,19.461353010925507,21.448212994700008,2.4879631147247507,-4.474823098499252,-0.2177136957411236,-0.2177136957411236,-0.7524647837116565,20.649245186119412,33.328388931052935,509.3761920764878,24.81865973798342,381.7448239772218,55.367505780008294,0.0010318656396982157,5.159328198491079,322.42705098312484,0.14608295958071435,NONE,NONE,0.0,1.0,False
6.22,6.22,AEROTWIN-4-001,IDLE,0.15,1193.263145271708,98.58726954315728,23.954525822846573,39.53081332668416,21.371129337943803,2.483488291626251,15.676195697114107,-0.21762380826093317,-0.21762380826093317,-1.6138811574673373,41.579942100673364,33.328363686536235,509.3749779802197,24.818416899409357,381.6407103574727,55.352405348827126,0.0010313530504930484,5.1567652524652425,322.42705098312484,0.3398022175373588,NONE,NONE,0.0,1.0,False
6.23,6.23,AEROTWIN-4-001,IDLE,0.15,1182.1760034621602,170.18305825945976,23.989116564725542,0.9200861435970171,21.641777161729472,2.4991644873233656,-23.22085550545582,-0.21793806073388722,-0.21793806073388722,-0.27868971091340633,1.634651975978198,33.32859815736875,509.3770020215449,24.818177550121217,382.0052770801089,55.40528137714483,0.0010331495763365329,5.165747881682665,322.42705098312484,0.47114326013134583,NONE,NONE,0.0,1.0,False
6.24,6.24,AEROTWIN-4-001,IDLE,0.15,1192.1425009385264,241.11361846718938,23.93780752209136,44.591205781744094,21.241478647410926,2.4759436318179096,20.87378350251526,-1.4281044843990836,-0.21747192463339207,46.45425411540997,-0.21747192463339207,33.32844603945129,509.3742238296329,24.81793331572762,381.4650872666657,55.32693332698266,0.001030489241476686,5.15244620738343,322.42705098312484,0.42854720550100567,NONE,NONE,0.0,1.0,False
6.25,6.25,AEROTWIN-4-001,IDLE,0.15,1188.9694908284844,312.64216852350097,23.983950143870302,17.452427397879752,21.60114681687513,2.496817415320425,-6.645536834315802,-1.2021032433892183,-0.21789112446013625,19.090312890189246,-0.21789112446013625,33.32864058092195,509.37578644858,24.817693683962695,381.9507225843508,55.39736890218907,0.0010328804504731919,5.164402252365959,322.42705098312484,0.18170414286149542,NONE,NONE,0.0,1.0,False
6.26,6.26,AEROTWIN-4-001,IDLE,0.15,1185.2383615385265,383.98033797321,23.96929783566236,16.162025453159448,21.486312485956525,2.490171878486109,-7.814458911283186,17.261305648063754,-0.6637641746821613,-0.2177580101110731,-0.2177580101110731,33.32872271210325,509.37595014057774,24.817452729828883,381.79620044451536,55.37495732007162,0.0010321187221788725,5.160593610894363,322.42705098312484,0.2039372477156901,NONE,NONE,0.0,1.0,False
6.2700000000000005,6.2700000000000005,AEROTWIN-4-001,IDLE,0.15,1193.6006719945628,455.0946396655216,23.952022825718384,41.34801029565404,21.351670812265517,2.4823574195748255,17.5139820638137,43.408773002319556,-1.6255605689622257,-0.2176010688516403,-0.2176010688516403,33.328674769778786,509.3745106848655,24.81721020577264,381.6143929485911,55.34858832447776,0.0010312235394592962,5.156117697296481,322.42705098312484,0.371631290605456,NONE,NONE,0.0,1.0,False
6.28,6.28,AEROTWIN-4-001,IDLE,0.15,1182.9169804369358,526.7106799851954,23.990671770530444,1.7780222185573098,21.654022090691996,2.4998714016386394,-22.375871273773324,2.589678894399039,-0.3757522966816589,-0.21795218958003496,-0.21795218958003496,33.32891718595552,509.3766910628844,24.81697156978818,382.02170633343945,55.407664243189394,0.0010332306443648553,5.166153221824277,322.42705098312484,0.45616645978221393,NONE,NONE,0.0,1.0,False
6.29,6.29,AEROTWIN-4-001,IDLE,0.15,1192.1858824892188,597.6856988114115,23.941250130848868,43.15835351004659,21.268114916818384,2.477495530364866,19.41274306286334,-0.21750320029435488,44.97199594870959,-0.21750320029435488,-1.378636038074292,33.32878676374126,509.3742382064995,24.816728223868484,381.50122078591113,55.33217406034698,0.0010306668785187096,5.153334392593548,322.42705098312484,0.4034335040250136,NONE,NONE,0.0,1.0,False
6.3,6.3,AEROTWIN-4-001,IDLE,0.15,1190.0554767545707,669.2168517607646,23.984150224918622,19.63771589495521,21.60271895828454,2.4969082734277293,-4.46191133675706,-0.21789294217091118,21.339609950919016,-0.21789294217091118,-1.2661081716219842,33.32897866934197,509.3758190581181,24.816489170961724,381.9528346482318,55.397675231710245,0.0010328908677189612,5.1644543385948065,322.42705098312484,0.14346636214260375,NONE,NONE,0.0,1.0,False
6.3100000000000005,6.3100000000000005,AEROTWIN-4-001,IDLE,0.15,1184.805025696167,20.62018036603888,23.97431669175649,13.021508307289901,21.52558092727531,2.4924463620909725,-10.996518982076381,-0.21780360577781246,-0.21780360577781246,-0.5752813745998062,14.032396893445332,33.32909433192038,509.37644735741713,24.81624926519218,381.8490960499098,55.38262919288682,0.0010323793827521652,5.161896913760827,322.42705098312484,0.25901576351698424,NONE,NONE,0.0,1.0,False
6.32,6.32,AEROTWIN-4-001,IDLE,0.15,1193.923370396945,91.7084819078089,23.95001331254076,42.91492719354489,21.336060867192796,2.481449843108896,19.0974164832432,-0.21758281268102356,-0.21758281268102356,-1.631145658983604,44.98123847789054,33.32902692619116,509.3748097559229,24.81600710168893,381.5932702916873,55.34552473656574,0.0010311196096877899,5.155598048438949,322.42705098312484,0.3990749269859179,NONE,NONE,0.0,1.0,False
6.33,6.33,AEROTWIN-4-001,IDLE,0.15,1183.7001646392919,163.3438841316256,23.99215827691935,2.754847500182013,21.665732310177265,2.500547259592139,-21.41143206958739,-0.21796569430076085,-0.21796569430076085,-0.46856110002205176,3.6593399888055864,33.329276273385474,509.37712095648067,24.815769170926284,382.03741294329717,55.409942298469936,0.0010333081552318672,5.166540776159336,322.42705098312484,0.43910746529959727,NONE,NONE,0.0,1.0,False
6.34,6.34,AEROTWIN-4-001,IDLE,0.15,1192.1449819633347,234.3658940099831,23.94488673127138,41.46220644537828,21.29628657377504,2.4791358275225517,17.68678404408069,-1.326026024437735,-0.21753623834482283,43.22330494650566,-0.21753623834482283,33.329168528989776,509.37499300312834,24.815526731614106,381.5394076073715,55.33771260055795,0.0010308546589279167,5.154273294639583,322.42705098312484,0.37370998576952885,NONE,NONE,0.0,1.0,False
6.3500000000000005,6.3500000000000005,AEROTWIN-4-001,IDLE,0.15,1191.0587428121478,305.89459292778315,23.983961586840845,21.82304538062258,21.6012367273294,2.4968226115666323,-2.2750139582734517,-1.323847685217636,-0.21789122841806247,23.58267552267634,-0.21789122841806247,33.32935437347393,509.37653745603444,24.81528821774263,381.95084337535013,55.39738642147403,0.001032881046241549,5.164405231207746,322.42705098312484,0.10521860084988524,NONE,NONE,0.0,1.0,False
6.36,6.36,AEROTWIN-4-001,IDLE,0.15,1184.3900094893181,377.358117496512,23.978949564163273,10.089475325589653,21.561890138482045,2.494547597608359,-13.966962410500752,11.012612536505822,-0.48744582125208896,-0.21784569483203992,-0.21784569483203992,33.329500264273115,509.3775777665531,24.81504932251876,381.89795400300324,55.38971545268758,0.001032620231777327,5.163101158886636,322.42705098312484,0.3104366676913149,NONE,NONE,0.0,1.0,False
6.37,6.37,AEROTWIN-4-001,IDLE,0.15,1194.1416000284098,448.4215180658711,23.948088132404838,44.22538029776031,21.32111619694498,2.480580635197858,20.423683465617472,46.29163166808098,-1.6311207249900241,-0.21756532266532186,-0.21756532266532186,33.329413620038885,509.3757340407418,24.81480752591537,381.5730391642443,55.34259045430366,0.0010310200809437698,5.15510040471885,322.42705098312484,0.4220295071130445,NONE,NONE,0.0,1.0,False
6.38,6.38,AEROTWIN-4-001,IDLE,0.15,1184.4298982200703,520.0700140675757,23.993163340998414,3.8345169312121072,21.673653315837676,2.5010043186634756,-20.340140703289045,4.827727297711989,-0.5572607161407241,-0.21797482517957886,-0.21797482517957886,33.329665846552906,509.37811566116403,24.814570251597175,382.0480342923918,55.41148279769992,0.001033360575522026,5.16680287761013,322.42705098312484,0.42023722026413884,NONE,NONE,0.0,1.0,False
6.390000000000001,6.390000000000001,AEROTWIN-4-001,IDLE,0.15,1191.9411211369068,591.13580796078,23.948273194917494,39.53468502458414,21.322552356618584,2.4806641779601866,15.731468490005373,-0.21756700393461803,41.24035940177887,-0.21756700393461803,-1.2705403693254926,33.32957857699673,509.3762755831578,24.814328694043997,381.57498371373094,55.34287248787211,0.0010310296467058067,5.155148233529033,322.42705098312484,0.33994025824934104,NONE,NONE,0.0,1.0,False
6.4,6.4,AEROTWIN-4-001,IDLE,0.15,1191.898714995732,662.6522752289944,23.98302126854142,24.001430021890243,21.59384958982761,2.496395646450192,-0.08881521438755824,-0.21788268574638484,25.813059982453385,-0.21788268574638484,-1.3758645890703711,33.32975236043934,509.3777006026375,24.814090643680146,381.9409180538174,55.39594687268957,0.0010328320939914245,5.164160469957123,322.42705098312484,0.06771876913777304,NONE,NONE,0.0,1.0,False
6.41,6.41,AEROTWIN-4-001,IDLE,0.15,1183.92551301802,14.166198128738415,23.982825649671504,7.389584770735957,21.59231311201229,2.4963068312358043,-16.69903517251214,-0.21788090857393091,-0.21788090857393091,-0.399923809536921,8.22527039742074,33.329922559770345,509.37907182256976,24.813852684536595,381.9388533938762,55.39564741854101,0.0010328219113951587,5.164109556975794,322.42705098312484,0.35777709350555753,NONE,NONE,0.0,1.0,False
6.42,6.42,AEROTWIN-4-001,IDLE,0.15,1194.191177570304,85.20172890981961,23.945932702518085,45.28436131644089,21.304395959262077,2.4796077960632923,21.500357561115518,-0.2175457408600353,-0.2175457408600353,-1.6258749489746773,47.345327747135634,33.32981477904306,509.3769916754418,24.81361123073502,381.55039430117847,55.339306088654325,0.0010309086943845532,5.154543471922766,322.42705098312484,0.44058592466660795,NONE,NONE,0.0,1.0,False
6.43,6.43,AEROTWIN-4-001,IDLE,0.15,1185.042786078125,156.85319956403788,23.99339164866278,5.016214834206642,21.675453016578302,2.5011081536244077,-19.160346335996067,-0.2179768993255562,-0.2179768993255562,-0.6426312917856569,6.094799924643412,33.33006384547686,509.37936310251445,24.81337453488116,382.0504472028945,55.41183276141341,0.0010333724846661222,5.1668624233306115,322.42705098312484,0.3995629522356773,NONE,NONE,0.0,1.0,False
6.44,6.44,AEROTWIN-4-001,IDLE,0.15,1191.5178285898444,227.9557667287254,23.951115963427277,37.387870072850816,21.34462494122951,2.481947807288412,13.561297324332893,-1.2119290016623225,-0.2175928301235261,39.034984734760194,-0.2175928301235261,33.32999292246268,509.37775450469934,24.813133805647333,381.60485994886983,55.347205677264185,0.0010311766323515398,5.155883161757699,322.42705098312484,0.3023390304435136,NONE,NONE,0.0,1.0,False
6.45,6.45,AEROTWIN-4-001,IDLE,0.15,1192.5239342140524,299.44683644411606,23.981068342318213,26.181206916469993,21.57851512002568,2.495509104612745,2.1071826918315666,-1.4228959319045191,-0.21786494366102316,28.03983273569656,-0.21786494366102316,33.33014698141925,509.37896114004894,24.812896117626238,381.920308230034,55.39295766506767,0.0010327304559478718,5.163652279739359,322.42705098312484,0.10588668711925768,NONE,NONE,0.0,1.0,False
6.46,6.46,AEROTWIN-4-001,IDLE,0.15,1183.3683386656753,370.9982724969592,23.98570913369576,4.937153677271397,21.614971865980518,2.4976162873045764,-19.1754344760137,5.684759284459534,-0.3117913978719599,-0.21790710465808882,-0.21790710465808882,33.33033408579342,509.38056879763946,24.812658996540506,381.9692924277551,55.400062235136744,0.001032972046980045,5.164860234900225,322.42705098312484,0.40076335314465117,NONE,NONE,0.0,1.0,False
6.47,6.47,AEROTWIN-4-001,IDLE,0.15,1194.0317595306904,442.0003728168997,23.943346210353923,46.09620558353299,21.284348296259573,2.478440852828563,22.333416434444857,48.14679153215389,-1.6155414628028864,-0.21752224290900238,-0.21752224290900238,33.330202111125246,509.3782124371266,24.812417842093677,381.52322891550284,55.3353660754467,0.0010307750954489522,5.153875477244761,322.42705098312484,0.454822311989283,NONE,NONE,0.0,1.0,False
6.48,6.48,AEROTWIN-4-001,IDLE,0.15,1185.5052987693803,513.6422783887411,23.9926574877981,6.312662902251964,21.669666292224473,2.5007742692630077,-17.857777659235516,7.474401909811712,-0.72579854842405,-0.2179702295678482,-0.2179702295678482,33.33044092137074,509.3804850231401,24.812181628339562,382.0426883470553,55.4107074324802,0.0010333341908206008,5.166670954103004,322.42705098312484,0.37685760128095064,NONE,NONE,0.0,1.0,False
6.49,6.49,AEROTWIN-4-001,IDLE,0.15,1190.8382126380554,584.7725963149039,23.95326036713723,35.01343464396489,21.361289464323214,2.4829164916037723,11.169228688037906,-0.21761231175740434,36.5981333371399,-0.21761231175740434,-1.1494740696602006,33.33038140924715,509.37904659703423,24.811941658797767,381.6274038511063,55.35047539975675,0.0010312875646403936,5.156437823201968,322.42705098312484,0.2607623087842018,NONE,NONE,0.0,1.0,False
6.5,6.5,AEROTWIN-4-001,IDLE,0.15,1192.906552494354,656.2228890731873,23.97793150640356,28.37991289067482,21.553906305266583,2.49408572029181,4.331920865116427,-0.2178364459072924,30.28121431275068,-0.2178364459072924,-1.4656285302612762,33.33050717659578,509.37992966609613,24.811704215238162,381.8872151321886,55.38815790834237,0.0010325672866698854,5.162836433349427,322.42705098312484,0.14439911073918377,NONE,NONE,0.0,1.0,False
6.51,6.51,AEROTWIN-4-001,IDLE,0.15,1182.7054616953785,7.79728222284848,23.987473072729518,2.762147341631321,21.628844308916946,2.498417641156926,-21.365114608442553,-0.21792312981896678,-0.21792312981896678,-0.2217399068687908,3.4197335081380453,33.33070318545565,509.3816770897985,24.811467821324527,381.98791876895507,55.4027637624117,0.0010330639340232163,5.165319670116082,322.42705098312484,0.43886800898381795,NONE,NONE,0.0,1.0,False
6.5200000000000005,6.5200000000000005,AEROTWIN-4-001,IDLE,0.15,1193.647768266072,78.7596099245712,23.940267603756798,46.655075461900125,21.26050964480599,2.477052526548484,22.917513290545653,-0.21749427416118586,-0.21749427416118586,-1.5999172230413954,48.689981233263886,33.33054389755457,509.37900893185156,24.811226917057894,381.4909065999064,55.33067811143722,0.001030616168043849,5.153080840219245,322.42705098312484,0.4646372053843337,NONE,NONE,0.0,1.0,False
6.53,6.53,AEROTWIN-4-001,IDLE,0.15,1185.8135964292576,150.37847602053552,23.990888741837207,7.747849856829113,21.65573094332141,2.4999700398390297,-16.407851126331327,-0.21795416073665105,-0.21795416073665105,-0.8079590215756144,8.99171719987803,33.3307652047319,509.38109703781214,24.81099108194216,382.02399869012737,55.407996722018694,0.0010332419564366285,5.1662097821831425,322.42705098312484,0.35169964981033436,NONE,NONE,0.0,1.0,False
6.54,6.54,AEROTWIN-4-001,IDLE,0.15,1189.8871823685656,221.52729180629098,23.954689345964706,32.38766179730691,21.37240116812981,2.4835621887126984,8.531698440464405,-1.0821037836519234,-0.21762529384758053,33.905016168654,-0.21762529384758053,33.330712417346284,509.3797754389079,24.810751801681008,381.6424299909905,55.35265476103328,0.001031361513841099,5.156807569205495,322.42705098312484,0.21479522874105786,NONE,NONE,0.0,1.0,False
6.55,6.55,AEROTWIN-4-001,IDLE,0.15,1193.0406667057307,292.9205227484049,23.973539195892325,30.616229218753173,21.51949318036805,2.4920938871531626,6.604642151231962,-1.5045047009647778,-0.21779654232716777,32.556327004372285,-0.21779654232716777,33.33080120197234,509.38023270252177,24.810514477941553,381.840899491809,55.381440380493,0.00103233898521365,5.16169492606825,322.42705098312484,0.18358378772779957,NONE,NONE,0.0,1.0,False
6.5600000000000005,6.5600000000000005,AEROTWIN-4-001,IDLE,0.15,1181.9692130729313,364.50296275074874,23.98809124114971,0.944408153702044,21.63370788930563,2.4986985293043946,-23.187998264907982,1.508588594871138,-0.12832294956883794,-0.21792874580012808,-0.21792874580012808,33.33099829151838,509.3820300278326,24.810278697453207,381.9944473353497,55.403710652624454,0.0010330961434086461,5.165480717043231,322.42705098312484,0.4706931809578483,NONE,NONE,0.0,1.0,False
6.57,6.57,AEROTWIN-4-001,IDLE,0.15,1193.0601285073717,435.4211155351246,23.936846420064334,46.93831752686904,21.234048028880846,2.475510531039487,23.22875896694871,48.95170376466034,-1.578459851502887,-0.2174631931442031,-0.2174631931442031,33.330810071435906,509.3790375113109,24.810038008944236,381.4550023871908,55.325470636233376,0.0010304396709717827,5.152198354858913,322.42705098312484,0.4696324940097221,NONE,NONE,0.0,1.0,False
6.58,6.58,AEROTWIN-4-001,IDLE,0.15,1186.0030812988123,507.00472324556694,23.9881809405503,9.352907885638956,21.634413706596764,2.498739290006436,-14.780245110964243,10.678851094219162,-0.890084087164749,-0.2179295607077284,-0.2179295607077284,33.33100772891422,509.38087305717414,24.809802458562345,381.9953947071998,55.403848057542845,0.0010331008174908644,5.165504087454322,322.42705098312484,0.32354657401483455,NONE,NONE,0.0,1.0,False
6.59,6.59,AEROTWIN-4-001,IDLE,0.15,1188.6864124015553,578.1649081234957,23.95556745380455,29.48314660430788,21.379232039727945,2.4839590448954714,5.6199555196844635,-0.21763327134517677,30.927024150921344,-0.21763327134517677,-1.0086110039231098,33.33095855189074,509.3796382655871,24.809563813168094,381.65166491880035,55.35399417649297,0.0010314069662040943,5.157034831020471,322.42705098312484,0.16395634911973,NONE,NONE,0.0,1.0,False
6.6000000000000005,6.6000000000000005,AEROTWIN-4-001,IDLE,0.15,1192.9516957716628,649.486092867589,23.96798891261726,32.89885007268985,21.476082471602655,2.4895790004151555,8.933188600672036,-0.21774611871234942,34.87389852883976,-0.21774611871234942,-1.539556218725213,33.33100276542103,509.3795843428338,24.809326494591755,381.78241082876946,55.37295730178307,0.001032050785085137,5.1602539254256845,322.42705098312484,0.22359180973426718,NONE,NONE,0.0,1.0,False
6.61,6.61,AEROTWIN-4-001,IDLE,0.15,1181.4309499934648,1.0631946138887542,23.987681157301118,0.0,21.630481344759197,2.4985121890158277,-24.128993533775024,-0.2179250202407287,-0.2179250202407287,-0.030327287598131813,0.17349642970812562,33.331194313797994,509.38135974673656,24.809091225218292,381.9901163219077,55.403082491096846,0.0010330747757245529,5.1653738786227645,322.42705098312484,0.4872105477847429,NONE,NONE,0.0,1.0,False
6.62,6.62,AEROTWIN-4-001,IDLE,0.15,1192.516428003752,71.94905161349664,23.93434402154131,46.90646671427623,21.21471266636097,2.4743831954820528,23.217370852433206,-0.21744045917316168,-0.21744045917316168,-1.5505375115144011,48.89188514413695,33.33098519076018,509.37815330306535,24.8088508406864,381.42875039104854,55.3216630992169,0.0010303106502736208,5.151553251368104,322.42705098312484,0.46910331964860547,NONE,NONE,0.0,1.0,False
6.63,6.63,AEROTWIN-4-001,IDLE,0.15,1186.3260846184771,143.50003729372176,23.98567452355384,11.147275458809409,21.614699760726804,2.497600566334486,-12.96502486825188,-0.21790679022936896,-0.21790679022936896,-0.9721185765081838,12.55520761577633,33.331161842026496,509.3797779396332,24.80861559389704,381.9689270040029,55.400009234806575,0.0010329702443986663,5.164851221993331,322.42705098312484,0.2920853970745642,NONE,NONE,0.0,1.0,False
6.640000000000001,6.640000000000001,AEROTWIN-4-001,IDLE,0.15,1187.4924876914286,214.67960237083037,23.957064018889593,26.318423151495242,21.39087872662312,2.484635541466234,2.4429088834058867,-0.9287864586905638,-0.2176468674478726,27.68250334508155,-0.2176468674478726,33.33112195939571,509.3787089559788,24.80837764324515,381.66740645773484,55.356277297816945,0.0010314844495075584,5.157422247537792,322.42705098312484,0.10855688170687894,NONE,NONE,0.0,1.0,False
6.65,6.65,AEROTWIN-4-001,IDLE,0.15,1192.8723109087277,285.9291516323161,23.962465228643673,35.187516539443,21.43296269104071,2.48707845034964,11.267475398052651,-1.5700260295403323,-0.21769593674878848,37.19293444248091,-0.21769593674878848,33.33112288203166,509.3781665839471,24.8081403316554,381.72424387644116,55.364520883351275,0.001031764286784381,5.158821433921906,322.42705098312484,0.2637053988572362,NONE,NONE,0.0,1.0,False
6.66,6.66,AEROTWIN-4-001,IDLE,0.15,1181.3530189939092,357.5014902868398,23.987315233900055,0.0,21.62760264368583,2.4983459257476928,-24.125948569433522,-0.07124961019628373,-0.2179216958733561,0.20846520227809293,-0.2179216958733561,33.33131021316523,509.3799434097379,24.807905576853233,381.9862518939997,55.40252200220193,0.0010330557105498214,5.165278552749108,322.42705098312484,0.48720182496222314,NONE,NONE,0.0,1.0,False
6.67,6.67,AEROTWIN-4-001,IDLE,0.15,1192.2547169926897,428.38267142647436,23.933981633701556,46.518596850390566,21.21191397679657,2.4742199771782594,22.832462896415738,48.46954928803091,-1.516078103788522,-0.21743716692591214,-0.21743716692591214,33.331097008428735,509.37673897549183,24.807665703075077,381.42494936684636,55.32111180626866,0.0010302919713559187,5.151459856779593,322.42705098312484,0.4623196841143355,NONE,NONE,0.0,1.0,False
6.68,6.68,AEROTWIN-4-001,IDLE,0.15,1187.0059543054106,499.91795444603576,23.984467684496163,13.109283202806104,21.60521362859321,2.497052440074675,-10.99298286586178,14.597321961931067,-1.052247106623691,-0.2178958262506356,-0.2178958262506356,33.33126321687996,509.37828680838714,24.807430887109316,381.95618587698715,55.398161287226465,0.0010329073971601353,5.164536985800677,322.42705098312484,0.25772149957477586,NONE,NONE,0.0,1.0,False
6.69,6.69,AEROTWIN-4-001,IDLE,0.15,1186.572156555292,571.1383117043604,23.96021284383379,22.992919053785204,21.415403479853616,2.486059457208813,-0.9085438832772246,-0.21767547412040586,24.272479328635892,-0.21767547412040586,-0.8442093266098757,33.33124560480364,509.37754647573695,24.807193792478778,381.7005370477568,55.36108249233256,0.0010316475534222465,5.158237767111233,322.42705098312484,0.08418049604695024,NONE,NONE,0.0,1.0,False
6.7,6.7,AEROTWIN-4-001,IDLE,0.15,1193.0211461946944,642.3326410976779,23.958203892358068,37.391636819313774,21.39975358983951,2.4851509133255356,13.50673231614873,-0.21765722305277915,39.42171059025976,-0.21765722305277915,-1.594759324840424,33.3312132115192,509.3766387380815,24.806956610533664,381.6793981770949,55.358016552809495,0.0010315434811072953,5.157717405536477,322.42705098312484,0.302325322948814,NONE,NONE,0.0,1.0,False
6.71,6.71,AEROTWIN-4-001,IDLE,0.15,1181.5875826146228,713.9139098693596,23.98800126981589,0.1852580350166274,21.632999954378434,2.4986576456416847,-23.946399565003492,-0.21792792842204908,0.7944036477969852,-0.21792792842204908,-0.1732897559362597,33.33140461150109,509.37851754657004,24.806722473223775,381.9934971025078,55.403572832753525,0.0010330914552418974,5.165457276209487,322.42705098312484,0.48397616320410175,NONE,NONE,0.0,1.0,False
6.72,6.72,AEROTWIN-4-001,IDLE,0.15,1192.1235856074027,64.80916482623695,23.935072315916358,45.761602591758525,21.22033827880335,2.474711246076681,22.066553066878495,-0.21744707563456048,-0.21744707563456048,-1.4757510260492857,47.67224776907693,33.33119834374552,509.3754492861692,24.806483250284277,381.4363898742732,55.32277111458483,0.0010303481935838878,5.151740967919439,322.42705098312484,0.44905998450547135,NONE,NONE,0.0,1.0,False
6.73,6.73,AEROTWIN-4-001,IDLE,0.15,1187.871249021909,136.33657996268113,23.983862901958545,15.19116622655454,21.60046134579618,2.4967777991435596,-8.9060729183852,-0.2178903318785082,-0.2178903318785082,-1.1282699636351223,16.755216853946678,33.33135876980566,509.37697316213246,24.806248923266473,381.9498016722166,55.397235334934955,0.0010328759083439948,5.164379541719974,322.42705098312484,0.22127413439134297,NONE,NONE,0.0,1.0,False
6.74,6.74,AEROTWIN-4-001,IDLE,0.15,1185.8123978490266,207.60885490399568,23.964218109592178,19.62246125429544,21.446637341111927,2.4878717262251744,-4.31204781304166,-0.7567114416489357,-0.21771186144837398,20.814596418841127,-0.21771186144837398,33.331369923082235,509.37663651123137,24.806012768390257,381.7426980585015,55.36719744100894,0.0010318551692953522,5.159275846476762,322.42705098312484,0.1432587625707893,NONE,NONE,0.0,1.0,False
6.75,6.75,AEROTWIN-4-001,IDLE,0.15,1193.2520798483788,278.75759877493726,23.954683791119816,39.43755118437067,21.37235796315281,2.4835596784121328,15.581633542805728,-1.6131601631271675,-0.217625243382524,41.48596183426288,-0.217625243382524,33.33130977478516,509.37542591181443,24.80577578725646,381.6423715748229,55.35264628846917,0.0010313612263384252,5.156806131692126,322.42705098312484,0.3381683554173078,NONE,NONE,0.0,1.0,False
6.76,6.76,AEROTWIN-4-001,IDLE,0.15,1182.147088035384,350.35272356584,23.989065572300024,0.8822766312226953,21.64137578452028,2.4991413119549386,-23.258240465252527,-0.2739185703012219,-0.21793759747421285,1.5920703964723428,-0.21793759747421285,33.331508019003124,509.3774340125255,24.805542303713064,382.00473845030206,55.40520325535491,0.0010331469186936203,5.165734593468102,322.42705098312484,0.4718037108696183,NONE,NONE,0.0,1.0,False
6.7700000000000005,6.7700000000000005,AEROTWIN-4-001,IDLE,0.15,1192.143572502356,421.28154884796305,23.937673140604886,44.65291072874849,21.240439548483085,2.4758830714896862,20.936588108775716,46.51825177825495,-1.430399641916969,-0.21747070379474706,-0.21747070379474706,33.33131977227581,509.37463262851327,24.80530387760255,381.46367712276515,55.32672880253161,0.0010304823099431884,5.152411549715942,322.42705098312484,0.4296285566221114,NONE,NONE,0.0,1.0,False
6.78,6.78,AEROTWIN-4-001,IDLE,0.15,1188.92036131078,492.8101631981044,23.983955086134443,17.347327575494113,21.60118564951132,2.4968196595984615,-6.750677733615667,18.98196237954189,-1.198852465327824,-0.21789116935997488,-0.21789116935997488,33.3314794156969,509.37618548673004,24.805070106985976,381.95077475443816,55.3973764688342,0.0010328807077877272,5.164403538938636,322.42705098312484,0.18354350752753656,NONE,NONE,0.0,1.0,False
6.79,6.79,AEROTWIN-4-001,IDLE,0.15,1185.264786163374,564.1453848767512,23.969070686523605,16.318387143560816,21.484536846853416,2.490068981864846,-7.656218685157446,-0.217755946490153,17.42195261746306,-0.217755946490153,-0.6680535809219369,33.33152541019921,509.37631814726643,24.804834975064292,381.79380724257965,55.37461021484927,0.0010321069311580381,5.160534655790191,322.42705098312484,0.20119551251865722,NONE,NONE,0.0,1.0,False
6.8,6.8,AEROTWIN-4-001,IDLE,0.15,1193.5873310722332,635.2612720465537,23.952145343506608,41.26573294409488,21.352622884353046,2.4824127631796884,17.430697296562144,-0.21760218191010153,43.326077835185046,-0.21760218191010153,-1.625140527269967,33.331444469750615,509.3748808162262,24.80459828920974,381.6156809487435,55.34877513344386,0.0010312298773021058,5.1561493865105295,322.42705098312484,0.37019005990807724,NONE,NONE,0.0,1.0,False
6.8100000000000005,6.8100000000000005,AEROTWIN-4-001,IDLE,0.15,1182.8826337070268,706.8765119108878,23.990610307824053,1.7335157638463923,21.65353803765956,2.4998434604762507,-22.419865734289417,-0.2179516311991958,2.5405643329136782,-0.2179516311991958,-0.37114530666889434,33.331652718360225,509.37704622342295,24.804365505783856,382.0210569761465,55.40757006170634,0.0010332274400199648,5.166137200099824,322.42705098312484,0.45694385717548014,NONE,NONE,0.0,1.0,False
6.82,6.82,AEROTWIN-4-001,IDLE,0.15,1192.1884227351575,57.849469933309365,23.941090597358723,43.23430242803515,21.26687986887219,2.4774235947419614,19.489998964420998,-0.21750175095296834,-0.21750175095296834,-1.3811137317689914,45.05041966171008,33.33148806754944,509.3745697679975,24.804127955333538,381.4995459780333,55.331931149561996,0.0010306586439490333,5.153293219745167,322.42705098312484,0.4047644069363355,NONE,NONE,0.0,1.0,False
6.83,6.83,AEROTWIN-4-001,IDLE,0.15,1190.0072288437268,129.38077529741884,23.984161940639687,19.531442808343865,21.60281101821977,2.4969135937063824,-4.568281803582289,-0.21789304860674105,-0.21789304860674105,-1.2631475260688607,21.23037643162621,33.33164722126005,509.3761434192555,24.803894750892727,381.9529583215663,55.397693169043336,0.001032891477712594,5.164457388562971,322.42705098312484,0.1453264203495084,NONE,NONE,0.0,1.0,False
6.84,6.84,AEROTWIN-4-001,IDLE,0.15,1184.828422799061,200.78120902804244,23.974093803558812,13.169714853502233,21.523835557791795,2.4923453119028,-10.846466016192363,-0.5795705846872161,-0.21780158086699797,14.184888599923447,-0.21780158086699797,33.33172881786995,509.37674293185,24.803660658759227,381.8467462221802,55.38228837857257,0.0010323678011605135,5.161839005802568,322.42705098312484,0.25641684229579004,NONE,NONE,0.0,1.0,False
6.8500000000000005,6.8500000000000005,AEROTWIN-4-001,IDLE,0.15,1193.912764990638,271.8709143959861,23.95012182910142,42.844604189592054,21.336903549203203,2.4814988458866076,19.026201794502242,-1.6310085640722407,-0.21758379854012025,44.91078035074453,-0.21758379854012025,33.331630353943325,509.37510796832476,24.803424316810574,381.5944108067939,55.34569015459578,0.0010311252209690622,5.155626104845311,322.42705098312484,0.39784305426539235,NONE,NONE,0.0,1.0,False
6.86,6.86,AEROTWIN-4-001,IDLE,0.15,1183.6658427698796,343.5056802954244,23.992109429076322,2.704768740210545,21.66534740628934,2.50052504768111,-21.461103713759904,-0.46413567209404893,-0.21796525052434448,3.6048349133532827,-0.21796525052434448,33.331847644864744,509.37740716839835,24.803192227672756,382.0368967627913,55.40986743268172,0.0010333056077882112,5.166528038941056,322.42705098312484,0.43998267867238683,NONE,NONE,0.0,1.0,False
6.87,6.87,AEROTWIN-4-001,IDLE,0.15,1192.1534861036387,414.5256308616172,23.944727408048998,41.55059417568866,21.295051602636573,2.47906394396735,17.776478629084735,43.31432581566544,-1.3286620581494024,-0.21753479091369204,-0.21753479091369204,33.33170763836475,509.3752573503755,24.802955573677707,381.53773423326504,55.3374698977243,0.0010308464291988598,5.1542321459943,322.42705098312484,0.3752585642786752,NONE,NONE,0.0,1.0,False
6.88,6.88,AEROTWIN-4-001,IDLE,0.15,1191.016180713571,486.0548400278355,23.98400080943064,21.71641849604716,21.601544912333498,2.496840422596435,-2.3819668388827715,23.47336664173183,-1.321164976184099,-0.21789158475028228,-0.21789158475028228,33.331862910553696,509.3767988392319,24.80272289731976,381.95125740694556,55.39744647178857,0.0010328830883422247,5.164415441711124,322.42705098312484,0.10708550600783201,NONE,NONE,0.0,1.0,False
6.890000000000001,6.890000000000001,AEROTWIN-4-001,IDLE,0.15,1184.4142198676295,557.5158108706497,23.978753093410642,10.227693145514596,21.56034915168872,2.494458455757552,-13.827114461931675,-0.21784390992034033,11.155112890867757,-0.21784390992034033,-0.4917319255124795,33.33197685287455,509.3778143742712,24.802489809012954,381.8958814428645,55.38941485271018,0.0010326100132703696,5.163050066351849,322.42705098312484,0.308013176141914,NONE,NONE,0.0,1.0,False
6.9,6.9,AEROTWIN-4-001,IDLE,0.15,1194.1375498694226,628.5806640627075,23.9482004563634,44.167113941167706,21.321987865163752,2.4806313412956205,20.364494734708334,-0.21756634311414233,46.233493560338836,-0.21756634311414233,-1.6312469329428452,33.33186109663555,509.37597510914344,24.802253819172822,381.5742194058852,55.34276163419077,0.0010310258868543312,5.1551294342716565,322.42705098312484,0.421008582443969,NONE,NONE,0.0,1.0,False
6.91,6.91,AEROTWIN-4-001,IDLE,0.15,1184.3995230656997,700.2289170548728,23.993144689381356,3.7792264867686916,21.673506295429217,2.500995836030329,-20.395275644690855,-0.21797465573201957,4.768171532746614,-0.21797465573201957,-0.5529957345138832,33.33208338831468,509.3783489670732,24.802022376880434,382.0478371725937,55.411454207838645,0.001033359602627729,5.166798013138645,322.42705098312484,0.421204358194801,NONE,NONE,0.0,1.0,False
6.92,6.92,AEROTWIN-4-001,IDLE,0.15,1191.9589612279833,51.29288843881477,23.948132270852998,39.63450954505957,21.321458720742903,2.4806005603856383,15.83245026393103,-0.21756572365748722,-0.21756572365748722,-1.2733351559534207,41.34297614832796,33.3319658367901,509.37649003849594,24.80178659606204,381.5735029460484,55.34265772028897,0.001031022362399373,5.155111811996865,322.42705098312484,0.3416887724647978,NONE,NONE,0.0,1.0,False
6.93,6.93,AEROTWIN-4-001,IDLE,0.15,1191.8651330324515,122.81042611249377,23.983103562709033,23.89441569359099,21.594495996129922,2.4964330106495694,-0.19651331318850174,-0.21788343337838914,-0.21788343337838914,-1.3734304255506409,25.70361298589841,33.332111221783805,509.37791734234554,24.801554373149003,381.9417866434649,55.396072851194866,0.0010328363777902328,5.1641818889511635,322.42705098312484,0.06894917442693344,NONE,NONE,0.0,1.0,False
6.94,6.94,AEROTWIN-4-001,IDLE,0.15,1183.95330929545,194.32233409444086,23.982670732097468,7.516848006009697,21.59109639444751,2.4962364973363806,-16.570484885774196,-0.40423737209245086,-0.21787950116755275,8.356844380437254,-0.21787950116755275,33.33225158501995,509.3792687515151,24.801322215043058,381.93721835294934,55.395410275475065,0.0010328138477196883,5.164069238598442,322.42705098312484,0.3555462956086396,NONE,NONE,0.0,1.0,False
6.95,6.95,AEROTWIN-4-001,IDLE,0.15,1194.1963300589625,265.35953265216784,23.946061708598286,45.23799487615701,21.305396342893825,2.4796660124506067,21.452932520812578,-1.6262534332205845,-0.2175469128638007,47.2993421351052,-0.2175469128638007,33.332116608983505,509.37719559385386,24.801086554298585,381.551749459182,55.33950263806084,0.0010309153596977736,5.154576798488868,322.42705098312484,0.43977306029258356,NONE,NONE,0.0,1.0,False
6.96,6.96,AEROTWIN-4-001,IDLE,0.15,1185.0187960732549,337.0113124557056,23.993415375696326,4.955376773199153,21.67564005994098,2.501118944971419,-19.22138223171325,-0.6384811977498055,-0.21797711488262617,6.029812200714211,-0.21797711488262617,33.332337832377476,509.37956413117564,24.80085568140551,382.0506979704103,55.41186913223237,0.0010333737223639213,5.1668686118196065,322.42705098312484,0.4006281842138184,NONE,NONE,0.0,1.0,False
6.97,6.97,AEROTWIN-4-001,IDLE,0.15,1191.547398338759,408.1124402201009,23.951004715077413,37.49913092193347,21.343760748848855,2.481897562739706,13.673472610344911,39.149221942875876,-1.2149073820494547,-0.21759181944647327,-0.21759181944647327,33.332238571673564,509.37794022621335,24.8006207209611,381.6036905744176,55.34703607353238,0.0010311708786625694,5.155854393312847,322.42705098312484,0.30428734593075946,NONE,NONE,0.0,1.0,False
6.98,6.98,AEROTWIN-4-001,IDLE,0.15,1192.501372623748,479.60528412042646,23.981204787497802,26.07315626157673,21.5795861559367,2.495571035350051,1.997999070289981,27.92956574939992,-1.4206771213270788,-0.21786618324805657,-0.21786618324805657,33.33236636790062,509.37915489127465,24.800388850538226,381.9217480083956,55.39316648764168,0.0010327375557907458,5.163687778953729,322.42705098312484,0.1039942757248041,NONE,NONE,0.0,1.0,False
6.99,6.99,AEROTWIN-4-001,IDLE,0.15,1183.4012149454807,551.1553664778513,23.985605104590945,5.052397360126,21.614153998074396,2.4975690344203407,-19.059325672368736,-0.21790615956695544,5.804397171044369,-0.21790615956695544,-0.3161874917844574,33.33252570183797,509.3807480358315,24.80015752466976,381.9681940637256,55.39990293061464,0.0010329666289263476,5.164833144631738,322.42705098312484,0.398744109287845,NONE,NONE,0.0,1.0,False
7.0,7.0,AEROTWIN-4-001,IDLE,0.15,1194.0476353250438,622.1594393745802,23.94349885767902,46.06185136380432,21.285530954080322,2.4785097087479717,22.29781070097603,-0.21752362969045883,48.11307447610449,-0.21752362969045883,-1.6161758529192427,33.33236837772719,509.37840128419805,24.79992214989858,381.5248318901909,55.33559856768951,0.0010307829781450411,5.153914890725206,322.42705098312484,0.45421939459843075,NONE,NONE,0.0,1.0,False
7.01,7.01,AEROTWIN-4-001,IDLE,0.15,1185.488732122812,693.8022974940828,23.992730603911642,6.245325104774256,21.670242533936765,2.500807519448948,-17.925724948611457,-0.2179708938184033,7.40297376418601,-0.2179708938184033,-0.7217068717749475,33.33258137059973,509.38067595294666,24.799691749894524,382.0434610292483,55.41081950076011,0.00103333800430257,5.16669002151285,322.42705098312484,0.3780377565054185,NONE,NONE,0.0,1.0,False
7.0200000000000005,7.0200000000000005,AEROTWIN-4-001,IDLE,0.15,1190.8809650738838,44.93162142145161,23.953183570210317,35.137040527111026,21.3606924489231,2.4828817945003365,11.29346628368759,-0.21761161406712984,-0.21761161406712984,-1.1526817470670239,36.72494550231231,33.332495384056486,509.3792256536042,24.79945754106237,381.6265963861068,55.35035828664816,0.0010312835910264435,5.156417955132217,322.42705098312484,0.26292627471298874,NONE,NONE,0.0,1.0,False
7.03,7.03,AEROTWIN-4-001,IDLE,0.15,1192.895995397491,116.38447932588463,23.978128882588805,28.26989885389289,21.555453952171945,2.494175260784024,4.220269640936921,-0.21783823904473168,-0.21783823904473168,-1.4635987731784081,30.16917410516076,33.33259695701023,509.3801225687243,24.799225904878817,381.889297022981,55.38845986161912,0.0010325775505621707,5.162887752810854,322.42705098312484,0.14247165784037624,NONE,NONE,0.0,1.0,False
7.04,7.04,AEROTWIN-4-001,IDLE,0.15,1182.743199517155,187.9582390497341,23.987424409541635,2.8628910476917273,21.62846148464032,2.498395530424961,-21.263965967373554,-0.22628758130658308,-0.21792268772011883,3.525024004438548,-0.21792268772011883,33.33276718123556,509.3818606453908,24.79899529982855,381.9874048521752,55.40268922494978,0.0010330613986213545,5.165306993106773,322.42705098312484,0.4371038341079085,NONE,NONE,0.0,1.0,False
7.05,7.05,AEROTWIN-4-001,IDLE,0.15,1193.6745308655024,258.9228310207634,23.940442911523647,46.633524832218626,21.26186642914521,2.4771315644575878,22.89452683861583,-1.6008282517753047,-0.21749586680986202,48.669344817613656,-0.21749586680986202,33.3325842642764,509.37920407190626,24.79876016135021,381.49274681807896,55.33094501300054,0.001030625215345895,5.1531260767294755,322.42705098312484,0.46425809454282435,NONE,NONE,0.0,1.0,False
7.0600000000000005,7.0600000000000005,AEROTWIN-4-001,IDLE,0.15,1185.803928099035,330.5433028726935,23.991012032956373,7.672576238390054,21.656702034065546,2.5000260912962036,-16.484151886971695,-0.8038718602407616,-0.21795528082072518,8.912358660272265,-0.21795528082072518,33.332781671001584,509.38129876905094,24.798530129945973,382.0253013207224,55.408185652954934,0.0010332483845960805,5.166241922980403,322.42705098312484,0.35301987806577145,NONE,NONE,0.0,1.0,False
7.07,7.07,AEROTWIN-4-001,IDLE,0.15,1189.9432925427202,401.6915385586356,23.954644537743803,32.52505921433196,21.37205265704783,2.483541939409232,8.669464617874898,34.0459091099238,-1.0856001220506082,-0.21762488677061537,-0.21762488677061537,33.33270414247235,509.37996798329567,24.798296601456684,381.6419587774771,55.35258641716772,0.0010313591947066051,5.1567959735330255,322.42705098312484,0.21720018691247767,NONE,NONE,0.0,1.0,False
7.08,7.08,AEROTWIN-4-001,IDLE,0.15,1193.0419265274506,473.0881361111988,23.973798427927978,30.503498015142736,21.52152276938697,2.4922114040271066,6.48976384172866,32.44174929030384,-1.5026534803268812,-0.2177988974171094,-0.2177988974171094,33.33277069484065,509.3804444805173,24.798065073859075,381.8436322902657,55.38183674011556,0.001032352453821947,5.161762269109736,322.42705098312484,0.1816080901983082,NONE,NONE,0.0,1.0,False
7.09,7.09,AEROTWIN-4-001,IDLE,0.15,1182.0086324604522,544.6706517028458,23.988097047705658,1.0243776893440564,21.63375357866097,2.4987011678688353,-23.108077057185746,-0.2179287985519474,1.5933265763110855,-0.2179287985519474,-0.1330912898631343,33.332943870754,509.3822370513019,24.797835074791312,381.9945086617097,55.40371954727705,0.001033096445975762,5.16548222987881,322.42705098312484,0.469293852507479,NONE,NONE,0.0,1.0,False
7.1000000000000005,7.1000000000000005,AEROTWIN-4-001,IDLE,0.15,1193.09547778969,615.5911696504729,23.937029641630254,46.93129203852439,21.23546438916571,2.4755930908116492,23.22023455854703,-0.21746485768873325,48.94590521780046,-0.21746485768873325,-1.579683463898605,33.332733520935776,509.3792562532167,24.797600136467665,381.45692484307733,55.32574946539025,0.0010304491202042304,5.152245601021152,322.42705098312484,0.4695074826461906,NONE,NONE,0.0,1.0,False
7.11,7.11,AEROTWIN-4-001,IDLE,0.15,1185.9972729727422,687.1768983178544,23.9883438618977,9.268063662410894,21.635695741440138,2.4988133253701963,-14.86644540439944,-0.21793104082736553,10.589892381456405,-0.21793104082736553,-0.8859666373907794,33.33290900780623,509.3811014802247,24.797370377892737,381.9971154503127,55.40409763068246,0.001033109307260948,5.16554653630474,322.42705098312484,0.3250352318884339,NONE,NONE,0.0,1.0,False
7.12,7.12,AEROTWIN-4-001,IDLE,0.15,1188.7534618549216,38.336734696218855,23.955540538831222,29.63551801120711,21.379022635134145,2.4839468799657967,5.772548496107169,-0.21763302682608096,-0.21763302682608096,-1.012453961625712,31.083238026484985,33.33283661412297,509.37985848877884,24.797137473478315,381.6513818426829,55.35395311969904,0.0010314055729195933,5.157027864597967,322.42705098312484,0.16662315105023662,NONE,NONE,0.0,1.0,False
7.13,7.13,AEROTWIN-4-001,IDLE,0.15,1192.962442972506,109.66194240751415,23.9682989673449,32.78349418167293,21.47850531447622,2.4897194284619037,8.815269438734806,-0.21774893551995805,-0.21774893551995805,-1.537896897370287,34.75688895008313,33.33286037059464,509.37982779592573,24.796905937707425,381.78567707201364,55.37343103117072,0.0010320668762462634,5.1603343812313165,322.42705098312484,0.22156960759448,NONE,NONE,0.0,1.0,False
7.140000000000001,7.140000000000001,AEROTWIN-4-001,IDLE,0.15,1181.4415003618237,181.23968898586452,23.98773069466313,0.0,21.630871080865553,2.4985346979006384,-24.12940577876619,-0.03536107664265455,-0.21792547028133696,0.2184333752878183,-0.21792547028133696,33.33302969701078,509.3816017194444,24.796676440351675,381.9906394880069,55.40315837006154,0.0010330773568064356,5.1653867840321785,322.42705098312484,0.487211728671008,NONE,NONE,0.0,1.0,False
7.15,7.15,AEROTWIN-4-001,IDLE,0.15,1192.5314462166302,252.12617900757397,23.934393080284856,46.91622514587791,21.21509156964373,2.4744052921218724,23.22672828411231,-1.5520954710051575,-0.21744090486558232,48.903202426614236,-0.21744090486558232,33.33279878862167,509.37839374804196,24.796441777348893,381.42926497324765,55.32173773318989,0.0010303131790617077,5.151565895308538,322.42705098312484,0.46927353892882373,NONE,NONE,0.0,1.0,False
7.16,7.16,AEROTWIN-4-001,IDLE,0.15,1186.2958472682526,323.6780657805718,23.985743770346176,11.053068305358453,21.615244182922986,2.4976320204059848,-13.059807897970519,-0.9680346397261913,-0.21790741932763497,12.456917783739913,-0.21790741932763497,33.33295390786481,509.38001880986235,24.79621229740306,381.9696581330312,55.40011527629858,0.0010329738509547168,5.164869254773584,322.42705098312484,0.2937356726807405,NONE,NONE,0.0,1.0,False
7.17,7.17,AEROTWIN-4-001,IDLE,0.15,1187.540620850784,394.85581661666697,23.956923936364063,26.48140821666401,21.389788309313552,2.4845722125080143,2.607047694842445,27.84960446062982,-0.9329050543337768,-0.2176455948160158,-0.2176455948160158,33.33289128202756,509.3789308455879,24.795980064589873,381.66593287944846,55.35606357296945,0.0010314771958701155,5.157385979350578,322.42705098312484,0.11141069332050502,NONE,NONE,0.0,1.0,False
7.18,7.18,AEROTWIN-4-001,IDLE,0.15,1192.865625401112,466.10825386771404,23.96268801359986,35.07454294043928,21.434700229807895,2.487179260202857,11.152663450428527,37.07857108844994,-1.5686322265673334,-0.21769796072166725,-0.21769796072166725,33.33287242800314,509.3784035548128,24.795748508892608,381.7265891074429,55.36486103096531,0.001031775835846089,5.158879179230445,322.42705098312484,0.26172586194831027,NONE,NONE,0.0,1.0,False
7.19,7.19,AEROTWIN-4-001,IDLE,0.15,1181.346455921262,537.6801913917808,23.987284416132788,0.0,21.62736021858186,2.4983319236532853,-24.125692142235145,0.18649245959951638,-0.06615642606008315,-0.21792141589787573,-0.21792141589787573,33.333038247702355,509.3801715911144,24.795519504424526,381.98592644343313,55.402474799502656,0.001033054104961127,5.165270524805636,322.42705098312484,0.48720109034677583,NONE,NONE,0.0,1.0,False
7.2,7.2,AEROTWIN-4-001,IDLE,0.15,1192.2616710509062,608.5609787470565,23.93395111370395,46.54665763011241,21.21167828950671,2.4742062315110505,22.86077310909465,-0.2174368896556311,48.49946991603112,-0.2174368896556311,-1.5179385066074427,33.33280396520723,509.3769586395885,24.79528533083362,381.42462925576683,55.32106537799791,0.0010302903982952502,5.151451991476251,322.42705098312484,0.4628110919830794,NONE,NONE,0.0,1.0,False
7.21,7.21,AEROTWIN-4-001,IDLE,0.15,1186.9646355350853,680.0966790101108,23.98449975516282,13.008447425656763,21.60546566257449,2.497067004620145,-11.09408524153787,-0.21789611760854694,14.492582710039112,-0.21789611760854694,-1.0483430491652554,33.33294966225883,509.37850396119205,24.795056263609695,381.9565244352761,55.39821039104358,0.0010329090670703107,5.164545335351553,322.42705098312484,0.25948688995725927,NONE,NONE,0.0,1.0,False
7.22,7.22,AEROTWIN-4-001,IDLE,0.15,1186.6114724184854,31.314557142216017,23.96002152195534,23.160222415763094,21.413912598137344,2.485972919378607,-0.7396631017528565,-0.21767373598557072,-0.21767373598557072,-0.8484968824773856,24.44406677021162,33.332910192854364,509.3777404916773,24.79482487127706,381.69852365958616,55.36079047453906,0.0010316376403106484,5.1581882015532425,322.42705098312484,0.08124813798298805,NONE,NONE,0.0,1.0,False
7.23,7.23,AEROTWIN-4-001,IDLE,0.15,1193.0089849937638,102.51124548732514,23.958385994557784,37.285323992970625,21.40117173153194,2.485233256276854,13.398919005161833,-0.21765887742801027,-0.21765887742801027,-1.593676819028642,39.314318566855285,33.332858999113675,509.376844753279,24.794593424140157,381.68131409430174,55.35829443360934,0.0010315529130459713,5.157764565229857,322.42705098312484,0.3004628041943696,NONE,NONE,0.0,1.0,False
7.24,7.24,AEROTWIN-4-001,IDLE,0.15,1181.561489144202,174.09178458695098,23.987945217352497,0.15561185287669194,21.63255891958348,2.498632175282016,-23.975579241988804,-0.2179274191925767,-0.2179274191925767,-0.16824295681041296,0.7597096480722583,33.33302995754159,509.37871319944435,24.794365021958384,381.99290510964516,55.403486971292715,0.0010330885345404752,5.165442672702376,322.42705098312484,0.484493635163337,NONE,NONE,0.0,1.0,False
7.25,7.25,AEROTWIN-4-001,IDLE,0.15,1192.1199077690383,244.9854739356031,23.93495099516691,45.80755790765853,21.219401054744097,2.474656596040027,22.113500256874403,-1.477872557445205,-0.21744597345104363,47.720322412005814,-0.21744597345104363,33.33280317571472,509.3756288648058,24.794131478077176,381.435117224772,55.32258653204648,0.0010303419391625513,5.151709695812756,322.42705098312484,0.4498655705926277,NONE,NONE,0.0,1.0,False
7.26,7.26,AEROTWIN-4-001,IDLE,0.15,1187.8174915660134,316.5126684017454,23.983845938765068,15.086138738411304,21.600328066186854,2.4967700962969017,-9.010959424072453,-1.1246306330509845,-0.21789017777006156,16.646549727002412,-0.21789017777006156,33.33294396492863,509.37714667508664,24.79390288109795,381.94962261257587,55.39720936448278,0.0010328750251881688,5.164375125940844,322.42705098312484,0.22311171120414103,NONE,NONE,0.0,1.0,False
7.2700000000000005,7.2700000000000005,AEROTWIN-4-001,IDLE,0.15,1185.83862429813,387.78171789570615,23.96396935465254,19.787925460253305,21.444696237521555,2.487759136872829,-4.144529914141079,20.984410125175504,-0.761065461839176,-0.2177096015415118,-0.2177096015415118,33.33293404498789,509.37678264745205,24.793672413131457,381.74007893492,55.36681756856293,0.0010318422700135786,5.159211350067894,322.42705098312484,0.14035722194713163,NONE,NONE,0.0,1.0,False
7.28,7.28,AEROTWIN-4-001,IDLE,0.15,1193.2319912835926,458.93203535359396,23.954805336983572,39.341549564095025,21.37330335258851,2.4836146069586884,15.484631604547825,41.389206547647014,-1.6124042883296443,-0.2176263476111756,-0.2176263476111756,33.332855870105185,509.3755796345364,24.7934411444854,381.64364979164327,55.35283167848036,0.001031367517273606,5.15683758636803,322.42705098312484,0.3364869616423355,NONE,NONE,0.0,1.0,False
7.29,7.29,AEROTWIN-4-001,IDLE,0.15,1182.1091308591817,530.5259548306095,23.988972997725686,0.8440819605833219,21.640647119509158,2.499099238563236,-23.295664397489073,1.5489997139167946,-0.26904424044142045,-0.21793675644602611,-0.21793675644602611,33.33303460720357,509.3775752827945,24.793213380106874,382.00376059995693,55.405061429896556,0.001033142093926507,5.165710469632534,322.42705098312484,0.4724699105176151,NONE,NONE,0.0,1.0,False
7.3,7.3,AEROTWIN-4-001,IDLE,0.15,1192.1358655714855,601.4525026821605,23.93749673403768,44.714823214267774,21.239075565656794,2.4758035741657474,20.99994407444523,-0.21746910116361,46.582482519880415,-0.21746910116361,-1.4327211032854215,33.33282662230255,509.3747540996643,24.79298061677963,381.4618260214929,55.32646032250529,0.001030473210997211,5.1523660549860555,322.42705098312484,0.43071401337048354,NONE,NONE,0.0,1.0,False
7.3100000000000005,7.3100000000000005,AEROTWIN-4-001,IDLE,0.15,1188.8619550340425,672.9806546164496,23.983919540156077,17.240847680079526,21.600906357133727,2.4968035182401924,-6.856862195294394,-0.21789084642930043,18.872170186473078,-0.21789084642930043,-1.1955408135349523,33.33296767999747,509.3763006181319,24.792752561196064,381.95039953509047,55.39732204777045,0.0010328788571240888,5.164394285620444,322.42705098312484,0.18540605863683196,NONE,NONE,0.0,1.0,False
7.32,7.32,AEROTWIN-4-001,IDLE,0.15,1185.2830377575838,24.31237191849209,23.968800635438814,16.47670586293292,21.482426022573875,2.489946656044898,-7.495666815685853,-0.21775349311053144,-0.21775349311053144,-0.67238655630381,17.584599405457794,33.3329936009184,509.37640536912176,24.79252310513174,381.7909621245048,55.37419756461393,0.001032092913856291,5.160464569281455,322.42705098312484,0.1984185084959229,NONE,NONE,0.0,1.0,False
7.33,7.33,AEROTWIN-4-001,IDLE,0.15,1193.5653676655677,95.42935418394711,23.95222996559582,41.182202681665785,21.35328049675045,2.4824509892292124,17.34647119568612,-0.21760295069097635,-0.21760295069097635,-1.6247002582536412,43.24210884130137,33.332895526120225,509.374973679647,24.79229211270895,381.6165705722538,55.34890416265855,0.0010312342548924292,5.156171274462147,322.42705098312484,0.3687273292201531,NONE,NONE,0.0,1.0,False
7.34,7.34,AEROTWIN-4-001,IDLE,0.15,1182.8398682200366,167.04327624388117,23.990509119268854,1.68910509498775,21.652741144003564,2.4997974604248983,-22.463433509440712,-0.21795071191409293,-0.21795071191409293,-0.366508700262751,2.491515219078687,33.33308535454277,509.3771273523696,24.79206503572797,382.01998792408784,55.40741500853385,0.0010332221646636337,5.166110823318169,322.42705098312484,0.4577186310807231,NONE,NONE,0.0,1.0,False
7.3500000000000005,7.3500000000000005,AEROTWIN-4-001,IDLE,0.15,1192.1824025948686,238.01366833708337,23.94089195466015,43.3096344128676,21.26534214736409,2.477334026915458,19.566958238588054,-1.3835842923849142,-0.21749994630941719,45.12821859787135,-0.21749994630941719,33.33290192475958,509.37463054065466,24.791833135742934,381.4974606429339,55.331628696729844,0.0010306483910655015,5.153241955327508,322.42705098312484,0.40608495408619116,NONE,NONE,0.0,1.0,False
7.36,7.36,AEROTWIN-4-001,IDLE,0.15,1189.950665198018,309.5446124927755,23.984134175462643,19.42535395664569,21.602592845283144,2.4969009851540456,-4.6741398737915,-1.2601760318210908,-0.217892796363653,21.121315581194086,-0.217892796363653,33.3330436812115,509.3762000925361,24.791605634095376,381.9526652274884,55.397650659264464,0.0010328900320863647,5.164450160431824,322.42705098312484,0.14718231359734002,NONE,NONE,0.0,1.0,False
7.37,7.37,AEROTWIN-4-001,IDLE,0.15,1184.8435188165677,380.9416524046566,23.97383248916845,13.317633933247691,21.521789456482743,2.4922268452802543,-10.696382368515305,14.337070964050493,-0.5838386170845419,-0.2177992068591297,-0.2177992068591297,33.33310636743097,509.37677394673614,24.79137720991301,381.843991367275,55.381888819926836,0.0010323542235535017,5.161771117767509,322.42705098312484,0.2538220370013301,NONE,NONE,0.0,1.0,False
7.38,7.38,AEROTWIN-4-001,IDLE,0.15,1193.8939626929541,452.0322635336507,23.950191843920507,42.77418305601414,21.33744726391376,2.481530462911739,18.95520532918864,44.840208757213404,-1.6308568319676502,-0.2175844346158112,-0.2175844346158112,33.33299176178071,509.37514467756057,24.791146545043,381.5951466748267,55.34579688342352,0.0010311288414293796,5.1556442071468975,322.42705098312484,0.39660989720039314,NONE,NONE,0.0,1.0,False
7.390000000000001,7.390000000000001,AEROTWIN-4-001,IDLE,0.15,1183.623852076246,523.665901295228,23.99202282588554,2.6554813111471307,21.664665019576233,2.5004856682409273,-21.50966937667003,3.5511592042641316,-0.4597489656261714,-0.2179644637454149,-0.2179644637454149,33.333191829357105,509.3774349017757,24.790920151936103,382.0359816254401,55.40973470299058,0.00103330109144314,5.166505457215701,322.42705098312484,0.44084314337512237,NONE,NONE,0.0,1.0,False
7.4,7.4,AEROTWIN-4-001,IDLE,0.15,1192.1535778121581,594.6833324198027,23.944532480247528,41.63713254512035,21.293540740204577,2.4789759988642577,17.864615806051518,-0.21753302001950672,43.40345083255023,-0.21753302001950672,-1.3312522473908652,33.33303412946845,509.3752663944068,24.790689138848318,381.53568694989565,55.33717296383897,0.0010308363606988417,5.154181803494208,322.42705098312484,0.3767751797867496,NONE,NONE,0.0,1.0,False
7.41,7.41,AEROTWIN-4-001,IDLE,0.15,1190.9662037540368,666.2125470885321,23.984001232405056,21.611558438439804,21.601548235807876,2.496840614670309,-2.4868304120383806,-0.21789158859295082,23.365854208114747,-0.21789158859295082,-1.3185125924890424,33.333173278905335,509.37680769646613,24.79046215478602,381.9512618718528,55.39744711936979,0.0010328831103642233,5.164415551821117,322.42705098312484,0.108920567095498,NONE,NONE,0.0,1.0,False
7.42,7.42,AEROTWIN-4-001,IDLE,0.15,1184.4300804030067,17.67051931377432,23.978522386789802,10.363668824839023,21.558539775615923,2.494353784258271,-13.689224735035172,-0.21784181398014976,-0.21784181398014976,-0.4959324265282872,11.295284879327609,33.33326957177452,509.37780159137765,24.79023472840201,381.8934477973806,55.389061881636486,0.0010325980146638199,5.1629900733191,322.42705098312484,0.3056281067033342,NONE,NONE,0.0,1.0,False
7.43,7.43,AEROTWIN-4-001,IDLE,0.15,1194.1256296451218,88.73632413795472,23.94827404013663,44.10953432329171,21.32255891607052,2.4806645595232357,20.306310847697958,-0.21756701161332598,-0.21756701161332598,-1.6313557312152405,46.1760240777336,33.33313873055767,509.3759694431945,24.790004401207717,381.5749925949997,55.34287377599357,0.0010310296903954562,5.155148451977281,322.42705098312484,0.42000011146986865,NONE,NONE,0.0,1.0,False
7.44,7.44,AEROTWIN-4-001,IDLE,0.15,1184.3622114972757,160.38386191666203,23.993089794544115,3.725589314153608,21.67307359524827,2.5009708703709337,-20.448455151465595,-0.21797415701943298,-0.21797415701943298,-0.5488320602224799,4.7103696884149535,33.33334505510387,509.3783383341054,24.78977864586265,382.04725701873883,55.411370063483844,0.0010333567392580238,5.1667836962901195,322.42705098312484,0.42214169946040964,NONE,NONE,0.0,1.0,False
7.45,7.45,AEROTWIN-4-001,IDLE,0.15,1191.968358671339,231.44559460649856,23.94795916117674,39.730915187247184,21.320115382587563,2.480522415219468,15.930277389440153,-1.2760409845077791,-0.21756415097818338,41.44208447371133,-0.21756415097818338,33.33321096043973,509.3764636806802,24.789548497992996,381.5716840226027,55.34239390727025,0.0010310134147146753,5.155067073573377,322.42705098312484,0.3433778183912048,NONE,NONE,0.0,1.0,False
7.46,7.46,AEROTWIN-4-001,IDLE,0.15,1191.8248536219673,302.9636961267789,23.983146911519498,23.79073292093089,21.59483650089474,2.496452692608908,-0.30055627257275885,-1.371059303310249,-0.21788382719679686,25.597559878634733,-0.21788382719679686,33.33334153657992,509.3778956709509,24.789321957728635,381.9422441805551,55.39613921145936,0.001032838634328603,5.164193171643015,322.42705098312484,0.07076465587293713,NONE,NONE,0.0,1.0,False
7.47,7.47,AEROTWIN-4-001,IDLE,0.15,1183.9727148002326,374.47318734409697,23.982484913160356,7.640308109790237,21.589637065006805,2.4961521363363355,-16.445481091552903,8.484465205733002,-0.40840146989029336,-0.217877813026237,-0.217877813026237,33.33346554936715,509.37923035930083,24.78909545631607,381.93525721410117,55.3951258358188,0.0010328041759191523,5.164020879595762,322.42705098312484,0.35338131628401,NONE,NONE,0.0,1.0,False
7.48,7.48,AEROTWIN-4-001,IDLE,0.15,1194.1937631875555,445.51155023211095,23.94615177041389,45.19271509684424,21.30609475786615,2.4797066552447826,21.406913683733308,47.254414612397056,-1.62660405342503,-0.21754773106389513,-0.21754773106389513,33.33331656734958,509.37716647808986,24.788865444899784,381.5526955362364,55.33963985518466,0.0010309200129934326,5.1546000649671635,322.42705098312484,0.43897965073569145,NONE,NONE,0.0,1.0,False
7.49,7.49,AEROTWIN-4-001,IDLE,0.15,1184.9885005627718,517.1631760233643,23.99340355535324,4.897203489748482,21.67554687841044,2.501113568928516,-19.279456957590476,5.967647137478343,-0.6344896327372235,-0.21797700749631863,-0.21797700749631863,33.33352309346521,509.379534643218,24.788640250361013,382.0505730428521,55.41185101298918,0.00103337310576639,5.16686552883195,322.42705098312484,0.4016459347485247,NONE,NONE,0.0,1.0,False
7.5,7.5,AEROTWIN-4-001,IDLE,0.15,1191.568259599906,588.2624860571306,23.950864223437847,37.605118652393784,21.342669438121806,2.4818341119709255,13.780615102301052,-0.2175905430978677,39.258049240878265,-0.2175905430978677,-1.2177495022887472,33.333408448956234,509.37789849166444,24.788410915529017,381.6022138361486,55.34682189036732,0.0010311636127146582,5.155818063573291,322.42705098312484,0.30614371062672086,NONE,NONE,0.0,1.0,False
7.51,7.51,AEROTWIN-4-001,IDLE,0.15,1192.472581787715,659.7565816331249,23.981301046809254,25.96996446884367,21.580341780637244,2.4956147270732267,1.8940079611331995,-0.21786705775160936,27.824244844657457,-0.21786705775160936,-1.4185462603105683,33.33352275228245,509.37912314062993,24.78818471824992,381.9227637581526,55.39331380995494,0.001032742564704198,5.16371282352099,322.42705098312484,0.10218734356665474,NONE,NONE,0.0,1.0,False
7.5200000000000005,7.5200000000000005,AEROTWIN-4-001,IDLE,0.15,1183.4256567426146,11.304936540387871,23.985472350486475,5.162783568507774,21.613110339650195,2.49750873503436,-18.94783550617678,-0.21790495351286815,-0.21790495351286815,-0.32037034344076126,5.918963818974272,33.33366702616809,509.3807047400232,24.787959043827996,381.9667924358071,55.39969964130459,0.0010329597149804754,5.1647985749023775,322.42705098312484,0.3968091866435921,NONE,NONE,0.0,1.0,False
7.53,7.53,AEROTWIN-4-001,IDLE,0.15,1194.0557490598198,82.31047594494476,23.94361234052326,46.02858440637166,21.286410219701395,2.478560899528183,22.26361328714208,-0.21752466066760767,-0.21752466066760767,-1.616764571705998,48.08039829941287,33.3334967526874,509.3783695458409,24.78772930541113,381.526023612387,55.33577141269339,0.0010307888385470945,5.153944192735473,322.42705098312484,0.453635945254837,NONE,NONE,0.0,1.0,False
7.54,7.54,AEROTWIN-4-001,IDLE,0.15,1185.4663743838996,153.95382088853395,23.99276797144685,6.18181729905449,21.670537040106595,2.500824512815325,-17.98954425386743,-0.21797123329768905,-0.21797123329768905,-0.7178262639009384,7.335586029550806,33.33369629205488,509.38064848536334,24.787504574965855,382.04385592764805,55.41087677603422,0.0010333399532849962,5.166699766424981,322.42705098312484,0.37915003429988026,NONE,NONE,0.0,1.0,False
7.55,7.55,AEROTWIN-4-001,IDLE,0.15,1190.9145094078171,225.08180335156794,23.953079926358463,35.253269031882496,21.3598867520516,2.4828349685614577,11.410547311269438,-1.1557013772383,-0.2176106724759704,36.84419175407274,-0.2176106724759704,33.33359604189917,509.37918929082235,24.787275984245444,381.62550665736535,55.350200234570956,0.0010312782284007623,5.1563911420038115,322.42705098312484,0.2649614382217103,NONE,NONE,0.0,1.0,False
7.5600000000000005,7.5600000000000005,AEROTWIN-4-001,IDLE,0.15,1192.879421531776,296.536673916037,23.978283742998702,28.166216147733866,21.556668302808433,2.494245515872727,4.115302329052707,-1.46167446728748,-0.2178396459317809,30.06356990688491,-0.2178396459317809,33.33368540828388,509.38010149115513,24.78705001125991,381.8909305016631,55.38869677810021,0.0010325856038500495,5.162928019250248,322.42705098312484,0.14065547874063755,NONE,NONE,0.0,1.0,False
7.57,7.57,AEROTWIN-4-001,IDLE,0.15,1182.7725440651318,368.1094392079435,23.987348011122428,2.95842663708688,21.62786048551313,2.49836081820178,-21.167794666628026,3.624828277409099,-0.23055765302174727,-0.21792199365023593,-0.21792199365023593,33.33384181857898,509.3818329916756,24.786825051789855,381.98659803878877,55.402572206349845,0.0010330574182360617,5.165287091180309,322.42705098312484,0.43543014013926273,NONE,NONE,0.0,1.0,False
7.58,7.58,AEROTWIN-4-001,IDLE,0.15,1193.6933670879175,439.0757918518514,23.94057922559651,46.61263275738476,21.262921480824506,2.477193023535152,22.872518253025103,48.64929532854634,-1.6016683607499584,-0.21749710520580756,-0.21749710520580756,33.33364693240357,509.3791896857688,24.786595536232802,381.49417774497505,55.33115255177569,0.0010306322504773711,5.153161252386856,322.42705098312484,0.46389094771642864,NONE,NONE,0.0,1.0,False
7.59,7.59,AEROTWIN-4-001,IDLE,0.15,1185.7889431617452,510.6973938771265,23.991098806979085,7.602464309938111,21.65738552636486,2.500065541788177,-16.554986758214927,8.838420355188374,-0.8000439069469791,-0.21795606915164104,-0.21795606915164104,33.33383206092743,509.3812928152337,24.786371164730774,382.0262181429446,55.40831862701639,0.0010332529089215263,5.166264544607632,322.42705098312484,0.3542489059998051,NONE,NONE,0.0,1.0,False
7.6000000000000005,7.6000000000000005,AEROTWIN-4-001,IDLE,0.15,1189.9895554223822,581.8447304668312,23.95457508886662,32.652764806376304,21.371512505615225,2.4835105550299623,8.797741745731116,-0.2176242558364343,34.17686514388075,-0.2176242558364343,-1.0888518258315742,33.33374130129153,509.3799557562079,24.786143245987272,381.6412284425107,55.35248049084486,0.0010313556002895592,5.156778001447797,322.42705098312484,0.21943581496733355,NONE,NONE,0.0,1.0,False
7.61,7.61,AEROTWIN-4-001,IDLE,0.15,1193.0372002558265,653.2441037921741,23.974012156580173,30.39847694877853,21.523196239003155,2.4923082967756933,6.382972412999681,-0.2178008391146228,32.33499620006103,-0.2178008391146228,-1.5009175730532525,33.33379686602309,509.38045238605514,24.785917370593207,381.84588546520894,55.38216353610297,0.0010323635587966237,5.1618177939831185,322.42705098312484,0.1797678294799736,NONE,NONE,0.0,1.0,False
7.62,7.62,AEROTWIN-4-001,IDLE,0.15,1182.040081113872,4.826335807523719,23.98807526414965,1.0999609713089062,21.63358217346411,2.498691269188693,-23.032312471343896,-0.21792860065112268,-0.21792860065112268,-0.1375170914418312,1.6733352640529828,33.33395739534203,509.38224273365626,24.78569301008925,381.99427859334776,55.403686178621975,0.0010330953108834467,5.165476554417234,322.42705098312484,0.46797062577198967,NONE,NONE,0.0,1.0,False
7.63,7.63,AEROTWIN-4-001,IDLE,0.15,1193.1228831805406,75.74874067435604,23.937175811243172,46.92401971640426,21.236594390462795,2.475658956717349,23.211766369224115,-0.21746618562100167,-0.21746618562100167,-1.580803292343381,48.93975537998964,33.33373589251294,509.3792752715065,24.785463679693823,381.45845856265566,55.325971913010456,0.0010304566588163078,5.152283294081539,322.42705098312484,0.46937856940186623,NONE,NONE,0.0,1.0,False
7.640000000000001,7.640000000000001,AEROTWIN-4-001,IDLE,0.15,1185.9868439966249,147.33611366518846,23.988470167602202,9.18987490208002,21.63668969627277,2.498870723086573,-14.945685517279326,-0.21793218829856248,-0.21793218829856248,-0.8821510445859424,10.507890323263085,33.333900136889326,509.3811317682248,24.785239569567334,381.99844949124446,55.40429111731111,0.0010331158891967766,5.165579445983883,322.42705098312484,0.3264065463021775,NONE,NONE,0.0,1.0,False
7.65,7.65,AEROTWIN-4-001,IDLE,0.15,1188.8101909895622,218.49532430498596,23.955492212111107,29.77577579912717,21.378646647193438,2.483925037569294,5.913204114364438,-1.0159917869147475,-0.21763258778399974,31.227032761609916,-0.21763258778399974,33.333815385014205,509.3798835500177,24.785012264767502,381.6508735726452,55.353879401229314,0.0010314030712503962,5.157015356251981,322.42705098312484,0.1690782051499208,NONE,NONE,0.0,1.0,False
7.66,7.66,AEROTWIN-4-001,IDLE,0.15,1192.9673054260224,289.8239357643597,23.968561285758277,32.67703369517899,21.480555337685036,2.489838241683658,8.706640115810297,-1.5363539712704448,-0.2177513186492472,34.64889030374793,-0.2177513186492472,33.33382923296659,509.37987654311996,24.784786368184644,381.78844054306563,55.373831839485156,0.0010320804907844089,5.160402453922044,322.42705098312484,0.21970361006527853,NONE,NONE,0.0,1.0,False
7.67,7.67,AEROTWIN-4-001,IDLE,0.15,1181.4462737600838,361.40197408992105,23.987753107167123,0.0,21.631047413859303,2.4985448817994684,-24.12959229565877,0.2626858249119716,-0.03998928851770155,-0.2179256738960738,-0.2179256738960738,33.33398694327063,509.3816513318674,24.784562500451592,381.9908761884787,55.40319270062457,0.0010330785245902623,5.165392622951312,322.42705098312484,0.48721226294867476,NONE,NONE,0.0,1.0,False
7.68,7.68,AEROTWIN-4-001,IDLE,0.15,1192.5400104711998,432.2887505155261,23.93441527624545,46.92434612588815,21.215263001383224,2.47441528950381,23.234667835001115,48.912739209093196,-1.5535108701789504,-0.21744110651305004,-0.21744110651305004,33.333744647490214,509.37844416589644,24.784333417875814,381.42949779000855,55.321771500467264,0.001030314323185626,5.15157161592813,322.42705098312484,0.46941540575995033,NONE,NONE,0.0,1.0,False
7.69,7.69,AEROTWIN-4-001,IDLE,0.15,1186.2631784253952,503.84115114379813,23.985783258520584,10.967038309113168,21.615554647052168,2.4976499573388113,-13.146166295277812,12.367138173794396,-0.9642843085359145,-0.21790777807265704,-0.21790777807265704,33.33388856218443,509.38007163766525,24.784109562324286,381.9700750643126,55.40017574717777,0.0010329759076259297,5.164879538129648,322.42705098312484,0.2952421387767683,NONE,NONE,0.0,1.0,False
7.7,7.7,AEROTWIN-4-001,IDLE,0.15,1187.5795708034852,575.0169418493218,23.956772585681925,26.630159779456925,21.388610238914072,2.484503791043533,2.7570457494993192,-0.21764421981439508,28.00211052482907,-0.21764421981439508,-0.9366623057433565,33.33381349144654,509.3789683517631,24.78388290709203,381.6643407970605,55.35583266052406,0.0010314693589844788,5.157346794922394,322.42705098312484,0.11401554521948604,NONE,NONE,0.0,1.0,False
7.71,7.71,AEROTWIN-4-001,IDLE,0.15,1192.854504117348,646.271716097531,23.962868287983422,34.97116165419467,21.436106319396767,2.4872608367930327,11.047794498004867,-0.21769959849142204,36.9739060780746,-0.21769959849142204,-1.567345226897086,33.33378480798056,509.3784568161705,24.78365696448936,381.7284868836945,55.36513628063728,0.0010317851815608422,5.158925907804211,322.42705098312484,0.2599146674228575,NONE,NONE,0.0,1.0,False
7.72,7.72,AEROTWIN-4-001,IDLE,0.15,1181.3355383055657,717.8429863445718,23.987233150695822,0.0,21.626956949540123,2.4983086312910374,-24.12526558083116,-0.21792095015792715,0.1672004355312177,-0.21792095015792715,-0.06151597576238954,33.33393914474784,509.3802187546737,24.783433568827018,381.98538505843845,55.4023962781058,0.0010330514340823429,5.1652571704117145,322.42705098312484,0.48719986831668355,NONE,NONE,0.0,1.0,False
7.73,7.73,AEROTWIN-4-001,IDLE,0.15,1192.2627295868883,68.72311864290577,23.93390034361022,46.57132549682469,21.211286228599295,2.474183365710206,22.88585590251519,-0.21743642841581257,-0.21743642841581257,-1.5196159965245488,48.525814350180866,33.33369361570072,509.3769999450807,24.783204955169328,381.42409675291253,55.320988144848926,0.0010302877815261575,5.151438907630788,322.42705098312484,0.46324335227182917,NONE,NONE,0.0,1.0,False
7.74,7.74,AEROTWIN-4-001,IDLE,0.15,1186.9220976969305,140.25888241811907,23.984504636895117,12.917179974526539,21.605504026926074,2.4970692216127213,-11.185393274012256,-0.2178961619584615,-0.2178961619584615,-1.0447899845669193,14.397762283010382,33.33382853332851,509.3785446877052,24.782981494784455,381.95657597006044,55.398217865545625,0.0010329093212616272,5.164546606308136,322.42705098312484,0.26108418668976,NONE,NONE,0.0,1.0,False
7.75,7.75,AEROTWIN-4-001,IDLE,0.15,1186.6419975759961,211.47420827993489,23.9598245490319,23.311621290579644,21.41237778370585,2.485883828338709,-0.5866403214649143,-0.8523729154569109,-0.21767194651171345,24.599338099059985,-0.21767194651171345,33.333776948033616,509.3777619695255,24.782755665221,381.69645085382405,55.360489838936935,0.0010316274347966102,5.158137173983051,322.42705098312484,0.07859397415762405,NONE,NONE,0.0,1.0,False
7.76,7.76,AEROTWIN-4-001,IDLE,0.15,1192.992894350848,282.67272813449466,23.958527376434834,37.188857109807515,21.40227282073565,2.485297188017244,13.301287101054621,-1.5926831951266598,-0.2176601618643097,39.21686062866279,-0.2176601618643097,33.33371631168102,509.3768787763914,24.782529810621742,381.68280161932455,55.3585101812636,0.001031560236124341,5.157801180621705,322.42705098312484,0.29877304662477067,NONE,NONE,0.0,1.0,False
7.7700000000000005,7.7700000000000005,AEROTWIN-4-001,IDLE,0.15,1181.5331376032973,354.2523017955455,23.98787105280855,0.1293154560576716,21.631975387626987,2.498598475118299,-24.001258406687615,-0.16368710444968237,-0.21792674541716525,0.7288560513416845,-0.21792674541716525,33.33387628344235,509.3787394759891,24.7823070025418,381.9921218343442,55.403373366609614,0.0010330846701317627,5.165423350658814,322.42705098312484,0.48495205411830294,NONE,NONE,0.0,1.0,False
7.78,7.78,AEROTWIN-4-001,IDLE,0.15,1192.111444882258,425.1442900517434,23.934819172869776,45.84813492225248,21.2183827488755,2.4745972167116115,22.155154956665367,47.762794677762315,-1.4797702037852307,-0.217444775862307,-0.217444775862307,33.33363831205347,509.3756423337765,24.782078998572654,381.43373443666195,55.32238597522458,0.0010303351435298638,5.1516757176493195,322.42705098312484,0.45057715486221384,NONE,NONE,0.0,1.0,False
7.79,7.79,AEROTWIN-4-001,IDLE,0.15,1187.764200592994,496.67097674467885,23.98380690544226,14.991926608146265,21.600021384818984,2.4967523716682765,-9.104847148340994,16.549054853052215,-1.121348598591336,-0.21788982315730812,-0.21788982315730812,33.33376865540369,509.37715618038163,24.781855990497,381.94921058712504,55.39714960513544,0.0010328729930053216,5.164364965026609,322.42705098312484,0.22475949332944645,NONE,NONE,0.0,1.0,False
7.8,7.8,AEROTWIN-4-001,IDLE,0.15,1185.857185775768,567.9368287802585,23.96372274823678,19.936377095787403,21.44277206465682,2.4876475245199354,-3.9940424933893506,-0.21770736115371467,21.136757445762004,-0.21770736115371467,-0.7649656276671736,33.33374689737324,509.3767690761262,24.781631070830763,381.73748251550836,55.3664409890843,0.0010318294827836296,5.159147413918149,322.42705098312484,0.13775345254492916,NONE,NONE,0.0,1.0,False
7.8100000000000005,7.8100000000000005,AEROTWIN-4-001,IDLE,0.15,1193.208972709281,639.0882599268045,23.95489135825084,39.25517248349629,21.373972454081667,2.483653482026546,15.397546547388075,-0.2176271291034044,41.30213984277386,-0.2176271291034044,-1.6117131010707666,33.3336595243201,509.3755743574127,24.781405373215467,381.64455443196357,55.352962885703135,0.0010313719696302284,5.156859848151142,322.42705098312484,0.334974396406767,NONE,NONE,0.0,1.0,False
7.82,7.82,AEROTWIN-4-001,IDLE,0.15,1182.070401592043,710.6807982893614,23.988866918974473,0.8102944234100191,21.63981219043796,2.499051028573934,-23.328568795601875,-0.21793579273411695,1.51085100148989,-0.21793579273411695,-0.2646849926116369,33.33382768542036,509.37756027249566,24.781183187677698,382.0026401215957,55.404898917956,0.0010331365654651693,5.165682827325846,322.42705098312484,0.47305866339752817,NONE,NONE,0.0,1.0,False
7.83,7.83,AEROTWIN-4-001,IDLE,0.15,1192.1238550168878,61.60502238488402,23.937316733928917,44.76930995796475,21.237683883053286,2.4757224597783325,21.055903615133133,-0.21746746588560675,-0.21746746588560675,-1.4347800892516926,46.639024978987656,33.33360879229907,509.3747228663656,24.780955948843772,381.45993725452104,55.326186379521225,0.001030463927030616,5.152319635153081,322.42705098312484,0.43166956020821856,NONE,NONE,0.0,1.0,False
7.84,7.84,AEROTWIN-4-001,IDLE,0.15,1188.8049761050231,133.1324536858973,23.98386414454668,17.146205733775325,21.600471108827293,2.4967783633934655,-6.951043738445433,-0.21789034316726275,-0.21789034316726275,-1.1925821628827205,18.774568582992572,33.33373992487836,509.3762650182851,24.780733467670604,381.94981478871193,55.3972372373252,0.0010328759730370597,5.164379865185299,322.42705098312484,0.18706097262564556,NONE,NONE,0.0,1.0,False
7.8500000000000005,7.8500000000000005,AEROTWIN-4-001,IDLE,0.15,1185.294316103842,204.4607522521987,23.968537172339747,16.617485090105536,21.480366883092238,2.4898273196550202,-7.3527091126417226,-0.6762311891349587,-0.217751099581919,17.72921847840433,-0.217751099581919,33.33375450767286,509.37634623973014,24.780509549482954,381.78818650922386,55.37379499492481,0.0010320792392483381,5.160396196241691,322.42705098312484,0.19594860251516483,NONE,NONE,0.0,1.0,False
7.86,7.86,AEROTWIN-4-001,IDLE,0.15,1193.540866452763,275.5784112184292,23.95228225617898,41.107696138198655,21.353686865236806,2.4824746105423787,17.27153466241947,-1.6242965795212638,-0.21760342574424715,43.16719956920841,-0.21760342574424715,33.33364761540547,509.3749208620671,24.780284109666145,381.6171203026979,55.3489838944627,0.0010312369599769797,5.156184799884898,322.42705098312484,0.3674228770062187,NONE,NONE,0.0,1.0,False
7.87,7.87,AEROTWIN-4-001,IDLE,0.15,1182.7971889254359,347.190863205595,23.990396236670502,1.6500927392445148,21.651852188965545,2.499746145204798,-22.50150559492583,-0.36240237804129216,-0.2179496863901013,2.44839449006601,-0.2179496863901013,33.33382744140948,509.37706535470943,24.78006259926327,382.0187953416094,55.407242038756344,0.0010332162797788164,5.166081398894082,322.42705098312484,0.4583986556934382,NONE,NONE,0.0,1.0,False
7.88,7.88,AEROTWIN-4-001,IDLE,0.15,1192.1719506361826,418.1586945411212,23.940693705889057,43.37550723320976,21.263807580508804,2.477244639609872,19.634455013091085,45.19625910444289,-1.3857555807438364,-0.21749814524464695,-0.21749814524464695,33.33363357774188,509.37455180180973,24.779836212059937,381.49537949572317,55.331326851300695,0.0010306381589223269,5.153190794611634,322.42705098312484,0.40723996150521324,NONE,NONE,0.0,1.0,False
7.890000000000001,7.890000000000001,AEROTWIN-4-001,IDLE,0.15,1189.8958156738788,489.6890115792921,23.984085970222058,19.331967240805437,21.602214063617378,2.496879094622963,-4.767125917434905,21.02529925931695,-1.2575473016611205,-0.2178923584251978,-0.2178923584251978,33.333766076955094,509.3761188427514,24.77961427285434,381.952156367017,55.39757685515941,0.0010328875222437844,5.164437611218922,322.42705098312484,0.14881543237561143,NONE,NONE,0.0,1.0,False
7.9,7.9,AEROTWIN-4-001,IDLE,0.15,1184.8518848096635,561.0827605197248,23.973579082951975,13.447933323601793,21.51980545371892,2.4921119687055286,-10.563984098822655,-0.21779690469601135,14.471114998059791,-0.21779690469601135,-0.5875878650659748,33.33381809532326,509.37667122125714,24.77939137900706,381.84131997130186,55.38150136599768,0.001032341057531851,5.161705287659255,322.42705098312484,0.2515357646926062,NONE,NONE,0.0,1.0,False
7.91,7.91,AEROTWIN-4-001,IDLE,0.15,1193.8724522463735,632.1738736083047,23.950230644767686,42.71192883053274,21.337748585672916,2.481547984606706,18.89263226025312,-0.2175847871165532,44.77780986766157,-0.2175847871165532,-1.6307114628957213,33.333695169259826,509.3750481056441,24.779166250840152,381.59555448136825,55.34585603086869,0.0010311308478398462,5.155654239199231,322.42705098312484,0.3955200119929743,NONE,NONE,0.0,1.0,False
7.92,7.92,AEROTWIN-4-001,IDLE,0.15,1183.5822452530854,703.8062207430871,23.991923747459634,2.6125658474378355,21.663884359926335,2.500440616866959,-21.55175912935546,-0.2179635636305672,3.5043967507550846,-0.2179635636305672,-0.45590377605611454,33.33388592853646,509.3773315253943,24.7789454141334,382.0349346746948,55.40958285534838,0.0010332959246135895,5.166479623067948,322.42705098312484,0.4415918011960888,NONE,NONE,0.0,1.0,False
7.930000000000001,7.930000000000001,AEROTWIN-4-001,IDLE,0.15,1192.148562772238,54.82115545827219,23.94433932830377,41.7121860580354,21.2920437426392,2.4788888577376036,17.941253457658593,-0.21753126525876196,-0.21753126525876196,-1.3335063774361828,43.48075496598911,33.33371840601766,509.37514777093935,24.778719904656953,381.53365836805136,55.33687874238544,0.0010308263843154131,5.154131921577066,322.42705098312484,0.3780907903982015,NONE,NONE,0.0,1.0,False
7.94,7.94,AEROTWIN-4-001,IDLE,0.15,1190.9176553268694,126.35006922460647,23.983978102191966,21.520190079569485,21.60136649345371,2.496830111195262,-2.5780065250794877,-0.2178913784579185,-0.2178913784579185,-1.3161902435556818,23.272163080041,33.3338490629004,509.37668988928255,24.778498472598294,381.951017710272,55.39741170666243,0.0010328819061014472,5.1644095305072355,322.42705098312484,0.11051896218021888,NONE,NONE,0.0,1.0,False
7.95,7.95,AEROTWIN-4-001,IDLE,0.15,1184.4390513967603,197.80512854421863,23.978298266211112,10.482277954227373,21.55678219112292,2.4942521046701827,-13.56875634156573,-0.49958371857688233,-0.21783977787331116,11.417541228550876,-0.21783977787331116,33.3339354649605,509.37766592290484,24.778276570665028,381.89108369522137,55.388718996987514,0.001032586359121303,5.162931795606515,322.42705098312484,0.3035471088691348,NONE,NONE,0.0,1.0,False
7.96,7.96,AEROTWIN-4-001,IDLE,0.15,1194.1103493288,268.87147162802427,23.948315660001562,44.05908428672686,21.322881915748454,2.480683348328617,20.255519022649786,-1.6314389105346159,-0.21756738972448428,46.12565797671044,-0.21756738972448428,33.33379688080512,509.3758410111451,24.77805176603337,381.5754299232493,55.34293720520824,0.0010310318417488798,5.155159208744399,322.42705098312484,0.41911676770002315,NONE,NONE,0.0,1.0,False
7.97,7.97,AEROTWIN-4-001,IDLE,0.15,1184.325131031829,340.5180925877523,23.99301942512888,3.6793445214877787,21.672518931160837,2.5009388673512665,-20.494113277024326,-0.5452212682966289,-0.2179735177222813,4.66051282522897,-0.2179735177222813,33.33399466286986,509.3782065641502,24.777831558055333,382.0465133284871,55.41126220013711,0.0010333530687655175,5.166765343827588,322.42705098312484,0.42294930501421907,NONE,NONE,0.0,1.0,False
7.98,7.98,AEROTWIN-4-001,IDLE,0.15,1191.9715049067079,411.577600449662,23.947787118855235,39.81375315550749,21.318780406819993,2.480444754074242,16.014527994613257,41.527249820691594,-1.2783714891927866,-0.21756258799566122,-0.21756258799566122,33.33385143462518,509.37631931334585,24.777606906053805,381.5698763539768,55.34213172662808,0.0010310045225080879,5.1550226125404395,322.42705098312484,0.3448294180821519,NONE,NONE,0.0,1.0,False
7.99,7.99,AEROTWIN-4-001,IDLE,0.15,1191.785259162009,483.09589074406443,23.98316142449942,23.70133760798113,21.594950501451137,2.4964592820688556,-0.3900721755388621,25.506110554700026,-1.3690050286281639,-0.21788395904536623,-0.21788395904536623,33.33397433470551,509.3777562611865,24.77738590802723,381.94239736241605,55.396161428650096,0.0010328393898115728,5.164196949057865,322.42705098312484,0.07232941966877901,NONE,NONE,0.0,1.0,False
8.0,8.0,AEROTWIN-4-001,IDLE,0.15,1183.9847602561242,554.603006293785,23.982302248493916,7.746945104686027,21.58820259950085,2.496069209893317,-16.33732670470814,-0.21787615354106749,8.594679648369672,-0.21787615354106749,-0.4119822366015101,33.334089283730215,509.37907746572625,24.777164925806684,381.93332941145803,55.39484623117905,0.0010327946686520815,5.163973343260407,322.42705098312484,0.35151081659568933,NONE,NONE,0.0,1.0,False
8.01,8.01,AEROTWIN-4-001,IDLE,0.15,1194.1868005992765,625.6420919091524,23.946207673245418,45.153363498624046,21.306528286319857,2.4797318831886086,21.36710332911558,-0.21754823893398112,47.21535452463147,-0.21754823893398112,-1.6268945481394645,33.333933176821894,509.3770225691929,24.776940423810128,381.5532827870854,55.33972502887329,0.0010309229014120091,5.154614507060046,322.42705098312484,0.4382903687300699,NONE,NONE,0.0,1.0,False
8.02,8.02,AEROTWIN-4-001,IDLE,0.15,1184.957963571417,697.2932999451091,23.993371492787777,4.847562040930809,21.675294126347353,2.501098986517724,-19.328831071934268,-0.21797671621200557,5.9145808226768475,-0.21797671621200557,-0.631065349322027,33.33413195463921,509.37939134807704,24.776720767952213,382.0502341790336,55.41180186485868,0.0010333714332590464,5.166857166295232,322.42705098312484,0.40251389538372795,NONE,NONE,0.0,1.0,False
8.03,8.03,AEROTWIN-4-001,IDLE,0.15,1191.5813395122352,48.39077775939404,23.95072260868543,37.69530574416344,21.341569456958823,2.48177015544579,13.871966131758828,-0.21758925654592529,-0.21758925654592529,-1.2201718190548831,39.35065607631018,33.33400889125382,509.37774569162,24.776496921748823,381.60072531938374,55.34660599887278,0.001031156288889541,5.1557814444477055,322.42705098312484,0.30772357681492213,NONE,NONE,0.0,1.0,False
8.040000000000001,8.040000000000001,AEROTWIN-4-001,IDLE,0.15,1192.443385243176,119.88565813012815,23.981361400160647,25.8819220390066,21.580815560507585,2.4956421215775486,1.8054643569214668,-0.21786760605410005,-0.21786760605410005,-1.4167192389673362,27.734376490082134,33.334116351410586,509.37897976626334,24.776276256942076,381.9234006266444,55.393406180087254,0.001032745705278391,5.163728526391956,322.42705098312484,0.10064592655131976,NONE,NONE,0.0,1.0,False
8.05,8.05,AEROTWIN-4-001,IDLE,0.15,1183.4421017352663,191.4322612447187,23.985337722681027,5.257255491873176,21.612052000157547,2.49744758593447,-18.852244094218843,-0.3239290374485345,-0.21790373043644679,6.0169919901946045,-0.21790373043644679,33.334252394797524,509.38055243721095,24.776056096308494,381.96537104981826,55.39949348632354,0.0010329527036407383,5.164763518203692,322.42705098312484,0.3951527193698745,NONE,NONE,0.0,1.0,False
8.06,8.06,AEROTWIN-4-001,IDLE,0.15,1194.0581691877626,262.4387873488347,23.94368869315606,45.99983684069641,21.28700181967195,2.4785953418402515,22.23423967918421,-1.617254534523013,-0.21752535432152695,48.05214208386247,-0.21752535432152695,33.33407561429416,509.37822809845295,24.775831854455912,381.526825427202,55.33588770631053,0.0010307927815718378,5.15396390785919,322.42705098312484,0.4531320032941143,NONE,NONE,0.0,1.0,False
8.07,8.07,AEROTWIN-4-001,IDLE,0.15,1185.4431368644114,334.0822775001005,23.992779117220515,6.128172960989936,21.67062488445627,2.5008295815194357,-18.04328150498577,-0.7145318564247826,-0.21797133455561957,7.278647486525958,-0.21797133455561957,33.334268191395395,509.3805116113578,24.775612653710763,382.0439737160445,55.41089385982766,0.0010333405346191378,5.166702673095689,322.42705098312484,0.3800890760369416,NONE,NONE,0.0,1.0,False
8.08,8.08,AEROTWIN-4-001,IDLE,0.15,1190.9384656752582,405.20886571196513,23.95297220223636,35.35122541447642,21.359049366984166,2.4827863000144497,11.509389747477801,36.944693767083635,-1.158248964975062,-0.21760969381607675,-0.21760969381607675,33.33416021876533,509.37904587973003,24.775389544159903,381.6243740432687,55.3500359624876,0.0010312726547768755,5.156363273884377,322.42705098312484,0.26667688546814716,NONE,NONE,0.0,1.0,False
8.09,8.09,AEROTWIN-4-001,IDLE,0.15,1192.8611214247314,476.66517365248063,23.978394336815448,28.078632048345103,21.557535573298487,2.4942956897619277,4.026800785284688,29.974353824879866,-1.460040475209794,-0.21784065066248393,-0.21784065066248393,33.33424356233323,509.3799719323119,24.775169093346108,381.8920970731415,55.388865975294294,0.0010325913552733967,5.1629567763669835,322.42705098312484,0.13912152030717637,NONE,NONE,0.0,1.0,False
8.1,8.1,AEROTWIN-4-001,IDLE,0.15,1182.7933329320579,548.2368409379645,23.98726365434506,3.039592478932741,21.627196899372002,2.4983224905472126,-21.085926910986476,-0.21792122727968535,3.7095891010142643,-0.21792122727968535,-0.23415416752215273,33.33439254898871,509.3816988289004,24.77494964156247,381.98570718961963,55.402442999368056,0.0010330530232890843,5.165265116445422,322.42705098312484,0.4340077270595931,NONE,NONE,0.0,1.0,False
8.11,8.11,AEROTWIN-4-001,IDLE,0.15,1193.705142770572,619.204440913888,23.940675794171923,46.59454658569502,21.263668938029195,2.477236563636226,22.8536410840296,-0.21749798251898397,48.631907452073605,-0.21749798251898397,-1.6023649013406143,33.3341917266666,509.37906778657737,24.774725609300503,381.4951914672773,55.331299580030965,0.0010306372344713246,5.153186172356623,322.42705098312484,0.4635733519344525,NONE,NONE,0.0,1.0,False
8.120000000000001,8.120000000000001,AEROTWIN-4-001,IDLE,0.15,1185.7724935800518,690.8267494801223,23.99115305412902,7.543801416064367,21.657812824972762,2.500090204720256,-16.61410161362865,-0.21795656198007116,8.776539866411555,-0.21795656198007116,-0.7968253263870461,33.33437063400055,509.38117901024316,24.774506757646524,382.026791303508,55.408401757078195,0.0010332557373633371,5.1662786868166855,322.42705098312484,0.355276800211563,NONE,NONE,0.0,1.0,False
8.13,8.13,AEROTWIN-4-001,IDLE,0.15,1190.0243425513097,41.973099094925374,23.954498851067335,32.759447331665825,21.37091956704132,2.4834761031066273,8.905051661517879,-0.21762356322576287,-0.21762356322576287,-1.0915697923694878,34.28626425048684,33.334272787838174,509.3798377465214,24.774284311783422,381.64042672166875,55.35236421085739,0.0010313516545609146,5.1567582728045736,322.42705098312484,0.22130361563330284,NONE,NONE,0.0,1.0,False
8.14,8.14,AEROTWIN-4-001,IDLE,0.15,1193.0293691785298,113.37455964800395,23.974172863744034,30.310548843908332,21.52445463852936,2.4923811547681454,6.293713050610828,-0.2178022991186852,-0.2178022991186852,-1.4994559141602548,32.245609356305955,33.33432310532769,509.38035223538037,24.7740639472011,381.84757971671166,55.38240926695243,0.0010323719091818037,5.161859545909018,322.42705098312484,0.17822728907162638,NONE,NONE,0.0,1.0,False
8.15,8.15,AEROTWIN-4-001,IDLE,0.15,1182.062987849444,184.95632179871575,23.988039170259164,1.1640376906197734,21.633298169414356,2.4986748678187563,-22.967935346613338,-0.14121145682134856,-0.2179282727427366,1.741105692926595,-0.2179282727427366,33.3344769616609,509.38214173057236,24.773845087124936,381.9938973869411,55.403630889207165,0.001033093430122694,5.165467150613471,322.42705098312484,0.46684842273927124,NONE,NONE,0.0,1.0,False
8.16,8.16,AEROTWIN-4-001,IDLE,0.15,1193.142213918069,255.88010106968238,23.937282276839117,46.91740123458278,21.237417485675024,2.475706932472143,23.204276816435616,-1.5817267021625254,-0.21746715284734588,48.93406224244001,-0.21746715284734588,33.33424997477272,509.3791866106721,24.773621225445964,381.4595756962512,55.32613393983288,0.001030462149856218,5.15231074928109,322.42705098312484,0.46926154593084335,NONE,NONE,0.0,1.0,False
8.17,8.17,AEROTWIN-4-001,IDLE,0.15,1185.9748424116474,327.46863390476653,23.988559257328323,9.124994237767606,21.637390808561587,2.4989112092885786,-15.01130778008256,-0.8789693854563225,-0.21793299766734808,10.439829618558623,-0.21793299766734808,33.33440863613957,509.381053608513,24.773402623685918,381.9993904701281,55.40442759500644,0.0010331205318665263,5.165602659332632,322.42705098312484,0.32754408183374084,NONE,NONE,0.0,1.0,False
8.18,8.18,AEROTWIN-4-001,IDLE,0.15,1188.8539320906452,398.6271244494654,23.955436597621055,29.892065191826404,21.378213967273723,2.483899901508496,6.029951323044186,31.34625475882926,-1.0189254019359393,-0.21763208253345923,-0.21763208253345923,33.33431731437014,509.3798022007623,24.773180781923056,381.6502886583145,55.35379456642462,0.0010314001923544267,5.157000961772134,322.42705098312484,0.17111389419655276,NONE,NONE,0.0,1.0,False
8.19,8.19,AEROTWIN-4-001,IDLE,0.15,1192.9680022828413,469.9583603749041,23.96876353909274,32.58855439282385,21.482136078555175,2.48992985283154,8.616488461437136,34.559123993972,-1.535063288958223,-0.21775315609496435,-0.21775315609496435,33.33432658749912,509.3798159737821,24.77296038295292,381.7905713043723,55.37414088084355,0.0010320909883889612,5.160454941944806,322.42705098312484,0.21815295633026247,NONE,NONE,0.0,1.0,False
8.2,8.2,AEROTWIN-4-001,IDLE,0.15,1181.446957854025,541.5364405118746,23.987756319181997,0.0,21.631072684874233,2.498546341292977,-24.129619026167212,-0.21792570307681877,0.3013551094473167,-0.21792570307681877,-0.04382387594624965,33.3344782723503,509.38159257541594,24.772742006615953,381.99091011091326,55.40319762066664,0.00103307869194991,5.16539345974955,322.42705098312484,0.4872123395179794,NONE,NONE,0.0,1.0,False
8.21,8.21,AEROTWIN-4-001,IDLE,0.15,1192.5436031695847,612.4232579831162,23.93441845722678,46.93046389414696,21.215287569977505,2.47441672226681,23.240759601902646,-0.21744113541185922,48.920017661197036,-0.21744113541185922,-1.5546714962263595,33.33423007093878,509.37838717153943,24.77251836748301,381.4295311558526,55.32177633978255,0.0010303144871544742,5.151572435772371,322.42705098312484,0.46952243083046064,NONE,NONE,0.0,1.0,False
8.22,8.22,AEROTWIN-4-001,IDLE,0.15,1186.2328661439606,683.9758741732912,23.985799823703193,10.896165650096107,21.61568488718594,2.4976574818687127,-13.217176718958545,-0.21790792856522578,12.293161161639999,-0.21790792856522578,-0.9611796544134406,33.33436820746771,509.38001760789507,24.7722999979214,381.970249966495,55.400201114640495,0.0010329767703988572,5.164883851994286,322.42705098312484,0.2964828051253978,NONE,NONE,0.0,1.0,False
8.23,8.23,AEROTWIN-4-001,IDLE,0.15,1187.6082981574289,35.14984614192883,23.956632149289245,26.752655555271698,21.387517177439268,2.484440305149754,2.880698072682676,-0.2176429439677004,-0.2176429439677004,-0.9397552568447359,28.127696700051835,33.3342862827382,509.37890268175937,24.77207878563624,381.6628635514218,55.35561840377112,0.001031462087450769,5.157310437253845,322.42705098312484,0.11616079833187802,NONE,NONE,0.0,1.0,False
8.24,8.24,AEROTWIN-4-001,IDLE,0.15,1192.8419622945157,106.40634403137456,23.963001245076804,34.88582494320066,21.43714340369264,2.4873210032224367,10.961360536285582,-0.21770080638963762,-0.21770080638963762,-1.5662746408972785,36.88750119687721,33.33425286248321,509.37840509964,24.771858316138673,381.7298865716432,55.365339288577985,0.0010317920744888193,5.158960372444096,322.42705098312484,0.2584197837357681,NONE,NONE,0.0,1.0,False
8.25,8.25,AEROTWIN-4-001,IDLE,0.15,1181.3232261634903,177.9768617690455,23.987175336520657,0.0,21.626502174820164,2.4982823637587224,-24.124784538578886,-0.21792042492352828,-0.21792042492352828,-0.05769947651449153,0.1518717080302216,33.33440107135555,509.38016295598953,24.771640392541713,381.9847745202756,55.40230772687173,0.0010330484220540692,5.165242110270346,322.42705098312484,0.48719849018924166,NONE,NONE,0.0,1.0,False
8.26,8.26,AEROTWIN-4-001,IDLE,0.15,1192.2600243695904,248.85625533885494,23.93384308805823,46.59097827134387,21.210844093405246,2.4741575792201433,22.905976598718482,-1.5209833282053504,-0.2174359082564339,48.54683341606209,-0.2174359082564339,33.33414954482765,509.3769402647313,24.771417203283878,381.4234962313452,55.32090104640184,0.0010302848305184969,5.151424152592485,322.42705098312484,0.4635879216014577,NONE,NONE,0.0,1.0,False
8.27,8.27,AEROTWIN-4-001,IDLE,0.15,1186.883801925984,320.39185680103037,23.984492161027315,12.842535582786015,21.60540598223263,2.497063555818862,-11.259933955265476,-1.0418702173807979,-0.2178960486167956,14.320197897400403,-0.2178960486167956,33.33427882557335,509.3784853399857,24.77119921218264,381.9564442666403,55.398198763544976,0.0010329086716449286,5.164543358224643,322.42705098312484,0.2623901662299547,NONE,NONE,0.0,1.0,False
8.28,8.28,AEROTWIN-4-001,IDLE,0.15,1186.6635151543694,391.6048849165894,23.959647213688317,23.43543216129123,21.410996075019156,2.4858036218635964,-0.461367535591521,24.726312786788032,-0.8555399546112771,-0.21767033544276157,-0.21767033544276157,33.33422046291567,509.37768769302573,24.770978811809005,381.6945847449964,55.36021918224479,0.0010316182470869574,5.158091235434787,322.42705098312484,0.07642306740806261,NONE,NONE,0.0,1.0,False
8.290000000000001,8.290000000000001,AEROTWIN-4-001,IDLE,0.15,1192.9762640056128,462.8046958258516,23.958627036374185,37.109781540788916,21.40304900977855,2.485342254328005,13.221390276682362,39.13696439745279,-1.591860722139607,-0.2176610672621328,-0.2176610672621328,33.33415519836115,509.3768155786234,24.77075841066334,381.68385019035554,55.35866226390879,0.0010315653982801683,5.157826991400841,322.42705098312484,0.29738810543785194,NONE,NONE,0.0,1.0,False
8.3,8.3,AEROTWIN-4-001,IDLE,0.15,1181.5067225627665,534.3832716661883,23.987794399724173,0.10818451148745933,21.631372291475998,2.4985636446046873,-24.021751424593226,0.7040054437786332,-0.15996883422381014,-0.21792604903368185,-0.21792604903368185,33.3343092545719,509.3786707308745,24.770541060620936,381.99131228469065,55.40325595114696,0.0010330806761165662,5.165403380582831,322.42705098312484,0.48532001834798894,NONE,NONE,0.0,1.0,False
8.31,8.31,AEROTWIN-4-001,IDLE,0.15,1192.1010193456405,605.2736750199543,23.934696351903753,45.880619207053805,21.217434018523022,2.474541893180094,22.188643295350687,-0.21744366004951418,47.79681333943614,-0.21744366004951418,-1.4813068122833093,33.334065149075094,509.3755639865581,24.77031846273321,381.43244609140396,55.32219911620505,0.0010303288120907302,5.151644060453651,322.42705098312484,0.4511470148891382,NONE,NONE,0.0,1.0,False
8.32,8.32,AEROTWIN-4-001,IDLE,0.15,1187.7174498735153,676.7997361806928,23.983758819453957,14.915447686235986,21.599643583179457,2.496730536475445,-9.180926433418916,-0.2178893863022447,16.469898560042317,-0.2178893863022447,-1.1186721012018426,33.334189942081856,509.37707532375657,24.770100907102485,381.9487030069882,55.39707598672755,0.0010328704895377506,5.164352447688754,322.42705098312484,0.22609672859039506,NONE,NONE,0.0,1.0,False
8.33,8.33,AEROTWIN-4-001,IDLE,0.15,1185.8688360397173,28.062783173103753,23.963506398896673,20.056905961605164,21.44108411128612,2.4875496100420262,-3.871727759722982,-0.21770539564758623,-0.21770539564758623,-0.7681279733361699,21.260444726236503,33.334161462004246,509.37667020489414,24.769881403380264,381.7352047282759,55.36611062337968,0.0010318182649915028,5.159091324957514,322.42705098312484,0.13563905141669177,NONE,NONE,0.0,1.0,False
8.34,8.34,AEROTWIN-4-001,IDLE,0.15,1193.1868445082625,99.2149133354868,23.954945349585408,39.18487140455648,21.374392426481233,2.4836778822823034,15.326801095792945,-0.2176276196077846,-0.2176276196077846,-1.611142888152945,41.231269531924994,33.33406947305563,509.37548295093166,24.76966113898195,381.645122235447,55.35304523878476,0.001031374764195737,5.156873820978685,322.42705098312484,0.33374352101860844,NONE,NONE,0.0,1.0,False
8.35,8.35,AEROTWIN-4-001,IDLE,0.15,1182.0357388597522,170.80612400598255,23.988764941656207,0.7831931990146572,21.63900957214571,2.499004683378096,-23.35482105650915,-0.21793486628320236,-0.21793486628320236,-0.26115518206219557,1.4802181136432575,33.33423187897656,509.3774616676619,24.76944439712934,382.00156297998427,55.40474269149096,0.001033131250868659,5.165656254343295,322.42705098312484,0.47353050360938115,NONE,NONE,0.0,1.0,False
8.36,8.36,AEROTWIN-4-001,IDLE,0.15,1192.110596942283,241.72826833756767,23.93715562916833,44.81282165209728,21.236438364416674,2.4756498623215872,21.100733425359017,-1.436435496880446,-0.2174660022694289,46.68418915351658,-0.2174660022694289,33.33400691296351,509.37461187119595,24.76922255012682,381.4582467957226,55.32594119875801,0.0010304556179244705,5.152278089622353,322.42705098312484,0.43243283076380823,NONE,NONE,0.0,1.0,False
8.370000000000001,8.370000000000001,AEROTWIN-4-001,IDLE,0.15,1188.7555632099386,313.2549041541047,23.983802994479795,17.069975035322855,21.59999065696186,2.496750595746946,-7.026766217385951,-1.1901886253345904,-0.21788978762671357,18.69594323591087,-0.21788978762671357,33.33413274601969,509.3761511159627,24.769005507523577,381.94916930415246,55.39714361753566,0.0010328727893906744,5.1643639469533715,322.42705098312484,0.1883935526567822,NONE,NONE,0.0,1.0,False
8.38,8.38,AEROTWIN-4-001,IDLE,0.15,1185.299964096489,384.580237946701,23.96830868432014,16.730915219975564,21.47858124948923,2.4897238295295603,-7.237389859043227,17.84573659063362,-0.6793233230631783,-0.2177490237974373,-0.2177490237974373,33.33414085504217,509.3762140080108,24.76878699552322,381.7857794367065,55.37344587794104,0.0010320673805522807,5.160336902761403,322.42705098312484,0.19395813814516363,NONE,NONE,0.0,1.0,False
8.39,8.39,AEROTWIN-4-001,IDLE,0.15,1193.5176744050075,455.6982357924903,23.95230844219254,41.04750903142526,21.353890368707816,2.482486439670517,17.211132223046924,43.10667938058974,-1.623963021882811,-0.21760366364083655,-0.21760366364083655,33.33402948297638,509.374794356709,24.768566971402212,381.6173955974088,55.349023822656974,0.001031238314636578,5.156191573182889,322.42705098312484,0.3663693083305988,NONE,NONE,0.0,1.0,False
8.4,8.4,AEROTWIN-4-001,IDLE,0.15,1182.7595690654773,527.3092962567907,23.990289383739643,1.6189851877264851,21.651010749974457,2.499697571893564,-22.531723134141536,2.413987870207377,-0.35910525119115383,-0.21794871564486887,-0.21794871564486887,33.33420385725425,509.3769320725363,24.76835089288752,382.0176664774778,55.40707831056043,0.0010332107093616143,5.1660535468080715,322.42705098312484,0.45894049003166465,NONE,NONE,0.0,1.0,False
8.41,8.41,AEROTWIN-4-001,IDLE,0.15,1192.159994243132,598.2748704007194,23.940518953274037,43.427825276683535,21.262454975430863,2.4771658487594226,19.68820445249325,-0.21749655763945427,45.250305968394585,-0.21749655763945427,-1.3874875764321422,33.334004151281526,509.3744057288938,24.76812988647734,381.49354504651603,55.33106078645659,0.001030629139815776,5.15314569907888,322.42705098312484,0.40815749573986154,NONE,NONE,0.0,1.0,False
8.42,8.42,AEROTWIN-4-001,IDLE,0.15,1189.8484632384705,669.8044700553073,23.984030825941595,19.25737560295525,21.601780764936272,2.4968540532119157,-4.841259215192938,-0.2178918574464514,20.948598133368222,-0.2178918574464514,-1.2554388155200693,33.334131730824254,509.37597129748997,24.767913374071572,381.9515742610764,55.397492427678,0.0010328846511448793,5.1644232557243965,322.42705098312484,0.15011947193540942,NONE,NONE,0.0,1.0,False
8.43,8.43,AEROTWIN-4-001,IDLE,0.15,1184.8551138209834,21.19537784961551,23.973360304945494,13.552058936735378,21.518092707261214,2.4920127939967225,-10.458046564522558,-0.21779491712575905,-0.21779491712575905,-0.5905770913771682,14.578225862364064,33.33417767158949,509.37650707072635,24.767695879066135,381.8390136943786,55.381166868205284,0.0010323296912028452,5.161648456014226,322.42705098312484,0.2497083580106683,NONE,NONE,0.0,1.0,False
8.44,8.44,AEROTWIN-4-001,IDLE,0.15,1193.8518001298007,92.28668467887452,23.95024562061348,42.66203537739109,21.3378648870039,2.4815547474322,18.842615742954994,-0.21758492317019992,-0.21758492317019992,-1.6305874434199423,44.727792667151434,33.334050507473066,509.3748894427386,24.767476151250445,381.59571188176716,55.34587885990774,0.0010311316222522248,5.155658111261124,322.42705098312484,0.39464670818133557,NONE,NONE,0.0,1.0,False
8.45,8.45,AEROTWIN-4-001,IDLE,0.15,1183.545758589834,163.91779268666255,23.99182862101862,2.578609300932122,21.663134864124373,2.500397363175155,-21.584922926367405,-0.21796269941899762,-0.21796269941899762,-0.452844119081594,3.4673788188517114,33.33423622485751,509.3771679781543,24.767260736346003,382.03392949680983,55.40943706635831,0.0010332909639734534,5.166454819867267,322.42705098312484,0.4421837722322055,NONE,NONE,0.0,1.0,False
8.46,8.46,AEROTWIN-4-001,IDLE,0.15,1192.1409959792838,234.93053820205262,23.944169940726596,41.7713665423941,21.2907310097749,2.4788124402487877,18.00182309237041,-1.3352889446365983,-0.21752972639425303,43.5417149398192,-0.21752972639425303,33.3340632115482,509.37497267523895,24.767040598766066,381.5318794129336,55.33662072629306,0.0010308176356908496,5.1540881784542485,322.42705098312484,0.3791283555823566,NONE,NONE,0.0,1.0,False
8.47,8.47,AEROTWIN-4-001,IDLE,0.15,1190.8756947008526,306.45899796080965,23.983943202694036,21.44786574112951,21.601092278386638,2.496814263341158,-2.650040800598284,-1.3143444663375625,-0.2178910614004362,23.197992330267947,-0.2178910614004362,33.33418941431505,509.3765159280634,24.76682458293304,381.9506493139864,55.39735827520196,0.0010328800890875304,5.164400445437653,322.42705098312484,0.11178380644629116,NONE,NONE,0.0,1.0,False
8.48,8.48,AEROTWIN-4-001,IDLE,0.15,1184.4427186428716,377.9115396428608,23.978104551080857,10.576233833482787,21.555263160589693,2.49416422254056,-13.473193549647466,11.514377656727934,-0.5024677872529689,-0.21783801799608896,-0.21783801799608896,33.33427022860313,509.3774783275907,24.76660807379846,381.8890403754628,55.388422637976376,0.0010325762852608333,5.162881426304167,322.42705098312484,0.3018982671934263,NONE,NONE,0.0,1.0,False
8.49,8.49,AEROTWIN-4-001,IDLE,0.15,1194.0948003875837,448.9781027614331,23.94833267367461,44.018977718274314,21.323013955259906,2.480691028990912,20.215272734023497,46.085609861742235,-1.63149705488485,-0.21756754429153138,-0.21756754429153138,33.33412772275453,509.37565967739073,24.766388655652424,381.57560869816047,55.3429631343638,0.0010310327212000676,5.155163606000339,322.42705098312484,0.4184147113875901,NONE,NONE,0.0,1.0,False
8.5,8.5,AEROTWIN-4-001,IDLE,0.15,1184.292549499983,520.6237907846881,23.992947817788203,3.643074573780902,21.671954523475968,2.5009063017249353,-20.529786251420003,4.621395847124765,-0.5423755389863935,-0.217972867178735,-0.217972867178735,33.33432093751218,509.3780230999078,24.766173860251747,382.04575656235625,55.411152440291026,0.0010333493337562492,5.166746668781246,322.42705098312484,0.42358232126783385,NONE,NONE,0.0,1.0,False
8.51,8.51,AEROTWIN-4-001,IDLE,0.15,1191.9704433104537,591.6813437546871,23.94763594624432,39.87852714556393,21.317607436745945,2.4803765154735156,16.080543193344468,-0.21756121461179484,41.59384696766181,-0.21756121461179484,-1.2801973928742898,33.33417264074836,509.37612647219584,24.765954572390363,381.56828799852804,55.34190135473051,0.0010309967092306759,5.15498354615338,322.42705098312484,0.3459646634509646,NONE,NONE,0.0,1.0,False
8.52,8.52,AEROTWIN-4-001,IDLE,0.15,1191.7507500904242,663.1995703533144,23.983156527563544,23.63124469019306,21.5949120355847,2.49645705866686,-0.4601244040584982,-0.2178839145573291,25.434400360406052,-0.2178839145573291,-1.3673878410983342,33.33429159965971,509.3775677860954,24.765738980437465,381.94234567611727,55.396153932172695,0.001032839134898021,5.164195674490105,322.42705098312484,0.07355592904450248,NONE,NONE,0.0,1.0,False
8.53,8.53,AEROTWIN-4-001,IDLE,0.15,1183.9908529338115,14.70461535873983,23.982143040195776,7.83065874549632,21.586952411117835,2.4959969342628017,-16.252290599884315,-0.21787470715400875,-0.21787470715400875,-0.41478310292790754,8.681191262732245,33.3344014964719,509.37887891291035,24.765523385354058,381.9316491992986,55.39460253656787,0.0010327863825209248,5.163931912604625,322.42705098312484,0.3500420345491722,NONE,NONE,0.0,1.0,False
8.540000000000001,8.540000000000001,AEROTWIN-4-001,IDLE,0.15,1194.1779603443622,85.74406653476852,23.946235949102324,45.122320081663474,21.306747569790122,2.479744643662917,21.335827868210437,-0.2175484958165305,-0.2175484958165305,-1.6271145522591282,47.184531625555664,33.33424182530631,509.37683159134497,24.76530425677349,381.5535798223072,55.33976811026779,0.001030924362397069,5.154621811985346,322.42705098312484,0.4377467907667295,NONE,NONE,0.0,1.0,False
8.55,8.55,AEROTWIN-4-001,IDLE,0.15,1184.9308696782762,157.39474415543026,23.993330783362545,4.808992283477499,21.674973214382682,2.5010804715311274,-19.36706140243631,-0.21797634637207566,-0.21797634637207566,-0.6283931244779055,5.873338100699557,33.334436538727346,509.37920135599467,24.765090004419424,382.0498039300542,55.411739462407205,0.0010333693097137684,5.166846548568842,322.42705098312484,0.40318789518846443,NONE,NONE,0.0,1.0,False
8.56,8.56,AEROTWIN-4-001,IDLE,0.15,1191.5881087384198,228.49059633612683,23.950596958486294,37.765195817448024,21.34059352429358,2.481713410128691,13.942888883025752,-1.222051485695163,-0.21758811502991082,39.42242353320301,-0.21758811502991082,33.33430885628318,509.3775488376712,24.764871514926533,381.599404629017,55.34641444858337,0.0010311497908706891,5.155748954353446,322.42705098312484,0.30894806573693046,NONE,NONE,0.0,1.0,False
8.57,8.57,AEROTWIN-4-001,IDLE,0.15,1192.4173874311787,299.985882860432,23.9813926344975,25.813554288735997,21.581060757091123,2.495656299011717,1.7368372326331567,-1.4152947136260596,-0.21786788981406194,27.664584781990182,-0.21786788981406194,33.33441290586665,509.3787907347602,24.764656245866167,381.92373022363114,55.39345398417501,0.001032747330617499,5.163736653087495,322.42705098312484,0.09944914185799172,NONE,NONE,0.0,1.0,False
8.58,8.58,AEROTWIN-4-001,IDLE,0.15,1183.4516837499625,371.53092610630273,23.98521784197928,5.330776889464105,21.611109632667755,2.49739313624435,-18.777725879448003,6.093267529529133,-0.3266853573938684,-0.2179026413355794,-0.2179026413355794,33.334544441764656,509.38035698957594,24.76444146641254,381.96410538302985,55.399309916543885,0.0010329464604828845,5.164732302414423,322.42705098312484,0.3938632378018507,NONE,NONE,0.0,1.0,False
8.59,8.59,AEROTWIN-4-001,IDLE,0.15,1194.0568133851514,442.5380271313005,23.943733181155146,45.97729350995663,21.287346531406858,2.478615410364902,22.21133156818487,48.02997196872356,-1.617626941788293,-0.2175257584893178,-0.2175257584893178,33.33436446223537,509.3780416435865,24.764222585091076,381.5272926201408,55.33595546703999,0.0010307950790618536,5.153975395309268,322.42705098312484,0.45273699417570706,NONE,NONE,0.0,1.0,False
8.6,8.6,AEROTWIN-4-001,IDLE,0.15,1185.4220928955374,514.1814359344096,23.99277287314448,6.086886110277125,21.67057567232594,2.500826741933087,-18.0845163039819,7.23481459820279,-0.7119859322676927,-0.21797127782898615,-0.21797127782898615,33.33455347620058,509.3803292368048,24.764008778373142,382.0439077287062,55.41088428915609,0.0010333402089444475,5.166701044722237,322.42705098312484,0.38081144700640124,NONE,NONE,0.0,1.0,False
8.61,8.61,AEROTWIN-4-001,IDLE,0.15,1190.9537242110437,585.3067615081418,23.95287464529809,35.42645480373433,21.358291042663904,2.482742225629105,11.585421535441322,-0.21760880752374998,37.021879579504834,-0.21760880752374998,-1.1602071607230042,33.33444132525976,509.3788590456971,24.76379101781261,381.6233483406398,55.349887196629716,0.0010312676073053204,5.156338036526602,322.42705098312484,0.26799449609906084,NONE,NONE,0.0,1.0,False
8.620000000000001,8.620000000000001,AEROTWIN-4-001,IDLE,0.15,1192.8439306997514,656.7639849608045,23.978464776604913,28.011254835159804,21.558087975533645,2.494327647164546,3.958839212461612,-0.21784129059897647,29.905715521195134,-0.21784129059897647,-1.458778104837377,33.33452178291125,509.37979630850225,24.763575951781043,381.89284009849297,55.38897374220522,0.0010325950185566268,5.162975092783134,322.42705098312484,0.1379416314109819,NONE,NONE,0.0,1.0,False
8.63,8.63,AEROTWIN-4-001,IDLE,0.15,1182.806395582098,8.334620802789573,23.987184410336074,3.1022956460323714,21.626573550168423,2.498286486377008,-21.02256439051306,-0.21792050735798266,-0.21792050735798266,-0.23691352052120226,3.775050181269539,33.33466678930257,509.38152022823243,24.76336187445204,381.984870342677,55.40232162476119,0.0010330488947833504,5.1652444739167525,322.42705098312484,0.43290853267744417,NONE,NONE,0.0,1.0,False
8.64,8.64,AEROTWIN-4-001,IDLE,0.15,1193.7111984716269,79.30300453771547,23.94073647209636,46.58036829462306,21.26413860824453,2.477263921986495,22.838965764392032,-0.21749853377017933,-0.21749853377017933,-1.6028921986823772,48.6182575608458,33.33446310431207,509.37889924920466,24.763143189454823,381.49582843618094,55.33139196472681,0.0010306403661648744,5.153201830824372,322.42705098312484,0.4633245483566243,NONE,NONE,0.0,1.0,False
8.65,8.65,AEROTWIN-4-001,IDLE,0.15,1185.7570745042706,150.92567644601309,23.9911809507946,7.499057173655779,21.65803256696422,2.5001028877508866,-16.65907828105933,-0.21795681541771575,-0.21795681541771575,-0.7943606590068654,8.729331463498076,33.334638919245876,509.38101728160524,24.762929721479654,382.0270860536253,55.4084445070457,0.0010332571919052498,5.16628595952625,322.42705098312484,0.356060489675724,NONE,NONE,0.0,1.0,False
8.66,8.66,AEROTWIN-4-001,IDLE,0.15,1190.0479930055803,222.0711009162693,23.954427388419887,32.84068628474275,21.37036378136124,2.4834438094698275,8.986878693911683,-1.093640493723122,-0.21762291399673614,34.36957260645934,-0.21762291399673614,33.334537293710675,509.37967345292407,24.762712616107592,381.6396752236749,55.35225521509136,0.0010313479560278673,5.156739780139336,322.42705098312484,0.2227261001518166,NONE,NONE,0.0,1.0,False
8.67,8.67,AEROTWIN-4-001,IDLE,0.15,1193.0205666976433,293.4739804966041,23.974282120034278,30.24348466813929,21.525310197815784,2.4924306881637395,6.225743782159764,-1.4983359196064892,-0.21780329169813076,32.17742717114204,-0.21780329169813076,33.33458521910841,509.3802021850319,24.76249762428592,381.8487315686224,55.38257632924985,0.0010323775863214893,5.161887931607446,322.42705098312484,0.17705244327334718,NONE,NONE,0.0,1.0,False
8.68,8.68,AEROTWIN-4-001,IDLE,0.15,1182.0779005425297,365.0552144984627,23.987998598854894,1.213368967946472,21.632978938394476,2.498656431945899,-22.918266402393904,1.7932463160401564,-0.14402153978026536,-0.2179279041567095,-0.2179279041567095,33.33473558166573,509.38199165899084,24.76228413080571,381.99346889330485,55.40356874134715,0.0010330913160665367,5.165456580332684,322.42705098312484,0.46598415820494105,NONE,NONE,0.0,1.0,False
8.69,8.69,AEROTWIN-4-001,IDLE,0.15,1193.1542921637326,435.97988853101447,23.93735158684497,46.91203187307865,21.237953343899015,2.4757381655435053,23.198340363636127,48.9293892896135,-1.5824218514950614,-0.2174677825198986,-0.2174677825198986,33.334505985783565,509.3790466820343,24.7620656020848,381.4603029678038,55.32623942184433,0.0010304657246328324,5.152328623164162,322.42705098312484,0.46916680088195917,NONE,NONE,0.0,1.0,False
8.700000000000001,8.700000000000001,AEROTWIN-4-001,IDLE,0.15,1185.9632605916458,507.5691460608384,23.988614921767706,9.075904083998294,21.637828883824433,2.498936505907141,-15.06086130573328,10.388323707001366,-0.8765526162597275,-0.21793350337167192,-0.21793350337167192,33.33466195183896,509.3809223544822,24.76185237222557,381.99997841169966,55.4045128688761,0.0010331234327105993,5.165617163552997,322.42705098312484,0.3284044865782145,NONE,NONE,0.0,1.0,False
8.71,8.71,AEROTWIN-4-001,IDLE,0.15,1188.884530057588,578.7269416963372,23.95538292781039,29.979964531671303,21.37779642482967,2.483875644601408,6.118292462240227,-0.2176315949500826,31.436370772862293,-0.2176315949500826,-1.021143051290825,33.33456716382902,509.37966926444517,24.76163586115253,381.64972420070507,55.35371269862186,0.001031397414155789,5.156987070778945,322.42705098312484,0.17265273548152316,NONE,NONE,0.0,1.0,False
8.72,8.72,AEROTWIN-4-001,IDLE,0.15,1192.966054914724,650.0600134997925,23.968905016221882,32.52156148806178,21.483241879916566,2.489993937063648,8.548325671081564,-0.21775444139661687,34.49115127410862,-0.21775444139661687,-1.534080903253609,33.334574464839704,509.3796994742873,24.761420821296372,381.79206181455004,55.37435706145871,0.0010320983317661826,5.160491658830913,322.42705098312484,0.21697899551201758,NONE,NONE,0.0,1.0,False
8.73,8.73,AEROTWIN-4-001,IDLE,0.15,1181.4450461517836,1.6379767946759785,23.98774734319413,0.0,21.63100206499704,2.49854226273473,-24.12954432773177,-0.2179256215311152,-0.2179256215311152,-0.04671921219255327,0.33170240601214807,33.33472306704616,509.3814781538221,24.761207802121454,381.9908153145755,55.4031838715954,0.0010330782242630072,5.165391121315037,322.42705098312484,0.48721212554482135,NONE,NONE,0.0,1.0,False
8.74,8.74,AEROTWIN-4-001,IDLE,0.15,1192.5437548449122,72.524679563783,23.93440956796231,46.93471276119914,21.21521891301459,2.4744127184069984,23.24508112977755,-0.21744105465402663,-0.21744105465402663,-1.5555402346770175,48.925135105184204,33.334471845780634,509.3782747911845,24.760989473392225,381.4294379149077,55.32176281630238,0.0010303140289431648,5.151570144715824,322.42705098312484,0.46959688625401086,NONE,NONE,0.0,1.0,False
8.75,8.75,AEROTWIN-4-001,IDLE,0.15,1186.2075935790904,144.07730485447775,23.98580052304548,10.842923062054524,21.615690385628568,2.4976577995367757,-13.270425123110819,-0.2179079349186612,-0.2179079349186612,-0.9588382320209076,12.237577163912755,33.33460704756728,509.3799081020527,24.760776455398023,381.9702573504539,55.400202185595134,0.001032976806823125,5.164884034115625,322.42705098312484,0.2974145670843164,NONE,NONE,0.0,1.0,False
8.76,8.76,AEROTWIN-4-001,IDLE,0.15,1187.6273958838744,215.24976046922316,23.956515059358722,26.84462023751631,21.386605869595968,2.484387374413665,2.973626993506677,-0.94207665958609,-0.21764188022063327,28.221980657543664,-0.21764188022063327,33.33452135858521,509.3787850824638,24.760560556025034,381.6616319067087,55.35543976848521,0.0010314560249105285,5.157280124552643,322.42705098312484,0.11777149516957039,NONE,NONE,0.0,1.0,False
8.77,8.77,AEROTWIN-4-001,IDLE,0.15,1192.8300705495637,286.5074042222556,23.96308963233093,34.821650203900234,21.437832863328257,2.487361001407171,10.896456339164805,-1.565464555439258,-0.21770160937655492,36.8225179780926,-0.21770160937655492,33.33448574945951,509.37829862506675,24.760345423096755,381.73081706980054,55.36547424616973,0.001031796656873773,5.158983284368865,322.42705098312484,0.25729573446924536,NONE,NONE,0.0,1.0,False
8.78,8.78,AEROTWIN-4-001,IDLE,0.15,1181.3115521921884,358.0772084552294,23.98712051850414,0.0,21.626070976766673,2.498257457746336,-24.12432843451301,-0.05483858730848572,-0.21791992690884812,0.14070929298229803,-0.21791992690884812,33.33463071330688,509.3800540468185,24.760132839103765,381.9841956268337,55.402223765324706,0.0010330455661536066,5.165227830768034,322.42705098312484,0.4871971834886054,NONE,NONE,0.0,1.0,False
8.790000000000001,8.790000000000001,AEROTWIN-4-001,IDLE,0.15,1192.255413523078,428.9559015867607,23.933788799718666,46.60532758149659,21.21042487949956,2.474133129311823,22.920769572685206,48.56219901548211,-1.5220006038779186,-0.21743541505380126,-0.21743541505380126,33.33437601420758,509.376829075159,24.759914942936202,381.4229268352373,55.32081846232915,0.0010302820324751966,5.151410162375982,322.42705098312484,0.4638396468444938,NONE,NONE,0.0,1.0,False
8.8,8.8,AEROTWIN-4-001,IDLE,0.15,1186.8526914815984,500.4912263981454,23.984470896756783,12.786858188300434,21.60523887268244,2.4970538988845083,-11.315434583266512,14.262334041700212,-1.0396841425325534,-0.21789585543361312,-0.21789585543361312,33.33450238171473,509.37837495407564,24.75970228770598,381.95621978758334,55.39816620555151,0.001032907564421111,5.164537822105555,322.42705098312484,0.26336401388053815,NONE,NONE,0.0,1.0,False
8.81,8.81,AEROTWIN-4-001,IDLE,0.15,1186.677046841981,571.7023878870413,23.959503147463423,23.5277428365472,21.4098736452217,2.485738464301242,-0.3678692729757418,-0.21766902661950474,24.820980547232853,-0.21766902661950474,-0.8578996574466415,33.3344402365648,509.37756673371587,24.759487187681835,381.69306875999445,55.35999930681208,0.0010316107832857642,5.1580539164288215,322.42705098312484,0.07480420517095772,NONE,NONE,0.0,1.0,False
8.82,8.82,AEROTWIN-4-001,IDLE,0.15,1192.9613531146315,642.9030106975601,23.958689708350963,37.050728010802885,21.40353713639696,2.485370595028266,13.16182027937766,-0.217661636629039,39.07729300777421,-0.217661636629039,-1.5912417237132443,33.33437277764579,509.37670344259095,24.759272104565753,381.68450959976843,55.35875790333122,0.0010315686445976626,5.157843222988314,322.42705098312484,0.29635396515211193,NONE,NONE,0.0,1.0,False
8.83,8.83,AEROTWIN-4-001,IDLE,0.15,1181.4846713205407,714.4806918844381,23.987725671170466,0.09265783217742796,21.63083155813866,2.498532415307644,-24.036706141268876,-0.21792542464354758,0.6857111246910647,-0.21792542464354758,-0.15720244322654148,33.33452366997275,509.378555007861,24.75906008086751,381.9905864345431,55.40315067529326,0.001033077095062493,5.165385475312465,322.42705098312484,0.4855900968561548,NONE,NONE,0.0,1.0,False
8.84,8.84,AEROTWIN-4-001,IDLE,0.15,1192.09072677607,65.36977216367052,23.93459381923311,45.904408346813085,21.216642035875903,2.4744957091663746,22.21327060177081,-0.21744272855329413,-0.21744272855329413,-1.4824424871408293,47.8217362910605,33.334276218217475,509.37544170608754,24.75884275967385,381.43137057801005,55.32204312589342,0.001030323526635737,5.151617633178685,322.42705098312484,0.45156448111304226,NONE,NONE,0.0,1.0,False
8.85,8.85,AEROTWIN-4-001,IDLE,0.15,1187.680308301244,136.8952157702347,23.983711346377206,14.8588207298425,21.599270603254208,2.4967089797681457,-9.237158853179853,-0.2178889550154044,-0.2178889550154044,-1.1166831936054404,16.41128183347875,33.33439808850934,509.3769516891965,24.7586305242981,381.94820189964537,55.39700330712076,0.0010328680180037055,5.164340090018527,322.42705098312484,0.22708656906526137,NONE,NONE,0.0,1.0,False
8.86,8.86,AEROTWIN-4-001,IDLE,0.15,1185.87497123637,208.15603426830933,23.963334512525805,20.146125861440357,21.439743147366443,2.4874718209149655,-3.7810891068410513,-0.7704664310597674,-0.21770383408185567,21.351999960663836,-0.21770383408185567,33.334365802025125,509.3765337433814,24.758416308984916,381.73339510486016,55.36584815921871,0.001031809352969705,5.159046764848525,322.42705098312484,0.13407361483962643,NONE,NONE,0.0,1.0,False
8.870000000000001,8.870000000000001,AEROTWIN-4-001,IDLE,0.15,1193.1679798853543,279.30853254249155,23.95497378200677,39.132745919601405,21.374613591649087,2.4836907318081245,15.274441596144193,-1.6107155663321315,-0.21762787791270202,41.178717241758946,-0.21762787791270202,33.334271551417345,509.3753525303267,24.758201343841904,381.64542124848407,55.353088607037634,0.00103137623585641,5.15688117928205,322.42705098312484,0.332831005641435,NONE,NONE,0.0,1.0,False
8.88,8.88,AEROTWIN-4-001,IDLE,0.15,1182.0077380107975,350.8986113356128,23.988678003100933,0.7633345895890462,21.638325339779936,2.498965173404269,-23.373955923595158,-0.2585493588597249,-0.21793407645752919,1.4577521013638295,-0.21793407645752919,33.33443084436462,509.3773264227337,24.7579899149534,382.00064469746724,55.40460950563126,0.0010331267201112823,5.165633600556412,322.42705098312484,0.4738759566126665,NONE,NONE,0.0,1.0,False
8.89,8.89,AEROTWIN-4-001,IDLE,0.15,1192.098268076742,421.81907561626065,23.937025484283282,44.844580218719834,21.235432250573695,2.4755912174806736,21.133556750665466,46.717160101466035,-1.4376502429066618,-0.21746481991976688,-0.21746481991976688,33.33420251257784,509.37446800702713,24.757773331662168,381.45688122153706,55.32574313860929,0.001030448905794733,5.152244528973665,322.42705098312484,0.43299007266142414,NONE,NONE,0.0,1.0,False
8.9,8.9,AEROTWIN-4-001,IDLE,0.15,1188.7167183220108,493.3449717008652,23.983746129637083,17.013967412396134,21.59954388297274,2.496724774231339,-7.082301244807944,18.63816997910609,-1.188424024676199,-0.2178892710168788,-0.2178892710168788,33.33432554034251,509.37600556459864,24.757561596095222,381.948569057913,55.397056559021586,0.0010328698288806551,5.1643491444032765,322.42705098312484,0.1893723309894909,NONE,NONE,0.0,1.0,False
8.91,8.91,AEROTWIN-4-001,IDLE,0.15,1185.3016124899843,564.6679748001859,23.968129057317793,16.814239108265,21.47717756402927,2.489642472986531,-7.152580928750801,-0.2177473919090582,17.93132547548482,-0.2177473919090582,-0.681591583401703,33.3343299674534,509.3760554476217,24.757348363389546,381.78388715421204,55.373171425072606,0.0010320580581632485,5.160290290816243,322.42705098312484,0.19249569577885145,NONE,NONE,0.0,1.0,False
8.92,8.92,AEROTWIN-4-001,IDLE,0.15,1193.4981466061529,635.7860715495849,23.952316084683837,41.003220563905565,21.35394976234576,2.4824898920577803,17.166780909502023,-0.21760373307189412,43.062141246830315,-0.21760373307189412,-1.6237132167809607,33.33421636405398,509.374640466784,24.757133622022273,381.61747594342904,55.34903547588306,0.0010312387100006692,5.156193550003346,322.42705098312484,0.36559417425460095,NONE,NONE,0.0,1.0,False
8.93,8.93,AEROTWIN-4-001,IDLE,0.15,1182.7295839893727,707.3959603459541,23.990199411664843,1.5963341361584886,21.650302267589677,2.4996566729672827,-22.55362480439847,-0.2179478982600582,2.388921362154305,-0.2179478982600582,-0.35669142947569993,33.334387786543786,509.37677366080277,24.75692284512863,382.01671596587005,55.40694045025786,0.0010332060190646037,5.166030095323019,322.42705098312484,0.4593347381493488,NONE,NONE,0.0,1.0,False
8.94,8.94,AEROTWIN-4-001,IDLE,0.15,1192.1486780246364,58.359735385316526,23.94037966235338,43.46578437096965,21.261376906369854,2.477103048162884,19.727304416436912,-0.21749529219922664,-0.21749529219922664,-1.3887484810377222,45.28952343640582,33.33418482635654,509.3742384267067,24.75670709206092,381.49208288228795,55.33084871708128,0.0010306219511391922,5.1531097556959615,322.42705098312484,0.40882334895805417,NONE,NONE,0.0,1.0,False
8.950000000000001,8.950000000000001,AEROTWIN-4-001,IDLE,0.15,1189.811405897297,129.8886560667947,23.983978633756536,19.203029726249657,21.60137067013017,2.496830352579321,-4.895171296459834,-0.21789138328711474,-0.21789138328711474,-1.253897587946007,20.89271008076989,33.33430981705988,509.3758033280496,24.75649587509188,381.9510233214376,55.39741252049467,0.0010328819337770225,5.164409668885113,322.42705098312484,0.15106928103054454,NONE,NONE,0.0,1.0,False
8.96,8.96,AEROTWIN-4-001,IDLE,0.15,1184.854951273202,201.27734042063253,23.97318908687973,13.62791327517766,21.516752383833328,2.4919351812828614,-10.380774289938529,-0.592750876994992,-0.217793361631495,14.656250875435642,-0.217793361631495,33.334352313491,509.37632741880435,24.75628365212855,381.8372088221191,55.380905093142516,0.0010323207961399966,5.161603980699983,322.42705098312484,0.24837683096931648,NONE,NONE,0.0,1.0,False
8.97,8.97,AEROTWIN-4-001,IDLE,0.15,1193.8342528968744,272.3686374970247,23.95024486673329,42.625618782934175,21.337859032410673,2.4815544069929225,18.80620534353058,-1.6304925919673159,-0.21758491632129467,44.69128120754408,-0.21758491632129467,33.33422303129707,509.37471421245135,24.75606919233003,381.5957039582648,55.34587771069881,0.0010311315832684507,5.155657916342253,322.42705098312484,0.394009426254617,NONE,NONE,0.0,1.0,False
8.98,8.98,AEROTWIN-4-001,IDLE,0.15,1183.516821036494,343.99869267083716,23.991747794909546,2.554079914002559,21.662498059322008,2.5003606123364532,-21.6087787576559,-0.45062430258557157,-0.2179619651241177,3.4406281468363664,-0.2179619651241177,33.33440603971305,509.37698960838156,24.755859068987142,382.0330754367984,55.409313195202365,0.0010332867491402848,5.166433745701424,322.42705098312484,0.44261110901860495,NONE,NONE,0.0,1.0,False
8.99,8.99,AEROTWIN-4-001,IDLE,0.15,1192.1329304427506,415.0097019330268,23.94403559619042,41.81397908653575,21.289689910809415,2.4787518335787975,18.04553734214754,43.58561143577657,-1.33657533745823,-0.21752850589129683,-0.21752850589129683,33.3342299770613,509.37478636290194,24.75564417605158,381.5304685167709,55.33641609273542,0.0010308106972007395,5.154053486003698,322.42705098312484,0.37987558739544725,NONE,NONE,0.0,1.0,False
9.0,9.0,AEROTWIN-4-001,IDLE,0.15,1190.842845202436,486.5376777595918,23.983906002672903,21.395649153067886,21.60079999113178,2.496797370920945,-2.7019482089848386,23.144438243211084,-1.3130076432572082,-0.21789072344299446,-0.21789072344299446,33.33435387283686,509.3763308168763,24.755433444878992,381.9502566353952,55.39730132188445,0.0010328781523129009,5.164390761564505,322.42705098312484,0.1126967102621207,NONE,NONE,0.0,1.0,False
9.01,9.01,AEROTWIN-4-001,IDLE,0.15,1184.4428577740082,557.988248471738,23.97795289398487,10.644067099593713,21.55407400235888,2.49409542271196,-13.404102325477128,-0.21783664021073754,11.584285856747552,-0.21783664021073754,-0.5045454767323656,33.334431551620725,509.37728376582686,24.75522220143674,381.8874407222354,55.38819062747158,0.0010325683988401304,5.162841994200653,322.42705098312484,0.3007075730178024,NONE,NONE,0.0,1.0,False
9.02,9.02,AEROTWIN-4-001,IDLE,0.15,1194.0810787380365,629.0548199381784,23.948333319153036,43.98995306792748,21.323018964696477,2.480691320386483,20.18624278284452,-0.21756755015562046,46.05662277068374,-0.21756755015562046,-1.631534602445019,33.334287099758185,509.37547003929865,24.755008037718856,381.57561548067457,55.34296411808608,0.0010310327545654543,5.1551637728272715,322.42705098312484,0.4179067727463918,NONE,NONE,0.0,1.0,False
9.03,9.03,AEROTWIN-4-001,IDLE,0.15,1184.2666823443142,700.6996846624606,23.99288462494235,3.617110273576076,21.6714564503644,2.500877563169327,-20.555223739957647,-0.21797229307979976,4.5933857020210525,-0.21797229307979976,-0.5403308422853772,33.33447789797052,509.37783232206107,24.754798524368454,382.0450887287753,55.41105557904411,0.001033346037688667,5.166730188443335,322.42705098312484,0.42403518938483054,NONE,NONE,0.0,1.0,False
9.040000000000001,9.040000000000001,AEROTWIN-4-001,IDLE,0.15,1191.9671214575137,51.755685603119446,23.947515924498976,39.9247605187833,21.3166762143918,2.4803223394293696,16.12776196496213,-0.2175601242295644,-0.2175601242295644,-1.2815026038072743,41.641383371049706,33.33432681155864,509.3759293778714,24.75458447326632,381.5670269638837,55.34171845678776,0.001030990506138682,5.154952530693411,322.42705098312484,0.3467750976437815,NONE,NONE,0.0,1.0,False
9.05,9.05,AEROTWIN-4-001,IDLE,0.15,1191.7235602219978,123.27371289057027,23.98314120448001,23.58112831442204,21.59479167182488,2.496450101394332,-0.5101134587971727,-0.21788377534907186,-0.21788377534907186,-1.3662279517006461,25.383123816820827,33.334443781309304,509.37737419547784,24.75437415535505,381.9421839438711,55.39613047485118,0.0010328383372454173,5.1641916862270865,322.42705098312484,0.07443260049808444,NONE,NONE,0.0,1.0,False
9.06,9.06,AEROTWIN-4-001,IDLE,0.15,1183.992747235484,194.77712650389014,23.982017596231085,7.890530538460325,21.58596740699658,2.4959399879355346,-16.19137685647179,-0.4167808560967406,-0.21787356751160794,8.743058529580283,-0.21787356751160794,33.33455088611031,509.37867850925744,24.754163819736668,381.9303253449622,55.39441052738263,0.0010327798538714709,5.163899269357355,322.42705098312484,0.34899128935574164,NONE,NONE,0.0,1.0,False
9.07,9.07,AEROTWIN-4-001,IDLE,0.15,1194.1691840390833,265.8166913380192,23.946244740448794,45.100043760775876,21.306815748424693,2.4797486110790627,21.31347940127212,-1.6272673227506085,-0.21754857568479055,47.16240823489606,-0.21754857568479055,33.33438947429379,509.3766370096269,24.753949932559294,381.5536721747943,55.33978150488782,0.0010309248166387836,5.1546240831939185,322.42705098312484,0.43735685622926956,NONE,NONE,0.0,1.0,False
9.08,9.08,AEROTWIN-4-001,IDLE,0.15,1184.9091988384519,337.46684238036426,23.993290368153133,4.781649064261087,21.67465462621719,2.501062090480335,-19.394067652436437,-0.6264924338915288,-0.21797597920505893,5.844093456562734,-0.21797597920505893,33.33458208553507,509.37900787754586,24.753740952692002,382.0493767928284,55.41167751127825,0.0010333672015331798,5.166836007665899,322.42705098312484,0.4036654375949503,NONE,NONE,0.0,1.0,False
9.09,9.09,AEROTWIN-4-001,IDLE,0.15,1191.5904267495227,408.56139431067135,23.950496456287837,37.81461198594691,21.33981294819943,2.4816680228278982,13.993131014919582,39.47316821883336,-1.2233818289259044,-0.21758720198027134,-0.21758720198027134,33.33445189501446,509.37735090868085,24.75352769220679,381.5983482807457,55.3462612379428,0.001031144593502754,5.15572296751377,322.42705098312484,0.309813978619956,NONE,NONE,0.0,1.0,False
9.1,9.1,AEROTWIN-4-001,IDLE,0.15,1192.3965561720097,480.0568199156427,23.98140333014959,25.765159389176958,21.58114472098223,2.495661153842818,1.6883535143519093,27.61517853351486,-1.4142831703725107,-0.21786798698269538,-0.21786798698269538,33.33455428671355,509.37859874742793,24.75331768622039,381.9238430886575,55.39347035389271,0.0010327478871887989,5.163739435943994,322.42705098312484,0.09860211158548234,NONE,NONE,0.0,1.0,False
9.11,9.11,AEROTWIN-4-001,IDLE,0.15,1183.4561057336218,551.6006132859633,23.985121783484594,5.382868452981925,21.610354556973448,2.49734950735717,-18.724835611348695,-0.21790176865642125,6.147303385827372,-0.21790176865642125,-0.32863139553260456,33.3346833811617,509.3801608742445,24.753108159563826,381.963091238592,55.39916282706291,0.0010329414580495604,5.164707290247803,322.42705098312484,0.3929493461062971,NONE,NONE,0.0,1.0,False
9.120000000000001,9.120000000000001,AEROTWIN-4-001,IDLE,0.15,1194.0534877421405,622.6079796299806,23.94375371171839,45.96123526121316,21.287505612636235,2.478624671745821,22.195104976831107,-0.21752594500686326,48.014172950022164,-0.21752594500686326,-1.617885798795276,33.33450187499545,509.3778523262742,24.75289450668511,381.527508223765,55.335986737758425,0.001030796139326942,5.15398069663471,322.42705098312484,0.4524557436981771,NONE,NONE,0.0,1.0,False
9.13,9.13,AEROTWIN-4-001,IDLE,0.15,1185.4049912539313,694.251188894509,23.992757557046946,6.057906049070151,21.67045496031733,2.5008197767226523,-18.11336868796983,-0.2179711386841958,7.204041728728389,-0.2179711386841958,-0.7101934022898468,33.33468910081166,509.3801432271497,24.752685962383698,382.0437458685544,55.4108608132834,0.001033339410098569,5.166697050492845,322.42705098312484,0.3813182327968082,NONE,NONE,0.0,1.0,False
9.14,9.14,AEROTWIN-4-001,IDLE,0.15,1190.9620882751085,45.37548836974497,23.952795363295213,35.47913798365241,21.357674790940287,2.4827064080346823,11.638756784677438,-0.21760808725687766,-0.21760808725687766,-1.1615793382111244,37.07593349637729,33.33457471866322,509.37867035700833,24.752473422716943,381.6225147880288,55.34976629982612,0.0010312635054286529,5.156317527143264,322.42705098312484,0.2689173427128599,NONE,NONE,0.0,1.0,False
9.15,9.15,AEROTWIN-4-001,IDLE,0.15,1192.8295942618759,116.8332136662515,23.978503388278025,27.96403133855303,21.558390781358,2.49434516481936,3.9112953923756715,-0.21784164138109624,-0.21784164138109624,-1.4578904266145498,29.857605047929773,33.33465384575684,509.3796159216296,24.752263608064304,381.8932473917879,55.389032815210136,0.0010325970266128286,5.162985133064144,322.42705098312484,0.13711478846502007,NONE,NONE,0.0,1.0,False
9.16,9.16,AEROTWIN-4-001,IDLE,0.15,1182.8133546448498,188.40298932196404,23.98711832292477,3.1463469684446577,21.62605370652921,2.4982564602117354,-20.977963198296287,-0.2388423571992489,-0.2179199069622899,3.8210291395684863,-0.2179199069622899,33.33479674861606,509.3813382068439,24.752054776043693,381.9841724409929,55.402220402496724,0.001033045451769317,5.165227258846586,322.42705098312484,0.4321360592047932,NONE,NONE,0.0,1.0,False
9.17,9.17,AEROTWIN-4-001,IDLE,0.15,1193.7132248960525,259.371790600655,23.94076879771737,46.570302192719886,21.264388824866298,2.4772784970134394,22.828634870840148,-1.6032567118181158,-0.2174988274443184,48.60855655942664,-0.2174988274443184,33.33459173349596,509.37872476080634,24.751841306166405,381.4961677776663,55.33144118213716,0.0010306420345621604,5.153210172810803,322.42705098312484,0.46314802745653827,NONE,NONE,0.0,1.0,False
9.18,9.18,AEROTWIN-4-001,IDLE,0.15,1185.7442115503145,330.99458409441814,23.99119028585079,7.467950709328099,21.65810609966378,2.5001071318842794,-16.69026252221996,-0.7926421565522316,-0.21795690022550923,8.696506666331349,-0.21795690022550923,33.334766053374445,509.3808480238845,24.751633089673938,382.0271846860425,55.40845881249423,0.0010332576786401884,5.166288393200942,322.42705098312484,0.35660507540496417,NONE,NONE,0.0,1.0,False
9.19,9.19,AEROTWIN-4-001,IDLE,0.15,1190.062279449645,402.13923678743697,23.954367771965085,32.8970572669876,21.36990013746606,2.4834168693620593,9.043740260159481,34.42737981628085,-1.0950778045155276,-0.21762237238885693,-0.21762237238885693,33.33466244516231,509.3795029139518,24.751421196358123,381.63904830496165,55.35216428805503,0.0010313448706325593,5.156724353162797,322.42705098312484,0.2237132621044256,NONE,NONE,0.0,1.0,False
9.200000000000001,9.200000000000001,AEROTWIN-4-001,IDLE,0.15,1193.0123565572374,473.54297355441565,23.974348117129285,30.196914676091964,21.52582702064613,2.492460609622219,6.178627045823616,32.130077887086834,-1.4975554284482429,-0.21780389127331148,-0.21780389127331148,33.334709345893266,509.3800420322957,24.751211443175954,381.849427361407,55.38267724564375,0.001032381015701782,5.1619050785089104,322.42705098312484,0.17623672983044547,NONE,NONE,0.0,1.0,False
9.21,9.21,AEROTWIN-4-001,IDLE,0.15,1182.0862950791948,545.1237149478499,23.987960757353417,1.2478307799428348,21.632681191334107,2.4986392366680428,-22.883489648059317,-0.2179275603715007,1.8296535973622192,-0.2179275603715007,-0.1459676966763831,33.33485791373664,509.3818319914414,24.751003186424832,381.99306923348405,55.40351077548606,0.001033089344273242,5.16544672136621,322.42705098312484,0.465380174395276,NONE,NONE,0.0,1.0,False
9.22,9.22,AEROTWIN-4-001,IDLE,0.15,1193.1606763107536,616.0488926526016,23.93739060194689,46.90814054842875,21.23825498799708,2.4757557470199836,23.19412981341168,-0.2174681369671176,48.92597598307046,-0.2174681369671176,-1.5828991607074745,33.334627129869304,509.3788946038322,24.750789858705936,381.46071235701606,55.326298798836895,0.001030467736922236,5.1523386846111805,322.42705098312484,0.46909826294931883,NONE,NONE,0.0,1.0,False
9.23,9.23,AEROTWIN-4-001,IDLE,0.15,1185.9533753929304,687.6385332312468,23.988644343876224,9.04207457026773,21.638060437197343,2.4989498768333953,-15.094935743763008,-0.21793377066777075,10.352824435519034,-0.21793377066777075,-0.8748823239157634,33.334781843692845,509.38077681429814,24.750581868162698,382.00028917699865,55.40455794165353,0.0010331249659998375,5.165624829999188,322.42705098312484,0.32899720450134456,NONE,NONE,0.0,1.0,False
9.24,9.24,AEROTWIN-4-001,IDLE,0.15,1188.9037067197085,38.79573575482266,23.955337119718315,30.040454473751648,21.377440051420688,2.483854941089632,6.179159481241328,-0.2176311787894155,-0.2176311787894155,-1.022669269576263,31.498386100906743,33.334685263170115,509.37952312625197,24.750370559253287,381.6492424296419,55.353642823510405,0.0010313950429399787,5.1569752146998935,322.42705098312484,0.17371182400504312,NONE,NONE,0.0,1.0,False
9.25,9.25,AEROTWIN-4-001,IDLE,0.15,1192.962850565951,110.12995815800517,23.9689936824921,32.47542002530059,21.48393493325009,2.4900341005708735,8.50145099147963,-0.21775524691835968,-0.21775524691835968,-1.5334015845603077,34.44433210369762,33.33469179500178,509.3795652081184,24.750160743881466,381.79299595799984,55.37449254775638,0.001032102934100229,5.160514670501145,322.42705098312484,0.21617052659733468,NONE,NONE,0.0,1.0,False
9.26,9.26,AEROTWIN-4-001,IDLE,0.15,1181.4419004902566,181.70772919196224,23.987732573386545,0.0,21.63088586188874,2.498535551562353,-24.12942141345109,-0.04870811862786869,-0.2179254873492993,0.3531037876866027,-0.2179254873492993,33.33483885888797,509.3813458710151,24.749952951485852,381.9906593293476,55.40316124780991,0.0010330774546954645,5.1653872734773225,322.42705098312484,0.48721177345667804,NONE,NONE,0.0,1.0,False
9.27,9.27,AEROTWIN-4-001,IDLE,0.15,1192.5419686358368,252.59424322137764,23.934394940856546,46.93744043030574,21.215105939822482,2.474406130148902,23.247928360334356,-1.5561327175056185,-0.21744092176863855,48.928454991348644,-0.21744092176863855,33.33458613207954,509.378144467307,24.749739803927106,381.4292844890381,55.32174056372111,0.0010303132749674567,5.151566374837284,322.42705098312484,0.46964478542332866,NONE,NONE,0.0,1.0,False
9.28,9.28,AEROTWIN-4-001,IDLE,0.15,1186.1884592132064,324.14676133952787,23.98579228721478,10.806520673840108,21.615625633097242,2.4976540585092364,-13.306759017766371,-0.9572328191962963,-0.21790786009719096,12.199569213230784,-0.21790786009719096,33.33471988218639,509.37978027075394,24.74953200696984,381.9701703930262,55.400189573463734,0.001032976377871695,5.164881889358475,322.42705098312484,0.29805141258456086,NONE,NONE,0.0,1.0,False
9.290000000000001,9.290000000000001,AEROTWIN-4-001,IDLE,0.15,1187.6385986112612,395.31806889232024,23.956426406725004,26.907428065625055,21.38591591305979,2.48434729949147,3.037164853073795,28.2863719478628,-0.9436617325921941,-0.2176410748227763,-0.2176410748227763,33.33463216652706,509.37865224650506,24.7493212942599,381.66069940029604,55.355304519620134,0.0010314514348572744,5.157257174286372,322.42705098312484,0.11887162773406436,NONE,NONE,0.0,1.0,False
9.3,9.3,AEROTWIN-4-001,IDLE,0.15,1192.820125301154,466.57638480899595,23.963141479700546,34.77778589212307,21.438237305547887,2.4873844643445437,10.85216412223064,36.77809831456585,-1.5649082616362104,-0.21770208040328726,-0.21770208040328726,33.334595601659,509.37817391117585,24.749111365272643,381.73136289867836,55.365553412098514,0.0010317993449080456,5.158996724540228,322.42705098312484,0.2565275275142675,NONE,NONE,0.0,1.0,False
9.31,9.31,AEROTWIN-4-001,IDLE,0.15,1181.3017890696408,538.1455923270652,23.987074672974522,0.0,21.62571036253217,2.4982366284667745,-24.123946990998945,0.13326709740978196,-0.052888851458694916,-0.21791951040806573,-0.21791951040806573,33.33473888444667,509.3799281885255,24.74890399226229,381.98371148849697,55.402153546868625,0.0010330431777247492,5.165215888623746,322.42705098312484,0.48719609067081077,NONE,NONE,0.0,1.0,False
9.32,9.32,AEROTWIN-4-001,IDLE,0.15,1192.2504023610852,609.0236996712437,23.933743397172563,46.61490902468882,21.210074287615008,2.4741126814757757,22.930722055598036,-0.21743500257746753,48.57246860292809,-0.21743500257746753,-1.5226895730843313,33.3344825442676,509.37670217912796,24.748691261670547,381.42245063961167,55.320749395868,0.0010302796924327347,5.151398462163674,322.42705098312484,0.4640078341981769,NONE,NONE,0.0,1.0,False
9.33,9.33,AEROTWIN-4-001,IDLE,0.15,1186.8297380833574,680.5587238129087,23.984447786229023,12.749087943889554,21.60505725534923,2.4970434035313738,-11.35301271499105,-0.2178956454774195,14.223076315606194,-0.2178956454774195,-1.0381970807618004,33.33460744285288,509.37824908280453,24.748483812801695,381.9559758189708,55.39813082083189,0.0010329063610686783,5.164531805343391,322.42705098312484,0.2640244424074325,NONE,NONE,0.0,1.0,False
9.34,9.34,AEROTWIN-4-001,IDLE,0.15,1186.684382827189,31.76850809791017,23.9593968526942,23.590304585514637,21.40904553132426,2.4856903908163823,-0.30443133662600497,-0.21766806094509952,-0.21766806094509952,-0.8594981174986669,24.885138824903503,33.33454323234373,509.37743417205587,24.74827388803178,381.69195025568916,55.359837081184644,0.0010316052764919377,5.158026382459689,322.42705098312484,0.07370684725358945,NONE,NONE,0.0,1.0,False
9.35,9.35,AEROTWIN-4-001,IDLE,0.15,1192.9494314420774,102.96957106754152,23.958723684677874,37.010674863419354,21.403801768661616,2.4853859594797565,13.121487135277981,-0.21766194529963045,-0.21766194529963045,-1.5908194312582717,39.036818185276886,33.33447477937502,509.3765773389661,24.748063991464903,381.6848670872697,55.35880975260343,0.0010315704045392635,5.157852022696318,322.42705098312484,0.295652653682416,NONE,NONE,0.0,1.0,False
9.36,9.36,AEROTWIN-4-001,IDLE,0.15,1181.4680018153933,174.5465369540662,23.987670720213885,0.08225669965559249,21.630399231640048,2.4985074466150343,-24.04664997859949,-0.21792492542112393,-0.21792492542112393,-0.15533237127614274,0.6734389217739831,33.33462401740222,509.37842694753857,24.74785716624983,381.99000609583254,55.40306650412736,0.0010330742319165705,5.165371159582853,322.42705098312484,0.4857708067390923,NONE,NONE,0.0,1.0,False
9.370000000000001,9.370000000000001,AEROTWIN-4-001,IDLE,0.15,1192.0819440129103,245.4346170629898,23.93451630913367,45.92029270332429,21.216043351123997,2.4744607966364347,22.22978855556386,-1.4832059458946225,-0.21744202438393828,47.83838269798679,-0.21744202438393828,33.334374781171874,509.37530970319955,24.74764499607549,381.4305575474048,55.3219252055605,0.001030319531141026,5.15159765570513,322.42705098312484,0.4518433314613603,NONE,NONE,0.0,1.0,False
9.38,9.38,AEROTWIN-4-001,IDLE,0.15,1187.6534917687427,316.9595337037644,23.983670836781695,14.8207142317413,21.598952337915755,2.4966905851919985,-9.274928691366453,-1.1153412647549268,-0.217888586990902,16.37183267047803,-0.217888586990902,33.33449514878607,509.37681922233935,24.747437952622835,381.94777429853747,55.396941288711275,0.0010328659090198652,5.164329545099327,322.42705098312484,0.227752467460553,NONE,NONE,0.0,1.0,False
9.39,9.39,AEROTWIN-4-001,IDLE,0.15,1185.8772859555136,388.218743209889,23.96321040607328,20.206113886459537,21.43877498602849,2.4874156565006325,-3.7200767560695867,21.41355684222261,-0.7720375425819106,-0.2177027065905821,-0.2177027065905821,33.33446075917539,509.37639309539605,24.747228901830333,381.73208853425734,55.36565865683162,0.0010318029184492215,5.159014592246107,322.42705098312484,0.13302087256071585,NONE,NONE,0.0,1.0,False
9.4,9.4,AEROTWIN-4-001,IDLE,0.15,1193.153506116258,459.3713803672198,23.95498450910521,39.09767248264218,21.37469703429988,2.4836955797445626,15.239279868597738,41.14335415775794,-1.6104257243817124,-0.21762797536702155,-0.21762797536702155,33.334365439052455,509.37521639056354,24.74701910589951,381.6455340616092,55.35310496922768,0.0010313767910926658,5.1568839554633294,322.42705098312484,0.33221709999418536,NONE,NONE,0.0,1.0,False
9.41,9.41,AEROTWIN-4-001,IDLE,0.15,1181.9872074251414,530.9605907341953,23.988611299163548,0.7500939430026025,21.637800373923813,2.4989348596131604,-23.38664129053437,1.4427635208849734,-0.2568026369608195,-0.2179334704607757,-0.2179334704607757,33.334523087608694,509.3771874834207,24.74681286302949,381.99994014872976,55.40450731929147,0.0010331232439246276,5.165616219623138,322.42705098312484,0.4741060776816841,NONE,NONE,0.0,1.0,False
9.42,9.42,AEROTWIN-4-001,IDLE,0.15,1192.0881835749426,601.8798231797037,23.936930058608564,44.8656777658544,21.23469456999774,2.475548218322626,21.155434977534036,-0.2174639529896973,46.739066020623866,-0.2174639529896973,-1.4384603487900711,33.33429293562204,509.37432374237454,24.746601418963863,381.4558799607202,55.32559791774294,0.0010304439843949512,5.152219921974757,322.42705098312484,0.43336035538925133,NONE,NONE,0.0,1.0,False
9.43,9.43,AEROTWIN-4-001,IDLE,0.15,1188.6889750350433,673.4051141942003,23.98369961615047,16.976596379096435,21.5991784437742,2.4967036533001603,-7.119285717977926,-0.2178888484477924,18.599617737068296,-0.2178888484477924,-1.187243661076275,33.334414514512204,509.375860584633,24.746394862729748,381.9480780804064,55.39698534862598,0.0010328674073105976,5.164337036552988,322.42705098312484,0.19002521567806613,NONE,NONE,0.0,1.0,False
9.44,9.44,AEROTWIN-4-001,IDLE,0.15,1185.3008985990336,24.726452696302886,23.968000763215972,16.86978874373717,21.476175070267676,2.4895843675821823,-7.095970694112687,-0.2177462263735255,-0.2177462263735255,-0.6831022616206859,17.988383458104906,33.33441690296082,509.37590220217504,24.74618678599148,381.78253566542816,55.37297540784237,0.0010320514000867235,5.160257000433618,322.42705098312484,0.19152052437397937,NONE,NONE,0.0,1.0,False
9.450000000000001,9.450000000000001,AEROTWIN-4-001,IDLE,0.15,1193.483337521446,95.8445066122449,23.952312774853112,40.97367244158959,21.353924039969705,2.4824883968880695,17.137260004731818,-0.21760370300250462,-0.21760370300250462,-1.6235443444132251,43.032424192007824,33.334302223034115,509.3744907465202,24.74597719833637,381.6174411469485,55.34903042907112,0.0010312385387752485,5.156192693876243,322.42705098312484,0.36507711931343545,NONE,NONE,0.0,1.0,False
9.46,9.46,AEROTWIN-4-001,IDLE,0.15,1182.7078897835127,167.45350686353166,23.990131179623138,1.5813456796993957,21.649764991227805,2.4996256568928015,-22.568044968421212,-0.21794727838067207,-0.21794727838067207,-0.35508804149684364,2.3723282779575836,33.33447208680373,509.376621336795,24.745771596534617,382.0159951346327,55.40683590233686,0.001033202462145372,5.1660123107268605,322.42705098312484,0.4595954092316205,NONE,NONE,0.0,1.0,False
9.47,9.47,AEROTWIN-4-001,IDLE,0.15,1192.1393296728709,238.41598025054242,23.940278883380092,43.49081606503817,21.26059694032606,2.4770576119243803,19.753161512787727,-1.3895819764933373,-0.21749437663512314,45.31538679480175,-0.21749437663512314,33.33426736134482,509.37408061328233,24.74556097292606,381.4910250016858,55.330695284194505,0.001030616750154269,5.153083750771345,322.42705098312484,0.4092625388735816,NONE,NONE,0.0,1.0,False
9.48,9.48,AEROTWIN-4-001,IDLE,0.15,1189.785073727015,309.94434003091465,23.983935517342676,19.167100543545708,21.601031892889363,2.496810773437168,-4.930742122780824,-1.252876226024084,-0.2178909915800005,20.85575875272979,-0.2178909915800005,33.33439102453977,509.3756454535244,24.745354923855107,381.9505681882608,55.397346508888965,0.0010328796889577027,5.164398444788514,322.42705098312484,0.15169701426209448,NONE,NONE,0.0,1.0,False
9.49,9.49,AEROTWIN-4-001,IDLE,0.15,1184.8530225217585,381.33144445453553,23.973067419966032,13.678016145728234,21.51580000345565,2.491880031314387,-10.329663889041802,14.707785569899908,-0.594184911565434,-0.21779225630312016,-0.21779225630312016,33.33443162384491,509.37616220592645,24.74514784964064,381.8359263108711,55.38071908027612,0.0010323144755289824,5.161572377644912,322.42705098312484,0.2474971342991239,NONE,NONE,0.0,1.0,False
9.5,9.5,AEROTWIN-4-001,IDLE,0.15,1193.8208646809564,452.42262580584105,23.95023592137181,42.601544628013805,21.33778956332862,2.481550367425345,18.78220469725984,44.66714200673418,-1.6304277086127226,-0.2175848350538279,-0.2175848350538279,33.33430131578816,509.3745523032876,24.744938529418366,381.59560993994415,55.34586407446962,0.001031131120696793,5.155655603483966,322.42705098312484,0.3935882291210791,NONE,NONE,0.0,1.0,False
9.51,9.51,AEROTWIN-4-001,IDLE,0.15,1183.4959986227204,524.0518776866984,23.991686125344934,2.537995862154991,21.662012195267746,2.500332572122605,-21.62434890523536,3.4230829882792824,-0.4491643163962949,-0.21796140486399795,-0.21796140486399795,33.33448290663432,509.37682600914013,24.7447335711197,382.03242380303277,55.40921868354427,0.001033283533308552,5.16641766654276,322.42705098312484,0.44289110928273323,NONE,NONE,0.0,1.0,False
9.52,9.52,AEROTWIN-4-001,IDLE,0.15,1192.125784342689,595.0616376040616,23.943938924908117,41.84182995932685,21.288940789504345,2.4787082232173696,18.074180946605136,-0.21752762764504138,43.61430262457204,-0.21752762764504138,-1.3374174099551053,33.334305197596976,509.37461792974995,24.744523799093287,381.52945328279907,55.33626884523061,0.0010308057045364943,5.154028522682472,322.42705098312484,0.3803640659034216,NONE,NONE,0.0,1.0,False
9.53,9.53,AEROTWIN-4-001,IDLE,0.15,1190.819512562962,666.589184664623,23.983873043102488,21.36147421132809,21.600541025018934,2.496782404163975,-2.7358492178548186,-0.21789042400950595,23.1093857556202,-0.21789042400950595,-1.3121306962730959,33.33442793116068,509.3761635319388,24.744318224861495,381.94990872003046,55.39725086093578,0.0010328764363244705,5.1643821816223525,322.42705098312484,0.11329398631966017,NONE,NONE,0.0,1.0,False
9.540000000000001,9.540000000000001,AEROTWIN-4-001,IDLE,0.15,1184.4411292434238,18.03835541840067,23.97784517129673,10.688421145515383,21.553229376196782,2.49404655494612,-13.35885478562752,-0.21783566156387132,-0.21783566156387132,-0.5059019585553088,11.629994427198435,33.33450390218854,509.3771106633102,24.74411212347933,381.8863045006818,55.38802583216988,0.001032562797228627,5.162813986143135,322.42705098312484,0.29992881161240653,NONE,NONE,0.0,1.0,False
9.55,9.55,AEROTWIN-4-001,IDLE,0.15,1194.0703098480076,89.10482317300611,23.94832529988502,43.970953127206364,21.322956728745975,2.480687700160493,20.167308698299898,-0.21756747730159454,-0.21756747730159454,-1.6315569258657727,46.03764500767532,33.33435851582203,509.37530052354606,24.743903086031196,381.57553121639717,55.34295189656381,0.0010310323400422611,5.1551617002113055,322.42705098312484,0.4175743639819207,NONE,NONE,0.0,1.0,False
9.56,9.56,AEROTWIN-4-001,IDLE,0.15,1184.2480651026249,160.74904176388657,23.992835030089605,3.6002592811548197,21.671065561532696,2.5008550088587924,-20.57166128923667,-0.21797184251689555,-0.21797184251689555,-0.5390003926579245,4.575203358846536,33.33454807078306,509.3776624289637,24.74369872793824,382.04456460511824,55.41097956119714,0.0010333434509066978,5.16671725453349,322.42705098312484,0.42432889893118136,NONE,NONE,0.0,1.0,False
9.57,9.57,AEROTWIN-4-001,IDLE,0.15,1191.9631252922745,231.80392567004407,23.947429540373744,39.95467362629988,21.316006002859872,2.480283347569556,16.15838427587045,-1.282347932501523,-0.21755933944081737,41.67214023768304,-0.21755933944081737,33.334395494083104,509.37575575328356,24.743489789699918,381.5661193621651,55.341586820049706,0.0010309860416347722,5.1549302081738615,322.42705098312484,0.3472995488061479,NONE,NONE,0.0,1.0,False
9.58,9.58,AEROTWIN-4-001,IDLE,0.15,1191.7041457703908,303.32171318758054,23.983122770868953,23.54868316512235,21.594646875530394,2.4964417318454264,-0.5424054422534721,-1.3654753287210994,-0.21788360788206923,25.349925709607586,-0.21788360788206923,33.33451149043615,509.37720319886245,24.743284617693938,381.9419893810206,55.39610225584447,0.0010328373776756594,5.164186888378297,322.42705098312484,0.0749999513706455,NONE,NONE,0.0,1.0,False
9.59,9.59,AEROTWIN-4-001,IDLE,0.15,1183.992179354462,374.82396193380396,23.98192802355929,7.929258730786917,21.585264095725453,2.495899326403173,-16.15190469134171,8.783074941671188,-0.41807070337362523,-0.21787275375532253,-0.21787275375532253,33.33461709941559,509.3785034670782,24.74307941733826,381.92938006615265,55.394273426034644,0.001032775192221643,5.163875961108215,322.42705098312484,0.3483114118608186,NONE,NONE,0.0,1.0,False
9.6,9.6,AEROTWIN-4-001,IDLE,0.15,1194.1617340722132,445.86349269507167,23.946242104946553,45.085608325649744,21.306795309560634,2.4797474217118314,21.29906559437728,47.14806925191777,-1.627363822784854,-0.21754855174158924,-0.21754855174158924,33.334454867584476,509.37646610012456,24.742870643469026,381.5536444890146,55.3397774893977,0.0010309246804644442,5.154623402322222,322.42705098312484,0.43710426576972455,NONE,NONE,0.0,1.0,False
9.61,9.61,AEROTWIN-4-001,IDLE,0.15,1184.8935058379227,517.5131967394044,23.993256060567848,4.764098852771168,21.6743841872252,2.5010464873062084,-19.41133182176024,5.825319866546577,-0.6252696787253543,-0.21797566752502748,-0.21797566752502748,33.33464642406811,509.37883804793813,24.742666808841744,382.0490142071613,55.41162492257826,0.001033365411958473,5.166827059792365,322.42705098312484,0.4039717480399809,NONE,NONE,0.0,1.0,False
9.620000000000001,9.620000000000001,AEROTWIN-4-001,IDLE,0.15,1191.590118979623,588.6068070896797,23.950423676299994,37.84623662278815,21.339247700704355,2.4816351554844482,14.025353766599345,-0.21758654078337536,39.505643456931736,-0.21758654078337536,-1.2242337525768388,33.3345149140277,509.37717859924163,24.742458653133234,381.59758332071715,55.34615028967018,0.0010311408298260957,5.155704149130479,322.42705098312484,0.31036822803509634,NONE,NONE,0.0,1.0,False
9.63,9.63,AEROTWIN-4-001,IDLE,0.15,1192.3814646203311,660.1022142284571,23.981401910054046,25.734184516262996,21.581133572812963,2.4956605092510475,1.6573904341989856,-0.21786797408130873,27.583554698893384,-0.21786797408130873,-1.413634234467771,33.33461652924393,509.3784306138233,24.74225378152289,381.9238281032021,55.39346818043222,0.0010327478132909982,5.163739066454991,322.42705098312484,0.09806006717987953,NONE,NONE,0.0,1.0,False
9.64,9.64,AEROTWIN-4-001,IDLE,0.15,1183.457202028877,11.645102105676983,23.98505219135682,5.416193573759254,21.609807538086066,2.4973178996852465,-18.690931864012057,-0.21790113642082687,-0.21790113642082687,-0.32987338498739427,6.181869231588302,33.3347443435571,509.37999047617217,24.742049382772997,381.9623565225972,55.399056265324454,0.0010329378339647343,5.164689169823672,322.42705098312484,0.39236449793657113,NONE,NONE,0.0,1.0,False
9.65,9.65,AEROTWIN-4-001,IDLE,0.15,1194.0496431034646,82.6525342274096,23.94375880163134,45.95092872886709,21.28754505204103,2.4786269678212345,22.184756709004827,-0.21752599124807245,-0.21752599124807245,-1.6180488750388655,48.004029586402105,33.334562138469835,509.3776866579945,24.741840830191897,381.52756167604764,55.335994490370595,0.0010307964021872853,5.153982010936427,322.42705098312484,0.4522753220821442,NONE,NONE,0.0,1.0,False
9.66,9.66,AEROTWIN-4-001,IDLE,0.15,1185.3924370726122,154.2955128136175,23.992739850689887,6.039517223667261,21.670315410563507,2.5008117245302395,-18.131609911426487,-0.21797097782420288,-0.21797097782420288,-0.7090535729525679,7.184512752268235,33.33474849723639,509.3799800528747,24.741637420523645,382.0435587485986,55.41083367377925,0.001033338486586369,5.166692432931845,322.42705098312484,0.3816396149548818,NONE,NONE,0.0,1.0,False
9.67,9.67,AEROTWIN-4-001,IDLE,0.15,1190.965680568639,225.41905903797425,23.95273716234064,35.51247640817185,21.357222411029557,2.482680114618813,11.67257388252348,-1.1624480000695236,-0.21760755850863725,37.11013952525865,-0.21760755850863725,33.334632963215924,509.3785058817268,24.741429977124522,381.62190288204704,55.34967755020634,0.0010312604942807997,5.156302471403999,322.42705098312484,0.2695014192086047,NONE,NONE,0.0,1.0,False
9.68,9.68,AEROTWIN-4-001,IDLE,0.15,1192.818854439555,296.8769998720926,23.97851997158358,27.934151802137222,21.558520834506275,2.4943526885013365,3.8812782791296105,-1.457327405583054,-0.21784179203830964,29.827162791796898,-0.21784179203830964,33.33471150726234,509.3794570977845,24.74122528452477,381.8934223205771,55.38905818653186,0.0010325978890565652,5.162989445282826,322.42705098312484,0.13659171114439064,NONE,NONE,0.0,1.0,False
9.69,9.69,AEROTWIN-4-001,IDLE,0.15,1182.8161254210138,368.44613113846594,23.987068814541363,3.17423158114878,21.625664281367673,2.4982339667804663,-20.949666666999356,3.8501297263761094,-0.2400592308574317,-0.2179194571849486,-0.2179194571849486,33.33485333627805,509.381178750814,24.741021572204158,381.9836496224305,55.402144573938074,0.00103304287251773,5.16521436258865,322.42705098312484,0.4316468983538374,NONE,NONE,0.0,1.0,False
9.700000000000001,9.700000000000001,AEROTWIN-4-001,IDLE,0.15,1193.7128818432836,439.4150986637268,23.940781668233495,46.5638860328217,21.264488449934735,2.4772843001134666,22.822113282773497,48.602368446729876,-1.603484525165546,-0.21749894437131392,-0.21749894437131392,33.33464773304872,509.37857047865265,24.740813189262457,381.4963028876027,55.331460778212126,0.0010306426988411744,5.153213494205873,322.42705098312484,0.4630355996850607,NONE,NONE,0.0,1.0,False
9.71,9.71,AEROTWIN-4-001,IDLE,0.15,1185.7345562749656,511.0378715743238,23.991188705523015,7.448434069139283,21.65809365132687,2.50010641339624,-16.709765995583826,8.675909608996896,-0.7915617681207454,-0.21795688586843315,-0.21795688586843315,33.33482135951466,509.38069745176205,24.74061009594995,382.02716798859325,55.40845639072959,0.0010332575962409682,5.166287981204841,322.42705098312484,0.3569465789238002,NONE,NONE,0.0,1.0,False
9.72,9.72,AEROTWIN-4-001,IDLE,0.15,1190.069646385897,582.1819449508217,23.954323021885152,32.932340261500194,21.369552117331644,2.4833966474006566,9.079391496767894,-0.21762196584009502,34.463561785899714,-0.21762196584009502,-1.095977592719331,33.33471674870912,509.37935196815727,24.740403289723467,381.638577722208,55.35209603567361,0.0010313425546572854,5.156712773286427,322.42705098312484,0.2243312172599317,NONE,NONE,0.0,1.0,False
9.73,9.73,AEROTWIN-4-001,IDLE,0.15,1193.0056741988603,653.5861237339756,23.97438214885692,30.167771838373707,21.52609352751556,2.4924760388974243,6.149202271960723,-0.21780420044721144,32.10044596842061,-0.21780420044721144,-1.49706572915248,33.33476324526202,509.37989801740446,24.740198645250356,381.84978615270165,55.38272928401554,0.0010323827840965402,5.161913920482701,322.42705098312484,0.1757263493206138,NONE,NONE,0.0,1.0,False
9.74,9.74,AEROTWIN-4-001,IDLE,0.15,1182.0900609265716,5.166464185907216,23.98792995740329,1.2694571160468593,21.632438851977383,2.498625241169385,-22.86160697709991,-0.2179272805578867,-0.2179272805578867,-0.14718208668321137,1.852493763845844,33.334910925652096,509.3816887130546,24.7399954989563,381.99274394386015,55.40346359612959,0.0010330877394026654,5.165438697013327,322.42705098312484,0.46500097927888867,NONE,NONE,0.0,1.0,False
9.75,9.75,AEROTWIN-4-001,IDLE,0.15,1193.1631785834409,76.09186784150151,23.937408104311494,46.90563733129081,21.23839030832786,2.4757636341922855,23.191483388770667,-0.21746829597386505,-0.21746829597386505,-1.583194816034827,48.92376873927337,33.33467963138284,509.3787565213396,24.73978724421637,381.46089601166756,55.32632543574024,0.001030468639650177,5.152343198250886,322.42705098312484,0.46905425937591017,NONE,NONE,0.0,1.0,False
9.76,9.76,AEROTWIN-4-001,IDLE,0.15,1185.9458039340186,147.68165855650795,23.988655875861312,9.021072194801857,21.63815119510696,2.498955117581056,-15.11603411788616,-0.21793387543438275,-0.21793387543438275,-0.8738433135412284,10.33078325921185,33.33483379333261,509.38064325627045,24.739584364340878,382.00041098167173,55.40457560795971,0.001033125566974512,5.16562783487256,322.42705098312484,0.3293650209988752,NONE,NONE,0.0,1.0,False
9.77,9.77,AEROTWIN-4-001,IDLE,0.15,1188.9141681379078,218.8384067925491,23.955302033282447,30.07793362735603,21.377167093148184,2.48383908346317,6.216927450744674,-1.0236149114694901,-0.21763086003362594,31.53681025889277,-0.21763086003362594,33.3347363226235,509.379389662264,24.73937813250171,381.64887342186734,55.35358930336079,0.0010313932267361232,5.156966133680616,322.42705098312484,0.17436810330284327,NONE,NONE,0.0,1.0,False
9.78,9.78,AEROTWIN-4-001,IDLE,0.15,1192.9594721881724,290.1732568808236,23.96904205193424,32.44683401987677,21.484313018397707,2.4900560109139143,8.472464990565147,-1.532979492661385,-0.2177556863485651,34.415324885235286,-0.2177556863485651,33.33474259697496,509.379439564195,24.739173411264154,381.79350555872503,55.37456645922636,0.0010321054448115949,5.160527224057974,322.42705098312484,0.2156697296332683,NONE,NONE,0.0,1.0,False
9.790000000000001,9.790000000000001,AEROTWIN-4-001,IDLE,0.15,1181.438583986882,361.7508252121139,23.987717001387704,0.0,21.630763348097766,2.4985284759044792,-24.129291824002244,0.36654690964342995,-0.04993689971839373,-0.21792534587967827,-0.21792534587967827,33.33488892572936,509.38122192031364,24.73897071889963,381.99049487243116,55.40313739530767,0.0010330766433329648,5.165383216664824,322.42705098312484,0.48721140224612336,NONE,NONE,0.0,1.0,False
9.8,9.8,AEROTWIN-4-001,IDLE,0.15,1192.5394765664857,432.6371402513268,23.934379519310365,46.9390410663434,21.214986831347225,2.474399184080477,23.2496550509157,48.9304191468143,-1.5564965171391887,-0.21744078166586073,-0.21744078166586073,33.33463548064673,509.3780221940145,24.73876262687161,381.42912273047375,55.321717102582454,0.0010303124800435436,5.151562400217718,322.42705098312484,0.46967297047388945,NONE,NONE,0.0,1.0,False
9.81,9.81,AEROTWIN-4-001,IDLE,0.15,1186.1753258786366,504.18950884531597,23.985780796793467,10.784138099931358,21.615535292323877,2.4976488391313927,-13.329046031523912,12.17619741247513,-0.9562438011274103,-0.21790775570818055,-0.21790775570818055,33.33476854424382,509.379659986264,24.73855992411437,381.9700490723918,55.400171977361566,0.0010329757794107772,5.164878897053886,322.42705098312484,0.298442833764509,NONE,NONE,0.0,1.0,False
9.82,9.82,AEROTWIN-4-001,IDLE,0.15,1187.6441111345475,575.3600283980342,23.956365557099566,26.94597879070108,21.38544235115364,2.4843197930998686,3.0762166464475724,-0.2176405220116993,28.32589430015172,-0.2176405220116993,-0.9446344654272429,33.334679786048696,509.3785293405554,24.738354274936174,381.6600593502366,55.35521168803962,0.0010314482843720384,5.157241421860192,322.42705098312484,0.11954694877647494,NONE,NONE,0.0,1.0,False
9.83,9.83,AEROTWIN-4-001,IDLE,0.15,1192.8126837287468,646.618675066107,23.963166992060376,34.750865458131905,21.43843632073107,2.487396009746316,10.825033127654518,-0.21770231217981856,36.750835761961234,-0.21770231217981856,-1.5645656794696923,33.33464283457442,509.3780564403849,24.73814942133271,381.73163148418087,55.36559236720262,0.0010318006676103052,5.1590033380515266,322.42705098312484,0.2560561337853853,NONE,NONE,0.0,1.0,False
9.84,9.84,AEROTWIN-4-001,IDLE,0.15,1181.2944837727089,718.1874360898319,23.98704036864314,0.0,21.625440533437047,2.498221042873971,-24.12366157631102,-0.21791919875759558,0.12878029618343162,-0.21791919875759558,-0.051695770326094036,33.33478528476484,509.379810465259,24.73794713409574,381.9833492294974,55.40210100554784,0.0010330413905758234,5.165206952879117,322.42705098312484,0.48719527296306114,NONE,NONE,0.0,1.0,False
9.85,9.85,AEROTWIN-4-001,IDLE,0.15,1192.245986319795,69.06510511619445,23.933709424309306,46.62068263744001,21.209811957678745,2.4740973812976597,22.936773298463606,-0.21743469393834292,-0.21743469393834292,-1.5231088910284016,48.5786609163451,33.33452813341578,509.37658426810157,24.737739444942545,381.4220943237453,55.32069771652737,0.0010302779414888665,5.1513897074443324,322.42705098312484,0.46410925560601385,NONE,NONE,0.0,1.0,False
9.86,9.86,AEROTWIN-4-001,IDLE,0.15,1186.8144195413636,140.59986429538213,23.984427420211556,12.726084502873729,21.604897207345832,2.497034154596123,-11.375846859068227,-0.21789546045475142,-0.21789546045475142,-1.037289721753003,14.199165145536234,33.33465232461956,509.3781322269647,24.737537076515284,381.9557608236624,55.398099638342345,0.0010329053006260557,5.164526503130278,322.42705098312484,0.2644265172807058,NONE,NONE,0.0,1.0,False
9.870000000000001,9.870000000000001,AEROTWIN-4-001,IDLE,0.15,1186.6875057124023,211.80872946786394,23.95932591310621,23.628343483013467,21.408492877079063,2.485658307737055,-0.2658077018026508,-0.8604696792513755,-0.21766741646800114,24.924147995200844,-0.21766741646800114,33.3345870414061,509.3773136725226,24.737332204855132,381.6912037906018,55.3597288153813,0.0010316016014032473,5.158008007016237,322.42705098312484,0.07303947987067977,NONE,NONE,0.0,1.0,False
9.88,9.88,AEROTWIN-4-001,IDLE,0.15,1192.9408714811725,283.00997981060806,23.958738148140302,36.98632556115794,21.40391442153709,2.4853925000352524,13.097018639585599,-1.5905616007471504,-0.2176620766983397,39.01221131530177,-0.2176620766983397,33.334518165704445,509.3764611903005,24.737127367332295,381.68501926743585,55.35883182451036,0.0010315711537365972,5.157855768682986,322.42705098312484,0.2952263785385914,NONE,NONE,0.0,1.0,False
9.89,9.89,AEROTWIN-4-001,IDLE,0.15,1181.4566071965933,354.58643209947843,23.987631264196004,0.07599146308847216,21.630088816625605,2.498489518674838,-24.052586872211972,-0.15419917013631254,-0.21792456696823975,0.6660397671612642,-0.21792456696823975,33.334666579040615,509.37831003403494,24.736925616067552,381.9895894021864,55.403006067714315,0.001033072176133341,5.1653608806667055,322.42705098312484,0.48587950781958905,NONE,NONE,0.0,1.0,False
9.9,9.9,AEROTWIN-4-001,IDLE,0.15,1192.0753083097334,425.473828531274,23.934463325711086,45.929826655549974,21.215634118609373,2.474436931802626,22.239755605137976,47.84837604512506,-1.4836663035024673,-0.21744154303630972,-0.21744154303630972,33.334416437178575,509.3751908291255,24.73671847433738,381.43000179030565,55.32184459966235,0.001030316799984503,5.151583999922515,322.42705098312484,0.4520107731459171,NONE,NONE,0.0,1.0,False
9.91,9.91,AEROTWIN-4-001,IDLE,0.15,1187.6360043098914,496.998347029858,23.98364023010004,14.797732010312687,21.59871187820833,2.496676687407764,-9.297656555303407,16.34803912780721,-1.1145304996283056,-0.21788830893310743,-0.21788830893310743,33.33453606834311,509.37670047624437,24.73651649790859,381.9474512296298,55.396894431443044,0.001032864315606478,5.164321578032389,322.42705098312484,0.2281539269974837,NONE,NONE,0.0,1.0,False
9.92,9.92,AEROTWIN-4-001,IDLE,0.15,1185.8773629674067,568.2565072884515,23.963129473047506,20.24223286171256,21.438143645426486,2.487379030852461,-3.683289814566388,-0.21770197132437755,21.450619835460163,-0.21770197132437755,-0.7729830310988479,33.33450057845105,509.3762698233282,24.73631249049158,381.7312364969968,55.365535079051426,0.0010317987224189038,5.158993612094519,322.42705098312484,0.13238686553999215,NONE,NONE,0.0,1.0,False
9.93,9.93,AEROTWIN-4-001,IDLE,0.15,1193.1435008345466,639.409149066496,23.954984866000952,39.076559113771395,21.374699810482472,2.4836957410378946,15.218163562251029,-0.21762797860937383,41.12206527187356,-0.21762797860937383,-1.6102502008834136,33.3344047789925,509.37509623330243,24.736107737533022,381.64553781495897,55.35310551360602,0.0010313768095656648,5.156884047828324,322.42705098312484,0.3318476120298423,NONE,NONE,0.0,1.0,False
9.94,9.94,AEROTWIN-4-001,IDLE,0.15,1181.973606591591,710.9977591165688,23.988565188303895,0.7421795924271655,21.63743748452267,2.4989139046001454,-23.394171796695648,-0.21793305154950382,1.4338006373023449,-0.21793305154950382,-0.2557549417761718,33.33456160180789,509.37706604211326,24.73590655693177,381.9994531143565,55.40443668080004,0.001033120840946232,5.165604204731159,322.42705098312484,0.47424347952274537,NONE,NONE,0.0,1.0,False
9.950000000000001,9.950000000000001,AEROTWIN-4-001,IDLE,0.15,1192.0808279999746,61.91617551206423,23.936866841438576,44.878240637410656,21.23420588808495,2.4755197328034497,21.168515016522257,-0.21746337866978038,-0.21746337866978038,-1.4389439854910273,46.752111380241246,33.3343305167759,509.3741995081711,24.73570013051703,381.4552166566498,55.325501713447174,0.0010304407241401603,5.152203620700802,322.42705098312484,0.43358091824599054,NONE,NONE,0.0,1.0,False
9.96,9.96,AEROTWIN-4-001,IDLE,0.15,1188.6711039924605,133.44102519206274,23.983665689266854,16.954290882540175,21.59891189657019,2.4966882478199723,-7.141309261849988,-0.21788854022638696,-0.21788854022638696,-1.1865379415484152,18.576605904541363,33.33445138378401,509.3757363038954,24.73549862927295,381.94771996384173,55.39693340811568,0.001032865641034583,5.164328205172915,322.42705098312484,0.19041475340937122,NONE,NONE,0.0,1.0,False
9.97,9.97,AEROTWIN-4-001,IDLE,0.15,1185.2991563590865,204.76129143161037,23.96791812018824,16.90288564861241,21.475529318919474,2.489546938558122,-7.062190608865185,-0.6840017387371781,-0.21774547557217155,18.022378338493933,-0.21774547557217155,33.334452706987484,509.37577336943764,24.73529558780912,381.7816650906359,55.37284914141565,0.0010320471112544916,5.1602355562724584,322.42705098312484,0.19093936205012788,NONE,NONE,0.0,1.0,False
9.98,9.98,AEROTWIN-4-001,IDLE,0.15,1193.4732234452376,275.87924081315555,23.952304697254302,40.95607208478701,21.353861264969378,2.482484747949257,17.119726071868374,-1.6234427511574274,-0.2176036296185509,43.01472209518154,-0.2176036296185509,33.334337533731635,509.374364387927,24.73509102851779,381.6173562266522,55.34901811240118,0.0010312381209023167,5.1561906045115835,322.42705098312484,0.36476920385405376,NONE,NONE,0.0,1.0,False
9.99,9.99,AEROTWIN-4-001,IDLE,0.15,1182.6937262855508,347.48763421986985,23.99008457912989,1.5724764709952206,21.64939805448337,2.4996044740211256,-22.576526057509277,-0.35413691355568677,-0.2179468550211415,2.36250709459319,-0.2179468550211415,33.33450661681653,509.3764938025625,24.734890478423054,382.0155028316014,55.40676449968981,0.001033200032901649,5.166000164508245,322.42705098312484,0.4597495092606926,NONE,NONE,0.0,1.0,False
10.0,10.0,AEROTWIN-4-001,TAKEOFF,0.15,1192.1324695896697,418.44925779700293,23.94021308690801,43.5055734284068,21.2600877315502,2.477027947963616,19.76845774889298,45.33063511223424,-1.3900741260622846,-0.2174937788825761,-0.2174937788825761,33.33430098657232,509.3739501973351,24.73468486319988,381.4903343409962,55.3305951121494,0.0010306133545974047,5.153066772987024,322.42705098312484,0.4095215339378027,NONE,NONE,0.0,1.0,False
10.01,10.01,AEROTWIN-4-001,TAKEOFF,0.15399999999999991,1190.011989109229,489.9772059723831,24.623474647166887,19.656455763078373,21.6007832903209,2.496796405712509,-4.441123932955037,21.389524460717986,-1.2856664518208125,-0.2237011229093999,-0.2237011229093999,33.338749965073816,509.4015153579401,24.73453708712261,381.95023419829295,55.39729806765201,0.0010390881227591087,5.195440613795544,322.47059779288526,0.15432503241093634,NONE,NONE,0.0,1.0,False
10.02,10.02,AEROTWIN-4-001,TAKEOFF,0.15799999999999984,1185.446090915241,561.3779253189368,25.252735303706764,14.453568223644346,21.524007757379035,2.492355281779554,-9.562794815514243,-0.2294178756215064,15.539606139368587,-0.2294178756215064,-0.6272021644812283,33.34738094528208,509.4534826121813,24.734441358958403,381.8469780631979,55.3823220043301,0.001044761954163901,5.223809770819505,322.5125841201264,0.2563257732997499,NONE,NONE,0.0,1.0,False
10.03,10.03,AEROTWIN-4-001,TAKEOFF,0.16199999999999973,1196.014006218389,632.5046907738513,25.869224768418373,45.97533835835493,21.359155817971406,2.4827924869640396,22.133390053419486,-0.23501860368665253,48.20633115066173,-0.23501860368665253,-1.7609555849334928,33.360014342257,509.5281938715547,24.73439585176388,381.6245180261641,55.35005684547879,0.0010497752323834959,5.2488761619174795,322.5529834453841,0.41906452783776194,NONE,NONE,0.0,1.0,False
10.040000000000001,10.040000000000001,AEROTWIN-4-001,TAKEOFF,0.16600000000000037,1185.744774000066,704.2655311469546,26.56196972259787,2.7387711086264757,21.74167489500359,2.504925877017459,-21.507829663394574,-0.2413121031362765,3.7121871168929594,-0.2413121031362765,-0.49079180199393063,33.37732294282263,509.6315664560023,24.734410616300618,382.1391493250314,55.4246979398039,0.0010587501983993488,5.2937509919967445,322.5917702515785,0.48442168394536333,NONE,NONE,0.0,1.0,False
10.05,10.05,AEROTWIN-4-001,TAKEOFF,0.17000000000000026,1197.1080505501802,55.41021758695854,27.148286429290817,47.652529211859104,21.369920410806223,2.4834180473540646,23.799190753698817,-0.24663871554769118,-0.24663871554769118,-1.5228170176538542,49.66862366060834,33.39820997654292,509.75395362631656,24.73447107285989,381.6390757178438,55.35216826396463,0.0010621910062848154,5.310955031424077,322.6289200401316,0.42604046096925274,NONE,NONE,0.0,1.0,False
10.06,10.06,AEROTWIN-4-001,TAKEOFF,0.17400000000000018,1197.1162464067322,127.23670061996934,27.847898176757784,24.305851736889046,21.78146913695926,2.507217238107763,0.017165361822023772,-0.2529945989374862,-0.2529945989374862,-1.5106481070159559,26.322489041779974,33.423798136937044,509.9041510930373,24.73459357465469,382.1923745058488,55.432417613579304,0.0010715250624871433,5.357625312435717,322.6644093464406,0.12953358026536071,NONE,NONE,0.0,1.0,False
10.07,10.07,AEROTWIN-4-001,TAKEOFF,0.1780000000000001,1192.1024293311941,199.06367540437327,28.48812443068814,13.788087862574983,21.781767386407257,2.5072344034695853,-10.500913927301859,-0.633993874795659,-0.2588109727016486,14.93970368277394,-0.2588109727016486,33.45341998635181,510.07659713559997,24.734769528975693,382.1927731969784,55.43247543894336,0.0010777693553558922,5.388846776779461,322.6982157546991,0.3247986477878285,NONE,NONE,0.0,1.0,False
10.08,10.08,AEROTWIN-4-001,TAKEOFF,0.18200000000000002,1205.7675790265516,270.58982116424494,29.10030192498689,52.71665076315292,21.599694678183887,2.4967334895422835,28.62022259542675,-1.9826888925616744,-0.26437252706620495,55.22808470984701,-0.26437252706620495,33.48670066324462,510.2685832483519,24.734994290866887,381.9487716539296,55.39708594314264,0.00108254993811297,5.4127496905648504,322.730317912055,0.4806874295905667,NONE,NONE,0.0,1.0,False
10.09,10.09,AEROTWIN-4-001,TAKEOFF,0.18599999999999994,1195.7213893415117,342.93587590583803,29.817615837255854,3.5823936400047005,22.097730401927723,2.52535371213771,-21.040690474060735,-0.5961766699845986,-0.270889232362773,4.720348774714845,-0.270889232362773,33.52484006063776,510.4876262010116,24.735285524607953,382.61331761369644,55.493470360055305,0.001092833437717762,5.464167188588811,322.7606955420976,0.5269189450392203,NONE,NONE,0.0,1.0,False
10.1,10.1,AEROTWIN-4-001,TAKEOFF,0.18999999999999984,1209.3889339253626,414.6791592663287,30.400549868253602,52.86058901661437,21.73103755679282,2.5043130216636493,28.6252384381579,55.10306164540561,-1.690102401596355,-0.27618511359744286,-0.27618511359744286,33.56616485306384,510.72288756998984,24.735620227940867,382.12491188406887,55.42263296984158,0.0010960708057253436,5.480354028626718,322.78932945766473,0.46055782355666597,NONE,NONE,0.0,1.0,False
10.11,10.11,AEROTWIN-4-001,TAKEOFF,0.19399999999999976,1210.5322048589628,487.24249530185045,31.1214407718079,27.158063939317127,22.23066463517443,2.5329382601018073,2.394461044040889,29.411628783967767,-1.6880962138444813,-0.2827343154030793,-0.2827343154030793,33.612362475298795,510.98412492385097,24.736023073960702,382.7891736429938,55.51897616683253,0.0011065560090460177,5.532780045230089,322.81620157296163,0.13726874673390843,NONE,NONE,0.0,1.0,False
10.120000000000001,10.120000000000001,AEROTWIN-4-001,TAKEOFF,0.1980000000000004,1206.4939869345046,559.8744275933882,31.76998548771808,16.35042398171711,22.27271510395289,2.5353327211458483,-8.45762384338163,-0.288626261332114,17.663586546063097,-0.288626261332114,-0.7359100416817584,33.662475980109384,511.2653213171228,24.73648121906302,382.8446699539301,55.527025240778116,0.0011132402146118794,5.566201073059397,322.84129491498425,0.3377858555672705,NONE,NONE,0.0,1.0,False
10.13,10.13,AEROTWIN-4-001,TAKEOFF,0.2020000000000003,1222.2754512686313,632.2640668094584,32.387035570924546,57.703860436568014,22.124363729277864,2.5268750973024665,33.05262160998768,-0.2942320825446985,60.49734256699743,-0.2942320825446985,-2.205017965340019,33.71603494810014,511.5637571357381,24.736988541400393,382.64860105014964,55.498587799111604,0.0011182588642318493,5.591294321159246,322.86459363423995,0.5108684482978519,NONE,NONE,0.0,1.0,False
10.14,10.14,AEROTWIN-4-001,TAKEOFF,0.2060000000000002,1211.585857228682,705.6005938855762,33.126624180784795,2.878636008856689,22.706941693785154,2.559927718912454,-22.38823340384092,-0.3009511506245471,4.04184195700507,-0.3009511506245471,-0.5613036468992864,33.77468592748161,511.88749554360265,24.737569499344414,383.4141024075046,55.609614584979646,0.0011297846357337256,5.648923178668629,322.88608301475824,0.5976331474427083,NONE,NONE,0.0,1.0,False
10.15,10.15,AEROTWIN-4-001,TAKEOFF,0.21000000000000013,1228.917598950973,58.29574531929711,33.70214426615636,61.148558974003855,22.311504509385575,2.537539485508613,36.29951497910967,-0.30617967710991645,-0.30617967710991645,-1.9536684205545176,63.7145867487782,33.836088846464754,512.224559236682,24.73819102137083,382.8958067461194,55.53444201884366,0.0011325798070843092,5.662899035421546,322.9057494833859,0.5482870364416563,NONE,NONE,0.0,1.0,False
10.16,10.16,AEROTWIN-4-001,TAKEOFF,0.21400000000000005,1228.9634942670796,132.0308012563555,34.455682866006036,25.624364475260112,22.95440254949563,2.5738390004877227,0.09612292527675992,-0.31302547906749456,-0.31302547906749456,-1.7438297394294664,27.994245172824566,33.90276041026264,512.586624226744,24.73889030586992,383.73569670788726,55.65625797911855,0.0011448798124681892,5.724399062340946,322.9235806183597,0.22304078773615277,NONE,NONE,0.0,1.0,False
10.17,10.17,AEROTWIN-4-001,TAKEOFF,0.21799999999999997,1229.2645200353547,205.76861091238027,35.1000133048776,26.16051911588616,22.956117097702954,2.5739351234129995,0.6304668947702066,-1.0397161165401956,-0.31887913882776964,27.83799351008189,-0.31887913882776964,33.97307491066975,512.9656572614756,24.7396445773557,383.7379176200527,55.65658009577721,0.0011513422775243426,5.7567113876217135,322.93956515715274,0.22493524549397653,NONE,NONE,0.0,1.0,False
10.18,10.18,AEROTWIN-4-001,TAKEOFF,0.22199999999999986,1244.8644443033909,279.52448211450155,35.74604697761712,58.21433492151797,22.967364346530886,2.5745655903077695,32.67240498467931,-2.4020370999978677,-0.32474827225024305,61.265868566016316,-0.32474827225024305,34.04701292610975,513.3613434813824,24.74045419349631,383.7524840938643,55.658692788005894,0.0011578965543148259,5.7894827715741295,322.9536930035876,0.46169819730664546,NONE,NONE,0.0,1.0,False
10.19,10.19,AEROTWIN-4-001,TAKEOFF,0.22599999999999978,1232.4715619537142,354.21634877270503,36.49480105104247,0.20564162318937118,23.55399572559467,2.6072379952924485,-25.955592097697746,-0.2505836627764361,-0.33155060739620956,1.1193265007582265,-0.33155060739620956,34.12612555382986,513.7798232276207,24.741342776655994,384.5063843751053,55.76803697699653,0.0011700302352868985,5.850151176434493,322.96595523421377,0.704036055106092,NONE,NONE,0.0,1.0,False
10.200000000000001,10.200000000000001,AEROTWIN-4-001,TAKEOFF,0.23000000000000043,1254.5778948202706,428.16464248992787,37.05620157857961,71.96803798885782,23.08736029807354,2.5812824031947508,46.299395287589526,74.9850772644343,-2.3437375565732146,-0.3366508595016303,-0.3366508595016303,34.207441104897384,514.2085297449104,24.742267247793784,383.907626870234,55.681194386005004,0.0011719820263600975,5.859910131800488,322.97634410394346,0.6795569676005784,NONE,NONE,0.0,1.0,False
10.21,10.21,AEROTWIN-4-001,TAKEOFF,0.23400000000000032,1250.32489942999,503.4393161791441,37.85346413783767,17.64313394581265,23.923004863234866,2.6275817984823404,-8.907452715904556,19.86728617824367,-1.536364456336695,-0.3438938880471638,-0.3438938880471638,34.29467620165005,514.6619927419249,24.74328335120306,384.9748528398446,55.835982706185376,0.00118680084091478,5.9340042045739,322.9848530509439,0.4229538276768255,NONE,NONE,0.0,1.0,False
10.22,10.22,AEROTWIN-4-001,TAKEOFF,0.23800000000000024,1260.536066901677,578.4588101449435,38.470843572687514,47.765976203776916,23.761082715592313,2.618674345766436,21.386219142418167,-0.3495027013773723,50.09528552030692,-0.3495027013773723,-1.6303039137752595,34.384888728709115,515.1282964517039,24.744348337590754,384.76982540506725,55.806245937100144,0.0011917768210369627,5.958884105184813,322.99147670078185,0.2318074212987741,NONE,NONE,0.0,1.0,False
10.23,10.23,AEROTWIN-4-001,TAKEOFF,0.24200000000000016,1271.023135379688,654.0909741590442,39.189717038130304,48.754897483547325,24.15077205983046,2.640060564908854,21.964064858808012,-0.35603357501537963,51.90463348247907,-0.35603357501537963,-2.4376688489009872,34.47971600193488,515.6133187833692,24.74548734785383,385.26184947002895,55.87760812343406,0.001202356991953406,6.011784959767031,322.99621086981807,0.23684720280655236,NONE,NONE,0.0,1.0,False
10.24,10.24,AEROTWIN-4-001,TAKEOFF,0.24600000000000005,1261.5805351472868,10.352362281825435,39.912338975123404,7.439778772851334,24.554289823681664,2.6620246297676617,-19.77653568059799,-0.3625985030387657,-0.3625985030387657,-0.48869568731590507,8.65367146624477,34.57920086326209,516.116710014662,24.746702028274164,385.76633878889953,55.95077824526441,0.0012131852253799446,6.065926126899724,322.9990525678499,0.638051433874501,NONE,NONE,0.0,1.0,False
10.25,10.25,AEROTWIN-4-001,TAKEOFF,0.25,1285.12415468414,86.04719439066264,40.492850632380495,76.14270038748022,24.190810842798793,2.642248094087064,49.309641450594356,-0.36787237731732325,-0.36787237731732325,-2.752479536230035,79.6309246783449,34.680871599441346,516.6294696365014,24.74795587109086,385.3121320326426,55.884901005750415,0.0012160806121405093,6.0804030607025465,323.0,0.6933611721019495,NONE,NONE,0.0,1.0,False
10.26,10.26,AEROTWIN-4-001,TAKEOFF,0.2539999999999999,1274.1670704267717,163.15464367171103,41.313194176718376,4.845227876929507,25.102133746533482,2.6915577355376583,-22.948463605141633,-0.3753250936650129,-0.3753250936650129,-0.8157396382302389,6.411617702489772,34.788850474077094,517.1655003904535,24.749311998019884,386.4433705644417,56.048973579925494,0.001232432184201561,6.162160921007805,322.9990525678499,0.7084123991396026,NONE,NONE,0.0,1.0,False
10.27,10.27,AEROTWIN-4-001,TAKEOFF,0.2579999999999998,1297.8671117054735,239.60466789731734,41.882688896016994,76.98177207379823,24.675912421236138,2.6686092719325165,49.637250380629574,-2.461508783486851,-0.3804988804690102,80.20427861822309,-0.3804988804690102,34.89868873214183,517.7094344823037,24.75070385596571,385.91741800900286,55.97269047318976,0.0012346554019164622,6.173277009582311,322.99621086981807,0.6841135685502728,NONE,NONE,0.0,1.0,False
10.28,10.28,AEROTWIN-4-001,TAKEOFF,0.26199999999999973,1296.6870976181185,317.4766945996457,42.70925561667992,25.84924509777571,25.602414300773933,2.718246522313146,-2.471415725311368,-1.9668812576381307,-0.38800813357895303,28.59214262257175,-0.38800813357895303,35.014943280456734,518.2759273824056,24.75220169112963,387.05392057766727,56.137526532743706,0.001251477777141313,6.257388885706566,322.99147670078185,0.3656762131377221,NONE,NONE,0.0,1.0,False
10.290000000000001,10.290000000000001,AEROTWIN-4-001,TAKEOFF,0.26600000000000035,1306.405472261515,395.27792045673283,43.35242986207788,48.6257716613722,25.555880298432903,2.715775106587835,20.35411625635146,51.11946987377468,-1.705995633464165,-0.3938512894691589,-0.3938512894691589,35.13426030284847,518.8537522396819,24.753755353138484,386.9974334050595,56.12933374620302,0.0012578600826703796,6.289300413351898,322.9848530509439,0.1628720214361727,NONE,NONE,0.0,1.0,False
10.3,10.3,AEROTWIN-4-001,TAKEOFF,0.27000000000000024,1319.1509061327006,473.6622487924237,44.07827854517185,55.37049032554487,25.940386825013196,2.7361292228441862,26.693974277687488,58.92222364504228,-2.7508422553597334,-0.40044553206883665,-0.40044553206883665,35.25812540407069,519.4472964932305,24.755388454313234,387.4623458247579,56.19676371373124,0.0012690150345226526,6.345075172613264,322.97634410394346,0.26851201543760744,NONE,NONE,0.0,1.0,False
10.31,10.31,AEROTWIN-4-001,TAKEOFF,0.2740000000000002,1310.8337324633171,552.8113031603857,44.82876512599058,11.79238574250399,26.449010344292144,2.7628231971218735,-17.419447798910028,-0.40726360682324186,13.284215349380302,-0.40726360682324186,-0.6773023932298283,35.38697554067874,520.0574644692423,24.757108868493052,388.0710215124526,56.2850448181231,0.0012816542585105022,6.408271292552511,322.96595523421377,0.6494447099842896,NONE,NONE,0.0,1.0,False
10.32,10.32,AEROTWIN-4-001,TAKEOFF,0.27800000000000014,1336.0073563470708,631.4613271081847,45.41878300415805,81.58546097359515,26.116542652650168,2.7454037493229637,52.72351457162202,-0.41262384390488666,85.50438099559787,-0.41262384390488666,-3.0936723341929557,35.5177257695855,520.6748137428526,24.75886956488219,387.67395753126806,56.22745545242006,0.0012849168222472842,6.424584111236421,322.9536930035876,0.7039570898630723,NONE,NONE,0.0,1.0,False
10.33,10.33,AEROTWIN-4-001,TAKEOFF,0.28200000000000003,1322.2819397953908,711.6217684890089,46.26865948287281,1.1809556406027872,27.129273580852438,2.7981272638945853,-28.746445204144237,-0.42034486319022357,2.480999795069936,-0.42034486319022357,-0.4593544280867014,35.65532629727148,521.3135179805729,24.760748531914434,388.874221940474,56.40153940180247,0.001303477323855649,6.517386619278246,322.93956515715274,0.860890927315809,NONE,NONE,0.0,1.0,False
10.34,10.34,AEROTWIN-4-001,TAKEOFF,0.2859999999999999,1352.0133804188363,70.95868487673238,46.8168959468397,91.61347840962247,26.574713962094307,2.7693808186904407,62.26938362883772,-0.42532552145907526,-0.42532552145907526,-3.015399197089332,95.47952864962996,35.793879671912194,521.9563722909709,24.76265459186528,388.22036800856404,56.30670573522611,0.0013042092752114606,6.521046376057304,322.9235806183597,0.8553495342616667,NONE,NONE,0.0,1.0,False
10.35,10.35,AEROTWIN-4-001,TAKEOFF,0.2899999999999998,1344.0278507456776,152.07948770186255,47.707396888157255,13.890007503481984,27.783211538641527,2.831650202319279,-16.724854237478823,-0.4334156087996746,-0.4334156087996746,-1.5220890194796346,16.278927740560967,35.940077859050874,522.6218972895904,24.764693712649336,389.635025875317,56.511884882904226,0.0013253525668629647,6.626762834314823,322.9057494833859,0.6641872552215916,NONE,NONE,0.0,1.0,False
10.36,10.36,AEROTWIN-4-001,TAKEOFF,0.29399999999999976,1368.592429350508,232.7211587466032,48.30184531635263,81.71884180881327,27.455983338422477,2.8149253480818,51.44793312230899,-2.618735586209133,-0.43881609686257006,85.21520958874753,-0.43881609686257006,36.08798726845368,523.2933617933845,24.76677364234314,389.2556813981086,56.456865518618876,0.0013287570117671613,6.643785058835807,322.88608301475824,0.6569167553149595,NONE,NONE,0.0,1.0,False
10.370000000000001,10.370000000000001,AEROTWIN-4-001,TAKEOFF,0.2980000000000004,1369.382398324484,314.83670450763367,49.15584280835213,32.98965233399304,28.468771902650804,2.8663732812041087,1.6545071501381297,-2.375059407450242,-0.4465745550273717,36.25786085149804,-0.4465745550273717,36.24282077601687,523.9845673611287,24.768977900475235,390.421170276169,56.625905694515,0.001347940533936949,6.739702669684745,322.86459363423995,0.3558435811095558,NONE,NONE,0.0,1.0,False
10.38,10.38,AEROTWIN-4-001,TAKEOFF,0.30200000000000027,1382.6455893772595,396.9996484071027,49.82199645232086,59.148036634278135,28.501646462885514,2.868027788354247,27.778362383038374,62.09625354685707,-2.042963960940391,-0.452626475819271,-0.452626475819271,36.40069601079964,524.684831347811,24.77124614616012,390.45858127791297,56.63133171138594,0.0013556867178198893,6.778433589099447,322.84129491498425,0.23616743566801862,NONE,NONE,0.0,1.0,False
10.39,10.39,AEROTWIN-4-001,TAKEOFF,0.3060000000000002,1393.4083473526957,479.95838376973825,50.58913784085489,54.49370089780886,29.056427155074957,2.8958061507372856,22.541467591996614,58.39930632083489,-2.9864137082759217,-0.45959585737505737,-0.45959585737505737,36.56367456420867,525.3992729595632,24.77361229348777,391.0860514001568,56.72233872297594,0.0013697079753557265,6.848539876778633,322.81620157296163,0.14173853299658493,NONE,NONE,0.0,1.0,False
10.4,10.4,AEROTWIN-4-001,TAKEOFF,0.31000000000000016,1394.0484784214539,563.5628846109,51.33765774481341,33.769583519805295,29.51054852617939,2.9183476183292822,1.3406873752966209,-0.4663960651213197,36.1007080385575,-0.4663960651213197,-1.3983323885095655,36.73133327164056,526.1264661415823,24.77607089330295,391.59434360195934,56.79606040734098,0.0013826377324840336,6.913188662420168,322.78932945766473,0.38121583145770943,NONE,NONE,0.0,1.0,False
10.41,10.41,AEROTWIN-4-001,TAKEOFF,0.31400000000000006,1414.1708571334495,647.2057933161873,52.00530690795174,74.60156874416168,29.537669015551884,2.919688305704579,42.144211422905215,-0.4724615725139065,78.93137830189417,-0.4724615725139065,-3.3848864127046734,36.90190398765854,526.8617538359376,24.778594440003307,391.6245502453586,56.800441518486316,0.00139048611383115,6.952430569155751,322.7606955420976,0.4692309636870107,NONE,NONE,0.0,1.0,False
10.42,10.42,AEROTWIN-4-001,TAKEOFF,0.31799999999999995,1404.2663953480203,12.05604474419431,52.83266045061203,12.614521955098985,30.39654569321507,2.961832517127484,-20.74385625524357,-0.4799779738012233,-0.4799779738012233,-0.751891668194713,14.326369570896144,37.078796222650936,527.6132832145249,24.781239333765235,392.57268310143684,56.9379568116662,0.0014085391343460255,7.042695671730128,322.730317912055,0.7783057405673831,NONE,NONE,0.0,1.0,False
10.43,10.43,AEROTWIN-4-001,TAKEOFF,0.32199999999999984,1431.9256723450428,96.31202846507554,53.41543586012762,90.84280164017302,29.97225870100055,2.9410886608722406,57.929454278300234,-0.48527241397998266,-0.48527241397998266,-3.617479817252863,95.43082628538585,37.25663518657229,528.367779589311,24.78391919099227,392.1063410138461,56.870319487966206,0.001410942627259105,7.0547131362955255,322.6982157546991,0.7291254004459422,NONE,NONE,0.0,1.0,False
10.44,10.44,AEROTWIN-4-001,TAKEOFF,0.3259999999999998,1415.642425362248,182.2275688057781,54.30833417742801,0.060055337906072204,31.16458995457882,2.999018115150541,-34.103552731823285,-0.1438287327096916,-0.49338428117525646,1.1906526329662768,-0.49338428117525646,37.442204523590064,529.1412675305833,24.786745913411593,393.40702124531015,57.05896754737729,0.0014333898588957173,7.166949294478586,322.6644093464406,1.0244519547665827,NONE,NONE,0.0,1.0,False
10.450000000000001,10.450000000000001,AEROTWIN-4-001,TAKEOFF,0.3300000000000004,1448.520266469329,267.166114327513,54.83873422559017,102.28394308021385,30.45983912586352,2.964914562418717,68.85918939193161,-3.7319522374630534,-0.4982028978841184,107.01230111344512,-0.4982028978841184,37.62740952267718,529.9144397389025,24.789587762208882,392.6419146494885,56.947998016932516,0.0014323028510169079,7.16151425508454,322.62892004013156,0.9048304628312471,NONE,NONE,0.0,1.0,False
10.46,10.46,AEROTWIN-4-001,TAKEOFF,0.3340000000000003,1432.020283944826,354.0773303156728,55.779150957900654,0.3673998718306921,31.891108708912284,3.0337737518106493,-34.55748258889224,-0.39216890987726316,-0.5067464638119615,1.7730617093318783,-0.5067464638119615,37.821396239422214,530.7083731453454,24.792596562180016,394.1849690453549,57.17179954040018,0.0014580829269558555,7.290414634779278,322.5917702515785,1.0453980231373146,NONE,NONE,0.0,1.0,False
10.47,10.47,AEROTWIN-4-001,TAKEOFF,0.33800000000000024,1467.89411797721,439.9985473523624,56.30821693385161,109.30190693615398,31.168708365440903,2.999216269221757,75.13398230149132,114.10335587795699,-3.77834302051274,-0.5115529606451371,-0.5115529606451371,38.01481157989525,531.5013867955453,24.795618707923232,393.4114616915221,57.05961158081498,0.0014567575790178505,7.283787895089254,322.5529834453841,1.002499968023509,NONE,NONE,0.0,1.0,False
10.48,10.48,AEROTWIN-4-001,TAKEOFF,0.34200000000000014,1452.411389183979,528.072194430995,57.27746406641479,3.397295005525764,32.74989611022727,3.074350251523248,-32.426951356224755,5.24461574391629,-0.8066038442348895,-0.5203584470778183,-0.5203584470778183,38.21768374940251,532.3159496047897,24.798822212713535,395.0909562798044,57.30320211691027,0.0014847982791190962,7.423991395595482,322.5125841201264,1.0192872011156653,NONE,NONE,0.0,1.0,False
10.49,10.49,AEROTWIN-4-001,TAKEOFF,0.3460000000000001,1489.7910612260537,615.2168777820337,57.816412644766544,113.39240072075464,32.06267536660315,3.0419233001670234,78.28780205398446,-0.5252547260918601,118.25192059424302,-0.5252547260918601,-3.809010421304656,38.42001504872663,533.129512888606,24.802041439645755,394.3671246970793,57.198219031814986,0.0014839509162740596,7.419754581370299,322.47059779288526,1.048410389412624,NONE,NONE,0.0,1.0,False
10.5,10.5,AEROTWIN-4-001,TAKEOFF,0.35,1474.9712825232195,704.604341455597,58.80128050294443,5.815999690650521,33.734260522196514,3.120211102221008,-31.038471933767,-0.5342021248220843,7.9480660694688074,-0.5342021248220843,-1.063662129174117,38.6322084200374,533.9647569497735,24.805452371020642,396.1120585630973,57.45130074987451,0.0015135038098614958,7.56751904930748,322.42705098312484,1.0044196885756624,NONE,NONE,0.0,1.0,False
10.51,10.51,AEROTWIN-4-001,TAKEOFF,0.35399999999999987,1513.2974455457677,73.10261840699013,59.34778277213572,116.4257525833503,33.066451825115216,3.089172630287241,80.27012812794786,-0.5391670281528452,-0.5391670281528452,-3.8691712419660975,121.3732578816221,38.843829338070925,534.798768575682,24.808880557653907,395.42131099143063,57.351116103575116,0.0015129715685863337,7.564857842931669,322.3819711959435,1.0755037404832126,NONE,NONE,0.0,1.0,False
10.52,10.52,AEROTWIN-4-001,TAKEOFF,0.3579999999999998,1498.2678850972225,163.90046513973618,60.342849330188926,6.498803000945619,34.80719803708622,3.169442758415189,-31.477837794555793,-0.548207080769128,-0.548207080769128,-1.1401618546634646,8.73537901714734,39.065610465658935,535.654355409381,24.81250931695651,397.2048781283306,57.609801113976815,0.0015437624710121908,7.718812355060955,322.33538690470107,1.020312473929456,NONE,NONE,0.0,1.0,False
10.53,10.53,AEROTWIN-4-001,TAKEOFF,0.3619999999999997,1537.5245901126643,253.79653824556954,60.88989879454051,119.47626025720956,34.11924461615321,3.1379649206206337,82.21905072043572,-3.9840225878344366,-0.5531769552980469,124.56663675564008,-0.5531769552980469,39.28661365312521,536.5081113320452,24.816154019164518,396.50654371254717,57.508516086980414,0.0015430514250343672,7.715257125171836,322.28732753303433,1.1027487540315701,NONE,NONE,0.0,1.0,False
10.540000000000001,10.540000000000001,AEROTWIN-4-001,TAKEOFF,0.3660000000000003,1521.244963277495,346.0480136523294,61.894463654116755,5.054824623135524,35.930611364161926,3.2201839713410694,-34.095970712367475,-1.0168216577236686,-0.5623032987707942,7.19625287840078,-0.5623032987707942,39.51807089376446,537.3833476587924,24.82000834247762,398.3276593559156,57.77264705766329,0.0015751005102312078,7.875502551156039,322.23782343627255,1.07364039975892,NONE,NONE,0.0,1.0,False
10.55,10.55,AEROTWIN-4-001,TAKEOFF,0.3700000000000003,1561.224802437596,437.32271144897913,62.43345432168598,122.09342546296716,35.17375813095443,3.186088000628702,83.73357933138402,127.37811942940694,-4.150294046119775,-0.5671999601600021,-0.5671999601600021,39.74832353229001,538.2557260944416,24.823873486771877,397.5735908937442,57.66327847604687,0.0015735718653138151,7.867859326569076,322.1869058822642,1.1223864693189163,NONE,NONE,0.0,1.0,False
10.56,10.56,AEROTWIN-4-001,TAKEOFF,0.37400000000000017,1542.9126568284487,530.9961995952349,63.445450446804486,1.9638089177884863,37.0468554159373,3.2698215799600856,-38.352868078108905,3.793138693825857,-0.6765421445748192,-0.5763938157312758,-0.5763938157312758,39.98927806347532,539.1494292859824,24.827956688329678,399.4226014532263,57.93145526957304,0.0016067706228604151,8.033853114302076,322.13460703162787,1.1557747212526328,NONE,NONE,0.0,1.0,False
10.57,10.57,AEROTWIN-4-001,TAKEOFF,0.3780000000000001,1582.424777756267,623.5709590049419,63.969747522969975,122.16834274256904,36.182881474297034,3.2314687118819765,82.75399255639003,-0.5811569877188584,127.6619236775344,-0.5811569877188584,-4.331266959527655,40.22842320002412,540.0389418353307,24.832042327311022,398.57688098807847,57.808793664748926,0.001603896479662372,8.01948239831186,322.0809599174384,1.097625368995246,NONE,NONE,0.0,1.0,False
10.58,10.58,AEROTWIN-4-001,TAKEOFF,0.382,1562.6701323201685,718.5164456703179,64.97929212894141,0.0,38.05980994644014,3.3142227044383663,-41.374032650878505,-0.5903285715517242,0.2583015992475504,-0.5903285715517242,-0.11462711456662224,40.47825613246375,540.9491503370572,24.836349938163636,400.39921897273933,58.07310192136817,0.001637494953913609,8.187474769568047,322.0259984243631,1.2177996715698254,NONE,NONE,0.0,1.0,False
10.59,10.59,AEROTWIN-4-001,TAKEOFF,0.3859999999999999,1599.093931320853,92.27665360952801,65.4934371086962,116.67415556385482,37.11548065447919,3.2728486717874876,76.28582623758815,-0.5949995130397733,-0.5949995130397733,-4.458973942000281,122.32312853193464,40.72579143742934,541.8541373496251,24.840653311923553,399.4892672222427,57.941124339379634,0.0016335837558688645,8.167918779344323,321.9697572672589,0.9755638538931805,NONE,NONE,0.0,1.0,False
10.6,10.6,AEROTWIN-4-001,TAKEOFF,0.3899999999999998,1582.9476166857958,188.2222894887792,66.47908254891615,8.398244239172254,38.86587203451071,3.3491344980250757,-33.81676229336353,-0.6478039211207444,-0.6039539760035575,10.253956112300113,-0.6039539760035575,40.983408619010454,542.7781098864506,24.845171961549905,401.165278149628,58.18420961226575,0.0016658509562952352,8.329254781476177,321.9122719692461,1.0977261161493408,NONE,NONE,0.0,1.0,False
10.61,10.61,AEROTWIN-4-001,TAKEOFF,0.39399999999999974,1612.4309506986667,283.199146489927,67.02496904948234,103.15003239640127,38.084964301890366,3.3153177357317123,61.749750358779195,-4.4462039950928745,-0.608913285154989,108.81406296180411,-0.608913285154989,41.23936437303045,543.698063260726,24.8496993679037,400.4232713577221,58.0765904311813,0.001664146377992403,8.320731889962016,321.853578839271,0.7128709329446067,NONE,NONE,0.0,1.0,False
10.620000000000001,10.620000000000001,AEROTWIN-4-001,TAKEOFF,0.39800000000000035,1608.7359500370953,379.94500353184696,67.95435268768838,35.15516254859314,39.5168863514371,3.3770674860904917,-7.738791288934453,37.96931170739609,-1.579435925139446,-0.6173566168317488,-0.6173566168317488,41.50389479743818,544.6336535152216,24.85441900065837,401.77705355704524,58.27294029380673,0.0016924472472219054,8.462236236109527,321.79371494917257,0.6558217487089137,NONE,NONE,0.0,1.0,False
10.63,10.63,AEROTWIN-4-001,TAKEOFF,0.40200000000000025,1626.8868788163172,476.46916053407267,68.60625095413003,80.72052736666075,39.33598233276962,3.369328694801557,38.01521633908957,86.15166114951275,-4.18457572417374,-0.623279029339135,-0.623279029339135,41.76944501068211,545.5702704416426,24.859197446936776,401.6076638218235,58.24837234538964,0.0016989439277097498,8.494719638548748,321.7327181102668,0.2936900171002069,NONE,NONE,0.0,1.0,False
10.64,10.64,AEROTWIN-4-001,TAKEOFF,0.40600000000000025,1641.7082507713144,574.0823732630517,69.44174222003218,74.67777685668203,40.22862411224779,3.407343911140647,31.04180883329359,-0.6308693608029688,78.5909848371671,-0.6308693608029688,-2.6514692588791258,42.040987464996114,546.5172509143799,24.864125442168728,402.43901212091663,58.36894943999351,0.001720157379292764,8.60078689646382,321.67062684946455,0.17403992348583805,NONE,NONE,0.0,1.0,False
10.65,10.65,AEROTWIN-4-001,TAKEOFF,0.41000000000000014,1644.9647477523145,672.5848683093307,70.2495766963331,51.22372693298492,40.96494988504627,3.4383857199739407,6.820391327964703,-0.6382084338648706,56.024374599490514,-0.6382084338648706,-3.5242307987758568,42.3177262628949,547.472908891851,24.869190846893748,403.11648471159,58.46720870959959,0.0017393422163490004,8.696711081745002,321.607480384937,0.4159548930706414,NONE,NONE,0.0,1.0,False
10.66,10.66,AEROTWIN-4-001,TAKEOFF,0.41400000000000003,1679.7487244948236,51.282753174469576,70.96209141170101,117.42422408507596,41.127627442504675,3.4452061113019057,72.85139053126939,-0.6446815390704194,-0.6446815390704194,-3.772557899602052,122.48614506281885,42.596941197573635,548.4320710614486,24.87434565277296,403.26517225594705,58.48877405365805,0.0017507517872313875,8.753758936156938,321.54331860134454,0.8962209016373006,NONE,NONE,0.0,1.0,False
10.67,10.67,AEROTWIN-4-001,TAKEOFF,0.4179999999999999,1667.59997975091,152.06767664415898,71.93404822597337,20.959150561154633,42.885364551199224,3.5180575018331752,-25.444271491877767,-0.6535116426154195,-0.6535116426154195,-2.295925183121314,24.562099029506786,42.885993413902625,549.4081615954102,24.87972707503173,404.8497205504005,58.718593769188985,0.0017841537922168365,8.920768961084184,321.47818202464487,0.9766103717152503,NONE,NONE,0.0,1.0,False
10.68,10.68,AEROTWIN-4-001,TAKEOFF,0.4219999999999998,1713.627123064923,252.12367542921356,72.52281412373785,142.15890973181627,42.267272967456336,3.4926132303412976,96.39902353401864,-4.702886959111473,-0.658860505614973,148.17951770215768,-0.658860505614973,43.17376335251844,550.3806432611325,24.88513242030656,404.2970496020144,58.638435480176966,0.0017850327670950262,8.925163835475132,321.412111796496,1.3026833836613547,NONE,NONE,0.0,1.0,False
10.69,10.69,AEROTWIN-4-001,TAKEOFF,0.4259999999999998,1690.6344416954676,354.94130281310896,73.58334335444312,0.06594904388950962,44.63269604108877,3.589012253875316,-48.15575925107458,-0.44209058909719534,-0.6684952782531355,1.845030189492976,-0.6684952782531355,43.47405561329087,551.3745388037748,24.890819363706147,406.3867189069882,58.94151693683176,0.0018270225815897102,9.135112907948551,321.3451496482701,1.3725117626824892,NONE,NONE,0.0,1.0,False
10.700000000000001,10.700000000000001,AEROTWIN-4-001,TAKEOFF,0.4300000000000004,1728.3115433928137,456.37936931483705,74.08880850419939,125.89460200120264,43.44300823928606,3.540856494624242,78.91073726729235,132.25767374590004,-5.016897015509375,-0.6730873645940068,-0.6730873645940068,43.77030499591993,552.35973295155,24.896481707819472,405.34425501661224,58.79032005909941,0.0018202027063319243,9.101013531659621,321.2773378746952,0.9916003023050703,NONE,NONE,0.0,1.0,False
10.71,10.71,AEROTWIN-4-001,TAKEOFF,0.4340000000000003,1723.6335327977577,560.0780619184059,75.08191345987738,39.223071579969826,45.4009068273073,3.619767231891534,-9.79760247922901,-0.6821095963031948,42.34355295678557,-0.6821095963031948,-1.7562621842093538,44.07710630425973,553.3624445749296,24.9023936954214,407.0510302827531,59.03786733014994,0.001856918527971367,9.284592639856836,321.208719307141,0.71410598748236,NONE,NONE,0.0,1.0,False
10.72,10.72,AEROTWIN-4-001,TAKEOFF,0.4380000000000003,1735.6787677040056,663.4960738862713,75.73662646611155,73.99291733732558,45.15546671309248,3.609969629412305,25.227480994820795,-0.6880575803621717,79.67243861689573,-0.6880575803621717,-4.303406118845811,44.38414484517807,554.3640835460411,24.908363789832794,406.83952381667507,59.00719085532292,0.0018632491386875822,9.316245693437912,321.1393372865654,0.11689343084009986,NONE,NONE,0.0,1.0,False
10.73,10.73,AEROTWIN-4-001,TAKEOFF,0.44200000000000017,1768.7677698053994,47.63679994851168,76.52470769405544,118.72543113383547,45.78879007919019,3.635197110407126,69.30144394423816,-0.6952171976851134,-0.6952171976851134,-3.8526587925397657,123.96852432174546,44.69547427166759,555.3718437864061,24.914469531184885,407.3838919846242,59.08614492566593,0.0018818204299940345,9.409102149970172,321.06923563613975,0.8254014044980914,NONE,NONE,0.0,1.0,False
10.74,10.74,AEROTWIN-4-001,TAKEOFF,0.44600000000000006,1753.949640578173,153.76286613683567,77.47668492284849,20.22074882751674,47.551267553298004,3.704498554351364,-31.035017280132628,-0.7038657892472991,-0.7038657892472991,-2.333775844595902,23.96225625060724,45.0162030797955,556.3945910216626,24.920811457021742,408.8754375398603,59.302475709906254,0.0019161588172491102,9.580794086245552,320.998458633569,1.0902875276703754,NONE,NONE,0.0,1.0,False
10.75,10.75,AEROTWIN-4-001,TAKEOFF,0.44999999999999996,1802.4499302452841,258.99984457152607,78.05574646581103,152.01010123165457,46.75786855113487,3.6734635370712314,101.57876914344848,-5.220731035973071,-0.709126489422661,158.64908524647296,-0.709126489422661,45.33448156329752,557.4114189492259,24.927164282379177,408.2081802679884,59.2056980497085,0.001915080316392908,9.57540158196454,320.92705098312484,1.3818706697290086,NONE,NONE,0.0,1.0,False
10.76,10.76,AEROTWIN-4-001,TAKEOFF,0.45399999999999985,1780.7958267981458,367.1468403862431,79.12323272640872,7.802316493320491,49.37952239350739,3.77504230621468,-45.35224820640158,9.910697041462221,-0.6707316165636729,-0.7188244657890279,-0.7188244657890279,45.66595247850399,558.4496120170289,24.93383193415288,410.38800032841135,59.52185479163212,0.0019615860314592445,9.807930157296223,320.8550577874099,1.3378975738877121,NONE,NONE,0.0,1.0,False
10.77,10.77,AEROTWIN-4-001,TAKEOFF,0.45799999999999985,1803.4200624530206,473.9945899941319,79.65518545316638,99.31396558227931,48.20018717331207,3.729690058008278,47.38408835095896,105.71969140770166,-4.958411448653027,-0.7236571883846628,-0.7236571883846628,45.993106798195925,559.4785699280881,24.940477268026232,409.4162365347472,59.380912114526666,0.0019553467070968678,9.77673353548434,320.7825245188697,0.43286008626039485,NONE,NONE,0.0,1.0,False
10.78,10.78,AEROTWIN-4-001,TAKEOFF,0.46199999999999974,1830.895856577576,582.1997937413131,80.52481989504531,110.75493455127709,49.43269175608542,3.7770741463592366,57.54516864883243,-0.7315577062423807,115.90355313346348,-0.7315577062423807,-3.6855031697016245,46.327001316991286,560.5174999923657,24.947316258112807,410.43148178687534,59.528161255404825,0.001982798615311482,9.91399307655741,320.7094969910712,0.6188513810349712,NONE,NONE,0.0,1.0,False
10.790000000000001,10.790000000000001,AEROTWIN-4-001,TAKEOFF,0.4660000000000003,1816.0759558344485,692.0535451359676,81.42755227715824,23.74630961407776,50.95041783342919,3.8346193150080694,-31.038727534359502,-0.7397589146607294,27.825966525403548,-0.7397589146607294,-2.6001390820043273,46.66877776446262,561.5682321453755,24.95437521890741,411.6610196368623,59.70649096609124,0.002014280918417079,10.071404592085395,320.63602132976615,1.100468844207577,NONE,NONE,0.0,1.0,False
10.8,10.8,AEROTWIN-4-001,TAKEOFF,0.4700000000000003,1866.042744038221,81.01810248603454,82.01571738731859,158.5827126977077,50.12893561393475,3.80358058747371,104.65019649629926,-0.7451023195816161,-0.7451023195816161,-5.5197424774948285,165.59265981436576,47.007743824250525,562.6123446085273,24.96144419967314,410.99829320541085,59.61037044992638,0.0020131520742527474,10.065760371263737,320.5621439437572,1.4303077062260137,NONE,NONE,0.0,1.0,False
10.81,10.81,AEROTWIN-4-001,TAKEOFF,0.4740000000000002,1849.5609815847392,192.9806671283278,83.08063596541236,22.31424636016048,52.92533813757094,3.9082307839700094,-34.51932256138047,-1.2715478559306042,-0.7547769688803115,25.095348153851706,-0.7547769688803115,47.36022867405441,563.677768597902,24.96885062437797,413.2284750094823,59.93383155842529,0.0020627156073460074,10.313578036730037,320.4879114955846,1.1560499673479612,NONE,NONE,0.0,1.0,False
10.82,10.82,AEROTWIN-4-001,TAKEOFF,0.4780000000000001,1861.3976030654856,303.9543260234122,83.66279042149293,80.65881780441767,51.99454428485132,3.873711461408629,24.790562058157715,-4.7284626827594085,-0.7600657677764054,86.9074120227299,-0.7600657677764054,47.70931552538565,564.7354933750621,24.976258820595262,412.49417538559265,59.827330209575585,0.002060332539468976,10.301662697344879,320.4133708720539,0.14445779620209104,NONE,NONE,0.0,1.0,False
10.83,10.83,AEROTWIN-4-001,TAKEOFF,0.482,1905.3692153945142,415.63818220734134,84.44934806634414,148.65460349318346,52.66217196346709,3.898502023466787,92.09392950624958,154.93896642660476,-4.749939846338328,-0.7672115435415019,-0.7672115435415019,48.062205659398444,565.7978478705708,24.983813669737497,413.02165527479394,59.90383483774556,0.0020803231556775865,10.401615778387933,320.3385691546205,1.216018105112928,NONE,NONE,0.0,1.0,False
10.84,10.84,AEROTWIN-4-001,TAKEOFF,0.4859999999999999,1878.7679701716647,529.9603351310122,85.45997171202303,3.4567044881777225,55.179626247500735,3.990595952973036,-55.71351771229605,6.024604120259919,-1.0151137714575498,-0.7763929303123235,-0.7763929303123235,48.42699574773436,566.8784884804041,24.991683954354162,414.975347741821,60.187194485778235,0.002126251955992403,10.631259779962015,320.26355358965225,1.5295114439312492,NONE,NONE,0.0,1.0,False
10.85,10.85,AEROTWIN-4-001,TAKEOFF,0.48999999999999977,1914.9794523863245,642.6864133413121,85.97704760706446,133.42566717139823,53.64963373535589,3.93488243526074,75.8411510007816,-0.7810904987914925,140.70300913651516,-0.7810904987914925,-5.7151609675339365,48.78560228773321,567.9467125413247,24.99950208926247,413.7945251812784,60.01593034324226,0.002115648345140167,10.578241725700835,320.18837155858796,0.9235725046502447,NONE,NONE,0.0,1.0,False
10.86,10.86,AEROTWIN-4-001,TAKEOFF,0.4939999999999998,1936.6406433243485,37.585180484491616,86.93255283348255,105.1154720687541,55.73765626989187,4.010723586261522,45.36709221260071,-0.789771141761599,-0.789771141761599,-3.61284886960821,110.30786322188551,49.15411084747429,569.0297502073857,25.007599555867593,415.4011312135332,60.24894926894842,0.0021559094891345667,10.779547445672835,320.11307054800983,0.41310491889964196,NONE,NONE,0.0,1.0,False
10.870000000000001,10.870000000000001,AEROTWIN-4-001,TAKEOFF,0.49800000000000033,1918.4094248423567,153.78361908395252,87.7820810270989,22.878451045426605,57.005735066296175,4.056090678474122,-38.18337469934369,-0.7974889969212907,-0.7974889969212907,-2.642254670544097,27.115683709813283,49.52866049153771,570.1209952993402,25.015901478308443,416.3592721210113,60.387916109887236,0.002184646980076407,10.923234900382035,320.03769811965003,1.2317389571042743,NONE,NONE,0.0,1.0,False
10.88,10.88,AEROTWIN-4-001,TAKEOFF,0.5020000000000002,1967.3923979278902,268.8881845744939,88.3639802204044,162.5451078222571,55.93750158748306,4.017907303774779,102.58969893099926,-6.019682548924456,-0.8027754767876685,170.17034132475692,-0.8027754767876685,49.89898112800273,571.2031458846462,25.024194176703805,415.5529932649159,60.27097503715687,0.0021807044281262284,10.903522140631141,319.9623018803499,1.3932345663547567,NONE,NONE,0.0,1.0,False
10.89,10.89,AEROTWIN-4-001,TAKEOFF,0.5060000000000002,1971.128894371614,386.9317284501673,89.39270258109013,70.77668393290071,58.83048707834979,4.120497002705778,7.825699851845141,75.15967300603322,-2.7587464969860167,-0.8121212880732372,-0.8121212880732372,50.282322070109146,572.3052354080706,25.03284245538401,417.71584606960914,60.58467088224397,0.0022324425229689206,11.162212614844602,319.88692945199017,0.4231758305974919,NONE,NONE,0.0,1.0,False
10.9,10.9,AEROTWIN-4-001,TAKEOFF,0.5100000000000001,1959.3695809093317,505.1994621124642,90.12314210372988,38.55383666545529,59.054162485808526,4.1283227025576235,-24.628648522910858,43.69596746091547,-3.5046163197322366,-0.8187572378639675,-0.8187572378639675,50.666910580713285,573.4073740490281,25.041602052611196,417.88038669389016,60.60853552530844,0.0022468899416714355,11.234449708357177,319.81162844141204,1.000038548658295,NONE,NONE,0.0,1.0,False
10.91,10.91,AEROTWIN-4-001,TAKEOFF,0.514,2012.6622301639695,622.7616369670241,90.75400089768033,174.07121408730643,58.351656440800284,4.103694054034712,111.61586359247144,-0.8244885094503771,181.85457459334907,-0.8244885094503771,-6.134383487141892,51.04875972549829,574.5029195181921,25.0503873803695,417.3623413344258,60.53339926246245,0.0022483258761365013,11.241629380682507,319.73644641034775,1.555060975568573,NONE,NONE,0.0,1.0,False
10.92,10.92,AEROTWIN-4-001,TAKEOFF,0.5179999999999999,2010.0107693743116,23.521370776862227,91.79384012917728,60.23112606178364,61.56902263620372,4.2153099176271835,-5.553206492047262,-0.8339353160877125,-0.8339353160877125,-2.4961211934421774,64.39511788740124,51.44455849275753,575.6199160574505,25.05956042939054,419.70518378938,60.873200446444095,0.002304764662619576,11.52382331309788,319.6614308453796,0.6519492421311676,NONE,NONE,0.0,1.0,False
10.93,10.93,AEROTWIN-4-001,TAKEOFF,0.5219999999999998,1998.600389606392,144.12201693932093,92.48677196027457,41.71882188823025,61.40690867947247,4.209756711135137,-23.897843502377356,-0.8402305132902715,-0.8402305132902715,-3.693197765350396,47.092480680161195,51.83977359605794,576.7338513428889,25.06881142867649,419.58891652293795,60.856337274653875,0.0023141264792538533,11.570632396269266,319.5866291279461,0.9879102686240495,NONE,NONE,0.0,1.0,False
10.94,10.94,AEROTWIN-4-001,TAKEOFF,0.5259999999999998,2052.305244461584,264.03804031570445,93.12553792120192,177.3767449540832,60.71170110299843,4.185858867632759,112.479184983452,-6.310931164538025,-0.8460336204789718,185.37974335957918,-0.8460336204789718,52.232168135738284,577.8410480834337,25.078090343706197,419.08821761398684,60.78371690629742,0.002315929172763188,11.579645863815939,319.5120885044154,1.5733071865529915,NONE,NONE,0.0,1.0,False
10.950000000000001,10.950000000000001,AEROTWIN-4-001,TAKEOFF,0.5300000000000004,2055.7183109270823,387.1763549833995,94.15127649432614,75.46498294257829,64.01833520047994,4.298338052616211,7.148309689482138,80.10568098872018,-2.929993397270777,-0.8553523244355548,-0.8553523244355548,52.63842767647339,578.9695812718314,25.08776767435047,421.4399146226074,61.12480233703373,0.0023738100562253703,11.869050281126851,319.4378560562428,0.42858511858143866,NONE,NONE,0.0,1.0,False
10.96,10.96,AEROTWIN-4-001,TAKEOFF,0.5340000000000003,2037.503036599552,510.51945363902445,94.88096239060405,30.386947429418285,64.2314424074411,4.305486362305693,-38.1499813403285,35.29244938285918,-3.181539098186855,-0.8619814276270209,-0.8619814276270209,53.045470464774894,580.0973638732901,25.097559107102718,421.588951370073,61.14641832881265,0.0023886449040590534,11.943224520295267,319.36397867023385,1.2303919284397007,NONE,NONE,0.0,1.0,False
10.97,10.97,AEROTWIN-4-001,TAKEOFF,0.5380000000000003,2086.1380434392554,632.7696358349975,95.48722225362194,169.22646017739598,63.098203666496154,4.267336380965365,101.86092012993447,-0.8674892210670342,177.4600078253392,-0.8674892210670342,-6.49856920580916,53.44776926254944,581.2151453635719,25.107339709023595,420.7929786098915,61.030972031621445,0.0023846292678230256,11.923146339115126,319.2905030089288,1.3912703611046464,NONE,NONE,0.0,1.0,False
10.98,10.98,AEROTWIN-4-001,TAKEOFF,0.5420000000000001,2108.7695979831306,37.93791844135285,96.46871872559981,117.91506601602026,66.14645171868813,4.3691973010953,47.39941699623684,-0.8764059911841358,-0.8764059911841358,-4.041155894775558,123.70903389316409,53.86243323055284,582.3518258909565,25.117497376670272,422.9151009521484,61.3387604118977,0.0024391311435956035,12.195655717978017,319.2174754811303,0.4786005298633933,NONE,NONE,0.0,1.0,False
10.99,10.99,AEROTWIN-4-001,TAKEOFF,0.546,2079.0646384550287,164.46409432034068,97.2976093103678,9.792096531587635,67.58942156594026,4.416596718091537,-62.213921752444165,-0.8839363563027306,-0.8839363563027306,-1.7756659647091653,13.33563520890226,54.282576288744956,583.4957886428183,25.127883145948545,423.89921538840014,61.48149440150278,0.002471150063171256,12.35575031585628,319.1449422125901,1.635798423229199,NONE,NONE,0.0,1.0,False
11.0,11.0,AEROTWIN-4-001,TAKEOFF,0.5499999999999999,2110.1044427057236,289.2079726276424,97.8544345285681,135.06264744412906,65.69865064589159,4.354382796339092,65.00961400189837,-6.296289161145858,-0.8889950423070638,143.13692668988907,-0.8889950423070638,54.6948767861227,584.6244216289429,25.13819074244108,422.60708263929814,61.294086051838526,0.0024570387021093385,12.285193510546694,319.07294901687516,0.7540724170942449,NONE,NONE,0.0,1.0,False
11.01,11.01,AEROTWIN-4-001,TAKEOFF,0.5539999999999998,2158.8423677679057,415.8142391899858,98.73000559235824,174.17088040473013,67.67501644334814,4.419392410340991,102.076471551041,181.5295901946036,-5.564810802639935,-0.8969494936167764,-0.8969494936167764,55.11485539560645,585.7641415636646,25.14877837793348,423.95719384232166,61.48990348050265,0.002496825812063634,12.48412906031817,319.00154136643107,1.4247362164711175,NONE,NONE,0.0,1.0,False
11.02,11.02,AEROTWIN-4-001,TAKEOFF,0.5579999999999998,2125.5607240497516,545.3447812560602,99.67656725183774,5.653911423960848,70.83735414496579,4.521468881892032,-69.70491160289697,-0.9055488854232822,8.09764012152407,-0.9055488854232822,-0.6326309267166572,55.546709910900425,586.9222561821878,25.159752808976208,426.06912784703604,61.79621416467841,0.002552661933100566,12.76330966550283,318.93076436386025,1.7524650529331893,NONE,NONE,0.0,1.0,False
11.03,11.03,AEROTWIN-4-001,TAKEOFF,0.5619999999999997,2125.1777445033326,672.8784246990454,100.23375577650879,72.31972496337704,68.67007147942493,4.451763970289135,-0.8021104863370274,-0.9106108720205103,79.14565845378795,-0.9106108720205103,-5.004711746369877,55.96970166059656,588.0631543736544,25.170626936902508,424.62799856703737,61.58719565616597,0.002535288421115753,12.676442105578765,318.8606627134346,0.5938180909639635,NONE,NONE,0.0,1.0,False
11.040000000000001,11.040000000000001,AEROTWIN-4-001,TAKEOFF,0.5660000000000003,2183.7019488366855,80.38908936924531,100.94525408906414,195.66909680629232,68.64532801925746,4.450961859802797,122.57280692723205,-0.9170747433362951,-0.9170747433362951,-6.7815219189558436,204.28476821192075,56.39221878512905,589.201365976243,25.18159617720552,424.6113890159446,61.58478664009458,0.0025472912950831603,12.736456475415801,318.791280692859,1.7629698652543373,NONE,NONE,0.0,1.0,False
11.05,11.05,AEROTWIN-4-001,TAKEOFF,0.5700000000000003,2194.142173775991,211.41120629944643,101.92966130249067,98.91765568755822,72.47816504006244,4.57353466673003,21.865955980765758,-3.6196414364642884,-0.9260179571677746,104.38933303835806,-0.9260179571677746,56.82896589992324,590.362204090624,25.193018344888124,427.14267398650395,61.95191914965456,0.002612917709302745,13.064588546513727,318.7226621253048,0.1611005578697236,NONE,NONE,0.0,1.0,False
11.06,11.06,AEROTWIN-4-001,TAKEOFF,0.5740000000000002,2162.821616169357,343.0597367260059,102.6887847380251,12.170632517477792,73.17285435032531,4.5954006227107955,-65.59762245555831,-2.0387062140319823,-0.932914496644401,16.075167724798575,-0.932914496644401,57.26764521914068,591.5244956342624,25.20460394032291,427.59279893761044,62.017204372313145,0.00263515152072986,13.1757576036493,318.6548503517299,1.6930177848237709,NONE,NONE,0.0,1.0,False
11.07,11.07,AEROTWIN-4-001,TAKEOFF,0.5780000000000001,2189.8071976082765,472.82903369616736,103.26754410626248,132.14700684234643,71.09873424118548,4.529803000255237,56.51846960090571,140.50846881307166,-6.485117067523317,-0.9381724516009705,-0.9381724516009705,57.6978965088266,592.6703067931927,25.2160974777957,426.2411348216522,61.82116171226279,0.002619150787694869,13.095753938474346,318.587888203504,0.6126697490247683,NONE,NONE,0.0,1.0,False
11.08,11.08,AEROTWIN-4-001,TAKEOFF,0.582,2247.513313499224,604.217465552664,104.10171672549068,198.32973209514176,72.88400412515172,4.586321469856143,120.8594065001339,-0.9457508033281542,206.60825347549266,-0.9457508033281542,-6.38701977369458,58.13432888427307,593.8250379223379,25.227857119979312,427.4059507814342,61.99010428943766,0.0026567264273716674,13.283632136858339,318.52181797535513,1.757707684022327,NONE,NONE,0.0,1.0,False
11.09,11.09,AEROTWIN-4-001,TAKEOFF,0.5859999999999999,2232.8905679956824,19.068264362617356,105.04086203472927,50.857291306671016,76.77591699647417,4.707180876356277,-30.625806566159426,-0.9542828185397418,-0.9542828185397418,-2.3381917524647258,55.10404869621522,58.584189127998826,595.0016319657791,25.240073581245433,429.88723100006166,62.349984209786946,0.0027228468661338835,13.614234330669417,318.45668139865546,1.060065337875994,NONE,NONE,0.0,1.0,False
11.1,11.1,AEROTWIN-4-001,TAKEOFF,0.5899999999999999,2208.2916728501277,153.04169844235832,105.70516904174404,28.936879319157647,75.7801297665015,4.676555069790118,-51.519805517133975,-0.960317962870718,-0.960317962870718,-3.2651429700528714,34.122658214951954,59.02962099000439,596.1685442672042,25.25230194085447,429.2596917924608,62.25896717819493,0.0027224179496090706,13.612089748045353,318.392519615063,1.4544956859245772,NONE,NONE,0.0,1.0,False
11.11,11.11,AEROTWIN-4-001,TAKEOFF,0.5939999999999998,2245.7626641912098,285.53919881336594,106.32583029878151,157.22374190419197,74.11964589333844,4.6250352642729835,78.47906074658054,-6.979862725157588,-0.9659565911364335,166.1355178116224,-0.9659565911364335,59.4682502943587,597.3217413774598,25.26447760633315,428.2021644456171,62.10558552686341,0.0027124027791359923,13.562013895679963,318.32937315053545,1.000426336103408,NONE,NONE,0.0,1.0,False
11.120000000000001,11.120000000000001,AEROTWIN-4-001,TAKEOFF,0.5980000000000003,2301.5702957451263,420.28495866483854,107.18563356140301,198.24310240233288,76.65635787462662,4.703514325019564,116.88323020268669,206.53352830191827,-6.342890311613427,-0.9737677939859762,-0.9737677939859762,59.91531479276687,598.4881675562482,25.276990690837547,429.81214452242966,62.339093817244155,0.002760580077914721,13.802900389573606,318.26728188973317,1.7052622346412754,NONE,NONE,0.0,1.0,False
11.13,11.13,AEROTWIN-4-001,TAKEOFF,0.6020000000000003,2284.48209936451,558.3791764095461,108.08136461724584,49.54450867263655,80.51354592571055,4.820397555222251,-35.78943480829624,-0.9819053962491856,53.83031085989395,-0.9819053962491856,-2.321991394759026,60.37478677457212,599.6753506369471,25.28995694130871,432.20006603848674,62.68543317809004,0.0028260922335346644,14.130461167673321,318.20628505082743,1.1392589687399235,NONE,NONE,0.0,1.0,False
11.14,11.14,AEROTWIN-4-001,TAKEOFF,0.6060000000000002,2256.3765139540074,695.4481023714167,108.7491236521717,25.242833097215176,79.32242541045146,4.784608120413955,-58.86420043365024,-0.9879719018129324,30.297672538371707,-0.9879719018129324,-3.0788956375306658,60.82914062657436,600.8515306278939,25.302920071536814,431.4701315962264,62.57956494645348,0.0028234742115547636,14.117371057773818,318.146421160729,1.5752644740462318,NONE,NONE,0.0,1.0,False
11.15,11.15,AEROTWIN-4-001,TAKEOFF,0.6100000000000001,2286.9155220745693,110.83069320865707,109.37440693261966,146.06914460403664,77.38265164440477,4.725743919980304,63.96074903965156,-0.9936525205711292,-0.9936525205711292,-6.965270504420856,155.02172014959973,61.27581581627809,602.0122608681769,25.315807263382556,430.26720009869223,62.40509416791412,0.0028100711499683077,14.050355749841538,318.0877280307539,0.7544995619770204,NONE,NONE,0.0,1.0,False
11.16,11.16,AEROTWIN-4-001,TAKEOFF,0.614,2348.811431525433,248.04562453313122,110.1922834274048,213.9156976600169,79.49150337893538,4.789704669019955,129.63448961206154,-6.963646191575764,-1.0010828240886587,222.88150949976998,-1.0010828240886587,61.728917638434325,603.1830609987901,25.32899355866474,431.57414347796515,62.59465062175711,0.002852510811641932,14.26255405820966,318.03024273274116,1.9292003523985348,NONE,NONE,0.0,1.0,False
11.17,11.17,AEROTWIN-4-001,TAKEOFF,0.6179999999999999,2352.7466708353963,388.97431042465723,111.07394468210107,97.01393082642306,83.8526457302585,4.919339158632018,8.241945937532545,102.69828130519183,-3.6661652707586128,-1.009092604005075,-1.009092604005075,62.195377733733956,604.3771179444741,25.342679705617073,434.2123978555691,62.977297760176036,0.002924929355027058,14.62464677513529,317.9740015756369,0.36360430542372707,NONE,NONE,0.0,1.0,False
11.18,11.18,AEROTWIN-4-001,TAKEOFF,0.6219999999999999,2312.292303836758,530.139110674781,111.80145701428971,4.3340104456179755,84.13385745341415,4.9275811045695495,-84.72742811236573,7.670006962232562,-1.3045925953259063,-1.0157019606443403,-1.0157019606443403,62.66146864856694,605.5690099976489,25.35649722790802,434.3796601268634,63.00155714548002,0.002942430682960395,14.712153414801975,317.9190400825616,1.998460930018617,NONE,NONE,0.0,1.0,False
11.19,11.19,AEROTWIN-4-001,TAKEOFF,0.6259999999999998,2315.622945868177,668.8766489049865,112.42072246124839,93.08398198479368,81.2654479499069,4.842853676457184,6.975680358429597,-1.0213279081537259,101.08990856003292,-1.0213279081537259,-5.9632707589317935,63.11703812334749,606.7397671636377,25.370159435957,432.6575106165431,62.75178002480218,0.0029172554242055597,14.5862771210278,317.86539296837213,0.45386270158345987,NONE,NONE,0.0,1.0,False
11.200000000000001,11.200000000000001,AEROTWIN-4-001,TAKEOFF,0.6300000000000003,2374.6539909476287,87.81402565707708,113.14824349757112,209.9838882585201,81.49972719814885,4.849829356815613,123.63433170355565,-1.027937343868938,-1.027937343868938,-7.703919727325775,219.74368267358375,63.5723580762116,607.9086828184902,25.383947992956532,432.79952295516097,62.772377210370635,0.002934026506059162,14.670132530295813,317.8130941177358,1.8102822685504587,NONE,NONE,0.0,1.0,False
11.21,11.21,AEROTWIN-4-001,TAKEOFF,0.6340000000000003,2419.9727629887175,230.2932651139348,114.0029054497327,185.5968346742785,85.7079567764298,4.973463688519169,94.91541420932954,-5.975930722749994,-1.035701838569465,193.64416907416742,-1.035701838569465,64.04006698060311,609.0996746012912,25.398227035582156,435.30978302547487,63.136460310448825,0.0030049584302663927,15.024792151331964,317.76217656372745,1.3719425154302476,NONE,NONE,0.0,1.0,False
11.22,11.22,AEROTWIN-4-001,TAKEOFF,0.6380000000000002,2394.449306441452,375.4916308932578,114.79196887843696,40.62271392988887,89.01053721589817,5.068379102728499,-53.4562023887378,44.797566137757116,-2.0891114497464613,-1.0428703790608937,-1.0428703790608937,64.5163961263992,610.306313920397,25.412906273522424,437.22846906774197,63.41474269664716,0.0030625913964287283,15.312956982143643,317.71267246696567,1.4196713678070274,NONE,NONE,0.0,1.0,False
11.23,11.23,AEROTWIN-4-001,TAKEOFF,0.6420000000000001,2360.000503485365,519.158589279745,115.47592175960038,20.00836883366249,87.14285012786023,5.014922900339761,-72.1494041945375,24.905879954441712,-2.7993431134795044,-1.0490840036498579,-1.0490840036498579,64.9856948469771,611.4978486322906,25.42752853136237,436.14876102533464,63.258144001592484,0.003052066617383576,15.260333086917882,317.66461309529893,1.7908869208706635,NONE,NONE,0.0,1.0,False
11.24,11.24,AEROTWIN-4-001,TAKEOFF,0.646,2375.6878395120307,660.7586194888669,116.1311626705403,122.45170231547836,84.65344907548801,4.942773496145223,32.85547974384512,-1.0550367836556767,131.36145749162708,-1.0550367836556767,-6.799681608837371,65.44603147098462,612.6708312036914,25.442030707202196,434.68782840808336,63.046253256651596,0.0030322612391507405,15.161306195753703,317.6180288040565,0.22880865655928745,NONE,NONE,0.0,1.0,False
11.25,11.25,AEROTWIN-4-001,TAKEOFF,0.6499999999999999,2439.092043446832,83.29988985958869,116.8819225436939,223.55168520835096,85.7826020402744,4.975628975889069,132.7934541921875,-1.0618573412360466,-1.0618573412360466,-7.909539803698448,233.5849396945215,65.90873519416583,613.8472123548186,25.456743752449466,435.3536347976151,63.1428204837765,0.0030616264244234313,15.308132122117156,317.57294901687516,1.9858297369678906,NONE,NONE,0.0,1.0,False
11.26,11.26,AEROTWIN-4-001,TAKEOFF,0.6539999999999999,2483.9487933577607,229.64541246639862,117.69147982340786,189.47874949701057,90.42256974420499,5.108422430081256,93.94775732272431,-6.110962073651269,-1.0692120657469648,197.72813570215578,-1.0692120657469648,66.38396087663729,615.0473572074253,25.47198406262137,438.0357718810256,63.53183228208019,0.003138069204175259,15.690346020876294,317.52940220711474,1.3791241988358716,NONE,NONE,0.0,1.0,False
11.27,11.27,AEROTWIN-4-001,TAKEOFF,0.6579999999999998,2463.2502704427184,378.68234006786423,118.43800718185568,55.63051670629371,93.77903153892642,5.2023701874039805,-43.350885020036685,60.36748169796183,-2.5849766487247186,-1.0759941714716976,-1.0759941714716976,66.8669644441993,616.2627227601073,25.487627166201268,439.9248840675554,63.805825335390104,0.0031961713907383183,15.980856953691593,317.4874158798736,1.2246821234205811,NONE,NONE,0.0,1.0,False
11.28,11.28,AEROTWIN-4-001,TAKEOFF,0.6619999999999997,2421.120083605022,526.4773562944273,119.14949024268395,9.144401089215041,92.22263876261245,5.1590193023839435,-88.23725697578135,13.207647408125556,-1.8983305104555361,-1.0824579042274893,-1.0824579042274893,67.34407994960253,617.4648333784372,25.50324534202415,439.05403483623826,63.679519104578326,0.003190478689010276,15.95239344505138,317.4470165546159,2.049386226244924,NONE,NONE,0.0,1.0,False
11.290000000000001,11.290000000000001,AEROTWIN-4-001,TAKEOFF,0.6660000000000004,2419.140969721123,671.7445613107286,119.83128827426539,90.02069348268844,89.09495786279707,5.070782045408162,-4.145046425516792,-1.088651952283162,98.28998957621378,-1.088651952283162,-6.091992188959023,67.81085834105627,618.6448354369498,25.518691731229133,437.2769500385171,63.421774279686446,0.0031630380085638453,15.815190042819227,317.4082297484215,0.6434628267207875,NONE,NONE,0.0,1.0,False
11.3,11.3,AEROTWIN-4-001,TAKEOFF,0.6700000000000003,2471.415697731997,96.89301949399601,120.54850580617256,203.49992963522183,88.94935831132845,5.066636998982646,109.48393432491073,-1.0951677819764503,-1.0951677819764503,-8.15438908256464,213.84465428173937,68.27593302559015,619.8204892523352,25.534232838014614,437.1933180885991,63.40964446893423,0.003175238132126332,15.876190660631659,317.3710799598684,1.573310035759994,NONE,NONE,0.0,1.0,False
11.31,11.31,AEROTWIN-4-001,TAKEOFF,0.6740000000000002,2535.593310256043,245.17796135791585,121.31352646513494,232.424468016676,92.83506972971855,5.176120933307557,134.4132773536499,-7.502249361213701,-1.102117896974882,242.13095317183945,-1.102117896974882,68.75063585539108,621.0151551771976,25.55023587531614,439.39775309480706,63.729371313364624,0.003241963548226009,16.209817741130045,317.3355906535594,2.0692320349192683,NONE,NONE,0.0,1.0,False
11.32,11.32,AEROTWIN-4-001,TAKEOFF,0.678,2556.25935280004,397.3135599732784,122.02990298834173,146.31253803367687,97.71914553301956,5.310534210661207,43.282858289996106,153.56996451703728,-5.040174310937352,-1.1086260862115187,-1.1086260862115187,69.23647338661465,622.2334591450202,25.566776278423962,442.0914326363607,64.12005720671249,0.003320171012112666,16.600855060563333,317.3017842453009,0.5536714206608979,NONE,NONE,0.0,1.0,False
11.33,11.33,AEROTWIN-4-001,TAKEOFF,0.682,2517.7953885298507,550.6891211412808,122.73462533942313,24.113611407844154,99.3185327250036,5.353817068951202,-80.55873838611066,-1.1150283987825593,27.894784557822966,-1.1150283987825593,-1.551116352413695,69.72442104436449,623.4561623890233,25.58356507643296,442.95591797252683,64.24544043089935,0.0033553839581415227,16.776919790707616,317.269682087945,1.8558815627264402,NONE,NONE,0.0,1.0,False
11.34,11.34,AEROTWIN-4-001,TAKEOFF,0.6859999999999999,2477.2897005619707,701.7568444530718,123.47744632592197,16.79047693489901,96.3521331033289,5.273258330565092,-84.83491449899498,-1.121776832591416,21.667825366471238,-1.121776832591416,-2.633794766389394,70.2032874631419,624.6578134958106,25.600211029710035,441.34579442094645,64.01191133122524,0.0033321662818475025,16.660831409237513,317.2393044579024,1.994645967834765,NONE,NONE,0.0,1.0,False
11.35,11.35,AEROTWIN-4-001,TAKEOFF,0.6899999999999998,2476.950458524544,130.3942264867901,124.19581667876503,97.75480714564048,93.27689059128706,5.188423416066097,-0.7105068617126697,-1.128303135515699,-1.128303135515699,-6.4448980812848164,106.45631149795669,70.67261112994088,625.8380637443705,25.616692583387547,439.6448748882734,63.7652133640454,0.0033059241022416097,16.52962051120805,317.21067054233527,0.5878641679787867,NONE,NONE,0.0,1.0,False
11.36,11.36,AEROTWIN-4-001,TAKEOFF,0.6939999999999997,2527.793000927837,279.01125399826276,124.91566578496193,204.92343022802763,93.25134551614896,5.187712909204385,106.48437180267429,-8.406271366060082,-1.134842872725374,215.59938733953848,-1.134842872725374,71.14051082199241,627.0146623472717,25.633281601190532,439.6306060228077,63.76314383633598,0.003320103490934196,16.60051745467098,317.18379842703837,1.525261799067751,NONE,NONE,0.0,1.0,False
11.370000000000001,11.370000000000001,AEROTWIN-4-001,TAKEOFF,0.6980000000000004,2596.214244274796,430.678834053933,125.63366199306795,245.71415285255185,97.1188386060211,5.294197281007059,143.30111696552368,256.0750044688038,-8.078120063066967,-1.1413657765924972,-1.1413657765924972,71.61698220630059,628.2096356461304,25.650330438873425,441.76477046440107,64.0726787786158,0.0033866143011592347,16.933071505796175,317.15870508501575,2.2296502731700265,NONE,NONE,0.0,1.0,False
11.38,11.38,AEROTWIN-4-001,TAKEOFF,0.7020000000000003,2636.063721715662,586.4516887104207,126.28360898833893,191.3455860719123,102.44753728886205,5.4374983979725835,83.46055038507765,-1.1472704620504626,199.87663500878202,-1.1472704620504626,-6.236508012768805,72.10433516244831,629.4300580025235,25.66795282477289,444.6233304090188,64.48727859586327,0.0034703713616389023,17.351856808194512,317.13540636576005,1.2711192324585587,NONE,NONE,0.0,1.0,False
11.39,11.39,AEROTWIN-4-001,TAKEOFF,0.7060000000000002,2625.387678293182,24.615512013360444,126.92635593237335,88.77772830462558,105.61662241324609,5.520958948357661,-22.359853056978167,-1.1531097359623446,-1.1531097359623446,-3.602259520782148,94.68620729733242,72.59657796621133,630.6630481474815,25.68595310633089,446.28123932905123,64.72773838980693,0.003525159113317146,17.62579556658573,317.11391698524176,0.8026887215869587,NONE,NONE,0.0,1.0,False
11.4,11.4,AEROTWIN-4-001,TAKEOFF,0.7100000000000001,2572.741708921465,182.13877271095137,127.66878167973232,0.0,104.76286131756576,5.498599095300683,-110.26146041286646,-0.32464292477885776,-1.1598545790740846,2.633449181023055,-1.1598545790740846,73.08508642402902,631.8866380916344,25.703998080630306,445.8375648155266,64.66338872571434,0.0035299978511645646,17.649989255822824,317.0942505166141,2.3686036034116458,NONE,NONE,0.0,1.0,False
11.41,11.41,AEROTWIN-4-001,TAKEOFF,0.7140000000000001,2535.3058795316592,336.5032752462393,128.47558889136425,27.58636215690611,100.60344225005531,5.388337634887817,-78.40541772803702,-3.4901435476249056,-1.1671843195676437,33.4108743436663,-1.1671843195676437,73.56269380218438,633.0830757288813,25.721801837861307,443.64439286414915,64.34529545223046,0.0034921605308411065,17.460802654205533,317.0764193816403,1.896610446230456,NONE,NONE,0.0,1.0,False
11.42,11.42,AEROTWIN-4-001,TAKEOFF,0.718,2537.640661364264,488.62162801813884,129.22947929319596,107.89688007515473,97.6969922226307,5.30993221715978,4.889955635364249,117.12435561241075,-6.879408902053423,-1.1740333176013058,-1.1740333176013058,74.03193329267722,634.2595584983158,25.739458204308626,442.0793991523436,64.11831189425762,0.00346855468252226,17.3427734126113,317.06043484284726,0.502027946349858,NONE,NONE,0.0,1.0,False
11.43,11.43,AEROTWIN-4-001,TAKEOFF,0.7219999999999999,2587.4142298635556,640.8800676999947,129.9479751936224,207.4373551003721,97.87701483402688,5.314822172795143,104.24551809355006,-1.180560761109352,218.4935229948784,-1.180560761109352,-8.69504637228759,74.50022880225379,635.4336298192997,25.757242358919484,442.17713850161033,64.13248781399656,0.0034858625883790466,17.429312941895233,317.0463069964124,1.4849166397094573,NONE,NONE,0.0,1.0,False
11.44,11.44,AEROTWIN-4-001,TAKEOFF,0.7259999999999998,2658.44052343505,76.12492149180798,130.6147880336914,255.93040001034086,101.7542109221728,5.419067690888693,148.75712139727938,-1.1866186706136472,-1.1866186706136472,-8.63995636379427,266.94359371536245,74.97604723412792,636.6256808866158,25.775486765087,444.2565282768907,64.43407834822368,0.00355259591361087,17.76297956805435,317.03404476578623,2.3249992797574928,NONE,NONE,0.0,1.0,False
11.450000000000001,11.450000000000001,AEROTWIN-4-001,TAKEOFF,0.7300000000000004,2714.7417495404247,235.631352897911,131.18458209372213,230.9021694572789,107.41733243116488,5.567824812285973,117.91701221382803,-7.378009435552062,-1.1917951768899717,240.66376924661088,-1.1917951768899717,75.46193157399296,637.8443705173511,25.794330895655396,447.2100099197672,64.86244541874319,0.003640494110108636,18.20247055054318,317.02365589605654,1.8815962198823448,NONE,NONE,0.0,1.0,False
11.46,11.46,AEROTWIN-4-001,TAKEOFF,0.7340000000000003,2736.7644881094125,398.5158578703365,131.72211695087617,163.82539985338457,112.01534222871183,5.685741824499801,46.12431580017294,171.80782554200272,-5.5890684637632395,-1.1966786124274555,-1.1966786124274555,75.95424615289282,639.0827220042204,25.813665834583297,449.5399708407462,65.20037829080015,0.0037125364705081977,18.56268235254099,317.0151469490561,0.7020501785493803,NONE,NONE,0.0,1.0,False
11.47,11.47,AEROTWIN-4-001,TAKEOFF,0.7380000000000002,2719.1515890046408,562.7217271569012,132.35368698457478,82.6836094616701,113.84011294534952,5.7318661402999735,-36.888369623979386,-1.2024163455361565,88.57174476541775,-1.2024163455361565,-3.483302612675327,76.44750836403813,640.3255530204475,25.83326249935941,450.4487188982522,65.33218129156471,0.003750241843775122,18.75120921887561,317.00852329921815,1.010939171304425,NONE,NONE,0.0,1.0,False
11.48,11.48,AEROTWIN-4-001,TAKEOFF,0.7420000000000001,2667.117881089018,5.870822497179688,133.1410911296828,9.095389069268172,112.37955431643077,5.694977770675995,-108.9791430178386,-1.2095698116479932,-1.2095698116479932,-0.9279152294480684,12.442443922012227,76.93632563713123,641.5557648759383,25.852860958672952,449.7220565074468,65.22678763172706,0.003748693822460907,18.74346911230454,317.00378913018193,2.311335933371375,NONE,NONE,0.0,1.0,False
11.49,11.49,AEROTWIN-4-001,TAKEOFF,0.7460000000000001,2618.165496719109,165.89789536252076,134.03508743208442,11.180078568160232,108.11971401530884,5.585998627658156,-102.52563407480677,-1.217691653897706,-1.217691653897706,-2.2251851107632414,15.840646986718886,77.41575648492292,642.7589212745065,25.87222467171803,447.56975072731115,64.91462150598775,0.0037116881673198068,18.558440836599033,317.0009474321501,2.287066954607956,NONE,NONE,0.0,1.0,False
11.5,11.5,AEROTWIN-4-001,TAKEOFF,0.75,2596.4635713924263,322.98782516566723,134.8768968866607,64.21833646413181,104.18726958725526,5.483472993583349,-45.4524061167068,-5.5322668306870675,-1.2253393852988521,72.20128206541658,-1.2253393852988521,77.8858961663879,643.9370191698092,25.891361498782967,445.53722113953063,64.61982747963525,0.003676198194863505,18.380990974317527,317.0,1.3704610184335666,NONE,NONE,0.0,1.0,False
11.51,11.51,AEROTWIN-4-001,TAKEOFF,0.7539999999999999,2616.8846468544016,478.7756394492128,135.63752460142908,150.67503632777846,102.46721530714878,5.438020587466642,42.76980043316304,161.2401418828711,-8.100606373172154,-1.232249590960232,-1.232249590960232,78.35104929005414,645.1023637925894,25.91045649455107,444.63371923405947,64.48878537026951,0.0036684430880606065,18.342215440303033,317.0009474321501,0.395706941875211,NONE,NONE,0.0,1.0,False
11.52,11.52,AEROTWIN-4-001,TAKEOFF,0.7579999999999998,2675.987736957304,635.7887182604769,136.31826637712632,233.35136708739125,104.0853542516688,5.4807903878998045,123.78522244782265,-1.2384340430660739,245.0691258547607,-1.2384340430660739,-9.240890681237298,78.81823632608102,646.2733266892836,25.929811197967766,445.48393806825015,64.61209940954286,0.0037055127268802407,18.527563634401204,317.00378913018193,1.831933367592195,NONE,NONE,0.0,1.0,False
11.53,11.53,AEROTWIN-4-001,TAKEOFF,0.7619999999999997,2749.367354146675,76.34798247791514,136.88257462093048,268.1305292975928,108.84004283033859,5.604575610347628,153.68591085690656,-1.2435607114024836,-1.2435607114024836,-9.063199048132073,279.6808497685298,79.29309244248861,647.4663454093189,25.94969880117856,447.93723017097665,64.96791998953812,0.0037834339857857743,18.917169928928875,317.00852329921815,2.4345238235968454,NONE,NONE,0.0,1.0,False
11.540000000000001,11.540000000000001,AEROTWIN-4-001,TAKEOFF,0.7660000000000003,2814.094856975722,241.31002372671566,137.32006918660772,256.2142263984186,114.8909999619162,5.758261521204535,135.56496491529788,-8.207816926554974,-1.2475352936664055,266.91711391230643,-1.2475352936664055,79.77622074220001,648.6869870687202,25.97020701439104,450.9681062327138,65.40751219178034,0.003875041163002619,19.375205815013093,317.0151469490561,2.2232071901623733,NONE,NONE,0.0,1.0,False
11.55,11.55,AEROTWIN-4-001,TAKEOFF,0.7700000000000002,2860.6029448579147,410.155715145259,137.70702607189205,223.66450356526602,120.36436559700971,5.893826486119832,97.40631148213647,233.37067328858038,-7.204068228199775,-1.251050747557296,-1.251050747557296,80.26485762352013,649.9308530449917,25.991306944495484,451.00000000000006,65.41213800000001,0.003956305123950656,19.781525619753282,317.02365589605654,1.651224793244949,NONE,NONE,0.0,1.0,False
11.56,11.56,AEROTWIN-4-001,TAKEOFF,0.7740000000000001,2888.1407905870665,581.7918918367338,138.1368878831924,188.0420880806855,124.37572605748814,5.991232797601969,57.675129225595384,-1.2549559872223577,196.82452390832964,-1.2549559872223577,-6.272523853199446,80.75590023905099,651.1895544095204,26.012907599084183,451.00000000000006,65.41213800000001,0.0040184843181728545,20.092421590864273,317.03404476578623,1.023541606004657,NONE,NONE,0.0,1.0,False
11.57,11.57,AEROTWIN-4-001,TAKEOFF,0.7780000000000001,2898.474938662199,35.08033927195788,138.66220510070923,154.47457686936855,126.78187982657735,6.048907926827564,21.64378911596363,-1.2597284270638518,-1.2597284270638518,-5.429975688544681,162.42400941204093,81.24707294296306,652.4545901738197,26.034884373218592,451.00000000000006,65.41213800000001,0.00406182465616416,20.3091232808208,317.0463069964124,0.428855574028104,NONE,NONE,0.0,1.0,False
11.58,11.58,AEROTWIN-4-001,TAKEOFF,0.782,2892.7391113409035,208.98883559168985,139.3003955412779,121.74825060709814,127.6907875410491,6.070551715943528,-12.013088649894488,-4.599927294014161,-1.2655263057235837,128.87923051255947,-1.2655263057235837,81.73684722234599,653.7184289646152,26.05712854359909,451.00000000000006,65.41213800000001,0.00408856210349612,20.442810517480602,317.06043484284726,0.46003384618552756,NONE,NONE,0.0,1.0,False
11.59,11.59,AEROTWIN-4-001,TAKEOFF,0.7859999999999999,2870.4537199849583,382.5531822721441,140.0548608995963,86.57003400047275,127.18590988398726,6.0585386272936335,-46.674414510808155,92.7748690632629,-3.6600740084631407,-1.272380527163509,-1.272380527163509,82.22405100430328,654.9742135739316,26.079539105473422,451.00000000000006,65.41213800000001,0.004099830273835048,20.49915136917524,317.0764193816403,1.088449036852393,NONE,NONE,0.0,1.0,False
11.6,11.6,AEROTWIN-4-001,TAKEOFF,0.7899999999999998,2829.93481445579,554.7804054712416,140.9255540688895,46.383068617492704,125.23380169933316,6.011864212782825,-84.86259729462327,-1.280290663424593,51.39331104905238,-1.280290663424593,-2.4496611047104917,82.7074634600266,656.2150526860054,26.102008878068474,451.00000000000006,65.41213800000001,0.004094765036785243,20.473825183926213,317.0942505166141,1.8053853879534294,NONE,NONE,0.0,1.0,False
11.61,11.61,AEROTWIN-4-001,TAKEOFF,0.7939999999999997,2771.7523289418223,4.5764943385889865,141.90397780653558,5.793080249720964,121.72319133974918,5.927001615488202,-121.85711270551643,-1.2891795181426584,-1.2891795181426584,-0.771477135917454,9.142916421923735,83.18542253548425,657.4335055750506,26.12441238896858,451.00000000000006,65.41213800000001,0.00407080874440265,20.35404372201325,317.11391698524176,2.530004352804283,NONE,NONE,0.0,1.0,False
11.620000000000001,11.620000000000001,AEROTWIN-4-001,TAKEOFF,0.7980000000000004,2715.4094359821465,170.88163407509833,142.94725110106776,4.5703352825953,116.76946984922154,5.805144502782686,-118.00427906940892,-1.298657522804161,-1.298657522804161,-1.5435314489521754,8.711181777155797,83.65571050033864,658.6225617909352,26.146615910089107,451.00000000000006,65.41213800000001,0.004027114523567122,20.13557261783561,317.13540636576005,2.5656688142476893,NONE,NONE,0.0,1.0,False
11.63,11.63,AEROTWIN-4-001,TAKEOFF,0.8020000000000003,2677.0669671386163,333.8062002340272,143.92254818893713,37.45331026143473,112.07044899727505,5.6871402237132775,-80.30427895955359,-4.328624090875759,-1.3075179723082584,44.39697029692701,-1.3075179723082584,84.1178022690285,659.783744647297,26.16861250022289,449.5675439260719,65.20437743594961,0.003983085550184621,19.915427750923108,317.15870508501575,2.0034987870580783,NONE,NONE,0.0,1.0,False
11.64,11.64,AEROTWIN-4-001,TAKEOFF,0.8060000000000002,2669.490612758867,494.43021826234417,144.78294522185408,98.66680770175006,108.92785126393997,5.606835944753724,-15.867879506943636,108.34211520021485,-7.0446383594945505,-1.3153345694851146,-1.3153345694851146,84.57355475526064,660.9254654456025,26.19051806297818,447.9819261997476,64.974402612159,0.0039568997501113375,19.78449875055669,317.18379842703837,0.9447877643146132,NONE,NONE,0.0,1.0,False
11.65,11.65,AEROTWIN-4-001,TAKEOFF,0.8100000000000002,2700.548450188257,654.5996550278762,145.52647141308148,178.9505220046879,108.31217133640133,5.590968065246781,65.0473826030398,-1.3220894099888798,190.61041140911763,-1.3220894099888798,-9.015710584451949,85.02715041529306,662.0613962149306,26.212555838701405,447.66807726642907,64.92888259056834,0.003964131655683395,19.820658278416975,317.21067054233527,0.7221802339034111,NONE,NONE,0.0,1.0,False
11.66,11.66,AEROTWIN-4-001,TAKEOFF,0.8140000000000001,2763.104640997292,96.63256203917172,146.13515182749396,247.52051483864946,110.84711973598426,5.65601544784982,131.0173796548154,-1.3276191938292243,-1.3276191938292243,-9.890503624037962,260.0662568503459,85.48385220313719,663.2082392167808,26.235014630205715,448.95351633635175,65.11532010239179,0.004014332629706275,20.071663148531375,317.2393044579024,1.9135454273704973,NONE,NONE,0.0,1.0,False
11.67,11.67,AEROTWIN-4-001,TAKEOFF,0.818,2839.39996626461,262.4188404990092,146.57436411864086,281.62156850289745,116.04198010002548,5.787032827504636,159.79255557536732,-9.899773142493904,-1.3316093814096954,294.18456040821076,-1.3316093814096954,85.94688767186024,664.3792209396458,26.258121799782714,451.00000000000006,65.41213800000001,0.0040986747765424155,20.493373882712078,317.269682087945,2.5068127778318465,NONE,NONE,0.0,1.0,False
11.68,11.68,AEROTWIN-4-001,TAKEOFF,0.8219999999999998,2915.57261994192,432.7828384748858,146.84693170955896,288.02125503529834,122.53879685416662,5.946825383080003,159.53563279805172,300.2467131009985,-9.557286819364021,-1.3340856231680494,-1.3340856231680494,86.41598717116705,665.5796261159824,26.281959921279455,451.00000000000006,65.41213800000001,0.0041960619035693045,20.98030951784652,317.3017842453009,2.6192713786301143,NONE,NONE,0.0,1.0,False
11.69,11.69,AEROTWIN-4-001,TAKEOFF,0.8259999999999997,2987.0565073479697,607.717195671401,147.00312649328447,285.02355412599064,129.2016894268552,6.106361015878055,149.71550368325737,-1.3355046328331215,296.962867646117,-1.3355046328331215,-9.268304254460128,86.88890757617045,666.808666585915,26.30650591045974,451.00000000000006,65.41213800000001,0.004290877292119711,21.454386460598553,317.33559065355934,2.5694460187007864,NONE,NONE,0.0,1.0,False
11.700000000000001,11.700000000000001,AEROTWIN-4-001,TAKEOFF,0.8300000000000004,3055.0477519704605,66.9405861122791,147.08546796553864,284.27148595799446,135.61487969547113,6.256076519561312,142.40052974296202,-1.3362526945940718,-1.3362526945940718,-9.22113759385496,296.16512894103755,87.36317781266041,668.0636169958449,26.33170597461193,451.00000000000006,65.41213800000001,0.004378469776419588,21.892348882097938,317.37107995986844,2.5600104974568314,NONE,NONE,0.0,1.0,False
11.71,11.71,AEROTWIN-4-001,TAKEOFF,0.8340000000000003,3121.4977638835394,250.24345123050674,147.09967866736625,287.4299186814169,141.85886212739078,6.398477049304274,139.17257950472185,-9.432891533913077,-1.3363817970055598,299.5355738093411,-1.3363817970055598,87.83664479363155,669.3423327503647,26.35751587757504,451.00000000000006,65.41213800000001,0.004460276347440131,22.301381737200657,317.4082297484215,2.6200647116763323,NONE,NONE,0.0,1.0,False
11.72,11.72,AEROTWIN-4-001,TAKEOFF,0.8380000000000002,3184.895153134631,437.5333170635191,147.03504466729368,287.41392032912603,148.0970891483151,6.537649628808996,132.77918155200194,299.8677508361096,-9.78224129624716,-1.3357946053682486,-1.3357946053682486,88.30733630329665,670.6435591875556,26.383903728874884,451.00000000000006,65.41213800000001,0.0045382473535207375,22.691236767603687,317.4470165546159,2.6259415276322287,NONE,NONE,0.0,1.0,False
11.73,11.73,AEROTWIN-4-001,TAKEOFF,0.8420000000000001,3237.4193672967535,628.627026251597,146.9171283228392,270.8507457898981,154.17386008133582,6.670428810360997,110.00645689820128,-1.3347233504360423,283.5277436575377,-1.3347233504360423,-10.00755116676753,88.77344526630995,671.9654252734958,26.41082969633929,451.00000000000006,65.41213800000001,0.004611112065833997,23.055560329169985,317.4874158798736,2.343045127752638,NONE,NONE,0.0,1.0,False
11.74,11.74,AEROTWIN-4-001,TAKEOFF,0.8460000000000001,3266.6218892241022,102.87218828940229,146.8721349494404,227.24301203217917,159.3009578627509,6.7804352672591985,61.161618902169074,-1.3343145913840802,-1.3343145913840802,-9.75586895148399,239.6675101664313,89.2340403936845,673.3027550847856,26.438218366471656,451.00000000000006,65.41213800000001,0.004672777236178815,23.363886180894074,317.52940220711474,1.5848277060060683,NONE,NONE,0.0,1.0,False
11.75,11.75,AEROTWIN-4-001,TAKEOFF,0.85,3263.764828168456,298.86950164284843,147.12770641510252,163.04558936019757,162.18780715621955,6.841596886161367,-5.983814682183349,-8.778910946100954,-1.33663642551478,174.49777315732806,-1.33663642551478,89.69023112024763,674.6451670173335,26.465946730688678,451.00000000000006,65.41213800000001,0.004714510670301892,23.57255335150946,317.57294901687516,0.459226036034976,NONE,NONE,0.0,1.0,False
11.76,11.76,AEROTWIN-4-001,TAKEOFF,0.8539999999999999,3230.83248487665,494.6953913329558,147.86396607454702,99.76649957900425,161.90422500821558,6.835613071479184,-68.97333850069052,109.61498169202947,-7.161831612014855,-1.3433252505051871,-1.3433252505051871,90.14500881446196,675.9787941968295,26.493863421178897,451.00000000000006,65.41213800000001,0.004730658897277499,23.653294486387498,317.6180288040565,1.0221402863690126,NONE,NONE,0.0,1.0,False
11.77,11.77,AEROTWIN-4-001,TAKEOFF,0.8579999999999998,3177.3775008141083,688.5453404255549,149.05297020606238,53.46416991495897,158.6533870010741,6.7666397329784935,-111.95585681909361,-1.3541272012117866,61.47204154291691,-1.3541272012117866,-5.29961722553437,90.60112898528652,677.2909668354274,26.521823415167695,451.00000000000006,65.41213800000001,0.0047222856964464505,23.611428482232252,317.66461309529893,1.8506196607514633,NONE,NONE,0.0,1.0,False
11.78,11.78,AEROTWIN-4-001,TAKEOFF,0.8619999999999997,3113.3547010997863,159.18799047440132,150.51061827728984,26.012538321431766,153.44689260844908,6.6546838761594,-134.08903816317672,-1.3673697478065592,-1.3673697478065592,-3.6437282701747105,32.391006087219594,91.05946308930474,678.5734258791763,26.54971112528171,451.00000000000006,65.41213800000001,0.00469511338471369,23.475566923568447,317.71267246696567,2.3523375557501245,NONE,NONE,0.0,1.0,False
11.790000000000001,11.790000000000001,AEROTWIN-4-001,TAKEOFF,0.8660000000000003,3045.8770804578935,345.98927254038847,152.0502740988327,12.521210792585993,147.32541414811485,6.520594837996223,-141.32479819352506,-2.5082364370015253,-1.3813573243410817,17.79216187826968,-1.3813573243410817,91.5191630522838,679.8223851040968,26.577445754821316,451.00000000000006,65.41213800000001,0.004655670903796287,23.278354518981434,317.76217656372745,2.610448128204543,NONE,NONE,0.0,1.0,False
11.8,11.8,AEROTWIN-4-001,TAKEOFF,0.8700000000000002,2979.3461634638925,528.7418973678621,153.55255850844858,8.045717153948248,141.00847382410976,6.379270039802698,-139.3420267099642,12.878319439170962,-2.042591512482035,-1.3950053863703387,-1.3950053863703387,91.97857744539081,681.0372013681192,26.60497743212197,451.00000000000006,65.41213800000001,0.004609373695664433,23.046868478322168,317.8130941177358,2.7099701382661068,NONE,NONE,0.0,1.0,False
11.81,11.81,AEROTWIN-4-001,TAKEOFF,0.8740000000000001,2916.7869611065294,707.5026671756956,154.9593242022307,10.131912059934457,134.9156710737277,6.239928013092733,-131.023687026886,-1.4077856730633738,15.23225795737006,-1.4077856730633738,-2.2847745513088538,92.43597915687873,682.2191339754007,26.632281426361235,451.00000000000006,65.41213800000001,0.004560302886586626,22.80151443293313,317.86539296837213,2.6931715928381066,NONE,NONE,0.0,1.0,False
11.82,11.82,AEROTWIN-4-001,TAKEOFF,0.8780000000000001,2861.513504305911,162.50988484208733,156.24712848557144,19.6537844158233,129.30933730531515,6.108904326065847,-115.76445721555771,-1.4194852105331601,-1.4194852105331601,-3.199604019741476,25.692358856631095,92.88996305517021,683.3707071807756,26.65935590941777,451.00000000000006,65.41213800000001,0.004511939618881176,22.559698094405878,317.9190400825616,2.544558780524442,NONE,NONE,0.0,1.0,False
11.83,11.83,AEROTWIN-4-001,TAKEOFF,0.882,2818.2707254820516,334.200695100442,157.40498520096781,39.880594500832025,124.45491881454393,5.99313986885029,-90.5674641825622,-4.667750076700033,-1.4300041909416445,47.408352959415346,-1.4300041909416445,93.33970963081697,684.495802431673,26.68622829475281,451.00000000000006,65.41213800000001,0.0044685836925255394,22.342918462627697,317.9740015756369,2.2069412397257446,NONE,NONE,0.0,1.0,False
11.84,11.84,AEROTWIN-4-001,TAKEOFF,0.8859999999999999,2793.306873523503,503.29693862936506,158.42499744004073,74.34025396428842,120.72185083847526,5.902572404667727,-52.28416927885457,83.67034163064872,-6.451545922591119,-1.4392708718845872,-1.4392708718845872,93.78527220769463,685.6002376818021,26.712969391682083,451.00000000000006,65.41213800000001,0.004436558403718877,22.182792018594387,318.0302427327411,1.618739948157614,NONE,NONE,0.0,1.0,False
11.85,11.85,AEROTWIN-4-001,TAKEOFF,0.8899999999999998,2792.7397700875404,670.8953510407753,159.29996190606414,123.25519757121305,118.59264799465357,5.850288235388873,-1.187738658829402,-1.447219812331048,134.35435966874834,-1.447219812331048,-8.204722472873197,94.22781428338234,686.6923632569815,26.73970772468992,451.00000000000006,65.41213800000001,0.004424252695143667,22.121263475718333,318.0877280307539,0.7763249671620205,NONE,NONE,0.0,1.0,False
11.86,11.86,AEROTWIN-4-001,TAKEOFF,0.8939999999999997,2818.908163692367,118.45973724602777,160.01940946770955,179.2005548914128,118.54449899123708,5.849100496730044,54.80695540344567,-1.4537559015597474,-1.4537559015597474,-9.585545281760465,191.69361197629277,94.6694670830465,687.7829426484516,26.766628225668416,451.00000000000006,65.41213800000001,0.004439881806571221,22.199409032856106,318.146421160729,0.48117284601801413,NONE,NONE,0.0,1.0,False
11.870000000000001,11.870000000000001,AEROTWIN-4-001,TAKEOFF,0.8980000000000004,2867.598425120544,287.59422706756976,160.56642098528607,228.65701942118625,120.77646689963318,5.903907452133488,101.97664506941959,-10.42865926643212,-1.4587254313470606,242.00312955031248,-1.4587254313470606,95.11246489227291,688.8834725809656,26.793936669733995,451.00000000000006,65.41213800000001,0.0044865472366233524,22.432736183116763,318.20628505082743,1.3388864102037406,NONE,NONE,0.0,1.0,False
11.88,11.88,AEROTWIN-4-001,TAKEOFF,0.9020000000000002,2929.961882108495,459.6501325748024,160.92721764275902,261.6043837100813,124.98478072900554,6.005884097202908,130.61371888387288,275.3382563912405,-10.809866235341653,-1.4620032229087785,-1.4620032229087785,95.55792754408058,690.0033565200646,26.821799641756787,451.00000000000006,65.41213800000001,0.004558650844852391,22.793254224261958,318.2672818897332,1.912541680395534,NONE,NONE,0.0,1.0,False
11.89,11.89,AEROTWIN-4-001,TAKEOFF,0.9060000000000001,2996.963215028821,635.4478455013121,161.11114146949168,276.94389921152793,130.48013787329307,6.136497816086781,140.3272635221481,-1.4636741473887491,290.799218333991,-1.4636741473887491,-10.927970827685552,96.0053374268236,691.147970556538,26.850305145971724,451.00000000000006,65.41213800000001,0.004644781763568606,23.223908817843032,318.32937315053545,2.182191749840027,NONE,NONE,0.0,1.0,False
11.9,11.9,AEROTWIN-4-001,TAKEOFF,0.9100000000000001,3061.3457287279084,95.26563840304152,161.1581005586525,277.6351635729653,136.51591712222645,6.276825079608929,134.84242137112994,-1.4641007647174002,-1.4641007647174002,-10.934416022502138,291.49778112490225,96.45302396871192,692.3186840990654,26.879465965691,451.00000000000006,65.41213800000001,0.00473384913976712,23.6692456988356,318.392519615063,2.1983296865737705,NONE,NONE,0.0,1.0,False
11.91,11.91,AEROTWIN-4-001,TAKEOFF,0.914,3116.6006039132626,278.946382126716,161.13441716580974,264.58155616845767,142.44434869592422,6.411667500980059,115.72553997155339,-10.845573091313414,-1.4638856041176413,278.3549004680064,-1.4638856041176413,96.89902237331431,693.5137223089007,26.909241707299888,451.00000000000006,65.41213800000001,0.004817767856010945,24.088839280054724,318.45668139865546,1.9750821285153257,NONE,NONE,0.0,1.0,False
11.92,11.92,AEROTWIN-4-001,TAKEOFF,0.9179999999999999,3155.945768392277,465.9424183615117,161.1372318435094,236.56448242049012,147.63276959183514,6.527393040951612,82.40431978770337,250.04935389539955,-10.557049124699164,-1.4639111751051264,-1.4639111751051264,97.3418704352638,694.7285652242839,26.939553822158544,451.00000000000006,65.41213800000001,0.004890356844674838,24.45178422337419,318.52181797535513,1.4889140196805812,NONE,NONE,0.0,1.0,False
11.93,11.93,AEROTWIN-4-001,TAKEOFF,0.9219999999999998,3173.683260058651,655.2991644650483,161.29670173493125,195.14295732040836,151.38384428487615,6.609797360739314,37.149315674792895,-1.4653599387054095,208.00979331033756,-1.4653599387054095,-9.936116112518395,97.78127041832664,695.9558992801307,26.970292395581048,451.00000000000006,65.41213800000001,0.0049460942188691865,24.73047109434593,318.587888203504,0.764268579191153,NONE,NONE,0.0,1.0,False
11.94,11.94,AEROTWIN-4-001,TAKEOFF,0.9259999999999997,3168.0557921874592,125.72016006856734,161.7397502822961,147.95108944077137,153.0902839126557,6.646946676414108,-11.786141148298444,-1.4693849781837551,-1.4693849781837551,-8.947211705688002,159.83707110282688,98.21829766080619,697.1861517667239,27.001326108786387,451.00000000000006,65.41213800000001,0.004980849149489273,24.904245747446367,318.6548503517299,0.4146354271982316,NONE,NONE,0.0,1.0,False
11.950000000000001,11.950000000000001,AEROTWIN-4-001,TAKEOFF,0.9300000000000004,3142.2351614403146,315.8035075998149,162.52095504699102,105.10441417185828,152.5478562141148,6.635160535265809,-54.07860257752233,-7.719652566593344,-1.4764821237161605,115.77703098588395,-1.4764821237161605,98.65475683306327,698.4092361692076,27.032520036843383,451.00000000000006,65.41213800000001,0.004993593549761402,24.967967748807013,318.7226621253048,1.1776863326913027,NONE,NONE,0.0,1.0,False
11.96,11.96,AEROTWIN-4-001,TAKEOFF,0.9340000000000003,3102.3054185183664,504.3376172862338,163.59142632780572,73.02378945462043,150.07136553748023,6.581081932688287,-83.6286580155481,82.49473318955819,-6.498529297717702,-1.4862072186100306,-1.4862072186100306,99.09208533321248,699.6166774770232,27.063754225156984,451.00000000000006,65.41213800000001,0.004986811145022447,24.934055725112238,318.791280692859,1.7558353817271732,NONE,NONE,0.0,1.0,False
11.97,11.97,AEROTWIN-4-001,TAKEOFF,0.9380000000000002,3054.630444503716,690.4759423973358,164.83997429472038,52.928776422630435,146.2815552309648,6.497453274672739,-99.85023208300711,-1.4975501174578663,61.45869795566249,-1.4975501174578663,-5.534821298116324,99.53071573104991,700.802820005177,27.094935120853826,451.00000000000006,65.41213800000001,0.004965155675248561,24.825778376242802,318.8606627134346,2.1262945208403705,NONE,NONE,0.0,1.0,False
11.98,11.98,AEROTWIN-4-001,TAKEOFF,0.9420000000000002,3004.579460167449,153.75376906755866,166.1536857126022,43.39117663152106,141.82011005276752,6.397603042589732,-104.82653646383619,-1.5094850179367831,-1.5094850179367831,-5.006543193431355,51.41668986082598,99.97016605672776,701.9648768384063,27.12599919542299,451.00000000000006,65.41213800000001,0.004933831820426163,24.669159102130816,318.93076436386025,2.31259820058205,NONE,NONE,0.0,1.0,False
11.99,11.99,AEROTWIN-4-001,TAKEOFF,0.9460000000000001,2956.557178829077,334.02853667760564,167.44876006551883,42.925805946005084,137.21066028071337,6.292776506125896,-100.57763084083417,-4.996434728822987,-1.5212506030603246,50.964741880948715,-1.5212506030603246,100.40948186755033,703.1024318289465,27.156912752959983,451.00000000000006,65.41213800000001,0.004897790757356369,24.48895378678185,319.001541366431,2.3396924856522263,NONE,NONE,0.0,1.0,False
12.0,12.0,AEROTWIN-4-001,TAKEOFF,0.95,2914.589890002998,511.4219674073503,168.67222842518186,51.15574244412171,132.8596277468977,6.1921988752850625,-87.89608417806106,59.718086870746966,-5.497613112867692,-1.5323656568787847,-1.5323656568787847,100.84767883309466,704.2169669670067,27.187672030760837,451.00000000000006,65.41213800000001,0.004861757712235364,24.308788561176822,319.07294901687516,2.2135739783626636,NONE,NONE,0.0,1.0,False
12.01,12.01,AEROTWIN-4-001,TAKEOFF,0.95,2882.688969861795,686.2973608075301,169.0805030629452,68.40577792505061,129.11460603951545,6.104302791107001,-66.81313090557184,-1.5360747798288066,77.87048795648177,-1.5360747798288066,-6.392560471773543,101.27325987091594,705.28565274569,27.218159310085063,451.00000000000006,65.41213800000001,0.004813794504101326,24.068972520506634,319.07294901687516,1.915826068201821,NONE,NONE,0.0,1.0,False
12.02,12.02,AEROTWIN-4-001,TAKEOFF,0.95,2864.9627156053225,139.25869899923782,169.36453257477135,95.21539960240982,126.30369004074073,6.037489660201429,-37.125780098532346,-1.5386551516749962,-1.5386551516749962,-7.531463782628307,105.82417368838813,101.68654021777911,706.3139495569885,27.24844117389956,451.00000000000006,65.41213800000001,0.004776531277541784,23.88265638770892,319.07294901687516,1.4493636518770963,NONE,NONE,0.0,1.0,False
12.030000000000001,12.030000000000001,AEROTWIN-4-001,TAKEOFF,0.95,2864.592689083825,311.1564619355572,169.51253413703026,129.98051273919702,124.7551305934747,6.0003638801028965,-0.7749817343805754,-8.69616922913572,-1.5399997269692662,141.75668142227124,-1.5399997269692662,102.08829145543201,707.3089419818947,27.27862171806273,451.00000000000006,65.41213800000001,0.004755532338568789,23.777661692843946,319.07294901687516,0.8423166360352484,NONE,NONE,0.0,1.0,False
12.040000000000001,12.040000000000001,AEROTWIN-4-001,TAKEOFF,0.95,2882.309674101908,483.0320232805867,169.5155488164828,167.82886252918004,124.72290697976369,5.999588898368517,37.106366651047836,180.59221491880305,-9.6832981597287,-1.5400271149471374,-1.5400271149471374,102.47954387824035,708.2789010133832,27.308833758567182,451.00000000000006,65.41213800000001,0.00475509179636751,23.77545898183755,319.07294901687516,0.1799973113464004,NONE,NONE,0.0,1.0,False
12.05,12.05,AEROTWIN-4-001,TAKEOFF,0.95,2915.4310683124404,655.9706037267013,169.36777290044498,201.67643597317996,126.27045488918885,6.036695265019564,69.36928581897155,-1.5386845896199723,215.12860340788185,-1.5386845896199723,-10.37479825546194,102.86115496434559,709.2322040626638,27.339215309151594,451.00000000000006,65.41213800000001,0.0047760841272250975,23.88042063612549,319.07294901687516,0.717128653455574,NONE,NONE,0.0,1.0,False
12.06,12.06,AEROTWIN-4-001,TAKEOFF,0.95,2958.4946119614965,110.89646782544764,169.07270607015275,225.48728365717685,129.1891441960593,6.106064550838536,90.19207491027902,-1.5360039451449132,-1.5360039451449132,-10.76231651644136,239.32160806390806,103.2333678751859,710.1758694189454,27.369878225902045,451.00000000000006,65.41213800000001,0.004814767777413957,24.073838887069787,319.07294901687516,1.1413335361086125,NONE,NONE,0.0,1.0,False
12.07,12.07,AEROTWIN-4-001,TAKEOFF,0.95,3004.9227097267644,288.40614454313743,168.65243037565318,236.46884793520977,133.03381073645156,6.196256625748815,97.2387805730094,-10.903518532921229,-1.5321857941269008,250.43673805638477,-1.5321857941269008,103.5956972440932,711.114398945741,27.40088539319241,451.00000000000006,65.41213800000001,0.004863942318970263,24.319711594851317,319.07294901687516,1.3439631077290386,NONE,NONE,0.0,1.0,False
12.08,12.08,AEROTWIN-4-001,TAKEOFF,0.95,3048.3156222559023,468.7015071267433,168.1529190387966,234.4174114337754,137.24201254784987,6.293495406321824,90.88190347960372,248.32513810779253,-10.852431079185184,-1.5276477974159592,-1.5276477974159592,103.94724389673988,712.0493629905518,27.432245832736633,451.00000000000006,65.41213800000001,0.004915492980395503,24.577464901977514,319.07294901687516,1.320194663745986,NONE,NONE,0.0,1.0,False
12.09,12.09,AEROTWIN-4-001,TAKEOFF,0.95,3083.015728503062,651.6004444620975,167.64253690153214,220.29445802786464,141.23434814148885,6.384377309801428,72.67573257657436,-1.523011040871444,233.96089639187468,-1.523011040871444,-10.62041628226715,104.28723930583507,712.9795498967549,27.46392271949702,451.00000000000006,65.41213800000001,0.004962251367367685,24.811256836838425,319.07294901687516,1.085191005011505,NONE,NONE,0.0,1.0,False
12.1,12.1,AEROTWIN-4-001,TAKEOFF,0.95,3104.630200095056,116.58138817228121,167.20413681073538,196.1943917680357,144.46809528256765,6.457053042378002,45.269243443090055,-1.5190282320274409,-1.5190282320274409,-10.188497992872355,209.42094622496293,104.61555219007816,713.9013536044088,27.495845452310284,451.00000000000006,65.41213800000001,0.004998623256690904,24.993116283454523,319.07294901687516,0.6737170452082324,NONE,NONE,0.0,1.0,False
12.11,12.11,AEROTWIN-4-001,TAKEOFF,0.95,3110.869348371854,302.8592001779846,166.9174672270201,166.07043993144612,146.50087605159572,6.5023222858210925,13.0672415940293,-9.55354367449445,-1.5164238754652588,178.65683135687107,-1.5164238754652588,104.93293011800436,714.8093755643392,27.527922313812404,451.00000000000006,65.41213800000001,0.005020810094056362,25.104050470281813,319.07294901687516,0.1828482268073479,NONE,NONE,0.0,1.0,False
12.120000000000001,12.120000000000001,AEROTWIN-4-001,TAKEOFF,0.95,3102.115523283909,489.51136108029584,166.83277762002132,135.27171304055537,147.090291904539,6.515389527415122,-18.33396839139874,147.0729600272943,-8.769938024338952,-1.5156544811999957,-1.5156544811999957,105.24082278829846,715.6973708959615,27.56005381293305,451.00000000000006,65.41213800000001,0.005027146513858579,25.135732569292895,319.07294901687516,0.7208187293566483,NONE,NONE,0.0,1.0,False
12.13,12.13,AEROTWIN-4-001,TAKEOFF,0.95,3081.060075228742,675.6382924773304,166.95135538430125,108.66227597043533,146.2636476968473,6.497055559023724,-44.09842728543569,-1.5167317450468571,119.64931784483211,-1.5167317450468571,-7.953578384303063,105.5408647323272,716.5594147049699,27.592145641090458,451.00000000000006,65.41213800000001,0.0050182475672793546,25.091237836396775,319.07294901687516,1.1878930210054985,NONE,NONE,0.0,1.0,False
12.14,12.14,AEROTWIN-4-001,TAKEOFF,0.95,3051.636661628192,140.501896991055,167.22955959606554,89.11357594419735,144.28487215314027,6.452957131738287,-61.62425334068121,-1.5192591947858387,-1.5192591947858387,-7.247466531970603,99.39956086573962,105.83434829116092,717.3908836553007,27.62411877646398,451.00000000000006,65.41213800000001,0.004996597919238994,24.982989596194972,319.07294901687516,1.5332696876281247,NONE,NONE,0.0,1.0,False
12.15,12.15,AEROTWIN-4-001,TAKEOFF,0.95,3018.0176340916787,323.6000966887465,167.60174275243475,77.52206236871639,141.54225611001482,6.391332878397606,-70.41152661969603,-6.776711409122205,-1.5226404312360458,87.34405464031067,-1.5226404312360458,106.12197478766392,718.1889558474732,27.655915435184216,451.00000000000006,65.41213800000001,0.004965772056951455,24.828860284757276,319.07294901687516,1.7404248513835598,NONE,NONE,0.0,1.0,False
12.16,12.16,AEROTWIN-4-001,TAKEOFF,0.95,2984.108202722156,504.68115473424723,168.00332878117095,73.74194630454036,138.44077193802897,6.320921351777911,-71.01974698526652,83.41242847525577,-6.6179045926611115,-1.5262887890271486,-1.5262887890271486,106.40390522723956,718.9526680801828,27.687501656699,451.00000000000006,65.41213800000001,0.004929750442465931,24.648752212329658,319.07294901687516,1.8111059946433414,NONE,NONE,0.0,1.0,False
12.17,12.17,AEROTWIN-4-001,TAKEOFF,0.95,2953.4610822964987,683.7276468975766,168.3828121742216,77.41002347396883,135.34730079112822,6.249901604792645,-64.18717892195203,-1.5297363471954137,87.25721428414032,-1.5297363471954137,-6.787718115780659,106.67996265955567,719.6827548936305,27.718868238381983,451.00000000000006,65.41213800000001,0.004892573364550091,24.462866822750456,319.07294901687516,1.7510634157101825,NONE,NONE,0.0,1.0,False
12.18,12.18,AEROTWIN-4-001,TAKEOFF,0.95,2929.3167104104546,140.93531183536652,168.7036924741267,88.19937334832296,132.5815131509419,6.185714425870692,-50.56785422848963,-1.532651503745691,-1.532651503745691,-7.244047494458359,98.50872385027272,106.94984675811747,720.3814550565597,27.750031258119794,451.00000000000006,65.41213800000001,0.004858261138691118,24.29130569345559,319.07294901687516,1.5656370014114431,NONE,NONE,0.0,1.0,False
12.19,12.19,AEROTWIN-4-001,TAKEOFF,0.95,2914.490227163154,316.6943144599938,168.94171459459665,105.50531394620373,130.42268127342209,6.135146571642203,-31.05251389886056,-7.8953578482709865,-1.534813904316259,116.47029960310722,-1.534813904316259,107.2132885895119,721.0523401274645,27.781032111480712,451.00000000000006,65.41213800000001,0.004830764037620426,24.153820188102134,319.07294901687516,1.2652092120394058,NONE,NONE,0.0,1.0,False
12.200000000000001,12.200000000000001,AEROTWIN-4-001,TAKEOFF,0.95,2910.964725215309,491.56372808978307,169.0814258038365,127.82607622561675,129.10577618091935,6.1040940577433425,-7.3837940130459465,139.51818345437025,-8.619940903129578,-1.5360831628119758,-1.5360831628119758,107.47011671410937,721.7000988644907,27.811935445661046,451.00000000000006,65.41213800000001,0.00481367915870433,24.06839579352165,319.07294901687516,0.8759798823236973,NONE,NONE,0.0,1.0,False
12.21,12.21,AEROTWIN-4-001,TAKEOFF,0.95,2919.297802292868,666.2216116027016,169.11392438083323,152.34308656099827,128.7936204781646,6.096710263730297,17.452755819103377,-1.5363784082341305,164.71174874149983,-1.5363784082341305,-9.295905364033297,107.7202262767996,722.3301527036849,27.84282255145522,451.00000000000006,65.41213800000001,0.004809594549770193,24.047972748850967,319.07294901687516,0.44724944508933007,NONE,NONE,0.0,1.0,False
12.22,12.22,AEROTWIN-4-001,TAKEOFF,0.95,2938.2105916356586,121.37947974027361,169.03666150933523,175.2570747653372,129.53205837365218,6.114163019549401,39.610853372135615,-1.5356764849125457,-1.5356764849125457,-9.832982681065884,188.1614104162282,107.96347482306425,722.9480265156469,27.873779021034505,451.00000000000006,65.41213800000001,0.004819235518466261,24.096177592331305,319.07294901687516,0.2632119216756095,NONE,NONE,0.0,1.0,False
12.23,12.23,AEROTWIN-4-001,TAKEOFF,0.95,2964.7177305379214,297.67211523841314,168.85555086574328,192.88604819419132,131.21585242591425,6.153773872921537,55.516421895355535,-10.189261920368644,-1.5340311178421828,206.1433723502443,-1.5340311178421828,108.19957933853095,723.5585589634568,27.904879054591436,451.00000000000006,65.41213800000001,0.00484094007805983,24.20470039029915,319.07294901687516,0.5762449050535545,NONE,NONE,0.0,1.0,False
12.24,12.24,AEROTWIN-4-001,TAKEOFF,0.95,2994.767206285682,475.55517907068844,168.5882710653355,202.73883100019896,133.59406586978963,6.209290294816892,62.93547483559243,216.16528632299617,-10.36324949282641,-1.5316029149853978,-1.5316029149853978,108.42811060103219,724.1651883024581,27.936171953235867,451.00000000000006,65.41213800000001,0.004870941448567573,24.35470724283787,319.07294901687516,0.7552619566776524,NONE,NONE,0.0,1.0,False
12.25,12.25,AEROTWIN-4-001,TAKEOFF,0.95,3024.018471312819,655.2412114478293,168.2662939024267,203.85185978682622,136.3159278055322,6.272225769652485,61.26370621164154,-1.5286777935747944,217.27961914520782,-1.5286777935747944,-10.370403771231993,108.6486279659093,724.7695302547334,27.96767545675626,451.00000000000006,65.41213800000001,0.004904349607472798,24.52174803736399,319.07294901687516,0.7825673697505936,NONE,NONE,0.0,1.0,False
12.26,12.26,AEROTWIN-4-001,TAKEOFF,0.95,3048.4848827302403,116.68231972659851,167.93349836634312,196.56767490180204,138.9918531801549,6.333489475864126,51.24233224578302,-1.5256543886253349,-1.5256543886253349,-10.223905852277955,209.84288953133066,108.8609060776231,725.3712999146419,27.999376464972137,451.00000000000006,65.41213800000001,0.004936241839909978,24.68120919954989,319.07294901687516,0.6630738573073612,NONE,NONE,0.0,1.0,False
12.27,12.27,AEROTWIN-4-001,TAKEOFF,0.95,3065.050851450436,299.5914126904129,167.64046373970308,182.33044846815105,141.25003290606435,6.384731808109909,34.69568375397679,-9.932600505766782,-1.5229922064609565,195.30903338683976,-1.5229922064609565,109.06514602095162,725.9685109379459,28.031236684841893,451.00000000000006,65.41213800000001,0.004962431004531249,24.812155022656246,319.07294901687516,0.4208697541384697,NONE,NONE,0.0,1.0,False
12.280000000000001,12.280000000000001,AEROTWIN-4-001,TAKEOFF,0.95,3071.9160160435104,483.494463777439,167.4344619449501,163.58715049794952,142.7893559052271,6.419427491863886,14.37836710085854,176.1433077198512,-9.513915808980176,-1.5211207064607362,-1.5211207064607362,109.26205896018949,726.5578913865475,28.063200675546405,451.00000000000006,65.41213800000001,0.004979907620368863,24.899538101844314,319.07294901687516,0.2323630938569229,NONE,NONE,0.0,1.0,False
12.290000000000001,12.290000000000001,AEROTWIN-4-001,TAKEOFF,0.95,3068.8450291144254,667.8094247400496,167.34729561282543,143.4316632590667,143.42971738389207,6.433805858964745,-6.431859983790104,-1.5203288114639666,155.4808869088549,-1.5203288114639666,-9.008566026860263,109.45275817281093,727.135479537331,28.095204763798098,451.00000000000006,65.41213800000001,0.004987088931649951,24.935444658249757,319.07294901687516,0.5840746030433241,NONE,NONE,0.0,1.0,False
12.3,12.3,AEROTWIN-4-001,TAKEOFF,0.95,3057.057616607722,131.94012648691512,167.38641775788795,124.88296302647419,143.14308805142036,6.427373998980955,-24.68749902392713,-1.5206842311562119,-1.5206842311562119,-8.48363486703209,136.4079663558187,109.63849339384373,727.6973118470896,28.12718569305579,451.00000000000006,65.41213800000001,0.00498388098053183,24.91940490265915,319.07294901687516,0.9091305779555,NONE,NONE,0.0,1.0,False
12.31,12.31,AEROTWIN-4-001,TAKEOFF,0.95,3038.7959525230176,315.3635834833784,167.53462496746215,110.20112333337826,142.04557665397633,6.402686499957029,-38.24713982055509,-8.02040304108569,-1.5220306747300814,121.2655877239241,-1.5220306747300814,109.82035455410374,728.2400466008871,28.159087904178907,451.00000000000006,65.41213800000001,0.004971500983823187,24.857504919115936,319.07294901687516,1.1677722125302552,NONE,NONE,0.0,1.0,False
12.32,12.32,AEROTWIN-4-001,TAKEOFF,0.95,3016.80159559928,497.69134063475946,167.75810714019025,100.65316213685384,140.35359619808037,6.3644393601364735,-46.064873421363004,111.39540259201645,-7.694118491698456,-1.5240609817320732,-1.5240609817320732,109.99907644797153,728.7613865583749,28.190868753295625,451.00000000000006,65.41213800000001,0.004952113389141738,24.760566945708693,319.07294901687516,1.3374093641837375,NONE,NONE,0.0,1.0,False
12.33,12.33,AEROTWIN-4-001,TAKEOFF,0.95,2993.9112614182573,678.6994363707163,168.01738154739022,96.70620226073737,138.32923157490046,6.3183744867151095,-47.9414038008782,-1.5264164566138023,107.31490033421986,-1.5264164566138023,-7.5558651602548865,110.17499281716367,729.260266863958,28.222501676769962,451.00000000000006,65.41213800000001,0.004928431754586645,24.64215877293323,319.07294901687516,1.409387578747572,NONE,NONE,0.0,1.0,False
12.34,12.34,AEROTWIN-4-001,TAKEOFF,0.95,2972.8207156238077,138.33411205581172,168.27574431734612,98.33651434313266,136.23801707891278,6.270433082914232,-44.171935818694344,-1.5287636493875798,-1.5287636493875798,-7.622251739635809,109.01629338154363,110.34810323758589,729.7368650186812,28.253977773549387,451.00000000000006,65.41213800000001,0.004903406977520293,24.517034887601465,319.07294901687516,1.383693724237475,NONE,NONE,0.0,1.0,False
12.35,12.35,AEROTWIN-4-001,TAKEOFF,0.95,2955.9386506576,316.70335499324017,168.50343429354876,105.19387303948325,134.3253260758959,6.226261147095537,-35.357714183508186,-7.873556762278126,-1.5308321837468282,116.12909416925503,-1.5308321837468282,110.51818603431884,730.1925094141958,28.285306220202838,451.00000000000006,65.41213800000001,0.004880013723699233,24.400068618496167,319.07294901687516,1.2661336036674777,NONE,NONE,0.0,1.0,False
12.36,12.36,AEROTWIN-4-001,TAKEOFF,0.95,2945.2227990491047,494.0596740326962,168.6785313246724,116.55171992480611,132.80404361869932,6.190903432912029,-22.443227126805247,127.87574202309096,-8.259176262453236,-1.5324229179158164,-1.5324229179158164,110.68490398141543,730.6295275291227,28.316513481443334,451.00000000000006,65.41213800000001,0.004861059716919621,24.305298584598106,319.07294901687516,1.0692098930460454,NONE,NONE,0.0,1.0,False
12.370000000000001,12.370000000000001,AEROTWIN-4-001,TAKEOFF,0.95,2941.9443140124235,670.7730419756425,168.7863711820001,131.14492524207324,131.84290804038315,6.168460205785224,-6.8664430040951325,-1.533402629249179,142.92110180433795,-1.533402629249179,-8.709371303766357,110.84787494929249,731.0510276833443,28.347640765128574,451.00000000000006,65.41213800000001,0.004848924498558572,24.24462249279286,319.07294901687516,0.8149416794920503,NONE,NONE,0.0,1.0,False
12.38,12.38,AEROTWIN-4-001,TAKEOFF,0.95,2946.427306310389,127.28970081638795,168.81885212645662,147.1002994976946,131.54954862198758,6.161593762781129,9.389157112925895,-1.5336977144819577,-1.5336977144819577,-9.151371782516318,159.31906670917482,111.00670200750339,731.4605852686946,28.37873904752743,451.00000000000006,65.41213800000001,0.00484519572450873,24.22597862254365,319.07294901687516,0.5360547079023151,NONE,NONE,0.0,1.0,False
12.39,12.39,AEROTWIN-4-001,TAKEOFF,0.95,2957.895686317433,304.07533919501134,168.77437746226005,162.1410714737986,131.95076963476768,6.170982919894055,24.019318919136868,-9.525221571269409,-1.5332936678368618,174.73288038074173,-1.5332936678368618,111.1609769335522,731.8618251968245,28.409861639260335,451.00000000000006,65.41213800000001,0.004850292558026396,24.251462790131978,319.07294901687516,0.2723861266924201,NONE,NONE,0.0,1.0,False
12.4,12.4,AEROTWIN-4-001,TAKEOFF,0.95,2974.5491222084834,481.5490803740573,168.6585595701076,174.05382954733662,132.9799527402901,6.195002238813191,34.87887456823334,186.9115450926908,-9.793232591202438,-1.5322414770758601,-1.5322414770758601,111.31028628957581,732.2579491467542,28.44105553684861,451.00000000000006,65.41213800000001,0.004863267266068207,24.316336330341034,319.07294901687516,0.2515496355133684,NONE,NONE,0.0,1.0,False
12.41,12.41,AEROTWIN-4-001,TAKEOFF,0.95,2993.87334536793,660.0220277065663,168.48514843000868,181.18400520607398,134.48156574999274,6.229881113381425,40.47255834269981,-1.5306660590115542,194.18509750141797,-1.5306660590115542,-9.939760177320883,111.45425032471616,732.6513071847461,28.47235381155737,451.00000000000006,65.41213800000001,0.0048819428381253575,24.40971419062679,319.07294901687516,0.38057214640275,NONE,NONE,0.0,1.0,False
12.42,12.42,AEROTWIN-4-001,TAKEOFF,0.95,3013.0746009848044,119.65442842864218,168.27616256677226,182.71993575437202,136.23456635886714,6.270353671724125,40.21501572378075,-1.5287674491302086,-1.5287674491302086,-9.964032100337345,195.74150275296978,111.59260495910222,733.0431130817137,28.503771072507273,451.00000000000006,65.41213800000001,0.004903365209277469,24.51682604638735,319.07294901687516,0.41252045047407204,NONE,NONE,0.0,1.0,False
12.43,12.43,AEROTWIN-4-001,TAKEOFF,0.95,3029.5166039145092,300.43890448773044,168.0602456557683,178.73427445288445,137.987655355928,6.310568687447906,34.43605040950853,-9.872745122213773,-1.526805871564945,191.6606313182281,-1.526805871564945,111.72530558792411,733.4333529408073,28.535302730618042,451.00000000000006,65.41213800000001,0.0049243833704892565,24.621916852446287,319.07294901687516,0.34796226171810063,NONE,NONE,0.0,1.0,False
12.44,12.44,AEROTWIN-4-001,TAKEOFF,0.95,3041.0971163025456,482.209900722601,167.86881178230743,170.09690311926056,139.49772995269547,6.345004737857415,24.25416842870768,182.82474095729418,-9.677704399494766,-1.5250667192694334,-1.5250667192694334,111.85260806536596,733.8208833761075,28.566927478202857,451.00000000000006,65.41213800000001,0.004942166023711471,24.710830118557357,319.07294901687516,0.2013749149688475,NONE,NONE,0.0,1.0,False
12.450000000000001,12.450000000000001,AEROTWIN-4-001,TAKEOFF,0.95,3046.5311261578777,664.6757277007537,167.73035616226423,158.31646802168254,140.5662454880321,6.369258906286121,11.38096362736431,-1.5238088676412376,170.7627689327818,-1.5238088676412376,-9.39868317581678,111.97508074349162,734.2036886272631,28.59861184583975,451.00000000000006,65.41213800000001,0.004954570252159619,24.772851260798095,319.07294901687516,0.32798718536773463,NONE,NONE,0.0,1.0,False
12.46,12.46,AEROTWIN-4-001,TAKEOFF,0.95,3045.4927253177375,127.4675952702263,167.6643551028273,145.27485647912235,141.06903824312002,6.380639869913486,-2.174821633911156,-1.5232092564441657,-1.5232092564441657,-9.067255456733662,157.38853044874435,112.09352542418601,734.5792526085063,28.63031574204177,451.00000000000006,65.41213800000001,0.00496035615695946,24.8017807847973,319.07294901687516,0.5554654328860463,NONE,NONE,0.0,1.0,False
12.47,12.47,AEROTWIN-4-001,TAKEOFF,0.95,3038.575424474234,310.19715878929054,167.67701841064152,132.8637927692756,140.97288872941022,6.378465048279574,-14.487561008414199,-8.726683555700324,-1.5233243009786346,144.63712492693318,-1.5233243009786346,112.20882652309766,734.9449824612869,28.661998070854022,451.00000000000006,65.41213800000001,0.004959252227402252,24.79626113701126,319.07294901687516,0.7728031949275356,NONE,NONE,0.0,1.0,False
12.48,12.48,AEROTWIN-4-001,TAKEOFF,0.95,3027.0921374542067,492.5116842577446,167.76076039693456,122.6466631668331,140.33322577368227,6.363977487271161,-24.05054009412034,134.1208087898627,-8.425975450568014,-1.524085086230791,-1.524085086230791,112.32178308769485,735.2986045102438,28.69362171342272,451.00000000000006,65.41213800000001,0.004951877731608378,24.759388658041892,319.07294901687516,0.9525531171621076,NONE,NONE,0.0,1.0,False
12.49,12.49,AEROTWIN-4-001,TAKEOFF,0.95,3012.7985285056857,674.137212504997,167.89741931405104,115.67800672492204,139.2745443550516,6.33992694717704,-29.9364645773066,-1.5253266150423253,126.93881623391613,-1.5253266150423253,-8.21015627890943,112.43298228085692,735.6384645992538,28.725157416812753,451.00000000000006,65.41213800000001,0.004939556450830248,24.697782254151235,319.07294901687516,1.0760432322522522,NONE,NONE,0.0,1.0,False
12.5,12.5,AEROTWIN-4-001,TAKEOFF,0.95,2997.62799057192,134.90512421533822,168.06340841970749,112.49926045403028,137.96237032057982,6.309990482599734,-31.773100349149278,-1.5268346048714678,-1.5268346048714678,-8.110660380318409,123.66359004409162,112.54274474372698,735.963702353632,28.756586433553522,451.00000000000006,65.41213800000001,0.004924083085117436,24.62041542558718,319.07294901687516,1.133518976828323,NONE,NONE,0.0,1.0,False
12.51,12.51,AEROTWIN-4-001,TAKEOFF,0.95,2983.4795692793023,314.7628036496534,168.23458948524993,113.22231989371596,136.57648677331906,6.278217382250585,-29.632384261853684,-8.13899684696377,-1.5283897629931946,124.41809626666614,-1.5283897629931946,112.65113630956684,736.2743075050363,28.787901965111256,451.00000000000006,65.41213800000001,0.004907496260008118,24.53748130004059,319.07294901687516,1.1227445982991127,NONE,NONE,0.0,1.0,False
12.52,12.52,AEROTWIN-4-001,TAKEOFF,0.95,2972.0493723110676,493.7715778064115,168.38960480269745,117.59951861144557,135.29028216311625,6.24858499798873,-23.9393485496594,128.9441585337088,-8.28504380754774,-1.5297980573577414,-1.5297980573577414,112.75801969520937,736.5710839185301,28.81910949155245,451.00000000000006,65.41213800000001,0.004891876282617615,24.459381413088074,319.07294901687516,1.0478201859833203,NONE,NONE,0.0,1.0,False
12.530000000000001,12.530000000000001,AEROTWIN-4-001,TAKEOFF,0.95,2964.676300900793,672.0945401450756,168.51157327067588,125.03815064080868,134.25562964264483,6.224645649439071,-15.442124651275225,-1.5309061253147327,136.61991158395566,-1.5309061253147327,-8.519948692517504,112.86311816279678,736.855542265843,28.850225955385223,451.00000000000006,65.41213800000001,0.004879152122264512,24.39576061132256,319.07294901687516,0.918945028326202,NONE,NONE,0.0,1.0,False
12.540000000000001,12.540000000000001,AEROTWIN-4-001,TAKEOFF,0.95,2962.1892351936804,129.97511819912313,168.58870105797078,134.59063743688327,133.59033214840187,6.209203524787796,-5.208898236306396,-1.531606821413582,-1.531606821413582,-8.80279740897164,146.45664848868208,112.96607252906358,737.1297292667259,28.88127765258881,451.00000000000006,65.41213800000001,0.00487089494329991,24.35447471649955,319.07294901687516,0.7525902631950251,NONE,NONE,0.0,1.0,False
12.55,12.55,AEROTWIN-4-001,TAKEOFF,0.95,2964.7785080363988,307.70647231074395,168.61444375242152,144.99324340266014,133.36628841555932,6.20399462655149,5.422960360549327,-9.089419318362653,-1.5318406905054898,157.14634410203374,-1.5318406905054898,113.06648497815917,737.3959957072836,28.912296743322543,451.00000000000006,65.41213800000001,0.004868100956107189,24.340504780535948,319.07294901687516,0.5708146599791587,NONE,NONE,0.0,1.0,False
12.56,12.56,AEROTWIN-4-001,TAKEOFF,0.95,2971.941215489753,485.5931827929279,168.58764019447742,154.8105003504734,133.59954335338102,6.209417586912039,15.001539410180342,167.21456153626875,-9.340866818586916,-1.5315971836042104,-1.5315971836042104,113.16395349993113,737.6567151751885,28.943316622441014,451.00000000000006,65.41213800000001,0.004871009669842839,24.355048349214197,319.07294901687516,0.3987315179033094,NONE,NONE,0.0,1.0,False
12.57,12.57,AEROTWIN-4-001,TAKEOFF,0.95,2982.5424942944283,663.9096557223131,168.51271344586914,162.67354387327447,134.2458583393361,6.2244191263222195,22.20326640761614,-1.5309164836607705,175.26439365027505,-1.5309164836607705,-9.529016809679057,113.25810669631332,737.9139863881616,28.97436687391113,451.00000000000006,65.41213800000001,0.004879031275670258,24.39515637835129,319.07294901687516,0.26033772778563175,NONE,NONE,0.0,1.0,False
12.58,12.58,AEROTWIN-4-001,TAKEOFF,0.95,2994.9942762538417,122.86220537997883,168.3997138772388,167.53088295922396,135.205309414631,6.246622392729836,26.078951151863134,-1.5298898970090855,-1.5298898970090855,-9.63805370976117,180.2287164630033,113.34864760257716,738.1693692260122,29.00546886132085,451.00000000000006,65.41213800000001,0.00489083664746889,24.45418323734445,319.07294901687516,0.17412976225226434,NONE,NONE,0.0,1.0,False
12.59,12.59,AEROTWIN-4-001,TAKEOFF,0.95,3007.5102560430273,302.56186195520934,168.26378409582924,168.82270826414307,136.33660014813975,6.2727013438817,26.213406772121623,-9.662752425739777,-1.5286549923023427,181.5427706744875,-1.5286549923023427,113.43540671660917,738.4237039708993,29.036632904105467,451.00000000000006,65.41213800000001,0.004904599584650943,24.522997923254714,319.07294901687516,0.1696177939429608,NONE,NONE,0.0,1.0,False
12.6,12.6,AEROTWIN-4-001,TAKEOFF,0.95,3018.3802749008923,483.01247731779097,168.1236637480428,166.54350218924262,137.47847317975487,6.298914750653822,22.766114258833923,179.2041848943276,-9.605918671414658,-1.5273820168351742,-1.5273820168351742,113.51839275656052,738.6770443385024,29.067857492842105,451.00000000000006,65.41213800000001,0.004918320210341983,24.591601051709915,319.07294901687516,0.18840937348558254,NONE,NONE,0.0,1.0,False
12.61,12.61,AEROTWIN-4-001,TAKEOFF,0.95,3026.2165320670706,664.1152938118445,167.99913164352773,161.20794313363712,138.47404363878675,6.321680864912655,16.41221862993771,-1.5262506585676077,173.7374383216349,-1.5262506585676077,-9.476993870862579,113.59782173195538,738.9287097764259,29.099130421761668,451.00000000000006,65.41213800000001,0.004930143483794345,24.650717418971727,319.07294901687516,0.28040440484852397,NONE,NONE,0.0,1.0,False
12.620000000000001,12.620000000000001,AEROTWIN-4-001,TAKEOFF,0.95,3030.1364895011566,125.6882857358687,167.907718765444,153.7420166721115,139.19398393702883,6.338093083542593,8.209939651540079,-1.5254201842430564,-1.5254201842430564,-9.292129273367733,166.08498631396535,113.67410632772172,739.1774419743297,29.130431342850937,451.00000000000006,65.41213800000001,0.004938612920480405,24.693064602402025,319.07294901687516,0.4100383968246173,NONE,NONE,0.0,1.0,False
12.63,12.63,AEROTWIN-4-001,TAKEOFF,0.95,3029.8554747107814,307.49647510593815,167.86147635770746,145.31256956806482,139.55482254553337,6.3463030231941335,-0.5885560006626864,-9.074407628651315,-1.5250000778736295,157.4369773524634,-1.5250000778736295,113.74779954293405,739.4216358490434,29.161735122789175,451.00000000000006,65.41213800000001,0.004942832535670692,24.71416267835346,319.07294901687516,0.5570351807984164,NONE,NONE,0.0,1.0,False
12.64,12.64,AEROTWIN-4-001,TAKEOFF,0.95,3025.6764126992257,489.287803588585,167.86480281352823,137.12204658114462,139.52893912354958,6.345714467193471,-8.752607009598432,149.02462232686565,-8.852515149121084,-1.5250302982999941,-1.5250302982999941,113.81950426762387,739.659604441979,29.19301541697726,451.00000000000006,65.41213800000001,0.004942530419013721,24.712652095068602,319.07294901687516,0.7004066936295895,NONE,NONE,0.0,1.0,False
12.65,12.65,AEROTWIN-4-001,TAKEOFF,0.95,3018.3894857707173,670.8283883505385,167.91406346850718,130.21955945399674,139.14430166437774,6.336961860183871,-15.26170407056487,-1.5254778250602075,141.9276537685239,-1.5254778250602075,-8.65713866440675,113.88977448105445,739.8898327935149,29.224247982259676,451.00000000000006,65.41213800000001,0.00493803061773276,24.690153088663802,319.07294901687516,0.8217524050012526,NONE,NONE,0.0,1.0,False
12.66,12.66,AEROTWIN-4-001,TAKEOFF,0.95,3009.117325199045,131.93175749678153,167.9990250003752,125.37702123927593,138.4748887730774,6.321700156113307,-19.41956768991477,-1.5262496897281848,-1.5262496897281848,-8.515800998915665,136.94532161764798,113.95903559009932,740.1111824675787,29.255413396037003,451.00000000000006,65.41213800000001,0.004930153465556827,24.650767327784134,319.07294901687516,0.9074443526087626,NONE,NONE,0.0,1.0,False
12.67,12.67,AEROTWIN-4-001,TAKEOFF,0.95,2999.145720461726,312.4787970087242,168.10541863903026,123.04323669531347,137.62543623173136,6.3022805884233914,-20.884480124841282,-8.447727609596644,-1.527216262349579,134.54539682960927,-1.527216262349579,114.02754079888085,740.3230246166888,29.286499000899703,451.00000000000006,65.41213800000001,0.004920073676046022,24.60036838023011,319.07294901687516,0.9494631278127548,NONE,NONE,0.0,1.0,False
12.68,12.68,AEROTWIN-4-001,TAKEOFF,0.95,2989.7658410219633,492.4275402364277,168.2176951514352,123.35104449391302,136.7148219452914,6.28139610829855,-19.64517355967692,134.86780796014673,-8.460290905978109,-1.5282362801277862,-1.5282362801277862,114.09536512361386,740.5252971671838,29.31750000643041,451.00000000000006,65.41213800000001,0.004909163238721245,24.54581619360623,319.07294901687516,0.9453077136808898,NONE,NONE,0.0,1.0,False
12.69,12.69,AEROTWIN-4-001,TAKEOFF,0.95,2982.1355227748923,671.8134906977455,168.32128202354522,126.14185309192831,135.86100332355642,6.261750934738873,-15.98090116636698,-1.5291773536335251,137.74814526926215,-1.5291773536335251,-8.547937470066792,114.16242744543656,740.718492955585,29.348419728091486,451.00000000000006,65.41213800000001,0.004898834230739811,24.494171153699057,319.07294901687516,0.8975934730478892,NONE,NONE,0.0,1.0,False
12.700000000000001,12.700000000000001,AEROTWIN-4-001,TAKEOFF,0.95,2977.157832745814,130.74162206423898,168.40409813832082,130.9889344924634,135.1684140770235,6.245770033572505,-10.425249618132618,-1.5299297274611734,-1.5299297274611734,-8.693754050603133,142.74254799798885,114.22852738401173,740.9035887128846,29.379268945478735,451.00000000000006,65.41213800000001,0.004890384937656608,24.451924688283043,319.07294901687516,0.8136608610620465,NONE,NONE,0.0,1.0,False
12.71,12.71,AEROTWIN-4-001,TAKEOFF,0.95,2975.378824113433,309.37109202898785,168.45742294550422,137.22695046881663,134.717552651637,6.235344783954373,-3.7259469667747407,-8.873192810673073,-1.5304141765251982,149.16097163254008,-1.5304141765251982,114.29338621580047,741.0819237805249,29.41006437436557,451.00000000000006,65.41213800000001,0.004884850441317511,24.424252206587557,319.07294901687516,0.7050655388858668,NONE,NONE,0.0,1.0,False
12.72,12.72,AEROTWIN-4-001,TAKEOFF,0.95,2976.9171876910277,487.89382147579386,168.4763468070501,144.01015906631582,134.5565990867129,6.231618836987599,3.2219411426153153,156.1303000987507,-9.058968837653113,-1.5305860973908865,-1.5305860973908865,114.35668615225394,741.2550380392032,29.44082632821997,451.00000000000006,65.41213800000001,0.004882868130248713,24.414340651243563,319.07294901687516,0.5865608872626373,NONE,NONE,0.0,1.0,False
12.73,12.73,AEROTWIN-4-001,TAKEOFF,0.95,2981.445479898209,666.5088527372556,168.45998689505402,150.4146487657781,134.69577496672156,6.234840778130214,9.48403302092634,-1.530437469679458,162.70136362343297,-1.530437469679458,-9.22583991829594,114.41810711099738,741.4244837400907,29.47157581145498,451.00000000000006,65.41213800000001,0.004884582428019972,24.42291214009986,319.07294901687516,0.47430814308727026,NONE,NONE,0.0,1.0,False
12.74,12.74,AEROTWIN-4-001,TAKEOFF,0.95,2988.237414023026,125.39558153114808,168.41152344362024,155.57518586084538,135.1058674829015,6.24432481115114,14.224993566792753,-1.5299971854116547,-1.5299971854116547,-9.354086835315819,167.9892670669845,114.4773627067909,741.5916339951162,29.502331479699247,451.00000000000006,65.41213800000001,0.004889618766810733,24.448093834053665,319.07294901687516,0.38348101565291265,NONE,NONE,0.0,1.0,False
12.75,12.75,AEROTWIN-4-001,TAKEOFF,0.95,2996.279314659036,304.68982637252964,168.3379750472311,158.82359631614736,135.72212920543734,6.258549804717933,16.842917305992085,-9.431124749712001,-1.5293290076221189,171.31337908110362,-1.5293290076221189,114.5342365970917,741.7575163226768,29.533107009579368,451.00000000000006,65.41213800000001,0.004897145114449569,24.485725572247848,319.07294901687516,0.32584321362131696,NONE,NONE,0.0,1.0,False
12.76,12.76,AEROTWIN-4-001,TAKEOFF,0.95,3004.426020678801,484.4665852520718,168.24955885419794,159.79143288161816,136.45361897116086,6.275392722023924,17.062421188433376,172.30000543840393,-9.451521041188553,-1.5285257577985945,-1.5285257577985945,114.58861694804516,741.9226981208923,29.56390935672824,451.00000000000006,65.41213800000001,0.0049060135554564385,24.53006777728219,319.07294901687516,0.30794809919100685,NONE,NONE,0.0,1.0,False
12.77,12.77,AEROTWIN-4-001,TAKEOFF,0.95,3011.5718294754342,664.7321464927999,168.15851759230875,158.4552484316821,137.1966463421619,6.292455143212358,14.966146946307838,-1.5276986595597177,170.92689727343827,-1.5276986595597177,-9.416251522636744,114.64052261457091,742.0872418195895,29.59473816145992,451.00000000000006,65.41213800000001,0.004914949723494902,24.574748617474512,319.07294901687516,0.33033670884645866,NONE,NONE,0.0,1.0,False
12.780000000000001,12.780000000000001,AEROTWIN-4-001,TAKEOFF,0.95,3016.8070222106394,125.42645626132594,168.07744124225985,155.12203025866583,137.8500469438097,6.307421290158666,10.964562024697464,-1.5269620912724546,-1.5269620912724546,-9.331955065660592,167.50790950687133,114.69011242846958,742.2507344153036,29.625586290977378,451.00000000000006,65.41213800000001,0.004922748121670975,24.613740608354874,319.07294901687516,0.3877755887527731,NONE,NONE,0.0,1.0,False
12.790000000000001,12.790000000000001,AEROTWIN-4-001,TAKEOFF,0.95,3019.535759950597,306.4348775939643,168.0173189098276,150.3631700380158,138.32972922755064,6.318385852183363,5.7150549582817884,-9.210382975869381,-1.5264158875595444,162.62638478900428,-1.5264158875595444,114.73767085859804,742.4123833501541,29.65644129328663,451.00000000000006,65.41213800000001,0.004928437641695248,24.64218820847624,319.07294901687516,0.4703899474109035,NONE,NONE,0.0,1.0,False
12.8,12.8,AEROTWIN-4-001,TAKEOFF,0.95,3019.5388270657854,487.6070231910001,167.98573868386396,144.91060882122636,138.5800841630544,6.324100907141646,0.006423751030307123,157.03053209746508,-9.067665305760181,-1.5261289852392577,-1.5261289852392577,114.7835693486955,742.5711605206648,29.68728742757213,451.00000000000006,65.41213800000001,0.004931395187101326,24.65697593550663,319.07294901687516,0.5654588077670203,NONE,NONE,0.0,1.0,False
12.81,12.81,AEROTWIN-4-001,TAKEOFF,0.95,3016.9752413624574,668.7793528149473,167.9857030939598,139.53531167991,138.58036569063393,6.324107330892676,-5.369161341616606,-1.5261286619095231,151.51042800885506,-1.5261286619095231,-8.922859005126016,114.82821050155843,742.7259695763906,29.718107917202442,451.00000000000006,65.41213800000001,0.004931398508306502,24.65699254153251,319.07294901687516,0.6595261117233145,NONE,NONE,0.0,1.0,False
12.82,12.82,AEROTWIN-4-001,TAKEOFF,0.95,3012.3293580417476,129.79786729669468,168.01537688613337,134.93357926812482,138.34515637175818,6.318738169551059,-9.730315273184422,-1.5263982445222664,-1.5263982445222664,-8.795572423414233,146.78194818058358,114.87196811420469,742.8758097261363,29.748887113534032,451.00000000000006,65.41213800000001,0.004928620125007458,24.64310062503729,319.07294901687516,0.7403862290130362,NONE,NONE,0.0,1.0,False
12.83,12.83,AEROTWIN-4-001,TAKEOFF,0.95,3006.3202788756275,310.5376287791995,168.06877946383273,131.64302694386623,137.9194050650028,6.3090078542778745,-12.585385975414434,-8.70299809358218,-1.526883400121498,143.39979183769142,-1.526883400121498,114.9151368456868,743.0199127792864,29.779612332570508,451.00000000000006,65.41213800000001,0.00492357263770751,24.617863188537548,319.07294901687516,0.7985624425033345,NONE,NONE,0.0,1.0,False
12.84,12.84,AEROTWIN-4-001,TAKEOFF,0.95,2999.7935647894146,490.91684551173716,168.13713642834816,129.99660734264393,137.36970289122712,6.29642246830246,-13.669518016885654,141.7086817924819,-8.657065621007225,-1.5275044144153735,-1.5275044144153735,114.95790091662593,743.1578379364653,29.810275207728242,451.00000000000006,65.41213800000001,0.004917020613858007,24.58510306929004,319.07294901687516,0.8281281767856873,NONE,NONE,0.0,1.0,False
12.85,12.85,AEROTWIN-4-001,TAKEOFF,0.95,2993.6113999441463,670.904459399102,168.21046812302106,130.1087489340944,136.77389175792607,6.282752950285575,-12.947895774117248,-1.5281706234974888,141.8275541008855,-1.5281706234974888,-8.662463919796135,115.00032444889924,743.2895178015349,29.84087247047252,451.00000000000006,65.41213800000001,0.004909874280045444,24.549371400227223,319.07294901687516,0.8269690012921593,NONE,NONE,0.0,1.0,False
12.86,12.86,AEROTWIN-4-001,TAKEOFF,0.95,2988.5508959941267,130.52114339575087,168.2790511921323,131.88183840171416,136.21072803576575,6.269805054511457,-10.59869468856305,-1.5287936919227454,-1.5287936919227454,-8.716030296393676,143.65545608195333,115.04236027253236,743.4152561707583,29.871406117873335,451.00000000000006,65.41213800000001,0.004903076622294314,24.51538311147157,319.07294901687516,0.7966864386960997,NONE,NONE,0.0,1.0,False
12.870000000000001,12.870000000000001,AEROTWIN-4-001,TAKEOFF,0.95,2985.216078047495,309.83419715539844,168.33455554390142,135.02538662807035,135.75060664304615,6.259206359822895,-6.984426374798699,-8.807624488466486,-1.5292979418710175,146.89160700027887,-1.5292979418710175,115.08387119329612,743.5356822933439,29.90188296015287,451.00000000000006,65.41213800000001,0.004897491691371354,24.48745845685677,319.07294901687516,0.7422749840835412,NONE,NONE,0.0,1.0,False
12.88,12.88,AEROTWIN-4-001,TAKEOFF,0.95,2983.969115984311,488.9471618382481,168.37081966695965,139.08840779458058,135.44781709913497,6.252221933448096,-2.611631238002486,151.06989495072642,-8.92223236254925,-1.529627396798305,-1.529627396798305,115.12465778168759,743.6516685551735,29.93231358190309,451.00000000000006,65.41213800000001,0.004893801178733776,24.46900589366888,319.07294901687516,0.6715628000029595,NONE,NONE,0.0,1.0,False
12.89,12.89,AEROTWIN-4-001,TAKEOFF,0.95,2984.8886310358307,667.9853087973067,168.38431582081603,143.5101223633751,135.33468424068474,6.249610302210094,1.9258278204802721,-1.5297500076327177,155.6123791707007,-1.5297500076327177,-9.042756792060157,115.1644884829625,743.7642207481446,29.962710815248048,451.00000000000006,65.41213800000001,0.004892419157883661,24.462095789418306,319.07294901687516,0.5943278347111124,NONE,NONE,0.0,1.0,False
12.9,12.9,AEROTWIN-4-001,TAKEOFF,0.95,2987.7635610506086,127.07862665945663,168.37436706280266,147.69087978099802,135.41810430829406,6.2515361300305745,6.021239342673381,-1.5296596244365592,-1.5296596244365592,-9.152820365686757,159.9030193955579,115.20312982508679,743.8743532141706,29.993087910051106,451.00000000000006,65.41213800000001,0.004893438374138327,24.467191870691632,319.07294901687516,0.5210576822032583,NONE,NONE,0.0,1.0,False
12.91,12.91,AEROTWIN-4-001,TAKEOFF,0.95,2992.127321371841,306.34444032249314,168.34313973259887,151.07608457458542,135.67908896040615,6.257557369373248,9.139438244806026,-9.238985102433272,-1.5293759281291879,163.37382153327707,-1.5293759281291879,115.24037564729906,743.9829644814095,30.023456667312214,451.00000000000006,65.41213800000001,0.004896621101288935,24.483105506444677,319.07294901687516,0.4614803766539106,NONE,NONE,0.0,1.0,False
12.92,12.92,AEROTWIN-4-001,TAKEOFF,0.95,2997.329326302305,485.8720796048036,168.29538805712022,153.23745942099387,136.07570896438472,6.266696807618054,10.895053648991102,165.58741996180404,-9.292076320300042,-1.5289421102550476,-1.5289421102550476,115.27607413251961,744.0907306499621,30.05382583540934,451.00000000000006,65.41213800000001,0.004901440665289322,24.50720332644661,319.07294901687516,0.42314019081343346,NONE,NONE,0.0,1.0,False
12.93,12.93,AEROTWIN-4-001,TAKEOFF,0.95,3002.6326791686483,665.711839182942,168.23790795396886,153.9341810638787,136.5492729330792,6.2775918612670445,11.107316269532443,-1.5284199108577587,166.29867321347388,-1.5284199108577587,-9.307652327879667,115.31015027386985,744.1980320949855,30.08420002711757,451.00000000000006,65.41213800000001,0.004907168028943891,24.53584014471945,319.07294901687516,0.4103231767844778,NONE,NONE,0.0,1.0,False
12.94,12.94,AEROTWIN-4-001,TAKEOFF,0.95,3007.3214970240065,125.8697999330609,168.17868582277413,153.14184623214078,137.03290990232804,6.288699177536577,9.820237152276158,-1.527881885358142,-1.527881885358142,-9.285900010551858,165.48351001340893,115.34262014305165,744.3049238693974,30.11457930639847,451.00000000000006,65.41213800000001,0.004912986745827797,24.564933729138986,319.07294901687516,0.42354228066479577,NONE,NONE,0.0,1.0,False
12.950000000000001,12.950000000000001,AEROTWIN-4-001,TAKEOFF,0.95,3010.8002361159242,306.3090897545013,168.1258029499038,151.04559025294512,137.46121672164097,6.298519414688853,7.285854116615299,-9.231244184360522,-1.5274014512109193,163.33163733972748,-1.5274014512109193,115.37359308572049,744.4111528428156,30.144959457164838,451.00000000000006,65.41213800000001,0.004918114132183807,24.590570660919038,319.07294901687516,0.4596463661126469,NONE,NONE,0.0,1.0,False
12.96,12.96,AEROTWIN-4-001,TAKEOFF,0.95,3012.6698312472463,486.9571039214568,168.0862506652767,148.00089516055164,137.77941900524849,6.305805268805468,3.915670886497683,160.20676257875076,-9.151783170687827,-1.5270421237556557,-1.5270421237556557,115.40325949151581,744.5162169800806,30.17533282650857,451.00000000000006,65.41213800000001,0.004921907864117784,24.60953932058892,319.07294901687516,0.5124927180077382,NONE,NONE,0.0,1.0,False
12.97,12.97,AEROTWIN-4-001,TAKEOFF,0.95,3012.770350483908,667.7172937962915,168.06488222994582,144.47083187361994,137.9505839369679,6.3097209396919665,0.21052699696008847,-1.526847994249287,156.58299924594112,-1.526847994249287,-9.058471383822612,115.43186493047898,744.6194557689703,30.205689559286547,451.00000000000006,65.41213800000001,0.0049239430813511524,24.619715406755763,319.07294901687516,0.5740327732206905,NONE,NONE,0.0,1.0,False
12.98,12.98,AEROTWIN-4-001,TAKEOFF,0.95,3011.1863577203817,128.48351482532598,168.06373113930763,140.95221445162207,137.95978967108786,6.309931466688927,-3.3175066861547196,-1.5268375367378262,-1.5268375367378262,-8.963916999444674,152.96980652454238,115.45967509795155,744.7201566678106,30.236019013712934,451.00000000000006,65.41213800000001,0.004924052432597475,24.620262162987377,319.07294901687516,0.6355958504192516,NONE,NONE,0.0,1.0,False
12.99,12.99,AEROTWIN-4-001,TAKEOFF,0.95,3008.2180559548397,309.1546962885489,168.08184390617976,137.90457773416458,137.81476045433894,6.306613960002773,-6.216796680177135,-8.8807844590607,-1.5270020889119749,149.83936637104924,-1.5270020889119749,115.48693858000983,744.8176611901383,30.26631115871159,451.00000000000006,65.41213800000001,0.004922328401340024,24.611642006700123,319.07294901687516,0.6891296267562412,NONE,NONE,0.0,1.0,False
13.0,13.0,AEROTWIN-4-001,TAKEOFF,0.95,3004.326681227406,489.64777964583925,168.1156351803986,135.69351129267488,137.54319030006582,6.300397163322596,-8.150076170713529,147.56812653839714,-8.819997089075594,-1.5273090783233239,-1.5273090783233239,115.51385477793741,744.9114559700798,30.296557788598797,451.00000000000006,65.41213800000001,0.004919092720558511,24.595463602792556,319.07294901687516,0.728195852184219,NONE,NONE,0.0,1.0,False
13.01,13.01,AEROTWIN-4-001,TAKEOFF,0.95,3000.064998913282,669.9073805194836,168.15963666030808,134.5541743714937,137.1875738509977,6.292247087151882,-8.925646566655875,-1.527708826149594,146.39868251683453,-1.527708826149594,-8.789090493041632,115.54055237662749,745.0012381484967,30.32675343517771,451.00000000000006,65.41213800000001,0.004914841048703554,24.57420524351777,319.07294901687516,0.7486177795342706,NONE,NONE,0.0,1.0,False
13.02,13.02,AEROTWIN-4-001,TAKEOFF,0.95,2996.0031215509357,129.9112804542806,168.2074373527104,134.57479003497855,136.79864464861285,6.283321440585226,-8.507176054219528,-1.5281430893362264,-1.5281430893362264,-8.791088357267702,146.4221645709187,115.56708055595907,745.0869493371756,30.356895901116403,451.00000000000006,65.41213800000001,0.004910172101716262,24.550860508581312,319.07294901687516,0.7487801851750571,NONE,NONE,0.0,1.0,False
13.030000000000001,13.030000000000001,AEROTWIN-4-001,TAKEOFF,0.95,2992.6577244326636,309.67146774733675,168.25261939483465,135.69669482282436,136.4284638983636,6.274814264531005,-7.006583340070239,-8.82415882319484,-1.5285535624194677,147.5779607708581,-1.5285535624194677,115.5934121291692,745.1687769415538,30.38698637713553,451.00000000000006,65.41213800000001,0.004905709751979946,24.52854875989973,319.07294901687516,0.729639309042951,NONE,NONE,0.0,1.0,False
13.040000000000001,13.040000000000001,AEROTWIN-4-001,TAKEOFF,0.95,2990.4308637767936,489.23093121329657,168.2895549832632,137.72783811971829,136.12395648989246,6.267807681190935,-4.663926051365114,149.66773407616557,-8.882117721399485,-1.5288891175239028,-1.5288891175239028,115.61945591038314,745.2471251142003,30.417029141203358,451.00000000000006,65.41213800000001,0.004902025532065617,24.510127660328084,319.07294901687516,0.6944953543643604,NONE,NONE,0.0,1.0,False
13.05,13.05,AEROTWIN-4-001,TAKEOFF,0.95,2989.563796509639,668.6567830399042,168.31400255368035,140.3686123193543,135.92145000198926,6.26314375513957,-1.8159814377745285,-1.5291112205793442,152.38247745542637,-1.5291112205793442,-8.955642694913383,115.64507505975249,745.3225602136782,30.44703087641955,451.00000000000006,65.41213800000001,0.0048995686433202235,24.49784321660112,319.07294901687516,0.648546493399018,NONE,NONE,0.0,1.0,False
13.06,13.06,AEROTWIN-4-001,TAKEOFF,0.95,2990.1109018567945,128.0306108304826,168.3234916861485,143.24982385519,135.84264132191262,6.261327773701795,1.1458547595755695,-1.5291974281361158,-1.5291974281361158,-9.033906430125386,155.34212514158762,115.67010852990458,745.3957378354119,30.476999689135084,451.00000000000006,65.41213800000001,0.0048986110412370075,24.493055206185037,319.07294901687516,0.5982278608385222,NONE,NONE,0.0,1.0,False
13.07,13.07,AEROTWIN-4-001,TAKEOFF,0.95,2991.9377440095745,307.43726494189025,168.31750615272958,145.98096854304694,135.89236565695836,6.262473628461371,3.8261292576272092,-9.106269558748062,-1.5291430503293193,158.14552420245363,-1.5291430503293193,115.69439342338008,745.4673204903223,30.50694395584629,451.00000000000006,65.41213800000001,0.0048992153357938755,24.496076678969377,319.07294901687516,0.5503681412968281,NONE,NONE,0.0,1.0,False
13.08,13.08,AEROTWIN-4-001,TAKEOFF,0.95,2994.7446119134825,486.9535295824647,168.29747139782594,148.20345649341618,136.05846634468648,6.266299757718998,5.878690391010706,160.42509213719072,-9.16371356949586,-1.5289610371393298,-1.5289610371393298,115.71778655157158,745.5378965112112,30.536871163417427,451.00000000000006,65.41213800000001,0.0049012315720635665,24.50615786031783,319.07294901687516,0.5112578093663027,NONE,NONE,0.0,1.0,False
13.09,13.09,AEROTWIN-4-001,TAKEOFF,0.95,2998.1127904466016,666.6382062972737,168.26654357525035,149.6403459821627,136.31387091030211,6.272178448110009,7.054296623750576,-1.5286800618205154,161.89752879440036,-1.5286800618205154,-9.199822688596619,115.74018353509375,745.6079110749653,30.566786916153045,451.00000000000006,65.41213800000001,0.0049043247316969685,24.52162365848484,319.07294901687516,0.48577676755966454,NONE,NONE,0.0,1.0,False
13.1,13.1,AEROTWIN-4-001,TAKEOFF,0.95,3001.566625899411,126.52497372406981,168.22919861596006,150.13359558525843,136.62066678368953,6.2792327447337595,7.233696056835145,-1.5283407876340755,-1.5283407876340755,-9.211281461520313,162.4015586220469,115.76153352233631,745.6776187797111,30.596694256028933,451.00000000000006,65.41213800000001,0.004908028915548661,24.540144577743305,319.07294901687516,0.47673852615041523,NONE,NONE,0.0,1.0,False
13.11,13.11,AEROTWIN-4-001,TAKEOFF,0.95,3004.641564473311,306.61897127803445,168.19064080215793,149.66222570838903,136.93562297826077,6.286466440790595,6.440136289337668,-9.197968147320235,-1.527990494819269,161.91617484534783,-1.527990494819269,115.78184741173773,745.7470640070323,30.626593383674496,451.00000000000006,65.41213800000001,0.004911818740780454,24.559093703902274,319.07294901687516,0.48456647487213744,NONE,NONE,0.0,1.0,False
13.120000000000001,13.120000000000001,AEROTWIN-4-001,TAKEOFF,0.95,3006.9475380634,486.89746514643315,168.15608871382295,148.33885896632927,137.21633259592056,6.292906577079933,4.829619793328774,160.55696301003218,-9.16275085668526,-1.5276765935088263,-1.5276765935088263,115.80119778854699,745.816090934488,30.656481794245337,451.00000000000006,65.41213800000001,0.004915185498057095,24.575927490285476,319.07294901687516,0.5073468789194329,NONE,NONE,0.0,1.0,False
13.13,13.13,AEROTWIN-4-001,TAKEOFF,0.95,3008.2183368450746,667.3143174302372,168.13003866869548,146.38632331807733,137.42703237673766,6.297736196873261,2.6615547444664127,-1.5274399321752674,158.55225286418832,-1.5274399321752674,-9.111049681760447,115.81970987195668,745.884380463153,30.686354774216024,451.00000000000006,65.41213800000001,0.004917705784521564,24.58852892260782,319.07294901687516,0.5412301226766201,NONE,NONE,0.0,1.0,False
13.14,13.14,AEROTWIN-4-001,TAKEOFF,0.95,3008.340482905032,127.80741764094171,168.11563199204224,144.09943584743252,137.54321598606342,6.300397751617728,0.25582210975137265,-1.5273090493575132,-1.5273090493575132,-9.050172759451446,156.20422670559898,115.83754446818095,745.9515073816506,30.71620615684098,451.00000000000006,65.41213800000001,0.0049190930270562195,24.5954651352811,319.07294901687516,0.5810921373730898,NONE,NONE,0.0,1.0,False
13.15,13.15,AEROTWIN-4-001,TAKEOFF,0.95,3007.3589470789157,308.30784661524365,168.11424535759798,141.79931560215863,137.55438585547265,6.300653573727479,-2.055723827041496,-8.988423905641914,-1.5272964519606516,153.84233241172183,-1.5272964519606516,115.85487571177472,746.0170084754972,30.746029210807787,451.00000000000006,65.41213800000001,0.004919226303137743,24.596131515688715,319.07294901687516,0.6213289743253145,NONE,NONE,0.0,1.0,False
13.16,13.16,AEROTWIN-4-001,TAKEOFF,0.95,3005.4610036268036,488.7493834399786,168.12537859252538,139.78819472025702,137.46464034107947,6.298597849900438,-3.9750434707228868,151.77701970545476,-8.93402979324109,-1.5273975959783241,-1.5273975959783241,115.87186757580484,746.0804513837865,30.775817536029354,451.00000000000006,65.41213800000001,0.004918155020453357,24.59077510226679,319.07294901687516,0.6566461198452138,NONE,NONE,0.0,1.0,False
13.17,13.17,AEROTWIN-4-001,TAKEOFF,0.95,3002.9426914561705,669.0770436575868,168.14684530429074,138.31146942361426,137.29118729365496,6.2946228064297145,-5.274340676470416,-1.5275926183135504,150.2606697114839,-1.5275926183135504,-8.894015051242528,115.88865327051832,746.1414948150318,30.805565856185847,451.00000000000006,65.41213800000001,0.004916081539428436,24.58040769714218,319.07294901687516,0.6827247413116927,NONE,NONE,0.0,1.0,False
13.18,13.18,AEROTWIN-4-001,TAKEOFF,0.95,3000.1641143466277,129.25360514495708,168.17520450598863,137.53111796443045,137.06120778852588,6.289348465753244,-5.819438289848671,-1.5278502580396873,-1.5278502580396873,-8.87321380279281,149.46003228330264,115.90532071651445,746.1999328838515,30.835270622391143,451.00000000000006,65.41213800000001,0.004913326250590191,24.56663125295096,319.07294901687516,0.6966918998834318,NONE,NONE,0.0,1.0,False
13.19,13.19,AEROTWIN-4-001,TAKEOFF,0.95,2997.500131610439,309.26345200575474,168.20633024268375,137.51178047197948,136.80768384004867,6.283529027463395,-5.579432395532585,-8.873609590771888,-1.528133031383005,149.44165612551734,-1.528133031383005,115.92190569857435,746.2557191821895,30.864930370558668,451.00000000000006,65.41213800000001,0.004910280839322768,24.551404196613838,319.07294901687516,0.6973707603303445,NONE,NONE,0.0,1.0,False
13.200000000000001,13.200000000000001,AEROTWIN-4-001,TAKEOFF,0.95,2995.292382883863,489.11345990238107,168.23601037434375,138.21888759941947,136.56483612460713,6.277949595067862,-4.623898120255514,150.16982987146457,-8.894136928866766,-1.5284026715891734,-1.5284026715891734,115.93839268412536,746.3089691161821,30.894545803682938,451.00000000000006,65.41213800000001,0.004907355751354505,24.536778756772527,319.07294901687516,0.6853201429163333,NONE,NONE,0.0,1.0,False
13.21,13.21,AEROTWIN-4-001,TAKEOFF,0.95,2993.8077113516806,668.8310028754129,168.26048737196314,139.527578925724,136.3637420144417,6.273325696947607,-3.1094887856653184,-1.5286250419869896,151.51580699248976,-1.5286250419869896,-8.93097798279179,115.95472209713591,746.3599416237992,30.924119598932347,451.00000000000006,65.41213800000001,0.004904927708044585,24.524638540222924,319.07294901687516,0.6626843850617823,NONE,NONE,0.0,1.0,False
13.22,13.22,AEROTWIN-4-001,TAKEOFF,0.95,2993.207242090241,128.4594655565137,168.27688649533675,141.24118947230448,136.22859314444014,6.2702162081619415,-1.2576198802975975,-1.5287740259287759,-1.5287740259287759,-8.978280009347525,153.27701753350956,115.97080224559433,746.4090035309264,30.95365596887375,451.00000000000006,65.41213800000001,0.004903292904519231,24.51646452259616,319.07294901687516,0.6328743054036621,NONE,NONE,0.0,1.0,False
13.23,13.23,AEROTWIN-4-001,TAKEOFF,0.95,2993.529516441053,308.0519000819281,168.2835050707465,143.1178801834602,136.17395177320998,6.268958588281643,0.6749698219685651,-9.029134916768474,-1.5288341548412234,155.20468340991113,-1.5288341548412234,115.98652400391055,746.4565815464061,30.983160035831325,451.00000000000006,65.41213800000001,0.0049026312614754205,24.513156307377105,319.07294901687516,0.6001040223940588,NONE,NONE,0.0,1.0,False
13.24,13.24,AEROTWIN-4-001,TAKEOFF,0.95,2994.689811550456,487.6636710683913,168.27995385499753,144.90302661436235,136.20327666179492,6.269633558103613,2.430116394463817,157.0372547189137,-9.076624319552101,-1.5288018924996118,-1.5288018924996118,116.00177650781784,746.5031082290778,31.01263710485807,451.00000000000006,65.41213800000001,0.004902986400509967,24.514932002549838,319.07294901687516,0.5688254385372847,NONE,NONE,0.0,1.0,False
13.25,13.25,AEROTWIN-4-001,TAKEOFF,0.95,2996.49585964218,667.3450597614187,168.26714908405145,146.36352413605195,136.30888218356057,6.272063674498077,3.782578277993303,-1.528685562790654,158.53564464382478,-1.528685562790654,-9.114749382191512,116.01646229996184,746.5489690140154,31.042091937835046,451.00000000000006,65.41213800000001,0.0049042643964833455,24.52132198241673,319.07294901687516,0.5431277272112661,NONE,NONE,0.0,1.0,False
13.26,13.26,AEROTWIN-4-001,TAKEOFF,0.95,2998.6778049768745,127.13481133994947,168.24715809255494,147.3190449185446,136.4733430430951,6.27584625277607,4.569855622673423,-1.5285039471856297,-1.5285039471856297,-9.139123298097264,159.51517611101312,116.03051045857055,746.5944572999402,31.07152813241296,451.00000000000006,65.41213800000001,0.004906251709215383,24.531258546076916,319.07294901687516,0.5261887654862349,NONE,NONE,0.0,1.0,False
13.27,13.27,AEROTWIN-4-001,TAKEOFF,0.95,3000.9279443441656,307.0554796385619,168.22290915309776,147.66526278286264,136.67216580390826,6.280416108398744,4.71268087055564,-9.14737821637309,-1.5282836486670957,159.86920829656992,-1.5282836486670957,116.0438862887783,746.6397434981461,31.100947691974543,451.00000000000006,65.41213800000001,0.004908649488404276,24.543247442021382,319.07294901687516,0.5198657736594524,NONE,NONE,0.0,1.0,False
13.280000000000001,13.280000000000001,AEROTWIN-4-001,TAKEOFF,0.95,3002.9442126258277,487.1111562992118,168.197790972888,147.3853453090297,136.87735410553665,6.2851287892693,4.222862414223749,159.58075351916463,-9.139297303720287,-1.5280554532073207,-1.5280554532073207,116.05659630492183,746.6848618868399,31.13035083941122,451.00000000000006,65.41213800000001,0.004911118582414661,24.5555929120733,319.07294901687516,0.5244900667968551,NONE,NONE,0.0,1.0,False
13.290000000000001,13.290000000000001,AEROTWIN-4-001,TAKEOFF,0.95,3004.470902109344,667.2878090567615,168.17518741855594,146.54818927675825,137.06134664792123,6.289351651683524,3.1974909771535005,-1.5278501028025435,158.72059855019506,-1.5278501028025435,-9.116709067831716,116.06868764361482,746.7297164307943,31.159736086175396,451.00000000000006,65.41213800000001,0.0049133279163008714,24.56663958150436,319.07294901687516,0.5388929647566794,NONE,NONE,0.0,1.0,False
13.3,13.3,AEROTWIN-4-001,TAKEOFF,0.95,3005.3308119129474,127.55606318332218,168.15801192660717,145.29428540367832,137.20074537985067,6.292549142660676,1.8009908811669666,-1.5276940656513893,-1.5276940656513893,-9.083179617230973,157.43285315221206,116.08024178447911,746.7741039066427,31.18910052841103,451.00000000000006,65.41213800000001,0.004914998820256707,24.574994101283536,319.07294901687516,0.5606480149874395,NONE,NONE,0.0,1.0,False
13.31,13.31,AEROTWIN-4-001,TAKEOFF,0.95,3005.4447013027275,307.87591189809905,168.14831489050576,143.81217260024874,137.27929308653714,6.294350133541843,0.238529380169763,-9.043529735785372,-1.5276059693166573,155.91091427466742,-1.5276059693166573,116.0913634135419,746.8177502283679,31.218440311695712,451.00000000000006,65.41213800000001,0.004915939210000687,24.579696050003438,319.07294901687516,0.5864785711697019,NONE,NONE,0.0,1.0,False
13.32,13.32,AEROTWIN-4-001,TAKEOFF,0.95,3004.8361766547378,488.20259397626273,168.14702934342364,142.30979551910085,137.28969789861364,6.2945886629220125,-1.2744910424348062,154.3681920971363,-9.003207997464289,-1.5275942902855724,-1.5275942902855724,116.1021661889596,746.8603542017885,31.247751188862843,451.00000000000006,65.41213800000001,0.004916063717924393,24.580318589621964,319.07294901687516,0.6127560554267344,NONE,NONE,0.0,1.0,False
13.33,13.33,AEROTWIN-4-001,TAKEOFF,0.95,3003.6224901608484,668.492764575547,168.1538948140831,140.98548343985823,137.23410831662187,6.293314171879578,-2.5419390486432203,-1.5276566622098369,153.0083716235961,-1.5276566622098369,-8.967574859318201,116.11275776142378,746.9016322795958,31.27702909149406,451.00000000000006,65.41213800000001,0.004915398347239734,24.57699173619867,319.07294901687516,0.6360068780105644,NONE,NONE,0.0,1.0,False
13.34,13.34,AEROTWIN-4-001,TAKEOFF,0.95,3001.993695687001,128.71011398519784,168.1675631181137,140.00270302776096,137.12326996376098,6.290772232830935,-3.411339168830952,-1.5277808370065997,-1.5277808370065997,-8.941184867058062,151.9994495688322,116.12322646261103,746.9413582541034,31.3062706424488,451.00000000000006,65.41213800000001,0.004914070475379952,24.57035237689976,319.07294901687516,0.6533554360309695,NONE,NONE,0.0,1.0,False
13.35,13.35,AEROTWIN-4-001,TAKEOFF,0.95,3000.18387604152,308.8297357264179,168.18585458565724,139.47147627173143,136.97459277978004,6.287360893662103,-3.7904774017107092,-8.927175513480867,-1.5279470126535295,151.45454581051936,-1.5279470126535295,116.13363160016938,746.9793930244739,31.33547355077551,451.00000000000006,65.41213800000001,0.004912286752735011,24.561433763675055,319.07294901687516,0.6628522263991445,NONE,NONE,0.0,1.0,False
13.36,13.36,AEROTWIN-4-001,TAKEOFF,0.95,2998.43866594194,488.8407682889091,168.2061094801843,139.4378970462496,136.80948611519625,6.283570416260393,-3.6551594852070552,151.42102583800892,-8.926866740191553,-1.5281310257838876,-1.5281310257838876,116.14399847145489,747.0157012885941,31.36463684840472,451.00000000000006,65.41213800000001,0.004910302518637556,24.551512593187777,319.07294901687516,0.6636613089007087,NONE,NONE,0.0,1.0,False
13.370000000000001,13.370000000000001,AEROTWIN-4-001,TAKEOFF,0.95,2996.9832131827966,668.7470882454255,168.225572001063,139.8819900921037,136.6503679658424,6.279915256775186,-3.048293130513886,-1.5283078403008312,151.87824714385837,-1.5283078403008312,-8.939641371153014,116.15431830322835,747.0503538989258,31.39376094802146,451.00000000000006,65.41213800000001,0.004908386862958032,24.54193431479016,319.07294901687516,0.6561020846322858,NONE,NONE,0.0,1.0,False
13.38,13.38,AEROTWIN-4-001,TAKEOFF,0.95,2995.9942902533367,128.56608103639337,168.2417511362795,140.7234106402928,136.51773901675327,6.276866963644672,-2.0711953401051417,-1.5284548256783013,-1.5284548256783013,-8.96312280213877,152.74344309378816,116.1645525755591,747.083516428531,31.422847522275873,451.00000000000006,65.41213800000001,0.004906787570717383,24.533937853586917,319.07294901687516,0.6415535102728221,NONE,NONE,0.0,1.0,False
13.39,13.39,AEROTWIN-4-001,TAKEOFF,0.95,2995.5796465905973,308.32573845159357,168.25271722776628,141.83402771290108,136.42765960107747,6.274795768304566,-0.8684276564809554,-8.993607876957672,-1.528554451219159,153.88474449229705,-1.528554451219159,116.17464071159432,747.1154260707834,31.451899225176813,451.00000000000006,65.41213800000001,0.004905700036925404,24.528500184627024,319.07294901687516,0.6222370475782709,NONE,NONE,0.0,1.0,False
13.4,13.4,AEROTWIN-4-001,TAKEOFF,0.95,2995.7668861916504,488.0605172470294,168.25730868077446,143.0559802594786,136.38989921540986,6.273927340648086,0.3921537034206466,155.1398390791467,-9.026666491701205,-1.528596163983439,-1.528596163983439,116.18450990199996,747.1463602675527,31.480919295774093,451.00000000000006,65.41213800000001,0.004905243835762905,24.526219178814525,319.07294901687516,0.6009028076061615,NONE,NONE,0.0,1.0,False
13.41,13.41,AEROTWIN-4-001,TAKEOFF,0.95,2996.5030962309456,667.8065304185284,168.25523580532555,144.22318412607905,136.40694993109574,6.274319494351507,1.5419147006318026,-1.5285773321746785,156.3381356683887,-1.5285773321746785,-9.057796877960284,116.19408579929302,747.176601354946,31.50991109970582,451.00000000000006,65.41213800000001,0.004905449856822471,24.527249284112354,319.07294901687516,0.5804542011590883,NONE,NONE,0.0,1.0,False
13.42,13.42,AEROTWIN-4-001,TAKEOFF,0.95,2997.665125008166,127.5967161923852,168.2470778448364,145.18361100371035,136.4740022148076,6.275861409052139,2.433747379850617,-1.5285032181453542,-1.5285032181453542,-9.08303038823371,157.32364782823475,116.20330286909268,747.2064019337428,31.53887767279589,451.00000000000006,65.41213800000001,0.004906259667347445,24.53129833673723,319.07294901687516,0.5635579857081343,NONE,NONE,0.0,1.0,False
13.43,13.43,AEROTWIN-4-001,TAKEOFF,0.95,2999.078945855898,307.45662369287516,168.23417674402964,145.81926521255843,136.5798705969761,6.278295156431989,2.9610994591503523,-9.099406397963755,-1.5283860132919125,157.975443637106,-1.5283860132919125,116.21211327017464,747.2359555104027,31.567821330002186,451.00000000000006,65.41213800000001,0.004907537066104751,24.537685330523754,319.07294901687516,0.552293558352055,NONE,NONE,0.0,1.0,False
13.44,13.44,AEROTWIN-4-001,TAKEOFF,0.95,3000.5452150395395,487.401360444229,168.2184395227674,146.06093748017452,136.70873422727453,6.281256255891139,3.0709469970088437,158.22269789032083,-9.10527432485373,-1.5282430426462876,-1.5282430426462876,116.2204932602206,747.2653761708666,31.596743391843766,451.00000000000006,65.41213800000001,0.0049090899329224435,24.545449664612217,319.07294901687516,0.5478927084818177,NONE,NONE,0.0,1.0,False
13.450000000000001,13.450000000000001,AEROTWIN-4-001,TAKEOFF,0.95,3001.86723186756,667.4340733466013,168.20207134020404,145.89559525438173,136.84244248160633,6.284327202888148,2.768825569887257,-1.5280943397978115,158.0521963365074,-1.5280943397978115,-9.10041240253004,116.2284463382742,747.2946897158976,31.625644060792723,451.00000000000006,65.41213800000001,0.004910698870854245,24.553494354271226,319.07294901687516,0.5506074733896048,NONE,NONE,0.0,1.0,False
13.46,13.46,AEROTWIN-4-001,TAKEOFF,0.95,3002.877242997186,127.54610725865484,168.18727230365835,145.36551086390807,136.96305247219797,6.287096028458036,2.1153623632520624,-1.5279598924405364,-1.5279598924405364,-9.085973760298033,157.5074044090872,116.23600268659948,747.3238370009434,31.65452245604254,451.00000000000006,65.41213800000001,0.004912148178979248,24.560740894896238,319.07294901687516,0.5597221339028977,NONE,NONE,0.0,1.0,False
13.47,13.47,AEROTWIN-4-001,TAKEOFF,0.95,3003.4574489511824,307.71874183848604,168.17593964534328,144.5596253166328,137.05523341738157,6.289211390821288,1.2151805084299436,-9.064280057421398,-1.527856936686852,156.6796192474279,-1.527856936686852,116.24321496594541,747.3526884657757,31.68337679146203,451.00000000000006,65.41213800000001,0.004913254581642759,24.566272908213794,319.07294901687516,0.5737010730362339,NONE,NONE,0.0,1.0,False
13.48,13.48,AEROTWIN-4-001,TAKEOFF,0.95,3003.553063001226,487.92618877555697,168.16941923940195,143.598881416255,137.10820124679313,6.290426571329718,0.20025359813216426,155.6929649568796,-9.038488141361585,-1.5277976996314888,-1.5277976996314888,116.25015108012357,747.3810673036818,31.712204662613836,451.00000000000006,65.41213800000001,0.004913889823822415,24.56944911911208,319.07294901687516,0.5904426565703,NONE,NONE,0.0,1.0,False
13.49,13.49,AEROTWIN-4-001,TAKEOFF,0.95,3003.1761211600174,668.1393725556305,168.1683439986218,142.61809265080154,137.11693097198886,6.290626824927849,-0.7894651461151705,-1.5277879312063025,154.6858315641986,-1.5277879312063025,-9.01216305098445,116.25688503108192,747.4087776480902,31.74100339694059,451.00000000000006,65.41213800000001,0.004913994483905539,24.5699724195277,319.07294901687516,0.6075946761655978,NONE,NONE,0.0,1.0,False
13.5,13.5,AEROTWIN-4-001,TAKEOFF,0.95,3002.4001721594427,128.32993982523158,168.17258176503742,141.74721072660455,137.08251715333347,6.2898373597817345,-1.6251437865106544,-1.527826430773053,-1.527826430773053,-8.988803314078726,153.79166690222937,116.26348729672787,747.4356336873851,31.769770417172754,451.00000000000006,65.41213800000001,0.004913581840964871,24.567909204824353,319.07294901687516,0.6228815460057067,NONE,NONE,0.0,1.0,False
13.51,13.51,AEROTWIN-4-001,TAKEOFF,0.95,3001.3472261559914,308.4739501547981,168.18129537694182,141.0946158695842,137.01168860630176,6.288212215995223,-2.2052849527127805,-8.971377742304293,-1.527905592824532,153.12180479753758,-1.527905592824532,116.2700161921252,747.461485776126,31.798503570804403,451.00000000000006,65.41213800000001,0.0049127320736879485,24.563660368439745,319.07294901687516,0.6343973827312038,NONE,NONE,0.0,1.0,False
13.52,13.52,AEROTWIN-4-001,TAKEOFF,0.95,3000.169228716154,488.5547837241576,168.19309805447793,140.7344199325175,136.9156050701017,6.28600693104251,-2.46719206862669,152.75238489472372,-8.961939324920577,-1.528012818642821,-1.528012818642821,116.27651141982238,747.4862403000755,31.827201386485445,451.00000000000006,65.41213800000001,0.004911578256037627,24.557891280188134,319.07294901687516,0.6408299508725228,NONE,NONE,0.0,1.0,False
13.530000000000001,13.530000000000001,AEROTWIN-4-001,TAKEOFF,0.95,2999.026788875607,668.5649374471268,168.20627310970633,140.69896960378335,136.80815027162973,6.283539738973884,-2.392720406820258,-1.528132512337201,152.71660993719902,-1.528132512337201,-8.961375308741264,116.28299056162676,747.5098711048805,31.85586322964708,451.00000000000006,65.41213800000001,0.004910286450003744,24.55143225001872,319.07294901687516,0.6415943264671454,NONE,NONE,0.0,1.0,False
13.540000000000001,13.540000000000001,AEROTWIN-4-001,TAKEOFF,0.95,2998.067968032432,128.50654477966327,168.2190208745371,140.97697660612727,136.7039792655788,6.281147018567063,-2.008149678018592,-1.5282483241528806,-1.5282483241528806,-8.96933193613182,153.00280519056486,116.289448741477,747.532421522491,31.88448934312611,451.00000000000006,65.41213800000001,0.004909032672236993,24.545163361184965,319.07294901687516,0.636868366701991,NONE,NONE,0.0,1.0,False
13.55,13.55,AEROTWIN-4-001,TAKEOFF,0.95,2997.4097194848387,308.3906228616092,168.22969725169813,141.5170881337102,136.61658179905842,6.279138868889045,-1.378632534237279,-8.984321841498561,-1.5283453176760833,153.5581006105609,-1.5283453176760833,116.29586121783878,747.5539972564426,31.91308077279801,451.00000000000006,65.41213800000001,0.0049079796757789005,24.539898378894502,319.07294901687516,0.6275328416987741,NONE,NONE,0.0,1.0,False
13.56,13.56,AEROTWIN-4-001,TAKEOFF,0.95,2997.1241326338054,488.23520603069954,168.23701489857987,142.23622650681384,136.556597972571,6.277760236354808,-0.598131702111985,154.29703966672977,-9.003989564788744,-1.5284117975635871,-1.5284117975635871,116.30218831782635,747.574751490525,31.941639192180777,451.00000000000006,65.41213800000001,0.004907256387162974,24.536281935814873,319.07294901687516,0.6150276543227895,NONE,NONE,0.0,1.0,False
13.57,13.57,AEROTWIN-4-001,TAKEOFF,0.95,2997.2310179081287,668.0626539887279,168.24018671312834,143.031599664938,136.53057756522443,6.277162104652696,0.22385999506087018,-1.5284406130937396,155.11396526455894,-1.5284406130937396,-9.025484373433464,116.30838192139683,747.5948644743906,31.97016665237001,451.00000000000006,65.41213800000001,0.004906942484226335,24.534712421131676,319.07294901687516,0.6011431680341384,NONE,NONE,0.0,1.0,False
13.58,13.58,AEROTWIN-4-001,TAKEOFF,0.95,2997.697586070517,127.89651506321559,168.23899982602043,143.79487985171403,136.5403158128278,6.277385964647757,0.9771780742384726,-1.5284298303759223,-1.5284298303759223,-9.045875688793904,155.89761520125978,116.31439262002718,747.6145204416343,31.998665292976995,451.00000000000006,65.41213800000001,0.0049070599741664785,24.535299870832393,319.07294901687516,0.5877728396488592,NONE,NONE,0.0,1.0,False
13.59,13.59,AEROTWIN-4-001,TAKEOFF,0.95,2998.4450717356,307.7583702274466,168.23381592111988,144.42672205907945,136.58282860029888,6.278363142721995,1.5655303160585756,-9.062546892447745,-1.5283827352618522,156.54603442205092,-1.5283827352618522,116.32017667551081,747.6338849674809,32.02713705438306,451.00000000000006,65.41213800000001,0.004907572735928028,24.537863679640143,319.07294901687516,0.5766591321881525,NONE,NONE,0.0,1.0,False
13.6,13.6,AEROTWIN-4-001,TAKEOFF,0.95,2999.361224166323,487.6650745315826,168.22550068826686,144.84966567670463,136.65095183971366,6.279928673038054,1.918785163952922,156.97979574545238,-9.073515683881386,-1.5283071924331844,-1.5283071924331844,116.32570196714302,747.6530857311806,32.055583430474975,451.00000000000006,65.41213800000001,0.004908393898421673,24.541969492108365,319.07294901687516,0.5691669843131412,NONE,NONE,0.0,1.0,False
13.61,13.61,AEROTWIN-4-001,TAKEOFF,0.95,3000.316784435933,667.626747981562,168.21529213999332,145.0176381532464,136.73446994633238,6.281847458202007,2.001320748712006,-1.5282144490756857,157.1517149393028,-1.5282144490756857,-9.077647887905025,116.33095223622638,747.6721991125438,32.084005293972304,451.00000000000006,65.41213800000001,0.004909399798623487,24.546998993117437,319.07294901687516,0.566116100927653,NONE,NONE,0.0,1.0,False
13.620000000000001,13.620000000000001,AEROTWIN-4-001,TAKEOFF,0.95,3001.183537406726,127.6457550477179,168.20462450293542,144.92077968280097,136.82160772683633,6.283848778950719,1.8153231770139167,-1.5281175349552036,-1.5281175349552036,-9.074750546010948,157.05176529872233,116.3359291259431,747.6912441852028,32.112402814648014,451.00000000000006,65.41213800000001,0.004910448316709137,24.552241583545683,319.07294901687516,0.5676946411723689,NONE,NONE,0.0,1.0,False
13.63,13.63,AEROTWIN-4-001,TAKEOFF,0.95,3001.8513744180414,307.7167672921215,168.19493064968844,144.58504982237665,136.90067115455312,6.285664102127733,1.3987145656957907,-9.065545244004447,-1.5280294675362978,156.7066540014537,-1.5280294675362978,116.34065177905832,747.7101845966041,32.140775476373115,451.00000000000006,65.41213800000001,0.004911398813451262,24.556994067256312,319.07294901687516,0.5734639670314399,NONE,NONE,0.0,1.0,False
13.64,13.64,AEROTWIN-4-001,TAKEOFF,0.95,3002.2420540285993,487.827849757204,168.18745004781044,144.06690573318573,136.96160545353516,6.287062816693428,0.8182374629571498,156.17436197747153,-9.051533229838862,-1.5279615072234611,-1.5279615072234611,116.3451540807984,747.7289377135825,32.16912218461908,451.00000000000006,65.41213800000001,0.004912130802228061,24.560654011140304,319.07294901687516,0.5824496684540403,NONE,NONE,0.0,1.0,False
13.65,13.65,AEROTWIN-4-001,TAKEOFF,0.95,3002.3179457323477,667.9623729989199,168.18306933402368,143.44408611077188,136.99725784397322,6.2878810541563865,0.15894721264227485,-1.5279217089980979,155.5347013142709,-1.5279217089980979,-9.034771785502823,116.34947997492793,747.7473894367552,32.197441444184676,451.00000000000006,65.41213800000001,0.004912558859481635,24.562794297408175,319.07294901687516,0.5933010719290845,NONE,NONE,0.0,1.0,False
13.66,13.66,AEROTWIN-4-001,TAKEOFF,0.95,3002.0848619893477,128.10144974286072,168.1822179603974,142.80405461038322,137.00418405880092,6.288040001369028,-0.48816944978672616,-1.5279139743774177,-1.5279139743774177,-9.017588712699839,154.8774712718379,116.3536775710218,747.7654123918644,32.22573157903874,451.00000000000006,65.41213800000001,0.00491264199909867,24.56320999549335,319.07294901687516,0.6044923041019808,NONE,NONE,0.0,1.0,False
13.67,13.67,AEROTWIN-4-001,TAKEOFF,0.95,3001.5889711749464,308.2265414622216,168.18483234760845,142.23187289429683,136.98291235538107,6.287551831919242,-1.0385912930034884,-9.002269189188452,-1.5279377257513898,154.29001753498807,-1.5279377257513898,116.3577929336976,747.7828848800632,32.25399096287997,451.00000000000006,65.41213800000001,0.004912386641720919,24.561933208604597,319.07294901687516,0.6145340988237975,NONE,NONE,0.0,1.0,False
13.68,13.68,AEROTWIN-4-001,TAKEOFF,0.95,3000.9085875461487,488.3218797327184,168.19039047727398,141.79918293135563,136.93766183063164,6.286513240626239,-1.4249921399022485,153.84591429333375,-8.99075492067879,-1.5279882206496636,-1.5279882206496636,116.36186445914943,747.7997080314223,32.282218230072665,451.00000000000006,65.41213800000001,0.004911843231539089,24.559216157695445,319.07294901687516,0.6221669853418863,NONE,NONE,0.0,1.0,False
13.69,13.69,AEROTWIN-4-001,TAKEOFF,0.95,3000.142242591515,668.3763949854874,168.19800753395927,141.55564744797672,136.8755883192195,6.285088248486336,-1.6050291197291147,-1.528057420637,153.5961588159206,-1.528057420637,-8.984396526669872,116.3659186014143,747.8158190110137,32.31041244125633,451.00000000000006,65.41213800000001,0.0049110973577741815,24.55548678887091,319.07294901687516,0.626512146616632,NONE,NONE,0.0,1.0,False
13.700000000000001,13.700000000000001,AEROTWIN-4-001,TAKEOFF,0.95,2999.394800930657,128.3849295409783,168.20657456698876,141.5237342058747,136.80568914033393,6.283483219366607,-1.565438153825843,-1.5281352510381174,-1.5281352510381174,-8.983794175453193,153.56379888340413,116.36996745160636,747.8311987825633,32.3385731851619,451.00000000000006,65.41213800000001,0.004910256844862046,24.55128422431023,319.07294901687516,0.6271642386760111,NONE,NONE,0.0,1.0,False
13.71,13.71,AEROTWIN-4-001,TAKEOFF,0.95,2998.7634922208326,308.3486175968177,168.21491764306197,141.69723926062235,136.73753134936345,6.281917781212781,-1.3222098699538778,-8.988748443254996,-1.5282110468188854,153.7424097975151,-1.5282110468188854,116.37400836242362,747.8458737276839,32.36670060699604,451.00000000000006,65.41213800000001,0.004909436653027979,24.547183265139893,319.07294901687516,0.6242189942051404,NONE,NONE,0.0,1.0,False
13.72,13.72,AEROTWIN-4-001,TAKEOFF,0.95,2998.3256192282543,488.27442713006764,168.22195470233686,142.04349325233935,136.67997673212196,6.280595571342826,-0.9170790511254383,154.098368696936,-8.998325489389035,-1.5282749776038103,-1.5282749776038103,116.37802551195587,747.8599112383007,32.394795363231275,451.00000000000006,65.41213800000001,0.0049087435810793965,24.543717905396985,319.07294901687516,0.6182363302599746,NONE,NONE,0.0,1.0,False
13.73,13.73,AEROTWIN-4-001,TAKEOFF,0.95,2998.129410362867,668.1739642837629,168.2268303480655,142.5088038196777,136.64006421409908,6.2796784922917,-0.4109388867130894,-1.5283192722226662,154.5764642480714,-1.5283192722226662,-9.011021883948382,116.38199306092731,747.8734101512981,32.422858511835095,451.00000000000006,65.41213800000001,0.004908262699190035,24.541313495950178,319.07294901687516,0.6101465644784662,NONE,NONE,0.0,1.0,False
13.74,13.74,AEROTWIN-4-001,TAKEOFF,0.95,2998.1890477642582,128.0617289055349,168.22901371303794,143.02635332490047,136.62218149010275,6.2792675534049875,0.1249042813927348,-1.528339107814639,-1.528339107814639,-9.024999081455224,155.10803062198497,116.38587939626719,747.8864875019569,32.450891354923634,451.00000000000006,65.41213800000001,0.00490804717302623,24.54023586513115,319.07294901687516,0.6011132501958686,NONE,NONE,0.0,1.0,False
13.75,13.75,AEROTWIN-4-001,TAKEOFF,0.95,2998.48435522501,307.95307177139034,168.22835017336186,143.5254997516381,136.6276167944524,6.27939245768638,0.6184904994993348,-9.03834879932059,-1.5283330796414116,155.62051471024154,-1.5283330796414116,116.38965187084615,747.8992634777355,32.47889525655496,451.00000000000006,65.41213800000001,0.004908112684851902,24.54056342425951,319.07294901687516,0.5923709546185356,NONE,NONE,0.0,1.0,False
13.76,13.76,AEROTWIN-4-001,TAKEOFF,0.95,2998.965023016479,487.86213308489096,168.22506334294857,143.94125168636023,136.65453246984407,6.28001094818588,1.0067082683302813,156.0472077352491,-9.04934961047525,-1.528303219206814,-1.528303219206814,116.39328143390838,747.91184661446,32.50687146102951,451.00000000000006,65.41213800000001,0.004908437042706034,24.54218521353017,319.07294901687516,0.5850594602579997,NONE,NONE,0.0,1.0,False
13.77,13.77,AEROTWIN-4-001,TAKEOFF,0.95,2999.558649517079,667.8000344658797,168.2197092501456,144.22265449635154,136.69834840438924,6.28101765645421,1.2432884355080915,-1.5282545779573824,156.33584453856676,-1.5282545779573824,-9.056680886300455,116.39674658890794,747.9243211732485,32.53482093614272,451.00000000000006,65.41213800000001,0.00490896485985906,24.5448242992953,319.07294901687516,0.5800765138151867,NONE,NONE,0.0,1.0,False
13.780000000000001,13.780000000000001,AEROTWIN-4-001,TAKEOFF,0.95,3000.181378098323,127.77355343690442,168.2130898039802,144.3389715741822,136.75247093861424,6.2822609448897175,1.304239690678255,-1.528194441134231,-1.528194441134231,-9.05957027511139,156.45493073156206,116.40003620974471,747.9367382794246,32.56274426141204,451.00000000000006,65.41213800000001,0.0049096164841463345,24.54808242073167,319.07294901687516,0.5779687272895392,NONE,NONE,0.0,1.0,False
13.790000000000001,13.790000000000001,AEROTWIN-4-001,TAKEOFF,0.95,3000.7495837927077,307.7844361228038,168.2061373857715,144.2828707090893,136.80925830103754,6.283565184580396,1.1900472234713684,-9.057862236663468,-1.5281312793025843,156.39699550435793,-1.5281312793025843,116.40315089025096,747.949111841624,32.590641574103024,451.00000000000006,65.41213800000001,0.0049102997783165925,24.551498891582963,319.07294901687516,0.5788745746152604,NONE,NONE,0.0,1.0,False
13.8,13.8,AEROTWIN-4-001,TAKEOFF,0.95,3001.1909730310654,487.82941115036624,168.19978612837056,144.07028263244192,136.86108394157225,6.284755231803866,0.9244434590658033,156.1784353805054,-9.05200559018325,-1.5280735789401114,-1.5280735789401114,116.40610268896458,747.9614195814946,32.61851257715381,451.00000000000006,65.41213800000001,0.004910923000561099,24.554615002805498,319.07294901687516,0.5825254711538383,NONE,NONE,0.0,1.0,False
13.81,13.81,AEROTWIN-4-001,TAKEOFF,0.95,3001.4536137893033,667.9008695322302,168.1948474163214,143.7371027087528,136.90134951574683,6.285679675262932,0.5500735177430247,-1.5280287113717868,155.83612682227692,-1.5280287113717868,-9.042966690780569,116.40891334521059,747.9736087946849,32.64635660432261,451.00000000000006,65.41213800000001,0.004911406965122806,24.557034825614032,319.07294901687516,0.5883021314428977,NONE,NONE,0.0,1.0,False
13.82,13.82,AEROTWIN-4-001,TAKEOFF,0.95,3001.5117793719037,127.98808635958846,168.19190665927954,143.33336309479375,136.9253116346871,6.286229748780674,0.12182171132598807,-1.5280019949695773,-1.5280019949695773,-9.032081895390263,155.42144898012316,116.41161125441403,747.9856058378704,32.674172730419144,451.00000000000006,65.41213800000001,0.0049116948722333,24.558474361166503,319.07294901687516,0.5953354159996711,NONE,NONE,0.0,1.0,False
13.83,13.83,AEROTWIN-4-001,TAKEOFF,0.95,3001.3679961902176,308.07879312190266,168.19125517785207,142.9158314539838,136.9306186750214,6.286351570492001,-0.3011387915296089,-9.020868843391305,-1.5279960763439988,154.99269245006312,-1.5279960763439988,116.41422766389232,747.997327883083,32.70195990930406,451.00000000000006,65.41213800000001,0.004911758626617878,24.558793133089388,319.07294901687516,0.6026350942906534,NONE,NONE,0.0,1.0,False
13.84,13.84,AEROTWIN-4-001,TAKEOFF,0.95,3001.051243978889,488.16087289331574,168.19286547851436,142.54014620516196,136.91750005354004,6.286050431700471,-0.6634042800785496,154.6069883074129,-9.010820690811196,-1.5280107057198904,-1.5280107057198904,116.41679265127594,748.0086952558017,32.729717119920096,451.00000000000006,65.41213800000001,0.00491160102363949,24.558005118197453,319.07294901687516,0.609227197674135,NONE,NONE,0.0,1.0,False
13.85,13.85,AEROTWIN-4-001,TAKEOFF,0.95,3000.6117765604,668.2239475320491,168.1964113178862,142.25357076114386,136.88860214266973,6.285387027420393,-0.9204184089462562,-1.5280429192178029,154.31286659917086,-1.5280429192178029,-9.003209999591384,116.41933145625364,748.0196426932548,32.75744350094727,451.00000000000006,65.41213800000001,0.0049112537734959695,24.556268867479847,319.07294901687516,0.6142810391591613,NONE,NONE,0.0,1.0,False
13.86,13.86,AEROTWIN-4-001,TAKEOFF,0.95,3000.113441972766,128.2606541256731,168.20132716459793,142.08927082895406,136.84851373963713,6.284466609011447,-1.0437095196945174,-1.5280875790574564,-1.5280875790574564,-8.998928348437133,154.1443743355061,116.42186165348025,748.0301281015921,32.785138457392115,451.00000000000006,65.41213800000001,0.004910771871722934,24.553859358614673,319.07294901687516,0.6172100189386612,NONE,NONE,0.0,1.0,False
13.870000000000001,13.870000000000001,AEROTWIN-4-001,TAKEOFF,0.95,2999.624640899931,308.26746064403903,168.20689627572534,142.06274287831744,136.80306255181569,6.283422899491752,-1.0237425729900007,-8.998383125621725,-1.5281381737209092,154.117402351381,-1.5281381737209092,116.42439150143,748.040137802755,32.81280172696107,451.00000000000006,65.41213800000001,0.004910225248544049,24.551126242720244,319.07294901687516,0.6177351007571569,NONE,NONE,0.0,1.0,False
13.88,13.88,AEROTWIN-4-001,TAKEOFF,0.95,2999.2091592953298,488.24493909803493,168.21235345718597,142.1707047322561,136.75848821314764,6.282399156918763,-0.8701826378103084,154.22854481933172,-9.001464584040349,-1.5281877515176319,-1.5281877515176319,116.42691961258492,748.0496877752147,32.840433399773076,451.00000000000006,65.41213800000001,0.00490968890711068,24.5484445355534,319.07294901687516,0.6159053586408937,NONE,NONE,0.0,1.0,False
13.89,13.89,AEROTWIN-4-001,TAKEOFF,0.95,2998.9180537489488,668.1974886557548,168.21698787344562,142.39244461630406,136.7206056726433,6.281528974280953,-0.6096900306201931,-1.5282298545975657,154.45648973566668,-1.5282298545975657,-9.007585410167497,116.42943590034923,748.0588209348181,32.86803389115229,451.00000000000006,65.41213800000001,0.004909232879474009,24.546164397370045,319.07294901687516,0.612075493708561,NONE,NONE,0.0,1.0,False
13.9,13.9,AEROTWIN-4-001,TAKEOFF,0.95,2998.783577397239,128.13257188069178,168.2202326618785,142.69333921834394,136.6940665465026,6.280919284250332,-0.28164661240899225,-1.5282593330861394,-1.5282593330861394,-9.015783899424536,154.76564178394074,116.43192359591751,748.0676010059115,32.89560387321895,451.00000000000006,65.41213800000001,0.004908913290716385,24.544566453581925,319.07294901687516,0.606845241299831,NONE,NONE,0.0,1.0,False
13.91,13.91,AEROTWIN-4-001,TAKEOFF,0.95,2998.8158370058527,308.05958652452614,168.2217309543913,143.03000965778756,136.68180765386325,6.280637637637923,0.06756436628639051,-9.024872602803434,-1.528272944882296,155.1114281503556,-1.528272944882296,116.43436201075116,748.0761039425054,32.92314417608735,451.00000000000006,65.41213800000001,0.004908765635725141,24.543828178625706,319.07294901687516,0.600969852617921,NONE,NONE,0.0,1.0,False
13.92,13.92,AEROTWIN-4-001,TAKEOFF,0.95,2999.0025009174774,487.9885367448773,168.22137156497095,143.35640158078732,136.6847483964827,6.280705202004209,0.39094798230042205,155.44654967592297,-9.033608735385037,-1.5282696798753037,-1.5282696798753037,116.4367296531349,748.0844081312309,32.95065567306062,451.00000000000006,65.41213800000001,0.004908801057963763,24.54400528981882,319.07294901687516,0.5952540737959945,NONE,NONE,0.0,1.0,False
13.93,13.93,AEROTWIN-4-001,TAKEOFF,0.95,2999.311473516538,667.928686799926,168.2192915720722,143.62997189745883,136.7017650492256,6.28109614998651,0.6471106982467205,-1.5282507834054204,155.727334898537,-1.5282507834054204,-9.040861434267327,116.43900728923799,748.0925847140577,32.97813916580151,451.00000000000006,65.41213800000001,0.004909006006959781,24.545030034798906,319.07294901687516,0.5904439024752353,NONE,NONE,0.0,1.0,False
13.94,13.94,AEROTWIN-4-001,TAKEOFF,0.95,2999.696063839339,127.88737521091832,168.21584698533363,143.81716128148025,136.72993393229368,6.281743260684756,0.8054840885018208,-1.5282194897747523,-1.5282194897747523,-9.045753743084237,155.919354004114,116.44118056608956,748.1006892991419,33.00559528482119,451.00000000000006,65.41213800000001,0.004909345189990824,24.546725949954123,319.07294901687516,0.587130501635817,NONE,NONE,0.0,1.0,False
13.950000000000001,13.950000000000001,AEROTWIN-4-001,TAKEOFF,0.95,3000.101856776511,307.8691390412787,168.21155639425135,143.8974403859887,136.7650009010163,6.2825487447732575,0.8498907401991369,-9.047762796935409,-1.5281805103026507,156.00156420352943,-1.5281805103026507,116.443241881222,748.1087560940231,33.03302441787052,451.00000000000006,65.41213800000001,0.004909767287426344,24.54883643713172,319.07294901687516,0.5856787829047585,NONE,NONE,0.0,1.0,False
13.96,13.96,AEROTWIN-4-001,TAKEOFF,0.95,3000.4742919462033,487.87525044786935,168.20702567948572,143.86543103113218,136.80200600025623,6.283398635513456,0.7800263953624915,155.9684783437807,-9.046768613973423,-1.5281393493375484,-1.5281393493375484,116.44519128584238,748.116795130291,33.06042667439309,451.00000000000006,65.41213800000001,0.004910212538593224,24.551062692966116,319.07294901687516,0.5861894714608875,NONE,NONE,0.0,1.0,False
13.97,13.97,AEROTWIN-4-001,TAKEOFF,0.95,3000.7658980777423,667.9037079646415,168.20286417046606,143.7308906564785,136.83597354084776,6.284178661908819,0.6107384537219138,-1.5281015425595026,155.8301426636054,-1.5281015425595026,-9.043048922007884,116.4470363366049,748.124792805725,33.08780188884118,451.00000000000006,65.41213800000001,0.0049106210829132965,24.55310541456648,319.07294901687516,0.5884984668208648,NONE,NONE,0.0,1.0,False
13.98,13.98,AEROTWIN-4-001,TAKEOFF,0.95,3000.9422256163125,127.94966184930604,168.19960366498802,143.51666103450262,136.86257210094092,6.284789400362541,0.369299533199154,-1.5280719212835803,-1.5280719212835803,-9.037223811054181,155.61002868812398,116.44879095166637,748.1327155133295,33.11514966021955,451.00000000000006,65.41213800000001,0.004910940891006823,24.554704455034113,319.07294901687516,0.5922118549118576,NONE,NONE,0.0,1.0,False
13.99,13.99,AEROTWIN-4-001,TAKEOFF,0.95,3000.9857471702967,308.00619538628484,168.19763119070512,143.2549669235707,136.87865689416228,6.2851586998957405,0.0911513295126749,-9.030159402102683,-1.5280540016065924,155.34123432888654,-1.5280540016065924,116.45047346095048,748.140515722189,33.14246942051482,451.00000000000006,65.41213800000001,0.004911134241589339,24.555671207946695,319.07294901687516,0.5967699419175504,NONE,NONE,0.0,1.0,False
14.0,14.0,AEROTWIN-4-001,TAKEOFF,0.95,3000.897312907454,488.06534021650265,168.19714423337857,142.98266068815747,136.8826271239133,6.285249851225253,-0.18521628698108206,155.06160387259678,-9.022844029116422,-1.528049577661462,-1.528049577661462,116.45210414745819,748.1481395779215,33.169760521299146,451.00000000000006,65.41213800000001,0.004911181961325271,24.555909806626353,319.07294901687516,0.6015299778134419,NONE,NONE,0.0,1.0,False
14.01,14.01,AEROTWIN-4-001,TAKEOFF,0.95,3000.695102547273,668.1191789909499,168.19813366913814,142.7361160643651,136.87455981744387,6.285064634938273,-0.4235083880170478,-1.5280585665589934,154.80848661435428,-1.5280585665589934,-9.016253416871203,116.4537026378733,748.1555349368624,33.197022326103585,451.00000000000006,65.41213800000001,0.004911084995058692,24.555424975293462,319.07294901687516,0.6058553246053469,NONE,NONE,0.0,1.0,False
14.02,14.02,AEROTWIN-4-001,TAKEOFF,0.95,3000.411352826914,128.16088514378623,168.20039541830303,142.5464714221365,136.85611432021062,6.284641126550256,-0.5942840246243728,-1.5280791142613455,-1.5280791142613455,-9.011222588284054,154.61385223894325,116.45528550640483,748.1626587502468,33.224254296197124,451.00000000000006,65.41213800000001,0.004910863254352877,24.55431627176439,319.07294901687516,0.6091988262404798,NONE,NONE,0.0,1.0,False
14.030000000000001,14.030000000000001,AEROTWIN-4-001,TAKEOFF,0.95,3000.087413941926,308.18556631340107,168.20356765593414,142.43582377986166,136.83023295153026,6.2840468425256315,-0.6784560141942304,-9.00834130312341,-1.5281079336351497,154.50038095025536,-1.5281079336351497,116.45686440659786,748.1694828612737,33.25145605901181,451.00000000000006,65.41213800000001,0.004910552048671519,24.552760243357596,319.07294901687516,0.6111698233762394,NONE,NONE,0.0,1.0,False
14.040000000000001,14.040000000000001,AEROTWIN-4-001,TAKEOFF,0.95,2999.7678704123255,488.1908111499166,168.20718699815745,142.41480682543244,136.8006888423183,6.283368386511437,-0.6692504033972959,154.47897496873028,-9.00788651350368,-1.5281408148970814,-1.5281408148970814,116.4584449532204,748.175997538574,33.27862745129267,451.00000000000006,65.41213800000001,0.004910196693432046,24.550983467160233,319.07294901687516,0.6115771569977011,NONE,NONE,0.0,1.0,False
14.05,14.05,AEROTWIN-4-001,TAKEOFF,0.95,2999.494537696458,668.1768833746562,168.2107549352035,142.48178116143615,136.77154872676465,6.28269913610804,-0.5724667014365439,-1.5281732291495422,154.54792752008052,-1.5281732291495422,-9.00979990034528,116.46002645889752,748.182212401715,33.30576853269906,451.00000000000006,65.41213800000001,0.004909846085004662,24.54923042502331,319.07294901687516,0.6104440689147016,NONE,NONE,0.0,1.0,False
14.06,14.06,AEROTWIN-4-001,TAKEOFF,0.95,2999.301116615748,128.14655563644374,168.21380508504487,142.62365167974622,136.74662517447754,6.282126669406604,-0.40510016413792993,-1.5282009393713665,-1.5282009393713665,-9.013711843164874,154.69376540165382,116.46160250847635,748.1881547506849,33.33287956957331,451.00000000000006,65.41213800000001,0.004909546120894374,24.547730604471873,319.07294901687516,0.6079946333478801,NONE,NONE,0.0,1.0,False
14.07,14.07,AEROTWIN-4-001,TAKEOFF,0.95,2999.2091647641982,308.10462263338866,168.21596248397137,142.81812771332957,136.72898965162906,6.281721569242466,-0.19258350754195597,-9.019006356185958,-1.5282205390651278,154.8935751476458,-1.5282205390651278,116.4631622459848,748.1938656461817,33.35996099244364,451.00000000000006,65.41213800000001,0.004909333821547284,24.546669107736424,319.07294901687516,0.6046148495654046,NONE,NONE,0.0,1.0,False
14.08,14.08,AEROTWIN-4-001,TAKEOFF,0.95,2999.225846525998,488.05717251924057,168.21698781246945,143.0370733571925,136.72060617124612,6.281528985734924,0.03493820021145577,155.1184489010184,-9.024915835738678,-1.5282298540436048,-1.5282298540436048,116.46469216682875,748.1993943613547,33.38701333408337,451.00000000000006,65.41213800000001,0.004909232885477399,24.546164427386998,319.07294901687516,0.6007944900776189,NONE,NONE,0.0,1.0,False
14.09,14.09,AEROTWIN-4-001,TAKEOFF,0.95,2999.343676010689,668.0107233108005,168.21680181299126,143.25047248971472,136.7221270701249,6.281563923935136,0.2467814956546759,-1.5282281642620965,155.33755968527757,-1.5282281642620965,-9.030630867038646,116.46617815797529,748.2047920079749,33.41403715720991,451.00000000000006,65.41213800000001,0.004909251197598682,24.546255987993412,319.07294901687516,0.597057975546763,NONE,NONE,0.0,1.0,False
14.1,14.1,AEROTWIN-4-001,TAKEOFF,0.95,2999.542200178441,127.97134387144183,168.21548785253947,143.43046873524315,136.73286998516684,6.28181070543079,0.41578804464551933,-1.5282162270991761,-1.5282162270991761,-9.035409280291177,155.52231046973267,116.46760751298122,748.2101052117802,33.44103298189289,451.00000000000006,65.41213800000001,0.004909380537155233,24.546902685776168,319.07294901687516,0.5938937017383016,NONE,NONE,0.0,1.0,False
14.11,14.11,AEROTWIN-4-001,TAKEOFF,0.95,2999.791316221144,307.9438758821483,168.21327333428187,143.55494497684083,136.7509710636,6.282226493475435,0.5217474197654033,-9.03867000660335,-1.5281961084835858,155.65000720041138,-1.5281961084835858,116.46897066543656,748.2153706672764,33.46800122233377,451.00000000000006,65.41213800000001,0.004909598431146642,24.547992155733212,319.07294901687516,0.5916911961815609,NONE,NONE,0.0,1.0,False
14.120000000000001,14.120000000000001,AEROTWIN-4-001,TAKEOFF,0.95,3000.0557113859822,487.9313548554169,168.2104932231392,143.6101828928352,136.77368671360458,6.2827482408952005,0.5537479383354356,155.7065850964935,-9.040060500600552,-1.5281708515288568,-1.5281708515288568,116.47026243028341,748.2206112504035,33.494942140966046,451.00000000000006,65.41213800000001,0.004909871812658079,24.549359063290396,319.07294901687516,0.5906941810767579,NONE,NONE,0.0,1.0,False
14.13,14.13,AEROTWIN-4-001,TAKEOFF,0.95,3000.2997830648496,667.9346975385758,168.20754108226967,143.59228217186268,136.79779765417734,6.283301988833536,0.5111825288517977,-1.5281440317060269,155.68806103511986,-1.5281440317060269,-9.039490799845135,116.47148261226484,748.225834131166,33.52185582509105,451.00000000000006,65.41213800000001,0.004910161912185093,24.550809560925465,319.07294901687516,0.5909752056841997,NONE,NONE,0.0,1.0,False
14.14,14.14,AEROTWIN-4-001,TAKEOFF,0.95,3000.492359556335,127.95268452246683,168.20481448020638,143.5072015569807,136.82005712501544,6.283813171362388,0.4033312606028776,-1.5281192608744514,-1.5281192608744514,-9.037131944802152,155.60057202353178,116.47263592687405,748.2310310420576,33.548742187948214,451.00000000000006,65.41213800000001,0.0049104296672338975,24.552148336169488,319.07294901687516,0.5924343337677838,NONE,NONE,0.0,1.0,False
14.15,14.15,AEROTWIN-4-001,TAKEOFF,0.95,3000.6106003578293,307.98222609584695,168.20266220815674,143.36948094279845,136.83762148462262,6.284216502622991,0.24764295555283944,-9.033380928284652,-1.5280997077577119,155.45906128659854,-1.5280997077577119,116.47373127140888,748.2361805629588,33.57560099272986,451.00000000000006,65.41213800000001,0.004910640899686297,24.553204498431487,319.07294901687516,0.5948209300999653,NONE,NONE,0.0,1.0,False
14.16,14.16,AEROTWIN-4-001,TAKEOFF,0.95,3000.6425968573403,488.01886211731676,168.2013403157161,143.19988391126793,136.84840645382073,6.284464145578544,0.06701331186865911,155.2848575205498,-9.028798212214491,-1.5280876985336858,-1.5280876985336858,116.4747804698539,748.2412520204667,33.6024318950754,451.00000000000006,65.41213800000001,0.0049107705817592285,24.55385290879614,319.07294901687516,0.5977744337102483,NONE,NONE,0.0,1.0,False
14.17,14.17,AEROTWIN-4-001,TAKEOFF,0.95,3000.5883949282315,668.0574179287571,168.2009825519178,143.02233589270472,136.85132498867839,6.284531158890412,-0.11352025486408035,-1.5280844482952625,155.10253167532304,-1.5280844482952625,-9.024026886027787,116.47579668278775,748.2462104043225,33.629234497401235,451.00000000000006,65.41213800000001,0.004910805672569206,24.554028362846033,319.07294901687516,0.6008776144228588,NONE,NONE,0.0,1.0,False
14.18,14.18,AEROTWIN-4-001,TAKEOFF,0.95,3000.4593877457187,128.0927216244511,168.2015885887741,142.86060664919617,136.84638102178982,6.284417638635548,-0.27019201122920133,-1.5280899540627146,-1.5280899540627146,-9.0197045117333,154.9364910690549,116.47679271208781,748.2510215991837,33.656008407270996,451.00000000000006,65.41213800000001,0.004910746228453712,24.553731142268564,319.07294901687516,0.6037144988296909,NONE,NONE,0.0,1.0,False
14.19,14.19,AEROTWIN-4-001,TAKEOFF,0.95,3000.2762464280718,308.1202848891942,168.20303076624575,142.73519130651837,136.83461413862028,6.284147446624319,-0.38357027872622673,-9.016379370563328,-1.5281030560608881,154.8077767892035,-1.5281030560608881,116.47777943434096,748.2556572253808,33.682753291951464,451.00000000000006,65.41213800000001,0.004910604735627348,24.55302367813674,319.07294901687516,0.60592502569843,NONE,NONE,0.0,1.0,False
14.200000000000001,14.200000000000001,AEROTWIN-4-001,TAKEOFF,0.95,3000.0657385697573,488.13685967487845,168.20507747339968,142.66078774082882,136.81791049195198,6.283763876345593,-0.44088662746874707,154.73147306181383,-9.014442020716917,-1.52812165013403,-1.52812165013403,116.47876456716335,748.2600984717868,33.70946892225218,451.00000000000006,65.41213800000001,0.004910403848620459,24.552019243102297,319.07294901687516,0.6072494485430169,NONE,NONE,0.0,1.0,False
14.21,14.21,AEROTWIN-4-001,TAKEOFF,0.95,2999.8569094160866,668.1408039890639,168.20742909163002,142.644664336195,136.79871210316185,6.283322989718124,-0.43737075668496495,-1.528143014285366,154.71503115456562,-1.528143014285366,-9.014080789799893,116.47975191557644,748.2643384693791,33.73615520051584,451.00000000000006,65.41213800000001,0.004910172913205412,24.55086456602706,319.07294901687516,0.6075572946781548,NONE,NONE,0.0,1.0,False
14.22,14.22,AEROTWIN-4-001,TAKEOFF,0.95,2999.67715627655,128.13221855402912,168.20976097884989,142.6860796676765,136.77966814380034,6.28288561896144,-0.37647409508528096,-1.5281641991829915,-1.5281641991829915,-9.015266310677976,154.75767437672044,116.4807411718236,748.268382968823,33.76281216994285,451.00000000000006,65.41213800000001,0.004909943787533723,24.549718937668615,319.07294901687516,0.606857992051307,NONE,NONE,0.0,1.0,False
14.23,14.23,AEROTWIN-4-001,TAKEOFF,0.95,2999.548712238992,308.11284793062214,168.2117674092219,142.77677338488814,136.76327680321629,6.282509144866355,-0.2690125631944955,-9.017765980516362,-1.5281824273467128,154.85090422009793,-1.5281824273467128,116.48172826374159,748.2722493187209,33.78944000498546,451.00000000000006,65.41213800000001,0.0049097465384211015,24.548732692105506,319.07294901687516,0.6052927592040532,NONE,NONE,0.0,1.0,False
14.24,14.24,AEROTWIN-4-001,TAKEOFF,0.95,2999.485976787896,488.0857706649616,168.21320067795347,142.90241215270694,136.75156484192428,6.28224013230316,-0.13139282152049425,154.9799880180499,-9.02118496852273,-1.5281954484101201,-1.5281954484101201,116.4827061752821,748.2759639624268,33.81603898501393,451.00000000000006,65.41213800000001,0.004909605578097462,24.54802789048731,319.07294901687516,0.6031097274827684,NONE,NONE,0.0,1.0,False
14.25,14.25,AEROTWIN-4-001,TAKEOFF,0.95,2999.4940013186947,668.0549292722354,168.2139005902154,143.04475987132264,136.74584459383712,6.28210873948164,0.016806538003879545,-1.5282018070236454,155.12619030904838,-1.5282018070236454,-9.025026823678447,116.48366610662636,748.279558853418,33.842609455535936,451.00000000000006,65.41213800000001,0.004909536725000343,24.547683625001714,319.07294901687516,0.6006262824779361,NONE,NONE,0.0,1.0,False
14.26,14.26,AEROTWIN-4-001,TAKEOFF,0.95,2999.568274388778,128.02456935135717,168.21381106890288,143.18425896791678,136.7465762676758,6.2821255460196435,0.15555715422132632,-1.5282009937339525,-1.5282009937339525,-9.028764393763351,155.26942534914804,116.48459880588024,748.2830673112192,33.8691517826887,451.00000000000006,65.41213800000001,0.004909545532202743,24.54772766101372,319.07294901687516,0.5981840711217079,NONE,NONE,0.0,1.0,False
14.27,14.27,AEROTWIN-4-001,TAKEOFF,0.95,2999.695775883915,307.9986658146838,168.21298241354066,143.30266816259626,136.7533485524587,6.282281103173865,0.2670385069636936,-9.031910944830015,-1.5281934655058007,155.39096603843788,-1.5281934655058007,116.48549589181327,748.286519888891,33.89566630734931,451.00000000000006,65.41213800000001,0.004909627047264295,24.548135236321475,319.07294901687516,0.5961028646901352,NONE,NONE,0.0,1.0,False
14.280000000000001,14.280000000000001,AEROTWIN-4-001,TAKEOFF,0.95,2999.857103698045,487.9804123677187,168.2115596079938,143.38540696901666,136.7649746435415,6.282548141680828,0.33788418379432184,155.47585009228962,-9.034082044274774,-1.5281805394990904,-1.5281805394990904,116.48635099721635,748.289940795619,33.92215330496075,451.00000000000006,65.41213800000001,0.00490976697142836,24.5488348571418,319.07294901687516,0.5946394027884975,NONE,NONE,0.0,1.0,False
14.290000000000001,14.290000000000001,AEROTWIN-4-001,TAKEOFF,0.95,3000.0293426038347,667.9718385896015,168.2097588098563,143.42330820711874,136.77968586052717,6.282886025864623,0.3607363207269474,-1.5281641794779617,155.51467723242484,-1.5281641794779617,-9.035040666350184,116.48716059288287,748.2933453201706,33.94861295611037,451.00000000000006,65.41213800000001,0.004909944000713076,24.54972000356538,319.07294901687516,0.5939564689267764,NONE,NONE,0.0,1.0,False
14.3,14.3,AEROTWIN-4-001,TAKEOFF,0.95,3000.1892602061384,127.9735991458316,168.20783557665408,143.41357032042225,136.79539291518643,6.28324676218535,0.3349306430504768,-1.528146707149904,-1.528146707149904,-9.03472067788979,155.50458441261188,116.48792439887787,748.2967385482823,33.97504533120283,451.00000000000006,65.41213800000001,0.004910132982126957,24.550664910634787,319.07294901687516,0.5941058794103916,NONE,NONE,0.0,1.0,False
14.31,14.31,AEROTWIN-4-001,TAKEOFF,0.95,3000.3163896745145,307.98495475819993,168.20604933091454,143.35981818416911,136.8099771554031,6.2835816928284,0.2662593359376251,-9.0332269181575,-1.5281304793354524,155.44930606099754,-1.5281304793354524,116.488645346896,748.3001154818064,34.00145039050733,451.00000000000006,65.41213800000001,0.004910308425217266,24.551542126086336,319.07294901687516,0.5950270319707746,NONE,NONE,0.0,1.0,False
14.32,14.32,AEROTWIN-4-001,TAKEOFF,0.95,3000.3955948818048,488.00393813867083,168.20462891416446,143.27130667310854,136.8215717227126,6.283847952164337,0.16588699823159825,155.35835493099643,-9.030813107826598,-1.5281175750306562,-1.5281175750306562,116.48932911792917,748.3034624760503,34.02782799873723,451.00000000000006,65.41213800000001,0.004910447883682135,24.55223941841068,319.07294901687516,0.5965604670325543,NONE,NONE,0.0,1.0,False
14.33,14.33,AEROTWIN-4-001,TAKEOFF,0.95,3000.4188029992433,668.027673831579,168.20374377237638,143.16141651683793,136.82879571017588,6.2840138391625695,0.048606967499480014,-1.5281095336305384,155.24547708202653,-1.5281095336305384,-9.02784149792751,116.4899833351651,748.306759740527,34.0541779514376,451.00000000000006,65.41213800000001,0.004910534764251098,24.55267382125549,319.07294901687516,0.5984738746346103,NONE,NONE,0.0,1.0,False
14.34,14.34,AEROTWIN-4-001,TAKEOFF,0.95,3000.385717227301,128.05280201153357,168.20348438820713,143.04568023249354,136.8309124650776,6.2840624461300685,-0.06929467871413308,-1.5281071771584827,-1.5281071771584827,-9.024730259982515,155.12662484679302,116.49061653530806,748.3099845197278,34.08050000905307,451.00000000000006,65.41213800000001,0.004910560220480614,24.552801102403073,319.07294901687516,0.6004964257052909,NONE,NONE,0.0,1.0,False
14.35,14.35,AEROTWIN-4-001,TAKEOFF,0.95,3000.3034681457975,308.0759450451717,168.2038541657555,142.93962587671808,136.8278947987443,6.283993151451355,-0.17226207347756883,-9.021895932245524,-1.5281105365402912,155.01774288204416,-1.5281105365402912,116.49123706629778,748.313114499832,34.106793933778164,451.00000000000006,65.41213800000001,0.004910523929654061,24.552619648270305,319.07294901687516,0.6023564169211131,NONE,NONE,0.0,1.0,False
14.36,14.36,AEROTWIN-4-001,TAKEOFF,0.95,3000.1853049391457,488.0941531339196,168.20477330280357,142.85673366837673,136.82039322029385,6.283820889377877,-0.2474804412949947,154.93267007247746,-9.019698630534718,-1.5281188867830051,-1.5281188867830051,116.49185206253982,748.3161309808272,34.1330595242108,451.00000000000006,65.41213800000001,0.004910433709562552,24.55216854781276,319.07294901687516,0.603817071981666,NONE,NONE,0.0,1.0,False
14.370000000000001,14.370000000000001,AEROTWIN-4-001,TAKEOFF,0.95,3000.0485484828814,668.1052714302683,168.20609351729775,142.80676778845603,136.8096164317398,6.283573408936582,-0.28642205222036576,-1.5281308807631016,154.8814266874474,-1.5281308807631016,-9.018397137465172,116.49246663064044,748.3190214084233,34.15929664339638,451.00000000000006,65.41213800000001,0.004910304086180415,24.551520430902077,319.07294901687516,0.6047058965482744,NONE,NONE,0.0,1.0,False
14.38,14.38,AEROTWIN-4-001,TAKEOFF,0.95,2999.9121126656414,128.10818433924123,168.2076210812335,142.79468090030886,136.797144420842,6.283286986884361,-0.28575050741748775,-1.5281447584863979,-1.5281447584863979,-9.0181194498099,154.86908986709156,116.49308334305834,748.3217809654196,34.18550523695096,451.00000000000006,65.41213800000001,0.004910154053578573,24.550770267892865,319.07294901687516,0.6049341016550086,NONE,NONE,0.0,1.0,False
14.39,14.39,AEROTWIN-4-001,TAKEOFF,0.95,2999.7939401021304,308.1029110991797,168.20914464740179,142.82020341645085,136.78470221832873,6.283001236376943,-0.2475000382548238,-9.018852084317588,-1.528158599890487,154.8953727005494,-1.528158599890487,116.4937020903327,748.324413060998,34.211685339415,451.00000000000006,65.41213800000001,0.00491000435918152,24.5500217959076,319.07294901687516,0.6045040962402295,NONE,NONE,0.0,1.0,False
14.4,14.4,AEROTWIN-4-001,TAKEOFF,0.95,2999.708691551711,488.09054750530754,168.21046393350264,142.87813557212397,136.7739259822704,6.282753736338689,-0.1785441464851356,154.95492549116358,-9.020448748167118,-1.5281705854362488,-1.5281705854362488,116.49432029204378,748.3269287088026,34.23783706861342,451.00000000000006,65.41213800000001,0.004909874691881304,24.549373459406517,319.07294901687516,0.6035046893821692,NONE,NONE,0.0,1.0,False
14.41,14.41,AEROTWIN-4-001,TAKEOFF,0.95,2999.6659785649213,668.0730689984102,168.21141546014647,142.959269694679,136.76615237282698,6.282575192192204,-0.0894578703401896,-1.5281792299343042,155.0382844406141,-1.5281792299343042,-9.02265628606649,116.49493341957584,748.3293449303189,34.26396060937135,451.00000000000006,65.41213800000001,0.0049097811448300934,24.54890572415047,319.07294901687516,0.6020952313140997,NONE,NONE,0.0,1.0,False
14.42,14.42,AEROTWIN-4-001,TAKEOFF,0.95,2999.669344534075,128.0530277123055,168.21189215261217,143.051792965415,136.76225756178354,6.282485734321864,0.007049669309583173,-1.5281835606244847,-1.5281835606244847,-9.025153537914559,155.1333136245785,116.4955357459365,748.3316824407317,34.29005618926161,451.00000000000006,65.41213800000001,0.004909734271969177,24.548671359845883,319.07294901687516,0.6004812784244385,NONE,NONE,0.0,1.0,False
14.43,14.43,AEROTWIN-4-001,TAKEOFF,0.95,2999.716092415613,308.03318838435,168.21185458865136,143.14296580595442,136.76256448782252,6.282492783991174,0.09790853414072842,-9.02759720957116,-1.5281832193606975,155.22692945424697,-1.5281832193606975,116.49612121332135,748.3339629559423,34.316124049978185,451.00000000000006,65.41213800000001,0.00490973796580268,24.548689829013398,319.07294901687516,0.598885343613982,NONE,NONE,0.0,1.0,False
14.44,14.44,AEROTWIN-4-001,TAKEOFF,0.95,2999.797942215432,488.0161539292868,168.2113328596721,143.22084374337527,136.76682723097676,6.282590692525314,0.17142581987319616,155.3068689589094,-9.029668256495045,-1.528178479519542,-1.528178479519542,116.49668429977334,748.336206493079,34.34216441833362,451.00000000000006,65.41213800000001,0.004909789266338986,24.548946331694932,319.07294901687516,0.5975167836384254,NONE,NONE,0.0,1.0,False
14.450000000000001,14.450000000000001,AEROTWIN-4-001,TAKEOFF,0.95,2999.9023929438818,668.0040304622128,168.2104192587549,143.27581414319795,136.7742909307466,6.282762118345187,0.21876109410617328,-1.5281701795718703,155.36326711942831,-1.5281701795718703,-9.03111261708663,116.49722077229097,748.3384290202729,34.36817748073243,451.00000000000006,65.41213800000001,0.004909879083449484,24.54939541724742,319.07294901687516,0.5965448265931033,NONE,NONE,0.0,1.0,False
14.46,14.46,AEROTWIN-4-001,TAKEOFF,0.95,3000.0145761765084,127.99817403884572,168.20925317077263,143.3017527467236,136.78381585430014,6.282980879439293,0.23495601298415636,-1.5281595858114534,-1.5281595858114534,-9.031771271596194,155.3898431899427,116.4977282335818,748.3406407488849,34.394163364317635,451.00000000000006,65.41213800000001,0.0049099936943983865,24.54996847199193,319.07294901687516,0.5960781680395164,NONE,NONE,0.0,1.0,False
14.47,14.47,AEROTWIN-4-001,TAKEOFF,0.95,3000.119332682361,307.9990486094363,168.20800048571334,143.29666362710674,136.79404627885322,6.283215835452278,0.21940151280124454,-9.031596307423499,-1.5281482053276498,155.38455634518556,-1.5281482053276498,116.49820640042485,748.3428452628099,34.4201221269352,451.00000000000006,65.41213800000001,0.004910116781172884,24.550583905864425,319.07294901687516,0.5961535475636341,NONE,NONE,0.0,1.0,False
14.48,14.48,AEROTWIN-4-001,TAKEOFF,0.95,3000.2032262956864,488.0062085703779,168.20683047681482,143.26274138660747,136.80359977677068,6.2834352369650786,0.17570637287171298,155.34966820608145,-9.03065166758156,-1.528137575946209,-1.528137575946209,116.49865708921705,748.3450395595321,34.446053756774596,451.00000000000006,65.41213800000001,0.004910231711118671,24.551158555593357,319.07294901687516,0.5967344081847646,NONE,NONE,0.0,1.0,False
14.49,14.49,AEROTWIN-4-001,TAKEOFF,0.95,3000.256231208443,668.0184021481191,168.20589330553332,143.20587505129137,136.81125087827428,6.28361094333795,0.11101322967914218,-1.5281290618647876,155.2912324545625,-1.5281290618647876,-9.029099279541564,116.49908392381181,748.347214953242,34.471958181212294,451.00000000000006,65.41213800000001,0.004910323746311164,24.551618731555823,319.07294901687516,0.5977193324991327,NONE,NONE,0.0,1.0,False
14.5,14.5,AEROTWIN-4-001,TAKEOFF,0.95,3000.2728853888684,128.03377602062562,168.20530110931907,143.1346874296004,136.81608503911463,6.2837219565676286,0.034880433918150544,-1.5281236818378008,-1.5281236818378008,-9.027173075002977,155.218107868279,116.49949181697549,748.3493586785003,34.497835283192444,451.00000000000006,65.41213800000001,0.004910381892523269,24.551909462616347,319.07294901687516,0.5989586469816696,NONE,NONE,0.0,1.0,False
14.51,14.51,AEROTWIN-4-001,TAKEOFF,0.95,3000.252784382192,308.0501491439577,168.20511502790157,143.05926134050927,136.81760395344318,6.2837568370015475,-0.04209944993546344,-9.025144829116185,-1.5281219913118842,155.1406501522492,-1.5281219913118842,116.49988630483249,748.351455948133,34.52368492257788,451.00000000000006,65.41213800000001,0.004910400161681366,24.55200080840683,319.07294901687516,0.6002765707962998,NONE,NONE,0.0,1.0,False
14.52,14.52,AEROTWIN-4-001,TAKEOFF,0.95,3000.200383781396,488.06531620688924,168.20533962081663,142.98973785451074,136.8157706786293,6.283714737551612,-0.10974756167016775,155.06927254526406,-9.023286627333645,-1.5281240317098386,-1.5281240317098386,116.50027282984328,748.3534921713077,34.549506959395536,451.00000000000006,65.41213800000001,0.004910378111428554,24.55189055714277,319.07294901687516,0.6014956852392482,NONE,NONE,0.0,1.0,False
14.530000000000001,14.530000000000001,AEROTWIN-4-001,TAKEOFF,0.95,3000.1241716888862,668.077339233773,168.20592506168853,142.93497839402878,136.81099163733478,6.283604989989941,-0.15961823329594615,-1.5281293503654028,155.0130721123494,-1.5281293503654028,-9.021835017589813,116.50065607026768,748.3554550315027,34.575301275824266,451.00000000000006,65.41213800000001,0.0049103206280247235,24.551603140123618,319.07294901687516,0.6024603708821115,NONE,NONE,0.0,1.0,False
14.540000000000001,14.540000000000001,AEROTWIN-4-001,TAKEOFF,0.95,3000.0353521570973,128.0847895351062,168.20677642479143,142.9014632679617,136.80404108858028,6.283445371756645,-0.18602319237522025,-1.528137084890479,-1.528137084890479,-9.020961497788157,154.97869893553082,116.50103940294501,748.3573361578675,34.60106779411144,451.00000000000006,65.41213800000001,0.004910237019872903,24.551185099364517,319.07294901687516,0.6030561848839315,NONE,NONE,0.0,1.0,False
14.55,14.55,AEROTWIN-4-001,TAKEOFF,0.95,2999.9462372717076,308.08691066453207,168.2077684615461,142.89255853222866,136.79594096317484,6.28325934856427,-0.1866417795104507,-9.020752976473931,-1.5281460974177181,154.96960370353807,-1.5281460974177181,116.50142456384917,748.3591321905595,34.62680648828818,451.00000000000006,65.41213800000001,0.004910139575450004,24.550697877250016,319.07294901687516,0.6032228527123492,NONE,NONE,0.0,1.0,False
14.56,14.56,AEROTWIN-4-001,TAKEOFF,0.95,2999.8685733378265,488.08368490083456,168.2087636200669,142.90822788727758,136.7878141432465,6.28307270678476,-0.1626589627536772,154.9857425311737,-9.02120436728452,-1.528155138305804,-1.528155138305804,116.5018115410593,748.3608451303405,34.652517388474635,451.00000000000006,65.41213800000001,0.004910041801223756,24.55020900611878,319.07294901687516,0.6029595070771274,NONE,NONE,0.0,1.0,False
14.57,14.57,AEROTWIN-4-001,TAKEOFF,0.95,2999.812023745519,668.0757993011041,168.2096307595464,142.94520464681435,136.78073178816373,6.282910047822006,-0.11843718917139423,-1.5281630161572475,155.02375442811902,-1.5281630161572475,-9.022223748990177,116.50219870212658,748.362481962084,34.67820057759575,451.00000000000006,65.41213800000001,0.0049099565859317155,24.54978292965858,319.07294901687516,0.6023218829805651,NONE,NONE,0.0,1.0,False
14.58,14.58,AEROTWIN-4-001,TAKEOFF,0.95,2999.782999625665,128.06452072583522,168.21026206675717,142.99757865060084,136.7755750144418,6.2827916106328345,-0.06078797447380424,-1.5281687515026434,-1.5281687515026434,-9.023648798800233,155.07756495240636,116.50258312690383,748.3640536374942,34.703856181329705,451.00000000000006,65.41213800000001,0.004909894535193116,24.54947267596558,319.07294901687516,0.6014122313477338,NONE,NONE,0.0,1.0,False
14.59,14.59,AEROTWIN-4-001,TAKEOFF,0.95,2999.7839748054466,308.05150070337515,168.21058605791117,143.05770156870292,136.7729283342856,6.282730822658362,0.0020424117589534774,-9.025271739969138,-1.5281716949209059,155.13931669851385,-1.5281716949209059,116.50296109165737,748.3655735821106,34.72948435295644,451.00000000000006,65.41213800000001,0.004909862686702366,24.549313433511834,319.07294901687516,0.6003636178857544,NONE,NONE,0.0,1.0,False
14.6,14.6,AEROTWIN-4-001,TAKEOFF,0.95,2999.8133518246514,488.03853919170194,168.21057517245592,143.11727720974307,136.7730172595286,6.282732865070121,0.06152708514435812,155.2004894400938,-9.026869038294867,-1.528171596027935,-1.528171596027935,116.50332863351758,748.3670559460459,34.75508525536173,451.00000000000006,65.41213800000001,0.004909863756787977,24.54931878393989,319.07294901687516,0.5993209253127757,NONE,NONE,0.0,1.0,False
14.61,14.61,AEROTWIN-4-001,TAKEOFF,0.95,2999.8658704290797,668.0273403011811,168.21024724119283,143.16848522130203,136.77569612124836,6.282794392155266,0.10999470789841048,-1.5281686168142847,155.25305410858599,-1.5281686168142847,-9.02823165365538,116.50368211757774,748.3685138410339,34.78065904271452,451.00000000000006,65.41213800000001,0.004909895992494511,24.549479962472557,319.07294901687516,0.5984212044801557,NONE,NONE,0.0,1.0,False
14.620000000000001,14.620000000000001,AEROTWIN-4-001,TAKEOFF,0.95,2999.9334789853747,128.01929252692582,168.20966093585048,143.2049887229668,136.7804853069191,6.282904386863164,0.14159902918452083,-1.5281632903051168,-1.5281632903051168,-9.029191821271361,155.29050712484838,116.50401873245494,748.3699577966205,34.8062058442524,451.00000000000006,65.41213800000001,0.004909953620136858,24.549768100684293,319.07294901687516,0.597775991160957,NONE,NONE,0.0,1.0,False
14.63,14.63,AEROTWIN-4-001,TAKEOFF,0.95,3000.0065318166194,308.01530126604825,168.20890607913913,143.22269815067102,136.78665067280352,6.283045985892349,0.15300149197515545,-9.029643031460173,-1.5281564325282844,155.30865404718776,-1.5281564325282844,116.5043368529265,748.371394628413,34.83172575220636,451.00000000000006,65.41213800000001,0.004910027802735082,24.550139013675413,319.07294901687516,0.5974578331768118,NONE,NONE,0.0,1.0,False
14.64,14.64,AEROTWIN-4-001,TAKEOFF,0.95,3000.0751386760944,488.0156931750454,168.20809032176734,143.22020152756863,136.7933126697085,6.283198987384324,0.1436898704757965,155.30605052958728,-9.029550959065178,-1.5281490214767288,-1.5281490214767288,116.50463622836558,748.3728268477669,34.857218815242014,451.00000000000006,65.41213800000001,0.004910107955253921,24.550539776269606,319.07294901687516,0.5974926154202208,NONE,NONE,0.0,1.0,False
14.65,14.65,AEROTWIN-4-001,TAKEOFF,0.95,3000.1304805962423,668.020201495611,168.20732410259282,143.19881989111607,136.79956936734686,6.283342677254799,0.11590784651441233,-1.5281420604733693,155.28405840490535,-1.5281420604733693,-9.028954392842552,116.50491798032881,748.3742526645767,34.88268503799058,451.00000000000006,65.41213800000001,0.004910183226180311,24.550916130901555,319.07294901687516,0.597858425795158,NONE,NONE,0.0,1.0,False
14.66,14.66,AEROTWIN-4-001,TAKEOFF,0.95,3000.165919754675,128.02803033138548,168.20670595309295,143.16229863967396,136.80461645471794,6.283458585101313,0.07422359985470628,-1.528136444664097,-1.528136444664097,-9.0279565531655,155.24652808216766,116.50518441849201,748.3756665539321,34.90812438640569,451.00000000000006,65.41213800000001,0.0049102439411933445,24.551219705966723,319.07294901687516,0.5984907961554768,NONE,NONE,0.0,1.0,False
14.67,14.67,AEROTWIN-4-001,TAKEOFF,0.95,3000.1777668144946,308.03798551666597,168.2063100744117,143.11619372631807,136.80784849355314,6.283532808701168,0.024812424063767047,-9.026708400143717,-1.528132848156829,155.19916782277542,-1.528132848156829,116.50543870775553,748.3770602842644,34.933536797926806,451.00000000000006,65.41213800000001,0.004910282819934386,24.55141409967193,319.07294901687516,0.5992933080841784,NONE,NONE,0.0,1.0,False
14.68,14.68,AEROTWIN-4-001,TAKEOFF,0.95,3000.1656214565396,488.04865152553566,168.20617772871466,143.0670493926802,136.80892894977342,6.283557621125232,-0.0254371782184597,155.14869917139504,-9.025386487088722,-1.5281316458130711,-1.5281316458130711,116.50568443764499,748.3784242486497,34.958922194852455,451.00000000000006,65.41213800000001,0.004910295816618485,24.551479083092428,319.07294901687516,0.6001518883192319,NONE,NONE,0.0,1.0,False
14.69,14.69,AEROTWIN-4-001,TAKEOFF,0.95,3000.1322625932685,668.0585888129281,168.2063134067149,143.02148683279935,136.8078212887083,6.283532183947013,-0.06986663985597019,-1.5281328784303783,155.10192109386497,-1.5281328784303783,-9.024168504204853,116.50592515579515,748.379748908772,34.98428049899222,451.00000000000006,65.41213800000001,0.004910282492688444,24.551412463442222,319.07294901687516,0.6009507151190696,NONE,NONE,0.0,1.0,False
14.700000000000001,14.700000000000001,AEROTWIN-4-001,TAKEOFF,0.95,3000.0831254069462,128.0665245685242,168.20668604768528,142.9853286062393,136.80477897131095,6.2834623173071575,-0.10291268237880313,-1.52813626382601,-1.52813626382601,-9.023209824077021,155.06481095796835,116.50616392914574,748.3810261557355,35.00961164560488,451.00000000000006,65.41213800000001,0.00491024589616568,24.5512294808284,319.07294901687516,0.6015875543239128,NONE,NONE,0.0,1.0,False
14.71,14.71,AEROTWIN-4-001,TAKEOFF,0.95,3000.025454831428,308.07151209294096,168.20723489788284,142.96287217134065,136.80029773763425,6.283359404624779,-0.12078497091838258,-9.022624092451446,-1.5281412500599703,155.04177876391205,-1.5281412500599703,116.5064029896325,748.3822504127309,35.034915594831865,451.00000000000006,65.41213800000001,0.004910191988472662,24.55095994236331,319.07294901687516,0.6019865366045068,NONE,NONE,0.0,1.0,False
14.72,14.72,AEROTWIN-4-001,TAKEOFF,0.95,2999.9672629719626,488.0730393828266,168.20787899513644,142.95640024017246,136.7950383659813,6.2832386196538605,-0.12187674546270255,155.03516469095177,-9.022470247576791,-1.5281471016012722,-1.5281471016012722,116.5066435070114,748.3834193473404,35.06019233925921,451.00000000000006,65.41213800000001,0.0049101287166811855,24.55064358340593,319.07294901687516,0.6021068300033372,NONE,NONE,0.0,1.0,False
14.73,14.73,AEROTWIN-4-001,TAKEOFF,0.95,2999.916237147874,668.0710751611443,168.2085288390878,142.9659800642214,136.7897315573799,6.2831167429083985,-0.10686823606688112,-1.5281530053505892,155.04503346971168,-1.5281530053505892,-9.022747394789084,116.50688551235837,748.3845341192163,35.08544190681967,451.00000000000006,65.41213800000001,0.004910064870523355,24.55032435261678,319.07294901687516,0.601946280036531,NONE,NONE,0.0,1.0,False
14.74,14.74,AEROTWIN-4-001,TAKEOFF,0.95,2999.878744327358,128.06604939001681,168.20909859578387,142.9895634353301,136.78507834032206,6.283009874672332,-0.07852477966429294,-1.5281581815174188,-1.5281581815174188,-9.02339784861333,155.06927764697826,116.50712797463285,748.385599153585,35.110664358897616,451.00000000000006,65.41213800000001,0.00491000888467183,24.550044423359154,319.07294901687516,0.6015397930210447,NONE,NONE,0.0,1.0,False
14.75,14.75,AEROTWIN-4-001,TAKEOFF,0.95,2999.8590579043375,308.05877404965827,168.20951720527802,143.02335949589767,136.7816592939631,6.282931349892667,-0.04123114795809002,-9.024317543473968,-1.5281619845312193,155.10400100843404,-1.5281619845312193,116.5073690124334,748.3866214937427,35.135859784134766,451.00000000000006,65.41213800000001,0.004909967746108588,24.54983873054294,319.07294901687516,0.6009529331468144,NONE,NONE,0.0,1.0,False
14.76,14.76,AEROTWIN-4-001,TAKEOFF,0.95,2999.858897544187,488.0503175239185,168.20973699275098,143.06241832745368,136.779864066222,6.282890118744709,-0.00033585751301412614,155.1441183533437,-9.025372063345356,-1.5281639812723458,-1.5281639812723458,116.50760620630784,748.3876098383581,35.16102828897362,451.00000000000006,65.41213800000001,0.00490994614499934,24.5497307249967,319.07294901687516,0.6002718035891194,NONE,NONE,0.0,1.0,False
14.77,14.77,AEROTWIN-4-001,TAKEOFF,0.95,2999.877327453515,668.0418513765698,168.20973878304332,143.10133873756314,136.77984944284233,6.282889782887196,0.03859951183360977,-1.5281639975369232,155.18408260993033,-1.5281639975369232,-9.02641587729335,116.50783696565144,748.3885734056324,35.186169986351835,451.00000000000006,65.41213800000001,0.004909945969041527,24.54972984520764,319.07294901687516,0.5995907159613116,NONE,NONE,0.0,1.0,False
14.780000000000001,14.780000000000001,AEROTWIN-4-001,TAKEOFF,0.95,2999.9110092210162,128.03449102378067,168.20953302414017,143.1350013984954,136.78153008720108,6.28292838239903,0.07054292889529812,-1.528162128243562,-1.528162128243562,-9.027312068735933,155.21863772371847,116.50805889944672,748.3895207822574,35.2112849841326,451.00000000000006,65.41213800000001,0.004909966191440112,24.549830957200562,319.07294901687516,0.5989993725888199,NONE,NONE,0.0,1.0,False
14.790000000000001,14.790000000000001,AEROTWIN-4-001,TAKEOFF,0.95,2999.9547589000617,308.02915157704166,168.20915696777118,143.1592296313544,136.78460159250298,6.282998925327925,0.09162911352350189,-9.027949929292877,-1.5281587118194697,155.2434969842862,-1.5281587118194697,116.50827014210628,748.3904589095099,35.236373374809865,451.00000000000006,65.41213800000001,0.004910003148450978,24.550015742254892,319.07294901687516,0.5985712720188705,NONE,NONE,0.0,1.0,False
14.8,14.8,AEROTWIN-4-001,TAKEOFF,0.95,3000.002320250101,488.02643711104537,168.20866846550817,143.17129407458197,136.78859126155382,6.283090554441449,0.09961225858669742,155.25586083748212,-9.028258215222552,-1.528154273838789,-1.528154273838789,116.50846959387691,748.3913923334436,35.26143522777951,451.00000000000006,65.41213800000001,0.004910051151153141,24.550255755765704,319.07294901687516,0.5983548096630101,NONE,NONE,0.0,1.0,False
14.81,14.81,AEROTWIN-4-001,TAKEOFF,0.95,3000.04724166338,668.0265763260514,168.20813735420813,143.1702019493869,136.792928594724,6.283190166700035,0.09408318796285453,-1.5281494487604477,155.25471340085852,-1.5281494487604477,-9.02821255395072,116.50865704833275,748.3923228052147,35.28647058506058,451.00000000000006,65.41213800000001,0.004910103334489015,24.550516672445077,319.07294901687516,0.598368121684445,NONE,NONE,0.0,1.0,False
14.82,14.82,AEROTWIN-4-001,TAKEOFF,0.95,3000.083735963216,128.02941082585426,168.20763567633819,143.15674297607555,136.7970252433459,6.283284249887998,0.07643348284165086,-1.5281448910810602,-1.5281448910810602,-9.02783633193421,155.24086909017188,116.50883319555636,748.3932492672258,35.311479460848204,451.00000000000006,65.41213800000001,0.004910152619829022,24.55076309914511,319.07294901687516,0.5985981747306621,NONE,NONE,0.0,1.0,False
14.83,14.83,AEROTWIN-4-001,TAKEOFF,0.95,3000.1074103786214,308.0344349836472,168.2072280784514,143.13329768199742,136.8003534189501,6.283360683370841,0.04958357967648297,-9.02719527587233,-1.5281411881063065,155.21677533408237,-1.5281411881063065,116.50899950648726,748.3941682081008,35.33646184475278,451.00000000000006,65.41213800000001,0.004910192658315852,24.55096329157926,319.07294901687516,0.5990040156864062,NONE,NONE,0.0,1.0,False
14.84,14.84,AEROTWIN-4-001,TAKEOFF,0.95,3000.1157767196646,488.0408796063645,168.2069636475057,143.10344517012481,136.80251247946842,6.283410266950518,0.017522423705877976,155.18610948711097,-9.026386745416277,-1.5281387857849307,-1.5281387857849307,116.50915801935922,748.395074321632,35.361417708101726,451.00000000000006,65.41213800000001,0.004910218631381761,24.551093156908806,319.07294901687516,0.5995235465028435,NONE,NONE,0.0,1.0,False
14.85,14.85,AEROTWIN-4-001,TAKEOFF,0.95,3000.1084853294888,668.0478262095444,168.2068701968203,143.07143221503145,136.80327547753103,6.2834277893742225,-0.015271051873803287,-1.528137936797387,155.15323348046545,-1.528137936797387,-9.025525391839206,116.50931106114724,748.3959613678996,35.386347012310374,451.00000000000006,65.41213800000001,0.0049102278099491916,24.55113904974596,319.07294901687516,0.6000827525228014,NONE,NONE,0.0,1.0,False
14.86,14.86,AEROTWIN-4-001,TAKEOFF,0.95,3000.0872657188415,128.05433532931374,168.2069516405647,143.04158078300372,136.80261051329566,6.283412518322349,-0.044442248614286584,-1.5281386767034053,-1.5281386767034053,-9.024727232844166,155.1225853692547,116.50946094401841,748.3968231131291,35.41124971811051,451.00000000000006,65.41213800000001,0.004910219810694536,24.551099053472683,319.07294901687516,0.6006060421348193,NONE,NONE,0.0,1.0,False
14.870000000000001,14.870000000000001,AEROTWIN-4-001,TAKEOFF,0.95,3000.0555963435777,308.0595712724442,168.2071886537052,143.01771521632446,136.8006753246991,6.283368076073734,-0.06632818444838673,-9.024094308506317,-1.5281408299375216,155.0980911847058,-1.5281408299375216,116.5096096781741,748.397654220609,35.43612579437806,451.00000000000006,65.41213800000001,0.004910196530816458,24.55098265408229,319.07294901687516,0.6010262782389999,NONE,NONE,0.0,1.0,False
14.88,14.88,AEROTWIN-4-001,TAKEOFF,0.95,3000.018160510095,488.0629070530589,168.2075423671311,143.0026834842632,136.79778716267396,6.283301747889286,-0.07840542630004066,155.08267348271613,-9.02370191169526,-1.5281440433788287,-1.5281440433788287,116.50975873825372,748.3984509778124,35.460975225421834,451.00000000000006,65.41213800000001,0.004910161785969386,24.550808929846927,319.07294901687516,0.6012931967500139,NONE,NONE,0.0,1.0,False
14.89,14.89,AEROTWIN-4-001,TAKEOFF,0.95,2999.9801706218964,668.0639966836645,168.20796045690625,142.99803066113643,136.7943731544566,6.283223342462986,-0.07956583578315435,-1.5281478416710488,155.0779163034054,-1.5281478416710488,-9.02358995892689,116.50990891149554,748.3992117721572,35.48579801585793,451.00000000000006,65.41213800000001,0.004910120713731373,24.550603568656864,319.07294901687516,0.6013791873042214,NONE,NONE,0.0,1.0,False
14.9,14.9,AEROTWIN-4-001,TAKEOFF,0.95,2999.9466561251957,128.06280692097835,168.20838470245994,143.00385984094763,136.7909086620701,6.283143776627203,-0.07019259774968578,-1.5281516958877306,-1.5281516958877306,-9.023759448750663,155.08392268147375,116.51006024358881,748.3999372652627,35.51059419255685,451.00000000000006,65.41213800000001,0.004910079032576906,24.55039516288453,319.07294901687516,0.6012818098616645,NONE,NONE,0.0,1.0,False
14.91,14.91,AEROTWIN-4-001,TAKEOFF,0.95,2999.921810515487,308.05960628849004,168.20875894308568,143.01888940070867,136.787852339969,6.283073584029453,-0.052036523289772596,-9.024174234365569,-1.5281550958160273,155.0993738267063,-1.5281550958160273,116.51021208443484,748.4006302576847,35.53536380356118,451.00000000000006,65.41213800000001,0.004910042260790978,24.55021130395489,319.07294901687516,0.6010228795172721,NONE,NONE,0.0,1.0,False
14.92,14.92,AEROTWIN-4-001,TAKEOFF,0.95,2999.908480316899,488.0549149194193,168.209036366134,143.04068943553872,136.78558659066866,6.283021547506163,-0.027918702636096526,155.12177228555726,-9.024767617680554,-1.528157616168996,-1.528157616168996,116.51036322277194,748.4012952771778,35.56010691427433,451.00000000000006,65.41213800000001,0.004910014999897597,24.550074999487986,319.07294901687516,0.6006444084593747,NONE,NONE,0.0,1.0,False
14.93,14.93,AEROTWIN-4-001,TAKEOFF,0.95,2999.9078562788504,668.0494237384332,168.20918520382298,143.066057622236,136.78437097566447,6.282993628803527,-0.0013069822319975444,-1.5281589683403949,155.14782821177238,-1.5281589683403949,-9.025452652855577,116.51051208752467,748.4019379582413,35.58482360156377,451.00000000000006,65.41213800000001,0.00491000037366276,24.5500018683138,319.07294901687516,0.6002020905179017,NONE,NONE,0.0,1.0,False
14.94,14.94,AEROTWIN-4-001,TAKEOFF,0.95,2999.919397578841,128.04389511516433,168.20919217139246,143.09147843216297,136.78431406816642,6.282992321821295,0.024172042175253594,-1.5281590316398737,-1.5281590316398737,-9.026134609252956,155.1739311046957,116.51065698612781,748.4025643048334,35.60951394666343,451.00000000000006,65.41213800000001,0.004909999688949084,24.549998444745423,319.07294901687516,0.5997573024303556,NONE,NONE,0.0,1.0,False
14.950000000000001,14.950000000000001,AEROTWIN-4-001,TAKEOFF,0.95,2999.94098771981,308.03905896989477,168.20906330795586,143.1136013277552,136.78536654838584,6.28301649386347,0.04521828550588314,-9.026723837171303,-1.5281578609320072,155.1966408867905,-1.5281578609320072,116.51079634673292,748.403179939032,35.63417802787235,451.00000000000006,65.41213800000001,0.004910012352371377,24.550061761856888,319.07294901687516,0.5993687445551826,NONE,NONE,0.0,1.0,False
14.96,14.96,AEROTWIN-4-001,TAKEOFF,0.95,2999.9692903784417,488.0355182330834,168.20882223702293,143.12967408037179,136.78733541859992,6.283061712148975,0.059276949622886654,155.21313274117276,-9.027147319134244,-1.5281556708333648,-1.5281556708333648,116.5109289323305,748.4037894352933,35.65881591402228,451.00000000000006,65.41213800000001,0.00491003604138988,24.550180206949403,319.07294901687516,0.5990848388205947,NONE,NONE,0.0,1.0,False
14.97,14.97,AEROTWIN-4-001,TAKEOFF,0.95,3000.000248622733,668.0336756557899,168.2085061997727,143.1378762293741,136.78991644505194,6.283120989098599,0.06483879522354385,-1.5281527996753024,155.22153928281588,-1.5281527996753024,-9.02735745409119,116.51105400004406,748.4043958238589,35.68342765953439,451.00000000000006,65.41213800000001,0.0049100670949672204,24.550335474836103,319.07294901687516,0.5989378499090826,NONE,NONE,0.0,1.0,False
14.98,14.98,AEROTWIN-4-001,TAKEOFF,0.95,3000.0296547090993,128.033690573154,168.2081604888491,143.13751346344415,136.7927396722856,6.2831858278938215,0.06158796326473759,-1.5281496589357069,-1.5281496589357069,-9.027337062087259,155.22114984340283,116.51117138731273,748.4050003205293,35.708013301633,451.00000000000006,65.41213800000001,0.004910101061576325,24.550505307881625,319.07294901687516,0.5989404228434004,NONE,NONE,0.0,1.0,False
14.99,14.99,AEROTWIN-4-001,TAKEOFF,0.95,3000.053711857806,308.03546985569994,168.20783209106065,143.12905396823768,136.795421377951,6.283247415857086,0.050385174429611546,-9.027100144202784,-1.5281466754837327,155.21244746340793,-1.5281466754837327,116.51128151714138,748.4056023073914,35.73257285996903,451.00000000000006,65.41213800000001,0.004910133324550866,24.550666622754328,319.07294901687516,0.5990848775061448,NONE,NONE,0.0,1.0,False
15.0,15.0,AEROTWIN-4-001,TAKEOFF,0.95,3000.0695142884006,488.03869256716825,168.2075634141379,143.1140096378647,136.7976153035905,6.283297801031515,0.03309653324269224,155.19698661710098,-9.026688510059843,-1.528144234588198,-1.528144234588198,116.51138532561558,748.4061995547885,35.75710633857466,451.00000000000006,65.41213800000001,0.004910159718454697,24.550798592273484,319.07294901687516,0.5993452189300681,NONE,NONE,0.0,1.0,False
