run_id,window_id,simulation_start,simulation_end,gt_degradation_type,gt_target_component,gt_active_severity,gt_current_health,gt_is_degraded,stat_score,stat_flag,if_score,if_flag,ae_score,ae_flag
BEARING_SEV040,BEARING_SEV040_W0000,0.0,4.99,BEARING,BEARING,0.4,0.6,True,1.8312842661441564,False,0.650140119473756,False,0.08051382,False
BEARING_SEV040,BEARING_SEV040_W0001,1.0,5.99,BEARING,BEARING,0.4,0.6,True,1.838241514026644,False,0.6132300803494027,False,0.022290245,False
BEARING_SEV040,BEARING_SEV040_W0002,2.0,6.99,BEARING,BEARING,0.4,0.6,True,1.838811522702625,False,0.597273733042034,False,0.02371159,False
BEARING_SEV040,BEARING_SEV040_W0003,3.0,7.99,BEARING,BEARING,0.4,0.6,True,1.8384565449492467,False,0.5926855098243056,False,0.023824902,False
BEARING_SEV040,BEARING_SEV040_W0004,4.0,8.99,BEARING,BEARING,0.4,0.6,True,1.838279444199401,False,0.5876597992579486,False,0.023839734,False
BEARING_SEV040,BEARING_SEV040_W0005,5.0,9.99,BEARING,BEARING,0.4,0.6,True,1.8386749718921511,False,0.5937861362339152,False,0.023928171,False
BEARING_SEV040,BEARING_SEV040_W0006,6.0,10.99,BEARING,BEARING,0.4,0.6,True,1.5377239767973752,False,0.6833908334604956,True,0.2329988,True
BEARING_SEV040,BEARING_SEV040_W0007,7.0,11.99,BEARING,BEARING,0.4,0.6,True,2.3433377255728787,True,0.6525970291343131,False,0.37676334,True
BEARING_SEV040,BEARING_SEV040_W0008,8.0,12.99,BEARING,BEARING,0.4,0.6,True,2.5848080769261204,True,0.6422281289322167,False,0.2181047,True
BEARING_SEV040,BEARING_SEV040_W0009,9.0,13.99,BEARING,BEARING,0.4,0.6,True,2.545253399296542,True,0.6381726714400157,False,0.30790076,True
BEARING_SEV040,BEARING_SEV040_W0010,10.0,14.99,BEARING,BEARING,0.4,0.6,True,2.2279972524897356,True,0.6422281289322167,False,0.3806174,True
BEARING_SEV040,BEARING_SEV040_W0011,11.0,15.99,BEARING,BEARING,0.4,0.6,True,1.6580379588082115,False,0.6606217688857787,True,0.38070783,True
BEARING_SEV040,BEARING_SEV040_W0012,12.0,16.990000000000002,BEARING,BEARING,0.4,0.6,True,1.0708130938078098,False,0.6338269225129252,False,0.3235961,True
BEARING_SEV040,BEARING_SEV040_W0013,13.0,17.990000000000002,BEARING,BEARING,0.4,0.6,True,0.7261997451711115,False,0.5657112950533725,False,0.18050626,False
BEARING_SEV040,BEARING_SEV040_W0014,14.0,18.99,BEARING,BEARING,0.4,0.6,True,0.7130253180258579,False,0.503470210225259,False,0.16773543,False
BEARING_SEV040,BEARING_SEV040_W0015,15.0,19.99,BEARING,BEARING,0.4,0.6,True,0.6951576113613162,False,0.4747814092624335,False,0.15640034,False
BEARING_SEV040,BEARING_SEV040_W0016,16.0,20.99,BEARING,BEARING,0.4,0.6,True,0.6807373292996916,False,0.465449039698303,False,0.1487555,False
BEARING_SEV040,BEARING_SEV040_W0017,17.0,21.99,BEARING,BEARING,0.4,0.6,True,0.6702880817602717,False,0.4647927584139835,False,0.14406039,False
BEARING_SEV040,BEARING_SEV040_W0018,18.0,22.99,BEARING,BEARING,0.4,0.6,True,0.663110178258257,False,0.4604034150797366,False,0.14166008,False
BEARING_SEV040,BEARING_SEV040_W0019,19.0,23.99,BEARING,BEARING,0.4,0.6,True,0.6585139252489371,False,0.46077501691290745,False,0.14096075,False
BEARING_SEV040,BEARING_SEV040_W0020,20.0,24.99,BEARING,BEARING,0.4,0.6,True,0.6559146391291792,False,0.4576026870239796,False,0.14147474,False
BEARING_SEV040,BEARING_SEV040_W0021,21.0,25.99,BEARING,BEARING,0.4,0.6,True,0.6272956802227276,False,0.49616077146689574,False,0.13985023,False
BEARING_SEV040,BEARING_SEV040_W0022,22.0,26.99,BEARING,BEARING,0.4,0.6,True,0.6238272759184065,False,0.5019034039235909,False,0.16971935,False
BEARING_SEV040,BEARING_SEV040_W0023,23.0,27.99,BEARING,BEARING,0.4,0.6,True,0.637551520772003,False,0.5035220268724904,False,0.19575262,True
BEARING_SEV040,BEARING_SEV040_W0024,24.0,28.99,BEARING,BEARING,0.4,0.6,True,0.637625420170261,False,0.4990790035461369,False,0.19736713,True
BEARING_SEV040,BEARING_SEV040_W0025,25.0,29.99,BEARING,BEARING,0.4,0.6,True,0.6228758677766958,False,0.5035987077703928,False,0.17488937,False
BEARING_SEV040,BEARING_SEV040_W0026,26.0,30.99,BEARING,BEARING,0.4,0.6,True,0.6128778794136668,False,0.49295378291132114,False,0.1435331,False
BEARING_SEV040,BEARING_SEV040_W0027,27.0,31.99,BEARING,BEARING,0.4,0.6,True,0.6237121387666952,False,0.46205085984401806,False,0.13867153,False
BEARING_SEV040,BEARING_SEV040_W0028,28.0,32.99,BEARING,BEARING,0.4,0.6,True,0.624765182466481,False,0.4373467867845518,False,0.13853484,False
BEARING_SEV040,BEARING_SEV040_W0029,29.0,33.99,BEARING,BEARING,0.4,0.6,True,0.6255795577606545,False,0.4323276579800301,False,0.13843644,False
BEARING_SEV040,BEARING_SEV040_W0030,30.0,34.99,BEARING,BEARING,0.4,0.6,True,0.6262949358014305,False,0.42806167619268115,False,0.13834335,False
BEARING_SEV040,BEARING_SEV040_W0031,31.0,35.99,BEARING,BEARING,0.4,0.6,True,0.626947152837833,False,0.4254912992299628,False,0.1382689,False
BEARING_SEV040,BEARING_SEV040_W0032,32.0,36.99,BEARING,BEARING,0.4,0.6,True,0.6275423382749838,False,0.4254912992299628,False,0.13821006,False
BEARING_SEV040,BEARING_SEV040_W0033,33.0,37.99,BEARING,BEARING,0.4,0.6,True,0.6280846332978771,False,0.42496691070720866,False,0.13816372,False
BEARING_SEV040,BEARING_SEV040_W0034,34.0,38.99,BEARING,BEARING,0.4,0.6,True,0.628577971773092,False,0.42638078169687116,False,0.13812742,False
BEARING_SEV040,BEARING_SEV040_W0035,35.0,39.99,BEARING,BEARING,0.4,0.6,True,0.6290261574382339,False,0.42667227132707713,False,0.138099,False
BEARING_SEV040,BEARING_SEV040_W0036,36.0,40.99,BEARING,BEARING,0.4,0.6,True,0.6294328328725769,False,0.4269254682765878,False,0.13807695,False
BEARING_SEV040,BEARING_SEV040_W0037,37.0,41.99,BEARING,BEARING,0.4,0.6,True,0.6298014524704032,False,0.4269254682765878,False,0.13805994,False
BEARING_SEV040,BEARING_SEV040_W0038,38.0,42.99,BEARING,BEARING,0.4,0.6,True,0.6301352662515556,False,0.4266322229252118,False,0.13804689,False
BEARING_SEV040,BEARING_SEV040_W0039,39.0,43.99,BEARING,BEARING,0.4,0.6,True,0.6304373121893972,False,0.42652287797761207,False,0.13803704,False
BEARING_SEV040,BEARING_SEV040_W0040,40.0,44.99,BEARING,BEARING,0.4,0.6,True,0.6307104148791013,False,0.4268160481708169,False,0.13802962,False
BEARING_SEV040,BEARING_SEV040_W0041,41.0,45.99,BEARING,BEARING,0.4,0.6,True,0.6309571888076414,False,0.42617889951192245,False,0.13802415,False
BEARING_SEV040,BEARING_SEV040_W0042,42.0,46.99,BEARING,BEARING,0.4,0.6,True,0.6311800448786277,False,0.4265679375416053,False,0.13802016,False
BEARING_SEV040,BEARING_SEV040_W0043,43.0,47.99,BEARING,BEARING,0.4,0.6,True,0.6313811991565877,False,0.42627379298328877,False,0.13801739,False
BEARING_SEV040,BEARING_SEV040_W0044,44.0,48.99,BEARING,BEARING,0.4,0.6,True,0.6315626830401734,False,0.42661784803960906,False,0.13801552,False
BEARING_SEV040,BEARING_SEV040_W0045,45.0,49.99,BEARING,BEARING,0.4,0.6,True,0.6317263542658077,False,0.42696218079041515,False,0.13801436,False
BEARING_SEV040,BEARING_SEV040_W0046,46.0,50.99,BEARING,BEARING,0.4,0.6,True,0.6162444445080886,False,0.49259726841987544,False,0.14723842,False
BEARING_SEV040,BEARING_SEV040_W0047,47.0,51.99,BEARING,BEARING,0.4,0.6,True,0.6134758879148308,False,0.5127515360112482,False,0.18467589,False
BEARING_SEV040,BEARING_SEV040_W0048,48.0,52.99,BEARING,BEARING,0.4,0.6,True,0.6399945559897897,False,0.5124802329296917,False,0.23480527,True
BEARING_SEV040,BEARING_SEV040_W0049,49.0,53.99,BEARING,BEARING,0.4,0.6,True,0.6495897685205785,False,0.509728517571986,False,0.2615538,True
BEARING_SEV040,BEARING_SEV040_W0050,50.0,54.99,BEARING,BEARING,0.4,0.6,True,0.6302421715043371,False,0.5159206360723518,False,0.25472602,True
BEARING_SEV040,BEARING_SEV040_W0051,51.0,55.99,BEARING,BEARING,0.4,0.6,True,0.5968032436530709,False,0.522801759229297,False,0.22956327,True
BEARING_SEV040,BEARING_SEV040_W0052,52.0,56.99,BEARING,BEARING,0.4,0.6,True,0.6382383105361448,False,0.5189859812068615,False,0.27932096,True
BEARING_SEV040,BEARING_SEV040_W0053,53.0,57.99,BEARING,BEARING,0.4,0.6,True,0.641147653375883,False,0.49387495408264054,False,0.2853145,True
BEARING_SEV040,BEARING_SEV040_W0054,54.0,58.99,BEARING,BEARING,0.4,0.6,True,0.6388881771936687,False,0.48318729844007885,False,0.28488013,True
BEARING_SEV040,BEARING_SEV040_W0055,55.0,59.99,BEARING,BEARING,0.4,0.6,True,0.6368452728553701,False,0.48544807187177386,False,0.28450292,True
BEARING_SEV060,BEARING_SEV060_W0000,0.0,4.99,BEARING,BEARING,0.6,0.4,True,1.8236371455530473,False,0.650140119473756,False,0.09754,False
BEARING_SEV060,BEARING_SEV060_W0001,1.0,5.99,BEARING,BEARING,0.6,0.4,True,1.8315313343718314,False,0.6160017967020176,False,0.0428742,False
BEARING_SEV060,BEARING_SEV060_W0002,2.0,6.99,BEARING,BEARING,0.6,0.4,True,1.8323518195171384,False,0.5990059965432687,False,0.04466379,False
BEARING_SEV060,BEARING_SEV060_W0003,3.0,7.99,BEARING,BEARING,0.6,0.4,True,1.8320832340755744,False,0.5923490892620278,False,0.0449636,False
BEARING_SEV060,BEARING_SEV060_W0004,4.0,8.99,BEARING,BEARING,0.6,0.4,True,1.8319598364378875,False,0.5961149481142514,False,0.04498389,False
BEARING_SEV060,BEARING_SEV060_W0005,5.0,9.99,BEARING,BEARING,0.6,0.4,True,1.8319452117736312,False,0.5937861362339152,False,0.04498471,False
BEARING_SEV060,BEARING_SEV060_W0006,6.0,10.99,BEARING,BEARING,0.6,0.4,True,1.5312111801596513,False,0.6841043090593362,True,0.2813311,True
BEARING_SEV060,BEARING_SEV060_W0007,7.0,11.99,BEARING,BEARING,0.6,0.4,True,2.3971247633121013,True,0.6531237547067247,False,0.52441704,True
BEARING_SEV060,BEARING_SEV060_W0008,8.0,12.99,BEARING,BEARING,0.6,0.4,True,2.657967503915294,True,0.6437844542088486,False,0.4243563,True
BEARING_SEV060,BEARING_SEV060_W0009,9.0,13.99,BEARING,BEARING,0.6,0.4,True,2.6241345650585224,True,0.6417869971016597,False,0.5407708,True
BEARING_SEV060,BEARING_SEV060_W0010,10.0,14.99,BEARING,BEARING,0.6,0.4,True,2.29734339514909,True,0.6401588795494637,False,0.59245324,True
BEARING_SEV060,BEARING_SEV060_W0011,11.0,15.99,BEARING,BEARING,0.6,0.4,True,1.72335955724368,False,0.6600889963800226,True,0.5668551,True
BEARING_SEV060,BEARING_SEV060_W0012,12.0,16.990000000000002,BEARING,BEARING,0.6,0.4,True,1.1747398988128022,False,0.6370613597334082,False,0.5056657,True
BEARING_SEV060,BEARING_SEV060_W0013,13.0,17.990000000000002,BEARING,BEARING,0.6,0.4,True,0.8546857429683237,False,0.560711645089622,False,0.33896115,True
BEARING_SEV060,BEARING_SEV060_W0014,14.0,18.99,BEARING,BEARING,0.6,0.4,True,0.8416410069496778,False,0.4950919562764621,False,0.32358614,True
BEARING_SEV060,BEARING_SEV060_W0015,15.0,19.99,BEARING,BEARING,0.6,0.4,True,0.8264013038311919,False,0.4593242526434731,False,0.31230864,True
BEARING_SEV060,BEARING_SEV060_W0016,16.0,20.99,BEARING,BEARING,0.6,0.4,True,0.814281122363289,False,0.44929815742014007,False,0.3044168,True
BEARING_SEV060,BEARING_SEV060_W0017,17.0,21.99,BEARING,BEARING,0.6,0.4,True,0.8055542465298736,False,0.4486646488152341,False,0.29948613,True
BEARING_SEV060,BEARING_SEV060_W0018,18.0,22.99,BEARING,BEARING,0.6,0.4,True,0.7995831456941673,False,0.44545128846657295,False,0.29663998,True
BEARING_SEV060,BEARING_SEV060_W0019,19.0,23.99,BEARING,BEARING,0.6,0.4,True,0.7957691417580975,False,0.44581082210590056,False,0.2954943,True
BEARING_SEV060,BEARING_SEV060_W0020,20.0,24.99,BEARING,BEARING,0.6,0.4,True,0.7936146934729498,False,0.4430458353156564,False,0.2956062,True
BEARING_SEV060,BEARING_SEV060_W0021,21.0,25.99,BEARING,BEARING,0.6,0.4,True,0.771249658866048,False,0.4778836951409419,False,0.29596972,True
BEARING_SEV060,BEARING_SEV060_W0022,22.0,26.99,BEARING,BEARING,0.6,0.4,True,0.769904056871486,False,0.4960740610375663,False,0.32915276,True
BEARING_SEV060,BEARING_SEV060_W0023,23.0,27.99,BEARING,BEARING,0.6,0.4,True,0.7817781186134197,False,0.4980696682822677,False,0.3566239,True
BEARING_SEV060,BEARING_SEV060_W0024,24.0,28.99,BEARING,BEARING,0.6,0.4,True,0.782516233257033,False,0.49435497080432306,False,0.3588921,True
BEARING_SEV060,BEARING_SEV060_W0025,25.0,29.99,BEARING,BEARING,0.6,0.4,True,0.7712926920846173,False,0.4962847357318062,False,0.3366463,True
BEARING_SEV060,BEARING_SEV060_W0026,26.0,30.99,BEARING,BEARING,0.6,0.4,True,0.763921698099431,False,0.478294812286957,False,0.30538276,True
BEARING_SEV060,BEARING_SEV060_W0027,27.0,31.99,BEARING,BEARING,0.6,0.4,True,0.7729075511800766,False,0.4504621819256063,False,0.30115306,True
BEARING_SEV060,BEARING_SEV060_W0028,28.0,32.99,BEARING,BEARING,0.6,0.4,True,0.7737183366064445,False,0.4244289115260365,False,0.30108416,True
BEARING_SEV060,BEARING_SEV060_W0029,29.0,33.99,BEARING,BEARING,0.6,0.4,True,0.7743739687447908,False,0.41955803230688365,False,0.30097657,True
BEARING_SEV060,BEARING_SEV060_W0030,30.0,34.99,BEARING,BEARING,0.6,0.4,True,0.7749522957350531,False,0.41541805446480023,False,0.30086827,True
BEARING_SEV060,BEARING_SEV060_W0031,31.0,35.99,BEARING,BEARING,0.6,0.4,True,0.7754800323306248,False,0.41292359851024996,False,0.30077818,True
BEARING_SEV060,BEARING_SEV060_W0032,32.0,36.99,BEARING,BEARING,0.6,0.4,True,0.7759618209283821,False,0.41292359851024996,False,0.30070382,True
BEARING_SEV060,BEARING_SEV060_W0033,33.0,37.99,BEARING,BEARING,0.6,0.4,True,0.7764009440326183,False,0.41241469880718906,False,0.30064252,True
BEARING_SEV060,BEARING_SEV060_W0034,34.0,38.99,BEARING,BEARING,0.6,0.4,True,0.7768005457377025,False,0.41378680840834253,False,0.30059186,True
BEARING_SEV060,BEARING_SEV060_W0035,35.0,39.99,BEARING,BEARING,0.6,0.4,True,0.777163673479881,False,0.4140696883338568,False,0.30055,True
BEARING_SEV060,BEARING_SEV060_W0036,36.0,40.99,BEARING,BEARING,0.6,0.4,True,0.7774932506968288,False,0.4143154066263646,False,0.3005139,True
BEARING_SEV060,BEARING_SEV060_W0037,37.0,41.99,BEARING,BEARING,0.6,0.4,True,0.7777920538043425,False,0.4143154066263646,False,0.30047995,True
BEARING_SEV060,BEARING_SEV060_W0038,38.0,42.99,BEARING,BEARING,0.6,0.4,True,0.7780626981762594,False,0.414030822838269,False,0.30045137,True
BEARING_SEV060,BEARING_SEV060_W0039,39.0,43.99,BEARING,BEARING,0.6,0.4,True,0.7783076311473478,False,0.41392470760319017,False,0.3004272,True
BEARING_SEV060,BEARING_SEV060_W0040,40.0,44.99,BEARING,BEARING,0.6,0.4,True,0.7785291302627632,False,0.41420921845305525,False,0.30040118,True
BEARING_SEV060,BEARING_SEV060_W0041,41.0,45.99,BEARING,BEARING,0.6,0.4,True,0.7787293053565885,False,0.4155829883283476,False,0.30037737,True
BEARING_SEV060,BEARING_SEV060_W0042,42.0,46.99,BEARING,BEARING,0.6,0.4,True,0.7789101033578871,False,0.4155829883283476,False,0.30035686,True
BEARING_SEV060,BEARING_SEV060_W0043,43.0,47.99,BEARING,BEARING,0.6,0.4,True,0.779073314974515,False,0.4156755225022553,False,0.30033922,True
BEARING_SEV060,BEARING_SEV060_W0044,44.0,48.99,BEARING,BEARING,0.6,0.4,True,0.7792205826035465,False,0.4160110234588226,False,0.30032408,True
BEARING_SEV060,BEARING_SEV060_W0045,45.0,49.99,BEARING,BEARING,0.6,0.4,True,0.7793534089734535,False,0.41634679520567164,False,0.30031085,True
BEARING_SEV060,BEARING_SEV060_W0046,46.0,50.99,BEARING,BEARING,0.6,0.4,True,0.7645055098448572,False,0.49053323228005585,False,0.30989024,True
BEARING_SEV060,BEARING_SEV060_W0047,47.0,51.99,BEARING,BEARING,0.6,0.4,True,0.7630856439220511,False,0.5116748508948921,False,0.35317975,True
BEARING_SEV060,BEARING_SEV060_W0048,48.0,52.99,BEARING,BEARING,0.6,0.4,True,0.7863611377702647,False,0.5142633201442912,False,0.4091648,True
BEARING_SEV060,BEARING_SEV060_W0049,49.0,53.99,BEARING,BEARING,0.6,0.4,True,0.7940584943852959,False,0.5146372001704002,False,0.43731838,True
BEARING_SEV060,BEARING_SEV060_W0050,50.0,54.99,BEARING,BEARING,0.6,0.4,True,0.7767475671975957,False,0.5194245454903731,False,0.42835513,True
BEARING_SEV060,BEARING_SEV060_W0051,51.0,55.99,BEARING,BEARING,0.6,0.4,True,0.7506609816041954,False,0.5174145073093428,False,0.40382013,True
BEARING_SEV060,BEARING_SEV060_W0052,52.0,56.99,BEARING,BEARING,0.6,0.4,True,0.7861280716810597,False,0.5169164569344238,False,0.45884177,True
BEARING_SEV060,BEARING_SEV060_W0053,53.0,57.99,BEARING,BEARING,0.6,0.4,True,0.788479632057281,False,0.48290010371722936,False,0.46550846,True
BEARING_SEV060,BEARING_SEV060_W0054,54.0,58.99,BEARING,BEARING,0.6,0.4,True,0.7866443036062007,False,0.4713468998490322,False,0.4654101,True
BEARING_SEV060,BEARING_SEV060_W0055,55.0,59.99,BEARING,BEARING,0.6,0.4,True,0.78498618281096,False,0.47355227352448015,False,0.46531656,True
BEARING_SEV080,BEARING_SEV080_W0000,0.0,4.99,BEARING,BEARING,0.8,0.1999999999999999,True,1.8180284930581356,False,0.649091903609904,False,0.12155522,False
BEARING_SEV080,BEARING_SEV080_W0001,1.0,5.99,BEARING,BEARING,0.8,0.1999999999999999,True,1.8269656455309125,False,0.6160017967020176,False,0.07040753,False
BEARING_SEV080,BEARING_SEV080_W0002,2.0,6.99,BEARING,BEARING,0.8,0.1999999999999999,True,1.8281894275095667,False,0.5950812222350743,False,0.07291836,False
BEARING_SEV080,BEARING_SEV080_W0003,3.0,7.99,BEARING,BEARING,0.8,0.1999999999999999,True,1.827861521532956,False,0.5942637982920617,False,0.07318193,False
BEARING_SEV080,BEARING_SEV080_W0004,4.0,8.99,BEARING,BEARING,0.8,0.1999999999999999,True,1.827676202007987,False,0.5916607004368422,False,0.07326015,False
BEARING_SEV080,BEARING_SEV080_W0005,5.0,9.99,BEARING,BEARING,0.8,0.1999999999999999,True,1.8281252920157423,False,0.591113000557426,False,0.07346789,False
BEARING_SEV080,BEARING_SEV080_W0006,6.0,10.99,BEARING,BEARING,0.8,0.1999999999999999,True,1.5511453092486296,False,0.6779805790823606,True,0.34719127,True
BEARING_SEV080,BEARING_SEV080_W0007,7.0,11.99,BEARING,BEARING,0.8,0.1999999999999999,True,2.4642133659879946,True,0.6621434154678989,True,0.72380525,True
BEARING_SEV080,BEARING_SEV080_W0008,8.0,12.99,BEARING,BEARING,0.8,0.1999999999999999,True,2.7845920668386532,True,0.6458654228981139,False,0.69174224,True
BEARING_SEV080,BEARING_SEV080_W0009,9.0,13.99,BEARING,BEARING,0.8,0.1999999999999999,True,2.760759561341134,True,0.643342253374012,False,0.82629186,True
BEARING_SEV080,BEARING_SEV080_W0010,10.0,14.99,BEARING,BEARING,0.8,0.1999999999999999,True,2.4391377082250747,True,0.6406755660147888,False,0.8802189,True
BEARING_SEV080,BEARING_SEV080_W0011,11.0,15.99,BEARING,BEARING,0.8,0.1999999999999999,True,1.8735053455056705,False,0.659024740019225,True,0.8472691,True
BEARING_SEV080,BEARING_SEV080_W0012,12.0,16.990000000000002,BEARING,BEARING,0.8,0.1999999999999999,True,1.4285043697993156,False,0.6474243228114287,False,0.81560755,True
BEARING_SEV080,BEARING_SEV080_W0013,13.0,17.990000000000002,BEARING,BEARING,0.8,0.1999999999999999,True,1.0016189135701095,False,0.5691431700283118,False,0.56688195,True
BEARING_SEV080,BEARING_SEV080_W0014,14.0,18.99,BEARING,BEARING,0.8,0.1999999999999999,True,0.989719006360401,False,0.5234935768499468,False,0.5473111,True
BEARING_SEV080,BEARING_SEV080_W0015,15.0,19.99,BEARING,BEARING,0.8,0.1999999999999999,True,0.9767618875474129,False,0.4947469787617831,False,0.53543276,True
BEARING_SEV080,BEARING_SEV080_W0016,16.0,20.99,BEARING,BEARING,0.8,0.1999999999999999,True,0.9665001840666437,False,0.48119086268897027,False,0.5270618,True
BEARING_SEV080,BEARING_SEV080_W0017,17.0,21.99,BEARING,BEARING,0.8,0.1999999999999999,True,0.9591359737610425,False,0.48051238549719644,False,0.5213364,True
BEARING_SEV080,BEARING_SEV080_W0018,18.0,22.99,BEARING,BEARING,0.8,0.1999999999999999,True,0.9541088576340446,False,0.47597459139837656,False,0.5179398,True
BEARING_SEV080,BEARING_SEV080_W0019,19.0,23.99,BEARING,BEARING,0.8,0.1999999999999999,True,0.9509013617762873,False,0.4763587610741722,False,0.516302,True
BEARING_SEV080,BEARING_SEV080_W0020,20.0,24.99,BEARING,BEARING,0.8,0.1999999999999999,True,0.949088921959694,False,0.47340431130203475,False,0.51597357,True
BEARING_SEV080,BEARING_SEV080_W0021,21.0,25.99,BEARING,BEARING,0.8,0.1999999999999999,True,0.9313858243779016,False,0.5032859366831075,False,0.51851857,True
BEARING_SEV080,BEARING_SEV080_W0022,22.0,26.99,BEARING,BEARING,0.8,0.1999999999999999,True,0.931479266557931,False,0.5136378789817837,False,0.55515146,True
BEARING_SEV080,BEARING_SEV080_W0023,23.0,27.99,BEARING,BEARING,0.8,0.1999999999999999,True,0.9419031041764984,False,0.5172038176049678,False,0.5838857,True
BEARING_SEV080,BEARING_SEV080_W0024,24.0,28.99,BEARING,BEARING,0.8,0.1999999999999999,True,0.943070503717148,False,0.5157757019819886,False,0.58679944,True
BEARING_SEV080,BEARING_SEV080_W0025,25.0,29.99,BEARING,BEARING,0.8,0.1999999999999999,True,0.9343931404867232,False,0.5145733265826224,False,0.5642924,True
BEARING_SEV080,BEARING_SEV080_W0026,26.0,30.99,BEARING,BEARING,0.8,0.1999999999999999,True,0.9288859815237466,False,0.5034029888344326,False,0.53267646,True
BEARING_SEV080,BEARING_SEV080_W0027,27.0,31.99,BEARING,BEARING,0.8,0.1999999999999999,True,0.9365138461917376,False,0.47883857749739206,False,0.5284397,True
BEARING_SEV080,BEARING_SEV080_W0028,28.0,32.99,BEARING,BEARING,0.8,0.1999999999999999,True,0.9371495731730304,False,0.4550058063865906,False,0.52845734,True
BEARING_SEV080,BEARING_SEV080_W0029,29.0,33.99,BEARING,BEARING,0.8,0.1999999999999999,True,0.937689897215543,False,0.4497840171381776,False,0.52835983,True
BEARING_SEV080,BEARING_SEV080_W0030,30.0,34.99,BEARING,BEARING,0.8,0.1999999999999999,True,0.938168540737552,False,0.44534578518624274,False,0.528255,True
BEARING_SEV080,BEARING_SEV080_W0031,31.0,35.99,BEARING,BEARING,0.8,0.1999999999999999,True,0.9386056651568611,False,0.4426716225355055,False,0.52816796,True
BEARING_SEV080,BEARING_SEV080_W0032,32.0,36.99,BEARING,BEARING,0.8,0.1999999999999999,True,0.9390048543556067,False,0.4426716225355055,False,0.52809644,True
BEARING_SEV080,BEARING_SEV080_W0033,33.0,37.99,BEARING,BEARING,0.8,0.1999999999999999,True,0.9393687814708679,False,0.4421260604555601,False,0.5280377,True
BEARING_SEV080,BEARING_SEV080_W0034,34.0,38.99,BEARING,BEARING,0.8,0.1999999999999999,True,0.9397000268504707,False,0.44359702018184005,False,0.5279896,True
BEARING_SEV080,BEARING_SEV080_W0035,35.0,39.99,BEARING,BEARING,0.8,0.1999999999999999,True,0.9400010964296986,False,0.4439002794677269,False,0.52794987,True
BEARING_SEV080,BEARING_SEV080_W0036,36.0,40.99,BEARING,BEARING,0.8,0.1999999999999999,True,0.9402743974061056,False,0.4438245971315484,False,0.52791715,True
BEARING_SEV080,BEARING_SEV080_W0037,37.0,41.99,BEARING,BEARING,0.8,0.1999999999999999,True,0.9405222184003714,False,0.4441636999058505,False,0.52789,True
BEARING_SEV080,BEARING_SEV080_W0038,38.0,42.99,BEARING,BEARING,0.8,0.1999999999999999,True,0.9407467172581654,False,0.4438586140069624,False,0.5278676,True
BEARING_SEV080,BEARING_SEV080_W0039,39.0,43.99,BEARING,BEARING,0.8,0.1999999999999999,True,0.9409499147619019,False,0.44374485397131036,False,0.5278488,True
BEARING_SEV080,BEARING_SEV080_W0040,40.0,44.99,BEARING,BEARING,0.8,0.1999999999999999,True,0.9411336927662199,False,0.4440498616773197,False,0.5278334,True
BEARING_SEV080,BEARING_SEV080_W0041,41.0,45.99,BEARING,BEARING,0.8,0.1999999999999999,True,0.9412997955737074,False,0.4433869864760181,False,0.52782047,True
BEARING_SEV080,BEARING_SEV080_W0042,42.0,46.99,BEARING,BEARING,0.8,0.1999999999999999,True,0.9414498336294734,False,0.4433869864760181,False,0.5278096,True
BEARING_SEV080,BEARING_SEV080_W0043,43.0,47.99,BEARING,BEARING,0.8,0.1999999999999999,True,0.9415852888222301,False,0.44348571151931226,False,0.5278005,True
BEARING_SEV080,BEARING_SEV080_W0044,44.0,48.99,BEARING,BEARING,0.8,0.1999999999999999,True,0.9417075208447978,False,0.44552265881273123,False,0.527793,True
BEARING_SEV080,BEARING_SEV080_W0045,45.0,49.99,BEARING,BEARING,0.8,0.1999999999999999,True,0.9418177741972077,False,0.44588225005665216,False,0.52778673,True
BEARING_SEV080,BEARING_SEV080_W0046,46.0,50.99,BEARING,BEARING,0.8,0.1999999999999999,True,0.9273575276510593,False,0.5081612179611696,False,0.5379858,True
BEARING_SEV080,BEARING_SEV080_W0047,47.0,51.99,BEARING,BEARING,0.8,0.1999999999999999,True,0.9271222797360089,False,0.5259510930240794,False,0.5882404,True
BEARING_SEV080,BEARING_SEV080_W0048,48.0,52.99,BEARING,BEARING,0.8,0.1999999999999999,True,0.9479369789322768,False,0.5238925915768908,False,0.6501176,True
BEARING_SEV080,BEARING_SEV080_W0049,49.0,53.99,BEARING,BEARING,0.8,0.1999999999999999,True,0.9540545623636512,False,0.5227452479770747,False,0.67891896,True
BEARING_SEV080,BEARING_SEV080_W0050,50.0,54.99,BEARING,BEARING,0.8,0.1999999999999999,True,0.9382595551978532,False,0.53363879007863,False,0.6668717,True
BEARING_SEV080,BEARING_SEV080_W0051,51.0,55.99,BEARING,BEARING,0.8,0.1999999999999999,True,0.9176641466721817,False,0.5350239812875314,False,0.64344865,True
BEARING_SEV080,BEARING_SEV080_W0052,52.0,56.99,BEARING,BEARING,0.8,0.1999999999999999,True,0.9486533874007007,False,0.5275859717709495,False,0.7029298,True
BEARING_SEV080,BEARING_SEV080_W0053,53.0,57.99,BEARING,BEARING,0.8,0.1999999999999999,True,0.9505878242603168,False,0.5022243651314996,False,0.7102998,True
BEARING_SEV080,BEARING_SEV080_W0054,54.0,58.99,BEARING,BEARING,0.8,0.1999999999999999,True,0.9490669531830301,False,0.49169375803502413,False,0.7105788,True
BEARING_SEV080,BEARING_SEV080_W0055,55.0,59.99,BEARING,BEARING,0.8,0.1999999999999999,True,0.9476932783071927,False,0.49240268981946594,False,0.71079874,True
COOLING_SEV040,COOLING_SEV040_W0000,0.0,4.99,COOLING,COOLING_SYSTEM,0.4,0.6,True,1.850327815234334,False,0.6518479001576695,False,0.07190519,False
COOLING_SEV040,COOLING_SEV040_W0001,1.0,5.99,COOLING,COOLING_SYSTEM,0.4,0.6,True,1.8547308494891963,False,0.6059206999109931,False,0.0064284108,False
COOLING_SEV040,COOLING_SEV040_W0002,2.0,6.99,COOLING,COOLING_SYSTEM,0.4,0.6,True,1.8544778997629658,False,0.5641555388413031,False,0.006463009,False
COOLING_SEV040,COOLING_SEV040_W0003,3.0,7.99,COOLING,COOLING_SYSTEM,0.4,0.6,True,1.8538578055408126,False,0.5450563788689292,False,0.0064020874,False
COOLING_SEV040,COOLING_SEV040_W0004,4.0,8.99,COOLING,COOLING_SYSTEM,0.4,0.6,True,1.8536712780801776,False,0.547259568097922,False,0.006396487,False
COOLING_SEV040,COOLING_SEV040_W0005,5.0,9.99,COOLING,COOLING_SYSTEM,0.4,0.6,True,1.8538761323226414,False,0.5583331871085754,False,0.0065057403,False
COOLING_SEV040,COOLING_SEV040_W0006,6.0,10.99,COOLING,COOLING_SYSTEM,0.4,0.6,True,1.5357904212650884,False,0.6916286600955528,True,0.18569008,False
COOLING_SEV040,COOLING_SEV040_W0007,7.0,11.99,COOLING,COOLING_SYSTEM,0.4,0.6,True,2.225569858480065,True,0.6578834570291018,True,0.19898167,True
COOLING_SEV040,COOLING_SEV040_W0008,8.0,12.99,COOLING,COOLING_SYSTEM,0.4,0.6,True,2.4802389495617803,True,0.6386113189664305,False,0.10038546,False
COOLING_SEV040,COOLING_SEV040_W0009,9.0,13.99,COOLING,COOLING_SYSTEM,0.4,0.6,True,2.446896922915235,True,0.6310049694376185,False,0.20074403,True
COOLING_SEV040,COOLING_SEV040_W0010,10.0,14.99,COOLING,COOLING_SYSTEM,0.4,0.6,True,2.1426852412910784,True,0.6427464855347275,False,0.26203284,True
COOLING_SEV040,COOLING_SEV040_W0011,11.0,15.99,COOLING,COOLING_SYSTEM,0.4,0.6,True,1.5801339723883012,False,0.6632127081649402,True,0.2242051,True
COOLING_SEV040,COOLING_SEV040_W0012,12.0,16.990000000000002,COOLING,COOLING_SYSTEM,0.4,0.6,True,0.9806933555450783,False,0.6475416041164259,False,0.1389667,False
COOLING_SEV040,COOLING_SEV040_W0013,13.0,17.990000000000002,COOLING,COOLING_SYSTEM,0.4,0.6,True,0.6647174203399387,False,0.5632269956765742,False,0.09309282,False
COOLING_SEV040,COOLING_SEV040_W0014,14.0,18.99,COOLING,COOLING_SYSTEM,0.4,0.6,True,0.649839072373205,False,0.4587439032663477,False,0.08792346,False
COOLING_SEV040,COOLING_SEV040_W0015,15.0,19.99,COOLING,COOLING_SYSTEM,0.4,0.6,True,0.6263654555825972,False,0.4041616624133936,False,0.07568527,False
COOLING_SEV040,COOLING_SEV040_W0016,16.0,20.99,COOLING,COOLING_SYSTEM,0.4,0.6,True,0.607651983390141,False,0.3868564748654181,False,0.06771364,False
COOLING_SEV040,COOLING_SEV040_W0017,17.0,21.99,COOLING,COOLING_SYSTEM,0.4,0.6,True,0.5942659952843761,False,0.381557089518981,False,0.06402868,False
COOLING_SEV040,COOLING_SEV040_W0018,18.0,22.99,COOLING,COOLING_SYSTEM,0.4,0.6,True,0.5853045593756847,False,0.3842583047205249,False,0.06312475,False
COOLING_SEV040,COOLING_SEV040_W0019,19.0,23.99,COOLING,COOLING_SYSTEM,0.4,0.6,True,0.5798598711076889,False,0.3832036389757273,False,0.06416072,False
COOLING_SEV040,COOLING_SEV040_W0020,20.0,24.99,COOLING,COOLING_SYSTEM,0.4,0.6,True,0.577137342075548,False,0.3832036389757273,False,0.066586815,False
COOLING_SEV040,COOLING_SEV040_W0021,21.0,25.99,COOLING,COOLING_SYSTEM,0.4,0.6,True,0.5396810738824357,False,0.42724424399093575,False,0.062409423,False
COOLING_SEV040,COOLING_SEV040_W0022,22.0,26.99,COOLING,COOLING_SYSTEM,0.4,0.6,True,0.5277668418035989,False,0.4465327670578642,False,0.086908214,False
COOLING_SEV040,COOLING_SEV040_W0023,23.0,27.99,COOLING,COOLING_SYSTEM,0.4,0.6,True,0.5392728155856723,False,0.4479217123944415,False,0.110675864,False
COOLING_SEV040,COOLING_SEV040_W0024,24.0,28.99,COOLING,COOLING_SYSTEM,0.4,0.6,True,0.5353580925762169,False,0.4440420923705487,False,0.11095729,False
COOLING_SEV040,COOLING_SEV040_W0025,25.0,29.99,COOLING,COOLING_SYSTEM,0.4,0.6,True,0.5127828188049997,False,0.44831346576546166,False,0.086096056,False
COOLING_SEV040,COOLING_SEV040_W0026,26.0,30.99,COOLING,COOLING_SYSTEM,0.4,0.6,True,0.49098333499710994,False,0.43971357035417913,False,0.04865195,False
COOLING_SEV040,COOLING_SEV040_W0027,27.0,31.99,COOLING,COOLING_SYSTEM,0.4,0.6,True,0.49560256223381294,False,0.4024794271313695,False,0.0366451,False
COOLING_SEV040,COOLING_SEV040_W0028,28.0,32.99,COOLING,COOLING_SYSTEM,0.4,0.6,True,0.4946912505182402,False,0.37238661342586626,False,0.034207195,False
COOLING_SEV040,COOLING_SEV040_W0029,29.0,33.99,COOLING,COOLING_SYSTEM,0.4,0.6,True,0.49590548407875984,False,0.35955810033619867,False,0.034208316,False
COOLING_SEV040,COOLING_SEV040_W0030,30.0,34.99,COOLING,COOLING_SYSTEM,0.4,0.6,True,0.49720261300478263,False,0.3533858734095694,False,0.03442885,False
COOLING_SEV040,COOLING_SEV040_W0031,31.0,35.99,COOLING,COOLING_SYSTEM,0.4,0.6,True,0.49840821623015197,False,0.35145034731910174,False,0.03466412,False
COOLING_SEV040,COOLING_SEV040_W0032,32.0,36.99,COOLING,COOLING_SYSTEM,0.4,0.6,True,0.4995093433005026,False,0.35145034731910174,False,0.034889843,False
COOLING_SEV040,COOLING_SEV040_W0033,33.0,37.99,COOLING,COOLING_SYSTEM,0.4,0.6,True,0.5005114705180189,False,0.34990129271774206,False,0.03510249,False
COOLING_SEV040,COOLING_SEV040_W0034,34.0,38.99,COOLING,COOLING_SYSTEM,0.4,0.6,True,0.5014219783845028,False,0.3494700636366067,False,0.03530132,False
COOLING_SEV040,COOLING_SEV040_W0035,35.0,39.99,COOLING,COOLING_SYSTEM,0.4,0.6,True,0.5022481892600811,False,0.3494700636366067,False,0.035486225,False
COOLING_SEV040,COOLING_SEV040_W0036,36.0,40.99,COOLING,COOLING_SYSTEM,0.4,0.6,True,0.5029970898361121,False,0.35066979776759966,False,0.035657413,False
COOLING_SEV040,COOLING_SEV040_W0037,37.0,41.99,COOLING,COOLING_SYSTEM,0.4,0.6,True,0.5036752673968771,False,0.35186362298017987,False,0.03581532,False
COOLING_SEV040,COOLING_SEV040_W0038,38.0,42.99,COOLING,COOLING_SYSTEM,0.4,0.6,True,0.5042888869253376,False,0.3521324632641562,False,0.035960507,False
COOLING_SEV040,COOLING_SEV040_W0039,39.0,43.99,COOLING,COOLING_SYSTEM,0.4,0.6,True,0.5048436849586768,False,0.3521324632641562,False,0.036093637,False
COOLING_SEV040,COOLING_SEV040_W0040,40.0,44.99,COOLING,COOLING_SYSTEM,0.4,0.6,True,0.5053449741045094,False,0.3521324632641562,False,0.03621542,False
COOLING_SEV040,COOLING_SEV040_W0041,41.0,45.99,COOLING,COOLING_SYSTEM,0.4,0.6,True,0.5057976549232354,False,0.35204221244934486,False,0.03632659,False
COOLING_SEV040,COOLING_SEV040_W0042,42.0,46.99,COOLING,COOLING_SYSTEM,0.4,0.6,True,0.5062062328183929,False,0.35204221244934486,False,0.036427908,False
COOLING_SEV040,COOLING_SEV040_W0043,43.0,47.99,COOLING,COOLING_SYSTEM,0.4,0.6,True,0.5065748381660558,False,0.3527893532955156,False,0.036520094,False
COOLING_SEV040,COOLING_SEV040_W0044,44.0,48.99,COOLING,COOLING_SYSTEM,0.4,0.6,True,0.5069072483556162,False,0.3533590713811454,False,0.036601294,False
COOLING_SEV040,COOLING_SEV040_W0045,45.0,49.99,COOLING,COOLING_SYSTEM,0.4,0.6,True,0.5072069107541403,False,0.3533590713811454,False,0.036674973,False
COOLING_SEV040,COOLING_SEV040_W0046,46.0,50.99,COOLING,COOLING_SYSTEM,0.4,0.6,True,0.48978355131966883,False,0.4504700586811358,False,0.042674534,False
COOLING_SEV040,COOLING_SEV040_W0047,47.0,51.99,COOLING,COOLING_SYSTEM,0.4,0.6,True,0.480305548341974,False,0.48631786670377647,False,0.06855867,False
COOLING_SEV040,COOLING_SEV040_W0048,48.0,52.99,COOLING,COOLING_SYSTEM,0.4,0.6,True,0.5079054609999614,False,0.4855583697537438,False,0.11006224,False
COOLING_SEV040,COOLING_SEV040_W0049,49.0,53.99,COOLING,COOLING_SYSTEM,0.4,0.6,True,0.5179601285712329,False,0.48967675658366266,False,0.13325635,False
COOLING_SEV040,COOLING_SEV040_W0050,50.0,54.99,COOLING,COOLING_SYSTEM,0.4,0.6,True,0.49138768045487347,False,0.507412326729267,False,0.1242411,False
COOLING_SEV040,COOLING_SEV040_W0051,51.0,55.99,COOLING,COOLING_SYSTEM,0.4,0.6,True,0.42665022603135244,False,0.5228150962989908,False,0.0802477,False
COOLING_SEV040,COOLING_SEV040_W0052,52.0,56.99,COOLING,COOLING_SYSTEM,0.4,0.6,True,0.45814792692750267,False,0.5118492489189835,False,0.10601522,False
COOLING_SEV040,COOLING_SEV040_W0053,53.0,57.99,COOLING,COOLING_SYSTEM,0.4,0.6,True,0.4561695700545618,False,0.47447794812272887,False,0.1059096,False
COOLING_SEV040,COOLING_SEV040_W0054,54.0,58.99,COOLING,COOLING_SYSTEM,0.4,0.6,True,0.45056445677890017,False,0.45399439576481093,False,0.103213236,False
COOLING_SEV040,COOLING_SEV040_W0055,55.0,59.99,COOLING,COOLING_SYSTEM,0.4,0.6,True,0.4456458057833112,False,0.4503759732254197,False,0.10099214,False
COOLING_SEV060,COOLING_SEV060_W0000,0.0,4.99,COOLING,COOLING_SYSTEM,0.6,0.4,True,1.84770707594354,False,0.6518479001576695,False,0.07429461,False
COOLING_SEV060,COOLING_SEV060_W0001,1.0,5.99,COOLING,COOLING_SYSTEM,0.6,0.4,True,1.8514401582420064,False,0.6064097519802617,False,0.007941126,False
COOLING_SEV060,COOLING_SEV060_W0002,2.0,6.99,COOLING,COOLING_SYSTEM,0.6,0.4,True,1.8508606712593432,False,0.5650665913166223,False,0.007639112,False
COOLING_SEV060,COOLING_SEV060_W0003,3.0,7.99,COOLING,COOLING_SYSTEM,0.6,0.4,True,1.8500961081601617,False,0.5454963059913944,False,0.0075480305,False
COOLING_SEV060,COOLING_SEV060_W0004,4.0,8.99,COOLING,COOLING_SYSTEM,0.6,0.4,True,1.849843925683963,False,0.5490285297723884,False,0.0075639924,False
COOLING_SEV060,COOLING_SEV060_W0005,5.0,9.99,COOLING,COOLING_SYSTEM,0.6,0.4,True,1.8500186592975987,False,0.5583331871085754,False,0.007692139,False
COOLING_SEV060,COOLING_SEV060_W0006,6.0,10.99,COOLING,COOLING_SYSTEM,0.6,0.4,True,1.5315752121502704,False,0.6905135525799703,True,0.18561478,False
COOLING_SEV060,COOLING_SEV060_W0007,7.0,11.99,COOLING,COOLING_SYSTEM,0.6,0.4,True,2.232026642682653,True,0.6562930479309036,False,0.2074969,True
COOLING_SEV060,COOLING_SEV060_W0008,8.0,12.99,COOLING,COOLING_SYSTEM,0.6,0.4,True,2.507081070182173,True,0.6396426097769509,False,0.15786013,False
COOLING_SEV060,COOLING_SEV060_W0009,9.0,13.99,COOLING,COOLING_SYSTEM,0.6,0.4,True,2.489284558474311,True,0.6315142675785594,False,0.29529864,True
COOLING_SEV060,COOLING_SEV060_W0010,10.0,14.99,COOLING,COOLING_SYSTEM,0.6,0.4,True,2.1937362255503827,True,0.6427464855347275,False,0.35608947,True
COOLING_SEV060,COOLING_SEV060_W0011,11.0,15.99,COOLING,COOLING_SYSTEM,0.6,0.4,True,1.6321575893970168,False,0.6642837276583902,True,0.28305653,True
COOLING_SEV060,COOLING_SEV060_W0012,12.0,16.990000000000002,COOLING,COOLING_SYSTEM,0.6,0.4,True,1.03943585039598,False,0.6491108056520746,False,0.18184854,False
COOLING_SEV060,COOLING_SEV060_W0013,13.0,17.990000000000002,COOLING,COOLING_SYSTEM,0.6,0.4,True,0.7487642666622376,False,0.5564450894434055,False,0.15235472,False
COOLING_SEV060,COOLING_SEV060_W0014,14.0,18.99,COOLING,COOLING_SYSTEM,0.6,0.4,True,0.73450186540075,False,0.45659150783702374,False,0.14846238,False
COOLING_SEV060,COOLING_SEV060_W0015,15.0,19.99,COOLING,COOLING_SYSTEM,0.6,0.4,True,0.7116119212857203,False,0.4047658947239988,False,0.1368391,False
COOLING_SEV060,COOLING_SEV060_W0016,16.0,20.99,COOLING,COOLING_SYSTEM,0.6,0.4,True,0.6934294590473211,False,0.3888507772923592,False,0.12969351,False
COOLING_SEV060,COOLING_SEV060_W0017,17.0,21.99,COOLING,COOLING_SYSTEM,0.6,0.4,True,0.6806043962864954,False,0.38615933929864454,False,0.12685408,False
COOLING_SEV060,COOLING_SEV060_W0018,18.0,22.99,COOLING,COOLING_SYSTEM,0.6,0.4,True,0.6722208907594283,False,0.3842583047205249,False,0.12688053,False
COOLING_SEV060,COOLING_SEV060_W0019,19.0,23.99,COOLING,COOLING_SYSTEM,0.6,0.4,True,0.6673418301281507,False,0.3832036389757273,False,0.12904592,False
COOLING_SEV060,COOLING_SEV060_W0020,20.0,24.99,COOLING,COOLING_SYSTEM,0.6,0.4,True,0.6651534166514538,False,0.3832036389757273,False,0.1327253,False
COOLING_SEV060,COOLING_SEV060_W0021,21.0,25.99,COOLING,COOLING_SYSTEM,0.6,0.4,True,0.631946748983859,False,0.42724424399093575,False,0.13021082,False
COOLING_SEV060,COOLING_SEV060_W0022,22.0,26.99,COOLING,COOLING_SYSTEM,0.6,0.4,True,0.6191724715721704,False,0.4465327670578642,False,0.15527269,False
COOLING_SEV060,COOLING_SEV060_W0023,23.0,27.99,COOLING,COOLING_SYSTEM,0.6,0.4,True,0.6268858087145521,False,0.4510465649223452,False,0.17900884,False
COOLING_SEV060,COOLING_SEV060_W0024,24.0,28.99,COOLING,COOLING_SYSTEM,0.6,0.4,True,0.6218774810067501,False,0.4476613493113338,False,0.17895734,False
COOLING_SEV060,COOLING_SEV060_W0025,25.0,29.99,COOLING,COOLING_SYSTEM,0.6,0.4,True,0.6004574923732237,False,0.4483671247112506,False,0.15264869,False
COOLING_SEV060,COOLING_SEV060_W0026,26.0,30.99,COOLING,COOLING_SYSTEM,0.6,0.4,True,0.5763501599269518,False,0.43971357035417913,False,0.1096465,False
COOLING_SEV060,COOLING_SEV060_W0027,27.0,31.99,COOLING,COOLING_SYSTEM,0.6,0.4,True,0.573697946935449,False,0.4027560710759396,False,0.09053436,False
COOLING_SEV060,COOLING_SEV060_W0028,28.0,32.99,COOLING,COOLING_SYSTEM,0.6,0.4,True,0.5703743253829902,False,0.37238661342586626,False,0.08533206,False
COOLING_SEV060,COOLING_SEV060_W0029,29.0,33.99,COOLING,COOLING_SYSTEM,0.6,0.4,True,0.5712923939983553,False,0.35955810033619867,False,0.08506052,False
COOLING_SEV060,COOLING_SEV060_W0030,30.0,34.99,COOLING,COOLING_SYSTEM,0.6,0.4,True,0.5726522589760681,False,0.3533858734095694,False,0.08541894,False
COOLING_SEV060,COOLING_SEV060_W0031,31.0,35.99,COOLING,COOLING_SYSTEM,0.6,0.4,True,0.5739702346743107,False,0.35145034731910174,False,0.08584475,False
COOLING_SEV060,COOLING_SEV060_W0032,32.0,36.99,COOLING,COOLING_SYSTEM,0.6,0.4,True,0.5751825759244837,False,0.35145034731910174,False,0.086256795,False
COOLING_SEV060,COOLING_SEV060_W0033,33.0,37.99,COOLING,COOLING_SYSTEM,0.6,0.4,True,0.5762872667001961,False,0.3503695784271567,False,0.08664096,False
COOLING_SEV060,COOLING_SEV060_W0034,34.0,38.99,COOLING,COOLING_SYSTEM,0.6,0.4,True,0.5772911755977655,False,0.34990129271774206,False,0.086996175,False
COOLING_SEV060,COOLING_SEV060_W0035,35.0,39.99,COOLING,COOLING_SYSTEM,0.6,0.4,True,0.5782021801230746,False,0.3494700636366067,False,0.08732331,False
COOLING_SEV060,COOLING_SEV060_W0036,36.0,40.99,COOLING,COOLING_SYSTEM,0.6,0.4,True,0.579027953125961,False,0.3494700636366067,False,0.08762364,False
COOLING_SEV060,COOLING_SEV060_W0037,37.0,41.99,COOLING,COOLING_SYSTEM,0.6,0.4,True,0.5797757520858321,False,0.35034998027737985,False,0.08789868,False
COOLING_SEV060,COOLING_SEV060_W0038,38.0,42.99,COOLING,COOLING_SYSTEM,0.6,0.4,True,0.5804523726078298,False,0.35186362298017987,False,0.08815001,False
COOLING_SEV060,COOLING_SEV060_W0039,39.0,43.99,COOLING,COOLING_SYSTEM,0.6,0.4,True,0.5810641385315264,False,0.3521324632641562,False,0.08837923,False
COOLING_SEV060,COOLING_SEV060_W0040,40.0,44.99,COOLING,COOLING_SYSTEM,0.6,0.4,True,0.5816169064881748,False,0.3521324632641562,False,0.088587925,False
COOLING_SEV060,COOLING_SEV060_W0041,41.0,45.99,COOLING,COOLING_SYSTEM,0.6,0.4,True,0.5821160789558062,False,0.3521324632641562,False,0.08877767,False
COOLING_SEV060,COOLING_SEV060_W0042,42.0,46.99,COOLING,COOLING_SYSTEM,0.6,0.4,True,0.5825666228757237,False,0.35204221244934486,False,0.08894997,False
COOLING_SEV060,COOLING_SEV060_W0043,43.0,47.99,COOLING,COOLING_SYSTEM,0.6,0.4,True,0.5829730918369335,False,0.35204221244934486,False,0.08910624,False
COOLING_SEV060,COOLING_SEV060_W0044,44.0,48.99,COOLING,COOLING_SYSTEM,0.6,0.4,True,0.5833396503628154,False,0.3527893532955156,False,0.08924783,False
COOLING_SEV060,COOLING_SEV060_W0045,45.0,49.99,COOLING,COOLING_SYSTEM,0.6,0.4,True,0.5836700992135113,False,0.3533590713811454,False,0.08937601,False
COOLING_SEV060,COOLING_SEV060_W0046,46.0,50.99,COOLING,COOLING_SYSTEM,0.6,0.4,True,0.566283969766402,False,0.4493810638566913,False,0.09457252,False
COOLING_SEV060,COOLING_SEV060_W0047,47.0,51.99,COOLING,COOLING_SYSTEM,0.6,0.4,True,0.5539823404375724,False,0.48710321944029733,False,0.119461074,False
COOLING_SEV060,COOLING_SEV060_W0048,48.0,52.99,COOLING,COOLING_SYSTEM,0.6,0.4,True,0.5767186858816135,False,0.4855583697537438,False,0.1618625,False
COOLING_SEV060,COOLING_SEV060_W0049,49.0,53.99,COOLING,COOLING_SYSTEM,0.6,0.4,True,0.5841241360329736,False,0.48967675658366266,False,0.1847366,False
COOLING_SEV060,COOLING_SEV060_W0050,50.0,54.99,COOLING,COOLING_SYSTEM,0.6,0.4,True,0.556044221476514,False,0.5088781859467683,False,0.17145754,False
COOLING_SEV060,COOLING_SEV060_W0051,51.0,55.99,COOLING,COOLING_SYSTEM,0.6,0.4,True,0.48469470199870746,False,0.5240846954180514,False,0.11366538,False
COOLING_SEV060,COOLING_SEV060_W0052,52.0,56.99,COOLING,COOLING_SYSTEM,0.6,0.4,True,0.49700892520023565,False,0.5108384573643053,False,0.12469296,False
COOLING_SEV060,COOLING_SEV060_W0053,53.0,57.99,COOLING,COOLING_SYSTEM,0.6,0.4,True,0.4888489761621425,False,0.46918467975728695,False,0.118903846,False
COOLING_SEV060,COOLING_SEV060_W0054,54.0,58.99,COOLING,COOLING_SYSTEM,0.6,0.4,True,0.48139572966379734,False,0.45188181044905146,False,0.114388965,False
COOLING_SEV060,COOLING_SEV060_W0055,55.0,59.99,COOLING,COOLING_SYSTEM,0.6,0.4,True,0.47521336202374004,False,0.44727883037745586,False,0.110943384,False
COOLING_SEV080,COOLING_SEV080_W0000,0.0,4.99,COOLING,COOLING_SYSTEM,0.8,0.1999999999999999,True,1.8446922626454625,False,0.6523740210914275,False,0.07838446,False
COOLING_SEV080,COOLING_SEV080_W0001,1.0,5.99,COOLING,COOLING_SYSTEM,0.8,0.1999999999999999,True,1.847487709497215,False,0.6068991987743293,False,0.010833859,False
COOLING_SEV080,COOLING_SEV080_W0002,2.0,6.99,COOLING,COOLING_SYSTEM,0.8,0.1999999999999999,True,1.8464001298330857,False,0.5650665913166223,False,0.009985536,False
COOLING_SEV080,COOLING_SEV080_W0003,3.0,7.99,COOLING,COOLING_SYSTEM,0.8,0.1999999999999999,True,1.8453930430397183,False,0.5454963059913944,False,0.009831097,False
COOLING_SEV080,COOLING_SEV080_W0004,4.0,8.99,COOLING,COOLING_SYSTEM,0.8,0.1999999999999999,True,1.845023234251185,False,0.5490285297723884,False,0.009895524,False
COOLING_SEV080,COOLING_SEV080_W0005,5.0,9.99,COOLING,COOLING_SYSTEM,0.8,0.1999999999999999,True,1.8451390190883212,False,0.560522953558111,False,0.010074631,False
COOLING_SEV080,COOLING_SEV080_W0006,6.0,10.99,COOLING,COOLING_SYSTEM,0.8,0.1999999999999999,True,1.5265274960466297,False,0.6905135525799703,True,0.18677649,False
COOLING_SEV080,COOLING_SEV080_W0007,7.0,11.99,COOLING,COOLING_SYSTEM,0.8,0.1999999999999999,True,2.241521390750591,True,0.6589458703366605,True,0.2269812,True
COOLING_SEV080,COOLING_SEV080_W0008,8.0,12.99,COOLING,COOLING_SYSTEM,0.8,0.1999999999999999,True,2.546669003492665,True,0.6406755660147888,False,0.26246163,True
COOLING_SEV080,COOLING_SEV080_W0009,9.0,13.99,COOLING,COOLING_SYSTEM,0.8,0.1999999999999999,True,2.553869934684114,True,0.6345787004288204,False,0.471285,True
COOLING_SEV080,COOLING_SEV080_W0010,10.0,14.99,COOLING,COOLING_SYSTEM,0.8,0.1999999999999999,True,2.273882424715144,True,0.6432652605143776,False,0.5442268,True
COOLING_SEV080,COOLING_SEV080_W0011,11.0,15.99,COOLING,COOLING_SYSTEM,0.8,0.1999999999999999,True,1.7173800159677928,False,0.6642837276583902,True,0.42081705,True
COOLING_SEV080,COOLING_SEV080_W0012,12.0,16.990000000000002,COOLING,COOLING_SYSTEM,0.8,0.1999999999999999,True,1.1353216664785082,False,0.6458019475022041,False,0.28378516,True
COOLING_SEV080,COOLING_SEV080_W0013,13.0,17.990000000000002,COOLING,COOLING_SYSTEM,0.8,0.1999999999999999,True,0.8765286554171807,False,0.5573436903454863,False,0.2748021,True
COOLING_SEV080,COOLING_SEV080_W0014,14.0,18.99,COOLING,COOLING_SYSTEM,0.8,0.1999999999999999,True,0.8646465196934864,False,0.4564277585845898,False,0.27471045,True
COOLING_SEV080,COOLING_SEV080_W0015,15.0,19.99,COOLING,COOLING_SYSTEM,0.8,0.1999999999999999,True,0.8432644400561214,False,0.40882886632276333,False,0.2646175,True
COOLING_SEV080,COOLING_SEV080_W0016,16.0,20.99,COOLING,COOLING_SYSTEM,0.8,0.1999999999999999,True,0.8260230970451996,False,0.3920819956953771,False,0.25900114,True
COOLING_SEV080,COOLING_SEV080_W0017,17.0,21.99,COOLING,COOLING_SYSTEM,0.8,0.1999999999999999,True,0.8139821082546448,False,0.38797971392811265,False,0.25761667,True
COOLING_SEV080,COOLING_SEV080_W0018,18.0,22.99,COOLING,COOLING_SYSTEM,0.8,0.1999999999999999,True,0.8063225501200331,False,0.38553673759586843,False,0.25909373,True
COOLING_SEV080,COOLING_SEV080_W0019,19.0,23.99,COOLING,COOLING_SYSTEM,0.8,0.1999999999999999,True,0.8021114665534462,False,0.38346703372118174,False,0.2629787,True
COOLING_SEV080,COOLING_SEV080_W0020,20.0,24.99,COOLING,COOLING_SYSTEM,0.8,0.1999999999999999,True,0.8005293312345225,False,0.3832036389757273,False,0.26855165,True
COOLING_SEV080,COOLING_SEV080_W0021,21.0,25.99,COOLING,COOLING_SYSTEM,0.8,0.1999999999999999,True,0.7720645954541623,False,0.43270388254001124,False,0.2683716,True
COOLING_SEV080,COOLING_SEV080_W0022,22.0,26.99,COOLING,COOLING_SYSTEM,0.8,0.1999999999999999,True,0.7584059891722856,False,0.44964792983591634,False,0.29351363,True
COOLING_SEV080,COOLING_SEV080_W0023,23.0,27.99,COOLING,COOLING_SYSTEM,0.8,0.1999999999999999,True,0.761842287998829,False,0.45698343391554735,False,0.3167064,True
COOLING_SEV080,COOLING_SEV080_W0024,24.0,28.99,COOLING,COOLING_SYSTEM,0.8,0.1999999999999999,True,0.7554793996372325,False,0.44657914443864777,False,0.31592682,True
COOLING_SEV080,COOLING_SEV080_W0025,25.0,29.99,COOLING,COOLING_SYSTEM,0.8,0.1999999999999999,True,0.7352056063477839,False,0.45145353738219823,False,0.28719646,True
COOLING_SEV080,COOLING_SEV080_W0026,26.0,30.99,COOLING,COOLING_SYSTEM,0.8,0.1999999999999999,True,0.708679245478323,False,0.4400684729536427,False,0.23579255,True
COOLING_SEV080,COOLING_SEV080_W0027,27.0,31.99,COOLING,COOLING_SYSTEM,0.8,0.1999999999999999,True,0.6976983532891319,False,0.4027560710759396,False,0.20501508,True
COOLING_SEV080,COOLING_SEV080_W0028,28.0,32.99,COOLING,COOLING_SYSTEM,0.8,0.1999999999999999,True,0.690904497865199,False,0.37238661342586626,False,0.1943585,True
COOLING_SEV080,COOLING_SEV080_W0029,29.0,33.99,COOLING,COOLING_SYSTEM,0.8,0.1999999999999999,True,0.6910813688269203,False,0.35955810033619867,False,0.19321454,True
COOLING_SEV080,COOLING_SEV080_W0030,30.0,34.99,COOLING,COOLING_SYSTEM,0.8,0.1999999999999999,True,0.6923789161152916,False,0.3533858734095694,False,0.19369183,True
COOLING_SEV080,COOLING_SEV080_W0031,31.0,35.99,COOLING,COOLING_SYSTEM,0.8,0.1999999999999999,True,0.6937804370823002,False,0.35145034731910174,False,0.19442372,True
COOLING_SEV080,COOLING_SEV080_W0032,32.0,36.99,COOLING,COOLING_SYSTEM,0.8,0.1999999999999999,True,0.6950994474029498,False,0.35145034731910174,False,0.19515236,True
COOLING_SEV080,COOLING_SEV080_W0033,33.0,37.99,COOLING,COOLING_SYSTEM,0.8,0.1999999999999999,True,0.6963076759390062,False,0.3503695784271567,False,0.19583096,True
COOLING_SEV080,COOLING_SEV080_W0034,34.0,38.99,COOLING,COOLING_SYSTEM,0.8,0.1999999999999999,True,0.6974070679920774,False,0.3503695784271567,False,0.19645357,True
COOLING_SEV080,COOLING_SEV080_W0035,35.0,39.99,COOLING,COOLING_SYSTEM,0.8,0.1999999999999999,True,0.6984050763660211,False,0.34990129271774206,False,0.19702221,True
COOLING_SEV080,COOLING_SEV080_W0036,36.0,40.99,COOLING,COOLING_SYSTEM,0.8,0.1999999999999999,True,0.6993098481702682,False,0.34990129271774206,False,0.19754039,True
COOLING_SEV080,COOLING_SEV080_W0037,37.0,41.99,COOLING,COOLING_SYSTEM,0.8,0.1999999999999999,True,0.7001292658963675,False,0.3494700636366067,False,0.1980117,True
COOLING_SEV080,COOLING_SEV080_W0038,38.0,42.99,COOLING,COOLING_SYSTEM,0.8,0.1999999999999999,True,0.700870747451688,False,0.35034998027737985,False,0.19843987,True
COOLING_SEV080,COOLING_SEV080_W0039,39.0,43.99,COOLING,COOLING_SYSTEM,0.8,0.1999999999999999,True,0.7015412049043789,False,0.35186362298017987,False,0.1988304,True
COOLING_SEV080,COOLING_SEV080_W0040,40.0,44.99,COOLING,COOLING_SYSTEM,0.8,0.1999999999999999,True,0.7021470429711432,False,0.35186362298017987,False,0.1991897,True
COOLING_SEV080,COOLING_SEV080_W0041,41.0,45.99,COOLING,COOLING_SYSTEM,0.8,0.1999999999999999,True,0.7026941716266821,False,0.3521324632641562,False,0.19951515,True
COOLING_SEV080,COOLING_SEV080_W0042,42.0,46.99,COOLING,COOLING_SYSTEM,0.8,0.1999999999999999,True,0.7031880258120875,False,0.3521324632641562,False,0.19980964,True
COOLING_SEV080,COOLING_SEV080_W0043,43.0,47.99,COOLING,COOLING_SYSTEM,0.8,0.1999999999999999,True,0.7036335893031701,False,0.35204221244934486,False,0.20007592,True
COOLING_SEV080,COOLING_SEV080_W0044,44.0,48.99,COOLING,COOLING_SYSTEM,0.8,0.1999999999999999,True,0.7040354209795842,False,0.35204221244934486,False,0.2003166,True
COOLING_SEV080,COOLING_SEV080_W0045,45.0,49.99,COOLING,COOLING_SYSTEM,0.8,0.1999999999999999,True,0.7043976822686216,False,0.3527893532955156,False,0.20053393,True
COOLING_SEV080,COOLING_SEV080_W0046,46.0,50.99,COOLING,COOLING_SYSTEM,0.8,0.1999999999999999,True,0.6873329753536417,False,0.4493810638566913,False,0.20443639,True
COOLING_SEV080,COOLING_SEV080_W0047,47.0,51.99,COOLING,COOLING_SYSTEM,0.8,0.1999999999999999,True,0.6717775580321839,False,0.48710321944029733,False,0.226953,True
COOLING_SEV080,COOLING_SEV080_W0048,48.0,52.99,COOLING,COOLING_SYSTEM,0.8,0.1999999999999999,True,0.688211618643847,False,0.4855583697537438,False,0.2694067,True
COOLING_SEV080,COOLING_SEV080_W0049,49.0,53.99,COOLING,COOLING_SYSTEM,0.8,0.1999999999999999,True,0.6923000789265242,False,0.4911011306237424,False,0.2912502,True
COOLING_SEV080,COOLING_SEV080_W0050,50.0,54.99,COOLING,COOLING_SYSTEM,0.8,0.1999999999999999,True,0.6628583683373042,False,0.5088781859467683,False,0.27148074,True
COOLING_SEV080,COOLING_SEV080_W0051,51.0,55.99,COOLING,COOLING_SYSTEM,0.8,0.1999999999999999,True,0.5854021680567112,False,0.5265031962859853,False,0.19276081,True
COOLING_SEV080,COOLING_SEV080_W0052,52.0,56.99,COOLING,COOLING_SYSTEM,0.8,0.1999999999999999,True,0.5735914071232009,False,0.5125828676763068,False,0.1796215,False
COOLING_SEV080,COOLING_SEV080_W0053,53.0,57.99,COOLING,COOLING_SYSTEM,0.8,0.1999999999999999,True,0.556156808031161,False,0.46918467975728695,False,0.1631323,False
COOLING_SEV080,COOLING_SEV080_W0054,54.0,58.99,COOLING,COOLING_SYSTEM,0.8,0.1999999999999999,True,0.5459700137055776,False,0.45074689294638165,False,0.15514599,False
COOLING_SEV080,COOLING_SEV080_W0055,55.0,59.99,COOLING,COOLING_SYSTEM,0.8,0.1999999999999999,True,0.5382735422601996,False,0.4488458776512435,False,0.14968193,False
CYL1_SEV040,CYL1_SEV040_W0000,0.0,4.99,CYLINDER,CYLINDER_1,0.4,0.6,True,1.875796228798697,False,0.6563097037008941,False,0.06922702,False
CYL1_SEV040,CYL1_SEV040_W0001,1.0,5.99,CYLINDER,CYLINDER_1,0.4,0.6,True,1.8834334090129574,False,0.6211988753596513,False,0.006749348,False
CYL1_SEV040,CYL1_SEV040_W0002,2.0,6.99,CYLINDER,CYLINDER_1,0.4,0.6,True,1.8837718346448142,False,0.6069182517793321,False,0.006797061,False
CYL1_SEV040,CYL1_SEV040_W0003,3.0,7.99,CYLINDER,CYLINDER_1,0.4,0.6,True,1.8834370362553008,False,0.6002452487431627,False,0.0067735175,False
CYL1_SEV040,CYL1_SEV040_W0004,4.0,8.99,CYLINDER,CYLINDER_1,0.4,0.6,True,1.8833769069884643,False,0.5996910014407222,False,0.0066929897,False
CYL1_SEV040,CYL1_SEV040_W0005,5.0,9.99,CYLINDER,CYLINDER_1,0.4,0.6,True,1.883553930986176,False,0.599207367851027,False,0.006729453,False
CYL1_SEV040,CYL1_SEV040_W0006,6.0,10.99,CYLINDER,CYLINDER_1,0.4,0.6,True,1.5618211310220558,False,0.6807192372110332,True,0.17602095,False
CYL1_SEV040,CYL1_SEV040_W0007,7.0,11.99,CYLINDER,CYLINDER_1,0.4,0.6,True,2.2515183997224204,True,0.6557637664144222,False,0.27736488,True
CYL1_SEV040,CYL1_SEV040_W0008,8.0,12.99,CYLINDER,CYLINDER_1,0.4,0.6,True,2.473951851666256,True,0.6396426097769509,False,0.1022077,False
CYL1_SEV040,CYL1_SEV040_W0009,9.0,13.99,CYLINDER,CYLINDER_1,0.4,0.6,True,2.43286841969411,True,0.6417869971016597,False,0.17977497,False
CYL1_SEV040,CYL1_SEV040_W0010,10.0,14.99,CYLINDER,CYLINDER_1,0.4,0.6,True,2.1240082515235907,True,0.6401588795494637,False,0.25674045,True
CYL1_SEV040,CYL1_SEV040_W0011,11.0,15.99,CYLINDER,CYLINDER_1,0.4,0.6,True,1.5700400262794774,False,0.6664309581934058,True,0.26656398,True
CYL1_SEV040,CYL1_SEV040_W0012,12.0,16.990000000000002,CYLINDER,CYLINDER_1,0.4,0.6,True,1.0360525906218183,False,0.64385318364239,False,0.23205122,True
CYL1_SEV040,CYL1_SEV040_W0013,13.0,17.990000000000002,CYLINDER,CYLINDER_1,0.4,0.6,True,0.605032209732369,False,0.5692980015619948,False,0.096212834,False
CYL1_SEV040,CYL1_SEV040_W0014,14.0,18.99,CYLINDER,CYLINDER_1,0.4,0.6,True,0.5674954604708975,False,0.5612396812851584,False,0.08335036,False
CYL1_SEV040,CYL1_SEV040_W0015,15.0,19.99,CYLINDER,CYLINDER_1,0.4,0.6,True,0.5429328629831992,False,0.5489199303645277,False,0.07462889,False
CYL1_SEV040,CYL1_SEV040_W0016,16.0,20.99,CYLINDER,CYLINDER_1,0.4,0.6,True,0.5241364549381767,False,0.5466901500690492,False,0.06977485,False
CYL1_SEV040,CYL1_SEV040_W0017,17.0,21.99,CYLINDER,CYLINDER_1,0.4,0.6,True,0.5104306628829625,False,0.5466901500690492,False,0.06826579,False
CYL1_SEV040,CYL1_SEV040_W0018,18.0,22.99,CYLINDER,CYLINDER_1,0.4,0.6,True,0.5009282203710868,False,0.5440131914851831,False,0.069113754,False
CYL1_SEV040,CYL1_SEV040_W0019,19.0,23.99,CYLINDER,CYLINDER_1,0.4,0.6,True,0.494798088067487,False,0.5440131914851831,False,0.07160459,False
CYL1_SEV040,CYL1_SEV040_W0020,20.0,24.99,CYLINDER,CYLINDER_1,0.4,0.6,True,0.49131088144374124,False,0.5433945125377289,False,0.07539373,False
CYL1_SEV040,CYL1_SEV040_W0021,21.0,25.99,CYLINDER,CYLINDER_1,0.4,0.6,True,0.46557212155055083,False,0.5444800780636607,False,0.08147568,False
CYL1_SEV040,CYL1_SEV040_W0022,22.0,26.99,CYLINDER,CYLINDER_1,0.4,0.6,True,0.4689964647661014,False,0.5424296587781324,False,0.11286852,False
CYL1_SEV040,CYL1_SEV040_W0023,23.0,27.99,CYLINDER,CYLINDER_1,0.4,0.6,True,0.4822459630657331,False,0.542819885276449,False,0.13579237,False
CYL1_SEV040,CYL1_SEV040_W0024,24.0,28.99,CYLINDER,CYLINDER_1,0.4,0.6,True,0.4770549502816851,False,0.5375929713201203,False,0.13847631,False
CYL1_SEV040,CYL1_SEV040_W0025,25.0,29.99,CYLINDER,CYLINDER_1,0.4,0.6,True,0.4512850880656398,False,0.5347641173913986,False,0.11836247,False
CYL1_SEV040,CYL1_SEV040_W0026,26.0,30.99,CYLINDER,CYLINDER_1,0.4,0.6,True,0.4233563251955732,False,0.5248229740841184,False,0.08688465,False
CYL1_SEV040,CYL1_SEV040_W0027,27.0,31.99,CYLINDER,CYLINDER_1,0.4,0.6,True,0.42732942997876383,False,0.5217928529843784,False,0.080524944,False
CYL1_SEV040,CYL1_SEV040_W0028,28.0,32.99,CYLINDER,CYLINDER_1,0.4,0.6,True,0.4283967488210242,False,0.5217928529843784,False,0.08079386,False
CYL1_SEV040,CYL1_SEV040_W0029,29.0,33.99,CYLINDER,CYLINDER_1,0.4,0.6,True,0.429533622147284,False,0.5217928529843784,False,0.081088975,False
CYL1_SEV040,CYL1_SEV040_W0030,30.0,34.99,CYLINDER,CYLINDER_1,0.4,0.6,True,0.4305742637574186,False,0.5217928529843784,False,0.08135908,False
CYL1_SEV040,CYL1_SEV040_W0031,31.0,35.99,CYLINDER,CYLINDER_1,0.4,0.6,True,0.43152482490752275,False,0.5210954518646117,False,0.081596754,False
CYL1_SEV040,CYL1_SEV040_W0032,32.0,36.99,CYLINDER,CYLINDER_1,0.4,0.6,True,0.4323917722557178,False,0.5210954518646117,False,0.0818184,False
CYL1_SEV040,CYL1_SEV040_W0033,33.0,37.99,CYLINDER,CYLINDER_1,0.4,0.6,True,0.4331809625960703,False,0.5204532378529227,False,0.08202399,False
CYL1_SEV040,CYL1_SEV040_W0034,34.0,38.99,CYLINDER,CYLINDER_1,0.4,0.6,True,0.433898292201244,False,0.5220297755564565,False,0.08221385,False
CYL1_SEV040,CYL1_SEV040_W0035,35.0,39.99,CYLINDER,CYLINDER_1,0.4,0.6,True,0.4345494595957708,False,0.5216087735176171,False,0.08238823,False
CYL1_SEV040,CYL1_SEV040_W0036,36.0,40.99,CYLINDER,CYLINDER_1,0.4,0.6,True,0.4351398988782975,False,0.5216087735176171,False,0.08254845,False
CYL1_SEV040,CYL1_SEV040_W0037,37.0,41.99,CYLINDER,CYLINDER_1,0.4,0.6,True,0.43567474328917843,False,0.5216087735176171,False,0.08269527,False
CYL1_SEV040,CYL1_SEV040_W0038,38.0,42.99,CYLINDER,CYLINDER_1,0.4,0.6,True,0.4361588059976109,False,0.5212504923668382,False,0.0828295,False
CYL1_SEV040,CYL1_SEV040_W0039,39.0,43.99,CYLINDER,CYLINDER_1,0.4,0.6,True,0.4365965728836272,False,0.5212504923668382,False,0.08295196,False
CYL1_SEV040,CYL1_SEV040_W0040,40.0,44.99,CYLINDER,CYLINDER_1,0.4,0.6,True,0.4369922040101411,False,0.5216087735176171,False,0.083063535,False
CYL1_SEV040,CYL1_SEV040_W0041,41.0,45.99,CYLINDER,CYLINDER_1,0.4,0.6,True,0.43734954127985365,False,0.5211881110048452,False,0.083165,False
CYL1_SEV040,CYL1_SEV040_W0042,42.0,46.99,CYLINDER,CYLINDER_1,0.4,0.6,True,0.43767212036630115,False,0.5211881110048452,False,0.08325716,False
CYL1_SEV040,CYL1_SEV040_W0043,43.0,47.99,CYLINDER,CYLINDER_1,0.4,0.6,True,0.4379631854667674,False,0.5211881110048452,False,0.08334078,False
CYL1_SEV040,CYL1_SEV040_W0044,44.0,48.99,CYLINDER,CYLINDER_1,0.4,0.6,True,0.4382257057809888,False,0.5216087735176171,False,0.08341656,False
CYL1_SEV040,CYL1_SEV040_W0045,45.0,49.99,CYLINDER,CYLINDER_1,0.4,0.6,True,0.43846239289599037,False,0.5220297755564565,False,0.083485186,False
CYL1_SEV040,CYL1_SEV040_W0046,46.0,50.99,CYLINDER,CYLINDER_1,0.4,0.6,True,0.4179635854604601,False,0.5248694671287781,False,0.08063008,False
CYL1_SEV040,CYL1_SEV040_W0047,47.0,51.99,CYLINDER,CYLINDER_1,0.4,0.6,True,0.42814112935974774,False,0.5331384098931405,False,0.10442295,False
CYL1_SEV040,CYL1_SEV040_W0048,48.0,52.99,CYLINDER,CYLINDER_1,0.4,0.6,True,0.4629624622703384,False,0.5268701465537101,False,0.14137936,False
CYL1_SEV040,CYL1_SEV040_W0049,49.0,53.99,CYLINDER,CYLINDER_1,0.4,0.6,True,0.4728817454380524,False,0.5288746350041963,False,0.15886615,False
CYL1_SEV040,CYL1_SEV040_W0050,50.0,54.99,CYLINDER,CYLINDER_1,0.4,0.6,True,0.44998516426690877,False,0.5358617362653639,False,0.15161575,False
CYL1_SEV040,CYL1_SEV040_W0051,51.0,55.99,CYLINDER,CYLINDER_1,0.4,0.6,True,0.4167848486748551,False,0.5409577505188015,False,0.13456848,False
CYL1_SEV040,CYL1_SEV040_W0052,52.0,56.99,CYLINDER,CYLINDER_1,0.4,0.6,True,0.434232217816106,False,0.5532494933237311,False,0.14761661,False
CYL1_SEV040,CYL1_SEV040_W0053,53.0,57.99,CYLINDER,CYLINDER_1,0.4,0.6,True,0.43556791322644156,False,0.551153907723851,False,0.14970255,False
CYL1_SEV040,CYL1_SEV040_W0054,54.0,58.99,CYLINDER,CYLINDER_1,0.4,0.6,True,0.4320200485934684,False,0.551153907723851,False,0.14812839,False
CYL1_SEV040,CYL1_SEV040_W0055,55.0,59.99,CYLINDER,CYLINDER_1,0.4,0.6,True,0.4289687755426151,False,0.5502652865602042,False,0.1468686,False
CYL1_SEV060,CYL1_SEV060_W0000,0.0,4.99,CYLINDER,CYLINDER_1,0.6,0.4,True,1.8869795505149451,False,0.6552515406643226,False,0.07048998,False
CYL1_SEV060,CYL1_SEV060_W0001,1.0,5.99,CYLINDER,CYLINDER_1,0.6,0.4,True,1.895432978669809,False,0.6170548343696702,False,0.008290178,False
CYL1_SEV060,CYL1_SEV060_W0002,2.0,6.99,CYLINDER,CYLINDER_1,0.6,0.4,True,1.8960257095151678,False,0.6024553800928077,False,0.00834421,False
CYL1_SEV060,CYL1_SEV060_W0003,3.0,7.99,CYLINDER,CYLINDER_1,0.6,0.4,True,1.895717488694126,False,0.5981682793914932,False,0.008211867,False
CYL1_SEV060,CYL1_SEV060_W0004,4.0,8.99,CYLINDER,CYLINDER_1,0.6,0.4,True,1.8958707953348486,False,0.6025288942987799,False,0.008254474,False
CYL1_SEV060,CYL1_SEV060_W0005,5.0,9.99,CYLINDER,CYLINDER_1,0.6,0.4,True,1.895920087115567,False,0.6026010113948397,False,0.008262885,False
CYL1_SEV060,CYL1_SEV060_W0006,6.0,10.99,CYLINDER,CYLINDER_1,0.6,0.4,True,1.5795111585118362,False,0.6780599060672575,True,0.19097291,True
CYL1_SEV060,CYL1_SEV060_W0007,7.0,11.99,CYLINDER,CYLINDER_1,0.6,0.4,True,2.2317868058556263,True,0.6610758467831661,True,0.28365666,True
CYL1_SEV060,CYL1_SEV060_W0008,8.0,12.99,CYLINDER,CYLINDER_1,0.6,0.4,True,2.5035731598006397,True,0.6401588795494637,False,0.1400015,False
CYL1_SEV060,CYL1_SEV060_W0009,9.0,13.99,CYLINDER,CYLINDER_1,0.6,0.4,True,2.471140232930074,True,0.6412694142990458,False,0.22216979,True
CYL1_SEV060,CYL1_SEV060_W0010,10.0,14.99,CYLINDER,CYLINDER_1,0.6,0.4,True,2.169038870035962,True,0.6392032538804374,False,0.30416015,True
CYL1_SEV060,CYL1_SEV060_W0011,11.0,15.99,CYLINDER,CYLINDER_1,0.6,0.4,True,1.6226988052309594,False,0.6643632362327535,True,0.32558772,True
CYL1_SEV060,CYL1_SEV060_W0012,12.0,16.990000000000002,CYLINDER,CYLINDER_1,0.6,0.4,True,1.2319868374067708,False,0.6467545468295656,False,0.40062603,True
CYL1_SEV060,CYL1_SEV060_W0013,13.0,17.990000000000002,CYLINDER,CYLINDER_1,0.6,0.4,True,0.6772013994747218,False,0.5890228797577544,False,0.16918309,False
CYL1_SEV060,CYL1_SEV060_W0014,14.0,18.99,CYLINDER,CYLINDER_1,0.6,0.4,True,0.6338540794579074,False,0.5776884358634232,False,0.15761909,False
CYL1_SEV060,CYL1_SEV060_W0015,15.0,19.99,CYLINDER,CYLINDER_1,0.6,0.4,True,0.6109111238154092,False,0.5717396193180094,False,0.14980593,False
CYL1_SEV060,CYL1_SEV060_W0016,16.0,20.99,CYLINDER,CYLINDER_1,0.6,0.4,True,0.5941004697602339,False,0.5694171426382995,False,0.14634502,False
CYL1_SEV060,CYL1_SEV060_W0017,17.0,21.99,CYLINDER,CYLINDER_1,0.6,0.4,True,0.5819771245944054,False,0.5694171426382995,False,0.14628054,False
CYL1_SEV060,CYL1_SEV060_W0018,18.0,22.99,CYLINDER,CYLINDER_1,0.6,0.4,True,0.5736117843723607,False,0.5666288975828625,False,0.14869852,False
CYL1_SEV060,CYL1_SEV060_W0019,19.0,23.99,CYLINDER,CYLINDER_1,0.6,0.4,True,0.5682285249242792,False,0.5666288975828625,False,0.15308158,False
CYL1_SEV060,CYL1_SEV060_W0020,20.0,24.99,CYLINDER,CYLINDER_1,0.6,0.4,True,0.5651658952367123,False,0.5650719665152903,False,0.15863416,False
CYL1_SEV060,CYL1_SEV060_W0021,21.0,25.99,CYLINDER,CYLINDER_1,0.6,0.4,True,0.5492773045992924,False,0.5682266102121104,False,0.16875882,False
CYL1_SEV060,CYL1_SEV060_W0022,22.0,26.99,CYLINDER,CYLINDER_1,0.6,0.4,True,0.5462470401396715,False,0.5632326932138481,False,0.1901649,False
CYL1_SEV060,CYL1_SEV060_W0023,23.0,27.99,CYLINDER,CYLINDER_1,0.6,0.4,True,0.5503017054962854,False,0.5635704313839716,False,0.21115407,True
CYL1_SEV060,CYL1_SEV060_W0024,24.0,28.99,CYLINDER,CYLINDER_1,0.6,0.4,True,0.5412445388346167,False,0.5552339840492383,False,0.21444063,True
CYL1_SEV060,CYL1_SEV060_W0025,25.0,29.99,CYLINDER,CYLINDER_1,0.6,0.4,True,0.517596745748696,False,0.5476088051435023,False,0.19891907,True
CYL1_SEV060,CYL1_SEV060_W0026,26.0,30.99,CYLINDER,CYLINDER_1,0.6,0.4,True,0.48841040209752684,False,0.54885954559388,False,0.17492653,False
CYL1_SEV060,CYL1_SEV060_W0027,27.0,31.99,CYLINDER,CYLINDER_1,0.6,0.4,True,0.4827727348781141,False,0.5395148776758115,False,0.16232702,False
CYL1_SEV060,CYL1_SEV060_W0028,28.0,32.99,CYLINDER,CYLINDER_1,0.6,0.4,True,0.4836511973558761,False,0.5386450220298905,False,0.1630212,False
CYL1_SEV060,CYL1_SEV060_W0029,29.0,33.99,CYLINDER,CYLINDER_1,0.6,0.4,True,0.48466278825572817,False,0.5386450220298905,False,0.16356757,False
CYL1_SEV060,CYL1_SEV060_W0030,30.0,34.99,CYLINDER,CYLINDER_1,0.6,0.4,True,0.4855885811638302,False,0.5386450220298905,False,0.16405669,False
CYL1_SEV060,CYL1_SEV060_W0031,31.0,35.99,CYLINDER,CYLINDER_1,0.6,0.4,True,0.48643536522907443,False,0.5379250971796902,False,0.16450475,False
CYL1_SEV060,CYL1_SEV060_W0032,32.0,36.99,CYLINDER,CYLINDER_1,0.6,0.4,True,0.48720811749914084,False,0.5379250971796902,False,0.16491453,False
CYL1_SEV060,CYL1_SEV060_W0033,33.0,37.99,CYLINDER,CYLINDER_1,0.6,0.4,True,0.4879119093803405,False,0.5372621417971173,False,0.16528854,False
CYL1_SEV060,CYL1_SEV060_W0034,34.0,38.99,CYLINDER,CYLINDER_1,0.6,0.4,True,0.488551898253464,False,0.5388895964109433,False,0.16562925,False
CYL1_SEV060,CYL1_SEV060_W0035,35.0,39.99,CYLINDER,CYLINDER_1,0.6,0.4,True,0.4891330883976243,False,0.5384549974102321,False,0.1659392,False
CYL1_SEV060,CYL1_SEV060_W0036,36.0,40.99,CYLINDER,CYLINDER_1,0.6,0.4,True,0.4896602641634003,False,0.5384549974102321,False,0.16622072,False
CYL1_SEV060,CYL1_SEV060_W0037,37.0,41.99,CYLINDER,CYLINDER_1,0.6,0.4,True,0.49013795475297267,False,0.5384549974102321,False,0.16647618,False
CYL1_SEV060,CYL1_SEV060_W0038,38.0,42.99,CYLINDER,CYLINDER_1,0.6,0.4,True,0.4905704146820364,False,0.5380851449731002,False,0.16670772,False
CYL1_SEV060,CYL1_SEV060_W0039,39.0,43.99,CYLINDER,CYLINDER_1,0.6,0.4,True,0.49096161533710575,False,0.5380851449731002,False,0.1669174,False
CYL1_SEV060,CYL1_SEV060_W0040,40.0,44.99,CYLINDER,CYLINDER_1,0.6,0.4,True,0.49131524460493237,False,0.5384549974102321,False,0.16710712,False
CYL1_SEV060,CYL1_SEV060_W0041,41.0,45.99,CYLINDER,CYLINDER_1,0.6,0.4,True,0.4916347123007233,False,0.5384549974102321,False,0.16727869,False
CYL1_SEV060,CYL1_SEV060_W0042,42.0,46.99,CYLINDER,CYLINDER_1,0.6,0.4,True,0.4919231596520549,False,0.5384549974102321,False,0.16743371,False
CYL1_SEV060,CYL1_SEV060_W0043,43.0,47.99,CYLINDER,CYLINDER_1,0.6,0.4,True,0.4921834715071637,False,0.5384549974102321,False,0.16757369,False
CYL1_SEV060,CYL1_SEV060_W0044,44.0,48.99,CYLINDER,CYLINDER_1,0.6,0.4,True,0.49241829025754363,False,0.5388895964109433,False,0.16770007,False
CYL1_SEV060,CYL1_SEV060_W0045,45.0,49.99,CYLINDER,CYLINDER_1,0.6,0.4,True,0.4926300307151603,False,0.539324546186171,False,0.16781408,False
CYL1_SEV060,CYL1_SEV060_W0046,46.0,50.99,CYLINDER,CYLINDER_1,0.6,0.4,True,0.4748004493148621,False,0.5411064356101152,False,0.16505165,False
CYL1_SEV060,CYL1_SEV060_W0047,47.0,51.99,CYLINDER,CYLINDER_1,0.6,0.4,True,0.4849438278338473,False,0.53875813585937,False,0.18604307,False
CYL1_SEV060,CYL1_SEV060_W0048,48.0,52.99,CYLINDER,CYLINDER_1,0.6,0.4,True,0.517695249169302,False,0.5341448063084266,False,0.22087051,True
CYL1_SEV060,CYL1_SEV060_W0049,49.0,53.99,CYLINDER,CYLINDER_1,0.6,0.4,True,0.5283704505460445,False,0.5374134206206037,False,0.23714721,True
CYL1_SEV060,CYL1_SEV060_W0050,50.0,54.99,CYLINDER,CYLINDER_1,0.6,0.4,True,0.5106978207162751,False,0.5449528188296434,False,0.22945307,True
CYL1_SEV060,CYL1_SEV060_W0051,51.0,55.99,CYLINDER,CYLINDER_1,0.6,0.4,True,0.4815998113382118,False,0.5544489318667152,False,0.21015291,True
CYL1_SEV060,CYL1_SEV060_W0052,52.0,56.99,CYLINDER,CYLINDER_1,0.6,0.4,True,0.49971428334151274,False,0.5685572389496141,False,0.22670895,True
CYL1_SEV060,CYL1_SEV060_W0053,53.0,57.99,CYLINDER,CYLINDER_1,0.6,0.4,True,0.5009795304695329,False,0.567182772703335,False,0.22860298,True
CYL1_SEV060,CYL1_SEV060_W0054,54.0,58.99,CYLINDER,CYLINDER_1,0.6,0.4,True,0.49790662342120656,False,0.567182772703335,False,0.22652291,True
CYL1_SEV060,CYL1_SEV060_W0055,55.0,59.99,CYLINDER,CYLINDER_1,0.6,0.4,True,0.4952618609995185,False,0.5641220940642305,False,0.22478689,True
CYL1_SEV080,CYL1_SEV080_W0000,0.0,4.99,CYLINDER,CYLINDER_1,0.8,0.1999999999999999,True,1.8980138745444846,False,0.653140330044629,False,0.071883805,False
CYL1_SEV080,CYL1_SEV080_W0001,1.0,5.99,CYLINDER,CYLINDER_1,0.8,0.1999999999999999,True,1.9079787664605805,False,0.6201973212388472,False,0.010339384,False
CYL1_SEV080,CYL1_SEV080_W0002,2.0,6.99,CYLINDER,CYLINDER_1,0.8,0.1999999999999999,True,1.9085137323783554,False,0.6055235160440325,False,0.010425542,False
CYL1_SEV080,CYL1_SEV080_W0003,3.0,7.99,CYLINDER,CYLINDER_1,0.8,0.1999999999999999,True,1.908194268758576,False,0.6031579481909748,False,0.01038498,False
CYL1_SEV080,CYL1_SEV080_W0004,4.0,8.99,CYLINDER,CYLINDER_1,0.8,0.1999999999999999,True,1.9081700360135683,False,0.6044765085277602,False,0.010432617,False
CYL1_SEV080,CYL1_SEV080_W0005,5.0,9.99,CYLINDER,CYLINDER_1,0.8,0.1999999999999999,True,1.9084879442944709,False,0.6035741493067508,False,0.010323873,False
CYL1_SEV080,CYL1_SEV080_W0006,6.0,10.99,CYLINDER,CYLINDER_1,0.8,0.1999999999999999,True,1.5983450177927583,False,0.6785259700556862,True,0.21000375,True
CYL1_SEV080,CYL1_SEV080_W0007,7.0,11.99,CYLINDER,CYLINDER_1,0.8,0.1999999999999999,True,2.2599011781416376,True,0.6658935007431176,True,0.3616661,True
CYL1_SEV080,CYL1_SEV080_W0008,8.0,12.99,CYLINDER,CYLINDER_1,0.8,0.1999999999999999,True,2.5480806557635245,True,0.6463867152414581,False,0.22988732,True
CYL1_SEV080,CYL1_SEV080_W0009,9.0,13.99,CYLINDER,CYLINDER_1,0.8,0.1999999999999999,True,2.5193065198906557,True,0.6464640817101468,False,0.31078056,True
CYL1_SEV080,CYL1_SEV080_W0010,10.0,14.99,CYLINDER,CYLINDER_1,0.8,0.1999999999999999,True,2.227335340828792,True,0.6464640817101468,False,0.40547496,True
CYL1_SEV080,CYL1_SEV080_W0011,11.0,15.99,CYLINDER,CYLINDER_1,0.8,0.1999999999999999,True,1.6990160251054247,False,0.6629140434185473,True,0.45784083,True
CYL1_SEV080,CYL1_SEV080_W0012,12.0,16.990000000000002,CYLINDER,CYLINDER_1,0.8,0.1999999999999999,True,1.340279388661286,False,0.6518466638892029,False,0.49679402,True
CYL1_SEV080,CYL1_SEV080_W0013,13.0,17.990000000000002,CYLINDER,CYLINDER_1,0.8,0.1999999999999999,True,0.7796319785088428,False,0.5954022401527036,False,0.2863863,True
CYL1_SEV080,CYL1_SEV080_W0014,14.0,18.99,CYLINDER,CYLINDER_1,0.8,0.1999999999999999,True,0.7363831821557818,False,0.585421965930844,False,0.2775567,True
CYL1_SEV080,CYL1_SEV080_W0015,15.0,19.99,CYLINDER,CYLINDER_1,0.8,0.1999999999999999,True,0.7154436040043332,False,0.5793935124241141,False,0.27209532,True
CYL1_SEV080,CYL1_SEV080_W0016,16.0,20.99,CYLINDER,CYLINDER_1,0.8,0.1999999999999999,True,0.7010516911380116,False,0.577039944688883,False,0.270937,True
CYL1_SEV080,CYL1_SEV080_W0017,17.0,21.99,CYLINDER,CYLINDER_1,0.8,0.1999999999999999,True,0.6907584800675739,False,0.577039944688883,False,0.27276376,True
CYL1_SEV080,CYL1_SEV080_W0018,18.0,22.99,CYLINDER,CYLINDER_1,0.8,0.1999999999999999,True,0.6836908602772878,False,0.5738199585890519,False,0.2768175,True
CYL1_SEV080,CYL1_SEV080_W0019,19.0,23.99,CYLINDER,CYLINDER_1,0.8,0.1999999999999999,True,0.6791544952706766,False,0.5742143733246038,False,0.28245988,True
CYL1_SEV080,CYL1_SEV080_W0020,20.0,24.99,CYLINDER,CYLINDER_1,0.8,0.1999999999999999,True,0.676574316255873,False,0.5730987873123018,False,0.2890757,True
CYL1_SEV080,CYL1_SEV080_W0021,21.0,25.99,CYLINDER,CYLINDER_1,0.8,0.1999999999999999,True,0.6641351750252587,False,0.5780226927079831,False,0.2956445,True
CYL1_SEV080,CYL1_SEV080_W0022,22.0,26.99,CYLINDER,CYLINDER_1,0.8,0.1999999999999999,True,0.6555303086563818,False,0.5724121076140614,False,0.30855218,True
CYL1_SEV080,CYL1_SEV080_W0023,23.0,27.99,CYLINDER,CYLINDER_1,0.8,0.1999999999999999,True,0.654899311150707,False,0.5731505723572883,False,0.32613006,True
CYL1_SEV080,CYL1_SEV080_W0024,24.0,28.99,CYLINDER,CYLINDER_1,0.8,0.1999999999999999,True,0.6450476574357571,False,0.5689424685572775,False,0.3295826,True
CYL1_SEV080,CYL1_SEV080_W0025,25.0,29.99,CYLINDER,CYLINDER_1,0.8,0.1999999999999999,True,0.6238851634164975,False,0.5676761272302352,False,0.31736723,True
CYL1_SEV080,CYL1_SEV080_W0026,26.0,30.99,CYLINDER,CYLINDER_1,0.8,0.1999999999999999,True,0.5936559958581321,False,0.5690093227692887,False,0.2955483,True
CYL1_SEV080,CYL1_SEV080_W0027,27.0,31.99,CYLINDER,CYLINDER_1,0.8,0.1999999999999999,True,0.5838297351572548,False,0.5562560677845995,False,0.28694925,True
CYL1_SEV080,CYL1_SEV080_W0028,28.0,32.99,CYLINDER,CYLINDER_1,0.8,0.1999999999999999,True,0.584509375134169,False,0.5564826527629726,False,0.2890265,True
CYL1_SEV080,CYL1_SEV080_W0029,29.0,33.99,CYLINDER,CYLINDER_1,0.8,0.1999999999999999,True,0.5853441751581515,False,0.5564826527629726,False,0.29019374,True
CYL1_SEV080,CYL1_SEV080_W0030,30.0,34.99,CYLINDER,CYLINDER_1,0.8,0.1999999999999999,True,0.5861133488237616,False,0.5564826527629726,False,0.2911878,True
CYL1_SEV080,CYL1_SEV080_W0031,31.0,35.99,CYLINDER,CYLINDER_1,0.8,0.1999999999999999,True,0.5868176596729819,False,0.5557388870656313,False,0.29208842,True
CYL1_SEV080,CYL1_SEV080_W0032,32.0,36.99,CYLINDER,CYLINDER_1,0.8,0.1999999999999999,True,0.5874607783037521,False,0.5557388870656313,False,0.2929058,True
CYL1_SEV080,CYL1_SEV080_W0033,33.0,37.99,CYLINDER,CYLINDER_1,0.8,0.1999999999999999,True,0.5880468233774536,False,0.5550539774222314,False,0.29364693,True
CYL1_SEV080,CYL1_SEV080_W0034,34.0,38.99,CYLINDER,CYLINDER_1,0.8,0.1999999999999999,True,0.5885800010782062,False,0.5555019738287809,False,0.29431835,True
CYL1_SEV080,CYL1_SEV080_W0035,35.0,39.99,CYLINDER,CYLINDER_1,0.8,0.1999999999999999,True,0.5890644074307703,False,0.5550539774222314,False,0.29492596,True
CYL1_SEV080,CYL1_SEV080_W0036,36.0,40.99,CYLINDER,CYLINDER_1,0.8,0.1999999999999999,True,0.5895039694595947,False,0.5550539774222314,False,0.29547557,True
CYL1_SEV080,CYL1_SEV080_W0037,37.0,41.99,CYLINDER,CYLINDER_1,0.8,0.1999999999999999,True,0.5899024136286444,False,0.5550539774222314,False,0.29597226,True
CYL1_SEV080,CYL1_SEV080_W0038,38.0,42.99,CYLINDER,CYLINDER_1,0.8,0.1999999999999999,True,0.5902632474859567,False,0.5550539774222314,False,0.2964209,True
CYL1_SEV080,CYL1_SEV080_W0039,39.0,43.99,CYLINDER,CYLINDER_1,0.8,0.1999999999999999,True,0.5905897508450811,False,0.5546727235249203,False,0.29682598,True
CYL1_SEV080,CYL1_SEV080_W0040,40.0,44.99,CYLINDER,CYLINDER_1,0.8,0.1999999999999999,True,0.5908849739638113,False,0.5550539774222314,False,0.29719144,True
CYL1_SEV080,CYL1_SEV080_W0041,41.0,45.99,CYLINDER,CYLINDER_1,0.8,0.1999999999999999,True,0.5911517407959669,False,0.5550539774222314,False,0.29752114,True
CYL1_SEV080,CYL1_SEV080_W0042,42.0,46.99,CYLINDER,CYLINDER_1,0.8,0.1999999999999999,True,0.5913926558343103,False,0.5550539774222314,False,0.29781842,True
CYL1_SEV080,CYL1_SEV080_W0043,43.0,47.99,CYLINDER,CYLINDER_1,0.8,0.1999999999999999,True,0.5916101134065037,False,0.5550539774222314,False,0.29808637,True
CYL1_SEV080,CYL1_SEV080_W0044,44.0,48.99,CYLINDER,CYLINDER_1,0.8,0.1999999999999999,True,0.5918063085556665,False,0.5555019738287809,False,0.2983278,True
CYL1_SEV080,CYL1_SEV080_W0045,45.0,49.99,CYLINDER,CYLINDER_1,0.8,0.1999999999999999,True,0.5919832488483124,False,0.5559503318231912,False,0.29854527,True
CYL1_SEV080,CYL1_SEV080_W0046,46.0,50.99,CYLINDER,CYLINDER_1,0.8,0.1999999999999999,True,0.5772949595835757,False,0.5535353612173122,False,0.29312617,True
CYL1_SEV080,CYL1_SEV080_W0047,47.0,51.99,CYLINDER,CYLINDER_1,0.8,0.1999999999999999,True,0.5863328832198923,False,0.5577028490023133,False,0.30967793,True
CYL1_SEV080,CYL1_SEV080_W0048,48.0,52.99,CYLINDER,CYLINDER_1,0.8,0.1999999999999999,True,0.6149472945836374,False,0.553373577770962,False,0.34239185,True
CYL1_SEV080,CYL1_SEV080_W0049,49.0,53.99,CYLINDER,CYLINDER_1,0.8,0.1999999999999999,True,0.6250940168676945,False,0.5524167424377648,False,0.3567107,True
CYL1_SEV080,CYL1_SEV080_W0050,50.0,54.99,CYLINDER,CYLINDER_1,0.8,0.1999999999999999,True,0.611568924425546,False,0.5602336696825506,False,0.34665895,True
CYL1_SEV080,CYL1_SEV080_W0051,51.0,55.99,CYLINDER,CYLINDER_1,0.8,0.1999999999999999,True,0.5984045717945213,False,0.5698583086183173,False,0.34001812,True
CYL1_SEV080,CYL1_SEV080_W0052,52.0,56.99,CYLINDER,CYLINDER_1,0.8,0.1999999999999999,True,0.6131788781237177,False,0.582086130603583,False,0.3583254,True
CYL1_SEV080,CYL1_SEV080_W0053,53.0,57.99,CYLINDER,CYLINDER_1,0.8,0.1999999999999999,True,0.6145574375444713,False,0.5808177662300573,False,0.36190462,True
CYL1_SEV080,CYL1_SEV080_W0054,54.0,58.99,CYLINDER,CYLINDER_1,0.8,0.1999999999999999,True,0.6120750116630536,False,0.5808177662300573,False,0.3593654,True
CYL1_SEV080,CYL1_SEV080_W0055,55.0,59.99,CYLINDER,CYLINDER_1,0.8,0.1999999999999999,True,0.6099277568129549,False,0.579881318257792,False,0.35716796,True
CYL3_SEV040,CYL3_SEV040_W0000,0.0,4.99,CYLINDER,CYLINDER_3,0.4,0.6,True,1.8759195202563765,False,0.6563097037008941,False,0.06936159,False
CYL3_SEV040,CYL3_SEV040_W0001,1.0,5.99,CYLINDER,CYLINDER_3,0.4,0.6,True,1.8835074905292861,False,0.6191973819159712,False,0.0071043284,False
CYL3_SEV040,CYL3_SEV040_W0002,2.0,6.99,CYLINDER,CYLINDER_3,0.4,0.6,True,1.883765488602121,False,0.6035725283725648,False,0.007062062,False
CYL3_SEV040,CYL3_SEV040_W0003,3.0,7.99,CYLINDER,CYLINDER_3,0.4,0.6,True,1.8835601812169362,False,0.5987941778968727,False,0.007107165,False
CYL3_SEV040,CYL3_SEV040_W0004,4.0,8.99,CYLINDER,CYLINDER_3,0.4,0.6,True,1.8834542956812368,False,0.597276730714145,False,0.0069628493,False
CYL3_SEV040,CYL3_SEV040_W0005,5.0,9.99,CYLINDER,CYLINDER_3,0.4,0.6,True,1.8836355121381374,False,0.5959754759675436,False,0.0069814287,False
CYL3_SEV040,CYL3_SEV040_W0006,6.0,10.99,CYLINDER,CYLINDER_3,0.4,0.6,True,1.5678767988907933,False,0.6788319075860757,True,0.18491246,False
CYL3_SEV040,CYL3_SEV040_W0007,7.0,11.99,CYLINDER,CYLINDER_3,0.4,0.6,True,2.2584874063219473,True,0.6541784815904444,False,0.29626045,True
CYL3_SEV040,CYL3_SEV040_W0008,8.0,12.99,CYLINDER,CYLINDER_3,0.4,0.6,True,2.4819708017866255,True,0.6411926695092485,False,0.10975518,False
CYL3_SEV040,CYL3_SEV040_W0009,9.0,13.99,CYLINDER,CYLINDER_3,0.4,0.6,True,2.441149060061446,True,0.6402355006042326,False,0.17847022,False
CYL3_SEV040,CYL3_SEV040_W0010,10.0,14.99,CYLINDER,CYLINDER_3,0.4,0.6,True,2.1346234979081964,True,0.6345027563593101,False,0.24693716,True
CYL3_SEV040,CYL3_SEV040_W0011,11.0,15.99,CYLINDER,CYLINDER_3,0.4,0.6,True,1.579666028260696,False,0.6588672421547586,True,0.26465857,True
CYL3_SEV040,CYL3_SEV040_W0012,12.0,16.990000000000002,CYLINDER,CYLINDER_3,0.4,0.6,True,1.0529093865238497,False,0.6410684934516017,False,0.2477231,True
CYL3_SEV040,CYL3_SEV040_W0013,13.0,17.990000000000002,CYLINDER,CYLINDER_3,0.4,0.6,True,0.6049383132714375,False,0.5532769054239921,False,0.09855084,False
CYL3_SEV040,CYL3_SEV040_W0014,14.0,18.99,CYLINDER,CYLINDER_3,0.4,0.6,True,0.5680318109556806,False,0.5462207399541443,False,0.085018024,False
CYL3_SEV040,CYL3_SEV040_W0015,15.0,19.99,CYLINDER,CYLINDER_3,0.4,0.6,True,0.5434765842200713,False,0.5354735049608189,False,0.07632184,False
CYL3_SEV040,CYL3_SEV040_W0016,16.0,20.99,CYLINDER,CYLINDER_3,0.4,0.6,True,0.5246991235972058,False,0.5341595670199142,False,0.07138318,False
CYL3_SEV040,CYL3_SEV040_W0017,17.0,21.99,CYLINDER,CYLINDER_3,0.4,0.6,True,0.5110077933072572,False,0.5341595670199142,False,0.069566615,False
CYL3_SEV040,CYL3_SEV040_W0018,18.0,22.99,CYLINDER,CYLINDER_3,0.4,0.6,True,0.5015157047956281,False,0.5311788610969936,False,0.07020214,False
CYL3_SEV040,CYL3_SEV040_W0019,19.0,23.99,CYLINDER,CYLINDER_3,0.4,0.6,True,0.49539233445903685,False,0.5311788610969936,False,0.072618395,False
CYL3_SEV040,CYL3_SEV040_W0020,20.0,24.99,CYLINDER,CYLINDER_3,0.4,0.6,True,0.4919089539813913,False,0.5293668423952842,False,0.07633899,False
CYL3_SEV040,CYL3_SEV040_W0021,21.0,25.99,CYLINDER,CYLINDER_3,0.4,0.6,True,0.46616057041092923,False,0.5294413897945339,False,0.08290101,False
CYL3_SEV040,CYL3_SEV040_W0022,22.0,26.99,CYLINDER,CYLINDER_3,0.4,0.6,True,0.4698481018725892,False,0.5265146172289437,False,0.11435633,False
CYL3_SEV040,CYL3_SEV040_W0023,23.0,27.99,CYLINDER,CYLINDER_3,0.4,0.6,True,0.4831544480761868,False,0.5286791720068441,False,0.1377084,False
CYL3_SEV040,CYL3_SEV040_W0024,24.0,28.99,CYLINDER,CYLINDER_3,0.4,0.6,True,0.47796580514509196,False,0.5237601512957838,False,0.13949025,False
CYL3_SEV040,CYL3_SEV040_W0025,25.0,29.99,CYLINDER,CYLINDER_3,0.4,0.6,True,0.45220180973891144,False,0.5193418910746407,False,0.117933355,False
CYL3_SEV040,CYL3_SEV040_W0026,26.0,30.99,CYLINDER,CYLINDER_3,0.4,0.6,True,0.42422142829933923,False,0.5189957045167293,False,0.08632572,False
CYL3_SEV040,CYL3_SEV040_W0027,27.0,31.99,CYLINDER,CYLINDER_3,0.4,0.6,True,0.42802161161928837,False,0.5129820454769329,False,0.080370046,False
CYL3_SEV040,CYL3_SEV040_W0028,28.0,32.99,CYLINDER,CYLINDER_3,0.4,0.6,True,0.42905245199407505,False,0.5129820454769329,False,0.08044285,False
CYL3_SEV040,CYL3_SEV040_W0029,29.0,33.99,CYLINDER,CYLINDER_3,0.4,0.6,True,0.4301918767586118,False,0.5129820454769329,False,0.080692425,False
CYL3_SEV040,CYL3_SEV040_W0030,30.0,34.99,CYLINDER,CYLINDER_3,0.4,0.6,True,0.4312307786696294,False,0.5129820454769329,False,0.080930784,False
CYL3_SEV040,CYL3_SEV040_W0031,31.0,35.99,CYLINDER,CYLINDER_3,0.4,0.6,True,0.4321799716735567,False,0.5129820454769329,False,0.081155285,False
CYL3_SEV040,CYL3_SEV040_W0032,32.0,36.99,CYLINDER,CYLINDER_3,0.4,0.6,True,0.433045653180019,False,0.5129820454769329,False,0.081365064,False
CYL3_SEV040,CYL3_SEV040_W0033,33.0,37.99,CYLINDER,CYLINDER_3,0.4,0.6,True,0.4338336974983485,False,0.5123498306760337,False,0.08156,False
CYL3_SEV040,CYL3_SEV040_W0034,34.0,38.99,CYLINDER,CYLINDER_3,0.4,0.6,True,0.43454998966900765,False,0.5139018218381831,False,0.08174036,False
CYL3_SEV040,CYL3_SEV040_W0035,35.0,39.99,CYLINDER,CYLINDER_3,0.4,0.6,True,0.4352002188626907,False,0.5151471712070494,False,0.081906624,False
CYL3_SEV040,CYL3_SEV040_W0036,36.0,40.99,CYLINDER,CYLINDER_3,0.4,0.6,True,0.43578981032996567,False,0.5151471712070494,False,0.082059436,False
CYL3_SEV040,CYL3_SEV040_W0037,37.0,41.99,CYLINDER,CYLINDER_3,0.4,0.6,True,0.43632388910823855,False,0.5151471712070494,False,0.08219948,False
CYL3_SEV040,CYL3_SEV040_W0038,38.0,42.99,CYLINDER,CYLINDER_3,0.4,0.6,True,0.43680726079401905,False,0.5147933283832873,False,0.08232754,False
CYL3_SEV040,CYL3_SEV040_W0039,39.0,43.99,CYLINDER,CYLINDER_3,0.4,0.6,True,0.4372444043047979,False,0.5147933283832873,False,0.082444414,False
CYL3_SEV040,CYL3_SEV040_W0040,40.0,44.99,CYLINDER,CYLINDER_3,0.4,0.6,True,0.4376394733229563,False,0.5151471712070494,False,0.08255089,False
CYL3_SEV040,CYL3_SEV040_W0041,41.0,45.99,CYLINDER,CYLINDER_3,0.4,0.6,True,0.4379963039199527,False,0.5151471712070494,False,0.08264773,False
CYL3_SEV040,CYL3_SEV040_W0042,42.0,46.99,CYLINDER,CYLINDER_3,0.4,0.6,True,0.4383184264522071,False,0.5151471712070494,False,0.08273572,False
CYL3_SEV040,CYL3_SEV040_W0043,43.0,47.99,CYLINDER,CYLINDER_3,0.4,0.6,True,0.43860908027796075,False,0.5151471712070494,False,0.082815565,False
CYL3_SEV040,CYL3_SEV040_W0044,44.0,48.99,CYLINDER,CYLINDER_3,0.4,0.6,True,0.4388712302001352,False,0.5155629579429931,False,0.082887925,False
CYL3_SEV040,CYL3_SEV040_W0045,45.0,49.99,CYLINDER,CYLINDER_3,0.4,0.6,True,0.4391075838162672,False,0.5159790802696562,False,0.08295345,False
CYL3_SEV040,CYL3_SEV040_W0046,46.0,50.99,CYLINDER,CYLINDER_3,0.4,0.6,True,0.41851261313558574,False,0.5241616212918693,False,0.079711504,False
CYL3_SEV040,CYL3_SEV040_W0047,47.0,51.99,CYLINDER,CYLINDER_3,0.4,0.6,True,0.42893642959906153,False,0.5306534367985157,False,0.103080384,False
CYL3_SEV040,CYL3_SEV040_W0048,48.0,52.99,CYLINDER,CYLINDER_3,0.4,0.6,True,0.4636935748413026,False,0.5321593617414813,False,0.14034954,False
CYL3_SEV040,CYL3_SEV040_W0049,49.0,53.99,CYLINDER,CYLINDER_3,0.4,0.6,True,0.47361822522926983,False,0.531301365336758,False,0.15775645,False
CYL3_SEV040,CYL3_SEV040_W0050,50.0,54.99,CYLINDER,CYLINDER_3,0.4,0.6,True,0.4507995249909792,False,0.5382561025260725,False,0.1505667,False
CYL3_SEV040,CYL3_SEV040_W0051,51.0,55.99,CYLINDER,CYLINDER_3,0.4,0.6,True,0.4176692191223223,False,0.5370071838373857,False,0.13411917,False
CYL3_SEV040,CYL3_SEV040_W0052,52.0,56.99,CYLINDER,CYLINDER_3,0.4,0.6,True,0.4347379662470123,False,0.5428063136433043,False,0.14772964,False
CYL3_SEV040,CYL3_SEV040_W0053,53.0,57.99,CYLINDER,CYLINDER_3,0.4,0.6,True,0.4361474235582009,False,0.541120706170848,False,0.15030663,False
CYL3_SEV040,CYL3_SEV040_W0054,54.0,58.99,CYLINDER,CYLINDER_3,0.4,0.6,True,0.43259533220377455,False,0.541120706170848,False,0.14864342,False
CYL3_SEV040,CYL3_SEV040_W0055,55.0,59.99,CYLINDER,CYLINDER_3,0.4,0.6,True,0.42954782592549035,False,0.5399403454942884,False,0.14727934,False
CYL3_SEV060,CYL3_SEV060_W0000,0.0,4.99,CYLINDER,CYLINDER_3,0.6,0.4,True,1.887064389117539,False,0.6552515406643226,False,0.0707022,False
CYL3_SEV060,CYL3_SEV060_W0001,1.0,5.99,CYLINDER,CYLINDER_3,0.6,0.4,True,1.8957099759127773,False,0.6175528730464229,False,0.008767336,False
CYL3_SEV060,CYL3_SEV060_W0002,2.0,6.99,CYLINDER,CYLINDER_3,0.6,0.4,True,1.8961159131326013,False,0.6032854794250423,False,0.00866887,False
CYL3_SEV060,CYL3_SEV060_W0003,3.0,7.99,CYLINDER,CYLINDER_3,0.6,0.4,True,1.8958735394455095,False,0.5981682793914932,False,0.008595099,False
CYL3_SEV060,CYL3_SEV060_W0004,4.0,8.99,CYLINDER,CYLINDER_3,0.6,0.4,True,1.8959461765423051,False,0.6019004964682362,False,0.008734999,False
CYL3_SEV060,CYL3_SEV060_W0005,5.0,9.99,CYLINDER,CYLINDER_3,0.6,0.4,True,1.8960025199501795,False,0.6026010113948397,False,0.008592017,False
CYL3_SEV060,CYL3_SEV060_W0006,6.0,10.99,CYLINDER,CYLINDER_3,0.6,0.4,True,1.5853993534707922,False,0.6775130702041016,True,0.21092501,True
CYL3_SEV060,CYL3_SEV060_W0007,7.0,11.99,CYLINDER,CYLINDER_3,0.6,0.4,True,2.283526079427285,True,0.6605427080766115,True,0.3721435,True
CYL3_SEV060,CYL3_SEV060_W0008,8.0,12.99,CYLINDER,CYLINDER_3,0.6,0.4,True,2.522487083925677,True,0.6447469288928043,False,0.18077773,False
CYL3_SEV060,CYL3_SEV060_W0009,9.0,13.99,CYLINDER,CYLINDER_3,0.6,0.4,True,2.484345483043537,True,0.6386877547926133,False,0.23767757,True
CYL3_SEV060,CYL3_SEV060_W0010,10.0,14.99,CYLINDER,CYLINDER_3,0.6,0.4,True,2.181922131509162,True,0.6396426097769509,False,0.3038957,True
CYL3_SEV060,CYL3_SEV060_W0011,11.0,15.99,CYLINDER,CYLINDER_3,0.6,0.4,True,1.6425609049127183,False,0.6616886042819698,True,0.34998667,True
CYL3_SEV060,CYL3_SEV060_W0012,12.0,16.990000000000002,CYLINDER,CYLINDER_3,0.6,0.4,True,1.1336491707922505,False,0.6376911377253845,False,0.31624985,True
CYL3_SEV060,CYL3_SEV060_W0013,13.0,17.990000000000002,CYLINDER,CYLINDER_3,0.6,0.4,True,0.6780204521658452,False,0.5679248024283015,False,0.1718978,False
CYL3_SEV060,CYL3_SEV060_W0014,14.0,18.99,CYLINDER,CYLINDER_3,0.6,0.4,True,0.6345310157858629,False,0.5592455763439856,False,0.1602431,False
CYL3_SEV060,CYL3_SEV060_W0015,15.0,19.99,CYLINDER,CYLINDER_3,0.6,0.4,True,0.6115634253148551,False,0.5558334673391669,False,0.152372,False
CYL3_SEV060,CYL3_SEV060_W0016,16.0,20.99,CYLINDER,CYLINDER_3,0.6,0.4,True,0.5948196293783728,False,0.5532412372065141,False,0.1491484,False
CYL3_SEV060,CYL3_SEV060_W0017,17.0,21.99,CYLINDER,CYLINDER_3,0.6,0.4,True,0.5827399005360105,False,0.5532412372065141,False,0.15007864,False
CYL3_SEV060,CYL3_SEV060_W0018,18.0,22.99,CYLINDER,CYLINDER_3,0.6,0.4,True,0.5744086307779681,False,0.5505980937189501,False,0.15279695,False
CYL3_SEV060,CYL3_SEV060_W0019,19.0,23.99,CYLINDER,CYLINDER_3,0.6,0.4,True,0.5690506596832102,False,0.5505980937189501,False,0.1571227,False
CYL3_SEV060,CYL3_SEV060_W0020,20.0,24.99,CYLINDER,CYLINDER_3,0.6,0.4,True,0.5660059698026079,False,0.5457636738979971,False,0.16253991,False
CYL3_SEV060,CYL3_SEV060_W0021,21.0,25.99,CYLINDER,CYLINDER_3,0.6,0.4,True,0.5500910562991027,False,0.54869831407041,False,0.17283796,False
CYL3_SEV060,CYL3_SEV060_W0022,22.0,26.99,CYLINDER,CYLINDER_3,0.6,0.4,True,0.5475806322028044,False,0.5479947586456929,False,0.19499786,True
CYL3_SEV060,CYL3_SEV060_W0023,23.0,27.99,CYLINDER,CYLINDER_3,0.6,0.4,True,0.5516543046183542,False,0.5498038615335167,False,0.2158499,True
CYL3_SEV060,CYL3_SEV060_W0024,24.0,28.99,CYLINDER,CYLINDER_3,0.6,0.4,True,0.5425644118966921,False,0.5427585512480959,False,0.21795355,True
CYL3_SEV060,CYL3_SEV060_W0025,25.0,29.99,CYLINDER,CYLINDER_3,0.6,0.4,True,0.5188703301652879,False,0.5344585844101456,False,0.20166075,True
CYL3_SEV060,CYL3_SEV060_W0026,26.0,30.99,CYLINDER,CYLINDER_3,0.6,0.4,True,0.489645695398536,False,0.5403187206539771,False,0.17224418,False
CYL3_SEV060,CYL3_SEV060_W0027,27.0,31.99,CYLINDER,CYLINDER_3,0.6,0.4,True,0.48376343160499885,False,0.5332272224923793,False,0.15939558,False
CYL3_SEV060,CYL3_SEV060_W0028,28.0,32.99,CYLINDER,CYLINDER_3,0.6,0.4,True,0.4846402105660068,False,0.5323675043840633,False,0.16005722,False
CYL3_SEV060,CYL3_SEV060_W0029,29.0,33.99,CYLINDER,CYLINDER_3,0.6,0.4,True,0.4856431525463131,False,0.5323675043840633,False,0.16059822,False
CYL3_SEV060,CYL3_SEV060_W0030,30.0,34.99,CYLINDER,CYLINDER_3,0.6,0.4,True,0.48656524053291833,False,0.5323675043840633,False,0.16108672,False
CYL3_SEV060,CYL3_SEV060_W0031,31.0,35.99,CYLINDER,CYLINDER_3,0.6,0.4,True,0.48740858471182513,False,0.5323675043840633,False,0.16154502,False
CYL3_SEV060,CYL3_SEV060_W0032,32.0,36.99,CYLINDER,CYLINDER_3,0.6,0.4,True,0.48817814043009755,False,0.5323675043840633,False,0.16198795,False
CYL3_SEV060,CYL3_SEV060_W0033,33.0,37.99,CYLINDER,CYLINDER_3,0.6,0.4,True,0.4888789991638277,False,0.5317113983492477,False,0.16239169,False
CYL3_SEV060,CYL3_SEV060_W0034,34.0,38.99,CYLINDER,CYLINDER_3,0.6,0.4,True,0.48951630262757995,False,0.5333220388562688,False,0.1627591,False
CYL3_SEV060,CYL3_SEV060_W0035,35.0,39.99,CYLINDER,CYLINDER_3,0.6,0.4,True,0.49009503983547753,False,0.5365627297649214,False,0.16309296,False
CYL3_SEV060,CYL3_SEV060_W0036,36.0,40.99,CYLINDER,CYLINDER_3,0.6,0.4,True,0.49061997939538105,False,0.5365627297649214,False,0.163396,False
CYL3_SEV060,CYL3_SEV060_W0037,37.0,41.99,CYLINDER,CYLINDER_3,0.6,0.4,True,0.49109563479828916,False,0.5365627297649214,False,0.16367076,False
CYL3_SEV060,CYL3_SEV060_W0038,38.0,42.99,CYLINDER,CYLINDER_3,0.6,0.4,True,0.4915262451988281,False,0.5361941770832077,False,0.16391964,False
CYL3_SEV060,CYL3_SEV060_W0039,39.0,43.99,CYLINDER,CYLINDER_3,0.6,0.4,True,0.49191576718726665,False,0.5361941770832077,False,0.16414487,False
CYL3_SEV060,CYL3_SEV060_W0040,40.0,44.99,CYLINDER,CYLINDER_3,0.6,0.4,True,0.49226787456053905,False,0.5365627297649214,False,0.1643486,False
CYL3_SEV060,CYL3_SEV060_W0041,41.0,45.99,CYLINDER,CYLINDER_3,0.6,0.4,True,0.4925859638373168,False,0.5365627297649214,False,0.16453269,False
CYL3_SEV060,CYL3_SEV060_W0042,42.0,46.99,CYLINDER,CYLINDER_3,0.6,0.4,True,0.4928731637878449,False,0.5365627297649214,False,0.16469896,False
CYL3_SEV060,CYL3_SEV060_W0043,43.0,47.99,CYLINDER,CYLINDER_3,0.6,0.4,True,0.49313234765800956,False,0.5365627297649214,False,0.16484909,False
CYL3_SEV060,CYL3_SEV060_W0044,44.0,48.99,CYLINDER,CYLINDER_3,0.6,0.4,True,0.4933661470858567,False,0.539027183459269,False,0.16498454,False
CYL3_SEV060,CYL3_SEV060_W0045,45.0,49.99,CYLINDER,CYLINDER_3,0.6,0.4,True,0.4935769669572128,False,0.5394622442840626,False,0.16510674,False
CYL3_SEV060,CYL3_SEV060_W0046,46.0,50.99,CYLINDER,CYLINDER_3,0.6,0.4,True,0.4756829920365435,False,0.5410034059493586,False,0.16177511,False
CYL3_SEV060,CYL3_SEV060_W0047,47.0,51.99,CYLINDER,CYLINDER_3,0.6,0.4,True,0.4858371009176737,False,0.5419725379451297,False,0.18295626,False
CYL3_SEV060,CYL3_SEV060_W0048,48.0,52.99,CYLINDER,CYLINDER_3,0.6,0.4,True,0.518462807157378,False,0.5435105850144522,False,0.2182886,True
CYL3_SEV060,CYL3_SEV060_W0049,49.0,53.99,CYLINDER,CYLINDER_3,0.6,0.4,True,0.5291538353055409,False,0.5474086987923684,False,0.23511018,True
CYL3_SEV060,CYL3_SEV060_W0050,50.0,54.99,CYLINDER,CYLINDER_3,0.6,0.4,True,0.5116392341603039,False,0.5538112065886306,False,0.2283322,True
CYL3_SEV060,CYL3_SEV060_W0051,51.0,55.99,CYLINDER,CYLINDER_3,0.6,0.4,True,0.482466793681868,False,0.5534895853237011,False,0.20944282,True
CYL3_SEV060,CYL3_SEV060_W0052,52.0,56.99,CYLINDER,CYLINDER_3,0.6,0.4,True,0.5004485375288902,False,0.5562978912296245,False,0.22567974,True
CYL3_SEV060,CYL3_SEV060_W0053,53.0,57.99,CYLINDER,CYLINDER_3,0.6,0.4,True,0.5017944766079776,False,0.5561301938153106,False,0.22818941,True
CYL3_SEV060,CYL3_SEV060_W0054,54.0,58.99,CYLINDER,CYLINDER_3,0.6,0.4,True,0.49872187892989206,False,0.5561301938153106,False,0.22636075,True
CYL3_SEV060,CYL3_SEV060_W0055,55.0,59.99,CYLINDER,CYLINDER_3,0.6,0.4,True,0.4960817469909959,False,0.5528139005496684,False,0.22485815,True
CYL3_SEV080,CYL3_SEV080_W0000,0.0,4.99,CYLINDER,CYLINDER_3,0.8,0.1999999999999999,True,1.8983617201252247,False,0.6563097037008941,False,0.072125025,False
CYL3_SEV080,CYL3_SEV080_W0001,1.0,5.99,CYLINDER,CYLINDER_3,0.8,0.1999999999999999,True,1.9086703421603843,False,0.6242132526080014,False,0.011224606,False
CYL3_SEV080,CYL3_SEV080_W0002,2.0,6.99,CYLINDER,CYLINDER_3,0.8,0.1999999999999999,True,1.9087645304815308,False,0.6055235160440325,False,0.010984963,False
CYL3_SEV080,CYL3_SEV080_W0003,3.0,7.99,CYLINDER,CYLINDER_3,0.8,0.1999999999999999,True,1.9083498282633502,False,0.6041319854978432,False,0.010854725,False
CYL3_SEV080,CYL3_SEV080_W0004,4.0,8.99,CYLINDER,CYLINDER_3,0.8,0.1999999999999999,True,1.9084974097578975,False,0.6035019157490872,False,0.010889885,False
CYL3_SEV080,CYL3_SEV080_W0005,5.0,9.99,CYLINDER,CYLINDER_3,0.8,0.1999999999999999,True,1.9085960013669456,False,0.6035741493067508,False,0.010757171,False
CYL3_SEV080,CYL3_SEV080_W0006,6.0,10.99,CYLINDER,CYLINDER_3,0.8,0.1999999999999999,True,1.5997334440668982,False,0.6709837712708768,True,0.21806656,True
CYL3_SEV080,CYL3_SEV080_W0007,7.0,11.99,CYLINDER,CYLINDER_3,0.8,0.1999999999999999,True,2.3170446707275696,True,0.6610758467831661,True,0.49215195,True
CYL3_SEV080,CYL3_SEV080_W0008,8.0,12.99,CYLINDER,CYLINDER_3,0.8,0.1999999999999999,True,2.5695541142017815,True,0.6483984882193813,False,0.24956903,True
CYL3_SEV080,CYL3_SEV080_W0009,9.0,13.99,CYLINDER,CYLINDER_3,0.8,0.1999999999999999,True,2.5471091029457655,True,0.6417869971016597,False,0.3001445,True
CYL3_SEV080,CYL3_SEV080_W0010,10.0,14.99,CYLINDER,CYLINDER_3,0.8,0.1999999999999999,True,2.2583466582838696,True,0.6458654228981139,False,0.36576393,True
CYL3_SEV080,CYL3_SEV080_W0011,11.0,15.99,CYLINDER,CYLINDER_3,0.8,0.1999999999999999,True,1.7420989780126042,False,0.6599312441728982,True,0.4594332,True
CYL3_SEV080,CYL3_SEV080_W0012,12.0,16.990000000000002,CYLINDER,CYLINDER_3,0.8,0.1999999999999999,True,1.3682504835603442,False,0.647305178393535,False,0.5698787,True
CYL3_SEV080,CYL3_SEV080_W0013,13.0,17.990000000000002,CYLINDER,CYLINDER_3,0.8,0.1999999999999999,True,0.7823920690498879,False,0.5703634161893103,False,0.280555,True
CYL3_SEV080,CYL3_SEV080_W0014,14.0,18.99,CYLINDER,CYLINDER_3,0.8,0.1999999999999999,True,0.7369539716890123,False,0.5569111030098328,False,0.28121454,True
CYL3_SEV080,CYL3_SEV080_W0015,15.0,19.99,CYLINDER,CYLINDER_3,0.8,0.1999999999999999,True,0.7160611865814263,False,0.5500753960591331,False,0.2754068,True
CYL3_SEV080,CYL3_SEV080_W0016,16.0,20.99,CYLINDER,CYLINDER_3,0.8,0.1999999999999999,True,0.701604271589741,False,0.5478863503536956,False,0.27385572,True
CYL3_SEV080,CYL3_SEV080_W0017,17.0,21.99,CYLINDER,CYLINDER_3,0.8,0.1999999999999999,True,0.6912950341327715,False,0.5478863503536956,False,0.27554536,True
CYL3_SEV080,CYL3_SEV080_W0018,18.0,22.99,CYLINDER,CYLINDER_3,0.8,0.1999999999999999,True,0.684216442547055,False,0.5464607993228002,False,0.2795344,True
CYL3_SEV080,CYL3_SEV080_W0019,19.0,23.99,CYLINDER,CYLINDER_3,0.8,0.1999999999999999,True,0.67967093451228,False,0.5464607993228002,False,0.28511363,True
CYL3_SEV080,CYL3_SEV080_W0020,20.0,24.99,CYLINDER,CYLINDER_3,0.8,0.1999999999999999,True,0.677083141239472,False,0.543718600161266,False,0.2918241,True
CYL3_SEV080,CYL3_SEV080_W0021,21.0,25.99,CYLINDER,CYLINDER_3,0.8,0.1999999999999999,True,0.6646402343686354,False,0.5464001885670245,False,0.2985251,True
CYL3_SEV080,CYL3_SEV080_W0022,22.0,26.99,CYLINDER,CYLINDER_3,0.8,0.1999999999999999,True,0.65602221592371,False,0.5514147941616017,False,0.311397,True
CYL3_SEV080,CYL3_SEV080_W0023,23.0,27.99,CYLINDER,CYLINDER_3,0.8,0.1999999999999999,True,0.6553772151988912,False,0.5515221378094041,False,0.32993653,True
CYL3_SEV080,CYL3_SEV080_W0024,24.0,28.99,CYLINDER,CYLINDER_3,0.8,0.1999999999999999,True,0.6455306753529971,False,0.5482927899429931,False,0.3345863,True
CYL3_SEV080,CYL3_SEV080_W0025,25.0,29.99,CYLINDER,CYLINDER_3,0.8,0.1999999999999999,True,0.6243953879249934,False,0.5478093453906678,False,0.32309365,True
CYL3_SEV080,CYL3_SEV080_W0026,26.0,30.99,CYLINDER,CYLINDER_3,0.8,0.1999999999999999,True,0.5941880939412487,False,0.5454347032907086,False,0.3000513,True
CYL3_SEV080,CYL3_SEV080_W0027,27.0,31.99,CYLINDER,CYLINDER_3,0.8,0.1999999999999999,True,0.5843600303456116,False,0.5457705095176173,False,0.2893532,True
CYL3_SEV080,CYL3_SEV080_W0028,28.0,32.99,CYLINDER,CYLINDER_3,0.8,0.1999999999999999,True,0.5850398877610075,False,0.5457705095176173,False,0.2905314,True
CYL3_SEV080,CYL3_SEV080_W0029,29.0,33.99,CYLINDER,CYLINDER_3,0.8,0.1999999999999999,True,0.5858753392660736,False,0.5457705095176173,False,0.29136395,True
CYL3_SEV080,CYL3_SEV080_W0030,30.0,34.99,CYLINDER,CYLINDER_3,0.8,0.1999999999999999,True,0.5866451265635437,False,0.5457705095176173,False,0.29210064,True
CYL3_SEV080,CYL3_SEV080_W0031,31.0,35.99,CYLINDER,CYLINDER_3,0.8,0.1999999999999999,True,0.5873500421808432,False,0.5457705095176173,False,0.2927707,True
CYL3_SEV080,CYL3_SEV080_W0032,32.0,36.99,CYLINDER,CYLINDER_3,0.8,0.1999999999999999,True,0.5879937393872134,False,0.5457705095176173,False,0.29338005,True
CYL3_SEV080,CYL3_SEV080_W0033,33.0,37.99,CYLINDER,CYLINDER_3,0.8,0.1999999999999999,True,0.5885803327025494,False,0.5457705095176173,False,0.29393354,True
CYL3_SEV080,CYL3_SEV080_W0034,34.0,38.99,CYLINDER,CYLINDER_3,0.8,0.1999999999999999,True,0.5891140258661637,False,0.5462110130308073,False,0.2944356,True
CYL3_SEV080,CYL3_SEV080_W0035,35.0,39.99,CYLINDER,CYLINDER_3,0.8,0.1999999999999999,True,0.5895989138031437,False,0.5475346579595461,False,0.2948905,True
CYL3_SEV080,CYL3_SEV080_W0036,36.0,40.99,CYLINDER,CYLINDER_3,0.8,0.1999999999999999,True,0.5900389234127693,False,0.5475346579595461,False,0.29530245,True
CYL3_SEV080,CYL3_SEV080_W0037,37.0,41.99,CYLINDER,CYLINDER_3,0.8,0.1999999999999999,True,0.5904377817395231,False,0.5475346579595461,False,0.2956751,True
CYL3_SEV080,CYL3_SEV080_W0038,38.0,42.99,CYLINDER,CYLINDER_3,0.8,0.1999999999999999,True,0.5907989974104747,False,0.5475346579595461,False,0.296012,True
CYL3_SEV080,CYL3_SEV080_W0039,39.0,43.99,CYLINDER,CYLINDER_3,0.8,0.1999999999999999,True,0.5911258516572465,False,0.5471585689110008,False,0.29631642,True
CYL3_SEV080,CYL3_SEV080_W0040,40.0,44.99,CYLINDER,CYLINDER_3,0.8,0.1999999999999999,True,0.5914213963728365,False,0.5475346579595461,False,0.29659128,True
CYL3_SEV080,CYL3_SEV080_W0041,41.0,45.99,CYLINDER,CYLINDER_3,0.8,0.1999999999999999,True,0.5916884572710522,False,0.5475346579595461,False,0.29683942,True
CYL3_SEV080,CYL3_SEV080_W0042,42.0,46.99,CYLINDER,CYLINDER_3,0.8,0.1999999999999999,True,0.5919296406602245,False,0.5475346579595461,False,0.2970632,True
CYL3_SEV080,CYL3_SEV080_W0043,43.0,47.99,CYLINDER,CYLINDER_3,0.8,0.1999999999999999,True,0.5921473426880423,False,0.5475346579595461,False,0.29726505,True
CYL3_SEV080,CYL3_SEV080_W0044,44.0,48.99,CYLINDER,CYLINDER_3,0.8,0.1999999999999999,True,0.592343760185061,False,0.5479765853561687,False,0.29744703,True
CYL3_SEV080,CYL3_SEV080_W0045,45.0,49.99,CYLINDER,CYLINDER_3,0.8,0.1999999999999999,True,0.5925209024464853,False,0.5484188694422192,False,0.29761094,True
CYL3_SEV080,CYL3_SEV080_W0046,46.0,50.99,CYLINDER,CYLINDER_3,0.8,0.1999999999999999,True,0.5778325811126733,False,0.5479298856053132,False,0.29469866,True
CYL3_SEV080,CYL3_SEV080_W0047,47.0,51.99,CYLINDER,CYLINDER_3,0.8,0.1999999999999999,True,0.586825106960104,False,0.5498092431212522,False,0.31074402,True
CYL3_SEV080,CYL3_SEV080_W0048,48.0,52.99,CYLINDER,CYLINDER_3,0.8,0.1999999999999999,True,0.6153924607856459,False,0.5522809661331801,False,0.341823,True
CYL3_SEV080,CYL3_SEV080_W0049,49.0,53.99,CYLINDER,CYLINDER_3,0.8,0.1999999999999999,True,0.6255356862740465,False,0.5556675758500158,False,0.35660926,True
CYL3_SEV080,CYL3_SEV080_W0050,50.0,54.99,CYLINDER,CYLINDER_3,0.8,0.1999999999999999,True,0.6120537142250487,False,0.5616753884704231,False,0.3479784,True
CYL3_SEV080,CYL3_SEV080_W0051,51.0,55.99,CYLINDER,CYLINDER_3,0.8,0.1999999999999999,True,0.5989032024872175,False,0.5654474437462079,False,0.34383544,True
CYL3_SEV080,CYL3_SEV080_W0052,52.0,56.99,CYLINDER,CYLINDER_3,0.8,0.1999999999999999,True,0.6136543667006756,False,0.5732784359290705,False,0.36283848,True
CYL3_SEV080,CYL3_SEV080_W0053,53.0,57.99,CYLINDER,CYLINDER_3,0.8,0.1999999999999999,True,0.6150307215525607,False,0.569305217071332,False,0.3659718,True
CYL3_SEV080,CYL3_SEV080_W0054,54.0,58.99,CYLINDER,CYLINDER_3,0.8,0.1999999999999999,True,0.61255013066537,False,0.5688460887450724,False,0.36361796,True
CYL3_SEV080,CYL3_SEV080_W0055,55.0,59.99,CYLINDER,CYLINDER_3,0.8,0.1999999999999999,True,0.6104047252908715,False,0.569305217071332,False,0.36162347,True
LUBRICATION_SEV040,LUBRICATION_SEV040_W0000,0.0,4.99,LUBRICATION,LUBRICATION_SYSTEM,0.4,0.6,True,2.1094140290453436,False,0.6544842818330918,False,0.4533925,True
LUBRICATION_SEV040,LUBRICATION_SEV040_W0001,1.0,5.99,LUBRICATION,LUBRICATION_SYSTEM,0.4,0.6,True,2.111345131562189,False,0.6048715942476894,False,0.37414935,True
LUBRICATION_SEV040,LUBRICATION_SEV040_W0002,2.0,6.99,LUBRICATION,LUBRICATION_SYSTEM,0.4,0.6,True,2.110715548756385,False,0.5819828795313464,False,0.37235254,True
LUBRICATION_SEV040,LUBRICATION_SEV040_W0003,3.0,7.99,LUBRICATION,LUBRICATION_SYSTEM,0.4,0.6,True,2.1101249176964565,False,0.5655308517553903,False,0.37187207,True
LUBRICATION_SEV040,LUBRICATION_SEV040_W0004,4.0,8.99,LUBRICATION,LUBRICATION_SYSTEM,0.4,0.6,True,2.109839489804247,False,0.564551678045965,False,0.37188336,True
LUBRICATION_SEV040,LUBRICATION_SEV040_W0005,5.0,9.99,LUBRICATION,LUBRICATION_SYSTEM,0.4,0.6,True,2.1101183348612143,False,0.5682607419693702,False,0.37186867,True
LUBRICATION_SEV040,LUBRICATION_SEV040_W0006,6.0,10.99,LUBRICATION,LUBRICATION_SYSTEM,0.4,0.6,True,1.788428878913254,False,0.6910708814215115,True,0.5241393,True
LUBRICATION_SEV040,LUBRICATION_SEV040_W0007,7.0,11.99,LUBRICATION,LUBRICATION_SYSTEM,0.4,0.6,True,2.3556290590867794,True,0.6632127081649402,True,0.65852123,True
LUBRICATION_SEV040,LUBRICATION_SEV040_W0008,8.0,12.99,LUBRICATION,LUBRICATION_SYSTEM,0.4,0.6,True,2.555276439642325,True,0.6452673184747676,False,0.52435577,True
LUBRICATION_SEV040,LUBRICATION_SEV040_W0009,9.0,13.99,LUBRICATION,LUBRICATION_SYSTEM,0.4,0.6,True,2.499519396411274,True,0.6406755660147888,False,0.62196475,True
LUBRICATION_SEV040,LUBRICATION_SEV040_W0010,10.0,14.99,LUBRICATION,LUBRICATION_SYSTEM,0.4,0.6,True,2.201999735024603,True,0.6495233168763718,False,0.74021506,True
LUBRICATION_SEV040,LUBRICATION_SEV040_W0011,11.0,15.99,LUBRICATION,LUBRICATION_SYSTEM,0.4,0.6,True,1.6736926601506072,False,0.6723716977087112,True,0.77313346,True
LUBRICATION_SEV040,LUBRICATION_SEV040_W0012,12.0,16.990000000000002,LUBRICATION,LUBRICATION_SYSTEM,0.4,0.6,True,1.1334845016627526,False,0.6534946918192797,False,0.6462875,True
LUBRICATION_SEV040,LUBRICATION_SEV040_W0013,13.0,17.990000000000002,LUBRICATION,LUBRICATION_SYSTEM,0.4,0.6,True,0.8584736267278642,False,0.578662718422678,False,0.5724203,True
LUBRICATION_SEV040,LUBRICATION_SEV040_W0014,14.0,18.99,LUBRICATION,LUBRICATION_SYSTEM,0.4,0.6,True,0.8494994045400743,False,0.4732220193447846,False,0.57093114,True
LUBRICATION_SEV040,LUBRICATION_SEV040_W0015,15.0,19.99,LUBRICATION,LUBRICATION_SYSTEM,0.4,0.6,True,0.8344663464304859,False,0.42132851136599575,False,0.5580412,True
LUBRICATION_SEV040,LUBRICATION_SEV040_W0016,16.0,20.99,LUBRICATION,LUBRICATION_SYSTEM,0.4,0.6,True,0.8225429473614368,False,0.40511759429546046,False,0.5514037,True
LUBRICATION_SEV040,LUBRICATION_SEV040_W0017,17.0,21.99,LUBRICATION,LUBRICATION_SYSTEM,0.4,0.6,True,0.8139545406154669,False,0.4002953447398488,False,0.5475895,True
LUBRICATION_SEV040,LUBRICATION_SEV040_W0018,18.0,22.99,LUBRICATION,LUBRICATION_SYSTEM,0.4,0.6,True,0.8080822060042766,False,0.39624167155789836,False,0.5460385,True
LUBRICATION_SEV040,LUBRICATION_SEV040_W0019,19.0,23.99,LUBRICATION,LUBRICATION_SYSTEM,0.4,0.6,True,0.804336471711093,False,0.3960179595962033,False,0.546171,True
LUBRICATION_SEV040,LUBRICATION_SEV040_W0020,20.0,24.99,LUBRICATION,LUBRICATION_SYSTEM,0.4,0.6,True,0.8022262106916296,False,0.39521431057928236,False,0.5486536,True
LUBRICATION_SEV040,LUBRICATION_SEV040_W0021,21.0,25.99,LUBRICATION,LUBRICATION_SYSTEM,0.4,0.6,True,0.7767799559389272,False,0.4461273705219018,False,0.5364596,True
LUBRICATION_SEV040,LUBRICATION_SEV040_W0022,22.0,26.99,LUBRICATION,LUBRICATION_SYSTEM,0.4,0.6,True,0.7710445832250024,False,0.46022278603733335,False,0.5526753,True
LUBRICATION_SEV040,LUBRICATION_SEV040_W0023,23.0,27.99,LUBRICATION,LUBRICATION_SYSTEM,0.4,0.6,True,0.7807662862855779,False,0.4629809798221025,False,0.5765381,True
LUBRICATION_SEV040,LUBRICATION_SEV040_W0024,24.0,28.99,LUBRICATION,LUBRICATION_SYSTEM,0.4,0.6,True,0.7794569684474214,False,0.456514660633601,False,0.57795554,True
LUBRICATION_SEV040,LUBRICATION_SEV040_W0025,25.0,29.99,LUBRICATION,LUBRICATION_SYSTEM,0.4,0.6,True,0.7659389305023765,False,0.45995607119655985,False,0.55652094,True
LUBRICATION_SEV040,LUBRICATION_SEV040_W0026,26.0,30.99,LUBRICATION,LUBRICATION_SYSTEM,0.4,0.6,True,0.7564922352782054,False,0.4595509719811018,False,0.5276675,True
LUBRICATION_SEV040,LUBRICATION_SEV040_W0027,27.0,31.99,LUBRICATION,LUBRICATION_SYSTEM,0.4,0.6,True,0.7647708376029593,False,0.4135543867449659,False,0.52522415,True
LUBRICATION_SEV040,LUBRICATION_SEV040_W0028,28.0,32.99,LUBRICATION,LUBRICATION_SYSTEM,0.4,0.6,True,0.7657000822403881,False,0.3829372413828681,False,0.52511764,True
LUBRICATION_SEV040,LUBRICATION_SEV040_W0029,29.0,33.99,LUBRICATION,LUBRICATION_SYSTEM,0.4,0.6,True,0.7663675995067301,False,0.36734530487668665,False,0.5252569,True
LUBRICATION_SEV040,LUBRICATION_SEV040_W0030,30.0,34.99,LUBRICATION,LUBRICATION_SYSTEM,0.4,0.6,True,0.7669501673983258,False,0.3580541427767801,False,0.5253939,True
LUBRICATION_SEV040,LUBRICATION_SEV040_W0031,31.0,35.99,LUBRICATION,LUBRICATION_SYSTEM,0.4,0.6,True,0.7674809581567016,False,0.3541981109678253,False,0.52553034,True
LUBRICATION_SEV040,LUBRICATION_SEV040_W0032,32.0,36.99,LUBRICATION,LUBRICATION_SYSTEM,0.4,0.6,True,0.7679654125296668,False,0.3537510258353567,False,0.52566403,True
LUBRICATION_SEV040,LUBRICATION_SEV040_W0033,33.0,37.99,LUBRICATION,LUBRICATION_SYSTEM,0.4,0.6,True,0.7684069155825503,False,0.35222854905213224,False,0.52579314,True
LUBRICATION_SEV040,LUBRICATION_SEV040_W0034,34.0,38.99,LUBRICATION,LUBRICATION_SYSTEM,0.4,0.6,True,0.7688086461515892,False,0.35340041847228776,False,0.5259165,True
LUBRICATION_SEV040,LUBRICATION_SEV040_W0035,35.0,39.99,LUBRICATION,LUBRICATION_SYSTEM,0.4,0.6,True,0.7691736792696355,False,0.35521725601974924,False,0.5260329,True
LUBRICATION_SEV040,LUBRICATION_SEV040_W0036,36.0,40.99,LUBRICATION,LUBRICATION_SYSTEM,0.4,0.6,True,0.7695049624923933,False,0.3554280499514898,False,0.5261425,True
LUBRICATION_SEV040,LUBRICATION_SEV040_W0037,37.0,41.99,LUBRICATION,LUBRICATION_SYSTEM,0.4,0.6,True,0.7698052936228715,False,0.3554280499514898,False,0.52624464,True
LUBRICATION_SEV040,LUBRICATION_SEV040_W0038,38.0,42.99,LUBRICATION,LUBRICATION_SYSTEM,0.4,0.6,True,0.7700773070358505,False,0.3551839145434579,False,0.5263396,True
LUBRICATION_SEV040,LUBRICATION_SEV040_W0039,39.0,43.99,LUBRICATION,LUBRICATION_SYSTEM,0.4,0.6,True,0.7703234669632145,False,0.3545628009392962,False,0.52642745,True
LUBRICATION_SEV040,LUBRICATION_SEV040_W0040,40.0,44.99,LUBRICATION,LUBRICATION_SYSTEM,0.4,0.6,True,0.7705460659887458,False,0.35480650942533937,False,0.5265084,True
LUBRICATION_SEV040,LUBRICATION_SEV040_W0041,41.0,45.99,LUBRICATION,LUBRICATION_SYSTEM,0.4,0.6,True,0.7707472273414853,False,0.3555595169520065,False,0.5265828,True
LUBRICATION_SEV040,LUBRICATION_SEV040_W0042,42.0,46.99,LUBRICATION,LUBRICATION_SYSTEM,0.4,0.6,True,0.7709289098902072,False,0.3558840899753741,False,0.5266509,True
LUBRICATION_SEV040,LUBRICATION_SEV040_W0043,43.0,47.99,LUBRICATION,LUBRICATION_SYSTEM,0.4,0.6,True,0.7710929149926957,False,0.35563868623251194,False,0.52671313,True
LUBRICATION_SEV040,LUBRICATION_SEV040_W0044,44.0,48.99,LUBRICATION,LUBRICATION_SYSTEM,0.4,0.6,True,0.7712408945516511,False,0.3580531794050307,False,0.52677006,True
LUBRICATION_SEV040,LUBRICATION_SEV040_W0045,45.0,49.99,LUBRICATION,LUBRICATION_SYSTEM,0.4,0.6,True,0.771374359784942,False,0.3586313980219441,False,0.5268218,True
LUBRICATION_SEV040,LUBRICATION_SEV040_W0046,46.0,50.99,LUBRICATION,LUBRICATION_SYSTEM,0.4,0.6,True,0.7621916504047214,False,0.4676743938159812,False,0.52615374,True
LUBRICATION_SEV040,LUBRICATION_SEV040_W0047,47.0,51.99,LUBRICATION,LUBRICATION_SYSTEM,0.4,0.6,True,0.7593874068918016,False,0.49837496932911285,False,0.53967017,True
LUBRICATION_SEV040,LUBRICATION_SEV040_W0048,48.0,52.99,LUBRICATION,LUBRICATION_SYSTEM,0.4,0.6,True,0.7777397425071818,False,0.49710553443758165,False,0.57231563,True
LUBRICATION_SEV040,LUBRICATION_SEV040_W0049,49.0,53.99,LUBRICATION,LUBRICATION_SYSTEM,0.4,0.6,True,0.7854547544241838,False,0.5016077541857735,False,0.59136957,True
LUBRICATION_SEV040,LUBRICATION_SEV040_W0050,50.0,54.99,LUBRICATION,LUBRICATION_SYSTEM,0.4,0.6,True,0.7721421616601352,False,0.522650734649571,False,0.5830033,True
LUBRICATION_SEV040,LUBRICATION_SEV040_W0051,51.0,55.99,LUBRICATION,LUBRICATION_SYSTEM,0.4,0.6,True,0.7444088448368726,False,0.5347758925990134,False,0.5517146,True
LUBRICATION_SEV040,LUBRICATION_SEV040_W0052,52.0,56.99,LUBRICATION,LUBRICATION_SYSTEM,0.4,0.6,True,0.7737394774395085,False,0.5290135536243894,False,0.5899056,True
LUBRICATION_SEV040,LUBRICATION_SEV040_W0053,53.0,57.99,LUBRICATION,LUBRICATION_SYSTEM,0.4,0.6,True,0.7761372573458081,False,0.4934188556162559,False,0.5921776,True
LUBRICATION_SEV040,LUBRICATION_SEV040_W0054,54.0,58.99,LUBRICATION,LUBRICATION_SYSTEM,0.4,0.6,True,0.7742750909187716,False,0.47501166079522456,False,0.5893697,True
LUBRICATION_SEV040,LUBRICATION_SEV040_W0055,55.0,59.99,LUBRICATION,LUBRICATION_SYSTEM,0.4,0.6,True,0.7725897091373087,False,0.4768399607664407,False,0.5869127,True
LUBRICATION_SEV060,LUBRICATION_SEV060_W0000,0.0,4.99,LUBRICATION,LUBRICATION_SYSTEM,0.6,0.4,True,2.2868797105091088,True,0.6532949345613505,False,0.9197192,True
LUBRICATION_SEV060,LUBRICATION_SEV060_W0001,1.0,5.99,LUBRICATION,LUBRICATION_SYSTEM,0.6,0.4,True,2.2881782891916322,True,0.615505008923842,False,0.8370697,True
LUBRICATION_SEV060,LUBRICATION_SEV060_W0002,2.0,6.99,LUBRICATION,LUBRICATION_SYSTEM,0.6,0.4,True,2.287455766854302,True,0.5967220193688153,False,0.83486235,True
LUBRICATION_SEV060,LUBRICATION_SEV060_W0003,3.0,7.99,LUBRICATION,LUBRICATION_SYSTEM,0.6,0.4,True,2.286857437704861,True,0.585570880265794,False,0.8341346,True
LUBRICATION_SEV060,LUBRICATION_SEV060_W0004,4.0,8.99,LUBRICATION,LUBRICATION_SYSTEM,0.6,0.4,True,2.2870135583291185,True,0.5818535700615476,False,0.8339715,True
LUBRICATION_SEV060,LUBRICATION_SEV060_W0005,5.0,9.99,LUBRICATION,LUBRICATION_SYSTEM,0.6,0.4,True,2.2867885745844307,True,0.5895525707230622,False,0.83403766,True
LUBRICATION_SEV060,LUBRICATION_SEV060_W0006,6.0,10.99,LUBRICATION,LUBRICATION_SYSTEM,0.6,0.4,True,1.9895889856258477,False,0.6903485293216427,True,1.0287651,True
LUBRICATION_SEV060,LUBRICATION_SEV060_W0007,7.0,11.99,LUBRICATION,LUBRICATION_SYSTEM,0.6,0.4,True,2.4687993291827577,True,0.6664309581934058,True,1.2145443,True
LUBRICATION_SEV060,LUBRICATION_SEV060_W0008,8.0,12.99,LUBRICATION,LUBRICATION_SYSTEM,0.6,0.4,True,2.6623758311029864,True,0.6510193997814192,False,1.1324534,True
LUBRICATION_SEV060,LUBRICATION_SEV060_W0009,9.0,13.99,LUBRICATION,LUBRICATION_SYSTEM,0.6,0.4,True,2.606335755652868,True,0.6479531181099869,False,1.2682061,True
LUBRICATION_SEV060,LUBRICATION_SEV060_W0010,10.0,14.99,LUBRICATION,LUBRICATION_SYSTEM,0.6,0.4,True,2.3266467045575467,True,0.6505722294277456,False,1.4241443,True
LUBRICATION_SEV060,LUBRICATION_SEV060_W0011,11.0,15.99,LUBRICATION,LUBRICATION_SYSTEM,0.6,0.4,True,1.8357362023477934,False,0.6685851294358006,True,1.4710741,True
LUBRICATION_SEV060,LUBRICATION_SEV060_W0012,12.0,16.990000000000002,LUBRICATION,LUBRICATION_SYSTEM,0.6,0.4,True,1.3695418931678556,False,0.6447674926440817,False,1.3054886,True
LUBRICATION_SEV060,LUBRICATION_SEV060_W0013,13.0,17.990000000000002,LUBRICATION,LUBRICATION_SYSTEM,0.6,0.4,True,1.16291527200484,False,0.5568427874793803,False,1.2374501,True
LUBRICATION_SEV060,LUBRICATION_SEV060_W0014,14.0,18.99,LUBRICATION,LUBRICATION_SYSTEM,0.6,0.4,True,1.1559850618812035,False,0.4779686970684873,False,1.2354232,True
LUBRICATION_SEV060,LUBRICATION_SEV060_W0015,15.0,19.99,LUBRICATION,LUBRICATION_SYSTEM,0.6,0.4,True,1.1450480883872316,False,0.43891430413758276,False,1.2280246,True
LUBRICATION_SEV060,LUBRICATION_SEV060_W0016,16.0,20.99,LUBRICATION,LUBRICATION_SYSTEM,0.6,0.4,True,1.1363902134117305,False,0.4206073779074482,False,1.2223061,True
LUBRICATION_SEV060,LUBRICATION_SEV060_W0017,17.0,21.99,LUBRICATION,LUBRICATION_SYSTEM,0.6,0.4,True,1.1301929756192137,False,0.41846095877706463,False,1.2191006,True
LUBRICATION_SEV060,LUBRICATION_SEV060_W0018,18.0,22.99,LUBRICATION,LUBRICATION_SYSTEM,0.6,0.4,True,1.12597497759125,False,0.413320881641042,False,1.2193736,True
LUBRICATION_SEV060,LUBRICATION_SEV060_W0019,19.0,23.99,LUBRICATION,LUBRICATION_SYSTEM,0.6,0.4,True,1.1232928322007953,False,0.41337146243405537,False,1.2214708,True
LUBRICATION_SEV060,LUBRICATION_SEV060_W0020,20.0,24.99,LUBRICATION,LUBRICATION_SYSTEM,0.6,0.4,True,1.1217850397990659,False,0.4125325975256379,False,1.2236593,True
LUBRICATION_SEV060,LUBRICATION_SEV060_W0021,21.0,25.99,LUBRICATION,LUBRICATION_SYSTEM,0.6,0.4,True,1.103731758214471,False,0.461042348730759,False,1.2076185,True
LUBRICATION_SEV060,LUBRICATION_SEV060_W0022,22.0,26.99,LUBRICATION,LUBRICATION_SYSTEM,0.6,0.4,True,1.099703637556581,False,0.4738949472782684,False,1.2211097,True
LUBRICATION_SEV060,LUBRICATION_SEV060_W0023,23.0,27.99,LUBRICATION,LUBRICATION_SYSTEM,0.6,0.4,True,1.1065430521478201,False,0.47733188578170915,False,1.2427663,True
LUBRICATION_SEV060,LUBRICATION_SEV060_W0024,24.0,28.99,LUBRICATION,LUBRICATION_SYSTEM,0.6,0.4,True,1.1056205996760446,False,0.4711013957035189,False,1.2364186,True
LUBRICATION_SEV060,LUBRICATION_SEV060_W0025,25.0,29.99,LUBRICATION,LUBRICATION_SYSTEM,0.6,0.4,True,1.0961328936197905,False,0.4701362016875353,False,1.2089337,True
LUBRICATION_SEV060,LUBRICATION_SEV060_W0026,26.0,30.99,LUBRICATION,LUBRICATION_SYSTEM,0.6,0.4,True,1.089552095459169,False,0.4762302815689222,False,1.1810068,True
LUBRICATION_SEV060,LUBRICATION_SEV060_W0027,27.0,31.99,LUBRICATION,LUBRICATION_SYSTEM,0.6,0.4,True,1.0953152410932714,False,0.4333721973717863,False,1.1792886,True
LUBRICATION_SEV060,LUBRICATION_SEV060_W0028,28.0,32.99,LUBRICATION,LUBRICATION_SYSTEM,0.6,0.4,True,1.0959641626992322,False,0.4015153346397522,False,1.1789045,True
LUBRICATION_SEV060,LUBRICATION_SEV060_W0029,29.0,33.99,LUBRICATION,LUBRICATION_SYSTEM,0.6,0.4,True,1.096430335084889,False,0.38471015794127444,False,1.1790901,True
LUBRICATION_SEV060,LUBRICATION_SEV060_W0030,30.0,34.99,LUBRICATION,LUBRICATION_SYSTEM,0.6,0.4,True,1.096837323681632,False,0.3763326101789405,False,1.1792907,True
LUBRICATION_SEV060,LUBRICATION_SEV060_W0031,31.0,35.99,LUBRICATION,LUBRICATION_SYSTEM,0.6,0.4,True,1.0972082696879224,False,0.37227973006326015,False,1.1794856,True
LUBRICATION_SEV060,LUBRICATION_SEV060_W0032,32.0,36.99,LUBRICATION,LUBRICATION_SYSTEM,0.6,0.4,True,1.0975469419356274,False,0.37180982148024727,False,1.179672,True
LUBRICATION_SEV060,LUBRICATION_SEV060_W0033,33.0,37.99,LUBRICATION,LUBRICATION_SYSTEM,0.6,0.4,True,1.0978556784370228,False,0.3702096230931422,False,1.1798484,True
LUBRICATION_SEV060,LUBRICATION_SEV060_W0034,34.0,38.99,LUBRICATION,LUBRICATION_SYSTEM,0.6,0.4,True,1.0981366778250208,False,0.37144131580379164,False,1.1800146,True
LUBRICATION_SEV060,LUBRICATION_SEV060_W0035,35.0,39.99,LUBRICATION,LUBRICATION_SYSTEM,0.6,0.4,True,1.0983920705427597,False,0.37335090191053183,False,1.1801691,True
LUBRICATION_SEV060,LUBRICATION_SEV060_W0036,36.0,40.99,LUBRICATION,LUBRICATION_SYSTEM,0.6,0.4,True,1.0986239016758959,False,0.3735724567567532,False,1.1803131,True
LUBRICATION_SEV060,LUBRICATION_SEV060_W0037,37.0,41.99,LUBRICATION,LUBRICATION_SYSTEM,0.6,0.4,True,1.0988341148077159,False,0.3735724567567532,False,1.1804464,True
LUBRICATION_SEV060,LUBRICATION_SEV060_W0038,38.0,42.99,LUBRICATION,LUBRICATION_SYSTEM,0.6,0.4,True,1.0990245419399847,False,0.3733158583701817,False,1.1805689,True
LUBRICATION_SEV060,LUBRICATION_SEV060_W0039,39.0,43.99,LUBRICATION,LUBRICATION_SYSTEM,0.6,0.4,True,1.099196898339772,False,0.3726630372575446,False,1.180682,True
LUBRICATION_SEV060,LUBRICATION_SEV060_W0040,40.0,44.99,LUBRICATION,LUBRICATION_SYSTEM,0.6,0.4,True,1.099352781088442,False,0.37291918692799414,False,1.1807852,True
LUBRICATION_SEV060,LUBRICATION_SEV060_W0041,41.0,45.99,LUBRICATION,LUBRICATION_SYSTEM,0.6,0.4,True,1.0994936703436295,False,0.3721057286020335,False,1.18088,True
LUBRICATION_SEV060,LUBRICATION_SEV060_W0042,42.0,46.99,LUBRICATION,LUBRICATION_SYSTEM,0.6,0.4,True,1.099620932542285,False,0.3724454058588261,False,1.180966,True
LUBRICATION_SEV060,LUBRICATION_SEV060_W0043,43.0,47.99,LUBRICATION,LUBRICATION_SYSTEM,0.6,0.4,True,1.0997358249475233,False,0.3721885820805676,False,1.1810447,True
LUBRICATION_SEV060,LUBRICATION_SEV060_W0044,44.0,48.99,LUBRICATION,LUBRICATION_SYSTEM,0.6,0.4,True,1.0998395010803248,False,0.37471543538734037,False,1.1811162,True
LUBRICATION_SEV060,LUBRICATION_SEV060_W0045,45.0,49.99,LUBRICATION,LUBRICATION_SYSTEM,0.6,0.4,True,1.099933016686258,False,0.37532056181338075,False,1.1811814,True
LUBRICATION_SEV060,LUBRICATION_SEV060_W0046,46.0,50.99,LUBRICATION,LUBRICATION_SYSTEM,0.6,0.4,True,1.0935104670338003,False,0.48702679063306686,False,1.1750412,True
LUBRICATION_SEV060,LUBRICATION_SEV060_W0047,47.0,51.99,LUBRICATION,LUBRICATION_SYSTEM,0.6,0.4,True,1.0915557846307882,False,0.505770782591878,False,1.1812572,True
LUBRICATION_SEV060,LUBRICATION_SEV060_W0048,48.0,52.99,LUBRICATION,LUBRICATION_SYSTEM,0.6,0.4,True,1.1044022609542152,False,0.5045666034409582,False,1.2099854,True
LUBRICATION_SEV060,LUBRICATION_SEV060_W0049,49.0,53.99,LUBRICATION,LUBRICATION_SYSTEM,0.6,0.4,True,1.109848818838423,False,0.5090768326792453,False,1.2257775,True
LUBRICATION_SEV060,LUBRICATION_SEV060_W0050,50.0,54.99,LUBRICATION,LUBRICATION_SYSTEM,0.6,0.4,True,1.100467151321915,False,0.5272700912763325,False,1.2143166,True
LUBRICATION_SEV060,LUBRICATION_SEV060_W0051,51.0,55.99,LUBRICATION,LUBRICATION_SYSTEM,0.6,0.4,True,1.0811866353517476,False,0.5350796148630333,False,1.1727366,True
LUBRICATION_SEV060,LUBRICATION_SEV060_W0052,52.0,56.99,LUBRICATION,LUBRICATION_SYSTEM,0.6,0.4,True,1.101584659943727,False,0.5301064671455631,False,1.1993005,True
LUBRICATION_SEV060,LUBRICATION_SEV060_W0053,53.0,57.99,LUBRICATION,LUBRICATION_SYSTEM,0.6,0.4,True,1.103270482311681,False,0.4994524533661993,False,1.1992254,True
LUBRICATION_SEV060,LUBRICATION_SEV060_W0054,54.0,58.99,LUBRICATION,LUBRICATION_SYSTEM,0.6,0.4,True,1.1019612598275412,False,0.48192767232327627,False,1.1953274,True
LUBRICATION_SEV060,LUBRICATION_SEV060_W0055,55.0,59.99,LUBRICATION,LUBRICATION_SYSTEM,0.6,0.4,True,1.1007776724359366,False,0.4843333448221977,False,1.1920156,True
LUBRICATION_SEV080,LUBRICATION_SEV080_W0000,0.0,4.99,LUBRICATION,LUBRICATION_SYSTEM,0.8,0.1999999999999999,True,2.490058002050958,True,0.6517156180477157,False,1.5699939,True
LUBRICATION_SEV080,LUBRICATION_SEV080_W0001,1.0,5.99,LUBRICATION,LUBRICATION_SYSTEM,0.8,0.1999999999999999,True,2.491368393340076,True,0.6138703065236242,False,1.4862117,True
LUBRICATION_SEV080,LUBRICATION_SEV080_W0002,2.0,6.99,LUBRICATION,LUBRICATION_SYSTEM,0.8,0.1999999999999999,True,2.4907835647913976,True,0.5940506750713082,False,1.4838741,True
LUBRICATION_SEV080,LUBRICATION_SEV080_W0003,3.0,7.99,LUBRICATION,LUBRICATION_SYSTEM,0.8,0.1999999999999999,True,2.4903450070110096,True,0.5871842915651966,False,1.4836444,True
LUBRICATION_SEV080,LUBRICATION_SEV080_W0004,4.0,8.99,LUBRICATION,LUBRICATION_SYSTEM,0.8,0.1999999999999999,True,2.4900908212221164,True,0.589413051058273,False,1.4837915,True
LUBRICATION_SEV080,LUBRICATION_SEV080_W0005,5.0,9.99,LUBRICATION,LUBRICATION_SYSTEM,0.8,0.1999999999999999,True,2.4902803440630397,True,0.5873801112536976,False,1.4837228,True
LUBRICATION_SEV080,LUBRICATION_SEV080_W0006,6.0,10.99,LUBRICATION,LUBRICATION_SYSTEM,0.8,0.1999999999999999,True,2.216825047707438,True,0.6822073538633385,True,1.7285336,True
LUBRICATION_SEV080,LUBRICATION_SEV080_W0007,7.0,11.99,LUBRICATION,LUBRICATION_SYSTEM,0.8,0.1999999999999999,True,2.655331133710719,True,0.664819885825029,True,2.0358894,True
LUBRICATION_SEV080,LUBRICATION_SEV080_W0008,8.0,12.99,LUBRICATION,LUBRICATION_SYSTEM,0.8,0.1999999999999999,True,2.83165624267165,True,0.6504943713108885,False,1.9856303,True
LUBRICATION_SEV080,LUBRICATION_SEV080_W0009,9.0,13.99,LUBRICATION,LUBRICATION_SYSTEM,0.8,0.1999999999999999,True,2.7803715529335795,True,0.6474305625076636,False,2.1550107,True
LUBRICATION_SEV080,LUBRICATION_SEV080_W0010,10.0,14.99,LUBRICATION,LUBRICATION_SYSTEM,0.8,0.1999999999999999,True,2.5207178371408303,True,0.6484760954785557,False,2.3659565,True
LUBRICATION_SEV080,LUBRICATION_SEV080_W0011,11.0,15.99,LUBRICATION,LUBRICATION_SYSTEM,0.8,0.1999999999999999,True,2.076225034310217,False,0.6696648248304168,True,2.4653747,True
LUBRICATION_SEV080,LUBRICATION_SEV080_W0012,12.0,16.990000000000002,LUBRICATION,LUBRICATION_SYSTEM,0.8,0.1999999999999999,True,1.6488021029087296,False,0.646988408699589,False,2.25888,True
LUBRICATION_SEV080,LUBRICATION_SEV080_W0013,13.0,17.990000000000002,LUBRICATION,LUBRICATION_SYSTEM,0.8,0.1999999999999999,True,1.5002607830061852,False,0.5603344367649076,False,2.1800168,True
LUBRICATION_SEV080,LUBRICATION_SEV080_W0014,14.0,18.99,LUBRICATION,LUBRICATION_SYSTEM,0.8,0.1999999999999999,True,1.4949805759513144,False,0.4854778305608953,False,2.199664,True
LUBRICATION_SEV080,LUBRICATION_SEV080_W0015,15.0,19.99,LUBRICATION,LUBRICATION_SYSTEM,0.8,0.1999999999999999,True,1.4864923617130377,False,0.43710382094839245,False,2.1953895,True
LUBRICATION_SEV080,LUBRICATION_SEV080_W0016,16.0,20.99,LUBRICATION,LUBRICATION_SYSTEM,0.8,0.1999999999999999,True,1.4798143451043144,False,0.4255479510617293,False,2.1905499,True
LUBRICATION_SEV080,LUBRICATION_SEV080_W0017,17.0,21.99,LUBRICATION,LUBRICATION_SYSTEM,0.8,0.1999999999999999,True,1.4750498847252531,False,0.42524001780674614,False,2.1885133,True
LUBRICATION_SEV080,LUBRICATION_SEV080_W0018,18.0,22.99,LUBRICATION,LUBRICATION_SYSTEM,0.8,0.1999999999999999,True,1.4718122682650134,False,0.4221944259253878,False,2.1854296,True
LUBRICATION_SEV080,LUBRICATION_SEV080_W0019,19.0,23.99,LUBRICATION,LUBRICATION_SYSTEM,0.8,0.1999999999999999,True,1.469754984291477,False,0.4225351884338528,False,2.182341,True
LUBRICATION_SEV080,LUBRICATION_SEV080_W0020,20.0,24.99,LUBRICATION,LUBRICATION_SYSTEM,0.8,0.1999999999999999,True,1.4685981140256192,False,0.420743571949212,False,2.1808255,True
LUBRICATION_SEV080,LUBRICATION_SEV080_W0021,21.0,25.99,LUBRICATION,LUBRICATION_SYSTEM,0.8,0.1999999999999999,True,1.4550204966111404,False,0.46095633607989817,False,2.1489635,True
LUBRICATION_SEV080,LUBRICATION_SEV080_W0022,22.0,26.99,LUBRICATION,LUBRICATION_SYSTEM,0.8,0.1999999999999999,True,1.4521860725720417,False,0.47790392688511774,False,2.140873,True
LUBRICATION_SEV080,LUBRICATION_SEV080_W0023,23.0,27.99,LUBRICATION,LUBRICATION_SYSTEM,0.8,0.1999999999999999,True,1.4574776753716332,False,0.4819222798681848,False,2.141942,True
LUBRICATION_SEV080,LUBRICATION_SEV080_W0024,24.0,28.99,LUBRICATION,LUBRICATION_SYSTEM,0.8,0.1999999999999999,True,1.456879714091294,False,0.4802473025655708,False,2.1333356,True
LUBRICATION_SEV080,LUBRICATION_SEV080_W0025,25.0,29.99,LUBRICATION,LUBRICATION_SYSTEM,0.8,0.1999999999999999,True,1.4498034397304933,False,0.47939001226514016,False,2.110043,True
LUBRICATION_SEV080,LUBRICATION_SEV080_W0026,26.0,30.99,LUBRICATION,LUBRICATION_SYSTEM,0.8,0.1999999999999999,True,1.4449325494634,False,0.4774992854197937,False,2.0870364,True
LUBRICATION_SEV080,LUBRICATION_SEV080_W0027,27.0,31.99,LUBRICATION,LUBRICATION_SYSTEM,0.8,0.1999999999999999,True,1.4493227631373113,False,0.437347603159491,False,2.0860214,True
LUBRICATION_SEV080,LUBRICATION_SEV080_W0028,28.0,32.99,LUBRICATION,LUBRICATION_SYSTEM,0.8,0.1999999999999999,True,1.449808673523373,False,0.4132724704389833,False,2.0851915,True
LUBRICATION_SEV080,LUBRICATION_SEV080_W0029,29.0,33.99,LUBRICATION,LUBRICATION_SYSTEM,0.8,0.1999999999999999,True,1.4501613603582053,False,0.405728975042833,False,2.0855007,True
LUBRICATION_SEV080,LUBRICATION_SEV080_W0030,30.0,34.99,LUBRICATION,LUBRICATION_SYSTEM,0.8,0.1999999999999999,True,1.4504696517191213,False,0.4002115094229663,False,2.085846,True
LUBRICATION_SEV080,LUBRICATION_SEV080_W0031,31.0,35.99,LUBRICATION,LUBRICATION_SYSTEM,0.8,0.1999999999999999,True,1.4507507342920634,False,0.3978083640323649,False,2.0861738,True
LUBRICATION_SEV080,LUBRICATION_SEV080_W0032,32.0,36.99,LUBRICATION,LUBRICATION_SYSTEM,0.8,0.1999999999999999,True,1.451007412041289,False,0.3973062320344145,False,2.0864792,True
LUBRICATION_SEV080,LUBRICATION_SEV080_W0033,33.0,37.99,LUBRICATION,LUBRICATION_SYSTEM,0.8,0.1999999999999999,True,1.4512414404947638,False,0.3968165796526276,False,2.0867627,True
LUBRICATION_SEV080,LUBRICATION_SEV080_W0034,34.0,38.99,LUBRICATION,LUBRICATION_SYSTEM,0.8,0.1999999999999999,True,1.4514544754014134,False,0.3981367940882747,False,2.0870252,True
LUBRICATION_SEV080,LUBRICATION_SEV080_W0035,35.0,39.99,LUBRICATION,LUBRICATION_SYSTEM,0.8,0.1999999999999999,True,1.4516481230452836,False,0.39840897508672013,False,2.0872667,True
LUBRICATION_SEV080,LUBRICATION_SEV080_W0036,36.0,40.99,LUBRICATION,LUBRICATION_SYSTEM,0.8,0.1999999999999999,True,1.4518239267532507,False,0.39864539995875564,False,2.0874882,True
LUBRICATION_SEV080,LUBRICATION_SEV080_W0037,37.0,41.99,LUBRICATION,LUBRICATION_SYSTEM,0.8,0.1999999999999999,True,1.4519833543476857,False,0.39864539995875564,False,2.0876915,True
LUBRICATION_SEV080,LUBRICATION_SEV080_W0038,38.0,42.99,LUBRICATION,LUBRICATION_SYSTEM,0.8,0.1999999999999999,True,1.4521277902543033,False,0.39837157954027075,False,2.087877,True
LUBRICATION_SEV080,LUBRICATION_SEV080_W0039,39.0,43.99,LUBRICATION,LUBRICATION_SYSTEM,0.8,0.1999999999999999,True,1.452258531381141,False,0.3982694777365406,False,2.0880466,True
LUBRICATION_SEV080,LUBRICATION_SEV080_W0040,40.0,44.99,LUBRICATION,LUBRICATION_SYSTEM,0.8,0.1999999999999999,True,1.4523767858368644,False,0.39854322797542413,False,2.0882006,True
LUBRICATION_SEV080,LUBRICATION_SEV080_W0041,41.0,45.99,LUBRICATION,LUBRICATION_SYSTEM,0.8,0.1999999999999999,True,1.452483673734844,False,0.39986503989124567,False,2.0883408,True
LUBRICATION_SEV080,LUBRICATION_SEV080_W0042,42.0,46.99,LUBRICATION,LUBRICATION_SYSTEM,0.8,0.1999999999999999,True,1.452580229494172,False,0.4002300572758147,False,2.088468,True
LUBRICATION_SEV080,LUBRICATION_SEV080_W0043,43.0,47.99,LUBRICATION,LUBRICATION_SYSTEM,0.8,0.1999999999999999,True,1.452667405181374,False,0.39995407428914004,False,2.0885837,True
LUBRICATION_SEV080,LUBRICATION_SEV080_W0044,44.0,48.99,LUBRICATION,LUBRICATION_SYSTEM,0.8,0.1999999999999999,True,1.4527460745416607,False,0.40179107906280953,False,2.088688,True
LUBRICATION_SEV080,LUBRICATION_SEV080_W0045,45.0,49.99,LUBRICATION,LUBRICATION_SYSTEM,0.8,0.1999999999999999,True,1.4528170374516267,False,0.4021153735763625,False,2.0887833,True
LUBRICATION_SEV080,LUBRICATION_SEV080_W0046,46.0,50.99,LUBRICATION,LUBRICATION_SYSTEM,0.8,0.1999999999999999,True,1.447743538608322,False,0.48462362093699074,False,2.0809486,True
LUBRICATION_SEV080,LUBRICATION_SEV080_W0047,47.0,51.99,LUBRICATION,LUBRICATION_SYSTEM,0.8,0.1999999999999999,True,1.4462690479920575,False,0.5093210588830798,False,2.0848827,True
LUBRICATION_SEV080,LUBRICATION_SEV080_W0048,48.0,52.99,LUBRICATION,LUBRICATION_SYSTEM,0.8,0.1999999999999999,True,1.456213482922638,False,0.5089872450709447,False,2.1133041,True
LUBRICATION_SEV080,LUBRICATION_SEV080_W0049,49.0,53.99,LUBRICATION,LUBRICATION_SYSTEM,0.8,0.1999999999999999,True,1.46038340302363,False,0.5220995962309751,False,2.1294954,True
LUBRICATION_SEV080,LUBRICATION_SEV080_W0050,50.0,54.99,LUBRICATION,LUBRICATION_SYSTEM,0.8,0.1999999999999999,True,1.453096734600806,False,0.5305150322996657,False,2.1176677,True
LUBRICATION_SEV080,LUBRICATION_SEV080_W0051,51.0,55.99,LUBRICATION,LUBRICATION_SYSTEM,0.8,0.1999999999999999,True,1.4385823281854284,False,0.5461463207667335,False,2.0687168,True
LUBRICATION_SEV080,LUBRICATION_SEV080_W0052,52.0,56.99,LUBRICATION,LUBRICATION_SYSTEM,0.8,0.1999999999999999,True,1.4542980320469638,False,0.5401413731093228,False,2.0854404,True
LUBRICATION_SEV080,LUBRICATION_SEV080_W0053,53.0,57.99,LUBRICATION,LUBRICATION_SYSTEM,0.8,0.1999999999999999,True,1.455576344538754,False,0.512303374435284,False,2.0848014,True
LUBRICATION_SEV080,LUBRICATION_SEV080_W0054,54.0,58.99,LUBRICATION,LUBRICATION_SYSTEM,0.8,0.1999999999999999,True,1.4545840955905525,False,0.5033556481667578,False,2.0809398,True
LUBRICATION_SEV080,LUBRICATION_SEV080_W0055,55.0,59.99,LUBRICATION,LUBRICATION_SYSTEM,0.8,0.1999999999999999,True,1.4536877410366722,False,0.5040113103999126,False,2.0777066,True
