run_id,window_id,simulation_start,simulation_end,gt_degradation_type,gt_target_component,gt_active_severity,gt_current_health,gt_is_degraded,stat_score,stat_flag,if_score,if_flag,ae_score,ae_flag
BEARING_SEV040,BEARING_SEV040_W0000,0.0,4.99,BEARING,BEARING,0.4,0.6,True,10552228.357237766,True,0.6857387440364409,True,112.431145,True
BEARING_SEV040,BEARING_SEV040_W0001,1.0,5.99,BEARING,BEARING,0.4,0.6,True,10444571.318181334,True,0.6759330676275829,True,110.05295,True
BEARING_SEV040,BEARING_SEV040_W0002,2.0,6.99,BEARING,BEARING,0.4,0.6,True,10351517.319725635,True,0.6769436053337776,True,107.99682,True
BEARING_SEV040,BEARING_SEV040_W0003,3.0,7.99,BEARING,BEARING,0.4,0.6,True,10254590.475671558,True,0.6763976697351406,True,105.94494,True
BEARING_SEV040,BEARING_SEV040_W0004,4.0,8.99,BEARING,BEARING,0.4,0.6,True,10262550.598865407,True,0.6797030632622524,True,106.17446,True
BEARING_SEV040,BEARING_SEV040_W0005,5.0,9.99,BEARING,BEARING,0.4,0.6,True,10298207.038183,True,0.6769666753483826,True,106.896126,True
BEARING_SEV040,BEARING_SEV040_W0006,6.0,10.99,BEARING,BEARING,0.4,0.6,True,11109630.063520862,True,0.6834475018058969,True,123.932945,True
BEARING_SEV040,BEARING_SEV040_W0007,7.0,11.99,BEARING,BEARING,0.4,0.6,True,12159533.813187858,True,0.6769666753483826,True,147.51836,True
BEARING_SEV040,BEARING_SEV040_W0008,8.0,12.99,BEARING,BEARING,0.4,0.6,True,12089437.246773284,True,0.6570586315689406,True,146.00539,True
BEARING_SEV040,BEARING_SEV040_W0009,9.0,13.99,BEARING,BEARING,0.4,0.6,True,12022249.631617133,True,0.6529077709472578,True,144.63097,True
BEARING_SEV040,BEARING_SEV040_W0010,10.0,14.99,BEARING,BEARING,0.4,0.6,True,11960693.537767539,True,0.6556253724789564,True,143.36841,True
BEARING_SEV040,BEARING_SEV040_W0011,11.0,15.99,BEARING,BEARING,0.4,0.6,True,11932845.70714075,True,0.6615162885218976,True,142.92911,True
BEARING_SEV040,BEARING_SEV040_W0012,12.0,16.990000000000002,BEARING,BEARING,0.4,0.6,True,10814402.621871455,True,0.6604131502242135,True,117.37234,True
BEARING_SEV040,BEARING_SEV040_W0013,13.0,17.990000000000002,BEARING,BEARING,0.4,0.6,True,9021550.11063005,True,0.6376752917530231,False,81.68188,True
BEARING_SEV040,BEARING_SEV040_W0014,14.0,18.99,BEARING,BEARING,0.4,0.6,True,6731605.455268183,True,0.6250853899269644,False,45.468826,True
BEARING_SEV040,BEARING_SEV040_W0015,15.0,19.99,BEARING,BEARING,0.4,0.6,True,5321404.902337974,True,0.6166176294675573,False,28.447197,True
BEARING_SEV040,BEARING_SEV040_W0016,16.0,20.99,BEARING,BEARING,0.4,0.6,True,4835092.731939756,True,0.6262258660116661,False,23.459219,True
BEARING_SEV040,BEARING_SEV040_W0017,17.0,21.99,BEARING,BEARING,0.4,0.6,True,4830061.935952606,True,0.6258704072490264,False,23.407158,True
BEARING_SEV040,BEARING_SEV040_W0018,18.0,22.99,BEARING,BEARING,0.4,0.6,True,4828395.9645336345,True,0.6263755611706603,False,23.390118,True
BEARING_SEV040,BEARING_SEV040_W0019,19.0,23.99,BEARING,BEARING,0.4,0.6,True,4827066.085421869,True,0.6289997406904058,False,23.37749,True
BEARING_SEV040,BEARING_SEV040_W0020,20.0,24.99,BEARING,BEARING,0.4,0.6,True,4825991.696893299,True,0.6215861627670729,False,23.368269,True
BEARING_SEV040,BEARING_SEV040_W0021,21.0,25.99,BEARING,BEARING,0.4,0.6,True,5367721.079510432,True,0.6234428736618338,False,28.912626,True
BEARING_SEV040,BEARING_SEV040_W0022,22.0,26.99,BEARING,BEARING,0.4,0.6,True,5404146.517185029,True,0.627916195452351,False,29.338594,True
BEARING_SEV040,BEARING_SEV040_W0023,23.0,27.99,BEARING,BEARING,0.4,0.6,True,5410691.773625082,True,0.6297214209184439,False,29.427916,True
BEARING_SEV040,BEARING_SEV040_W0024,24.0,28.99,BEARING,BEARING,0.4,0.6,True,5385375.41555449,True,0.6376955411550517,False,29.153635,True
BEARING_SEV040,BEARING_SEV040_W0025,25.0,29.99,BEARING,BEARING,0.4,0.6,True,4862421.740520314,True,0.6409431453435182,False,23.75388,True
BEARING_SEV040,BEARING_SEV040_W0026,26.0,30.99,BEARING,BEARING,0.4,0.6,True,4831530.529060462,True,0.6254370958726512,False,23.443197,True
BEARING_SEV040,BEARING_SEV040_W0027,27.0,31.99,BEARING,BEARING,0.4,0.6,True,4823921.872591635,True,0.6176740306928646,False,23.372036,True
BEARING_SEV040,BEARING_SEV040_W0028,28.0,32.99,BEARING,BEARING,0.4,0.6,True,4822970.228336805,True,0.628730054930098,False,23.362576,True
BEARING_SEV040,BEARING_SEV040_W0029,29.0,33.99,BEARING,BEARING,0.4,0.6,True,4822703.10044398,True,0.6316896032041297,False,23.359571,True
BEARING_SEV040,BEARING_SEV040_W0030,30.0,34.99,BEARING,BEARING,0.4,0.6,True,4822560.988810343,True,0.6222406990275112,False,23.358105,True
BEARING_SEV040,BEARING_SEV040_W0031,31.0,35.99,BEARING,BEARING,0.4,0.6,True,4822448.249842412,True,0.628730054930098,False,23.356989,True
BEARING_SEV040,BEARING_SEV040_W0032,32.0,36.99,BEARING,BEARING,0.4,0.6,True,4822357.29116458,True,0.6232378574912296,False,23.356096,True
BEARING_SEV040,BEARING_SEV040_W0033,33.0,37.99,BEARING,BEARING,0.4,0.6,True,4822283.818617093,True,0.6199250024513618,False,23.355375,True
BEARING_SEV040,BEARING_SEV040_W0034,34.0,38.99,BEARING,BEARING,0.4,0.6,True,4822224.467287168,True,0.6243826365236154,False,23.354795,True
BEARING_SEV040,BEARING_SEV040_W0035,35.0,39.99,BEARING,BEARING,0.4,0.6,True,4822176.523145682,True,0.622817624985691,False,23.35433,True
BEARING_SEV040,BEARING_SEV040_W0036,36.0,40.99,BEARING,BEARING,0.4,0.6,True,4822137.793770885,True,0.614400290319604,False,23.353952,True
BEARING_SEV040,BEARING_SEV040_W0037,37.0,41.99,BEARING,BEARING,0.4,0.6,True,4822106.508156299,True,0.5698322750011351,False,23.35365,True
BEARING_SEV040,BEARING_SEV040_W0038,38.0,42.99,BEARING,BEARING,0.4,0.6,True,4822081.23565084,True,0.5795851909777441,False,23.353403,True
BEARING_SEV040,BEARING_SEV040_W0039,39.0,43.99,BEARING,BEARING,0.4,0.6,True,4822060.820555211,True,0.5747470369367137,False,23.353209,True
BEARING_SEV040,BEARING_SEV040_W0040,40.0,44.99,BEARING,BEARING,0.4,0.6,True,4822044.329283664,True,0.5734262326458178,False,23.353048,True
BEARING_SEV040,BEARING_SEV040_W0041,41.0,45.99,BEARING,BEARING,0.4,0.6,True,4822031.007678798,True,0.5733650933267428,False,23.352924,True
BEARING_SEV040,BEARING_SEV040_W0042,42.0,46.99,BEARING,BEARING,0.4,0.6,True,4822020.246528562,True,0.5778560793489337,False,23.35282,True
BEARING_SEV040,BEARING_SEV040_W0043,43.0,47.99,BEARING,BEARING,0.4,0.6,True,4822011.55370964,True,0.5729637808387145,False,23.35274,True
BEARING_SEV040,BEARING_SEV040_W0044,44.0,48.99,BEARING,BEARING,0.4,0.6,True,4822004.531684129,True,0.5725702251065723,False,23.352674,True
BEARING_SEV040,BEARING_SEV040_W0045,45.0,49.99,BEARING,BEARING,0.4,0.6,True,4821998.85932085,True,0.5725091770559378,False,23.35262,True
BEARING_SEV040,BEARING_SEV040_W0046,46.0,50.99,BEARING,BEARING,0.4,0.6,True,5593716.404112471,True,0.6118068257384499,False,31.479141,True
BEARING_SEV040,BEARING_SEV040_W0047,47.0,51.99,BEARING,BEARING,0.4,0.6,True,5625857.706385329,True,0.6175985644801181,False,31.866255,True
BEARING_SEV040,BEARING_SEV040_W0048,48.0,52.99,BEARING,BEARING,0.4,0.6,True,5641078.343733346,True,0.6230294284724368,False,32.07123,True
BEARING_SEV040,BEARING_SEV040_W0049,49.0,53.99,BEARING,BEARING,0.4,0.6,True,5622881.222138036,True,0.6228310304830498,False,31.893328,True
BEARING_SEV040,BEARING_SEV040_W0050,50.0,54.99,BEARING,BEARING,0.4,0.6,True,5404039.749029149,True,0.6279941892353966,False,29.433979,True
BEARING_SEV040,BEARING_SEV040_W0051,51.0,55.99,BEARING,BEARING,0.4,0.6,True,4902723.834746962,True,0.6306040791157995,False,24.232014,True
BEARING_SEV040,BEARING_SEV040_W0052,52.0,56.99,BEARING,BEARING,0.4,0.6,True,4838073.530207356,True,0.6384999615853367,False,23.606913,True
BEARING_SEV040,BEARING_SEV040_W0053,53.0,57.99,BEARING,BEARING,0.4,0.6,True,4824315.450630742,True,0.6367060021833637,False,23.471003,True
BEARING_SEV040,BEARING_SEV040_W0054,54.0,58.99,BEARING,BEARING,0.4,0.6,True,4823600.323502855,True,0.6432935654050953,True,23.463278,True
BEARING_SEV040,BEARING_SEV040_W0055,55.0,59.99,BEARING,BEARING,0.4,0.6,True,4823579.500352503,True,0.6396707552641698,False,23.462688,True
BEARING_SEV060,BEARING_SEV060_W0000,0.0,4.99,BEARING,BEARING,0.6,0.4,True,11088554.830528872,True,0.686292219023841,True,123.96804,True
BEARING_SEV060,BEARING_SEV060_W0001,1.0,5.99,BEARING,BEARING,0.6,0.4,True,11072711.029763576,True,0.6818768971137901,True,123.404884,True
BEARING_SEV060,BEARING_SEV060_W0002,2.0,6.99,BEARING,BEARING,0.6,0.4,True,10726281.220118467,True,0.675852174417903,True,115.90834,True
BEARING_SEV060,BEARING_SEV060_W0003,3.0,7.99,BEARING,BEARING,0.6,0.4,True,10776411.894946357,True,0.6753071190269905,True,116.94358,True
BEARING_SEV060,BEARING_SEV060_W0004,4.0,8.99,BEARING,BEARING,0.6,0.4,True,10664785.073575731,True,0.6763976697351406,True,114.582085,True
BEARING_SEV060,BEARING_SEV060_W0005,5.0,9.99,BEARING,BEARING,0.6,0.4,True,10742056.687465671,True,0.677489981569175,True,116.29396,True
BEARING_SEV060,BEARING_SEV060_W0006,6.0,10.99,BEARING,BEARING,0.6,0.4,True,11621851.621470008,True,0.6795985583786864,True,135.89671,True
BEARING_SEV060,BEARING_SEV060_W0007,7.0,11.99,BEARING,BEARING,0.6,0.4,True,12447214.363459416,True,0.6758752072369026,True,154.70068,True
BEARING_SEV060,BEARING_SEV060_W0008,8.0,12.99,BEARING,BEARING,0.6,0.4,True,12395066.005282203,True,0.6534706134366708,True,153.62315,True
BEARING_SEV060,BEARING_SEV060_W0009,9.0,13.99,BEARING,BEARING,0.6,0.4,True,12252280.03256742,True,0.6513293903874425,True,150.35362,True
BEARING_SEV060,BEARING_SEV060_W0010,10.0,14.99,BEARING,BEARING,0.6,0.4,True,12059782.609967167,True,0.6550966294235738,True,145.84676,True
BEARING_SEV060,BEARING_SEV060_W0011,11.0,15.99,BEARING,BEARING,0.6,0.4,True,12041091.816574607,True,0.6599170971869724,True,145.76814,True
BEARING_SEV060,BEARING_SEV060_W0012,12.0,16.990000000000002,BEARING,BEARING,0.6,0.4,True,10889887.761883829,True,0.6582853089760647,True,119.100365,True
BEARING_SEV060,BEARING_SEV060_W0013,13.0,17.990000000000002,BEARING,BEARING,0.6,0.4,True,8936246.637702696,True,0.634670468433413,False,80.26342,True
BEARING_SEV060,BEARING_SEV060_W0014,14.0,18.99,BEARING,BEARING,0.6,0.4,True,6704172.170993107,True,0.629423789647585,False,45.18372,True
BEARING_SEV060,BEARING_SEV060_W0015,15.0,19.99,BEARING,BEARING,0.6,0.4,True,5282002.934326923,True,0.6310675144863224,False,28.098639,True
BEARING_SEV060,BEARING_SEV060_W0016,16.0,20.99,BEARING,BEARING,0.6,0.4,True,4882414.668896352,True,0.6250007612709545,False,23.98845,True
BEARING_SEV060,BEARING_SEV060_W0017,17.0,21.99,BEARING,BEARING,0.6,0.4,True,4876873.24946555,True,0.6263755611706603,False,23.930487,True
BEARING_SEV060,BEARING_SEV060_W0018,18.0,22.99,BEARING,BEARING,0.6,0.4,True,4874140.095089328,True,0.6180279915178579,False,23.902613,True
BEARING_SEV060,BEARING_SEV060_W0019,19.0,23.99,BEARING,BEARING,0.6,0.4,True,4871942.540795528,True,0.6166993598210165,False,23.880817,True
BEARING_SEV060,BEARING_SEV060_W0020,20.0,24.99,BEARING,BEARING,0.6,0.4,True,4870166.776817729,True,0.621084871357861,False,23.864113,True
BEARING_SEV060,BEARING_SEV060_W0021,21.0,25.99,BEARING,BEARING,0.6,0.4,True,5468939.752555824,True,0.6257148686493434,False,30.07988,True
BEARING_SEV060,BEARING_SEV060_W0022,22.0,26.99,BEARING,BEARING,0.6,0.4,True,5537708.624708677,True,0.6285307500941313,False,30.871672,True
BEARING_SEV060,BEARING_SEV060_W0023,23.0,27.99,BEARING,BEARING,0.6,0.4,True,5552348.013061118,True,0.6303377423719384,False,31.052479,True
BEARING_SEV060,BEARING_SEV060_W0024,24.0,28.99,BEARING,BEARING,0.6,0.4,True,5496904.760858384,True,0.6377375074325682,False,30.437634,True
BEARING_SEV060,BEARING_SEV060_W0025,25.0,29.99,BEARING,BEARING,0.6,0.4,True,4952625.104921076,True,0.6392829504892648,False,24.707115,True
BEARING_SEV060,BEARING_SEV060_W0026,26.0,30.99,BEARING,BEARING,0.6,0.4,True,4884311.032625401,True,0.6245122991851494,False,24.023325,True
BEARING_SEV060,BEARING_SEV060_W0027,27.0,31.99,BEARING,BEARING,0.6,0.4,True,4867509.362704426,True,0.630079364832311,False,23.862892,True
BEARING_SEV060,BEARING_SEV060_W0028,28.0,32.99,BEARING,BEARING,0.6,0.4,True,4865507.0902139,True,0.625520821546214,False,23.841864,True
BEARING_SEV060,BEARING_SEV060_W0029,29.0,33.99,BEARING,BEARING,0.6,0.4,True,4865020.073952963,True,0.6188028677073806,False,23.83621,True
BEARING_SEV060,BEARING_SEV060_W0030,30.0,34.99,BEARING,BEARING,0.6,0.4,True,4864783.911439014,True,0.6167104871327934,False,23.833757,True
BEARING_SEV060,BEARING_SEV060_W0031,31.0,35.99,BEARING,BEARING,0.6,0.4,True,4864597.430450212,True,0.6230025636355643,False,23.831928,True
BEARING_SEV060,BEARING_SEV060_W0032,32.0,36.99,BEARING,BEARING,0.6,0.4,True,4864447.027560805,True,0.6227352340376038,False,23.83047,True
BEARING_SEV060,BEARING_SEV060_W0033,33.0,37.99,BEARING,BEARING,0.6,0.4,True,4864325.539999673,True,0.6261659754956485,False,23.829298,True
BEARING_SEV060,BEARING_SEV060_W0034,34.0,38.99,BEARING,BEARING,0.6,0.4,True,4864227.401246407,True,0.6156384674827169,False,23.828352,True
BEARING_SEV060,BEARING_SEV060_W0035,35.0,39.99,BEARING,BEARING,0.6,0.4,True,4864148.1240127785,True,0.616273823113,False,23.827595,True
BEARING_SEV060,BEARING_SEV060_W0036,36.0,40.99,BEARING,BEARING,0.6,0.4,True,4864084.083335603,True,0.6058202499713988,False,23.826984,True
BEARING_SEV060,BEARING_SEV060_W0037,37.0,41.99,BEARING,BEARING,0.6,0.4,True,4864032.350994372,True,0.563075138064049,False,23.826492,True
BEARING_SEV060,BEARING_SEV060_W0038,38.0,42.99,BEARING,BEARING,0.6,0.4,True,4863990.561475669,True,0.5620588225440148,False,23.826097,True
BEARING_SEV060,BEARING_SEV060_W0039,39.0,43.99,BEARING,BEARING,0.6,0.4,True,4863956.803856886,True,0.5616525744460541,False,23.825783,True
BEARING_SEV060,BEARING_SEV060_W0040,40.0,44.99,BEARING,BEARING,0.6,0.4,True,4863929.534456329,True,0.5633116010373116,False,23.82553,True
BEARING_SEV060,BEARING_SEV060_W0041,41.0,45.99,BEARING,BEARING,0.6,0.4,True,4863907.5062642675,True,0.563609644050356,False,23.825325,True
BEARING_SEV060,BEARING_SEV060_W0042,42.0,46.99,BEARING,BEARING,0.6,0.4,True,4863889.7119320445,True,0.5616727571786099,False,23.825165,True
BEARING_SEV060,BEARING_SEV060_W0043,43.0,47.99,BEARING,BEARING,0.6,0.4,True,4863875.337715171,True,0.5611996177565451,False,23.825037,True
BEARING_SEV060,BEARING_SEV060_W0044,44.0,48.99,BEARING,BEARING,0.6,0.4,True,4863863.726266267,True,0.5624706925647299,False,23.82493,True
BEARING_SEV060,BEARING_SEV060_W0045,45.0,49.99,BEARING,BEARING,0.6,0.4,True,4863854.34657778,True,0.5627682906607969,False,23.82485,True
BEARING_SEV060,BEARING_SEV060_W0046,46.0,50.99,BEARING,BEARING,0.6,0.4,True,5675310.874905658,True,0.610181945238691,False,32.462578,True
BEARING_SEV060,BEARING_SEV060_W0047,47.0,51.99,BEARING,BEARING,0.6,0.4,True,5746334.251140282,True,0.6159583018647221,False,33.300297,True
BEARING_SEV060,BEARING_SEV060_W0048,48.0,52.99,BEARING,BEARING,0.6,0.4,True,5778140.338844924,True,0.6226103092136646,False,33.70581,True
BEARING_SEV060,BEARING_SEV060_W0049,49.0,53.99,BEARING,BEARING,0.6,0.4,True,5736415.881728171,True,0.6201928541361877,False,33.258022,True
BEARING_SEV060,BEARING_SEV060_W0050,50.0,54.99,BEARING,BEARING,0.6,0.4,True,5584505.60152084,True,0.6248634933273409,False,31.52544,True
BEARING_SEV060,BEARING_SEV060_W0051,51.0,55.99,BEARING,BEARING,0.6,0.4,True,5043032.908397269,True,0.6274603723046032,False,25.723791,True
BEARING_SEV060,BEARING_SEV060_W0052,52.0,56.99,BEARING,BEARING,0.6,0.4,True,4900367.496697272,True,0.6337810367226036,False,24.30442,True
BEARING_SEV060,BEARING_SEV060_W0053,53.0,57.99,BEARING,BEARING,0.6,0.4,True,4869181.778731798,True,0.6379960344198102,False,23.991072,True
BEARING_SEV060,BEARING_SEV060_W0054,54.0,58.99,BEARING,BEARING,0.6,0.4,True,4867440.528992084,True,0.6317167974848426,False,23.972565,True
BEARING_SEV060,BEARING_SEV060_W0055,55.0,59.99,BEARING,BEARING,0.6,0.4,True,4867391.242175012,True,0.6339007737243948,False,23.971558,True
BEARING_SEV080,BEARING_SEV080_W0000,0.0,4.99,BEARING,BEARING,0.8,0.1999999999999999,True,11480546.843162343,True,0.6868461407332097,True,132.8245,True
BEARING_SEV080,BEARING_SEV080_W0001,1.0,5.99,BEARING,BEARING,0.8,0.1999999999999999,True,11294752.634039983,True,0.6803099017685496,True,128.44414,True
BEARING_SEV080,BEARING_SEV080_W0002,2.0,6.99,BEARING,BEARING,0.8,0.1999999999999999,True,11043158.179227699,True,0.6791317576538413,True,122.82627,True
BEARING_SEV080,BEARING_SEV080_W0003,3.0,7.99,BEARING,BEARING,0.8,0.1999999999999999,True,11029254.744386412,True,0.677489981569175,True,122.39214,True
BEARING_SEV080,BEARING_SEV080_W0004,4.0,8.99,BEARING,BEARING,0.8,0.1999999999999999,True,11004724.65881619,True,0.6694205574154912,True,121.99856,True
BEARING_SEV080,BEARING_SEV080_W0005,5.0,9.99,BEARING,BEARING,0.8,0.1999999999999999,True,11017318.952912904,True,0.6819001352533504,True,122.325714,True
BEARING_SEV080,BEARING_SEV080_W0006,6.0,10.99,BEARING,BEARING,0.8,0.1999999999999999,True,11954877.053021062,True,0.6795985583786864,True,143.14926,True
BEARING_SEV080,BEARING_SEV080_W0007,7.0,11.99,BEARING,BEARING,0.8,0.1999999999999999,True,12462656.98674715,True,0.6812686608428681,True,155.34305,True
BEARING_SEV080,BEARING_SEV080_W0008,8.0,12.99,BEARING,BEARING,0.8,0.1999999999999999,True,12413590.14792786,True,0.6560352679146961,True,154.25868,True
BEARING_SEV080,BEARING_SEV080_W0009,9.0,13.99,BEARING,BEARING,0.8,0.1999999999999999,True,12443351.058612354,True,0.6560760161068694,True,155.22252,True
BEARING_SEV080,BEARING_SEV080_W0010,10.0,14.99,BEARING,BEARING,0.8,0.1999999999999999,True,12443990.516380602,True,0.6604033055820001,True,155.41367,True
BEARING_SEV080,BEARING_SEV080_W0011,11.0,15.99,BEARING,BEARING,0.8,0.1999999999999999,True,12264149.125429971,True,0.6677223376568315,True,151.18697,True
BEARING_SEV080,BEARING_SEV080_W0012,12.0,16.990000000000002,BEARING,BEARING,0.8,0.1999999999999999,True,11022852.064705525,True,0.6643817602341354,True,122.11097,True
BEARING_SEV080,BEARING_SEV080_W0013,13.0,17.990000000000002,BEARING,BEARING,0.8,0.1999999999999999,True,8842787.964127757,True,0.6320239094301279,False,78.53356,True
BEARING_SEV080,BEARING_SEV080_W0014,14.0,18.99,BEARING,BEARING,0.8,0.1999999999999999,True,6726546.544607605,True,0.627256040741514,False,45.587097,True
BEARING_SEV080,BEARING_SEV080_W0015,15.0,19.99,BEARING,BEARING,0.8,0.1999999999999999,True,5434435.611093031,True,0.625384489508449,False,29.84328,True
BEARING_SEV080,BEARING_SEV080_W0016,16.0,20.99,BEARING,BEARING,0.8,0.1999999999999999,True,4965614.556134118,True,0.6241580786535236,False,24.910542,True
BEARING_SEV080,BEARING_SEV080_W0017,17.0,21.99,BEARING,BEARING,0.8,0.1999999999999999,True,4954272.702310624,True,0.6213719680159242,False,24.792763,True
BEARING_SEV080,BEARING_SEV080_W0018,18.0,22.99,BEARING,BEARING,0.8,0.1999999999999999,True,4947649.540546044,True,0.6218734911472323,False,24.725447,True
BEARING_SEV080,BEARING_SEV080_W0019,19.0,23.99,BEARING,BEARING,0.8,0.1999999999999999,True,4942314.051939265,True,0.624737660077665,False,24.671844,True
BEARING_SEV080,BEARING_SEV080_W0020,20.0,24.99,BEARING,BEARING,0.8,0.1999999999999999,True,4938000.103738854,True,0.6201951801093042,False,24.628944,True
BEARING_SEV080,BEARING_SEV080_W0021,21.0,25.99,BEARING,BEARING,0.8,0.1999999999999999,True,5605068.321414368,True,0.623214586655146,False,31.683336,True
BEARING_SEV080,BEARING_SEV080_W0022,22.0,26.99,BEARING,BEARING,0.8,0.1999999999999999,True,5656859.191749495,True,0.6290720306001176,False,32.294678,True
BEARING_SEV080,BEARING_SEV080_W0023,23.0,27.99,BEARING,BEARING,0.8,0.1999999999999999,True,5655895.003888163,True,0.629504422807601,False,32.30287,True
BEARING_SEV080,BEARING_SEV080_W0024,24.0,28.99,BEARING,BEARING,0.8,0.1999999999999999,True,5638298.538637181,True,0.6379903160999432,False,32.109978,True
BEARING_SEV080,BEARING_SEV080_W0025,25.0,29.99,BEARING,BEARING,0.8,0.1999999999999999,True,5078600.65994595,True,0.6407222802957732,False,26.068384,True
BEARING_SEV080,BEARING_SEV080_W0026,26.0,30.99,BEARING,BEARING,0.8,0.1999999999999999,True,4959250.457010337,True,0.6251467498710626,False,24.857359,True
BEARING_SEV080,BEARING_SEV080_W0027,27.0,31.99,BEARING,BEARING,0.8,0.1999999999999999,True,4929516.787355205,True,0.6286873025168752,False,24.569338,True
BEARING_SEV080,BEARING_SEV080_W0028,28.0,32.99,BEARING,BEARING,0.8,0.1999999999999999,True,4925755.061242985,True,0.6304695436392055,False,24.529133,True
BEARING_SEV080,BEARING_SEV080_W0029,29.0,33.99,BEARING,BEARING,0.8,0.1999999999999999,True,4924722.527853309,True,0.6324159940017228,False,24.51744,True
BEARING_SEV080,BEARING_SEV080_W0030,30.0,34.99,BEARING,BEARING,0.8,0.1999999999999999,True,4924152.166294914,True,0.6244658476214414,False,24.511457,True
BEARING_SEV080,BEARING_SEV080_W0031,31.0,35.99,BEARING,BEARING,0.8,0.1999999999999999,True,4923698.447830222,True,0.6274249542457837,False,24.506836,True
BEARING_SEV080,BEARING_SEV080_W0032,32.0,36.99,BEARING,BEARING,0.8,0.1999999999999999,True,4923332.304232743,True,0.6249621511013305,False,24.503119,True
BEARING_SEV080,BEARING_SEV080_W0033,33.0,37.99,BEARING,BEARING,0.8,0.1999999999999999,True,4923036.533951182,True,0.6221418700553335,False,24.500114,True
BEARING_SEV080,BEARING_SEV080_W0034,34.0,38.99,BEARING,BEARING,0.8,0.1999999999999999,True,4922797.600073855,True,0.6299261960060255,False,24.497677,True
BEARING_SEV080,BEARING_SEV080_W0035,35.0,39.99,BEARING,BEARING,0.8,0.1999999999999999,True,4922604.582369031,True,0.6235338137421208,False,24.49571,True
BEARING_SEV080,BEARING_SEV080_W0036,36.0,40.99,BEARING,BEARING,0.8,0.1999999999999999,True,4922448.6581497425,True,0.6166934937846629,False,24.494112,True
BEARING_SEV080,BEARING_SEV080_W0037,37.0,41.99,BEARING,BEARING,0.8,0.1999999999999999,True,4922322.699769495,True,0.575953603153238,False,24.492819,True
BEARING_SEV080,BEARING_SEV080_W0038,38.0,42.99,BEARING,BEARING,0.8,0.1999999999999999,True,4922220.94888951,True,0.5705440613170574,False,24.491774,True
BEARING_SEV080,BEARING_SEV080_W0039,39.0,43.99,BEARING,BEARING,0.8,0.1999999999999999,True,4922138.753520201,True,0.5713288581995272,False,24.490923,True
BEARING_SEV080,BEARING_SEV080_W0040,40.0,44.99,BEARING,BEARING,0.8,0.1999999999999999,True,4922072.355524667,True,0.5685236704667322,False,24.490234,True
BEARING_SEV080,BEARING_SEV080_W0041,41.0,45.99,BEARING,BEARING,0.8,0.1999999999999999,True,4922018.718914002,True,0.5716454916018092,False,24.489677,True
BEARING_SEV080,BEARING_SEV080_W0042,42.0,46.99,BEARING,BEARING,0.8,0.1999999999999999,True,4921975.391111123,True,0.5681793263997573,False,24.489223,True
BEARING_SEV080,BEARING_SEV080_W0043,43.0,47.99,BEARING,BEARING,0.8,0.1999999999999999,True,4921940.390858031,True,0.5686379165673028,False,24.488857,True
BEARING_SEV080,BEARING_SEV080_W0044,44.0,48.99,BEARING,BEARING,0.8,0.1999999999999999,True,4921912.117653258,True,0.5667597234829946,False,24.488554,True
BEARING_SEV080,BEARING_SEV080_W0045,45.0,49.99,BEARING,BEARING,0.8,0.1999999999999999,True,4921889.278586398,True,0.5698718586062816,False,24.488314,True
BEARING_SEV080,BEARING_SEV080_W0046,46.0,50.99,BEARING,BEARING,0.8,0.1999999999999999,True,5789919.639487535,True,0.6139946625356514,False,33.8685,True
BEARING_SEV080,BEARING_SEV080_W0047,47.0,51.99,BEARING,BEARING,0.8,0.1999999999999999,True,5869300.712308818,True,0.6198071126826287,False,34.83001,True
BEARING_SEV080,BEARING_SEV080_W0048,48.0,52.99,BEARING,BEARING,0.8,0.1999999999999999,True,5888557.456664319,True,0.6278439760430511,False,35.104305,True
BEARING_SEV080,BEARING_SEV080_W0049,49.0,53.99,BEARING,BEARING,0.8,0.1999999999999999,True,5887894.716951353,True,0.6260676941968969,False,35.126617,True
BEARING_SEV080,BEARING_SEV080_W0050,50.0,54.99,BEARING,BEARING,0.8,0.1999999999999999,True,5712952.738272636,True,0.6345395304948569,False,33.10945,True
BEARING_SEV080,BEARING_SEV080_W0051,51.0,55.99,BEARING,BEARING,0.8,0.1999999999999999,True,5234165.151374381,True,0.6357123509061684,False,27.812662,True
BEARING_SEV080,BEARING_SEV080_W0052,52.0,56.99,BEARING,BEARING,0.8,0.1999999999999999,True,4987138.471990736,True,0.6431530916056344,True,25.285212,True
BEARING_SEV080,BEARING_SEV080_W0053,53.0,57.99,BEARING,BEARING,0.8,0.1999999999999999,True,4931501.371374927,True,0.6411925598126149,False,24.718662,True
BEARING_SEV080,BEARING_SEV080_W0054,54.0,58.99,BEARING,BEARING,0.8,0.1999999999999999,True,4928172.113826189,True,0.6441782040669105,True,24.683714,True
BEARING_SEV080,BEARING_SEV080_W0055,55.0,59.99,BEARING,BEARING,0.8,0.1999999999999999,True,4928078.603665849,True,0.6446981346184216,True,24.682167,True
COOLING_SEV040,COOLING_SEV040_W0000,0.0,4.99,COOLING,COOLING_SYSTEM,0.4,0.6,True,4223621.143316011,True,0.6263035968009889,False,17.91484,True
COOLING_SEV040,COOLING_SEV040_W0001,1.0,5.99,COOLING,COOLING_SYSTEM,0.4,0.6,True,4514658.640102828,True,0.5783469839666874,False,20.389105,True
COOLING_SEV040,COOLING_SEV040_W0002,2.0,6.99,COOLING,COOLING_SYSTEM,0.4,0.6,True,4514658.640102828,True,0.5611330562952299,False,20.38946,True
COOLING_SEV040,COOLING_SEV040_W0003,3.0,7.99,COOLING,COOLING_SYSTEM,0.4,0.6,True,4311024.305581929,True,0.5522268064787793,False,18.612314,True
COOLING_SEV040,COOLING_SEV040_W0004,4.0,8.99,COOLING,COOLING_SYSTEM,0.4,0.6,True,4013209.2964707827,True,0.557646923131178,False,16.148502,True
COOLING_SEV040,COOLING_SEV040_W0005,5.0,9.99,COOLING,COOLING_SYSTEM,0.4,0.6,True,3649674.5432064314,True,0.576930438526263,False,13.382329,True
COOLING_SEV040,COOLING_SEV040_W0006,6.0,10.99,COOLING,COOLING_SYSTEM,0.4,0.6,True,4514658.640102778,True,0.6644409699231167,True,20.392866,True
COOLING_SEV040,COOLING_SEV040_W0007,7.0,11.99,COOLING,COOLING_SYSTEM,0.4,0.6,True,4528190.769771014,True,0.6805581426377795,True,20.587374,True
COOLING_SEV040,COOLING_SEV040_W0008,8.0,12.99,COOLING,COOLING_SYSTEM,0.4,0.6,True,5582981.562444442,True,0.6382473407084739,False,31.213997,True
COOLING_SEV040,COOLING_SEV040_W0009,9.0,13.99,COOLING,COOLING_SYSTEM,0.4,0.6,True,5969866.829383474,True,0.6161350659556188,False,35.674282,True
COOLING_SEV040,COOLING_SEV040_W0010,10.0,14.99,COOLING,COOLING_SYSTEM,0.4,0.6,True,6171857.755111009,True,0.6272438704138033,False,38.283245,True
COOLING_SEV040,COOLING_SEV040_W0011,11.0,15.99,COOLING,COOLING_SYSTEM,0.4,0.6,True,6181952.362260576,True,0.6487766856084565,True,38.483192,True
COOLING_SEV040,COOLING_SEV040_W0012,12.0,16.990000000000002,COOLING,COOLING_SYSTEM,0.4,0.6,True,6210332.112824325,True,0.6405074841782137,False,38.654324,True
COOLING_SEV040,COOLING_SEV040_W0013,13.0,17.990000000000002,COOLING,COOLING_SYSTEM,0.4,0.6,True,6208742.738596843,True,0.5689497184162128,False,38.659676,True
COOLING_SEV040,COOLING_SEV040_W0014,14.0,18.99,COOLING,COOLING_SYSTEM,0.4,0.6,True,5813276.107529932,True,0.47788725780493774,False,33.859467,True
COOLING_SEV040,COOLING_SEV040_W0015,15.0,19.99,COOLING,COOLING_SYSTEM,0.4,0.6,True,5629373.76126488,True,0.4573641605333904,False,31.75989,True
COOLING_SEV040,COOLING_SEV040_W0016,16.0,20.99,COOLING,COOLING_SYSTEM,0.4,0.6,True,5607675.372917939,True,0.44549550632013524,False,31.512453,True
COOLING_SEV040,COOLING_SEV040_W0017,17.0,21.99,COOLING,COOLING_SYSTEM,0.4,0.6,True,5592757.504239946,True,0.45202800306777796,False,31.342003,True
COOLING_SEV040,COOLING_SEV040_W0018,18.0,22.99,COOLING,COOLING_SYSTEM,0.4,0.6,True,5580728.507873365,True,0.4491477705800224,False,31.206236,True
COOLING_SEV040,COOLING_SEV040_W0019,19.0,23.99,COOLING,COOLING_SYSTEM,0.4,0.6,True,5571006.908738385,True,0.4442899944434527,False,31.098528,True
COOLING_SEV040,COOLING_SEV040_W0020,20.0,24.99,COOLING,COOLING_SYSTEM,0.4,0.6,True,5553024.679329947,True,0.4488479304283003,False,30.900269,True
COOLING_SEV040,COOLING_SEV040_W0021,21.0,25.99,COOLING,COOLING_SYSTEM,0.4,0.6,True,6105734.740168349,True,0.4877565819556218,False,37.25357,True
COOLING_SEV040,COOLING_SEV040_W0022,22.0,26.99,COOLING,COOLING_SYSTEM,0.4,0.6,True,6241593.007032246,True,0.48312358317701426,False,38.95254,True
COOLING_SEV040,COOLING_SEV040_W0023,23.0,27.99,COOLING,COOLING_SYSTEM,0.4,0.6,True,6225224.904125489,True,0.4837308808151542,False,38.759823,True
COOLING_SEV040,COOLING_SEV040_W0024,24.0,28.99,COOLING,COOLING_SYSTEM,0.4,0.6,True,6190568.577708604,True,0.4924025640059645,False,38.33209,True
COOLING_SEV040,COOLING_SEV040_W0025,25.0,29.99,COOLING,COOLING_SYSTEM,0.4,0.6,True,6107920.015908656,True,0.5192357777790968,False,37.379528,True
COOLING_SEV040,COOLING_SEV040_W0026,26.0,30.99,COOLING,COOLING_SYSTEM,0.4,0.6,True,6001634.8334309375,True,0.4515581966701643,False,36.081833,True
COOLING_SEV040,COOLING_SEV040_W0027,27.0,31.99,COOLING,COOLING_SYSTEM,0.4,0.6,True,5765252.3066865625,True,0.4442248199545955,False,33.325333,True
COOLING_SEV040,COOLING_SEV040_W0028,28.0,32.99,COOLING,COOLING_SYSTEM,0.4,0.6,True,5274920.167346311,True,0.4332755795722693,False,27.903927,True
COOLING_SEV040,COOLING_SEV040_W0029,29.0,33.99,COOLING,COOLING_SYSTEM,0.4,0.6,True,5070328.448406363,True,0.43551865930105194,False,25.808702,True
COOLING_SEV040,COOLING_SEV040_W0030,30.0,34.99,COOLING,COOLING_SYSTEM,0.4,0.6,True,5039143.075271784,True,0.4355768933515166,False,25.49888,True
COOLING_SEV040,COOLING_SEV040_W0031,31.0,35.99,COOLING,COOLING_SYSTEM,0.4,0.6,True,5016636.736615734,True,0.4369517709165152,False,25.274979,True
COOLING_SEV040,COOLING_SEV040_W0032,32.0,36.99,COOLING,COOLING_SYSTEM,0.4,0.6,True,4998450.074986179,True,0.4374570335145997,False,25.094654,True
COOLING_SEV040,COOLING_SEV040_W0033,33.0,37.99,COOLING,COOLING_SYSTEM,0.4,0.6,True,4983715.980934035,True,0.44565326051391063,False,24.949144,True
COOLING_SEV040,COOLING_SEV040_W0034,34.0,38.99,COOLING,COOLING_SYSTEM,0.4,0.6,True,4971784.220202878,True,0.4495900393413891,False,24.83174,True
COOLING_SEV040,COOLING_SEV040_W0035,35.0,39.99,COOLING,COOLING_SYSTEM,0.4,0.6,True,4962126.649577482,True,0.45116171078712586,False,24.737024,True
COOLING_SEV040,COOLING_SEV040_W0036,36.0,40.99,COOLING,COOLING_SYSTEM,0.4,0.6,True,4954313.159269638,True,0.4677139752000335,False,24.66063,True
COOLING_SEV040,COOLING_SEV040_W0037,37.0,41.99,COOLING,COOLING_SYSTEM,0.4,0.6,True,4947993.882753779,True,0.49543495419028516,False,24.599016,True
COOLING_SEV040,COOLING_SEV040_W0038,38.0,42.99,COOLING,COOLING_SYSTEM,0.4,0.6,True,4942884.590933639,True,0.47886136046152106,False,24.549337,True
COOLING_SEV040,COOLING_SEV040_W0039,39.0,43.99,COOLING,COOLING_SYSTEM,0.4,0.6,True,4938754.628758717,True,0.4693394233384047,False,24.509285,True
COOLING_SEV040,COOLING_SEV040_W0040,40.0,44.99,COOLING,COOLING_SYSTEM,0.4,0.6,True,4935416.98363108,True,0.46879810779146036,False,24.477009,True
COOLING_SEV040,COOLING_SEV040_W0041,41.0,45.99,COOLING,COOLING_SYSTEM,0.4,0.6,True,4932720.137749574,True,0.4587745916578983,False,24.451,True
COOLING_SEV040,COOLING_SEV040_W0042,42.0,46.99,COOLING,COOLING_SYSTEM,0.4,0.6,True,4930541.40376952,True,0.47062317444693264,False,24.43005,True
COOLING_SEV040,COOLING_SEV040_W0043,43.0,47.99,COOLING,COOLING_SYSTEM,0.4,0.6,True,4928781.486855184,True,0.4587222604885525,False,24.413177,True
COOLING_SEV040,COOLING_SEV040_W0044,44.0,48.99,COOLING,COOLING_SYSTEM,0.4,0.6,True,4927360.05607308,True,0.45909777270830404,False,24.3996,True
COOLING_SEV040,COOLING_SEV040_W0045,45.0,49.99,COOLING,COOLING_SYSTEM,0.4,0.6,True,4926212.143450127,True,0.4580897354603339,False,24.388674,True
COOLING_SEV040,COOLING_SEV040_W0046,46.0,50.99,COOLING,COOLING_SYSTEM,0.4,0.6,True,5934296.428472419,True,0.4904580337510798,False,35.197895,True
COOLING_SEV040,COOLING_SEV040_W0047,47.0,51.99,COOLING,COOLING_SYSTEM,0.4,0.6,True,5976053.710139508,True,0.49062261899006054,False,35.71175,True
COOLING_SEV040,COOLING_SEV040_W0048,48.0,52.99,COOLING,COOLING_SYSTEM,0.4,0.6,True,6003430.801689502,True,0.4985951502886539,False,36.041286,True
COOLING_SEV040,COOLING_SEV040_W0049,49.0,53.99,COOLING,COOLING_SYSTEM,0.4,0.6,True,6014943.8842684245,True,0.4932770936474894,False,36.197353,True
COOLING_SEV040,COOLING_SEV040_W0050,50.0,54.99,COOLING,COOLING_SYSTEM,0.4,0.6,True,5991187.3382899,True,0.4927810439747899,False,35.941788,True
COOLING_SEV040,COOLING_SEV040_W0051,51.0,55.99,COOLING,COOLING_SYSTEM,0.4,0.6,True,6111044.29575448,True,0.49907758291987525,False,37.365112,True
COOLING_SEV040,COOLING_SEV040_W0052,52.0,56.99,COOLING,COOLING_SYSTEM,0.4,0.6,True,6117152.976356653,True,0.49550560091105833,False,37.42147,True
COOLING_SEV040,COOLING_SEV040_W0053,53.0,57.99,COOLING,COOLING_SYSTEM,0.4,0.6,True,5815568.186674257,True,0.47594452715141705,False,33.860825,True
COOLING_SEV040,COOLING_SEV040_W0054,54.0,58.99,COOLING,COOLING_SYSTEM,0.4,0.6,True,5457775.834316663,True,0.4749997883221445,False,29.82272,True
COOLING_SEV040,COOLING_SEV040_W0055,55.0,59.99,COOLING,COOLING_SYSTEM,0.4,0.6,True,5438979.921014826,True,0.48555645009914966,False,29.622622,True
COOLING_SEV060,COOLING_SEV060_W0000,0.0,4.99,COOLING,COOLING_SYSTEM,0.6,0.4,True,4224301.801039495,True,0.6263035968009889,False,17.920847,True
COOLING_SEV060,COOLING_SEV060_W0001,1.0,5.99,COOLING,COOLING_SYSTEM,0.6,0.4,True,4514658.640102827,True,0.5800791223602364,False,20.389849,True
COOLING_SEV060,COOLING_SEV060_W0002,2.0,6.99,COOLING,COOLING_SYSTEM,0.6,0.4,True,4514658.640102827,True,0.5611330562952299,False,20.39006,True
COOLING_SEV060,COOLING_SEV060_W0003,3.0,7.99,COOLING,COOLING_SYSTEM,0.6,0.4,True,4500610.876246886,True,0.5522268064787793,False,20.26527,True
COOLING_SEV060,COOLING_SEV060_W0004,4.0,8.99,COOLING,COOLING_SYSTEM,0.6,0.4,True,4306117.733390532,True,0.557646923131178,False,18.572317,True
COOLING_SEV060,COOLING_SEV060_W0005,5.0,9.99,COOLING,COOLING_SYSTEM,0.6,0.4,True,4031586.294101009,True,0.576930438526263,False,16.2961,True
COOLING_SEV060,COOLING_SEV060_W0006,6.0,10.99,COOLING,COOLING_SYSTEM,0.6,0.4,True,4514658.640102777,True,0.6644409699231167,True,20.392775,True
COOLING_SEV060,COOLING_SEV060_W0007,7.0,11.99,COOLING,COOLING_SYSTEM,0.6,0.4,True,4958105.375532912,True,0.6805581426377795,True,24.6385,True
COOLING_SEV060,COOLING_SEV060_W0008,8.0,12.99,COOLING,COOLING_SYSTEM,0.6,0.4,True,5820387.198428004,True,0.6382473407084739,False,33.950207,True
COOLING_SEV060,COOLING_SEV060_W0009,9.0,13.99,COOLING,COOLING_SYSTEM,0.6,0.4,True,6144740.895861435,True,0.6171300599569589,False,37.838173,True
COOLING_SEV060,COOLING_SEV060_W0010,10.0,14.99,COOLING,COOLING_SYSTEM,0.6,0.4,True,6181952.362260657,True,0.6272438704138033,False,38.46249,True
COOLING_SEV060,COOLING_SEV060_W0011,11.0,15.99,COOLING,COOLING_SYSTEM,0.6,0.4,True,6181952.362260582,True,0.6487766856084565,True,38.507805,True
COOLING_SEV060,COOLING_SEV060_W0012,12.0,16.990000000000002,COOLING,COOLING_SYSTEM,0.6,0.4,True,6266357.9217702495,True,0.6405074841782137,False,39.374508,True
COOLING_SEV060,COOLING_SEV060_W0013,13.0,17.990000000000002,COOLING,COOLING_SYSTEM,0.6,0.4,True,6284177.317754483,True,0.5684908767894207,False,39.6258,True
COOLING_SEV060,COOLING_SEV060_W0014,14.0,18.99,COOLING,COOLING_SYSTEM,0.6,0.4,True,6022420.413199707,True,0.47788725780493774,False,36.383858,True
COOLING_SEV060,COOLING_SEV060_W0015,15.0,19.99,COOLING,COOLING_SYSTEM,0.6,0.4,True,5681026.167101797,True,0.455184034080972,False,32.36701,True
COOLING_SEV060,COOLING_SEV060_W0016,16.0,20.99,COOLING,COOLING_SYSTEM,0.6,0.4,True,5644611.004803782,True,0.44452373538021817,False,31.943789,True
COOLING_SEV060,COOLING_SEV060_W0017,17.0,21.99,COOLING,COOLING_SYSTEM,0.6,0.4,True,5643981.730624282,True,0.45239284491969045,False,31.929228,True
COOLING_SEV060,COOLING_SEV060_W0018,18.0,22.99,COOLING,COOLING_SYSTEM,0.6,0.4,True,5644161.764016815,True,0.4488378529440837,False,31.926273,True
COOLING_SEV060,COOLING_SEV060_W0019,19.0,23.99,COOLING,COOLING_SYSTEM,0.6,0.4,True,5644361.910547886,True,0.4442899944434527,False,31.924873,True
COOLING_SEV060,COOLING_SEV060_W0020,20.0,24.99,COOLING,COOLING_SYSTEM,0.6,0.4,True,5629029.937537764,True,0.4488479304283003,False,31.751844,True
COOLING_SEV060,COOLING_SEV060_W0021,21.0,25.99,COOLING,COOLING_SYSTEM,0.6,0.4,True,6222338.234688358,True,0.4877565819556218,False,38.722008,True
COOLING_SEV060,COOLING_SEV060_W0022,22.0,26.99,COOLING,COOLING_SYSTEM,0.6,0.4,True,6285590.263954078,True,0.4837892599674186,False,39.53134,True
COOLING_SEV060,COOLING_SEV060_W0023,23.0,27.99,COOLING,COOLING_SYSTEM,0.6,0.4,True,6285748.878080671,True,0.4837308808151542,False,39.54254,True
COOLING_SEV060,COOLING_SEV060_W0024,24.0,28.99,COOLING,COOLING_SYSTEM,0.6,0.4,True,6265468.848201162,True,0.4924025640059645,False,39.285236,True
COOLING_SEV060,COOLING_SEV060_W0025,25.0,29.99,COOLING,COOLING_SYSTEM,0.6,0.4,True,6167886.416226751,True,0.5192357777790968,False,38.129166,True
COOLING_SEV060,COOLING_SEV060_W0026,26.0,30.99,COOLING,COOLING_SYSTEM,0.6,0.4,True,6123036.365518513,True,0.4522874161575276,False,37.552574,True
COOLING_SEV060,COOLING_SEV060_W0027,27.0,31.99,COOLING,COOLING_SYSTEM,0.6,0.4,True,6031232.733306421,True,0.4442248199545955,False,36.438957,True
COOLING_SEV060,COOLING_SEV060_W0028,28.0,32.99,COOLING,COOLING_SYSTEM,0.6,0.4,True,5682630.846667997,True,0.4332755795722693,False,32.365562,True
COOLING_SEV060,COOLING_SEV060_W0029,29.0,33.99,COOLING,COOLING_SYSTEM,0.6,0.4,True,5337382.8167851055,True,0.43551865930105194,False,28.58249,True
COOLING_SEV060,COOLING_SEV060_W0030,30.0,34.99,COOLING,COOLING_SYSTEM,0.6,0.4,True,5264168.714637543,True,0.4355768933515166,False,27.825865,True
COOLING_SEV060,COOLING_SEV060_W0031,31.0,35.99,COOLING,COOLING_SYSTEM,0.6,0.4,True,5199975.261942939,True,0.4369517709165152,False,27.159506,True
COOLING_SEV060,COOLING_SEV060_W0032,32.0,36.99,COOLING,COOLING_SYSTEM,0.6,0.4,True,5148107.330961999,True,0.4374570335145997,False,26.62645,True
COOLING_SEV060,COOLING_SEV060_W0033,33.0,37.99,COOLING,COOLING_SYSTEM,0.6,0.4,True,5105860.318898127,True,0.44565326051391063,False,26.196209,True
COOLING_SEV060,COOLING_SEV060_W0034,34.0,38.99,COOLING,COOLING_SYSTEM,0.6,0.4,True,5071485.072652659,True,0.4495900393413891,False,25.848873,True
COOLING_SEV060,COOLING_SEV060_W0035,35.0,39.99,COOLING,COOLING_SYSTEM,0.6,0.4,True,5043551.338051883,True,0.45116171078712586,False,25.568521,True
COOLING_SEV060,COOLING_SEV060_W0036,36.0,40.99,COOLING,COOLING_SYSTEM,0.6,0.4,True,5020877.79779456,True,0.4677139752000335,False,25.342262,True
COOLING_SEV060,COOLING_SEV060_W0037,37.0,41.99,COOLING,COOLING_SYSTEM,0.6,0.4,True,5002491.358929198,True,0.49543495419028516,False,25.159674,True
COOLING_SEV060,COOLING_SEV060_W0038,38.0,42.99,COOLING,COOLING_SYSTEM,0.6,0.4,True,4987593.148357592,True,0.47886136046152106,False,25.012348,True
COOLING_SEV060,COOLING_SEV060_W0039,39.0,43.99,COOLING,COOLING_SYSTEM,0.6,0.4,True,4975529.25676259,True,0.4693394233384047,False,24.89348,True
COOLING_SEV060,COOLING_SEV060_W0040,40.0,44.99,COOLING,COOLING_SYSTEM,0.6,0.4,True,4965765.749839178,True,0.46879810779146036,False,24.7976,True
COOLING_SEV060,COOLING_SEV060_W0041,41.0,45.99,COOLING,COOLING_SYSTEM,0.6,0.4,True,4957867.538865173,True,0.46863616708475775,False,24.72026,True
COOLING_SEV060,COOLING_SEV060_W0042,42.0,46.99,COOLING,COOLING_SYSTEM,0.6,0.4,True,4951480.670250284,True,0.4752402303336541,False,24.657902,True
COOLING_SEV060,COOLING_SEV060_W0043,43.0,47.99,COOLING,COOLING_SYSTEM,0.6,0.4,True,4946317.5864263885,True,0.4584756660577612,False,24.60762,True
COOLING_SEV060,COOLING_SEV060_W0044,44.0,48.99,COOLING,COOLING_SYSTEM,0.6,0.4,True,4942144.930061896,True,0.4588509764141412,False,24.567091,True
COOLING_SEV060,COOLING_SEV060_W0045,45.0,49.99,COOLING,COOLING_SYSTEM,0.6,0.4,True,4938773.499526394,True,0.4588992896158269,False,24.534431,True
COOLING_SEV060,COOLING_SEV060_W0046,46.0,50.99,COOLING,COOLING_SYSTEM,0.6,0.4,True,5981930.6998732295,True,0.4904580337510798,False,35.78781,True
COOLING_SEV060,COOLING_SEV060_W0047,47.0,51.99,COOLING,COOLING_SYSTEM,0.6,0.4,True,5982377.151345898,True,0.49062261899006054,False,35.801212,True
COOLING_SEV060,COOLING_SEV060_W0048,48.0,52.99,COOLING,COOLING_SYSTEM,0.6,0.4,True,6054875.973168235,True,0.4985951502886539,False,36.663677,True
COOLING_SEV060,COOLING_SEV060_W0049,49.0,53.99,COOLING,COOLING_SYSTEM,0.6,0.4,True,6112379.122694526,True,0.4932770936474894,False,37.380733,True
COOLING_SEV060,COOLING_SEV060_W0050,50.0,54.99,COOLING,COOLING_SYSTEM,0.6,0.4,True,6041351.844722925,True,0.4927810439747899,False,36.561714,True
COOLING_SEV060,COOLING_SEV060_W0051,51.0,55.99,COOLING,COOLING_SYSTEM,0.6,0.4,True,6172622.222510946,True,0.49867509116598185,False,38.139572,True
COOLING_SEV060,COOLING_SEV060_W0052,52.0,56.99,COOLING,COOLING_SYSTEM,0.6,0.4,True,6191900.417955777,True,0.49550560091105833,False,38.35109,True
COOLING_SEV060,COOLING_SEV060_W0053,53.0,57.99,COOLING,COOLING_SYSTEM,0.6,0.4,True,6071906.8342658,True,0.47523403976819345,False,36.892,True
COOLING_SEV060,COOLING_SEV060_W0054,54.0,58.99,COOLING,COOLING_SYSTEM,0.6,0.4,True,5597796.223481357,True,0.4746167146188893,False,31.354757,True
COOLING_SEV060,COOLING_SEV060_W0055,55.0,59.99,COOLING,COOLING_SYSTEM,0.6,0.4,True,5491867.095018281,True,0.4851648627510038,False,30.188688,True
COOLING_SEV080,COOLING_SEV080_W0000,0.0,4.99,COOLING,COOLING_SYSTEM,0.8,0.1999999999999999,True,4225254.537642055,True,0.6263035968009889,False,17.929989,True
COOLING_SEV080,COOLING_SEV080_W0001,1.0,5.99,COOLING,COOLING_SYSTEM,0.8,0.1999999999999999,True,4514658.640102826,True,0.5828939653646981,False,20.391224,True
COOLING_SEV080,COOLING_SEV080_W0002,2.0,6.99,COOLING,COOLING_SYSTEM,0.8,0.1999999999999999,True,4514658.640102826,True,0.562492862133255,False,20.39121,True
COOLING_SEV080,COOLING_SEV080_W0003,3.0,7.99,COOLING,COOLING_SYSTEM,0.8,0.1999999999999999,True,4514658.640102826,True,0.5531185952929306,False,20.391487,True
COOLING_SEV080,COOLING_SEV080_W0004,4.0,8.99,COOLING,COOLING_SYSTEM,0.8,0.1999999999999999,True,4495526.934440299,True,0.5594494608891413,False,20.22274,True
COOLING_SEV080,COOLING_SEV080_W0005,5.0,9.99,COOLING,COOLING_SYSTEM,0.8,0.1999999999999999,True,4315322.836458893,True,0.5773960919109827,False,18.652245,True
COOLING_SEV080,COOLING_SEV080_W0006,6.0,10.99,COOLING,COOLING_SYSTEM,0.8,0.1999999999999999,True,4514658.640102776,True,0.6644409699231167,True,20.393219,True
COOLING_SEV080,COOLING_SEV080_W0007,7.0,11.99,COOLING,COOLING_SYSTEM,0.8,0.1999999999999999,True,5205693.56838881,True,0.6805581426377795,True,27.185963,True
COOLING_SEV080,COOLING_SEV080_W0008,8.0,12.99,COOLING,COOLING_SYSTEM,0.8,0.1999999999999999,True,5965055.629730259,True,0.6392780437319923,False,35.708908,True
COOLING_SEV080,COOLING_SEV080_W0009,9.0,13.99,COOLING,COOLING_SYSTEM,0.8,0.1999999999999999,True,6181952.36226072,True,0.6181266607700475,False,38.360874,True
COOLING_SEV080,COOLING_SEV080_W0010,10.0,14.99,COOLING,COOLING_SYSTEM,0.8,0.1999999999999999,True,6181952.36226067,True,0.6282568039780876,False,38.562393,True
COOLING_SEV080,COOLING_SEV080_W0011,11.0,15.99,COOLING,COOLING_SYSTEM,0.8,0.1999999999999999,True,6181952.362260592,True,0.6487766856084565,True,38.5698,True
COOLING_SEV080,COOLING_SEV080_W0012,12.0,16.990000000000002,COOLING,COOLING_SYSTEM,0.8,0.1999999999999999,True,6284146.744891898,True,0.6405074841782137,False,39.640923,True
COOLING_SEV080,COOLING_SEV080_W0013,13.0,17.990000000000002,COOLING,COOLING_SYSTEM,0.8,0.1999999999999999,True,6284224.188490874,True,0.5684908767894207,False,39.68081,True
COOLING_SEV080,COOLING_SEV080_W0014,14.0,18.99,COOLING,COOLING_SYSTEM,0.8,0.1999999999999999,True,6206290.294085475,True,0.47834053622476624,False,38.701595,True
COOLING_SEV080,COOLING_SEV080_W0015,15.0,19.99,COOLING,COOLING_SYSTEM,0.8,0.1999999999999999,True,5879057.946542178,True,0.45419112930335054,False,34.70946,True
COOLING_SEV080,COOLING_SEV080_W0016,16.0,20.99,COOLING,COOLING_SYSTEM,0.8,0.1999999999999999,True,5659433.791704065,True,0.443666743570124,False,32.16829,True
COOLING_SEV080,COOLING_SEV080_W0017,17.0,21.99,COOLING,COOLING_SYSTEM,0.8,0.1999999999999999,True,5645402.743056239,True,0.4517160980350357,False,32.00061,True
COOLING_SEV080,COOLING_SEV080_W0018,18.0,22.99,COOLING,COOLING_SYSTEM,0.8,0.1999999999999999,True,5645339.164057954,True,0.4488378529440837,False,31.994457,True
COOLING_SEV080,COOLING_SEV080_W0019,19.0,23.99,COOLING,COOLING_SYSTEM,0.8,0.1999999999999999,True,5645804.101177661,True,0.44393168730800775,False,31.995659,True
COOLING_SEV080,COOLING_SEV080_W0020,20.0,24.99,COOLING,COOLING_SYSTEM,0.8,0.1999999999999999,True,5646284.3273065565,True,0.4481778926962478,False,31.99842,True
COOLING_SEV080,COOLING_SEV080_W0021,21.0,25.99,COOLING,COOLING_SYSTEM,0.8,0.1999999999999999,True,6261611.788992224,True,0.4877565819556218,False,39.28046,True
COOLING_SEV080,COOLING_SEV080_W0022,22.0,26.99,COOLING,COOLING_SYSTEM,0.8,0.1999999999999999,True,6287623.509130208,True,0.48730629958143723,False,39.620216,True
COOLING_SEV080,COOLING_SEV080_W0023,23.0,27.99,COOLING,COOLING_SYSTEM,0.8,0.1999999999999999,True,6288008.496023756,True,0.4837308808151542,False,39.634327,True
COOLING_SEV080,COOLING_SEV080_W0024,24.0,28.99,COOLING,COOLING_SYSTEM,0.8,0.1999999999999999,True,6288371.711208332,True,0.4924025640059645,False,39.637646,True
COOLING_SEV080,COOLING_SEV080_W0025,25.0,29.99,COOLING,COOLING_SYSTEM,0.8,0.1999999999999999,True,6286106.222816835,True,0.5192357777790968,False,39.64442,True
COOLING_SEV080,COOLING_SEV080_W0026,26.0,30.99,COOLING,COOLING_SYSTEM,0.8,0.1999999999999999,True,6191116.19171133,True,0.4522874161575276,False,38.43343,True
COOLING_SEV080,COOLING_SEV080_W0027,27.0,31.99,COOLING,COOLING_SYSTEM,0.8,0.1999999999999999,True,6145194.616511828,True,0.4442248199545955,False,37.850647,True
COOLING_SEV080,COOLING_SEV080_W0028,28.0,32.99,COOLING,COOLING_SYSTEM,0.8,0.1999999999999999,True,5983890.087522315,True,0.4332755795722693,False,35.915966,True
COOLING_SEV080,COOLING_SEV080_W0029,29.0,33.99,COOLING,COOLING_SYSTEM,0.8,0.1999999999999999,True,5594747.257256848,True,0.43551865930105194,False,31.38578,True
COOLING_SEV080,COOLING_SEV080_W0030,30.0,34.99,COOLING,COOLING_SYSTEM,0.8,0.1999999999999999,True,5457255.05592834,True,0.4355768933515166,False,29.904331,True
COOLING_SEV080,COOLING_SEV080_W0031,31.0,35.99,COOLING,COOLING_SYSTEM,0.8,0.1999999999999999,True,5401114.303483824,True,0.4369517709165152,False,29.315056,True
COOLING_SEV080,COOLING_SEV080_W0032,32.0,36.99,COOLING,COOLING_SYSTEM,0.8,0.1999999999999999,True,5359621.769150634,True,0.4374570335145997,False,28.880299,True
COOLING_SEV080,COOLING_SEV080_W0033,33.0,37.99,COOLING,COOLING_SYSTEM,0.8,0.1999999999999999,True,5326081.863105992,True,0.44565326051391063,False,28.530901,True
COOLING_SEV080,COOLING_SEV080_W0034,34.0,38.99,COOLING,COOLING_SYSTEM,0.8,0.1999999999999999,True,5281606.9023154415,True,0.4495900393413891,False,28.063856,True
COOLING_SEV080,COOLING_SEV080_W0035,35.0,39.99,COOLING,COOLING_SYSTEM,0.8,0.1999999999999999,True,5216058.430831326,True,0.45116171078712586,False,27.379715,True
COOLING_SEV080,COOLING_SEV080_W0036,36.0,40.99,COOLING,COOLING_SYSTEM,0.8,0.1999999999999999,True,5162512.706397782,True,0.4677139752000335,False,26.827297,True
COOLING_SEV080,COOLING_SEV080_W0037,37.0,41.99,COOLING,COOLING_SYSTEM,0.8,0.1999999999999999,True,5118859.787429921,True,0.49543495419028516,False,26.38125,True
COOLING_SEV080,COOLING_SEV080_W0038,38.0,42.99,COOLING,COOLING_SYSTEM,0.8,0.1999999999999999,True,5083332.430658413,True,0.47886136046152106,False,26.021214,True
COOLING_SEV080,COOLING_SEV080_W0039,39.0,43.99,COOLING,COOLING_SYSTEM,0.8,0.1999999999999999,True,5054459.359179037,True,0.4693394233384047,False,25.730627,True
COOLING_SEV080,COOLING_SEV080_W0040,40.0,44.99,COOLING,COOLING_SYSTEM,0.8,0.1999999999999999,True,5031022.141960655,True,0.46879810779146036,False,25.496113,True
COOLING_SEV080,COOLING_SEV080_W0041,41.0,45.99,COOLING,COOLING_SYSTEM,0.8,0.1999999999999999,True,5012016.231590445,True,0.46863616708475775,False,25.306877,True
COOLING_SEV080,COOLING_SEV080_W0042,42.0,46.99,COOLING,COOLING_SYSTEM,0.8,0.1999999999999999,True,4996616.4976928765,True,0.47886136046152106,False,25.154194,True
COOLING_SEV080,COOLING_SEV080_W0043,43.0,47.99,COOLING,COOLING_SYSTEM,0.8,0.1999999999999999,True,4984147.271824131,True,0.4685827110323364,False,25.031017,True
COOLING_SEV080,COOLING_SEV080_W0044,44.0,48.99,COOLING,COOLING_SYSTEM,0.8,0.1999999999999999,True,4974056.682401291,True,0.4665900828908111,False,24.931664,True
COOLING_SEV080,COOLING_SEV080_W0045,45.0,49.99,COOLING,COOLING_SYSTEM,0.8,0.1999999999999999,True,4965894.915974284,True,0.45887364415341697,False,24.851534,True
COOLING_SEV080,COOLING_SEV080_W0046,46.0,50.99,COOLING,COOLING_SYSTEM,0.8,0.1999999999999999,True,5995750.2644396,True,0.4904580337510798,False,36.000843,True
COOLING_SEV080,COOLING_SEV080_W0047,47.0,51.99,COOLING,COOLING_SYSTEM,0.8,0.1999999999999999,True,5994359.193568983,True,0.49062261899006054,False,35.98607,True
COOLING_SEV080,COOLING_SEV080_W0048,48.0,52.99,COOLING,COOLING_SYSTEM,0.8,0.1999999999999999,True,6136995.782651395,True,0.4985951502886539,False,37.69435,True
COOLING_SEV080,COOLING_SEV080_W0049,49.0,53.99,COOLING,COOLING_SYSTEM,0.8,0.1999999999999999,True,6138656.69185852,True,0.49117381832850737,False,37.721737,True
COOLING_SEV080,COOLING_SEV080_W0050,50.0,54.99,COOLING,COOLING_SYSTEM,0.8,0.1999999999999999,True,6128992.114913723,True,0.4927810439747899,False,37.666595,True
COOLING_SEV080,COOLING_SEV080_W0051,51.0,55.99,COOLING,COOLING_SYSTEM,0.8,0.1999999999999999,True,6277166.845211272,True,0.49867509116598185,False,39.47908,True
COOLING_SEV080,COOLING_SEV080_W0052,52.0,56.99,COOLING,COOLING_SYSTEM,0.8,0.1999999999999999,True,6298857.062106119,True,0.49715415513185063,False,39.71444,True
COOLING_SEV080,COOLING_SEV080_W0053,53.0,57.99,COOLING,COOLING_SYSTEM,0.8,0.1999999999999999,True,6274187.371356888,True,0.47523403976819345,False,39.39385,True
COOLING_SEV080,COOLING_SEV080_W0054,54.0,58.99,COOLING,COOLING_SYSTEM,0.8,0.1999999999999999,True,5973862.771955446,True,0.4742907112398706,False,35.722996,True
COOLING_SEV080,COOLING_SEV080_W0055,55.0,59.99,COOLING,COOLING_SYSTEM,0.8,0.1999999999999999,True,5622815.6150196185,True,0.4851648627510038,False,31.641518,True
CYL1_SEV040,CYL1_SEV040_W0000,0.0,4.99,CYLINDER,CYLINDER_1,0.4,0.6,True,10651678.472739711,True,0.6851037148778466,True,114.557014,True
CYL1_SEV040,CYL1_SEV040_W0001,1.0,5.99,CYLINDER,CYLINDER_1,0.4,0.6,True,10597893.550135294,True,0.6749222258979946,True,113.19389,True
CYL1_SEV040,CYL1_SEV040_W0002,2.0,6.99,CYLINDER,CYLINDER_1,0.4,0.6,True,10475599.560418287,True,0.6738340540364807,True,110.589355,True
CYL1_SEV040,CYL1_SEV040_W0003,3.0,7.99,CYLINDER,CYLINDER_1,0.4,0.6,True,10404383.322330672,True,0.6706831719161175,True,109.110695,True
CYL1_SEV040,CYL1_SEV040_W0004,4.0,8.99,CYLINDER,CYLINDER_1,0.4,0.6,True,10317778.189760493,True,0.6754669706331048,True,107.25385,True
CYL1_SEV040,CYL1_SEV040_W0005,5.0,9.99,CYLINDER,CYLINDER_1,0.4,0.6,True,10488197.305792868,True,0.6709837712708768,True,111.00985,True
CYL1_SEV040,CYL1_SEV040_W0006,6.0,10.99,CYLINDER,CYLINDER_1,0.4,0.6,True,11638173.352720117,True,0.6791317576538413,True,136.16336,True
CYL1_SEV040,CYL1_SEV040_W0007,7.0,11.99,CYLINDER,CYLINDER_1,0.4,0.6,True,12353409.60237716,True,0.6752493122179921,True,152.85007,True
CYL1_SEV040,CYL1_SEV040_W0008,8.0,12.99,CYLINDER,CYLINDER_1,0.4,0.6,True,12286628.302572826,True,0.6607008391577884,True,150.8747,True
CYL1_SEV040,CYL1_SEV040_W0009,9.0,13.99,CYLINDER,CYLINDER_1,0.4,0.6,True,12286013.330510693,True,0.6591036191417556,True,151.10329,True
CYL1_SEV040,CYL1_SEV040_W0010,10.0,14.99,CYLINDER,CYLINDER_1,0.4,0.6,True,12260236.408892173,True,0.6586508959224813,True,150.65059,True
CYL1_SEV040,CYL1_SEV040_W0011,11.0,15.99,CYLINDER,CYLINDER_1,0.4,0.6,True,12184554.61066396,True,0.665128051842611,True,149.2573,True
CYL1_SEV040,CYL1_SEV040_W0012,12.0,16.990000000000002,CYLINDER,CYLINDER_1,0.4,0.6,True,11034684.359889716,True,0.6698950564394099,True,122.4227,True
CYL1_SEV040,CYL1_SEV040_W0013,13.0,17.990000000000002,CYLINDER,CYLINDER_1,0.4,0.6,True,9198301.558751153,True,0.643311377398753,True,85.312126,True
CYL1_SEV040,CYL1_SEV040_W0014,14.0,18.99,CYLINDER,CYLINDER_1,0.4,0.6,True,7917328.8918038765,True,0.632931752460248,False,62.74536,True
CYL1_SEV040,CYL1_SEV040_W0015,15.0,19.99,CYLINDER,CYLINDER_1,0.4,0.6,True,7817246.75040698,True,0.6314540204749488,False,61.12132,True
CYL1_SEV040,CYL1_SEV040_W0016,16.0,20.99,CYLINDER,CYLINDER_1,0.4,0.6,True,7806655.743280499,True,0.6331355473250473,False,60.94328,True
CYL1_SEV040,CYL1_SEV040_W0017,17.0,21.99,CYLINDER,CYLINDER_1,0.4,0.6,True,7802061.234251858,True,0.6377728060997353,False,60.867798,True
CYL1_SEV040,CYL1_SEV040_W0018,18.0,22.99,CYLINDER,CYLINDER_1,0.4,0.6,True,7798586.796412854,True,0.6345412657495075,False,60.811367,True
CYL1_SEV040,CYL1_SEV040_W0019,19.0,23.99,CYLINDER,CYLINDER_1,0.4,0.6,True,7795791.074850712,True,0.6316049653897519,False,60.7673,True
CYL1_SEV040,CYL1_SEV040_W0020,20.0,24.99,CYLINDER,CYLINDER_1,0.4,0.6,True,7793531.417044767,True,0.6345412657495075,False,60.732246,True
CYL1_SEV040,CYL1_SEV040_W0021,21.0,25.99,CYLINDER,CYLINDER_1,0.4,0.6,True,7861625.376674696,True,0.6411814375046716,False,61.799725,True
CYL1_SEV040,CYL1_SEV040_W0022,22.0,26.99,CYLINDER,CYLINDER_1,0.4,0.6,True,7860211.192451487,True,0.6407410246225452,False,61.80842,True
CYL1_SEV040,CYL1_SEV040_W0023,23.0,27.99,CYLINDER,CYLINDER_1,0.4,0.6,True,7859213.786750927,True,0.6385254216383816,False,61.815773,True
CYL1_SEV040,CYL1_SEV040_W0024,24.0,28.99,CYLINDER,CYLINDER_1,0.4,0.6,True,7859455.554729206,True,0.6364666172220795,False,61.952347,True
CYL1_SEV040,CYL1_SEV040_W0025,25.0,29.99,CYLINDER,CYLINDER_1,0.4,0.6,True,7857678.31189115,True,0.6399431069246928,False,61.924847,True
CYL1_SEV040,CYL1_SEV040_W0026,26.0,30.99,CYLINDER,CYLINDER_1,0.4,0.6,True,7844291.1696760645,True,0.6345246564252328,False,61.714127,True
CYL1_SEV040,CYL1_SEV040_W0027,27.0,31.99,CYLINDER,CYLINDER_1,0.4,0.6,True,7752188.415850162,True,0.6285384403220909,False,60.19904,True
CYL1_SEV040,CYL1_SEV040_W0028,28.0,32.99,CYLINDER,CYLINDER_1,0.4,0.6,True,7745900.127236292,True,0.6317609394398558,False,60.105743,True
CYL1_SEV040,CYL1_SEV040_W0029,29.0,33.99,CYLINDER,CYLINDER_1,0.4,0.6,True,7744948.123428207,True,0.6251466691493158,False,60.090996,True
CYL1_SEV040,CYL1_SEV040_W0030,30.0,34.99,CYLINDER,CYLINDER_1,0.4,0.6,True,7744547.657969211,True,0.6317609394398558,False,60.085037,True
CYL1_SEV040,CYL1_SEV040_W0031,31.0,35.99,CYLINDER,CYLINDER_1,0.4,0.6,True,7744299.274848664,True,0.6251466691493158,False,60.08139,True
CYL1_SEV040,CYL1_SEV040_W0032,32.0,36.99,CYLINDER,CYLINDER_1,0.4,0.6,True,7744104.572757122,True,0.6317609394398558,False,60.07856,True
CYL1_SEV040,CYL1_SEV040_W0033,33.0,37.99,CYLINDER,CYLINDER_1,0.4,0.6,True,7743947.767569077,True,0.629725415184391,False,60.076298,True
CYL1_SEV040,CYL1_SEV040_W0034,34.0,38.99,CYLINDER,CYLINDER_1,0.4,0.6,True,7743820.984079505,True,0.6271673930673809,False,60.074493,True
CYL1_SEV040,CYL1_SEV040_W0035,35.0,39.99,CYLINDER,CYLINDER_1,0.4,0.6,True,7743718.435520974,True,0.629725415184391,False,60.073044,True
CYL1_SEV040,CYL1_SEV040_W0036,36.0,40.99,CYLINDER,CYLINDER_1,0.4,0.6,True,7743635.4741380075,True,0.629725415184391,False,60.071888,True
CYL1_SEV040,CYL1_SEV040_W0037,37.0,41.99,CYLINDER,CYLINDER_1,0.4,0.6,True,7743568.39006779,True,0.629725415184391,False,60.07096,True
CYL1_SEV040,CYL1_SEV040_W0038,38.0,42.99,CYLINDER,CYLINDER_1,0.4,0.6,True,7743514.174649191,True,0.629725415184391,False,60.070225,True
CYL1_SEV040,CYL1_SEV040_W0039,39.0,43.99,CYLINDER,CYLINDER_1,0.4,0.6,True,7743470.279249869,True,0.629725415184391,False,60.069633,True
CYL1_SEV040,CYL1_SEV040_W0040,40.0,44.99,CYLINDER,CYLINDER_1,0.4,0.6,True,7743434.730545232,True,0.629725415184391,False,60.069176,True
CYL1_SEV040,CYL1_SEV040_W0041,41.0,45.99,CYLINDER,CYLINDER_1,0.4,0.6,True,7743405.933434437,True,0.629725415184391,False,60.068806,True
CYL1_SEV040,CYL1_SEV040_W0042,42.0,46.99,CYLINDER,CYLINDER_1,0.4,0.6,True,7743382.598459282,True,0.629725415184391,False,60.068516,True
CYL1_SEV040,CYL1_SEV040_W0043,43.0,47.99,CYLINDER,CYLINDER_1,0.4,0.6,True,7743363.683158795,True,0.629725415184391,False,60.068283,True
CYL1_SEV040,CYL1_SEV040_W0044,44.0,48.99,CYLINDER,CYLINDER_1,0.4,0.6,True,7743348.344683906,True,0.629725415184391,False,60.0681,True
CYL1_SEV040,CYL1_SEV040_W0045,45.0,49.99,CYLINDER,CYLINDER_1,0.4,0.6,True,7743335.901509597,True,0.629725415184391,False,60.067966,True
CYL1_SEV040,CYL1_SEV040_W0046,46.0,50.99,CYLINDER,CYLINDER_1,0.4,0.6,True,7847557.261741135,True,0.6290766805976067,False,61.68598,True
CYL1_SEV040,CYL1_SEV040_W0047,47.0,51.99,CYLINDER,CYLINDER_1,0.4,0.6,True,7893657.475577645,True,0.6302184348206863,False,62.446793,True
CYL1_SEV040,CYL1_SEV040_W0048,48.0,52.99,CYLINDER,CYLINDER_1,0.4,0.6,True,7865535.622703961,True,0.6317865929431613,False,62.033234,True
CYL1_SEV040,CYL1_SEV040_W0049,49.0,53.99,CYLINDER,CYLINDER_1,0.4,0.6,True,7881515.317662876,True,0.6322440948100437,False,62.29675,True
CYL1_SEV040,CYL1_SEV040_W0050,50.0,54.99,CYLINDER,CYLINDER_1,0.4,0.6,True,7923934.389178462,True,0.6339173428860786,False,62.959347,True
CYL1_SEV040,CYL1_SEV040_W0051,51.0,55.99,CYLINDER,CYLINDER_1,0.4,0.6,True,7817176.2794419015,True,0.6388247587458199,False,61.2921,True
CYL1_SEV040,CYL1_SEV040_W0052,52.0,56.99,CYLINDER,CYLINDER_1,0.4,0.6,True,7756342.015413675,True,0.6428310550852305,True,60.354298,True
CYL1_SEV040,CYL1_SEV040_W0053,53.0,57.99,CYLINDER,CYLINDER_1,0.4,0.6,True,7755034.535334949,True,0.6398563942393682,False,60.33805,True
CYL1_SEV040,CYL1_SEV040_W0054,54.0,58.99,CYLINDER,CYLINDER_1,0.4,0.6,True,7752614.66465501,True,0.6422300997072464,False,60.29933,True
CYL1_SEV040,CYL1_SEV040_W0055,55.0,59.99,CYLINDER,CYLINDER_1,0.4,0.6,True,7752249.980742231,True,0.6422300997072464,False,60.292675,True
CYL1_SEV060,CYL1_SEV060_W0000,0.0,4.99,CYLINDER,CYLINDER_1,0.6,0.4,True,11331030.633034814,True,0.6856566773190933,True,129.35883,True
CYL1_SEV060,CYL1_SEV060_W0001,1.0,5.99,CYLINDER,CYLINDER_1,0.6,0.4,True,11198767.51105079,True,0.6717433626389148,True,126.35833,True
CYL1_SEV060,CYL1_SEV060_W0002,2.0,6.99,CYLINDER,CYLINDER_1,0.6,0.4,True,11055060.281730928,True,0.6743779204838865,True,123.11953,True
CYL1_SEV060,CYL1_SEV060_W0003,3.0,7.99,CYLINDER,CYLINDER_1,0.6,0.4,True,10921071.487467239,True,0.6732906262017632,True,120.033714,True
CYL1_SEV060,CYL1_SEV060_W0004,4.0,8.99,CYLINDER,CYLINDER_1,0.6,0.4,True,10951946.223441698,True,0.6760351933148894,True,120.84661,True
CYL1_SEV060,CYL1_SEV060_W0005,5.0,9.99,CYLINDER,CYLINDER_1,0.6,0.4,True,10778611.916329317,True,0.667182281974764,True,117.096985,True
CYL1_SEV060,CYL1_SEV060_W0006,6.0,10.99,CYLINDER,CYLINDER_1,0.6,0.4,True,11923584.83497426,True,0.6817952925682281,True,142.88515,True
CYL1_SEV060,CYL1_SEV060_W0007,7.0,11.99,CYLINDER,CYLINDER_1,0.6,0.4,True,12655899.58862891,True,0.6812686608428681,True,160.32138,True
CYL1_SEV060,CYL1_SEV060_W0008,8.0,12.99,CYLINDER,CYLINDER_1,0.6,0.4,True,12526997.971320104,True,0.6601662299637888,True,156.9151,True
CYL1_SEV060,CYL1_SEV060_W0009,9.0,13.99,CYLINDER,CYLINDER_1,0.6,0.4,True,12608738.181246985,True,0.6579621995506898,True,159.11494,True
CYL1_SEV060,CYL1_SEV060_W0010,10.0,14.99,CYLINDER,CYLINDER_1,0.6,0.4,True,12531965.218631938,True,0.6628364883650194,True,157.34048,True
CYL1_SEV060,CYL1_SEV060_W0011,11.0,15.99,CYLINDER,CYLINDER_1,0.6,0.4,True,12303769.383417023,True,0.6656648914820722,True,152.154,True
CYL1_SEV060,CYL1_SEV060_W0012,12.0,16.990000000000002,CYLINDER,CYLINDER_1,0.6,0.4,True,11452484.797041435,True,0.6748577457589591,True,131.62625,True
CYL1_SEV060,CYL1_SEV060_W0013,13.0,17.990000000000002,CYLINDER,CYLINDER_1,0.6,0.4,True,9096782.01442804,True,0.6370966359994534,False,83.212074,True
CYL1_SEV060,CYL1_SEV060_W0014,14.0,18.99,CYLINDER,CYLINDER_1,0.6,0.4,True,8108104.742380831,True,0.6327667026390263,False,65.830055,True
CYL1_SEV060,CYL1_SEV060_W0015,15.0,19.99,CYLINDER,CYLINDER_1,0.6,0.4,True,8073917.336825721,True,0.6357084038580056,False,65.26414,True
CYL1_SEV060,CYL1_SEV060_W0016,16.0,20.99,CYLINDER,CYLINDER_1,0.6,0.4,True,8057858.323126722,True,0.6295605277875717,False,64.99305,True
CYL1_SEV060,CYL1_SEV060_W0017,17.0,21.99,CYLINDER,CYLINDER_1,0.6,0.4,True,8046054.398432148,True,0.6327667026390263,False,64.79929,True
CYL1_SEV060,CYL1_SEV060_W0018,18.0,22.99,CYLINDER,CYLINDER_1,0.6,0.4,True,8036707.404902588,True,0.6374012598938519,False,64.645775,True
CYL1_SEV060,CYL1_SEV060_W0019,19.0,23.99,CYLINDER,CYLINDER_1,0.6,0.4,True,8029168.46822388,True,0.6326385155767681,False,64.51708,True
CYL1_SEV060,CYL1_SEV060_W0020,20.0,24.99,CYLINDER,CYLINDER_1,0.6,0.4,True,8023072.932109113,True,0.6263705983503199,False,64.41479,True
CYL1_SEV060,CYL1_SEV060_W0021,21.0,25.99,CYLINDER,CYLINDER_1,0.6,0.4,True,8071240.9031927325,True,0.6422168787891216,False,65.18512,True
CYL1_SEV060,CYL1_SEV060_W0022,22.0,26.99,CYLINDER,CYLINDER_1,0.6,0.4,True,8069798.399244994,True,0.6417757546860308,False,65.19249,True
CYL1_SEV060,CYL1_SEV060_W0023,23.0,27.99,CYLINDER,CYLINDER_1,0.6,0.4,True,8124462.48068858,True,0.6431787372012701,True,66.28926,True
CYL1_SEV060,CYL1_SEV060_W0024,24.0,28.99,CYLINDER,CYLINDER_1,0.6,0.4,True,8135935.047241311,True,0.6385239317371209,False,66.473175,True
CYL1_SEV060,CYL1_SEV060_W0025,25.0,29.99,CYLINDER,CYLINDER_1,0.6,0.4,True,8141942.80642918,True,0.6430484408495738,True,66.55417,True
CYL1_SEV060,CYL1_SEV060_W0026,26.0,30.99,CYLINDER,CYLINDER_1,0.6,0.4,True,8089144.920985379,True,0.6335016172511413,False,65.657715,True
CYL1_SEV060,CYL1_SEV060_W0027,27.0,31.99,CYLINDER,CYLINDER_1,0.6,0.4,True,7991189.098944174,True,0.6295534644820323,False,63.94319,True
CYL1_SEV060,CYL1_SEV060_W0028,28.0,32.99,CYLINDER,CYLINDER_1,0.6,0.4,True,7982462.239073999,True,0.6307423561851891,False,63.807526,True
CYL1_SEV060,CYL1_SEV060_W0029,29.0,33.99,CYLINDER,CYLINDER_1,0.6,0.4,True,7980562.542529479,True,0.6261562159518445,False,63.776485,True
CYL1_SEV060,CYL1_SEV060_W0030,30.0,34.99,CYLINDER,CYLINDER_1,0.6,0.4,True,7979596.591617758,True,0.6327811676004599,False,63.760868,True
CYL1_SEV060,CYL1_SEV060_W0031,31.0,35.99,CYLINDER,CYLINDER_1,0.6,0.4,True,7978932.187896703,True,0.6261562159518445,False,63.75005,True
CYL1_SEV060,CYL1_SEV060_W0032,32.0,36.99,CYLINDER,CYLINDER_1,0.6,0.4,True,7978407.167805654,True,0.6327811676004599,False,63.741486,True
CYL1_SEV060,CYL1_SEV060_W0033,33.0,37.99,CYLINDER,CYLINDER_1,0.6,0.4,True,7977982.874393555,True,0.6327811676004599,False,63.734543,True
CYL1_SEV060,CYL1_SEV060_W0034,34.0,38.99,CYLINDER,CYLINDER_1,0.6,0.4,True,7977639.575964639,True,0.6261562159518445,False,63.72906,True
CYL1_SEV060,CYL1_SEV060_W0035,35.0,39.99,CYLINDER,CYLINDER_1,0.6,0.4,True,7977361.731327009,True,0.6327811676004599,False,63.72462,True
CYL1_SEV060,CYL1_SEV060_W0036,36.0,40.99,CYLINDER,CYLINDER_1,0.6,0.4,True,7977136.816353159,True,0.6261562159518445,False,63.72104,True
CYL1_SEV060,CYL1_SEV060_W0037,37.0,41.99,CYLINDER,CYLINDER_1,0.6,0.4,True,7976954.706992779,True,0.6307423561851891,False,63.718136,True
CYL1_SEV060,CYL1_SEV060_W0038,38.0,42.99,CYLINDER,CYLINDER_1,0.6,0.4,True,7976807.386584652,True,0.6307423561851891,False,63.71579,True
CYL1_SEV060,CYL1_SEV060_W0039,39.0,43.99,CYLINDER,CYLINDER_1,0.6,0.4,True,7976688.135129958,True,0.6307423561851891,False,63.713894,True
CYL1_SEV060,CYL1_SEV060_W0040,40.0,44.99,CYLINDER,CYLINDER_1,0.6,0.4,True,7976591.473372726,True,0.6307423561851891,False,63.712357,True
CYL1_SEV060,CYL1_SEV060_W0041,41.0,45.99,CYLINDER,CYLINDER_1,0.6,0.4,True,7976513.093278208,True,0.6307423561851891,False,63.711117,True
CYL1_SEV060,CYL1_SEV060_W0042,42.0,46.99,CYLINDER,CYLINDER_1,0.6,0.4,True,7976449.511307171,True,0.6307423561851891,False,63.710117,True
CYL1_SEV060,CYL1_SEV060_W0043,43.0,47.99,CYLINDER,CYLINDER_1,0.6,0.4,True,7976397.910338097,True,0.6307423561851891,False,63.709297,True
CYL1_SEV060,CYL1_SEV060_W0044,44.0,48.99,CYLINDER,CYLINDER_1,0.6,0.4,True,7976356.011920073,True,0.6307423561851891,False,63.70863,True
CYL1_SEV060,CYL1_SEV060_W0045,45.0,49.99,CYLINDER,CYLINDER_1,0.6,0.4,True,7976321.9730362585,True,0.6307423561851891,False,63.708096,True
CYL1_SEV060,CYL1_SEV060_W0046,46.0,50.99,CYLINDER,CYLINDER_1,0.6,0.4,True,8047729.959844027,True,0.6316194908840935,False,64.85498,True
CYL1_SEV060,CYL1_SEV060_W0047,47.0,51.99,CYLINDER,CYLINDER_1,0.6,0.4,True,8134224.969731429,True,0.630293866096817,False,66.30037,True
CYL1_SEV060,CYL1_SEV060_W0048,48.0,52.99,CYLINDER,CYLINDER_1,0.6,0.4,True,8085876.40514797,True,0.6337529254273033,False,65.54354,True
CYL1_SEV060,CYL1_SEV060_W0049,49.0,53.99,CYLINDER,CYLINDER_1,0.6,0.4,True,8101579.2949876115,True,0.63516001458474,False,65.80747,True
CYL1_SEV060,CYL1_SEV060_W0050,50.0,54.99,CYLINDER,CYLINDER_1,0.6,0.4,True,8134734.684309843,True,0.6353774796898902,False,66.3327,True
CYL1_SEV060,CYL1_SEV060_W0051,51.0,55.99,CYLINDER,CYLINDER_1,0.6,0.4,True,8010569.62888826,True,0.6388247587458199,False,64.33779,True
CYL1_SEV060,CYL1_SEV060_W0052,52.0,56.99,CYLINDER,CYLINDER_1,0.6,0.4,True,7902647.235870046,True,0.6428843601201836,True,62.645584,True
CYL1_SEV060,CYL1_SEV060_W0053,53.0,57.99,CYLINDER,CYLINDER_1,0.6,0.4,True,7898287.516719407,True,0.6472018680494055,True,62.57611,True
CYL1_SEV060,CYL1_SEV060_W0054,54.0,58.99,CYLINDER,CYLINDER_1,0.6,0.4,True,7894910.726827299,True,0.6447489073971561,True,62.522106,True
CYL1_SEV060,CYL1_SEV060_W0055,55.0,59.99,CYLINDER,CYLINDER_1,0.6,0.4,True,7894413.525294266,True,0.6426715361040606,False,62.51361,True
CYL1_SEV080,CYL1_SEV080_W0000,0.0,4.99,CYLINDER,CYLINDER_1,0.8,0.1999999999999999,True,11712490.115527485,True,0.6845511983849464,True,138.06601,True
CYL1_SEV080,CYL1_SEV080_W0001,1.0,5.99,CYLINDER,CYLINDER_1,0.8,0.1999999999999999,True,11535630.021112522,True,0.6739147056959497,True,134.12251,True
CYL1_SEV080,CYL1_SEV080_W0002,2.0,6.99,CYLINDER,CYLINDER_1,0.8,0.1999999999999999,True,11322002.930414999,True,0.6684194549891003,True,129.02914,True
CYL1_SEV080,CYL1_SEV080_W0003,3.0,7.99,CYLINDER,CYLINDER_1,0.8,0.1999999999999999,True,11339139.698587807,True,0.6765577794849608,True,129.43353,True
CYL1_SEV080,CYL1_SEV080_W0004,4.0,8.99,CYLINDER,CYLINDER_1,0.8,0.1999999999999999,True,11318464.403867897,True,0.6727705636433818,True,128.9543,True
CYL1_SEV080,CYL1_SEV080_W0005,5.0,9.99,CYLINDER,CYLINDER_1,0.8,0.1999999999999999,True,11197643.712335354,True,0.6742397305044798,True,126.35508,True
CYL1_SEV080,CYL1_SEV080_W0006,6.0,10.99,CYLINDER,CYLINDER_1,0.8,0.1999999999999999,True,12311600.417262783,True,0.6791317576538413,True,152.69946,True
CYL1_SEV080,CYL1_SEV080_W0007,7.0,11.99,CYLINDER,CYLINDER_1,0.8,0.1999999999999999,True,12692804.706265487,True,0.6752493122179921,True,161.1439,True
CYL1_SEV080,CYL1_SEV080_W0008,8.0,12.99,CYLINDER,CYLINDER_1,0.8,0.1999999999999999,True,12680172.083879726,True,0.6611549714040703,True,160.93701,True
CYL1_SEV080,CYL1_SEV080_W0009,9.0,13.99,CYLINDER,CYLINDER_1,0.8,0.1999999999999999,True,12860588.478536671,True,0.659024740019225,True,165.5425,True
CYL1_SEV080,CYL1_SEV080_W0010,10.0,14.99,CYLINDER,CYLINDER_1,0.8,0.1999999999999999,True,12744119.838208977,True,0.6644427543235527,True,162.7173,True
CYL1_SEV080,CYL1_SEV080_W0011,11.0,15.99,CYLINDER,CYLINDER_1,0.8,0.1999999999999999,True,12485575.530515047,True,0.6704357436342733,True,156.65776,True
CYL1_SEV080,CYL1_SEV080_W0012,12.0,16.990000000000002,CYLINDER,CYLINDER_1,0.8,0.1999999999999999,True,11133103.154845826,True,0.6752410265411894,True,124.50789,True
CYL1_SEV080,CYL1_SEV080_W0013,13.0,17.990000000000002,CYLINDER,CYLINDER_1,0.8,0.1999999999999999,True,9272494.440652248,True,0.6501178366523633,True,86.50631,True
CYL1_SEV080,CYL1_SEV080_W0014,14.0,18.99,CYLINDER,CYLINDER_1,0.8,0.1999999999999999,True,8498302.74481598,True,0.641762906876353,False,72.4459,True
CYL1_SEV080,CYL1_SEV080_W0015,15.0,19.99,CYLINDER,CYLINDER_1,0.8,0.1999999999999999,True,8356444.006658192,True,0.6341485108223229,False,69.978676,True
CYL1_SEV080,CYL1_SEV080_W0016,16.0,20.99,CYLINDER,CYLINDER_1,0.8,0.1999999999999999,True,8325034.514260714,True,0.6404942594663017,False,69.44577,True
CYL1_SEV080,CYL1_SEV080_W0017,17.0,21.99,CYLINDER,CYLINDER_1,0.8,0.1999999999999999,True,8304991.939884544,True,0.6326154800849715,False,69.108,True
CYL1_SEV080,CYL1_SEV080_W0018,18.0,22.99,CYLINDER,CYLINDER_1,0.8,0.1999999999999999,True,8288993.952942525,True,0.6358372129499863,False,68.83919,True
CYL1_SEV080,CYL1_SEV080_W0019,19.0,23.99,CYLINDER,CYLINDER_1,0.8,0.1999999999999999,True,8276048.261183091,True,0.6394615955476034,False,68.6225,True
CYL1_SEV080,CYL1_SEV080_W0020,20.0,24.99,CYLINDER,CYLINDER_1,0.8,0.1999999999999999,True,8265571.825406581,True,0.6345317755053005,False,68.447784,True
CYL1_SEV080,CYL1_SEV080_W0021,21.0,25.99,CYLINDER,CYLINDER_1,0.8,0.1999999999999999,True,8285833.056687353,True,0.6474192212316525,True,68.79258,True
CYL1_SEV080,CYL1_SEV080_W0022,22.0,26.99,CYLINDER,CYLINDER_1,0.8,0.1999999999999999,True,8334299.056645949,True,0.6501139777433074,True,69.870804,True
CYL1_SEV080,CYL1_SEV080_W0023,23.0,27.99,CYLINDER,CYLINDER_1,0.8,0.1999999999999999,True,8348291.714609757,True,0.6504847232803426,True,70.106926,True
CYL1_SEV080,CYL1_SEV080_W0024,24.0,28.99,CYLINDER,CYLINDER_1,0.8,0.1999999999999999,True,8361785.35334662,True,0.645777043021125,True,70.30938,True
CYL1_SEV080,CYL1_SEV080_W0025,25.0,29.99,CYLINDER,CYLINDER_1,0.8,0.1999999999999999,True,8390059.894396823,True,0.6508778611920386,True,70.74568,True
CYL1_SEV080,CYL1_SEV080_W0026,26.0,30.99,CYLINDER,CYLINDER_1,0.8,0.1999999999999999,True,8323117.084170794,True,0.6389299706252736,False,69.58096,True
CYL1_SEV080,CYL1_SEV080_W0027,27.0,31.99,CYLINDER,CYLINDER_1,0.8,0.1999999999999999,True,8201087.71876625,True,0.6284634404821301,False,67.3903,True
CYL1_SEV080,CYL1_SEV080_W0028,28.0,32.99,CYLINDER,CYLINDER_1,0.8,0.1999999999999999,True,8197003.863459967,True,0.6296502737096168,False,67.324745,True
CYL1_SEV080,CYL1_SEV080_W0029,29.0,33.99,CYLINDER,CYLINDER_1,0.8,0.1999999999999999,True,8193700.791350784,True,0.6270925568265225,False,67.269424,True
CYL1_SEV080,CYL1_SEV080_W0030,30.0,34.99,CYLINDER,CYLINDER_1,0.8,0.1999999999999999,True,8192171.7530385535,True,0.6296502737096168,False,67.24402,True
CYL1_SEV080,CYL1_SEV080_W0031,31.0,35.99,CYLINDER,CYLINDER_1,0.8,0.1999999999999999,True,8191039.057353914,True,0.6316855550777998,False,67.22512,True
CYL1_SEV080,CYL1_SEV080_W0032,32.0,36.99,CYLINDER,CYLINDER_1,0.8,0.1999999999999999,True,8190130.331177372,True,0.6270925568265225,False,67.209946,True
CYL1_SEV080,CYL1_SEV080_W0033,33.0,37.99,CYLINDER,CYLINDER_1,0.8,0.1999999999999999,True,8189394.653958154,True,0.6296502737096168,False,67.197624,True
CYL1_SEV080,CYL1_SEV080_W0034,34.0,38.99,CYLINDER,CYLINDER_1,0.8,0.1999999999999999,True,8188798.966595489,True,0.6270925568265225,False,67.18764,True
CYL1_SEV080,CYL1_SEV080_W0035,35.0,39.99,CYLINDER,CYLINDER_1,0.8,0.1999999999999999,True,8188316.496536073,True,0.6296502737096168,False,67.17953,True
CYL1_SEV080,CYL1_SEV080_W0036,36.0,40.99,CYLINDER,CYLINDER_1,0.8,0.1999999999999999,True,8187925.614336891,True,0.6296502737096168,False,67.172935,True
CYL1_SEV080,CYL1_SEV080_W0037,37.0,41.99,CYLINDER,CYLINDER_1,0.8,0.1999999999999999,True,8187608.837035796,True,0.6296502737096168,False,67.16771,True
CYL1_SEV080,CYL1_SEV080_W0038,38.0,42.99,CYLINDER,CYLINDER_1,0.8,0.1999999999999999,True,8187352.418012861,True,0.6296502737096168,False,67.16348,True
CYL1_SEV080,CYL1_SEV080_W0039,39.0,43.99,CYLINDER,CYLINDER_1,0.8,0.1999999999999999,True,8187144.536242209,True,0.6296502737096168,False,67.16004,True
CYL1_SEV080,CYL1_SEV080_W0040,40.0,44.99,CYLINDER,CYLINDER_1,0.8,0.1999999999999999,True,8186975.828611342,True,0.6296502737096168,False,67.15727,True
CYL1_SEV080,CYL1_SEV080_W0041,41.0,45.99,CYLINDER,CYLINDER_1,0.8,0.1999999999999999,True,8186838.845700307,True,0.6296502737096168,False,67.15501,True
CYL1_SEV080,CYL1_SEV080_W0042,42.0,46.99,CYLINDER,CYLINDER_1,0.8,0.1999999999999999,True,8186727.561488671,True,0.6296502737096168,False,67.15317,True
CYL1_SEV080,CYL1_SEV080_W0043,43.0,47.99,CYLINDER,CYLINDER_1,0.8,0.1999999999999999,True,8186637.100731108,True,0.6296502737096168,False,67.15167,True
CYL1_SEV080,CYL1_SEV080_W0044,44.0,48.99,CYLINDER,CYLINDER_1,0.8,0.1999999999999999,True,8186563.518598282,True,0.6296502737096168,False,67.15045,True
CYL1_SEV080,CYL1_SEV080_W0045,45.0,49.99,CYLINDER,CYLINDER_1,0.8,0.1999999999999999,True,8186503.622563858,True,0.6296502737096168,False,67.14947,True
CYL1_SEV080,CYL1_SEV080_W0046,46.0,50.99,CYLINDER,CYLINDER_1,0.8,0.1999999999999999,True,8254171.369219339,True,0.631034801181467,False,68.277084,True
CYL1_SEV080,CYL1_SEV080_W0047,47.0,51.99,CYLINDER,CYLINDER_1,0.8,0.1999999999999999,True,8284163.511908614,True,0.6353235826606415,False,68.82819,True
CYL1_SEV080,CYL1_SEV080_W0048,48.0,52.99,CYLINDER,CYLINDER_1,0.8,0.1999999999999999,True,8229261.59713068,True,0.6373422196168291,False,67.94372,True
CYL1_SEV080,CYL1_SEV080_W0049,49.0,53.99,CYLINDER,CYLINDER_1,0.8,0.1999999999999999,True,8238958.239145947,True,0.6436340754636856,True,68.242874,True
CYL1_SEV080,CYL1_SEV080_W0050,50.0,54.99,CYLINDER,CYLINDER_1,0.8,0.1999999999999999,True,8275452.891023856,True,0.6415587991596554,False,68.81264,True
CYL1_SEV080,CYL1_SEV080_W0051,51.0,55.99,CYLINDER,CYLINDER_1,0.8,0.1999999999999999,True,8142590.73058062,True,0.6469796635805865,True,66.59333,True
CYL1_SEV080,CYL1_SEV080_W0052,52.0,56.99,CYLINDER,CYLINDER_1,0.8,0.1999999999999999,True,8049680.614732057,True,0.6510910877160779,True,65.09786,True
CYL1_SEV080,CYL1_SEV080_W0053,53.0,57.99,CYLINDER,CYLINDER_1,0.8,0.1999999999999999,True,8028801.1938557485,True,0.6554637107074576,True,64.75544,True
CYL1_SEV080,CYL1_SEV080_W0054,54.0,58.99,CYLINDER,CYLINDER_1,0.8,0.1999999999999999,True,8022855.145020768,True,0.6508755468991825,True,64.65943,True
CYL1_SEV080,CYL1_SEV080_W0055,55.0,59.99,CYLINDER,CYLINDER_1,0.8,0.1999999999999999,True,8022151.967238154,True,0.6475776160801434,True,64.64768,True
CYL3_SEV040,CYL3_SEV040_W0000,0.0,4.99,CYLINDER,CYLINDER_3,0.4,0.6,True,10603686.410229594,True,0.6851037148778466,True,113.40141,True
CYL3_SEV040,CYL3_SEV040_W0001,1.0,5.99,CYLINDER,CYLINDER_3,0.4,0.6,True,10626196.987903494,True,0.6787446846616588,True,113.89536,True
CYL3_SEV040,CYL3_SEV040_W0002,2.0,6.99,CYLINDER,CYLINDER_3,0.4,0.6,True,10476884.391466245,True,0.6765577794849608,True,110.56117,True
CYL3_SEV040,CYL3_SEV040_W0003,3.0,7.99,CYLINDER,CYLINDER_3,0.4,0.6,True,10466014.955545356,True,0.6717662554309654,True,110.32576,True
CYL3_SEV040,CYL3_SEV040_W0004,4.0,8.99,CYLINDER,CYLINDER_3,0.4,0.6,True,10296052.44239198,True,0.6760351933148894,True,106.76803,True
CYL3_SEV040,CYL3_SEV040_W0005,5.0,9.99,CYLINDER,CYLINDER_3,0.4,0.6,True,10403405.663956901,True,0.6727476366260053,True,109.00919,True
CYL3_SEV040,CYL3_SEV040_W0006,6.0,10.99,CYLINDER,CYLINDER_3,0.4,0.6,True,11570291.263822358,True,0.6822890077287991,True,134.63426,True
CYL3_SEV040,CYL3_SEV040_W0007,7.0,11.99,CYLINDER,CYLINDER_3,0.4,0.6,True,12271479.215330567,True,0.6698233408519295,True,150.87245,True
CYL3_SEV040,CYL3_SEV040_W0008,8.0,12.99,CYLINDER,CYLINDER_3,0.4,0.6,True,12278700.749425704,True,0.6538073866243401,True,150.62076,True
CYL3_SEV040,CYL3_SEV040_W0009,9.0,13.99,CYLINDER,CYLINDER_3,0.4,0.6,True,12253772.713667924,True,0.6521487751430767,True,150.21596,True
CYL3_SEV040,CYL3_SEV040_W0010,10.0,14.99,CYLINDER,CYLINDER_3,0.4,0.6,True,12230445.598398525,True,0.6533583012661935,True,149.87833,True
CYL3_SEV040,CYL3_SEV040_W0011,11.0,15.99,CYLINDER,CYLINDER_3,0.4,0.6,True,12145161.602220573,True,0.6657445653688796,True,148.30055,True
CYL3_SEV040,CYL3_SEV040_W0012,12.0,16.990000000000002,CYLINDER,CYLINDER_3,0.4,0.6,True,11008560.611443277,True,0.665742777472353,True,121.856926,True
CYL3_SEV040,CYL3_SEV040_W0013,13.0,17.990000000000002,CYLINDER,CYLINDER_3,0.4,0.6,True,9118874.672219994,True,0.6351743946210451,False,83.5802,True
CYL3_SEV040,CYL3_SEV040_W0014,14.0,18.99,CYLINDER,CYLINDER_3,0.4,0.6,True,7788399.000491202,True,0.6243088096347309,False,60.849297,True
CYL3_SEV040,CYL3_SEV040_W0015,15.0,19.99,CYLINDER,CYLINDER_3,0.4,0.6,True,7641255.412083054,True,0.6248716290768672,False,58.569107,True
CYL3_SEV040,CYL3_SEV040_W0016,16.0,20.99,CYLINDER,CYLINDER_3,0.4,0.6,True,7629843.440013778,True,0.6294269099815403,False,58.388462,True
CYL3_SEV040,CYL3_SEV040_W0017,17.0,21.99,CYLINDER,CYLINDER_3,0.4,0.6,True,7625303.826313334,True,0.6315528544617341,False,58.314777,True
CYL3_SEV040,CYL3_SEV040_W0018,18.0,22.99,CYLINDER,CYLINDER_3,0.4,0.6,True,7621695.34013025,True,0.6283528300753456,False,58.2603,True
CYL3_SEV040,CYL3_SEV040_W0019,19.0,23.99,CYLINDER,CYLINDER_3,0.4,0.6,True,7618788.095747365,True,0.6284120898644368,False,58.216393,True
CYL3_SEV040,CYL3_SEV040_W0020,20.0,24.99,CYLINDER,CYLINDER_3,0.4,0.6,True,7616438.949071671,True,0.6276476162253422,False,58.181007,True
CYL3_SEV040,CYL3_SEV040_W0021,21.0,25.99,CYLINDER,CYLINDER_3,0.4,0.6,True,7702176.602530271,True,0.6355366204462184,False,59.47679,True
CYL3_SEV040,CYL3_SEV040_W0022,22.0,26.99,CYLINDER,CYLINDER_3,0.4,0.6,True,7703451.215657368,True,0.6319048019950774,False,59.51219,True
CYL3_SEV040,CYL3_SEV040_W0023,23.0,27.99,CYLINDER,CYLINDER_3,0.4,0.6,True,7701131.385055637,True,0.6332862056738882,False,59.490944,True
CYL3_SEV040,CYL3_SEV040_W0024,24.0,28.99,CYLINDER,CYLINDER_3,0.4,0.6,True,7698581.305149685,True,0.630735213703141,False,59.549637,True
CYL3_SEV040,CYL3_SEV040_W0025,25.0,29.99,CYLINDER,CYLINDER_3,0.4,0.6,True,7692529.158857555,True,0.6357172205333014,False,59.45442,True
CYL3_SEV040,CYL3_SEV040_W0026,26.0,30.99,CYLINDER,CYLINDER_3,0.4,0.6,True,7677483.995751216,True,0.6299359590107172,False,59.21559,True
CYL3_SEV040,CYL3_SEV040_W0027,27.0,31.99,CYLINDER,CYLINDER_3,0.4,0.6,True,7565867.0776822185,True,0.6234898009966515,False,57.450825,True
CYL3_SEV040,CYL3_SEV040_W0028,28.0,32.99,CYLINDER,CYLINDER_3,0.4,0.6,True,7561049.647306471,True,0.6264078909894948,False,57.378967,True
CYL3_SEV040,CYL3_SEV040_W0029,29.0,33.99,CYLINDER,CYLINDER_3,0.4,0.6,True,7559849.408619821,True,0.6234898009966515,False,57.36049,True
CYL3_SEV040,CYL3_SEV040_W0030,30.0,34.99,CYLINDER,CYLINDER_3,0.4,0.6,True,7559438.666896107,True,0.6264078909894948,False,57.354343,True
CYL3_SEV040,CYL3_SEV040_W0031,31.0,35.99,CYLINDER,CYLINDER_3,0.4,0.6,True,7559182.827449151,True,0.6234898009966515,False,57.35053,True
CYL3_SEV040,CYL3_SEV040_W0032,32.0,36.99,CYLINDER,CYLINDER_3,0.4,0.6,True,7558980.127005747,True,0.628690691304631,False,57.34762,True
CYL3_SEV040,CYL3_SEV040_W0033,33.0,37.99,CYLINDER,CYLINDER_3,0.4,0.6,True,7558817.279519573,True,0.6243896141757141,False,57.345318,True
CYL3_SEV040,CYL3_SEV040_W0034,34.0,38.99,CYLINDER,CYLINDER_3,0.4,0.6,True,7558685.547129863,True,0.6255051692545645,False,57.343464,True
CYL3_SEV040,CYL3_SEV040_W0035,35.0,39.99,CYLINDER,CYLINDER_3,0.4,0.6,True,7558578.980245159,True,0.6243896141757141,False,57.34199,True
CYL3_SEV040,CYL3_SEV040_W0036,36.0,40.99,CYLINDER,CYLINDER_3,0.4,0.6,True,7558492.752425671,True,0.6243896141757141,False,57.340813,True
CYL3_SEV040,CYL3_SEV040_W0037,37.0,41.99,CYLINDER,CYLINDER_3,0.4,0.6,True,7558422.969204047,True,0.6243896141757141,False,57.33987,True
CYL3_SEV040,CYL3_SEV040_W0038,38.0,42.99,CYLINDER,CYLINDER_3,0.4,0.6,True,7558366.483052221,True,0.6243896141757141,False,57.33911,True
CYL3_SEV040,CYL3_SEV040_W0039,39.0,43.99,CYLINDER,CYLINDER_3,0.4,0.6,True,7558320.750021902,True,0.6243896141757141,False,57.338512,True
CYL3_SEV040,CYL3_SEV040_W0040,40.0,44.99,CYLINDER,CYLINDER_3,0.4,0.6,True,7558283.713890103,True,0.6243896141757141,False,57.33804,True
CYL3_SEV040,CYL3_SEV040_W0041,41.0,45.99,CYLINDER,CYLINDER_3,0.4,0.6,True,7558253.712553456,True,0.6243896141757141,False,57.337666,True
CYL3_SEV040,CYL3_SEV040_W0042,42.0,46.99,CYLINDER,CYLINDER_3,0.4,0.6,True,7558229.402338107,True,0.6243896141757141,False,57.33736,True
CYL3_SEV040,CYL3_SEV040_W0043,43.0,47.99,CYLINDER,CYLINDER_3,0.4,0.6,True,7558209.697051345,True,0.6243896141757141,False,57.337124,True
CYL3_SEV040,CYL3_SEV040_W0044,44.0,48.99,CYLINDER,CYLINDER_3,0.4,0.6,True,7558193.71846643,True,0.6243896141757141,False,57.336945,True
CYL3_SEV040,CYL3_SEV040_W0045,45.0,49.99,CYLINDER,CYLINDER_3,0.4,0.6,True,7558180.756451006,True,0.6243896141757141,False,57.336803,True
CYL3_SEV040,CYL3_SEV040_W0046,46.0,50.99,CYLINDER,CYLINDER_3,0.4,0.6,True,7688710.119165446,True,0.6259095472776166,False,59.292793,True
CYL3_SEV040,CYL3_SEV040_W0047,47.0,51.99,CYLINDER,CYLINDER_3,0.4,0.6,True,7749593.273029634,True,0.6265918131345103,False,60.260662,True
CYL3_SEV040,CYL3_SEV040_W0048,48.0,52.99,CYLINDER,CYLINDER_3,0.4,0.6,True,7713785.903249138,True,0.6299553776742112,False,59.747673,True
CYL3_SEV040,CYL3_SEV040_W0049,49.0,53.99,CYLINDER,CYLINDER_3,0.4,0.6,True,7723556.980478595,True,0.6322239529720166,False,59.920532,True
CYL3_SEV040,CYL3_SEV040_W0050,50.0,54.99,CYLINDER,CYLINDER_3,0.4,0.6,True,7753686.010557589,True,0.6311388526987814,False,60.388817,True
CYL3_SEV040,CYL3_SEV040_W0051,51.0,55.99,CYLINDER,CYLINDER_3,0.4,0.6,True,7637414.980214271,True,0.6384525875969549,False,58.57034,True
CYL3_SEV040,CYL3_SEV040_W0052,52.0,56.99,CYLINDER,CYLINDER_3,0.4,0.6,True,7551701.414189056,True,0.6420857251311872,False,57.260475,True
CYL3_SEV040,CYL3_SEV040_W0053,53.0,57.99,CYLINDER,CYLINDER_3,0.4,0.6,True,7546048.491201422,True,0.641567901412987,False,57.176888,True
CYL3_SEV040,CYL3_SEV040_W0054,54.0,58.99,CYLINDER,CYLINDER_3,0.4,0.6,True,7546251.864927306,True,0.6463978695563151,True,57.177643,True
CYL3_SEV040,CYL3_SEV040_W0055,55.0,59.99,CYLINDER,CYLINDER_3,0.4,0.6,True,7546086.2565456685,True,0.6463978695563151,True,57.174362,True
CYL3_SEV060,CYL3_SEV060_W0000,0.0,4.99,CYLINDER,CYLINDER_3,0.6,0.4,True,11306003.590791069,True,0.686210086068621,True,128.74498,True
CYL3_SEV060,CYL3_SEV060_W0001,1.0,5.99,CYLINDER,CYLINDER_3,0.6,0.4,True,11245933.875496102,True,0.6739147056959497,True,127.55232,True
CYL3_SEV060,CYL3_SEV060_W0002,2.0,6.99,CYLINDER,CYLINDER_3,0.6,0.4,True,11008604.526561256,True,0.6738340540364807,True,122.1643,True
CYL3_SEV060,CYL3_SEV060_W0003,3.0,7.99,CYLINDER,CYLINDER_3,0.6,0.4,True,10877207.477005826,True,0.6727476366260053,True,119.316826,True
CYL3_SEV060,CYL3_SEV060_W0004,4.0,8.99,CYLINDER,CYLINDER_3,0.6,0.4,True,10975997.729406636,True,0.6760351933148894,True,121.31649,True
CYL3_SEV060,CYL3_SEV060_W0005,5.0,9.99,CYLINDER,CYLINDER_3,0.6,0.4,True,10909614.651346762,True,0.6706029069948509,True,120.07024,True
CYL3_SEV060,CYL3_SEV060_W0006,6.0,10.99,CYLINDER,CYLINDER_3,0.6,0.4,True,11906806.143221628,True,0.6828963210013284,True,142.56357,True
CYL3_SEV060,CYL3_SEV060_W0007,7.0,11.99,CYLINDER,CYLINDER_3,0.6,0.4,True,12561833.880540755,True,0.6730736690787938,True,158.06108,True
CYL3_SEV060,CYL3_SEV060_W0008,8.0,12.99,CYLINDER,CYLINDER_3,0.6,0.4,True,12535781.60398927,True,0.6538073866243401,True,157.12625,True
CYL3_SEV060,CYL3_SEV060_W0009,9.0,13.99,CYLINDER,CYLINDER_3,0.6,0.4,True,12549508.81762345,True,0.6505722294277456,True,157.52852,True
CYL3_SEV060,CYL3_SEV060_W0010,10.0,14.99,CYLINDER,CYLINDER_3,0.6,0.4,True,12467636.601032978,True,0.657588958199879,True,155.73958,True
CYL3_SEV060,CYL3_SEV060_W0011,11.0,15.99,CYLINDER,CYLINDER_3,0.6,0.4,True,12295528.401333285,True,0.6657445653688797,True,151.96683,True
CYL3_SEV060,CYL3_SEV060_W0012,12.0,16.990000000000002,CYLINDER,CYLINDER_3,0.6,0.4,True,11302152.981870206,True,0.669513247930204,True,128.43538,True
CYL3_SEV060,CYL3_SEV060_W0013,13.0,17.990000000000002,CYLINDER,CYLINDER_3,0.6,0.4,True,9169242.58370281,True,0.640426310205824,False,84.54799,True
CYL3_SEV060,CYL3_SEV060_W0014,14.0,18.99,CYLINDER,CYLINDER_3,0.6,0.4,True,7940266.835825618,True,0.6400232422884891,False,63.489414,True
CYL3_SEV060,CYL3_SEV060_W0015,15.0,19.99,CYLINDER,CYLINDER_3,0.6,0.4,True,7905352.544842873,True,0.6444147816324843,True,62.91569,True
CYL3_SEV060,CYL3_SEV060_W0016,16.0,20.99,CYLINDER,CYLINDER_3,0.6,0.4,True,7894282.353518165,True,0.6407834459345011,False,62.732845,True
CYL3_SEV060,CYL3_SEV060_W0017,17.0,21.99,CYLINDER,CYLINDER_3,0.6,0.4,True,7886486.99969244,True,0.6430083843408255,True,62.60558,True
CYL3_SEV060,CYL3_SEV060_W0018,18.0,22.99,CYLINDER,CYLINDER_3,0.6,0.4,True,7880188.185707319,True,0.6413934455385164,False,62.50405,True
CYL3_SEV060,CYL3_SEV060_W0019,19.0,23.99,CYLINDER,CYLINDER_3,0.6,0.4,True,7875118.823890194,True,0.6369132906433114,False,62.423267,True
CYL3_SEV060,CYL3_SEV060_W0020,20.0,24.99,CYLINDER,CYLINDER_3,0.6,0.4,True,7871023.892804629,True,0.6375366509293038,False,62.35883,True
CYL3_SEV060,CYL3_SEV060_W0021,21.0,25.99,CYLINDER,CYLINDER_3,0.6,0.4,True,7946469.15137687,True,0.6499113455747813,True,63.501236,True
CYL3_SEV060,CYL3_SEV060_W0022,22.0,26.99,CYLINDER,CYLINDER_3,0.6,0.4,True,7939364.785833011,True,0.6540608060594125,True,63.411674,True
CYL3_SEV060,CYL3_SEV060_W0023,23.0,27.99,CYLINDER,CYLINDER_3,0.6,0.4,True,7986567.55205286,True,0.6553339915949409,True,64.2814,True
CYL3_SEV060,CYL3_SEV060_W0024,24.0,28.99,CYLINDER,CYLINDER_3,0.6,0.4,True,8005610.20980096,True,0.6553339915949409,True,64.58107,True
CYL3_SEV060,CYL3_SEV060_W0025,25.0,29.99,CYLINDER,CYLINDER_3,0.6,0.4,True,8015328.442416462,True,0.6566320325357734,True,64.73333,True
CYL3_SEV060,CYL3_SEV060_W0026,26.0,30.99,CYLINDER,CYLINDER_3,0.6,0.4,True,7962482.663103326,True,0.6382722992795768,False,63.882427,True
CYL3_SEV060,CYL3_SEV060_W0027,27.0,31.99,CYLINDER,CYLINDER_3,0.6,0.4,True,7795788.472080732,True,0.6363447074216934,False,61.199715,True
CYL3_SEV060,CYL3_SEV060_W0028,28.0,32.99,CYLINDER,CYLINDER_3,0.6,0.4,True,7793711.125999587,True,0.6339137604022658,False,61.16806,True
CYL3_SEV060,CYL3_SEV060_W0029,29.0,33.99,CYLINDER,CYLINDER_3,0.6,0.4,True,7791495.175531492,True,0.6341740102491702,False,61.13318,True
CYL3_SEV060,CYL3_SEV060_W0030,30.0,34.99,CYLINDER,CYLINDER_3,0.6,0.4,True,7790823.681480661,True,0.6344254062930699,False,61.12282,True
CYL3_SEV060,CYL3_SEV060_W0031,31.0,35.99,CYLINDER,CYLINDER_3,0.6,0.4,True,7790367.685537029,True,0.6341740102491702,False,61.115845,True
CYL3_SEV060,CYL3_SEV060_W0032,32.0,36.99,CYLINDER,CYLINDER_3,0.6,0.4,True,7790012.38152335,True,0.6344254062930699,False,61.11045,True
CYL3_SEV060,CYL3_SEV060_W0033,33.0,37.99,CYLINDER,CYLINDER_3,0.6,0.4,True,7789725.29118619,True,0.6344254062930699,False,61.10611,True
CYL3_SEV060,CYL3_SEV060_W0034,34.0,38.99,CYLINDER,CYLINDER_3,0.6,0.4,True,7789492.869551615,True,0.6341740102491702,False,61.102615,True
CYL3_SEV060,CYL3_SEV060_W0035,35.0,39.99,CYLINDER,CYLINDER_3,0.6,0.4,True,7789304.651183502,True,0.6344254062930699,False,61.099785,True
CYL3_SEV060,CYL3_SEV060_W0036,36.0,40.99,CYLINDER,CYLINDER_3,0.6,0.4,True,7789152.185608566,True,0.6318712997900033,False,61.09751,True
CYL3_SEV060,CYL3_SEV060_W0037,37.0,41.99,CYLINDER,CYLINDER_3,0.6,0.4,True,7789028.6446825145,True,0.6323812971654341,False,61.095676,True
CYL3_SEV060,CYL3_SEV060_W0038,38.0,42.99,CYLINDER,CYLINDER_3,0.6,0.4,True,7788928.507864424,True,0.6323812971654341,False,61.094204,True
CYL3_SEV060,CYL3_SEV060_W0039,39.0,43.99,CYLINDER,CYLINDER_3,0.6,0.4,True,7788847.311633151,True,0.6323812971654341,False,61.093018,True
CYL3_SEV060,CYL3_SEV060_W0040,40.0,44.99,CYLINDER,CYLINDER_3,0.6,0.4,True,7788781.446732011,True,0.6323812971654341,False,61.09207,True
CYL3_SEV060,CYL3_SEV060_W0041,41.0,45.99,CYLINDER,CYLINDER_3,0.6,0.4,True,7788727.9943843465,True,0.6323812971654341,False,61.0913,True
CYL3_SEV060,CYL3_SEV060_W0042,42.0,46.99,CYLINDER,CYLINDER_3,0.6,0.4,True,7788684.593934304,True,0.6323812971654341,False,61.090675,True
CYL3_SEV060,CYL3_SEV060_W0043,43.0,47.99,CYLINDER,CYLINDER_3,0.6,0.4,True,7788649.335882337,True,0.6313617137128259,False,61.09019,True
CYL3_SEV060,CYL3_SEV060_W0044,44.0,48.99,CYLINDER,CYLINDER_3,0.6,0.4,True,7788620.675442368,True,0.6313617137128259,False,61.089787,True
CYL3_SEV060,CYL3_SEV060_W0045,45.0,49.99,CYLINDER,CYLINDER_3,0.6,0.4,True,7788597.362682741,True,0.6313617137128259,False,61.089466,True
CYL3_SEV060,CYL3_SEV060_W0046,46.0,50.99,CYLINDER,CYLINDER_3,0.6,0.4,True,7925288.776763409,True,0.6373373567420961,False,63.18455,True
CYL3_SEV060,CYL3_SEV060_W0047,47.0,51.99,CYLINDER,CYLINDER_3,0.6,0.4,True,8001258.023207849,True,0.6414937611051656,False,64.40751,True
CYL3_SEV060,CYL3_SEV060_W0048,48.0,52.99,CYLINDER,CYLINDER_3,0.6,0.4,True,7950201.192848849,True,0.6434549872278164,True,63.63499,True
CYL3_SEV060,CYL3_SEV060_W0049,49.0,53.99,CYLINDER,CYLINDER_3,0.6,0.4,True,7962700.310245892,True,0.6483824725586541,True,63.859905,True
CYL3_SEV060,CYL3_SEV060_W0050,50.0,54.99,CYLINDER,CYLINDER_3,0.6,0.4,True,7922386.523714154,True,0.6511500212139539,True,63.250145,True
CYL3_SEV060,CYL3_SEV060_W0051,51.0,55.99,CYLINDER,CYLINDER_3,0.6,0.4,True,7885167.660933645,True,0.6547594761922424,True,62.610035,True
CYL3_SEV060,CYL3_SEV060_W0052,52.0,56.99,CYLINDER,CYLINDER_3,0.6,0.4,True,7780613.07699946,True,0.6493372193800637,True,60.955624,True
CYL3_SEV060,CYL3_SEV060_W0053,53.0,57.99,CYLINDER,CYLINDER_3,0.6,0.4,True,7778467.422963439,True,0.6562074341482745,True,60.918785,True
CYL3_SEV060,CYL3_SEV060_W0054,54.0,58.99,CYLINDER,CYLINDER_3,0.6,0.4,True,7770980.240326649,True,0.6507872140055901,True,60.79857,True
CYL3_SEV060,CYL3_SEV060_W0055,55.0,59.99,CYLINDER,CYLINDER_3,0.6,0.4,True,7770255.18071965,True,0.6486903873793202,True,60.786655,True
CYL3_SEV080,CYL3_SEV080_W0000,0.0,4.99,CYLINDER,CYLINDER_3,0.8,0.1999999999999999,True,11653132.52881855,True,0.6878729937705991,True,136.82552,True
CYL3_SEV080,CYL3_SEV080_W0001,1.0,5.99,CYLINDER,CYLINDER_3,0.8,0.1999999999999999,True,11654881.206810538,True,0.6781972965442103,True,136.82217,True
CYL3_SEV080,CYL3_SEV080_W0002,2.0,6.99,CYLINDER,CYLINDER_3,0.8,0.1999999999999999,True,11355203.296226617,True,0.672205084955764,True,129.81468,True
CYL3_SEV080,CYL3_SEV080_W0003,3.0,7.99,CYLINDER,CYLINDER_3,0.8,0.1999999999999999,True,11161474.740392074,True,0.6781972965442103,True,125.65952,True
CYL3_SEV080,CYL3_SEV080_W0004,4.0,8.99,CYLINDER,CYLINDER_3,0.8,0.1999999999999999,True,11180292.498623695,True,0.6672050193266913,True,126.201485,True
CYL3_SEV080,CYL3_SEV080_W0005,5.0,9.99,CYLINDER,CYLINDER_3,0.8,0.1999999999999999,True,11283849.609711904,True,0.6754669706331048,True,128.50005,True
CYL3_SEV080,CYL3_SEV080_W0006,6.0,10.99,CYLINDER,CYLINDER_3,0.8,0.1999999999999999,True,12245635.66542594,True,0.680777512289904,True,151.05782,True
CYL3_SEV080,CYL3_SEV080_W0007,7.0,11.99,CYLINDER,CYLINDER_3,0.8,0.1999999999999999,True,12845507.280510228,True,0.6719884776310786,True,165.09358,True
CYL3_SEV080,CYL3_SEV080_W0008,8.0,12.99,CYLINDER,CYLINDER_3,0.8,0.1999999999999999,True,12775492.335856596,True,0.655920753437535,True,163.20976,True
CYL3_SEV080,CYL3_SEV080_W0009,9.0,13.99,CYLINDER,CYLINDER_3,0.8,0.1999999999999999,True,12840485.829560168,True,0.6510973207392937,True,164.84372,True
CYL3_SEV080,CYL3_SEV080_W0010,10.0,14.99,CYLINDER,CYLINDER_3,0.8,0.1999999999999999,True,12719785.444768602,True,0.6550199889380307,True,162.0088,True
CYL3_SEV080,CYL3_SEV080_W0011,11.0,15.99,CYLINDER,CYLINDER_3,0.8,0.1999999999999999,True,12574690.872219956,True,0.6656648914820722,True,158.84541,True
CYL3_SEV080,CYL3_SEV080_W0012,12.0,16.990000000000002,CYLINDER,CYLINDER_3,0.8,0.1999999999999999,True,11720023.022096222,True,0.665742777472353,True,138.3363,True
CYL3_SEV080,CYL3_SEV080_W0013,13.0,17.990000000000002,CYLINDER,CYLINDER_3,0.8,0.1999999999999999,True,9748598.306298047,True,0.6437479293800681,True,95.45602,True
CYL3_SEV080,CYL3_SEV080_W0014,14.0,18.99,CYLINDER,CYLINDER_3,0.8,0.1999999999999999,True,8476920.854414327,True,0.6394098076691664,False,72.12118,True
CYL3_SEV080,CYL3_SEV080_W0015,15.0,19.99,CYLINDER,CYLINDER_3,0.8,0.1999999999999999,True,8385137.073588093,True,0.6387044775810233,False,70.5606,True
CYL3_SEV080,CYL3_SEV080_W0016,16.0,20.99,CYLINDER,CYLINDER_3,0.8,0.1999999999999999,True,8351421.132439375,True,0.633608842892045,False,69.98423,True
CYL3_SEV080,CYL3_SEV080_W0017,17.0,21.99,CYLINDER,CYLINDER_3,0.8,0.1999999999999999,True,8326187.171471558,True,0.6373496388751814,False,69.55546,True
CYL3_SEV080,CYL3_SEV080_W0018,18.0,22.99,CYLINDER,CYLINDER_3,0.8,0.1999999999999999,True,8306127.631466239,True,0.6409221973605799,False,69.216095,True
CYL3_SEV080,CYL3_SEV080_W0019,19.0,23.99,CYLINDER,CYLINDER_3,0.8,0.1999999999999999,True,8289921.770784893,True,0.6325872802769983,False,68.943085,True
CYL3_SEV080,CYL3_SEV080_W0020,20.0,24.99,CYLINDER,CYLINDER_3,0.8,0.1999999999999999,True,8276802.999153698,True,0.6369590233300892,False,68.71875,True
CYL3_SEV080,CYL3_SEV080_W0021,21.0,25.99,CYLINDER,CYLINDER_3,0.8,0.1999999999999999,True,8294854.323201498,True,0.6469456838739525,True,69.00402,True
CYL3_SEV080,CYL3_SEV080_W0022,22.0,26.99,CYLINDER,CYLINDER_3,0.8,0.1999999999999999,True,8341554.46721376,True,0.651543412674956,True,69.935165,True
CYL3_SEV080,CYL3_SEV080_W0023,23.0,27.99,CYLINDER,CYLINDER_3,0.8,0.1999999999999999,True,8354182.80102215,True,0.6524411484569819,True,70.16129,True
CYL3_SEV080,CYL3_SEV080_W0024,24.0,28.99,CYLINDER,CYLINDER_3,0.8,0.1999999999999999,True,8366640.99242791,True,0.6477193091808756,True,70.35931,True
CYL3_SEV080,CYL3_SEV080_W0025,25.0,29.99,CYLINDER,CYLINDER_3,0.8,0.1999999999999999,True,8394183.246337684,True,0.6554743152050481,True,70.81173,True
CYL3_SEV080,CYL3_SEV080_W0026,26.0,30.99,CYLINDER,CYLINDER_3,0.8,0.1999999999999999,True,8326510.240571161,True,0.6400098427935065,False,69.665436,True
CYL3_SEV080,CYL3_SEV080_W0027,27.0,31.99,CYLINDER,CYLINDER_3,0.8,0.1999999999999999,True,8203895.507218649,True,0.6295256228954303,False,67.51783,True
CYL3_SEV080,CYL3_SEV080_W0028,28.0,32.99,CYLINDER,CYLINDER_3,0.8,0.1999999999999999,True,8199277.134490271,True,0.6284243133154376,False,67.44067,True
CYL3_SEV080,CYL3_SEV080_W0029,29.0,33.99,CYLINDER,CYLINDER_3,0.8,0.1999999999999999,True,8195541.632258015,True,0.6285841823890482,False,67.377625,True
CYL3_SEV080,CYL3_SEV080_W0030,30.0,34.99,CYLINDER,CYLINDER_3,0.8,0.1999999999999999,True,8193662.525345999,True,0.6288562603149114,False,67.3454,True
CYL3_SEV080,CYL3_SEV080_W0031,31.0,35.99,CYLINDER,CYLINDER_3,0.8,0.1999999999999999,True,8192246.694307965,True,0.6331881057159393,False,67.32096,True
CYL3_SEV080,CYL3_SEV080_W0032,32.0,36.99,CYLINDER,CYLINDER_3,0.8,0.1999999999999999,True,8191108.980712997,True,0.6270646032113477,False,67.3012,True
CYL3_SEV080,CYL3_SEV080_W0033,33.0,37.99,CYLINDER,CYLINDER_3,0.8,0.1999999999999999,True,8190188.101133729,True,0.6273360233988166,False,67.28512,True
CYL3_SEV080,CYL3_SEV080_W0034,34.0,38.99,CYLINDER,CYLINDER_3,0.8,0.1999999999999999,True,8189442.61429045,True,0.6270646032113477,False,67.271965,True
CYL3_SEV080,CYL3_SEV080_W0035,35.0,39.99,CYLINDER,CYLINDER_3,0.8,0.1999999999999999,True,8188838.968413803,True,0.6273360233988166,False,67.26118,True
CYL3_SEV080,CYL3_SEV080_W0036,36.0,40.99,CYLINDER,CYLINDER_3,0.8,0.1999999999999999,True,8188350.054214451,True,0.6273360233988166,False,67.25237,True
CYL3_SEV080,CYL3_SEV080_W0037,37.0,41.99,CYLINDER,CYLINDER_3,0.8,0.1999999999999999,True,8187953.958069502,True,0.6273360233988166,False,67.24516,True
CYL3_SEV080,CYL3_SEV080_W0038,38.0,42.99,CYLINDER,CYLINDER_3,0.8,0.1999999999999999,True,8187632.9617886385,True,0.6273360233988166,False,67.23925,True
CYL3_SEV080,CYL3_SEV080_W0039,39.0,43.99,CYLINDER,CYLINDER_3,0.8,0.1999999999999999,True,8187373.134927354,True,0.6273360233988166,False,67.23441,True
CYL3_SEV080,CYL3_SEV080_W0040,40.0,44.99,CYLINDER,CYLINDER_3,0.8,0.1999999999999999,True,8187162.491087809,True,0.6273360233988166,False,67.230446,True
CYL3_SEV080,CYL3_SEV080_W0041,41.0,45.99,CYLINDER,CYLINDER_3,0.8,0.1999999999999999,True,8186991.546910862,True,0.6273360233988166,False,67.227165,True
CYL3_SEV080,CYL3_SEV080_W0042,42.0,46.99,CYLINDER,CYLINDER_3,0.8,0.1999999999999999,True,8186852.752535867,True,0.6273360233988166,False,67.22447,True
CYL3_SEV080,CYL3_SEV080_W0043,43.0,47.99,CYLINDER,CYLINDER_3,0.8,0.1999999999999999,True,8186740.000740843,True,0.6273360233988166,False,67.22224,True
CYL3_SEV080,CYL3_SEV080_W0044,44.0,48.99,CYLINDER,CYLINDER_3,0.8,0.1999999999999999,True,8186648.350629955,True,0.6273360233988166,False,67.220406,True
CYL3_SEV080,CYL3_SEV080_W0045,45.0,49.99,CYLINDER,CYLINDER_3,0.8,0.1999999999999999,True,8186573.804293046,True,0.6273360233988166,False,67.218864,True
CYL3_SEV080,CYL3_SEV080_W0046,46.0,50.99,CYLINDER,CYLINDER_3,0.8,0.1999999999999999,True,8254228.9106978,True,0.6313270723587946,False,68.2981,True
CYL3_SEV080,CYL3_SEV080_W0047,47.0,51.99,CYLINDER,CYLINDER_3,0.8,0.1999999999999999,True,8284211.641700422,True,0.6352555681208526,False,68.83131,True
CYL3_SEV080,CYL3_SEV080_W0048,48.0,52.99,CYLINDER,CYLINDER_3,0.8,0.1999999999999999,True,8229303.53768401,True,0.6366078688726883,False,67.98312,True
CYL3_SEV080,CYL3_SEV080_W0049,49.0,53.99,CYLINDER,CYLINDER_3,0.8,0.1999999999999999,True,8238995.484730801,True,0.6448933729205186,True,68.28561,True
CYL3_SEV080,CYL3_SEV080_W0050,50.0,54.99,CYLINDER,CYLINDER_3,0.8,0.1999999999999999,True,8275486.55309101,True,0.6453368672125066,True,68.901405,True
CYL3_SEV080,CYL3_SEV080_W0051,51.0,55.99,CYLINDER,CYLINDER_3,0.8,0.1999999999999999,True,8142620.374851724,True,0.6472696390526996,True,66.651115,True
CYL3_SEV080,CYL3_SEV080_W0052,52.0,56.99,CYLINDER,CYLINDER_3,0.8,0.1999999999999999,True,8049706.452941309,True,0.6499635440317401,True,65.10091,True
CYL3_SEV080,CYL3_SEV080_W0053,53.0,57.99,CYLINDER,CYLINDER_3,0.8,0.1999999999999999,True,8028823.634336172,True,0.6553852671959219,True,64.75618,True
CYL3_SEV080,CYL3_SEV080_W0054,54.0,58.99,CYLINDER,CYLINDER_3,0.8,0.1999999999999999,True,8022874.736244733,True,0.6507976524823941,True,64.65944,True
CYL3_SEV080,CYL3_SEV080_W0055,55.0,59.99,CYLINDER,CYLINDER_3,0.8,0.1999999999999999,True,8022169.187455608,True,0.6475001163477138,True,64.64778,True
LUBRICATION_SEV040,LUBRICATION_SEV040_W0000,0.0,4.99,LUBRICATION,LUBRICATION_SYSTEM,0.4,0.6,True,6598497.204889164,True,0.6890073174002735,True,44.067898,True
LUBRICATION_SEV040,LUBRICATION_SEV040_W0001,1.0,5.99,LUBRICATION,LUBRICATION_SYSTEM,0.4,0.6,True,6509249.660054867,True,0.6725292852250029,True,42.840176,True
LUBRICATION_SEV040,LUBRICATION_SEV040_W0002,2.0,6.99,LUBRICATION,LUBRICATION_SYSTEM,0.4,0.6,True,6234345.428369992,True,0.6639035682203902,True,39.31411,True
LUBRICATION_SEV040,LUBRICATION_SEV040_W0003,3.0,7.99,LUBRICATION,LUBRICATION_SYSTEM,0.4,0.6,True,6181029.862088921,True,0.657190001778888,True,38.66188,True
LUBRICATION_SEV040,LUBRICATION_SEV040_W0004,4.0,8.99,LUBRICATION,LUBRICATION_SYSTEM,0.4,0.6,True,6210506.720060365,True,0.655150951548264,True,39.028873,True
LUBRICATION_SEV040,LUBRICATION_SEV040_W0005,5.0,9.99,LUBRICATION,LUBRICATION_SYSTEM,0.4,0.6,True,6188599.491940451,True,0.666746496603613,True,38.732967,True
LUBRICATION_SEV040,LUBRICATION_SEV040_W0006,6.0,10.99,LUBRICATION,LUBRICATION_SYSTEM,0.4,0.6,True,7145164.918509654,True,0.6823688388205461,True,51.481297,True
LUBRICATION_SEV040,LUBRICATION_SEV040_W0007,7.0,11.99,LUBRICATION,LUBRICATION_SYSTEM,0.4,0.6,True,10121959.541643064,True,0.6712876380439825,True,102.7335,True
LUBRICATION_SEV040,LUBRICATION_SEV040_W0008,8.0,12.99,LUBRICATION,LUBRICATION_SYSTEM,0.4,0.6,True,9958552.134221219,True,0.6469858572443292,True,99.32915,True
LUBRICATION_SEV040,LUBRICATION_SEV040_W0009,9.0,13.99,LUBRICATION,LUBRICATION_SYSTEM,0.4,0.6,True,9939667.927251805,True,0.6391267563611999,False,99.0011,True
LUBRICATION_SEV040,LUBRICATION_SEV040_W0010,10.0,14.99,LUBRICATION,LUBRICATION_SYSTEM,0.4,0.6,True,9935820.21718508,True,0.6532019275362815,True,99.294426,True
LUBRICATION_SEV040,LUBRICATION_SEV040_W0011,11.0,15.99,LUBRICATION,LUBRICATION_SYSTEM,0.4,0.6,True,9978110.824154563,True,0.6650484517378988,True,100.17728,True
LUBRICATION_SEV040,LUBRICATION_SEV040_W0012,12.0,16.990000000000002,LUBRICATION,LUBRICATION_SYSTEM,0.4,0.6,True,9258961.422477806,True,0.6652241882152882,True,86.39877,True
LUBRICATION_SEV040,LUBRICATION_SEV040_W0013,13.0,17.990000000000002,LUBRICATION,LUBRICATION_SYSTEM,0.4,0.6,True,6636496.366161751,True,0.648329116916728,True,44.493176,True
LUBRICATION_SEV040,LUBRICATION_SEV040_W0014,14.0,18.99,LUBRICATION,LUBRICATION_SYSTEM,0.4,0.6,True,4803414.391791129,True,0.6258395130549961,False,23.404331,True
LUBRICATION_SEV040,LUBRICATION_SEV040_W0015,15.0,19.99,LUBRICATION,LUBRICATION_SYSTEM,0.4,0.6,True,2568196.862196568,True,0.6274853902951886,False,6.859254,True
LUBRICATION_SEV040,LUBRICATION_SEV040_W0016,16.0,20.99,LUBRICATION,LUBRICATION_SYSTEM,0.4,0.6,True,2526581.100769691,True,0.6320784473310662,False,6.644696,True
LUBRICATION_SEV040,LUBRICATION_SEV040_W0017,17.0,21.99,LUBRICATION,LUBRICATION_SYSTEM,0.4,0.6,True,2526288.1108493963,True,0.6275805474958595,False,6.6447077,True
LUBRICATION_SEV040,LUBRICATION_SEV040_W0018,18.0,22.99,LUBRICATION,LUBRICATION_SYSTEM,0.4,0.6,True,2526286.338980218,True,0.6241369211790886,False,6.6478915,True
LUBRICATION_SEV040,LUBRICATION_SEV040_W0019,19.0,23.99,LUBRICATION,LUBRICATION_SYSTEM,0.4,0.6,True,2526286.3219254287,True,0.6191216638488791,False,6.6505475,True
LUBRICATION_SEV040,LUBRICATION_SEV040_W0020,20.0,24.99,LUBRICATION,LUBRICATION_SYSTEM,0.4,0.6,True,2526286.3184024696,True,0.6180422038178743,False,6.653828,True
LUBRICATION_SEV040,LUBRICATION_SEV040_W0021,21.0,25.99,LUBRICATION,LUBRICATION_SYSTEM,0.4,0.6,True,2526886.46141361,True,0.6363946683432181,False,6.6573324,True
LUBRICATION_SEV040,LUBRICATION_SEV040_W0022,22.0,26.99,LUBRICATION,LUBRICATION_SYSTEM,0.4,0.6,True,2527079.843590366,True,0.6289334991047498,False,6.6759663,True
LUBRICATION_SEV040,LUBRICATION_SEV040_W0023,23.0,27.99,LUBRICATION,LUBRICATION_SYSTEM,0.4,0.6,True,2527194.7661491693,True,0.6290430254862825,False,6.691602,True
LUBRICATION_SEV040,LUBRICATION_SEV040_W0024,24.0,28.99,LUBRICATION,LUBRICATION_SYSTEM,0.4,0.6,True,2527280.2356957668,True,0.5666200660898131,False,6.696258,True
LUBRICATION_SEV040,LUBRICATION_SEV040_W0025,25.0,29.99,LUBRICATION,LUBRICATION_SYSTEM,0.4,0.6,True,2527340.025365748,True,0.5053758948543994,False,6.6821785,True
LUBRICATION_SEV040,LUBRICATION_SEV040_W0026,26.0,30.99,LUBRICATION,LUBRICATION_SYSTEM,0.4,0.6,True,2527356.7727988553,True,0.44762139731468376,False,6.66334,True
LUBRICATION_SEV040,LUBRICATION_SEV040_W0027,27.0,31.99,LUBRICATION,LUBRICATION_SYSTEM,0.4,0.6,True,2527362.7014056183,True,0.4278163639258758,False,6.6585793,True
LUBRICATION_SEV040,LUBRICATION_SEV040_W0028,28.0,32.99,LUBRICATION,LUBRICATION_SYSTEM,0.4,0.6,True,2527362.700780602,True,0.4201261411247996,False,6.6578307,True
LUBRICATION_SEV040,LUBRICATION_SEV040_W0029,29.0,33.99,LUBRICATION,LUBRICATION_SYSTEM,0.4,0.6,True,2527362.700275718,True,0.41792075557736313,False,6.6577916,True
LUBRICATION_SEV040,LUBRICATION_SEV040_W0030,30.0,34.99,LUBRICATION,LUBRICATION_SYSTEM,0.4,0.6,True,2527362.6998678744,True,0.4210188051235711,False,6.6577935,True
LUBRICATION_SEV040,LUBRICATION_SEV040_W0031,31.0,35.99,LUBRICATION,LUBRICATION_SYSTEM,0.4,0.6,True,2527362.6995384204,True,0.4251483229725321,False,6.6578026,True
LUBRICATION_SEV040,LUBRICATION_SEV040_W0032,32.0,36.99,LUBRICATION,LUBRICATION_SYSTEM,0.4,0.6,True,2527362.69927229,True,0.42445528043565045,False,6.6578145,True
LUBRICATION_SEV040,LUBRICATION_SEV040_W0033,33.0,37.99,LUBRICATION,LUBRICATION_SYSTEM,0.4,0.6,True,2527362.6990573104,True,0.43079569697254155,False,6.6578293,True
LUBRICATION_SEV040,LUBRICATION_SEV040_W0034,34.0,38.99,LUBRICATION,LUBRICATION_SYSTEM,0.4,0.6,True,2527362.6988836518,True,0.43597929207269426,False,6.657844,True
LUBRICATION_SEV040,LUBRICATION_SEV040_W0035,35.0,39.99,LUBRICATION,LUBRICATION_SYSTEM,0.4,0.6,True,2527362.6987433704,True,0.43212477517823533,False,6.6578603,True
LUBRICATION_SEV040,LUBRICATION_SEV040_W0036,36.0,40.99,LUBRICATION,LUBRICATION_SYSTEM,0.4,0.6,True,2527362.698630052,True,0.46556086809420716,False,6.6578765,True
LUBRICATION_SEV040,LUBRICATION_SEV040_W0037,37.0,41.99,LUBRICATION,LUBRICATION_SYSTEM,0.4,0.6,True,2527362.6985385143,True,0.5017301883595625,False,6.6578913,True
LUBRICATION_SEV040,LUBRICATION_SEV040_W0038,38.0,42.99,LUBRICATION,LUBRICATION_SYSTEM,0.4,0.6,True,2527362.6984645706,True,0.4747498372983204,False,6.6579075,True
LUBRICATION_SEV040,LUBRICATION_SEV040_W0039,39.0,43.99,LUBRICATION,LUBRICATION_SYSTEM,0.4,0.6,True,2527362.6984048393,True,0.4611699806090218,False,6.6579223,True
LUBRICATION_SEV040,LUBRICATION_SEV040_W0040,40.0,44.99,LUBRICATION,LUBRICATION_SYSTEM,0.4,0.6,True,2527362.6983565884,True,0.45951400725120134,False,6.657937,True
LUBRICATION_SEV040,LUBRICATION_SEV040_W0041,41.0,45.99,LUBRICATION,LUBRICATION_SYSTEM,0.4,0.6,True,2527362.698317612,True,0.46031847555553584,False,6.6579504,True
LUBRICATION_SEV040,LUBRICATION_SEV040_W0042,42.0,46.99,LUBRICATION,LUBRICATION_SYSTEM,0.4,0.6,True,2527362.698286127,True,0.47130454127149335,False,6.6579614,True
LUBRICATION_SEV040,LUBRICATION_SEV040_W0043,43.0,47.99,LUBRICATION,LUBRICATION_SYSTEM,0.4,0.6,True,2527362.698260693,True,0.4576232650426849,False,6.657974,True
LUBRICATION_SEV040,LUBRICATION_SEV040_W0044,44.0,48.99,LUBRICATION,LUBRICATION_SYSTEM,0.4,0.6,True,2527362.698240148,True,0.45910130556407464,False,6.6579847,True
LUBRICATION_SEV040,LUBRICATION_SEV040_W0045,45.0,49.99,LUBRICATION,LUBRICATION_SYSTEM,0.4,0.6,True,2527362.6982235517,True,0.46102237473305485,False,6.657994,True
LUBRICATION_SEV040,LUBRICATION_SEV040_W0046,46.0,50.99,LUBRICATION,LUBRICATION_SYSTEM,0.4,0.6,True,2529292.545628926,True,0.4954823551393321,False,6.6700473,True
LUBRICATION_SEV040,LUBRICATION_SEV040_W0047,47.0,51.99,LUBRICATION,LUBRICATION_SYSTEM,0.4,0.6,True,2530046.2639865186,True,0.4972681729455098,False,6.6817613,True
LUBRICATION_SEV040,LUBRICATION_SEV040_W0048,48.0,52.99,LUBRICATION,LUBRICATION_SYSTEM,0.4,0.6,True,2530439.488522218,True,0.5117005871018544,False,6.6995797,True
LUBRICATION_SEV040,LUBRICATION_SEV040_W0049,49.0,53.99,LUBRICATION,LUBRICATION_SYSTEM,0.4,0.6,True,2530656.7327886773,True,0.5035520534756373,False,6.706787,True
LUBRICATION_SEV040,LUBRICATION_SEV040_W0050,50.0,54.99,LUBRICATION,LUBRICATION_SYSTEM,0.4,0.6,True,2530713.719527954,True,0.5076305256202148,False,6.69902,True
LUBRICATION_SEV040,LUBRICATION_SEV040_W0051,51.0,55.99,LUBRICATION,LUBRICATION_SYSTEM,0.4,0.6,True,2530774.3578914655,True,0.5090224099988963,False,6.6686134,True
LUBRICATION_SEV040,LUBRICATION_SEV040_W0052,52.0,56.99,LUBRICATION,LUBRICATION_SYSTEM,0.4,0.6,True,2530797.1992952735,True,0.49751049206385334,False,6.66858,True
LUBRICATION_SEV040,LUBRICATION_SEV040_W0053,53.0,57.99,LUBRICATION,LUBRICATION_SYSTEM,0.4,0.6,True,2530797.1992922686,True,0.484184815247058,False,6.6678147,True
LUBRICATION_SEV040,LUBRICATION_SEV040_W0054,54.0,58.99,LUBRICATION,LUBRICATION_SYSTEM,0.4,0.6,True,2530797.1992898406,True,0.48088078548760677,False,6.666353,True
LUBRICATION_SEV040,LUBRICATION_SEV040_W0055,55.0,59.99,LUBRICATION,LUBRICATION_SYSTEM,0.4,0.6,True,2530797.1992878797,True,0.492486165357541,False,6.6651673,True
LUBRICATION_SEV060,LUBRICATION_SEV060_W0000,0.0,4.99,LUBRICATION,LUBRICATION_SYSTEM,0.6,0.4,True,9153372.9992545,True,0.6869265050314116,True,84.720184,True
LUBRICATION_SEV060,LUBRICATION_SEV060_W0001,1.0,5.99,LUBRICATION,LUBRICATION_SYSTEM,0.6,0.4,True,9161218.180008024,True,0.675771290889228,True,84.79259,True
LUBRICATION_SEV060,LUBRICATION_SEV060_W0002,2.0,6.99,LUBRICATION,LUBRICATION_SYSTEM,0.6,0.4,True,9181971.893274765,True,0.6726689311294372,True,85.01733,True
LUBRICATION_SEV060,LUBRICATION_SEV060_W0003,3.0,7.99,LUBRICATION,LUBRICATION_SYSTEM,0.6,0.4,True,9016713.003335593,True,0.6667255654085169,True,82.156906,True
LUBRICATION_SEV060,LUBRICATION_SEV060_W0004,4.0,8.99,LUBRICATION,LUBRICATION_SYSTEM,0.6,0.4,True,9028088.155406885,True,0.6747047430181498,True,82.286,True
LUBRICATION_SEV060,LUBRICATION_SEV060_W0005,5.0,9.99,LUBRICATION,LUBRICATION_SYSTEM,0.6,0.4,True,9136317.875496568,True,0.6704213587477068,True,84.34386,True
LUBRICATION_SEV060,LUBRICATION_SEV060_W0006,6.0,10.99,LUBRICATION,LUBRICATION_SYSTEM,0.6,0.4,True,10466181.171718936,True,0.6828396983573221,True,110.43792,True
LUBRICATION_SEV060,LUBRICATION_SEV060_W0007,7.0,11.99,LUBRICATION,LUBRICATION_SYSTEM,0.6,0.4,True,11565485.666518154,True,0.6773527343814129,True,133.89665,True
LUBRICATION_SEV060,LUBRICATION_SEV060_W0008,8.0,12.99,LUBRICATION,LUBRICATION_SYSTEM,0.6,0.4,True,11526499.725795325,True,0.6523048967528388,True,133.13669,True
LUBRICATION_SEV060,LUBRICATION_SEV060_W0009,9.0,13.99,LUBRICATION,LUBRICATION_SYSTEM,0.6,0.4,True,11503507.901259374,True,0.6533583012661935,True,132.58981,True
LUBRICATION_SEV060,LUBRICATION_SEV060_W0010,10.0,14.99,LUBRICATION,LUBRICATION_SYSTEM,0.6,0.4,True,11404825.416481948,True,0.6554702164560027,True,130.5382,True
LUBRICATION_SEV060,LUBRICATION_SEV060_W0011,11.0,15.99,LUBRICATION,LUBRICATION_SYSTEM,0.6,0.4,True,11501114.141368221,True,0.6683555961061981,True,132.92784,True
LUBRICATION_SEV060,LUBRICATION_SEV060_W0012,12.0,16.990000000000002,LUBRICATION,LUBRICATION_SYSTEM,0.6,0.4,True,10680220.890266875,True,0.6610598008879148,True,114.87161,True
LUBRICATION_SEV060,LUBRICATION_SEV060_W0013,13.0,17.990000000000002,LUBRICATION,LUBRICATION_SYSTEM,0.6,0.4,True,8536036.94814392,True,0.6426888309633138,True,73.867035,True
LUBRICATION_SEV060,LUBRICATION_SEV060_W0014,14.0,18.99,LUBRICATION,LUBRICATION_SYSTEM,0.6,0.4,True,5903130.749936357,True,0.6334021238655207,False,35.49898,True
LUBRICATION_SEV060,LUBRICATION_SEV060_W0015,15.0,19.99,LUBRICATION,LUBRICATION_SYSTEM,0.6,0.4,True,3411223.5255852155,True,0.6316483267241374,False,12.210695,True
LUBRICATION_SEV060,LUBRICATION_SEV060_W0016,16.0,20.99,LUBRICATION,LUBRICATION_SYSTEM,0.6,0.4,True,2536378.039487809,True,0.6372027375513422,False,6.9850802,True
LUBRICATION_SEV060,LUBRICATION_SEV060_W0017,17.0,21.99,LUBRICATION,LUBRICATION_SYSTEM,0.6,0.4,True,2530066.128736125,True,0.6281162117821866,False,6.954024,True
LUBRICATION_SEV060,LUBRICATION_SEV060_W0018,18.0,22.99,LUBRICATION,LUBRICATION_SYSTEM,0.6,0.4,True,2529929.143474074,True,0.6281162117821866,False,6.954533,True
LUBRICATION_SEV060,LUBRICATION_SEV060_W0019,19.0,23.99,LUBRICATION,LUBRICATION_SYSTEM,0.6,0.4,True,2529851.8701736988,True,0.6246368151071355,False,6.95505,True
LUBRICATION_SEV060,LUBRICATION_SEV060_W0020,20.0,24.99,LUBRICATION,LUBRICATION_SYSTEM,0.6,0.4,True,2529789.6523653106,True,0.6231267785448816,False,6.9574075,True
LUBRICATION_SEV060,LUBRICATION_SEV060_W0021,21.0,25.99,LUBRICATION,LUBRICATION_SYSTEM,0.6,0.4,True,2531108.560804807,True,0.6415800912242218,False,6.969515,True
LUBRICATION_SEV060,LUBRICATION_SEV060_W0022,22.0,26.99,LUBRICATION,LUBRICATION_SYSTEM,0.6,0.4,True,2531509.0872979593,True,0.6407819963079691,False,6.9842877,True
LUBRICATION_SEV060,LUBRICATION_SEV060_W0023,23.0,27.99,LUBRICATION,LUBRICATION_SYSTEM,0.6,0.4,True,2531738.4362573125,True,0.6268654671529433,False,6.996938,True
LUBRICATION_SEV060,LUBRICATION_SEV060_W0024,24.0,28.99,LUBRICATION,LUBRICATION_SYSTEM,0.6,0.4,True,2531906.901292122,True,0.6326732636516014,False,6.9968715,True
LUBRICATION_SEV060,LUBRICATION_SEV060_W0025,25.0,29.99,LUBRICATION,LUBRICATION_SYSTEM,0.6,0.4,True,2532021.8824797026,True,0.598387951326221,False,6.9818263,True
LUBRICATION_SEV060,LUBRICATION_SEV060_W0026,26.0,30.99,LUBRICATION,LUBRICATION_SYSTEM,0.6,0.4,True,2532042.809002251,True,0.5692410382031154,False,6.962237,True
LUBRICATION_SEV060,LUBRICATION_SEV060_W0027,27.0,31.99,LUBRICATION,LUBRICATION_SYSTEM,0.6,0.4,True,2532042.3805455915,True,0.5595861440311181,False,6.9603605,True
LUBRICATION_SEV060,LUBRICATION_SEV060_W0028,28.0,32.99,LUBRICATION,LUBRICATION_SYSTEM,0.6,0.4,True,2532031.1099397265,True,0.5551878490667892,False,6.9596844,True
LUBRICATION_SEV060,LUBRICATION_SEV060_W0029,29.0,33.99,LUBRICATION,LUBRICATION_SYSTEM,0.6,0.4,True,2532022.0055652107,True,0.5554848148159504,False,6.959834,True
LUBRICATION_SEV060,LUBRICATION_SEV060_W0030,30.0,34.99,LUBRICATION,LUBRICATION_SYSTEM,0.6,0.4,True,2532014.651073892,True,0.5592906008958058,False,6.9600286,True
LUBRICATION_SEV060,LUBRICATION_SEV060_W0031,31.0,35.99,LUBRICATION,LUBRICATION_SYSTEM,0.6,0.4,True,2532008.710138414,True,0.5528592433667346,False,6.9602146,True
LUBRICATION_SEV060,LUBRICATION_SEV060_W0032,32.0,36.99,LUBRICATION,LUBRICATION_SYSTEM,0.6,0.4,True,2532003.9110713433,True,0.5650486782865995,False,6.96039,True
LUBRICATION_SEV060,LUBRICATION_SEV060_W0033,33.0,37.99,LUBRICATION,LUBRICATION_SYSTEM,0.6,0.4,True,2532000.034403195,True,0.5646477317098461,False,6.9605527,True
LUBRICATION_SEV060,LUBRICATION_SEV060_W0034,34.0,38.99,LUBRICATION,LUBRICATION_SYSTEM,0.6,0.4,True,2531996.902846425,True,0.5657332917401364,False,6.9607043,True
LUBRICATION_SEV060,LUBRICATION_SEV060_W0035,35.0,39.99,LUBRICATION,LUBRICATION_SYSTEM,0.6,0.4,True,2531994.373188269,True,0.5519734242677248,False,6.960845,True
LUBRICATION_SEV060,LUBRICATION_SEV060_W0036,36.0,40.99,LUBRICATION,LUBRICATION_SYSTEM,0.6,0.4,True,2531992.3297416745,True,0.554419681589459,False,6.960974,True
LUBRICATION_SEV060,LUBRICATION_SEV060_W0037,37.0,41.99,LUBRICATION,LUBRICATION_SYSTEM,0.6,0.4,True,2531990.679054904,True,0.5581956468986341,False,6.9610796,True
LUBRICATION_SEV060,LUBRICATION_SEV060_W0038,38.0,42.99,LUBRICATION,LUBRICATION_SYSTEM,0.6,0.4,True,2531989.3456379003,True,0.5459677045873885,False,6.96117,True
LUBRICATION_SEV060,LUBRICATION_SEV060_W0039,39.0,43.99,LUBRICATION,LUBRICATION_SYSTEM,0.6,0.4,True,2531988.2685100418,True,0.5413366030064147,False,6.961252,True
LUBRICATION_SEV060,LUBRICATION_SEV060_W0040,40.0,44.99,LUBRICATION,LUBRICATION_SYSTEM,0.6,0.4,True,2531987.398411407,True,0.5380176250028824,False,6.961327,True
LUBRICATION_SEV060,LUBRICATION_SEV060_W0041,41.0,45.99,LUBRICATION,LUBRICATION_SYSTEM,0.6,0.4,True,2531986.695550021,True,0.5431819641958334,False,6.961396,True
LUBRICATION_SEV060,LUBRICATION_SEV060_W0042,42.0,46.99,LUBRICATION,LUBRICATION_SYSTEM,0.6,0.4,True,2531986.1277820943,True,0.5439635312471981,False,6.961458,True
LUBRICATION_SEV060,LUBRICATION_SEV060_W0043,43.0,47.99,LUBRICATION,LUBRICATION_SYSTEM,0.6,0.4,True,2531985.669142013,True,0.5380455723712823,False,6.9615154,True
LUBRICATION_SEV060,LUBRICATION_SEV060_W0044,44.0,48.99,LUBRICATION,LUBRICATION_SYSTEM,0.6,0.4,True,2531985.298654871,True,0.5359784836939638,False,6.9615674,True
LUBRICATION_SEV060,LUBRICATION_SEV060_W0045,45.0,49.99,LUBRICATION,LUBRICATION_SYSTEM,0.6,0.4,True,2531984.9993772386,True,0.54112324951814,False,6.961614,True
LUBRICATION_SEV060,LUBRICATION_SEV060_W0046,46.0,50.99,LUBRICATION,LUBRICATION_SYSTEM,0.6,0.4,True,2536383.9908096497,True,0.5833454578939156,False,6.987754,True
LUBRICATION_SEV060,LUBRICATION_SEV060_W0047,47.0,51.99,LUBRICATION,LUBRICATION_SYSTEM,0.6,0.4,True,2538100.7938794196,True,0.5914018113141764,False,6.9999137,True
LUBRICATION_SEV060,LUBRICATION_SEV060_W0048,48.0,52.99,LUBRICATION,LUBRICATION_SYSTEM,0.6,0.4,True,2538996.1584878126,True,0.5813547244583859,False,7.01616,True
LUBRICATION_SEV060,LUBRICATION_SEV060_W0049,49.0,53.99,LUBRICATION,LUBRICATION_SYSTEM,0.6,0.4,True,2539490.7035811464,True,0.590852958242374,False,7.0220885,True
LUBRICATION_SEV060,LUBRICATION_SEV060_W0050,50.0,54.99,LUBRICATION,LUBRICATION_SYSTEM,0.6,0.4,True,2539620.352677689,True,0.5941752851280154,False,7.0118213,True
LUBRICATION_SEV060,LUBRICATION_SEV060_W0051,51.0,55.99,LUBRICATION,LUBRICATION_SYSTEM,0.6,0.4,True,2539758.331739503,True,0.5929041779889275,False,6.9781923,True
LUBRICATION_SEV060,LUBRICATION_SEV060_W0052,52.0,56.99,LUBRICATION,LUBRICATION_SYSTEM,0.6,0.4,True,2539810.269206453,True,0.5729133514106274,False,6.977011,True
LUBRICATION_SEV060,LUBRICATION_SEV060_W0053,53.0,57.99,LUBRICATION,LUBRICATION_SYSTEM,0.6,0.4,True,2539810.2151071047,True,0.5798768811076516,False,6.9762,True
LUBRICATION_SEV060,LUBRICATION_SEV060_W0054,54.0,58.99,LUBRICATION,LUBRICATION_SYSTEM,0.6,0.4,True,2539810.1714059035,True,0.570305582254221,False,6.974692,True
LUBRICATION_SEV060,LUBRICATION_SEV060_W0055,55.0,59.99,LUBRICATION,LUBRICATION_SYSTEM,0.6,0.4,True,2539810.136104289,True,0.5833596077015409,False,6.973464,True
LUBRICATION_SEV080,LUBRICATION_SEV080_W0000,0.0,4.99,LUBRICATION,LUBRICATION_SYSTEM,0.8,0.1999999999999999,True,9875373.999275468,True,0.6900964742427812,True,99.0347,True
LUBRICATION_SEV080,LUBRICATION_SEV080_W0001,1.0,5.99,LUBRICATION,LUBRICATION_SYSTEM,0.8,0.1999999999999999,True,9721809.247491203,True,0.6802284847552879,True,95.65522,True
LUBRICATION_SEV080,LUBRICATION_SEV080_W0002,2.0,6.99,LUBRICATION,LUBRICATION_SYSTEM,0.8,0.1999999999999999,True,9692465.385076193,True,0.6715040194615384,True,95.16953,True
LUBRICATION_SEV080,LUBRICATION_SEV080_W0003,3.0,7.99,LUBRICATION,LUBRICATION_SYSTEM,0.8,0.1999999999999999,True,9786778.1674769,True,0.674762503207615,True,96.88913,True
LUBRICATION_SEV080,LUBRICATION_SEV080_W0004,4.0,8.99,LUBRICATION,LUBRICATION_SYSTEM,0.8,0.1999999999999999,True,9652806.738201302,True,0.6757943209517437,True,94.2925,True
LUBRICATION_SEV080,LUBRICATION_SEV080_W0005,5.0,9.99,LUBRICATION,LUBRICATION_SYSTEM,0.8,0.1999999999999999,True,9735401.868688554,True,0.6694205574154912,True,96.04496,True
LUBRICATION_SEV080,LUBRICATION_SEV080_W0006,6.0,10.99,LUBRICATION,LUBRICATION_SYSTEM,0.8,0.1999999999999999,True,10635455.715547295,True,0.6775692511518059,True,114.4344,True
LUBRICATION_SEV080,LUBRICATION_SEV080_W0007,7.0,11.99,LUBRICATION,LUBRICATION_SYSTEM,0.8,0.1999999999999999,True,11531440.997426476,True,0.6800906827964277,True,133.15823,True
LUBRICATION_SEV080,LUBRICATION_SEV080_W0008,8.0,12.99,LUBRICATION,LUBRICATION_SYSTEM,0.8,0.1999999999999999,True,11407427.83774673,True,0.6607799188937731,True,130.46716,True
LUBRICATION_SEV080,LUBRICATION_SEV080_W0009,9.0,13.99,LUBRICATION,LUBRICATION_SYSTEM,0.8,0.1999999999999999,True,11396634.558820799,True,0.6559992610417856,True,130.30136,True
LUBRICATION_SEV080,LUBRICATION_SEV080_W0010,10.0,14.99,LUBRICATION,LUBRICATION_SYSTEM,0.8,0.1999999999999999,True,11420467.201364217,True,0.6639863637742903,True,131.10043,True
LUBRICATION_SEV080,LUBRICATION_SEV080_W0011,11.0,15.99,LUBRICATION,LUBRICATION_SYSTEM,0.8,0.1999999999999999,True,11295206.81226273,True,0.6705159885476426,True,128.37659,True
LUBRICATION_SEV080,LUBRICATION_SEV080_W0012,12.0,16.990000000000002,LUBRICATION,LUBRICATION_SYSTEM,0.8,0.1999999999999999,True,10163424.835936446,True,0.6573369373630685,True,104.70152,True
LUBRICATION_SEV080,LUBRICATION_SEV080_W0013,13.0,17.990000000000002,LUBRICATION,LUBRICATION_SYSTEM,0.8,0.1999999999999999,True,7938213.246113998,True,0.6481193535762425,True,64.132935,True
LUBRICATION_SEV080,LUBRICATION_SEV080_W0014,14.0,18.99,LUBRICATION,LUBRICATION_SYSTEM,0.8,0.1999999999999999,True,6438660.97144531,True,0.6390467195278473,False,42.51774,True
LUBRICATION_SEV080,LUBRICATION_SEV080_W0015,15.0,19.99,LUBRICATION,LUBRICATION_SYSTEM,0.8,0.1999999999999999,True,5396058.530185552,True,0.6350113515801921,False,30.210108,True
LUBRICATION_SEV080,LUBRICATION_SEV080_W0016,16.0,20.99,LUBRICATION,LUBRICATION_SYSTEM,0.8,0.1999999999999999,True,5310057.741574985,True,0.6175519551696205,False,29.269804,True
LUBRICATION_SEV080,LUBRICATION_SEV080_W0017,17.0,21.99,LUBRICATION,LUBRICATION_SYSTEM,0.8,0.1999999999999999,True,5307551.2469025655,True,0.6190502566142241,False,29.244862,True
LUBRICATION_SEV080,LUBRICATION_SEV080_W0018,18.0,22.99,LUBRICATION,LUBRICATION_SYSTEM,0.8,0.1999999999999999,True,5307265.0414486965,True,0.6190502566142241,False,29.246119,True
LUBRICATION_SEV080,LUBRICATION_SEV080_W0019,19.0,23.99,LUBRICATION,LUBRICATION_SYSTEM,0.8,0.1999999999999999,True,5307138.25669839,True,0.6175271454255981,False,29.249365,True
LUBRICATION_SEV080,LUBRICATION_SEV080_W0020,20.0,24.99,LUBRICATION,LUBRICATION_SYSTEM,0.8,0.1999999999999999,True,5307048.119904466,True,0.6339414194025398,False,29.25311,True
LUBRICATION_SEV080,LUBRICATION_SEV080_W0021,21.0,25.99,LUBRICATION,LUBRICATION_SYSTEM,0.8,0.1999999999999999,True,5388909.815037598,True,0.6328224794197385,False,30.139782,True
LUBRICATION_SEV080,LUBRICATION_SEV080_W0022,22.0,26.99,LUBRICATION,LUBRICATION_SYSTEM,0.8,0.1999999999999999,True,5414096.837729222,True,0.6353095273364742,False,30.417303,True
LUBRICATION_SEV080,LUBRICATION_SEV080_W0023,23.0,27.99,LUBRICATION,LUBRICATION_SYSTEM,0.8,0.1999999999999999,True,5431980.135335114,True,0.6362610404987238,False,30.616838,True
LUBRICATION_SEV080,LUBRICATION_SEV080_W0024,24.0,28.99,LUBRICATION,LUBRICATION_SYSTEM,0.8,0.1999999999999999,True,5437649.269502746,True,0.6484989698510094,True,30.668852,True
LUBRICATION_SEV080,LUBRICATION_SEV080_W0025,25.0,29.99,LUBRICATION,LUBRICATION_SYSTEM,0.8,0.1999999999999999,True,5420872.849937828,True,0.6505951777393145,True,30.462305,True
LUBRICATION_SEV080,LUBRICATION_SEV080_W0026,26.0,30.99,LUBRICATION,LUBRICATION_SYSTEM,0.8,0.1999999999999999,True,5420338.084023193,True,0.6349130849312908,False,30.428509,True
LUBRICATION_SEV080,LUBRICATION_SEV080_W0027,27.0,31.99,LUBRICATION,LUBRICATION_SYSTEM,0.8,0.1999999999999999,True,5420199.916179555,True,0.6378501834066591,False,30.417408,True
LUBRICATION_SEV080,LUBRICATION_SEV080_W0028,28.0,32.99,LUBRICATION,LUBRICATION_SYSTEM,0.8,0.1999999999999999,True,5420171.173737318,True,0.6307971404896838,False,30.415354,True
LUBRICATION_SEV080,LUBRICATION_SEV080_W0029,29.0,33.99,LUBRICATION,LUBRICATION_SYSTEM,0.8,0.1999999999999999,True,5420156.655173562,True,0.6141573668746659,False,30.414639,True
LUBRICATION_SEV080,LUBRICATION_SEV080_W0030,30.0,34.99,LUBRICATION,LUBRICATION_SYSTEM,0.8,0.1999999999999999,True,5420146.32741512,True,0.6210670274278081,False,30.414225,True
LUBRICATION_SEV080,LUBRICATION_SEV080_W0031,31.0,35.99,LUBRICATION,LUBRICATION_SYSTEM,0.8,0.1999999999999999,True,5420138.025357305,True,0.6292373576901275,False,30.413889,True
LUBRICATION_SEV080,LUBRICATION_SEV080_W0032,32.0,36.99,LUBRICATION,LUBRICATION_SYSTEM,0.8,0.1999999999999999,True,5420131.321135727,True,0.6150755482841692,False,30.413593,True
LUBRICATION_SEV080,LUBRICATION_SEV080_W0033,33.0,37.99,LUBRICATION,LUBRICATION_SYSTEM,0.8,0.1999999999999999,True,5420125.905577787,True,0.6313062708872599,False,30.413347,True
LUBRICATION_SEV080,LUBRICATION_SEV080_W0034,34.0,38.99,LUBRICATION,LUBRICATION_SYSTEM,0.8,0.1999999999999999,True,5420121.530920677,True,0.6171643845299456,False,30.413126,True
LUBRICATION_SEV080,LUBRICATION_SEV080_W0035,35.0,39.99,LUBRICATION,LUBRICATION_SYSTEM,0.8,0.1999999999999999,True,5420117.9970944375,True,0.6128000659158199,False,30.412937,True
LUBRICATION_SEV080,LUBRICATION_SEV080_W0036,36.0,40.99,LUBRICATION,LUBRICATION_SYSTEM,0.8,0.1999999999999999,True,5420115.142486279,True,0.5653955562915198,False,30.412771,True
LUBRICATION_SEV080,LUBRICATION_SEV080_W0037,37.0,41.99,LUBRICATION,LUBRICATION_SYSTEM,0.8,0.1999999999999999,True,5420112.836547524,True,0.568008968591462,False,30.412626,True
LUBRICATION_SEV080,LUBRICATION_SEV080_W0038,38.0,42.99,LUBRICATION,LUBRICATION_SYSTEM,0.8,0.1999999999999999,True,5420110.973821431,True,0.5685636914312376,False,30.4125,True
LUBRICATION_SEV080,LUBRICATION_SEV080_W0039,39.0,43.99,LUBRICATION,LUBRICATION_SYSTEM,0.8,0.1999999999999999,True,5420109.469120482,True,0.575776429349843,False,30.41239,True
LUBRICATION_SEV080,LUBRICATION_SEV080_W0040,40.0,44.99,LUBRICATION,LUBRICATION_SYSTEM,0.8,0.1999999999999999,True,5420108.253630549,True,0.5660503729149224,False,30.412292,True
LUBRICATION_SEV080,LUBRICATION_SEV080_W0041,41.0,45.99,LUBRICATION,LUBRICATION_SYSTEM,0.8,0.1999999999999999,True,5420107.271763883,True,0.5677725995386509,False,30.412207,True
LUBRICATION_SEV080,LUBRICATION_SEV080_W0042,42.0,46.99,LUBRICATION,LUBRICATION_SYSTEM,0.8,0.1999999999999999,True,5420106.478616947,True,0.5758453444250489,False,30.412128,True
LUBRICATION_SEV080,LUBRICATION_SEV080_W0043,43.0,47.99,LUBRICATION,LUBRICATION_SYSTEM,0.8,0.1999999999999999,True,5420105.83791688,True,0.5675361197288905,False,30.412064,True
LUBRICATION_SEV080,LUBRICATION_SEV080_W0044,44.0,48.99,LUBRICATION,LUBRICATION_SYSTEM,0.8,0.1999999999999999,True,5420105.32036263,True,0.5660503729149224,False,30.412006,True
LUBRICATION_SEV080,LUBRICATION_SEV080_W0045,45.0,49.99,LUBRICATION,LUBRICATION_SYSTEM,0.8,0.1999999999999999,True,5420104.902284955,True,0.5715210716813969,False,30.411951,True
LUBRICATION_SEV080,LUBRICATION_SEV080_W0046,46.0,50.99,LUBRICATION,LUBRICATION_SYSTEM,0.8,0.1999999999999999,True,5592204.877850315,True,0.6159187184958832,False,32.279827,True
LUBRICATION_SEV080,LUBRICATION_SEV080_W0047,47.0,51.99,LUBRICATION,LUBRICATION_SYSTEM,0.8,0.1999999999999999,True,5651882.789720813,True,0.6268902434714053,False,32.962513,True
LUBRICATION_SEV080,LUBRICATION_SEV080_W0048,48.0,52.99,LUBRICATION,LUBRICATION_SYSTEM,0.8,0.1999999999999999,True,5669780.313828399,True,0.6286910524227558,False,33.184654,True
LUBRICATION_SEV080,LUBRICATION_SEV080_W0049,49.0,53.99,LUBRICATION,LUBRICATION_SYSTEM,0.8,0.1999999999999999,True,5628139.102327393,True,0.6321903924793585,False,32.721992,True
LUBRICATION_SEV080,LUBRICATION_SEV080_W0050,50.0,54.99,LUBRICATION,LUBRICATION_SYSTEM,0.8,0.1999999999999999,True,5548108.971270005,True,0.6384185097689495,False,31.813639,True
LUBRICATION_SEV080,LUBRICATION_SEV080_W0051,51.0,55.99,LUBRICATION,LUBRICATION_SYSTEM,0.8,0.1999999999999999,True,5428039.091397757,True,0.6389924057541739,False,30.478056,True
LUBRICATION_SEV080,LUBRICATION_SEV080_W0052,52.0,56.99,LUBRICATION,LUBRICATION_SYSTEM,0.8,0.1999999999999999,True,5426933.949495118,True,0.6472744210028182,True,30.472805,True
LUBRICATION_SEV080,LUBRICATION_SEV080_W0053,53.0,57.99,LUBRICATION,LUBRICATION_SYSTEM,0.8,0.1999999999999999,True,5426698.300258872,True,0.6470199554507031,True,30.466402,True
LUBRICATION_SEV080,LUBRICATION_SEV080_W0054,54.0,58.99,LUBRICATION,LUBRICATION_SYSTEM,0.8,0.1999999999999999,True,5426687.5200587325,True,0.6363805057602914,False,30.463718,True
LUBRICATION_SEV080,LUBRICATION_SEV080_W0055,55.0,59.99,LUBRICATION,LUBRICATION_SYSTEM,0.8,0.1999999999999999,True,5426687.161796076,True,0.6368340829623148,False,30.461834,True
