run_id,window_id,simulation_start,simulation_end,gt_degradation_type,gt_target_component,gt_active_severity,gt_current_health,gt_is_degraded,stat_score,stat_flag,if_score,if_flag,ae_score,ae_flag
BEARING_SEV040,BEARING_SEV040_W0000,0.0,4.99,BEARING,BEARING,0.4,0.6,True,14015190.458212242,True,0.6775130702041016,True,197.30885,True
BEARING_SEV040,BEARING_SEV040_W0001,1.0,5.99,BEARING,BEARING,0.4,0.6,True,13872203.227888685,True,0.6775130702041016,True,193.10426,True
BEARING_SEV040,BEARING_SEV040_W0002,2.0,6.99,BEARING,BEARING,0.4,0.6,True,13748611.369647644,True,0.6824505120142519,True,189.3642,True
BEARING_SEV040,BEARING_SEV040_W0003,3.0,7.99,BEARING,BEARING,0.4,0.6,True,13619875.700370777,True,0.6819001352533504,True,185.46591,True
BEARING_SEV040,BEARING_SEV040_W0004,4.0,8.99,BEARING,BEARING,0.4,0.6,True,13630448.12534641,True,0.6811889584621701,True,186.21466,True
BEARING_SEV040,BEARING_SEV040_W0005,5.0,9.99,BEARING,BEARING,0.4,0.6,True,13677806.064464074,True,0.6691247593594538,True,187.22842,True
BEARING_SEV040,BEARING_SEV040_W0006,6.0,10.99,BEARING,BEARING,0.4,0.6,True,14755516.653857177,True,0.6730736690787938,True,218.5835,True
BEARING_SEV040,BEARING_SEV040_W0007,7.0,11.99,BEARING,BEARING,0.4,0.6,True,16149971.030337835,True,0.6753301332706823,True,261.52933,True
BEARING_SEV040,BEARING_SEV040_W0008,8.0,12.99,BEARING,BEARING,0.4,0.6,True,16056870.625806363,True,0.6671267272960951,True,260.0539,True
BEARING_SEV040,BEARING_SEV040_W0009,9.0,13.99,BEARING,BEARING,0.4,0.6,True,15967633.813356167,True,0.6698233408519295,True,256.86047,True
BEARING_SEV040,BEARING_SEV040_W0010,10.0,14.99,BEARING,BEARING,0.4,0.6,True,15885876.63847722,True,0.6687433898831634,True,254.55704,True
BEARING_SEV040,BEARING_SEV040_W0011,11.0,15.99,BEARING,BEARING,0.4,0.6,True,15848889.886781856,True,0.662834708278306,True,253.54128,True
BEARING_SEV040,BEARING_SEV040_W0012,12.0,16.990000000000002,BEARING,BEARING,0.4,0.6,True,14363403.378525253,True,0.6618452322563564,True,206.83054,True
BEARING_SEV040,BEARING_SEV040_W0013,13.0,17.990000000000002,BEARING,BEARING,0.4,0.6,True,11982184.117733035,True,0.6649799561889849,True,144.54791,True
BEARING_SEV040,BEARING_SEV040_W0014,14.0,18.99,BEARING,BEARING,0.4,0.6,True,8940740.225775488,True,0.6668917379841477,True,80.371216,True
BEARING_SEV040,BEARING_SEV040_W0015,15.0,19.99,BEARING,BEARING,0.4,0.6,True,7067749.169811751,True,0.6558192775827887,True,49.995922,True
BEARING_SEV040,BEARING_SEV040_W0016,16.0,20.99,BEARING,BEARING,0.4,0.6,True,6421842.21447158,True,0.6596912028988043,True,41.41381,True
BEARING_SEV040,BEARING_SEV040_W0017,17.0,21.99,BEARING,BEARING,0.4,0.6,True,6415160.444372475,True,0.6592353982200048,True,41.32816,True
BEARING_SEV040,BEARING_SEV040_W0018,18.0,22.99,BEARING,BEARING,0.4,0.6,True,6412947.745220756,True,0.6597674817677066,True,41.298798,True
BEARING_SEV040,BEARING_SEV040_W0019,19.0,23.99,BEARING,BEARING,0.4,0.6,True,6411181.434977383,True,0.6676651801109544,True,41.275333,True
BEARING_SEV040,BEARING_SEV040_W0020,20.0,24.99,BEARING,BEARING,0.4,0.6,True,6409754.460565511,True,0.6655139729314631,True,41.25632,True
BEARING_SEV040,BEARING_SEV040_W0021,21.0,25.99,BEARING,BEARING,0.4,0.6,True,7129265.090657333,True,0.6719107858344905,True,51.22393,True
BEARING_SEV040,BEARING_SEV040_W0022,22.0,26.99,BEARING,BEARING,0.4,0.6,True,7177644.3930426035,True,0.6702864661840248,True,51.934933,True
BEARING_SEV040,BEARING_SEV040_W0023,23.0,27.99,BEARING,BEARING,0.4,0.6,True,7186337.629437763,True,0.6719884776310786,True,52.063725,True
BEARING_SEV040,BEARING_SEV040_W0024,24.0,28.99,BEARING,BEARING,0.4,0.6,True,7152713.112600589,True,0.6692831475423425,True,51.566216,True
BEARING_SEV040,BEARING_SEV040_W0025,25.0,29.99,BEARING,BEARING,0.4,0.6,True,6458139.880454896,True,0.6655139729314631,True,41.91145,True
BEARING_SEV040,BEARING_SEV040_W0026,26.0,30.99,BEARING,BEARING,0.4,0.6,True,6417110.9908746425,True,0.662834708278306,True,41.368687,True
BEARING_SEV040,BEARING_SEV040_W0027,27.0,31.99,BEARING,BEARING,0.4,0.6,True,6407005.374702245,True,0.6562156395756403,True,41.217262,True
BEARING_SEV040,BEARING_SEV040_W0028,28.0,32.99,BEARING,BEARING,0.4,0.6,True,6405741.425986543,True,0.6600899049937037,True,41.20011,True
BEARING_SEV040,BEARING_SEV040_W0029,29.0,33.99,BEARING,BEARING,0.4,0.6,True,6405386.633788357,True,0.6682040675230528,True,41.195065,True
BEARING_SEV040,BEARING_SEV040_W0030,30.0,34.99,BEARING,BEARING,0.4,0.6,True,6405197.88487729,True,0.6663539089281765,True,41.19243,True
BEARING_SEV040,BEARING_SEV040_W0031,31.0,35.99,BEARING,BEARING,0.4,0.6,True,6405048.147963519,True,0.6601662299637888,True,41.190346,True
BEARING_SEV040,BEARING_SEV040_W0032,32.0,36.99,BEARING,BEARING,0.4,0.6,True,6404927.339054682,True,0.6649772550034837,True,41.188663,True
BEARING_SEV040,BEARING_SEV040_W0033,33.0,37.99,BEARING,BEARING,0.4,0.6,True,6404829.75476143,True,0.6546292623648893,True,41.187298,True
BEARING_SEV040,BEARING_SEV040_W0034,34.0,38.99,BEARING,BEARING,0.4,0.6,True,6404750.92589565,True,0.6601662299637888,True,41.186176,True
BEARING_SEV040,BEARING_SEV040_W0035,35.0,39.99,BEARING,BEARING,0.4,0.6,True,6404687.247755685,True,0.6632930015709899,True,41.18527,True
BEARING_SEV040,BEARING_SEV040_W0036,36.0,40.99,BEARING,BEARING,0.4,0.6,True,6404635.808424982,True,0.6442280726753842,True,41.184525,True
BEARING_SEV040,BEARING_SEV040_W0037,37.0,41.99,BEARING,BEARING,0.4,0.6,True,6404594.255699608,True,0.6149393177840049,False,41.18391,True
BEARING_SEV040,BEARING_SEV040_W0038,38.0,42.99,BEARING,BEARING,0.4,0.6,True,6404560.689426649,True,0.5985173650243621,False,41.183414,True
BEARING_SEV040,BEARING_SEV040_W0039,39.0,43.99,BEARING,BEARING,0.4,0.6,True,6404533.574636883,True,0.602335894994068,False,41.183002,True
BEARING_SEV040,BEARING_SEV040_W0040,40.0,44.99,BEARING,BEARING,0.4,0.6,True,6404511.671366425,True,0.6050423962584169,False,41.182667,True
BEARING_SEV040,BEARING_SEV040_W0041,41.0,45.99,BEARING,BEARING,0.4,0.6,True,6404493.977963377,True,0.603924767876578,False,41.182392,True
BEARING_SEV040,BEARING_SEV040_W0042,42.0,46.99,BEARING,BEARING,0.4,0.6,True,6404479.685288407,True,0.5985173650243621,False,41.182163,True
BEARING_SEV040,BEARING_SEV040_W0043,43.0,47.99,BEARING,BEARING,0.4,0.6,True,6404468.139716355,True,0.602335894994068,False,41.181973,True
BEARING_SEV040,BEARING_SEV040_W0044,44.0,48.99,BEARING,BEARING,0.4,0.6,True,6404458.813247896,True,0.6050423962584169,False,41.18182,True
BEARING_SEV040,BEARING_SEV040_W0045,45.0,49.99,BEARING,BEARING,0.4,0.6,True,6404451.279365097,True,0.603924767876578,False,41.18169,True
BEARING_SEV040,BEARING_SEV040_W0046,46.0,50.99,BEARING,BEARING,0.4,0.6,True,7429426.100231261,True,0.6649799561889849,True,55.749634,True
BEARING_SEV040,BEARING_SEV040_W0047,47.0,51.99,BEARING,BEARING,0.4,0.6,True,7472115.3273479305,True,0.6660538296040505,True,56.428513,True
BEARING_SEV040,BEARING_SEV040_W0048,48.0,52.99,BEARING,BEARING,0.4,0.6,True,7492330.97508659,True,0.6666684931871112,True,56.743202,True
BEARING_SEV040,BEARING_SEV040_W0049,49.0,53.99,BEARING,BEARING,0.4,0.6,True,7468162.039738012,True,0.6617660250275454,True,56.35166,True
BEARING_SEV040,BEARING_SEV040_W0050,50.0,54.99,BEARING,BEARING,0.4,0.6,True,7177502.586403392,True,0.6596338248371055,True,52.065804,True
BEARING_SEV040,BEARING_SEV040_W0051,51.0,55.99,BEARING,BEARING,0.4,0.6,True,6511668.0554838125,True,0.6601662299637888,True,42.63487,True
BEARING_SEV040,BEARING_SEV040_W0052,52.0,56.99,BEARING,BEARING,0.4,0.6,True,6425801.231849111,True,0.6644409699231167,True,41.481606,True
BEARING_SEV040,BEARING_SEV040_W0053,53.0,57.99,BEARING,BEARING,0.4,0.6,True,6407528.114638445,True,0.6569782328243216,True,41.24648,True
BEARING_SEV040,BEARING_SEV040_W0054,54.0,58.99,BEARING,BEARING,0.4,0.6,True,6406578.301711748,True,0.6651346614327169,True,41.23402,True
BEARING_SEV040,BEARING_SEV040_W0055,55.0,59.99,BEARING,BEARING,0.4,0.6,True,6406550.644954498,True,0.6661308441716647,True,41.233574,True
BEARING_SEV060,BEARING_SEV060_W0000,0.0,4.99,BEARING,BEARING,0.6,0.4,True,14727525.08711558,True,0.6775130702041016,True,217.9945,True
BEARING_SEV060,BEARING_SEV060_W0001,1.0,5.99,BEARING,BEARING,0.6,0.4,True,14706481.770216992,True,0.6780599060672575,True,217.13593,True
BEARING_SEV060,BEARING_SEV060_W0002,2.0,6.99,BEARING,BEARING,0.6,0.4,True,14246362.864692336,True,0.6747854988909795,True,203.11542,True
BEARING_SEV060,BEARING_SEV060_W0003,3.0,7.99,BEARING,BEARING,0.6,0.4,True,14312945.100379996,True,0.6769666753483826,True,204.8675,True
BEARING_SEV060,BEARING_SEV060_W0004,4.0,8.99,BEARING,BEARING,0.6,0.4,True,14164685.310239924,True,0.6758752072369026,True,200.81978,True
BEARING_SEV060,BEARING_SEV060_W0005,5.0,9.99,BEARING,BEARING,0.6,0.4,True,14267315.422953334,True,0.6807192372110332,True,203.80373,True
BEARING_SEV060,BEARING_SEV060_W0006,6.0,10.99,BEARING,BEARING,0.6,0.4,True,15435835.772096839,True,0.6741606129977454,True,238.52223,True
BEARING_SEV060,BEARING_SEV060_W0007,7.0,11.99,BEARING,BEARING,0.6,0.4,True,16532060.724256722,True,0.6747047430181498,True,274.44528,True
BEARING_SEV060,BEARING_SEV060_W0008,8.0,12.99,BEARING,BEARING,0.6,0.4,True,16462798.654938847,True,0.6685851294358006,True,273.57413,True
BEARING_SEV060,BEARING_SEV060_W0009,9.0,13.99,BEARING,BEARING,0.6,0.4,True,16273154.104554739,True,0.6698233408519295,True,266.95493,True
BEARING_SEV060,BEARING_SEV060_W0010,10.0,14.99,BEARING,BEARING,0.6,0.4,True,16017484.121957494,True,0.6698233408519295,True,258.6073,True
BEARING_SEV060,BEARING_SEV060_W0011,11.0,15.99,BEARING,BEARING,0.6,0.4,True,15992659.504792005,True,0.6601662299637888,True,257.0073,True
BEARING_SEV060,BEARING_SEV060_W0012,12.0,16.990000000000002,BEARING,BEARING,0.6,0.4,True,14463660.743910318,True,0.6618452322563564,True,209.66476,True
BEARING_SEV060,BEARING_SEV060_W0013,13.0,17.990000000000002,BEARING,BEARING,0.6,0.4,True,11868886.302394925,True,0.6644436689301894,True,141.79134,True
BEARING_SEV060,BEARING_SEV060_W0014,14.0,18.99,BEARING,BEARING,0.6,0.4,True,8904304.063574182,True,0.6681268132601875,True,79.733505,True
BEARING_SEV060,BEARING_SEV060_W0015,15.0,19.99,BEARING,BEARING,0.6,0.4,True,7015416.51860215,True,0.6616669657057448,True,49.277122,True
BEARING_SEV060,BEARING_SEV060_W0016,16.0,20.99,BEARING,BEARING,0.6,0.4,True,6484693.958846804,True,0.6591591808678221,True,42.202847,True
BEARING_SEV060,BEARING_SEV060_W0017,17.0,21.99,BEARING,BEARING,0.6,0.4,True,6477333.992202578,True,0.6587037437824205,True,42.109116,True
BEARING_SEV060,BEARING_SEV060_W0018,18.0,22.99,BEARING,BEARING,0.6,0.4,True,6473703.888888127,True,0.6548376141598057,True,42.06282,True
BEARING_SEV060,BEARING_SEV060_W0019,19.0,23.99,BEARING,BEARING,0.6,0.4,True,6470785.155429452,True,0.6645982494085803,True,42.025665,True
BEARING_SEV060,BEARING_SEV060_W0020,20.0,24.99,BEARING,BEARING,0.6,0.4,True,6468426.632706559,True,0.6649772550034837,True,41.995716,True
BEARING_SEV060,BEARING_SEV060_W0021,21.0,25.99,BEARING,BEARING,0.6,0.4,True,7263701.053624867,True,0.6719107858344905,True,53.178524,True
BEARING_SEV060,BEARING_SEV060_W0022,22.0,26.99,BEARING,BEARING,0.6,0.4,True,7355038.049772948,True,0.6702864661840248,True,54.54232,True
BEARING_SEV060,BEARING_SEV060_W0023,23.0,27.99,BEARING,BEARING,0.6,0.4,True,7374481.697977402,True,0.6719884776310786,True,54.833706,True
BEARING_SEV060,BEARING_SEV060_W0024,24.0,28.99,BEARING,BEARING,0.6,0.4,True,7300843.4376083445,True,0.6692831475423425,True,53.73059,True
BEARING_SEV060,BEARING_SEV060_W0025,25.0,29.99,BEARING,BEARING,0.6,0.4,True,6577945.601981096,True,0.6655139729314631,True,43.482563,True
BEARING_SEV060,BEARING_SEV060_W0026,26.0,30.99,BEARING,BEARING,0.6,0.4,True,6487212.6589678535,True,0.662834708278306,True,42.270817,True
BEARING_SEV060,BEARING_SEV060_W0027,27.0,31.99,BEARING,BEARING,0.6,0.4,True,6464897.12560499,True,0.6636712628120923,True,41.953213,True
BEARING_SEV060,BEARING_SEV060_W0028,28.0,32.99,BEARING,BEARING,0.6,0.4,True,6462237.760269637,True,0.6600899049937037,True,41.91691,True
BEARING_SEV060,BEARING_SEV060_W0029,29.0,33.99,BEARING,BEARING,0.6,0.4,True,6461590.918159875,True,0.6619226713281574,True,41.908344,True
BEARING_SEV060,BEARING_SEV060_W0030,30.0,34.99,BEARING,BEARING,0.6,0.4,True,6461277.253358467,True,0.6665116412244629,True,41.904102,True
BEARING_SEV060,BEARING_SEV060_W0031,31.0,35.99,BEARING,BEARING,0.6,0.4,True,6461029.574244027,True,0.662834708278306,True,41.900757,True
BEARING_SEV060,BEARING_SEV060_W0032,32.0,36.99,BEARING,BEARING,0.6,0.4,True,6460829.81310646,True,0.6649772550034837,True,41.89805,True
BEARING_SEV060,BEARING_SEV060_W0033,33.0,37.99,BEARING,BEARING,0.6,0.4,True,6460668.456542716,True,0.6626012307909559,True,41.895855,True
BEARING_SEV060,BEARING_SEV060_W0034,34.0,38.99,BEARING,BEARING,0.6,0.4,True,6460538.111247695,True,0.6557622362901246,True,41.894073,True
BEARING_SEV060,BEARING_SEV060_W0035,35.0,39.99,BEARING,BEARING,0.6,0.4,True,6460432.817323919,True,0.6660511240564159,True,41.892624,True
BEARING_SEV060,BEARING_SEV060_W0036,36.0,40.99,BEARING,BEARING,0.6,0.4,True,6460347.760191215,True,0.6494467069963448,True,41.89144,True
BEARING_SEV060,BEARING_SEV060_W0037,37.0,41.99,BEARING,BEARING,0.6,0.4,True,6460279.050664599,True,0.6370277583806307,False,41.890488,True
BEARING_SEV060,BEARING_SEV060_W0038,38.0,42.99,BEARING,BEARING,0.6,0.4,True,6460223.546931741,True,0.6102240129305181,False,41.889706,True
BEARING_SEV060,BEARING_SEV060_W0039,39.0,43.99,BEARING,BEARING,0.6,0.4,True,6460178.710955808,True,0.6155443411421112,False,41.889065,True
BEARING_SEV060,BEARING_SEV060_W0040,40.0,44.99,BEARING,BEARING,0.6,0.4,True,6460142.492459625,True,0.6146254599211973,False,41.88855,True
BEARING_SEV060,BEARING_SEV060_W0041,41.0,45.99,BEARING,BEARING,0.6,0.4,True,6460113.235197865,True,0.6028399160321897,False,41.888123,True
BEARING_SEV060,BEARING_SEV060_W0042,42.0,46.99,BEARING,BEARING,0.6,0.4,True,6460089.601236703,True,0.6102240129305181,False,41.88778,True
BEARING_SEV060,BEARING_SEV060_W0043,43.0,47.99,BEARING,BEARING,0.6,0.4,True,6460070.509782239,True,0.6155443411421112,False,41.887497,True
BEARING_SEV060,BEARING_SEV060_W0044,44.0,48.99,BEARING,BEARING,0.6,0.4,True,6460055.08776308,True,0.6146254599211973,False,41.887268,True
BEARING_SEV060,BEARING_SEV060_W0045,45.0,49.99,BEARING,BEARING,0.6,0.4,True,6460042.62990905,True,0.6028399160321897,False,41.887074,True
BEARING_SEV060,BEARING_SEV060_W0046,46.0,50.99,BEARING,BEARING,0.6,0.4,True,7537797.717086868,True,0.6644436689301894,True,57.370907,True
BEARING_SEV060,BEARING_SEV060_W0047,47.0,51.99,BEARING,BEARING,0.6,0.4,True,7632129.085894934,True,0.6655166762971512,True,58.858913,True
BEARING_SEV060,BEARING_SEV060_W0048,48.0,52.99,BEARING,BEARING,0.6,0.4,True,7674373.089892953,True,0.6666684931871112,True,59.511967,True
BEARING_SEV060,BEARING_SEV060_W0049,49.0,53.99,BEARING,BEARING,0.6,0.4,True,7618955.770113694,True,0.6617660250275454,True,58.627815,True
BEARING_SEV060,BEARING_SEV060_W0050,50.0,54.99,BEARING,BEARING,0.6,0.4,True,7417192.55597648,True,0.6596338248371055,True,55.57483,True
BEARING_SEV060,BEARING_SEV060_W0051,51.0,55.99,BEARING,BEARING,0.6,0.4,True,6698022.854077181,True,0.6601662299637888,True,45.127884,True
BEARING_SEV060,BEARING_SEV060_W0052,52.0,56.99,BEARING,BEARING,0.6,0.4,True,6508538.429642474,True,0.6644409699231167,True,42.550243,True
BEARING_SEV060,BEARING_SEV060_W0053,53.0,57.99,BEARING,BEARING,0.6,0.4,True,6467118.38431504,True,0.6569782328243216,True,42.00266,True
BEARING_SEV060,BEARING_SEV060_W0054,54.0,58.99,BEARING,BEARING,0.6,0.4,True,6464805.702489816,True,0.6640622699853532,True,41.97123,True
BEARING_SEV060,BEARING_SEV060_W0055,55.0,59.99,BEARING,BEARING,0.6,0.4,True,6464740.241043669,True,0.6661308441716647,True,41.970066,True
BEARING_SEV080,BEARING_SEV080_W0000,0.0,4.99,BEARING,BEARING,0.8,0.1999999999999999,True,15248158.504927078,True,0.6780599060672575,True,233.76453,True
BEARING_SEV080,BEARING_SEV080_W0001,1.0,5.99,BEARING,BEARING,0.8,0.1999999999999999,True,15001391.553082563,True,0.6808007129627924,True,225.72331,True
BEARING_SEV080,BEARING_SEV080_W0002,2.0,6.99,BEARING,BEARING,0.8,0.1999999999999999,True,14667230.45619863,True,0.6835525985585592,True,215.59802,True
BEARING_SEV080,BEARING_SEV080_W0003,3.0,7.99,BEARING,BEARING,0.8,0.1999999999999999,True,14648764.281971997,True,0.6835525985585592,True,214.58754,True
BEARING_SEV080,BEARING_SEV080_W0004,4.0,8.99,BEARING,BEARING,0.8,0.1999999999999999,True,14616184.071462518,True,0.6841043090593362,True,214.01808,True
BEARING_SEV080,BEARING_SEV080_W0005,5.0,9.99,BEARING,BEARING,0.8,0.1999999999999999,True,14632911.479596283,True,0.6740010705457057,True,214.63046,True
BEARING_SEV080,BEARING_SEV080_W0006,6.0,10.99,BEARING,BEARING,0.8,0.1999999999999999,True,15878151.337359887,True,0.6775130702041016,True,250.98659,True
BEARING_SEV080,BEARING_SEV080_W0007,7.0,11.99,BEARING,BEARING,0.8,0.1999999999999999,True,16552571.207846045,True,0.6758752072369026,True,273.57047,True
BEARING_SEV080,BEARING_SEV080_W0008,8.0,12.99,BEARING,BEARING,0.8,0.1999999999999999,True,16487401.930992456,True,0.6685851294358006,True,273.77563,True
BEARING_SEV080,BEARING_SEV080_W0009,9.0,13.99,BEARING,BEARING,0.8,0.1999999999999999,True,16526929.58499427,True,0.6707462638207154,True,274.91348,True
BEARING_SEV080,BEARING_SEV080_W0010,10.0,14.99,BEARING,BEARING,0.8,0.1999999999999999,True,16527778.895879991,True,0.6718294492224223,True,275.69592,True
BEARING_SEV080,BEARING_SEV080_W0011,11.0,15.99,BEARING,BEARING,0.8,0.1999999999999999,True,16288918.319600526,True,0.6668094530400073,True,268.09393,True
BEARING_SEV080,BEARING_SEV080_W0012,12.0,16.990000000000002,BEARING,BEARING,0.8,0.1999999999999999,True,14640260.412255352,True,0.6731542297272666,True,215.76387,True
BEARING_SEV080,BEARING_SEV080_W0013,13.0,17.990000000000002,BEARING,BEARING,0.8,0.1999999999999999,True,11744756.965369504,True,0.6584941618885775,True,139.88448,True
BEARING_SEV080,BEARING_SEV080_W0014,14.0,18.99,BEARING,BEARING,0.8,0.1999999999999999,True,8934021.114511121,True,0.6591591808678221,True,80.30255,True
BEARING_SEV080,BEARING_SEV080_W0015,15.0,19.99,BEARING,BEARING,0.8,0.1999999999999999,True,7217873.566024427,True,0.6587037437824205,True,52.18671,True
BEARING_SEV080,BEARING_SEV080_W0016,16.0,20.99,BEARING,BEARING,0.8,0.1999999999999999,True,6595197.847339618,True,0.6606990648064877,True,43.63701,True
BEARING_SEV080,BEARING_SEV080_W0017,17.0,21.99,BEARING,BEARING,0.8,0.1999999999999999,True,6580133.897233151,True,0.6637480018879323,True,43.43668,True
BEARING_SEV080,BEARING_SEV080_W0018,18.0,22.99,BEARING,BEARING,0.8,0.1999999999999999,True,6571337.1890475815,True,0.6649772550034837,True,43.32015,True
BEARING_SEV080,BEARING_SEV080_W0019,19.0,23.99,BEARING,BEARING,0.8,0.1999999999999999,True,6564250.734274231,True,0.6655139729314631,True,43.227253,True
BEARING_SEV080,BEARING_SEV080_W0020,20.0,24.99,BEARING,BEARING,0.8,0.1999999999999999,True,6558521.062435376,True,0.6659741187056247,True,43.153053,True
BEARING_SEV080,BEARING_SEV080_W0021,21.0,25.99,BEARING,BEARING,0.8,0.1999999999999999,True,7444503.416383405,True,0.6719107858344905,True,55.86155,True
BEARING_SEV080,BEARING_SEV080_W0022,22.0,26.99,BEARING,BEARING,0.8,0.1999999999999999,True,7513290.679809668,True,0.6702864661840248,True,56.936108,True
BEARING_SEV080,BEARING_SEV080_W0023,23.0,27.99,BEARING,BEARING,0.8,0.1999999999999999,True,7512010.071007755,True,0.6719884776310786,True,56.91722,True
BEARING_SEV080,BEARING_SEV080_W0024,24.0,28.99,BEARING,BEARING,0.8,0.1999999999999999,True,7488638.911520415,True,0.6692831475423425,True,56.544674,True
BEARING_SEV080,BEARING_SEV080_W0025,25.0,29.99,BEARING,BEARING,0.8,0.1999999999999999,True,6745263.0004471205,True,0.6665887087279848,True,45.76079,True
BEARING_SEV080,BEARING_SEV080_W0026,26.0,30.99,BEARING,BEARING,0.8,0.1999999999999999,True,6586745.219297929,True,0.662834708278306,True,43.575512,True
BEARING_SEV080,BEARING_SEV080_W0027,27.0,31.99,BEARING,BEARING,0.8,0.1999999999999999,True,6547253.746110426,True,0.6600899049937037,True,43.01595,True
BEARING_SEV080,BEARING_SEV080_W0028,28.0,32.99,BEARING,BEARING,0.8,0.1999999999999999,True,6542257.521035537,True,0.6600899049937037,True,42.953354,True
BEARING_SEV080,BEARING_SEV080_W0029,29.0,33.99,BEARING,BEARING,0.8,0.1999999999999999,True,6540886.137511521,True,0.6658935007431176,True,42.936764,True
BEARING_SEV080,BEARING_SEV080_W0030,30.0,34.99,BEARING,BEARING,0.8,0.1999999999999999,True,6540128.598383261,True,0.6665116412244629,True,42.927525,True
BEARING_SEV080,BEARING_SEV080_W0031,31.0,35.99,BEARING,BEARING,0.8,0.1999999999999999,True,6539525.981525304,True,0.6633696969091849,True,42.920208,True
BEARING_SEV080,BEARING_SEV080_W0032,32.0,36.99,BEARING,BEARING,0.8,0.1999999999999999,True,6539039.679288469,True,0.6649772550034837,True,42.91405,True
BEARING_SEV080,BEARING_SEV080_W0033,33.0,37.99,BEARING,BEARING,0.8,0.1999999999999999,True,6538646.845027532,True,0.6546292623648893,True,42.908657,True
BEARING_SEV080,BEARING_SEV080_W0034,34.0,38.99,BEARING,BEARING,0.8,0.1999999999999999,True,6538329.499374624,True,0.6596338248371055,True,42.904278,True
BEARING_SEV080,BEARING_SEV080_W0035,35.0,39.99,BEARING,BEARING,0.8,0.1999999999999999,True,6538073.138366946,True,0.6649772550034837,True,42.900726,True
BEARING_SEV080,BEARING_SEV080_W0036,36.0,40.99,BEARING,BEARING,0.8,0.1999999999999999,True,6537866.043945142,True,0.6525981572890585,True,42.89784,True
BEARING_SEV080,BEARING_SEV080_W0037,37.0,41.99,BEARING,BEARING,0.8,0.1999999999999999,True,6537698.749357761,True,0.6271985996470321,False,42.89548,True
BEARING_SEV080,BEARING_SEV080_W0038,38.0,42.99,BEARING,BEARING,0.8,0.1999999999999999,True,6537563.60653162,True,0.5893972910290582,False,42.893562,True
BEARING_SEV080,BEARING_SEV080_W0039,39.0,43.99,BEARING,BEARING,0.8,0.1999999999999999,True,6537454.436817259,True,0.5934952243613455,False,42.892006,True
BEARING_SEV080,BEARING_SEV080_W0040,40.0,44.99,BEARING,BEARING,0.8,0.1999999999999999,True,6537366.248756694,True,0.5950546053992368,False,42.89074,True
BEARING_SEV080,BEARING_SEV080_W0041,41.0,45.99,BEARING,BEARING,0.8,0.1999999999999999,True,6537295.010029806,True,0.5893446012795912,False,42.889698,True
BEARING_SEV080,BEARING_SEV080_W0042,42.0,46.99,BEARING,BEARING,0.8,0.1999999999999999,True,6537237.463188616,True,0.5893972910290582,False,42.88885,True
BEARING_SEV080,BEARING_SEV080_W0043,43.0,47.99,BEARING,BEARING,0.8,0.1999999999999999,True,6537190.976778677,True,0.5934952243613455,False,42.888157,True
BEARING_SEV080,BEARING_SEV080_W0044,44.0,48.99,BEARING,BEARING,0.8,0.1999999999999999,True,6537153.425056298,True,0.5950546053992368,False,42.887592,True
BEARING_SEV080,BEARING_SEV080_W0045,45.0,49.99,BEARING,BEARING,0.8,0.1999999999999999,True,6537123.090812089,True,0.5893446012795912,False,42.887123,True
BEARING_SEV080,BEARING_SEV080_W0046,46.0,50.99,BEARING,BEARING,0.8,0.1999999999999999,True,7690018.04528831,True,0.6644436689301894,True,59.68705,True
BEARING_SEV080,BEARING_SEV080_W0047,47.0,51.99,BEARING,BEARING,0.8,0.1999999999999999,True,7795449.885531269,True,0.6655166762971512,True,61.368805,True
BEARING_SEV080,BEARING_SEV080_W0048,48.0,52.99,BEARING,BEARING,0.8,0.1999999999999999,True,7821026.183788908,True,0.6666684931871112,True,61.766216,True
BEARING_SEV080,BEARING_SEV080_W0049,49.0,53.99,BEARING,BEARING,0.8,0.1999999999999999,True,7820145.950440368,True,0.6617660250275454,True,61.73311,True
BEARING_SEV080,BEARING_SEV080_W0050,50.0,54.99,BEARING,BEARING,0.8,0.1999999999999999,True,7587792.643886212,True,0.6596338248371055,True,58.09588,True
BEARING_SEV080,BEARING_SEV080_W0051,51.0,55.99,BEARING,BEARING,0.8,0.1999999999999999,True,6951879.641226033,True,0.6601662299637888,True,48.622818,True
BEARING_SEV080,BEARING_SEV080_W0052,52.0,56.99,BEARING,BEARING,0.8,0.1999999999999999,True,6623785.342788403,True,0.6644409699231167,True,44.062428,True
BEARING_SEV080,BEARING_SEV080_W0053,53.0,57.99,BEARING,BEARING,0.8,0.1999999999999999,True,6549889.618086951,True,0.6569782328243216,True,43.07187,True
BEARING_SEV080,BEARING_SEV080_W0054,54.0,58.99,BEARING,BEARING,0.8,0.1999999999999999,True,6545467.786313568,True,0.6632127081649402,True,43.010918,True
BEARING_SEV080,BEARING_SEV080_W0055,55.0,59.99,BEARING,BEARING,0.8,0.1999999999999999,True,6545343.588593185,True,0.6661308441716647,True,43.00874,True
COOLING_SEV040,COOLING_SEV040_W0000,0.0,4.99,COOLING,COOLING_SYSTEM,0.4,0.6,True,5609701.831964455,True,0.5301521535123155,False,31.789907,True
COOLING_SEV040,COOLING_SEV040_W0001,1.0,5.99,COOLING,COOLING_SYSTEM,0.4,0.6,True,5996250.133409333,True,0.5159141650624066,False,36.312355,True
COOLING_SEV040,COOLING_SEV040_W0002,2.0,6.99,COOLING,COOLING_SYSTEM,0.4,0.6,True,5996250.133409333,True,0.5116936262291613,False,36.312027,True
COOLING_SEV040,COOLING_SEV040_W0003,3.0,7.99,COOLING,COOLING_SYSTEM,0.4,0.6,True,5725788.399117515,True,0.5211297521747748,False,33.057243,True
COOLING_SEV040,COOLING_SEV040_W0004,4.0,8.99,COOLING,COOLING_SYSTEM,0.4,0.6,True,5330238.385158215,True,0.5328868773985939,False,28.616299,True
COOLING_SEV040,COOLING_SEV040_W0005,5.0,9.99,COOLING,COOLING_SYSTEM,0.4,0.6,True,4847401.146170232,True,0.5298623461104854,False,23.590487,True
COOLING_SEV040,COOLING_SEV040_W0006,6.0,10.99,COOLING,COOLING_SYSTEM,0.4,0.6,True,5996250.133409335,True,0.6198856984403304,False,36.257484,True
COOLING_SEV040,COOLING_SEV040_W0007,7.0,11.99,COOLING,COOLING_SYSTEM,0.4,0.6,True,6014223.149930888,True,0.683242939249812,True,36.37964,True
COOLING_SEV040,COOLING_SEV040_W0008,8.0,12.99,COOLING,COOLING_SYSTEM,0.4,0.6,True,7415168.367605893,True,0.652301622899872,True,55.192436,True
COOLING_SEV040,COOLING_SEV040_W0009,9.0,13.99,COOLING,COOLING_SYSTEM,0.4,0.6,True,7929019.140926964,True,0.6336282246880404,False,63.14652,True
COOLING_SEV040,COOLING_SEV040_W0010,10.0,14.99,COOLING,COOLING_SYSTEM,0.4,0.6,True,8197298.143149378,True,0.6386098288647416,False,67.57752,True
COOLING_SEV040,COOLING_SEV040_W0011,11.0,15.99,COOLING,COOLING_SYSTEM,0.4,0.6,True,8210705.533229788,True,0.6553118081903997,True,67.89539,True
COOLING_SEV040,COOLING_SEV040_W0012,12.0,16.990000000000002,COOLING,COOLING_SYSTEM,0.4,0.6,True,8248398.766909235,True,0.6741606129977454,True,68.53081,True
COOLING_SEV040,COOLING_SEV040_W0013,13.0,17.990000000000002,COOLING,COOLING_SYSTEM,0.4,0.6,True,8246287.8021202665,True,0.5573840592968771,False,68.59341,True
COOLING_SEV040,COOLING_SEV040_W0014,14.0,18.99,COOLING,COOLING_SYSTEM,0.4,0.6,True,7721039.488055045,True,0.4690115093370911,False,60.08068,True
COOLING_SEV040,COOLING_SEV040_W0015,15.0,19.99,COOLING,COOLING_SYSTEM,0.4,0.6,True,7476785.25839284,True,0.46683881393303156,False,56.32955,True
COOLING_SEV040,COOLING_SEV040_W0016,16.0,20.99,COOLING,COOLING_SYSTEM,0.4,0.6,True,7447966.033199513,True,0.4607226033767311,False,55.91747,True
COOLING_SEV040,COOLING_SEV040_W0017,17.0,21.99,COOLING,COOLING_SYSTEM,0.4,0.6,True,7428152.514796146,True,0.4577759964882789,False,55.63125,True
COOLING_SEV040,COOLING_SEV040_W0018,18.0,22.99,COOLING,COOLING_SYSTEM,0.4,0.6,True,7412175.920147952,True,0.4632622915521427,False,55.401432,True
COOLING_SEV040,COOLING_SEV040_W0019,19.0,23.99,COOLING,COOLING_SYSTEM,0.4,0.6,True,7399263.949441625,True,0.46409022965701346,False,55.216522,True
COOLING_SEV040,COOLING_SEV040_W0020,20.0,24.99,COOLING,COOLING_SYSTEM,0.4,0.6,True,7375380.42820891,True,0.48279241339472595,False,54.8589,True
COOLING_SEV040,COOLING_SEV040_W0021,21.0,25.99,COOLING,COOLING_SYSTEM,0.4,0.6,True,8109475.304530192,True,0.5608178368946635,False,65.94318,True
COOLING_SEV040,COOLING_SEV040_W0022,22.0,26.99,COOLING,COOLING_SYSTEM,0.4,0.6,True,8289918.659332513,True,0.5411422606933683,False,68.90142,True
COOLING_SEV040,COOLING_SEV040_W0023,23.0,27.99,COOLING,COOLING_SYSTEM,0.4,0.6,True,8268178.978204357,True,0.5370341438293808,False,68.52409,True
COOLING_SEV040,COOLING_SEV040_W0024,24.0,28.99,COOLING,COOLING_SYSTEM,0.4,0.6,True,8222149.3625752125,True,0.5445488407019136,False,67.76303,True
COOLING_SEV040,COOLING_SEV040_W0025,25.0,29.99,COOLING,COOLING_SYSTEM,0.4,0.6,True,8112377.72993905,True,0.5610228348528007,False,65.92724,True
COOLING_SEV040,COOLING_SEV040_W0026,26.0,30.99,COOLING,COOLING_SYSTEM,0.4,0.6,True,7971212.5632196115,True,0.4551877930307256,False,63.60454,True
COOLING_SEV040,COOLING_SEV040_W0027,27.0,31.99,COOLING,COOLING_SYSTEM,0.4,0.6,True,7657255.5466389805,True,0.46618602964214323,False,58.62278,True
COOLING_SEV040,COOLING_SEV040_W0028,28.0,32.99,COOLING,COOLING_SYSTEM,0.4,0.6,True,7006009.374931298,True,0.47676736923824947,False,49.20975,True
COOLING_SEV040,COOLING_SEV040_W0029,29.0,33.99,COOLING,COOLING_SYSTEM,0.4,0.6,True,6734276.067989577,True,0.4573854715800398,False,45.657993,True
COOLING_SEV040,COOLING_SEV040_W0030,30.0,34.99,COOLING,COOLING_SYSTEM,0.4,0.6,True,6692856.480657414,True,0.459786349682713,False,45.12427,True
COOLING_SEV040,COOLING_SEV040_W0031,31.0,35.99,COOLING,COOLING_SYSTEM,0.4,0.6,True,6662964.15724449,True,0.46187217908078804,False,44.728367,True
COOLING_SEV040,COOLING_SEV040_W0032,32.0,36.99,COOLING,COOLING_SYSTEM,0.4,0.6,True,6638809.114545624,True,0.4574894820755905,False,44.408173,True
COOLING_SEV040,COOLING_SEV040_W0033,33.0,37.99,COOLING,COOLING_SYSTEM,0.4,0.6,True,6619239.68073704,True,0.46327656719302573,False,44.149952,True
COOLING_SEV040,COOLING_SEV040_W0034,34.0,38.99,COOLING,COOLING_SYSTEM,0.4,0.6,True,6603392.231886649,True,0.47122402666518887,False,43.941883,True
COOLING_SEV040,COOLING_SEV040_W0035,35.0,39.99,COOLING,COOLING_SYSTEM,0.4,0.6,True,6590565.302152349,True,0.48258958754815573,False,43.774296,True
COOLING_SEV040,COOLING_SEV040_W0036,36.0,40.99,COOLING,COOLING_SYSTEM,0.4,0.6,True,6580187.631095532,True,0.5097452926866219,False,43.639362,True
COOLING_SEV040,COOLING_SEV040_W0037,37.0,41.99,COOLING,COOLING_SYSTEM,0.4,0.6,True,6571794.535255532,True,0.5380693997331764,False,43.530758,True
COOLING_SEV040,COOLING_SEV040_W0038,38.0,42.99,COOLING,COOLING_SYSTEM,0.4,0.6,True,6565008.5090683,True,0.5092960925163226,False,43.443546,True
COOLING_SEV040,COOLING_SEV040_W0039,39.0,43.99,COOLING,COOLING_SYSTEM,0.4,0.6,True,6559523.202599641,True,0.4964806699161925,False,43.373436,True
COOLING_SEV040,COOLING_SEV040_W0040,40.0,44.99,COOLING,COOLING_SYSTEM,0.4,0.6,True,6555090.230665927,True,0.496822100534704,False,43.3171,True
COOLING_SEV040,COOLING_SEV040_W0041,41.0,45.99,COOLING,COOLING_SYSTEM,0.4,0.6,True,6551508.351333319,True,0.4904811412414936,False,43.271862,True
COOLING_SEV040,COOLING_SEV040_W0042,42.0,46.99,COOLING,COOLING_SYSTEM,0.4,0.6,True,6548614.614517314,True,0.4995921957553301,False,43.23557,True
COOLING_SEV040,COOLING_SEV040_W0043,43.0,47.99,COOLING,COOLING_SYSTEM,0.4,0.6,True,6546277.139444749,True,0.486246711181388,False,43.20611,True
COOLING_SEV040,COOLING_SEV040_W0044,44.0,48.99,COOLING,COOLING_SYSTEM,0.4,0.6,True,6544389.232695584,True,0.4856804942393023,False,43.182285,True
COOLING_SEV040,COOLING_SEV040_W0045,45.0,49.99,COOLING,COOLING_SYSTEM,0.4,0.6,True,6542864.605527236,True,0.4904811412414936,False,43.16319,True
COOLING_SEV040,COOLING_SEV040_W0046,46.0,50.99,COOLING,COOLING_SYSTEM,0.4,0.6,True,7881775.4757442875,True,0.5097805980376987,False,62.06487,True
COOLING_SEV040,COOLING_SEV040_W0047,47.0,51.99,COOLING,COOLING_SYSTEM,0.4,0.6,True,7937236.39222266,True,0.4892109062942652,False,62.944736,True
COOLING_SEV040,COOLING_SEV040_W0048,48.0,52.99,COOLING,COOLING_SYSTEM,0.4,0.6,True,7973597.920733543,True,0.49280474689730247,False,63.52883,True
COOLING_SEV040,COOLING_SEV040_W0049,49.0,53.99,COOLING,COOLING_SYSTEM,0.4,0.6,True,7988889.292341706,True,0.48083792613731746,False,63.87102,True
COOLING_SEV040,COOLING_SEV040_W0050,50.0,54.99,COOLING,COOLING_SYSTEM,0.4,0.6,True,7957336.476647578,True,0.46642629247959766,False,63.528187,True
COOLING_SEV040,COOLING_SEV040_W0051,51.0,55.99,COOLING,COOLING_SYSTEM,0.4,0.6,True,8116527.315751794,True,0.47325130267230076,False,66.04554,True
COOLING_SEV040,COOLING_SEV040_W0052,52.0,56.99,COOLING,COOLING_SYSTEM,0.4,0.6,True,8124640.70367228,True,0.4815215958246267,False,66.180084,True
COOLING_SEV040,COOLING_SEV040_W0053,53.0,57.99,COOLING,COOLING_SYSTEM,0.4,0.6,True,7724083.766918768,True,0.48938193073104674,False,59.90181,True
COOLING_SEV040,COOLING_SEV040_W0054,54.0,58.99,COOLING,COOLING_SYSTEM,0.4,0.6,True,7248873.432852786,True,0.48988687495567207,False,52.988834,True
COOLING_SEV040,COOLING_SEV040_W0055,55.0,59.99,COOLING,COOLING_SYSTEM,0.4,0.6,True,7223909.198205551,True,0.4897966283695226,False,52.668247,True
COOLING_SEV060,COOLING_SEV060_W0000,0.0,4.99,COOLING,COOLING_SYSTEM,0.6,0.4,True,5610605.863540396,True,0.5301521535123155,False,31.801376,True
COOLING_SEV060,COOLING_SEV060_W0001,1.0,5.99,COOLING,COOLING_SYSTEM,0.6,0.4,True,5996250.133409333,True,0.5159141650624066,False,36.312355,True
COOLING_SEV060,COOLING_SEV060_W0002,2.0,6.99,COOLING,COOLING_SYSTEM,0.6,0.4,True,5996250.133409333,True,0.5116936262291613,False,36.312027,True
COOLING_SEV060,COOLING_SEV060_W0003,3.0,7.99,COOLING,COOLING_SYSTEM,0.6,0.4,True,5977592.265204845,True,0.5211297521747748,False,36.089226,True
COOLING_SEV060,COOLING_SEV060_W0004,4.0,8.99,COOLING,COOLING_SYSTEM,0.6,0.4,True,5719271.619776571,True,0.5328868773985939,False,32.98634,True
COOLING_SEV060,COOLING_SEV060_W0005,5.0,9.99,COOLING,COOLING_SYSTEM,0.6,0.4,True,5354646.227096274,True,0.5298623461104854,False,28.881842,True
COOLING_SEV060,COOLING_SEV060_W0006,6.0,10.99,COOLING,COOLING_SYSTEM,0.6,0.4,True,5996250.133409335,True,0.6198856984403304,False,36.257484,True
COOLING_SEV060,COOLING_SEV060_W0007,7.0,11.99,COOLING,COOLING_SYSTEM,0.6,0.4,True,6585224.352381909,True,0.683242939249812,True,43.478027,True
COOLING_SEV060,COOLING_SEV060_W0008,8.0,12.99,COOLING,COOLING_SYSTEM,0.6,0.4,True,7730484.250803259,True,0.652301622899872,True,59.98842,True
COOLING_SEV060,COOLING_SEV060_W0009,9.0,13.99,COOLING,COOLING_SYSTEM,0.6,0.4,True,8161282.248293251,True,0.6336282246880404,False,66.87947,True
COOLING_SEV060,COOLING_SEV060_W0010,10.0,14.99,COOLING,COOLING_SYSTEM,0.6,0.4,True,8210705.533229788,True,0.6386098288647416,False,67.79654,True
COOLING_SEV060,COOLING_SEV060_W0011,11.0,15.99,COOLING,COOLING_SYSTEM,0.6,0.4,True,8210705.533229788,True,0.6553118081903997,True,67.89539,True
COOLING_SEV060,COOLING_SEV060_W0012,12.0,16.990000000000002,COOLING,COOLING_SYSTEM,0.6,0.4,True,8322810.7637282675,True,0.6741606129977454,True,69.782265,True
COOLING_SEV060,COOLING_SEV060_W0013,13.0,17.990000000000002,COOLING,COOLING_SYSTEM,0.6,0.4,True,8346478.013916072,True,0.5573840592968771,False,70.22859,True
COOLING_SEV060,COOLING_SEV060_W0014,14.0,18.99,COOLING,COOLING_SYSTEM,0.6,0.4,True,7998819.420215243,True,0.4690115093370911,False,64.553276,True
COOLING_SEV060,COOLING_SEV060_W0015,15.0,19.99,COOLING,COOLING_SYSTEM,0.6,0.4,True,7545388.616936788,True,0.46683881393303156,False,57.353638,True
COOLING_SEV060,COOLING_SEV060_W0016,16.0,20.99,COOLING,COOLING_SYSTEM,0.6,0.4,True,7497022.962034776,True,0.4607226033767311,False,56.629215,True
COOLING_SEV060,COOLING_SEV060_W0017,17.0,21.99,COOLING,COOLING_SYSTEM,0.6,0.4,True,7496187.176722182,True,0.4577759964882789,False,56.620113,True
COOLING_SEV060,COOLING_SEV060_W0018,18.0,22.99,COOLING,COOLING_SYSTEM,0.6,0.4,True,7496426.292309883,True,0.4632622915521427,False,56.6236,True
COOLING_SEV060,COOLING_SEV060_W0019,19.0,23.99,COOLING,COOLING_SYSTEM,0.6,0.4,True,7496692.121635932,True,0.46409022965701346,False,56.627018,True
COOLING_SEV060,COOLING_SEV060_W0020,20.0,24.99,COOLING,COOLING_SYSTEM,0.6,0.4,True,7476328.600817161,True,0.48279241339472595,False,56.3284,True
COOLING_SEV060,COOLING_SEV060_W0021,21.0,25.99,COOLING,COOLING_SYSTEM,0.6,0.4,True,8264344.980248505,True,0.5608178368946635,False,68.467834,True
COOLING_SEV060,COOLING_SEV060_W0022,22.0,26.99,COOLING,COOLING_SYSTEM,0.6,0.4,True,8348354.651667286,True,0.5411422606933683,False,69.91999,True
COOLING_SEV060,COOLING_SEV060_W0023,23.0,27.99,COOLING,COOLING_SYSTEM,0.6,0.4,True,8348565.318752787,True,0.5370341438293808,False,69.930664,True
COOLING_SEV060,COOLING_SEV060_W0024,24.0,28.99,COOLING,COOLING_SYSTEM,0.6,0.4,True,8321629.919741583,True,0.5445488407019136,False,69.46419,True
COOLING_SEV060,COOLING_SEV060_W0025,25.0,29.99,COOLING,COOLING_SYSTEM,0.6,0.4,True,8192023.515937893,True,0.5610228348528007,False,67.26633,True
COOLING_SEV060,COOLING_SEV060_W0026,26.0,30.99,COOLING,COOLING_SYSTEM,0.6,0.4,True,8132454.865463674,True,0.4551877930307256,False,66.26946,True
COOLING_SEV060,COOLING_SEV060_W0027,27.0,31.99,COOLING,COOLING_SYSTEM,0.6,0.4,True,8010523.710578684,True,0.46618602964214323,False,64.254036,True
COOLING_SEV060,COOLING_SEV060_W0028,28.0,32.99,COOLING,COOLING_SYSTEM,0.6,0.4,True,7547519.909871646,True,0.47676736923824947,False,57.027508,True
COOLING_SEV060,COOLING_SEV060_W0029,29.0,33.99,COOLING,COOLING_SYSTEM,0.6,0.4,True,7088970.6129534785,True,0.4573854715800398,False,50.52987,True
COOLING_SEV060,COOLING_SEV060_W0030,30.0,34.99,COOLING,COOLING_SYSTEM,0.6,0.4,True,6991729.579961495,True,0.459786349682713,False,49.21232,True
COOLING_SEV060,COOLING_SEV060_W0031,31.0,35.99,COOLING,COOLING_SYSTEM,0.6,0.4,True,6906469.53485756,True,0.46187217908078804,False,48.032875,True
COOLING_SEV060,COOLING_SEV060_W0032,32.0,36.99,COOLING,COOLING_SYSTEM,0.6,0.4,True,6837579.9215208,True,0.4574894820755905,False,47.085262,True
COOLING_SEV060,COOLING_SEV060_W0033,33.0,37.99,COOLING,COOLING_SYSTEM,0.6,0.4,True,6781468.558089262,True,0.46327656719302573,False,46.31915,True
COOLING_SEV060,COOLING_SEV060_W0034,34.0,38.99,COOLING,COOLING_SYSTEM,0.6,0.4,True,6735812.265705508,True,0.47122402666518887,False,45.70161,True
COOLING_SEV060,COOLING_SEV060_W0035,35.0,39.99,COOLING,COOLING_SYSTEM,0.6,0.4,True,6698711.418625137,True,0.48258958754815573,False,45.203693,True
COOLING_SEV060,COOLING_SEV060_W0036,36.0,40.99,COOLING,COOLING_SYSTEM,0.6,0.4,True,6668597.022470095,True,0.5097452926866219,False,44.80232,True
COOLING_SEV060,COOLING_SEV060_W0037,37.0,41.99,COOLING,COOLING_SYSTEM,0.6,0.4,True,6644176.640933377,True,0.5380693997331764,False,44.478436,True
COOLING_SEV060,COOLING_SEV060_W0038,38.0,42.99,COOLING,COOLING_SYSTEM,0.6,0.4,True,6624389.231906693,True,0.5092960925163226,False,44.217197,True
COOLING_SEV060,COOLING_SEV060_W0039,39.0,43.99,COOLING,COOLING_SYSTEM,0.6,0.4,True,6608366.290339551,True,0.4964806699161925,False,44.006763,True
COOLING_SEV060,COOLING_SEV060_W0040,40.0,44.99,COOLING,COOLING_SYSTEM,0.6,0.4,True,6595398.658817642,True,0.496822100534704,False,43.837303,True
COOLING_SEV060,COOLING_SEV060_W0041,41.0,45.99,COOLING,COOLING_SYSTEM,0.6,0.4,True,6584908.4640140105,True,0.5004588863709072,False,43.700993,True
COOLING_SEV060,COOLING_SEV060_W0042,42.0,46.99,COOLING,COOLING_SYSTEM,0.6,0.4,True,6576425.594136782,True,0.507263872917982,False,43.591396,True
COOLING_SEV060,COOLING_SEV060_W0043,43.0,47.99,COOLING,COOLING_SYSTEM,0.6,0.4,True,6569568.122833674,True,0.4947345432285424,False,43.50327,True
COOLING_SEV060,COOLING_SEV060_W0044,44.0,48.99,COOLING,COOLING_SYSTEM,0.6,0.4,True,6564026.111072252,True,0.49375991790068574,False,43.43243,True
COOLING_SEV060,COOLING_SEV060_W0045,45.0,49.99,COOLING,COOLING_SYSTEM,0.6,0.4,True,6559548.266253882,True,0.49823828573876044,False,43.375538,True
COOLING_SEV060,COOLING_SEV060_W0046,46.0,50.99,COOLING,COOLING_SYSTEM,0.6,0.4,True,7945042.05446295,True,0.5097805980376987,False,63.071938,True
COOLING_SEV060,COOLING_SEV060_W0047,47.0,51.99,COOLING,COOLING_SYSTEM,0.6,0.4,True,7945635.019494409,True,0.4892109062942652,False,63.07532,True
COOLING_SEV060,COOLING_SEV060_W0048,48.0,52.99,COOLING,COOLING_SYSTEM,0.6,0.4,True,8041926.036087043,True,0.49280474689730247,False,64.62118,True
COOLING_SEV060,COOLING_SEV060_W0049,49.0,53.99,COOLING,COOLING_SYSTEM,0.6,0.4,True,8118300.197569746,True,0.48083792613731746,False,66.01004,True
COOLING_SEV060,COOLING_SEV060_W0050,50.0,54.99,COOLING,COOLING_SYSTEM,0.6,0.4,True,8023963.64657788,True,0.46642629247959766,False,64.62839,True
COOLING_SEV060,COOLING_SEV060_W0051,51.0,55.99,COOLING,COOLING_SYSTEM,0.6,0.4,True,8198313.488519913,True,0.47325130267230076,False,67.40772,True
COOLING_SEV060,COOLING_SEV060_W0052,52.0,56.99,COOLING,COOLING_SYSTEM,0.6,0.4,True,8223918.277546736,True,0.4815215958246267,False,67.83329,True
COOLING_SEV060,COOLING_SEV060_W0053,53.0,57.99,COOLING,COOLING_SYSTEM,0.6,0.4,True,8064545.975105521,True,0.48938193073104674,False,65.25476,True
COOLING_SEV060,COOLING_SEV060_W0054,54.0,58.99,COOLING,COOLING_SYSTEM,0.6,0.4,True,7434844.808351893,True,0.48988687495567207,False,55.662132,True
COOLING_SEV060,COOLING_SEV060_W0055,55.0,59.99,COOLING,COOLING_SYSTEM,0.6,0.4,True,7294152.543152366,True,0.4897966283695226,False,53.693707,True
COOLING_SEV080,COOLING_SEV080_W0000,0.0,4.99,COOLING,COOLING_SYSTEM,0.8,0.1999999999999999,True,5611871.263083445,True,0.5301521535123155,False,31.816595,True
COOLING_SEV080,COOLING_SEV080_W0001,1.0,5.99,COOLING,COOLING_SYSTEM,0.8,0.1999999999999999,True,5996250.133409333,True,0.5159141650624066,False,36.312355,True
COOLING_SEV080,COOLING_SEV080_W0002,2.0,6.99,COOLING,COOLING_SYSTEM,0.8,0.1999999999999999,True,5996250.133409333,True,0.5116936262291613,False,36.312027,True
COOLING_SEV080,COOLING_SEV080_W0003,3.0,7.99,COOLING,COOLING_SYSTEM,0.8,0.1999999999999999,True,5996250.133409334,True,0.5211297521747748,False,36.312546,True
COOLING_SEV080,COOLING_SEV080_W0004,4.0,8.99,COOLING,COOLING_SYSTEM,0.8,0.1999999999999999,True,5970839.908234773,True,0.5328868773985939,False,36.01567,True
COOLING_SEV080,COOLING_SEV080_W0005,5.0,9.99,COOLING,COOLING_SYSTEM,0.8,0.1999999999999999,True,5731497.594075362,True,0.5298623461104854,False,33.13229,True
COOLING_SEV080,COOLING_SEV080_W0006,6.0,10.99,COOLING,COOLING_SYSTEM,0.8,0.1999999999999999,True,5996250.133409335,True,0.6198856984403304,False,36.257484,True
COOLING_SEV080,COOLING_SEV080_W0007,7.0,11.99,COOLING,COOLING_SYSTEM,0.8,0.1999999999999999,True,6914064.438153943,True,0.683242939249812,True,47.877193,True
COOLING_SEV080,COOLING_SEV080_W0008,8.0,12.99,COOLING,COOLING_SYSTEM,0.8,0.1999999999999999,True,7922629.032867342,True,0.652301622899872,True,63.006058,True
COOLING_SEV080,COOLING_SEV080_W0009,9.0,13.99,COOLING,COOLING_SYSTEM,0.8,0.1999999999999999,True,8210705.533229791,True,0.6336282246880404,False,67.67992,True
COOLING_SEV080,COOLING_SEV080_W0010,10.0,14.99,COOLING,COOLING_SYSTEM,0.8,0.1999999999999999,True,8210705.533229788,True,0.6386098288647416,False,67.79654,True
COOLING_SEV080,COOLING_SEV080_W0011,11.0,15.99,COOLING,COOLING_SYSTEM,0.8,0.1999999999999999,True,8210705.533229788,True,0.6553118081903997,True,67.89539,True
COOLING_SEV080,COOLING_SEV080_W0012,12.0,16.990000000000002,COOLING,COOLING_SYSTEM,0.8,0.1999999999999999,True,8346437.407849009,True,0.6741606129977454,True,70.18263,True
COOLING_SEV080,COOLING_SEV080_W0013,13.0,17.990000000000002,COOLING,COOLING_SYSTEM,0.8,0.1999999999999999,True,8346540.266387788,True,0.5573840592968771,False,70.22908,True
COOLING_SEV080,COOLING_SEV080_W0014,14.0,18.99,COOLING,COOLING_SYSTEM,0.8,0.1999999999999999,True,8243030.530219816,True,0.4690115093370911,False,68.54177,True
COOLING_SEV080,COOLING_SEV080_W0015,15.0,19.99,COOLING,COOLING_SYSTEM,0.8,0.1999999999999999,True,7808409.185832254,True,0.46683881393303156,False,61.49904,True
COOLING_SEV080,COOLING_SEV080_W0016,16.0,20.99,COOLING,COOLING_SYSTEM,0.8,0.1999999999999999,True,7516710.195337148,True,0.4607226033767311,False,56.91397,True
COOLING_SEV080,COOLING_SEV080_W0017,17.0,21.99,COOLING,COOLING_SYSTEM,0.8,0.1999999999999999,True,7498074.52782974,True,0.4577759964882789,False,56.64302,True
COOLING_SEV080,COOLING_SEV080_W0018,18.0,22.99,COOLING,COOLING_SYSTEM,0.8,0.1999999999999999,True,7497990.083886726,True,0.4632622915521427,False,56.643383,True
COOLING_SEV080,COOLING_SEV080_W0019,19.0,23.99,COOLING,COOLING_SYSTEM,0.8,0.1999999999999999,True,7498607.60106539,True,0.46409022965701346,False,56.652164,True
COOLING_SEV080,COOLING_SEV080_W0020,20.0,24.99,COOLING,COOLING_SYSTEM,0.8,0.1999999999999999,True,7499245.424701463,True,0.48279241339472595,False,56.660934,True
COOLING_SEV080,COOLING_SEV080_W0021,21.0,25.99,COOLING,COOLING_SYSTEM,0.8,0.1999999999999999,True,8316507.075770442,True,0.5608178368946635,False,69.35598,True
COOLING_SEV080,COOLING_SEV080_W0022,22.0,26.99,COOLING,COOLING_SYSTEM,0.8,0.1999999999999999,True,8351055.154104012,True,0.5411422606933683,False,69.95811,True
COOLING_SEV080,COOLING_SEV080_W0023,23.0,27.99,COOLING,COOLING_SYSTEM,0.8,0.1999999999999999,True,8351566.483508033,True,0.5370341438293808,False,69.973495,True
COOLING_SEV080,COOLING_SEV080_W0024,24.0,28.99,COOLING,COOLING_SYSTEM,0.8,0.1999999999999999,True,8352048.896304346,True,0.5445488407019136,False,69.98684,True
COOLING_SEV080,COOLING_SEV080_W0025,25.0,29.99,COOLING,COOLING_SYSTEM,0.8,0.1999999999999999,True,8349039.934574864,True,0.5610228348528007,False,69.91993,True
COOLING_SEV080,COOLING_SEV080_W0026,26.0,30.99,COOLING,COOLING_SYSTEM,0.8,0.1999999999999999,True,8222876.689001996,True,0.4551877930307256,False,67.78816,True
COOLING_SEV080,COOLING_SEV080_W0027,27.0,31.99,COOLING,COOLING_SYSTEM,0.8,0.1999999999999999,True,8161884.8680544635,True,0.46618602964214323,False,66.76353,True
COOLING_SEV080,COOLING_SEV080_W0028,28.0,32.99,COOLING,COOLING_SYSTEM,0.8,0.1999999999999999,True,7947644.4612867655,True,0.47676736923824947,False,63.261543,True
COOLING_SEV080,COOLING_SEV080_W0029,29.0,33.99,COOLING,COOLING_SYSTEM,0.8,0.1999999999999999,True,7430795.252097931,True,0.4573854715800398,False,55.41833,True
COOLING_SEV080,COOLING_SEV080_W0030,30.0,34.99,COOLING,COOLING_SYSTEM,0.8,0.1999999999999999,True,7248181.74877887,True,0.459786349682713,False,52.884518,True
COOLING_SEV080,COOLING_SEV080_W0031,31.0,35.99,COOLING,COOLING_SYSTEM,0.8,0.1999999999999999,True,7173617.087046777,True,0.46187217908078804,False,51.82189,True
COOLING_SEV080,COOLING_SEV080_W0032,32.0,36.99,COOLING,COOLING_SYSTEM,0.8,0.1999999999999999,True,7118507.800971223,True,0.4574894820755905,False,51.026363,True
COOLING_SEV080,COOLING_SEV080_W0033,33.0,37.99,COOLING,COOLING_SYSTEM,0.8,0.1999999999999999,True,7073960.985336421,True,0.46327656719302573,False,50.383827,True
COOLING_SEV080,COOLING_SEV080_W0034,34.0,38.99,COOLING,COOLING_SYSTEM,0.8,0.1999999999999999,True,7014890.51936479,True,0.47122402666518887,False,49.543804,True
COOLING_SEV080,COOLING_SEV080_W0035,35.0,39.99,COOLING,COOLING_SYSTEM,0.8,0.1999999999999999,True,6927830.774162777,True,0.48258958754815573,False,48.32643,True
COOLING_SEV080,COOLING_SEV080_W0036,36.0,40.99,COOLING,COOLING_SYSTEM,0.8,0.1999999999999999,True,6856712.759962074,True,0.5097452926866219,False,47.34404,True
COOLING_SEV080,COOLING_SEV080_W0037,37.0,41.99,COOLING,COOLING_SYSTEM,0.8,0.1999999999999999,True,6798734.108185472,True,0.5380693997331764,False,46.550728,True
COOLING_SEV080,COOLING_SEV080_W0038,38.0,42.99,COOLING,COOLING_SYSTEM,0.8,0.1999999999999999,True,6751547.613089578,True,0.5092960925163226,False,45.91105,True
COOLING_SEV080,COOLING_SEV080_W0039,39.0,43.99,COOLING,COOLING_SYSTEM,0.8,0.1999999999999999,True,6713199.163624923,True,0.4964806699161925,False,45.395348,True
COOLING_SEV080,COOLING_SEV080_W0040,40.0,44.99,COOLING,COOLING_SYSTEM,0.8,0.1999999999999999,True,6682070.471939549,True,0.496822100534704,False,44.979706,True
COOLING_SEV080,COOLING_SEV080_W0041,41.0,45.99,COOLING,COOLING_SYSTEM,0.8,0.1999999999999999,True,6656827.324743298,True,0.5004588863709072,False,44.644783,True
COOLING_SEV080,COOLING_SEV080_W0042,42.0,46.99,COOLING,COOLING_SYSTEM,0.8,0.1999999999999999,True,6636373.805706992,True,0.5092960925163226,False,44.374886,True
COOLING_SEV080,COOLING_SEV080_W0043,43.0,47.99,COOLING,COOLING_SYSTEM,0.8,0.1999999999999999,True,6619812.509883908,True,0.4964806699161925,False,44.157116,True
COOLING_SEV080,COOLING_SEV080_W0044,44.0,48.99,COOLING,COOLING_SYSTEM,0.8,0.1999999999999999,True,6606410.456041914,True,0.496822100534704,False,43.981953,True
COOLING_SEV080,COOLING_SEV080_W0045,45.0,49.99,COOLING,COOLING_SYSTEM,0.8,0.1999999999999999,True,6595570.213860129,True,0.49569968474778897,False,43.84101,True
COOLING_SEV080,COOLING_SEV080_W0046,46.0,50.99,COOLING,COOLING_SYSTEM,0.8,0.1999999999999999,True,7963396.834409911,True,0.5097805980376987,False,63.369488,True
COOLING_SEV080,COOLING_SEV080_W0047,47.0,51.99,COOLING,COOLING_SYSTEM,0.8,0.1999999999999999,True,7961549.250891762,True,0.4892109062942652,False,63.325836,True
COOLING_SEV080,COOLING_SEV080_W0048,48.0,52.99,COOLING,COOLING_SYSTEM,0.8,0.1999999999999999,True,8150995.393888527,True,0.49280474689730247,False,66.40964,True
COOLING_SEV080,COOLING_SEV080_W0049,49.0,53.99,COOLING,COOLING_SYSTEM,0.8,0.1999999999999999,True,8153201.369544435,True,0.4840030334676789,False,66.57272,True
COOLING_SEV080,COOLING_SEV080_W0050,50.0,54.99,COOLING,COOLING_SYSTEM,0.8,0.1999999999999999,True,8140365.13420212,True,0.46642629247959766,False,66.58171,True
COOLING_SEV080,COOLING_SEV080_W0051,51.0,55.99,COOLING,COOLING_SYSTEM,0.8,0.1999999999999999,True,8337166.88980382,True,0.47325130267230076,False,69.74589,True
COOLING_SEV080,COOLING_SEV080_W0052,52.0,56.99,COOLING,COOLING_SYSTEM,0.8,0.1999999999999999,True,8365975.261890718,True,0.4815215958246267,False,70.23531,True
COOLING_SEV080,COOLING_SEV080_W0053,53.0,57.99,COOLING,COOLING_SYSTEM,0.8,0.1999999999999999,True,8333209.631476882,True,0.48938193073104674,False,69.6951,True
COOLING_SEV080,COOLING_SEV080_W0054,54.0,58.99,COOLING,COOLING_SYSTEM,0.8,0.1999999999999999,True,7934326.446105851,True,0.48988687495567207,False,63.270657,True
COOLING_SEV080,COOLING_SEV080_W0055,55.0,59.99,COOLING,COOLING_SYSTEM,0.8,0.1999999999999999,True,7468074.902099511,True,0.4897966283695226,False,56.242737,True
CYL1_SEV040,CYL1_SEV040_W0000,0.0,4.99,CYLINDER,CYLINDER_1,0.4,0.6,True,14147277.469852293,True,0.6742413037432803,True,201.54677,True
CYL1_SEV040,CYL1_SEV040_W0001,1.0,5.99,CYLINDER,CYLINDER_1,0.4,0.6,True,14075841.758970989,True,0.679154902239955,True,198.79514,True
CYL1_SEV040,CYL1_SEV040_W0002,2.0,6.99,CYLINDER,CYLINDER_1,0.4,0.6,True,13913414.118120808,True,0.6808007129627924,True,193.28592,True
CYL1_SEV040,CYL1_SEV040_W0003,3.0,7.99,CYLINDER,CYLINDER_1,0.4,0.6,True,13818826.595303342,True,0.6795422091700953,True,191.11092,True
CYL1_SEV040,CYL1_SEV040_W0004,4.0,8.99,CYLINDER,CYLINDER_1,0.4,0.6,True,13703799.950073734,True,0.6830013329964746,True,187.47112,True
CYL1_SEV040,CYL1_SEV040_W0005,5.0,9.99,CYLINDER,CYLINDER_1,0.4,0.6,True,13930146.1101505,True,0.6816571732025103,True,194.44366,True
CYL1_SEV040,CYL1_SEV040_W0006,6.0,10.99,CYLINDER,CYLINDER_1,0.4,0.6,True,15457513.863617776,True,0.6780599060672575,True,239.01247,True
CYL1_SEV040,CYL1_SEV040_W0007,7.0,11.99,CYLINDER,CYLINDER_1,0.4,0.6,True,16407471.722962694,True,0.6758752072369026,True,271.55188,True
CYL1_SEV040,CYL1_SEV040_W0008,8.0,12.99,CYLINDER,CYLINDER_1,0.4,0.6,True,16318774.56781034,True,0.6757943209517437,True,268.91135,True
CYL1_SEV040,CYL1_SEV040_W0009,9.0,13.99,CYLINDER,CYLINDER_1,0.4,0.6,True,16317957.778191559,True,0.6723716977087112,True,268.8851,True
CYL1_SEV040,CYL1_SEV040_W0010,10.0,14.99,CYLINDER,CYLINDER_1,0.4,0.6,True,16283721.553038051,True,0.6682040675230528,True,267.9506,True
CYL1_SEV040,CYL1_SEV040_W0011,11.0,15.99,CYLINDER,CYLINDER_1,0.4,0.6,True,16183202.991414962,True,0.6616078720335998,True,265.44012,True
CYL1_SEV040,CYL1_SEV040_W0012,12.0,16.990000000000002,CYLINDER,CYLINDER_1,0.4,0.6,True,14655975.753598472,True,0.6654361137092808,True,215.04942,True
CYL1_SEV040,CYL1_SEV040_W0013,13.0,17.990000000000002,CYLINDER,CYLINDER_1,0.4,0.6,True,12216940.713716198,True,0.666433665283954,True,150.54506,True
CYL1_SEV040,CYL1_SEV040_W0014,14.0,18.99,CYLINDER,CYLINDER_1,0.4,0.6,True,10515586.716129871,True,0.6605453912486637,True,112.58318,True
CYL1_SEV040,CYL1_SEV040_W0015,15.0,19.99,CYLINDER,CYLINDER_1,0.4,0.6,True,10382660.264421578,True,0.6589485470222428,True,109.74802,True
CYL1_SEV040,CYL1_SEV040_W0016,16.0,20.99,CYLINDER,CYLINDER_1,0.4,0.6,True,10368593.56902827,True,0.6536535605881109,True,109.42599,True
CYL1_SEV040,CYL1_SEV040_W0017,17.0,21.99,CYLINDER,CYLINDER_1,0.4,0.6,True,10362491.263721902,True,0.6510220442691074,True,109.288284,True
CYL1_SEV040,CYL1_SEV040_W0018,18.0,22.99,CYLINDER,CYLINDER_1,0.4,0.6,True,10357876.607328929,True,0.6536535605881109,True,109.18342,True
CYL1_SEV040,CYL1_SEV040_W0019,19.0,23.99,CYLINDER,CYLINDER_1,0.4,0.6,True,10354163.403933868,True,0.6536535605881109,True,109.098236,True
CYL1_SEV040,CYL1_SEV040_W0020,20.0,24.99,CYLINDER,CYLINDER_1,0.4,0.6,True,10351162.18623382,True,0.6510220442691074,True,109.02875,True
CYL1_SEV040,CYL1_SEV040_W0021,21.0,25.99,CYLINDER,CYLINDER_1,0.4,0.6,True,10441602.781429306,True,0.6686678690138969,True,110.86676,True
CYL1_SEV040,CYL1_SEV040_W0022,22.0,26.99,CYLINDER,CYLINDER_1,0.4,0.6,True,10439724.4993679,True,0.6702080486225324,True,110.78897,True
CYL1_SEV040,CYL1_SEV040_W0023,23.0,27.99,CYLINDER,CYLINDER_1,0.4,0.6,True,10438399.771510974,True,0.6702080486225324,True,110.75776,True
CYL1_SEV040,CYL1_SEV040_W0024,24.0,28.99,CYLINDER,CYLINDER_1,0.4,0.6,True,10438720.881341767,True,0.6685878452767476,True,110.94243,True
CYL1_SEV040,CYL1_SEV040_W0025,25.0,29.99,CYLINDER,CYLINDER_1,0.4,0.6,True,10436360.394435817,True,0.6696675450571642,True,110.90244,True
CYL1_SEV040,CYL1_SEV040_W0026,26.0,30.99,CYLINDER,CYLINDER_1,0.4,0.6,True,10418579.946412543,True,0.6642864260267334,True,110.47751,True
CYL1_SEV040,CYL1_SEV040_W0027,27.0,31.99,CYLINDER,CYLINDER_1,0.4,0.6,True,10296251.506115807,True,0.6621461051421399,True,107.72579,True
CYL1_SEV040,CYL1_SEV040_W0028,28.0,32.99,CYLINDER,CYLINDER_1,0.4,0.6,True,10287899.567587191,True,0.6552375733597019,True,107.55727,True
CYL1_SEV040,CYL1_SEV040_W0029,29.0,33.99,CYLINDER,CYLINDER_1,0.4,0.6,True,10286635.141322372,True,0.6605453912486637,True,107.53178,True
CYL1_SEV040,CYL1_SEV040_W0030,30.0,34.99,CYLINDER,CYLINDER_1,0.4,0.6,True,10286103.253697338,True,0.6552375733597019,True,107.51886,True
CYL1_SEV040,CYL1_SEV040_W0031,31.0,35.99,CYLINDER,CYLINDER_1,0.4,0.6,True,10285773.35780964,True,0.6605453912486637,True,107.510666,True
CYL1_SEV040,CYL1_SEV040_W0032,32.0,36.99,CYLINDER,CYLINDER_1,0.4,0.6,True,10285514.759644097,True,0.6552375733597019,True,107.50406,True
CYL1_SEV040,CYL1_SEV040_W0033,33.0,37.99,CYLINDER,CYLINDER_1,0.4,0.6,True,10285306.495142907,True,0.6578861293990849,True,107.49863,True
CYL1_SEV040,CYL1_SEV040_W0034,34.0,38.99,CYLINDER,CYLINDER_1,0.4,0.6,True,10285138.104667155,True,0.6578861293990849,True,107.49413,True
CYL1_SEV040,CYL1_SEV040_W0035,35.0,39.99,CYLINDER,CYLINDER_1,0.4,0.6,True,10285001.902385479,True,0.6578861293990849,True,107.49041,True
CYL1_SEV040,CYL1_SEV040_W0036,36.0,40.99,CYLINDER,CYLINDER_1,0.4,0.6,True,10284891.715272047,True,0.6578861293990849,True,107.48733,True
CYL1_SEV040,CYL1_SEV040_W0037,37.0,41.99,CYLINDER,CYLINDER_1,0.4,0.6,True,10284802.615985243,True,0.6578861293990849,True,107.48476,True
CYL1_SEV040,CYL1_SEV040_W0038,38.0,42.99,CYLINDER,CYLINDER_1,0.4,0.6,True,10284730.608500974,True,0.6578861293990849,True,107.482574,True
CYL1_SEV040,CYL1_SEV040_W0039,39.0,43.99,CYLINDER,CYLINDER_1,0.4,0.6,True,10284672.30779321,True,0.6578861293990849,True,107.4808,True
CYL1_SEV040,CYL1_SEV040_W0040,40.0,44.99,CYLINDER,CYLINDER_1,0.4,0.6,True,10284625.092944443,True,0.6578861293990849,True,107.479294,True
CYL1_SEV040,CYL1_SEV040_W0041,41.0,45.99,CYLINDER,CYLINDER_1,0.4,0.6,True,10284586.84538395,True,0.6578861293990849,True,107.47802,True
CYL1_SEV040,CYL1_SEV040_W0042,42.0,46.99,CYLINDER,CYLINDER_1,0.4,0.6,True,10284555.852487467,True,0.6578861293990849,True,107.47696,True
CYL1_SEV040,CYL1_SEV040_W0043,43.0,47.99,CYLINDER,CYLINDER_1,0.4,0.6,True,10284530.729685921,True,0.6578861293990849,True,107.47604,True
CYL1_SEV040,CYL1_SEV040_W0044,44.0,48.99,CYLINDER,CYLINDER_1,0.4,0.6,True,10284510.357529478,True,0.6578861293990849,True,107.47529,True
CYL1_SEV040,CYL1_SEV040_W0045,45.0,49.99,CYLINDER,CYLINDER_1,0.4,0.6,True,10284493.830834646,True,0.6578861293990849,True,107.474655,True
CYL1_SEV040,CYL1_SEV040_W0046,46.0,50.99,CYLINDER,CYLINDER_1,0.4,0.6,True,10422917.883462079,True,0.665896205650475,True,110.11927,True
CYL1_SEV040,CYL1_SEV040_W0047,47.0,51.99,CYLINDER,CYLINDER_1,0.4,0.6,True,10484146.967519935,True,0.6669715587130534,True,111.29437,True
CYL1_SEV040,CYL1_SEV040_W0048,48.0,52.99,CYLINDER,CYLINDER_1,0.4,0.6,True,10446796.2667277,True,0.6713679849211772,True,110.6408,True
CYL1_SEV040,CYL1_SEV040_W0049,49.0,53.99,CYLINDER,CYLINDER_1,0.4,0.6,True,10468020.074698053,True,0.6729949254393253,True,111.217766,True
CYL1_SEV040,CYL1_SEV040_W0050,50.0,54.99,CYLINDER,CYLINDER_1,0.4,0.6,True,10524359.962940115,True,0.6695047841317686,True,112.54838,True
CYL1_SEV040,CYL1_SEV040_W0051,51.0,55.99,CYLINDER,CYLINDER_1,0.4,0.6,True,10382566.666750655,True,0.6707462638207154,True,109.60279,True
CYL1_SEV040,CYL1_SEV040_W0052,52.0,56.99,CYLINDER,CYLINDER_1,0.4,0.6,True,10301768.207138475,True,0.6692048473602173,True,107.94411,True
CYL1_SEV040,CYL1_SEV040_W0053,53.0,57.99,CYLINDER,CYLINDER_1,0.4,0.6,True,10300031.646698037,True,0.6654361137092808,True,107.9096,True
CYL1_SEV040,CYL1_SEV040_W0054,54.0,58.99,CYLINDER,CYLINDER_1,0.4,0.6,True,10296817.638498496,True,0.6600889963800226,True,107.836914,True
CYL1_SEV040,CYL1_SEV040_W0055,55.0,59.99,CYLINDER,CYLINDER_1,0.4,0.6,True,10296333.27497625,True,0.6600889963800226,True,107.82739,True
CYL1_SEV060,CYL1_SEV060_W0000,0.0,4.99,CYLINDER,CYLINDER_1,0.6,0.4,True,15049575.031315058,True,0.6753301332706823,True,227.77655,True
CYL1_SEV060,CYL1_SEV060_W0001,1.0,5.99,CYLINDER,CYLINDER_1,0.6,0.4,True,14873906.6528031,True,0.6797030632622524,True,221.03963,True
CYL1_SEV060,CYL1_SEV060_W0002,2.0,6.99,CYLINDER,CYLINDER_1,0.6,0.4,True,14683038.513775533,True,0.6824505120142519,True,215.2189,True
CYL1_SEV060,CYL1_SEV060_W0003,3.0,7.99,CYLINDER,CYLINDER_1,0.6,0.4,True,14505078.143008558,True,0.6786071832937972,True,209.59369,True
CYL1_SEV060,CYL1_SEV060_W0004,4.0,8.99,CYLINDER,CYLINDER_1,0.6,0.4,True,14546085.150285108,True,0.6827579785872111,True,211.7836,True
CYL1_SEV060,CYL1_SEV060_W0005,5.0,9.99,CYLINDER,CYLINDER_1,0.6,0.4,True,14315867.1105612,True,0.6813502023555181,True,204.73389,True
CYL1_SEV060,CYL1_SEV060_W0006,6.0,10.99,CYLINDER,CYLINDER_1,0.6,0.4,True,15836589.841442766,True,0.6780599060672575,True,250.49033,True
CYL1_SEV060,CYL1_SEV060_W0007,7.0,11.99,CYLINDER,CYLINDER_1,0.6,0.4,True,16809230.91784522,True,0.6802516667174991,True,284.53622,True
CYL1_SEV060,CYL1_SEV060_W0008,8.0,12.99,CYLINDER,CYLINDER_1,0.6,0.4,True,16638027.200886637,True,0.6812686608428681,True,279.4055,True
CYL1_SEV060,CYL1_SEV060_W0009,9.0,13.99,CYLINDER,CYLINDER_1,0.6,0.4,True,16746592.384602906,True,0.67291438385581,True,283.14047,True
CYL1_SEV060,CYL1_SEV060_W0010,10.0,14.99,CYLINDER,CYLINDER_1,0.6,0.4,True,16644624.567316923,True,0.67291438385581,True,279.45886,True
CYL1_SEV060,CYL1_SEV060_W0011,11.0,15.99,CYLINDER,CYLINDER_1,0.6,0.4,True,16341540.897779608,True,0.6626762998837364,True,270.22043,True
CYL1_SEV060,CYL1_SEV060_W0012,12.0,16.990000000000002,CYLINDER,CYLINDER_1,0.6,0.4,True,15210887.237881247,True,0.6702855435347783,True,232.31155,True
CYL1_SEV060,CYL1_SEV060_W0013,13.0,17.990000000000002,CYLINDER,CYLINDER_1,0.6,0.4,True,12082105.141479604,True,0.6637506980801188,True,148.14088,True
CYL1_SEV060,CYL1_SEV060_W0014,14.0,18.99,CYLINDER,CYLINDER_1,0.6,0.4,True,10768970.152324134,True,0.6610785321208662,True,118.24121,True
CYL1_SEV060,CYL1_SEV060_W0015,15.0,19.99,CYLINDER,CYLINDER_1,0.6,0.4,True,10723563.344974447,True,0.659480399045965,True,117.19564,True
CYL1_SEV060,CYL1_SEV060_W0016,16.0,20.99,CYLINDER,CYLINDER_1,0.6,0.4,True,10702234.187952545,True,0.659480399045965,True,116.72732,True
CYL1_SEV060,CYL1_SEV060_W0017,17.0,21.99,CYLINDER,CYLINDER_1,0.6,0.4,True,10686556.527542988,True,0.6568254247036069,True,116.37548,True
CYL1_SEV060,CYL1_SEV060_W0018,18.0,22.99,CYLINDER,CYLINDER_1,0.6,0.4,True,10674142.098088512,True,0.6541811389105504,True,116.096146,True
CYL1_SEV060,CYL1_SEV060_W0019,19.0,23.99,CYLINDER,CYLINDER_1,0.6,0.4,True,10664129.081896342,True,0.6568254247036069,True,115.87202,True
CYL1_SEV060,CYL1_SEV060_W0020,20.0,24.99,CYLINDER,CYLINDER_1,0.6,0.4,True,10656033.152136182,True,0.659480399045965,True,115.69085,True
CYL1_SEV060,CYL1_SEV060_W0021,21.0,25.99,CYLINDER,CYLINDER_1,0.6,0.4,True,10720008.576650148,True,0.6692075657185032,True,117.02164,True
CYL1_SEV060,CYL1_SEV060_W0022,22.0,26.99,CYLINDER,CYLINDER_1,0.6,0.4,True,10718092.681080053,True,0.6692075657185032,True,116.75461,True
CYL1_SEV060,CYL1_SEV060_W0023,23.0,27.99,CYLINDER,CYLINDER_1,0.6,0.4,True,10790696.067466171,True,0.6692075657185032,True,118.37314,True
CYL1_SEV060,CYL1_SEV060_W0024,24.0,28.99,CYLINDER,CYLINDER_1,0.6,0.4,True,10805933.626760531,True,0.6670513889957568,True,118.67448,True
CYL1_SEV060,CYL1_SEV060_W0025,25.0,29.99,CYLINDER,CYLINDER_1,0.6,0.4,True,10813912.973529248,True,0.6691274773924164,True,118.812775,True
CYL1_SEV060,CYL1_SEV060_W0026,26.0,30.99,CYLINDER,CYLINDER_1,0.6,0.4,True,10743788.2192845,True,0.663215402182725,True,117.184265,True
CYL1_SEV060,CYL1_SEV060_W0027,27.0,31.99,CYLINDER,CYLINDER_1,0.6,0.4,True,10613685.888675196,True,0.6621461051421399,True,114.202354,True
CYL1_SEV060,CYL1_SEV060_W0028,28.0,32.99,CYLINDER,CYLINDER_1,0.6,0.4,True,10602095.104336383,True,0.6578861293990849,True,113.95525,True
CYL1_SEV060,CYL1_SEV060_W0029,29.0,33.99,CYLINDER,CYLINDER_1,0.6,0.4,True,10599571.977658026,True,0.6605453912486637,True,113.90296,True
CYL1_SEV060,CYL1_SEV060_W0030,30.0,34.99,CYLINDER,CYLINDER_1,0.6,0.4,True,10598289.027219245,True,0.6552375733597019,True,113.8733,True
CYL1_SEV060,CYL1_SEV060_W0031,31.0,35.99,CYLINDER,CYLINDER_1,0.6,0.4,True,10597406.583779197,True,0.6605453912486637,True,113.8529,True
CYL1_SEV060,CYL1_SEV060_W0032,32.0,36.99,CYLINDER,CYLINDER_1,0.6,0.4,True,10596709.265987983,True,0.6552375733597019,True,113.83661,True
CYL1_SEV060,CYL1_SEV060_W0033,33.0,37.99,CYLINDER,CYLINDER_1,0.6,0.4,True,10596145.730706202,True,0.6552375733597019,True,113.82333,True
CYL1_SEV060,CYL1_SEV060_W0034,34.0,38.99,CYLINDER,CYLINDER_1,0.6,0.4,True,10595689.770817693,True,0.6605453912486637,True,113.812454,True
CYL1_SEV060,CYL1_SEV060_W0035,35.0,39.99,CYLINDER,CYLINDER_1,0.6,0.4,True,10595320.744922657,True,0.6552375733597019,True,113.80358,True
CYL1_SEV060,CYL1_SEV060_W0036,36.0,40.99,CYLINDER,CYLINDER_1,0.6,0.4,True,10595022.01880636,True,0.6605453912486637,True,113.79627,True
CYL1_SEV060,CYL1_SEV060_W0037,37.0,41.99,CYLINDER,CYLINDER_1,0.6,0.4,True,10594780.145973103,True,0.6578861293990849,True,113.790306,True
CYL1_SEV060,CYL1_SEV060_W0038,38.0,42.99,CYLINDER,CYLINDER_1,0.6,0.4,True,10594584.4789056,True,0.6578861293990849,True,113.78538,True
CYL1_SEV060,CYL1_SEV060_W0039,39.0,43.99,CYLINDER,CYLINDER_1,0.6,0.4,True,10594426.092279254,True,0.6578861293990849,True,113.78133,True
CYL1_SEV060,CYL1_SEV060_W0040,40.0,44.99,CYLINDER,CYLINDER_1,0.6,0.4,True,10594297.708691278,True,0.6578861293990849,True,113.77799,True
CYL1_SEV060,CYL1_SEV060_W0041,41.0,45.99,CYLINDER,CYLINDER_1,0.6,0.4,True,10594193.606323928,True,0.6578861293990849,True,113.77522,True
CYL1_SEV060,CYL1_SEV060_W0042,42.0,46.99,CYLINDER,CYLINDER_1,0.6,0.4,True,10594109.158432579,True,0.6578861293990849,True,113.772964,True
CYL1_SEV060,CYL1_SEV060_W0043,43.0,47.99,CYLINDER,CYLINDER_1,0.6,0.4,True,10594040.623390984,True,0.6578861293990849,True,113.77104,True
CYL1_SEV060,CYL1_SEV060_W0044,44.0,48.99,CYLINDER,CYLINDER_1,0.6,0.4,True,10593984.975020932,True,0.6578861293990849,True,113.769485,True
CYL1_SEV060,CYL1_SEV060_W0045,45.0,49.99,CYLINDER,CYLINDER_1,0.6,0.4,True,10593939.765476227,True,0.6578861293990849,True,113.76817,True
CYL1_SEV060,CYL1_SEV060_W0046,46.0,50.99,CYLINDER,CYLINDER_1,0.6,0.4,True,10688781.96386951,True,0.6642864260267334,True,115.60795,True
CYL1_SEV060,CYL1_SEV060_W0047,47.0,51.99,CYLINDER,CYLINDER_1,0.6,0.4,True,10803662.347066054,True,0.6669715587130534,True,117.9321,True
CYL1_SEV060,CYL1_SEV060_W0048,48.0,52.99,CYLINDER,CYLINDER_1,0.6,0.4,True,10739447.063044684,True,0.6713679849211772,True,116.76447,True
CYL1_SEV060,CYL1_SEV060_W0049,49.0,53.99,CYLINDER,CYLINDER_1,0.6,0.4,True,10760303.22578077,True,0.6729949254393253,True,117.42315,True
CYL1_SEV060,CYL1_SEV060_W0050,50.0,54.99,CYLINDER,CYLINDER_1,0.6,0.4,True,10804339.336480416,True,0.6718294492224223,True,118.6066,True
CYL1_SEV060,CYL1_SEV060_W0051,51.0,55.99,CYLINDER,CYLINDER_1,0.6,0.4,True,10639426.59567583,True,0.6707462638207154,True,115.04399,True
CYL1_SEV060,CYL1_SEV060_W0052,52.0,56.99,CYLINDER,CYLINDER_1,0.6,0.4,True,10496086.929242354,True,0.6670486793959804,True,112.039055,True
CYL1_SEV060,CYL1_SEV060_W0053,53.0,57.99,CYLINDER,CYLINDER_1,0.6,0.4,True,10490296.465638654,True,0.6616886042819698,True,111.91204,True
CYL1_SEV060,CYL1_SEV060_W0054,54.0,58.99,CYLINDER,CYLINDER_1,0.6,0.4,True,10485811.502664668,True,0.6600889963800226,True,111.81272,True
CYL1_SEV060,CYL1_SEV060_W0055,55.0,59.99,CYLINDER,CYLINDER_1,0.6,0.4,True,10485151.132746043,True,0.6627571625062847,True,111.80041,True
CYL1_SEV080,CYL1_SEV080_W0000,0.0,4.99,CYLINDER,CYLINDER_1,0.8,0.1999999999999999,True,15556219.421318136,True,0.6780599060672575,True,243.24823,True
CYL1_SEV080,CYL1_SEV080_W0001,1.0,5.99,CYLINDER,CYLINDER_1,0.8,0.1999999999999999,True,15321318.524202604,True,0.6802516667174991,True,234.6962,True
CYL1_SEV080,CYL1_SEV080_W0002,2.0,6.99,CYLINDER,CYLINDER_1,0.8,0.1999999999999999,True,15037584.67559744,True,0.679154902239955,True,225.32587,True
CYL1_SEV080,CYL1_SEV080_W0003,3.0,7.99,CYLINDER,CYLINDER_1,0.8,0.1999999999999999,True,15060345.277590612,True,0.6874239359075541,True,226.49054,True
CYL1_SEV080,CYL1_SEV080_W0004,4.0,8.99,CYLINDER,CYLINDER_1,0.8,0.1999999999999999,True,15032884.898278363,True,0.6838605616580312,True,226.03044,True
CYL1_SEV080,CYL1_SEV080_W0005,5.0,9.99,CYLINDER,CYLINDER_1,0.8,0.1999999999999999,True,14872414.05308858,True,0.6800092920184948,True,221.07451,True
CYL1_SEV080,CYL1_SEV080_W0006,6.0,10.99,CYLINDER,CYLINDER_1,0.8,0.1999999999999999,True,16351941.869699229,True,0.6780599060672575,True,266.72214,True
CYL1_SEV080,CYL1_SEV080_W0007,7.0,11.99,CYLINDER,CYLINDER_1,0.8,0.1999999999999999,True,16858247.31846211,True,0.6726113501513528,True,285.64285,True
CYL1_SEV080,CYL1_SEV080_W0008,8.0,12.99,CYLINDER,CYLINDER_1,0.8,0.1999999999999999,True,16841469.003709096,True,0.6796217188732148,True,285.67026,True
CYL1_SEV080,CYL1_SEV080_W0009,9.0,13.99,CYLINDER,CYLINDER_1,0.8,0.1999999999999999,True,17081093.284694903,True,0.67291438385581,True,294.43027,True
CYL1_SEV080,CYL1_SEV080_W0010,10.0,14.99,CYLINDER,CYLINDER_1,0.8,0.1999999999999999,True,16926402.718746174,True,0.6734575080169646,True,289.14862,True
CYL1_SEV080,CYL1_SEV080_W0011,11.0,15.99,CYLINDER,CYLINDER_1,0.8,0.1999999999999999,True,16583011.011180326,True,0.670045156329175,True,278.60638,True
CYL1_SEV080,CYL1_SEV080_W0012,12.0,16.990000000000002,CYLINDER,CYLINDER_1,0.8,0.1999999999999999,True,14786692.992581584,True,0.6708265459004586,True,220.2738,True
CYL1_SEV080,CYL1_SEV080_W0013,13.0,17.990000000000002,CYLINDER,CYLINDER_1,0.8,0.1999999999999999,True,12315481.73607516,True,0.6685878452767476,True,153.50946,True
CYL1_SEV080,CYL1_SEV080_W0014,14.0,18.99,CYLINDER,CYLINDER_1,0.8,0.1999999999999999,True,11287220.813265486,True,0.660012680339281,True,129.72601,True
CYL1_SEV080,CYL1_SEV080_W0015,15.0,19.99,CYLINDER,CYLINDER_1,0.8,0.1999999999999999,True,11098807.791282376,True,0.6605453912486637,True,125.628914,True
CYL1_SEV080,CYL1_SEV080_W0016,16.0,20.99,CYLINDER,CYLINDER_1,0.8,0.1999999999999999,True,11057090.534676146,True,0.6525996800304451,True,124.66627,True
CYL1_SEV080,CYL1_SEV080_W0017,17.0,21.99,CYLINDER,CYLINDER_1,0.8,0.1999999999999999,True,11030470.517780641,True,0.6578861293990849,True,124.06194,True
CYL1_SEV080,CYL1_SEV080_W0018,18.0,22.99,CYLINDER,CYLINDER_1,0.8,0.1999999999999999,True,11009222.414882394,True,0.6552375733597019,True,123.58048,True
CYL1_SEV080,CYL1_SEV080_W0019,19.0,23.99,CYLINDER,CYLINDER_1,0.8,0.1999999999999999,True,10992028.289672118,True,0.6525996800304451,True,123.19077,True
CYL1_SEV080,CYL1_SEV080_W0020,20.0,24.99,CYLINDER,CYLINDER_1,0.8,0.1999999999999999,True,10978113.764913913,True,0.6552375733597019,True,122.87515,True
CYL1_SEV080,CYL1_SEV080_W0021,21.0,25.99,CYLINDER,CYLINDER_1,0.8,0.1999999999999999,True,11005024.196123747,True,0.6681286075592009,True,123.40114,True
CYL1_SEV080,CYL1_SEV080_W0022,22.0,26.99,CYLINDER,CYLINDER_1,0.8,0.1999999999999999,True,11069395.454702655,True,0.6681286075592009,True,124.50801,True
CYL1_SEV080,CYL1_SEV080_W0023,23.0,27.99,CYLINDER,CYLINDER_1,0.8,0.1999999999999999,True,11087980.13271949,True,0.6692075657185032,True,124.831276,True
CYL1_SEV080,CYL1_SEV080_W0024,24.0,28.99,CYLINDER,CYLINDER_1,0.8,0.1999999999999999,True,11105902.026604751,True,0.6670513889957568,True,125.148285,True
CYL1_SEV080,CYL1_SEV080_W0025,25.0,29.99,CYLINDER,CYLINDER_1,0.8,0.1999999999999999,True,11143455.523792418,True,0.6681286075592009,True,125.90124,True
CYL1_SEV080,CYL1_SEV080_W0026,26.0,30.99,CYLINDER,CYLINDER_1,0.8,0.1999999999999999,True,11054543.854772082,True,0.663215402182725,True,123.87457,True
CYL1_SEV080,CYL1_SEV080_W0027,27.0,31.99,CYLINDER,CYLINDER_1,0.8,0.1999999999999999,True,10892467.680930903,True,0.6610785321208662,True,120.228584,True
CYL1_SEV080,CYL1_SEV080_W0028,28.0,32.99,CYLINDER,CYLINDER_1,0.8,0.1999999999999999,True,10887043.612385033,True,0.6568254247036069,True,120.10674,True
CYL1_SEV080,CYL1_SEV080_W0029,29.0,33.99,CYLINDER,CYLINDER_1,0.8,0.1999999999999999,True,10882656.559419518,True,0.6568254247036069,True,120.0131,True
CYL1_SEV080,CYL1_SEV080_W0030,30.0,34.99,CYLINDER,CYLINDER_1,0.8,0.1999999999999999,True,10880625.731196482,True,0.6568254247036069,True,119.96583,True
CYL1_SEV080,CYL1_SEV080_W0031,31.0,35.99,CYLINDER,CYLINDER_1,0.8,0.1999999999999999,True,10879121.31476291,True,0.6541811389105504,True,119.93091,True
CYL1_SEV080,CYL1_SEV080_W0032,32.0,36.99,CYLINDER,CYLINDER_1,0.8,0.1999999999999999,True,10877914.36870304,True,0.6568254247036069,True,119.90269,True
CYL1_SEV080,CYL1_SEV080_W0033,33.0,37.99,CYLINDER,CYLINDER_1,0.8,0.1999999999999999,True,10876937.26168886,True,0.6568254247036069,True,119.87968,True
CYL1_SEV080,CYL1_SEV080_W0034,34.0,38.99,CYLINDER,CYLINDER_1,0.8,0.1999999999999999,True,10876146.08549757,True,0.6568254247036069,True,119.8609,True
CYL1_SEV080,CYL1_SEV080_W0035,35.0,39.99,CYLINDER,CYLINDER_1,0.8,0.1999999999999999,True,10875505.281532362,True,0.6568254247036069,True,119.8456,True
CYL1_SEV080,CYL1_SEV080_W0036,36.0,40.99,CYLINDER,CYLINDER_1,0.8,0.1999999999999999,True,10874986.122139407,True,0.6568254247036069,True,119.83305,True
CYL1_SEV080,CYL1_SEV080_W0037,37.0,41.99,CYLINDER,CYLINDER_1,0.8,0.1999999999999999,True,10874565.386911036,True,0.6568254247036069,True,119.8228,True
CYL1_SEV080,CYL1_SEV080_W0038,38.0,42.99,CYLINDER,CYLINDER_1,0.8,0.1999999999999999,True,10874224.817950448,True,0.6568254247036069,True,119.814384,True
CYL1_SEV080,CYL1_SEV080_W0039,39.0,43.99,CYLINDER,CYLINDER_1,0.8,0.1999999999999999,True,10873948.714883888,True,0.6568254247036069,True,119.807495,True
CYL1_SEV080,CYL1_SEV080_W0040,40.0,44.99,CYLINDER,CYLINDER_1,0.8,0.1999999999999999,True,10873724.641873116,True,0.6568254247036069,True,119.80183,True
CYL1_SEV080,CYL1_SEV080_W0041,41.0,45.99,CYLINDER,CYLINDER_1,0.8,0.1999999999999999,True,10873542.704795687,True,0.6568254247036069,True,119.79716,True
CYL1_SEV080,CYL1_SEV080_W0042,42.0,46.99,CYLINDER,CYLINDER_1,0.8,0.1999999999999999,True,10873394.90005073,True,0.6568254247036069,True,119.79333,True
CYL1_SEV080,CYL1_SEV080_W0043,43.0,47.99,CYLINDER,CYLINDER_1,0.8,0.1999999999999999,True,10873274.752466418,True,0.6568254247036069,True,119.79013,True
CYL1_SEV080,CYL1_SEV080_W0044,44.0,48.99,CYLINDER,CYLINDER_1,0.8,0.1999999999999999,True,10873177.022624817,True,0.6568254247036069,True,119.787506,True
CYL1_SEV080,CYL1_SEV080_W0045,45.0,49.99,CYLINDER,CYLINDER_1,0.8,0.1999999999999999,True,10873097.470296936,True,0.6568254247036069,True,119.78533,True
CYL1_SEV080,CYL1_SEV080_W0046,46.0,50.99,CYLINDER,CYLINDER_1,0.8,0.1999999999999999,True,10962971.980698727,True,0.6637506980801188,True,121.5854,True
CYL1_SEV080,CYL1_SEV080_W0047,47.0,51.99,CYLINDER,CYLINDER_1,0.8,0.1999999999999999,True,11002806.750930151,True,0.6669715587130534,True,122.26495,True
CYL1_SEV080,CYL1_SEV080_W0048,48.0,52.99,CYLINDER,CYLINDER_1,0.8,0.1999999999999999,True,10929887.480603183,True,0.6713679849211772,True,120.90282,True
CYL1_SEV080,CYL1_SEV080_W0049,49.0,53.99,CYLINDER,CYLINDER_1,0.8,0.1999999999999999,True,10942766.303923553,True,0.6729949254393253,True,121.52857,True
CYL1_SEV080,CYL1_SEV080_W0050,50.0,54.99,CYLINDER,CYLINDER_1,0.8,0.1999999999999999,True,10991237.534782033,True,0.6718294492224223,True,122.84845,True
CYL1_SEV080,CYL1_SEV080_W0051,51.0,55.99,CYLINDER,CYLINDER_1,0.8,0.1999999999999999,True,10814773.529241031,True,0.6707462638207154,True,118.80817,True
CYL1_SEV080,CYL1_SEV080_W0052,52.0,56.99,CYLINDER,CYLINDER_1,0.8,0.1999999999999999,True,10691372.772071192,True,0.6670486793959804,True,115.78178,True
CYL1_SEV080,CYL1_SEV080_W0053,53.0,57.99,CYLINDER,CYLINDER_1,0.8,0.1999999999999999,True,10663641.27779985,True,0.6622226678668303,True,115.2021,True
CYL1_SEV080,CYL1_SEV080_W0054,54.0,58.99,CYLINDER,CYLINDER_1,0.8,0.1999999999999999,True,10655743.893088788,True,0.6632920885482468,True,115.03241,True
CYL1_SEV080,CYL1_SEV080_W0055,55.0,59.99,CYLINDER,CYLINDER_1,0.8,0.1999999999999999,True,10654809.950966263,True,0.6654361137092808,True,115.01376,True
CYL3_SEV040,CYL3_SEV040_W0000,0.0,4.99,CYLINDER,CYLINDER_3,0.4,0.6,True,14083535.682450546,True,0.6764207211444406,True,199.23587,True
CYL3_SEV040,CYL3_SEV040_W0001,1.0,5.99,CYLINDER,CYLINDER_3,0.4,0.6,True,14113433.6360148,True,0.6819001352533504,True,200.20975,True
CYL3_SEV040,CYL3_SEV040_W0002,2.0,6.99,CYLINDER,CYLINDER_3,0.4,0.6,True,13915120.596717946,True,0.6819001352533504,True,193.54893,True
CYL3_SEV040,CYL3_SEV040_W0003,3.0,7.99,CYLINDER,CYLINDER_3,0.4,0.6,True,13900684.099568024,True,0.6795422091700953,True,193.1893,True
CYL3_SEV040,CYL3_SEV040_W0004,4.0,8.99,CYLINDER,CYLINDER_3,0.4,0.6,True,13674944.387351966,True,0.6761797114171455,True,187.38316,True
CYL3_SEV040,CYL3_SEV040_W0005,5.0,9.99,CYLINDER,CYLINDER_3,0.4,0.6,True,13817528.095323281,True,0.6862334718818305,True,191.03085,True
CYL3_SEV040,CYL3_SEV040_W0006,6.0,10.99,CYLINDER,CYLINDER_3,0.4,0.6,True,15367354.669521976,True,0.6764207211444406,True,235.67076,True
CYL3_SEV040,CYL3_SEV040_W0007,7.0,11.99,CYLINDER,CYLINDER_3,0.4,0.6,True,16298653.951028727,True,0.6780599060672575,True,267.21652,True
CYL3_SEV040,CYL3_SEV040_W0008,8.0,12.99,CYLINDER,CYLINDER_3,0.4,0.6,True,16308245.401508864,True,0.6768856584402922,True,267.77484,True
CYL3_SEV040,CYL3_SEV040_W0009,9.0,13.99,CYLINDER,CYLINDER_3,0.4,0.6,True,16275136.644091316,True,0.6740010705457057,True,266.5548,True
CYL3_SEV040,CYL3_SEV040_W0010,10.0,14.99,CYLINDER,CYLINDER_3,0.4,0.6,True,16244154.186900964,True,0.6723716977087112,True,265.508,True
CYL3_SEV040,CYL3_SEV040_W0011,11.0,15.99,CYLINDER,CYLINDER_3,0.4,0.6,True,16130882.240066042,True,0.6707462638207154,True,263.2773,True
CYL3_SEV040,CYL3_SEV040_W0012,12.0,16.990000000000002,CYLINDER,CYLINDER_3,0.4,0.6,True,14621278.88223024,True,0.6659732019923241,True,213.56361,True
CYL3_SEV040,CYL3_SEV040_W0013,13.0,17.990000000000002,CYLINDER,CYLINDER_3,0.4,0.6,True,12111448.02491616,True,0.6691274773924164,True,148.1658,True
CYL3_SEV040,CYL3_SEV040_W0014,14.0,18.99,CYLINDER,CYLINDER_3,0.4,0.6,True,10344345.446387606,True,0.663215402182725,True,109.44353,True
CYL3_SEV040,CYL3_SEV040_W0015,15.0,19.99,CYLINDER,CYLINDER_3,0.4,0.6,True,10148913.226156084,True,0.663215402182725,True,105.35982,True
CYL3_SEV040,CYL3_SEV040_W0016,16.0,20.99,CYLINDER,CYLINDER_3,0.4,0.6,True,10133756.146851126,True,0.6605453912486637,True,105.02652,True
CYL3_SEV040,CYL3_SEV040_W0017,17.0,21.99,CYLINDER,CYLINDER_3,0.4,0.6,True,10127726.75206696,True,0.6578861293990849,True,104.89122,True
CYL3_SEV040,CYL3_SEV040_W0018,18.0,22.99,CYLINDER,CYLINDER_3,0.4,0.6,True,10122934.05621073,True,0.660012680339281,True,104.78213,True
CYL3_SEV040,CYL3_SEV040_W0019,19.0,23.99,CYLINDER,CYLINDER_3,0.4,0.6,True,10119072.73115641,True,0.6605453912486637,True,104.69313,True
CYL3_SEV040,CYL3_SEV040_W0020,20.0,24.99,CYLINDER,CYLINDER_3,0.4,0.6,True,10115952.656707723,True,0.6578861293990849,True,104.6203,True
CYL3_SEV040,CYL3_SEV040_W0021,21.0,25.99,CYLINDER,CYLINDER_3,0.4,0.6,True,10229827.139137616,True,0.6702882662829298,True,106.85143,True
CYL3_SEV040,CYL3_SEV040_W0022,22.0,26.99,CYLINDER,CYLINDER_3,0.4,0.6,True,10231520.046562668,True,0.6729171172825003,True,106.84988,True
CYL3_SEV040,CYL3_SEV040_W0023,23.0,27.99,CYLINDER,CYLINDER_3,0.4,0.6,True,10228438.90894762,True,0.67183217824203,True,106.76618,True
CYL3_SEV040,CYL3_SEV040_W0024,24.0,28.99,CYLINDER,CYLINDER_3,0.4,0.6,True,10225051.960299844,True,0.6702080486225324,True,106.876144,True
CYL3_SEV040,CYL3_SEV040_W0025,25.0,29.99,CYLINDER,CYLINDER_3,0.4,0.6,True,10217013.659753876,True,0.67183217824203,True,106.70583,True
CYL3_SEV040,CYL3_SEV040_W0026,26.0,30.99,CYLINDER,CYLINDER_3,0.4,0.6,True,10197031.0722594,True,0.6685878452767476,True,106.26011,True
CYL3_SEV040,CYL3_SEV040_W0027,27.0,31.99,CYLINDER,CYLINDER_3,0.4,0.6,True,10048784.43542248,True,0.666433665283954,True,103.08089,True
CYL3_SEV040,CYL3_SEV040_W0028,28.0,32.99,CYLINDER,CYLINDER_3,0.4,0.6,True,10042386.0518821,True,0.6616121033029206,True,102.9563,True
CYL3_SEV040,CYL3_SEV040_W0029,29.0,33.99,CYLINDER,CYLINDER_3,0.4,0.6,True,10040791.926620664,True,0.666433665283954,True,102.92413,True
CYL3_SEV040,CYL3_SEV040_W0030,30.0,34.99,CYLINDER,CYLINDER_3,0.4,0.6,True,10040246.390332771,True,0.6616121033029206,True,102.909874,True
CYL3_SEV040,CYL3_SEV040_W0031,31.0,35.99,CYLINDER,CYLINDER_3,0.4,0.6,True,10039906.59114966,True,0.666433665283954,True,102.90036,True
CYL3_SEV040,CYL3_SEV040_W0032,32.0,36.99,CYLINDER,CYLINDER_3,0.4,0.6,True,10039637.369784836,True,0.6616121033029206,True,102.89248,True
CYL3_SEV040,CYL3_SEV040_W0033,33.0,37.99,CYLINDER,CYLINDER_3,0.4,0.6,True,10039421.080063166,True,0.6637506980801188,True,102.885925,True
CYL3_SEV040,CYL3_SEV040_W0034,34.0,38.99,CYLINDER,CYLINDER_3,0.4,0.6,True,10039246.116589217,True,0.6642864260267334,True,102.88043,True
CYL3_SEV040,CYL3_SEV040_W0035,35.0,39.99,CYLINDER,CYLINDER_3,0.4,0.6,True,10039104.577273054,True,0.6637506980801188,True,102.8758,True
CYL3_SEV040,CYL3_SEV040_W0036,36.0,40.99,CYLINDER,CYLINDER_3,0.4,0.6,True,10038990.051765075,True,0.6637506980801188,True,102.8719,True
CYL3_SEV040,CYL3_SEV040_W0037,37.0,41.99,CYLINDER,CYLINDER_3,0.4,0.6,True,10038897.367536802,True,0.6637506980801188,True,102.868614,True
CYL3_SEV040,CYL3_SEV040_W0038,38.0,42.99,CYLINDER,CYLINDER_3,0.4,0.6,True,10038822.344124753,True,0.6637506980801188,True,102.86584,True
CYL3_SEV040,CYL3_SEV040_W0039,39.0,43.99,CYLINDER,CYLINDER_3,0.4,0.6,True,10038761.602724126,True,0.6637506980801188,True,102.863434,True
CYL3_SEV040,CYL3_SEV040_W0040,40.0,44.99,CYLINDER,CYLINDER_3,0.4,0.6,True,10038712.412313964,True,0.6637506980801188,True,102.86142,True
CYL3_SEV040,CYL3_SEV040_W0041,41.0,45.99,CYLINDER,CYLINDER_3,0.4,0.6,True,10038672.565332564,True,0.6637506980801188,True,102.85968,True
CYL3_SEV040,CYL3_SEV040_W0042,42.0,46.99,CYLINDER,CYLINDER_3,0.4,0.6,True,10038640.277147865,True,0.6637506980801188,True,102.8582,True
CYL3_SEV040,CYL3_SEV040_W0043,43.0,47.99,CYLINDER,CYLINDER_3,0.4,0.6,True,10038614.10510745,True,0.6637506980801188,True,102.85692,True
CYL3_SEV040,CYL3_SEV040_W0044,44.0,48.99,CYLINDER,CYLINDER_3,0.4,0.6,True,10038592.882773811,True,0.6637506980801188,True,102.85582,True
CYL3_SEV040,CYL3_SEV040_W0045,45.0,49.99,CYLINDER,CYLINDER_3,0.4,0.6,True,10038575.666967941,True,0.6637506980801188,True,102.85485,True
CYL3_SEV040,CYL3_SEV040_W0046,46.0,50.99,CYLINDER,CYLINDER_3,0.4,0.6,True,10211941.31229888,True,0.6691274773924164,True,106.16289,True
CYL3_SEV040,CYL3_SEV040_W0047,47.0,51.99,CYLINDER,CYLINDER_3,0.4,0.6,True,10292804.706097402,True,0.6685878452767476,True,107.68054,True
CYL3_SEV040,CYL3_SEV040_W0048,48.0,52.99,CYLINDER,CYLINDER_3,0.4,0.6,True,10245246.305133015,True,0.6729949254393253,True,106.761536,True
CYL3_SEV040,CYL3_SEV040_W0049,49.0,53.99,CYLINDER,CYLINDER_3,0.4,0.6,True,10258223.991335077,True,0.6746258085575213,True,107.13164,True
CYL3_SEV040,CYL3_SEV040_W0050,50.0,54.99,CYLINDER,CYLINDER_3,0.4,0.6,True,10298240.571775045,True,0.6713679849211772,True,108.09312,True
CYL3_SEV040,CYL3_SEV040_W0051,51.0,55.99,CYLINDER,CYLINDER_3,0.4,0.6,True,10143812.46617814,True,0.6702855435347783,True,104.99684,True
CYL3_SEV040,CYL3_SEV040_W0052,52.0,56.99,CYLINDER,CYLINDER_3,0.4,0.6,True,10029969.976039836,True,0.6713679849211772,True,102.79927,True
CYL3_SEV040,CYL3_SEV040_W0053,53.0,57.99,CYLINDER,CYLINDER_3,0.4,0.6,True,10022461.91332217,True,0.6697449774719865,True,102.64249,True
CYL3_SEV040,CYL3_SEV040_W0054,54.0,58.99,CYLINDER,CYLINDER_3,0.4,0.6,True,10022732.028922966,True,0.6665107237712626,True,102.65225,True
CYL3_SEV040,CYL3_SEV040_W0055,55.0,59.99,CYLINDER,CYLINDER_3,0.4,0.6,True,10022512.072253006,True,0.6665107237712626,True,102.64961,True
CYL3_SEV060,CYL3_SEV060_W0000,0.0,4.99,CYLINDER,CYLINDER_3,0.6,0.4,True,15016334.776102878,True,0.6780599060672575,True,226.43465,True
CYL3_SEV060,CYL3_SEV060_W0001,1.0,5.99,CYLINDER,CYLINDER_3,0.6,0.4,True,14936551.769885797,True,0.6813502023555181,True,223.21217,True
CYL3_SEV060,CYL3_SEV060_W0002,2.0,6.99,CYLINDER,CYLINDER_3,0.6,0.4,True,14621337.209127737,True,0.6808007129627924,True,213.16075,True
CYL3_SEV060,CYL3_SEV060_W0003,3.0,7.99,CYLINDER,CYLINDER_3,0.6,0.4,True,14446819.12509638,True,0.6797030632622524,True,208.42378,True
CYL3_SEV060,CYL3_SEV060_W0004,4.0,8.99,CYLINDER,CYLINDER_3,0.6,0.4,True,14578029.724027606,True,0.6811889584621701,True,211.85062,True
CYL3_SEV060,CYL3_SEV060_W0005,5.0,9.99,CYLINDER,CYLINDER_3,0.6,0.4,True,14489861.47645804,True,0.678912918319795,True,210.16562,True
CYL3_SEV060,CYL3_SEV060_W0006,6.0,10.99,CYLINDER,CYLINDER_3,0.6,0.4,True,15814304.827075021,True,0.6797030632622524,True,249.01494,True
CYL3_SEV060,CYL3_SEV060_W0007,7.0,11.99,CYLINDER,CYLINDER_3,0.6,0.4,True,16684295.333643427,True,0.6769666753483826,True,279.8866,True
CYL3_SEV060,CYL3_SEV060_W0008,8.0,12.99,CYLINDER,CYLINDER_3,0.6,0.4,True,16649693.389354674,True,0.6718294492224223,True,279.36285,True
CYL3_SEV060,CYL3_SEV060_W0009,9.0,13.99,CYLINDER,CYLINDER_3,0.6,0.4,True,16667925.51123741,True,0.6723716977087112,True,279.93927,True
CYL3_SEV060,CYL3_SEV060_W0010,10.0,14.99,CYLINDER,CYLINDER_3,0.6,0.4,True,16559184.999763915,True,0.6712876380439825,True,275.87402,True
CYL3_SEV060,CYL3_SEV060_W0011,11.0,15.99,CYLINDER,CYLINDER_3,0.6,0.4,True,16330595.44345885,True,0.6691247593594538,True,269.63837,True
CYL3_SEV060,CYL3_SEV060_W0012,12.0,16.990000000000002,CYLINDER,CYLINDER_3,0.6,0.4,True,15011220.499233734,True,0.6686651528478891,True,225.68134,True
CYL3_SEV060,CYL3_SEV060_W0013,13.0,17.990000000000002,CYLINDER,CYLINDER_3,0.6,0.4,True,12178345.352050846,True,0.6696675450571642,True,150.2903,True
CYL3_SEV060,CYL3_SEV060_W0014,14.0,18.99,CYLINDER,CYLINDER_3,0.6,0.4,True,10546052.28636784,True,0.6702855435347783,True,113.25025,True
CYL3_SEV060,CYL3_SEV060_W0015,15.0,19.99,CYLINDER,CYLINDER_3,0.6,0.4,True,10499680.049028888,True,0.6665107237712626,True,112.23753,True
CYL3_SEV060,CYL3_SEV060_W0016,16.0,20.99,CYLINDER,CYLINDER_3,0.6,0.4,True,10484976.91386425,True,0.6735381146073827,True,111.92153,True
CYL3_SEV060,CYL3_SEV060_W0017,17.0,21.99,CYLINDER,CYLINDER_3,0.6,0.4,True,10474623.331203032,True,0.6692048473602173,True,111.6922,True
CYL3_SEV060,CYL3_SEV060_W0018,18.0,22.99,CYLINDER,CYLINDER_3,0.6,0.4,True,10466257.413154854,True,0.6670486793959804,True,111.50644,True
CYL3_SEV060,CYL3_SEV060_W0019,19.0,23.99,CYLINDER,CYLINDER_3,0.6,0.4,True,10459524.420940954,True,0.6686651528478891,True,111.35614,True
CYL3_SEV060,CYL3_SEV060_W0020,20.0,24.99,CYLINDER,CYLINDER_3,0.6,0.4,True,10454085.64183814,True,0.6708265459004586,True,111.23437,True
CYL3_SEV060,CYL3_SEV060_W0021,21.0,25.99,CYLINDER,CYLINDER_3,0.6,0.4,True,10554290.037749816,True,0.6746258085575213,True,113.31934,True
CYL3_SEV060,CYL3_SEV060_W0022,22.0,26.99,CYLINDER,CYLINDER_3,0.6,0.4,True,10544854.207438804,True,0.6708265459004586,True,112.985634,True
CYL3_SEV060,CYL3_SEV060_W0023,23.0,27.99,CYLINDER,CYLINDER_3,0.6,0.4,True,10607547.672395132,True,0.6708265459004586,True,114.33246,True
CYL3_SEV060,CYL3_SEV060_W0024,24.0,28.99,CYLINDER,CYLINDER_3,0.6,0.4,True,10632839.62648624,True,0.6719098609493681,True,114.82725,True
CYL3_SEV060,CYL3_SEV060_W0025,25.0,29.99,CYLINDER,CYLINDER_3,0.6,0.4,True,10645747.125870489,True,0.6702855435347783,True,115.04364,True
CYL3_SEV060,CYL3_SEV060_W0026,26.0,30.99,CYLINDER,CYLINDER_3,0.6,0.4,True,10575558.760255918,True,0.6675870692166441,True,113.38602,True
CYL3_SEV060,CYL3_SEV060_W0027,27.0,31.99,CYLINDER,CYLINDER_3,0.6,0.4,True,10354159.947003657,True,0.6702855435347783,True,108.58819,True
CYL3_SEV060,CYL3_SEV060_W0028,28.0,32.99,CYLINDER,CYLINDER_3,0.6,0.4,True,10351400.870911933,True,0.6719098609493681,True,108.53315,True
CYL3_SEV060,CYL3_SEV060_W0029,29.0,33.99,CYLINDER,CYLINDER_3,0.6,0.4,True,10348457.70414138,True,0.6713679849211772,True,108.474014,True
CYL3_SEV060,CYL3_SEV060_W0030,30.0,34.99,CYLINDER,CYLINDER_3,0.6,0.4,True,10347565.843512958,True,0.6675870692166441,True,108.4531,True
CYL3_SEV060,CYL3_SEV060_W0031,31.0,35.99,CYLINDER,CYLINDER_3,0.6,0.4,True,10346960.201767743,True,0.6713679849211772,True,108.4386,True
CYL3_SEV060,CYL3_SEV060_W0032,32.0,36.99,CYLINDER,CYLINDER_3,0.6,0.4,True,10346488.29637926,True,0.6675870692166441,True,108.42699,True
CYL3_SEV060,CYL3_SEV060_W0033,33.0,37.99,CYLINDER,CYLINDER_3,0.6,0.4,True,10346106.990590777,True,0.6675870692166441,True,108.417496,True
CYL3_SEV060,CYL3_SEV060_W0034,34.0,38.99,CYLINDER,CYLINDER_3,0.6,0.4,True,10345798.294326358,True,0.6713679849211772,True,108.40963,True
CYL3_SEV060,CYL3_SEV060_W0035,35.0,39.99,CYLINDER,CYLINDER_3,0.6,0.4,True,10345548.307670692,True,0.6675870692166441,True,108.403145,True
CYL3_SEV060,CYL3_SEV060_W0036,36.0,40.99,CYLINDER,CYLINDER_3,0.6,0.4,True,10345345.806928793,True,0.6713679849211772,True,108.39774,True
CYL3_SEV060,CYL3_SEV060_W0037,37.0,41.99,CYLINDER,CYLINDER_3,0.6,0.4,True,10345181.7231401,True,0.6692048473602173,True,108.39329,True
CYL3_SEV060,CYL3_SEV060_W0038,38.0,42.99,CYLINDER,CYLINDER_3,0.6,0.4,True,10345048.724068254,True,0.6692048473602173,True,108.38958,True
CYL3_SEV060,CYL3_SEV060_W0039,39.0,43.99,CYLINDER,CYLINDER_3,0.6,0.4,True,10344940.881382592,True,0.6692048473602173,True,108.38651,True
CYL3_SEV060,CYL3_SEV060_W0040,40.0,44.99,CYLINDER,CYLINDER_3,0.6,0.4,True,10344853.401363892,True,0.6692048473602173,True,108.38392,True
CYL3_SEV060,CYL3_SEV060_W0041,41.0,45.99,CYLINDER,CYLINDER_3,0.6,0.4,True,10344782.407370245,True,0.6692048473602173,True,108.38176,True
CYL3_SEV060,CYL3_SEV060_W0042,42.0,46.99,CYLINDER,CYLINDER_3,0.6,0.4,True,10344724.764041016,True,0.6692048473602173,True,108.37994,True
CYL3_SEV060,CYL3_SEV060_W0043,43.0,47.99,CYLINDER,CYLINDER_3,0.6,0.4,True,10344677.935229434,True,0.6692048473602173,True,108.378426,True
CYL3_SEV060,CYL3_SEV060_W0044,44.0,48.99,CYLINDER,CYLINDER_3,0.6,0.4,True,10344639.869191516,True,0.6692048473602173,True,108.37713,True
CYL3_SEV060,CYL3_SEV060_W0045,45.0,49.99,CYLINDER,CYLINDER_3,0.6,0.4,True,10344608.90580111,True,0.6692048473602173,True,108.376045,True
CYL3_SEV060,CYL3_SEV060_W0046,46.0,50.99,CYLINDER,CYLINDER_3,0.6,0.4,True,10526158.824688992,True,0.6675870692166441,True,112.08436,True
CYL3_SEV060,CYL3_SEV060_W0047,47.0,51.99,CYLINDER,CYLINDER_3,0.6,0.4,True,10627059.167426117,True,0.6675870692166441,True,114.08406,True
CYL3_SEV060,CYL3_SEV060_W0048,48.0,52.99,CYLINDER,CYLINDER_3,0.6,0.4,True,10559246.836471088,True,0.6675870692166441,True,112.664055,True
CYL3_SEV060,CYL3_SEV060_W0049,49.0,53.99,CYLINDER,CYLINDER_3,0.6,0.4,True,10575847.83343103,True,0.6670486793959804,True,113.124275,True
CYL3_SEV060,CYL3_SEV060_W0050,50.0,54.99,CYLINDER,CYLINDER_3,0.6,0.4,True,10522304.128991913,True,0.6675071748256814,True,112.11046,True
CYL3_SEV060,CYL3_SEV060_W0051,51.0,55.99,CYLINDER,CYLINDER_3,0.6,0.4,True,10472871.020377548,True,0.6702053262002294,True,111.23958,True
CYL3_SEV060,CYL3_SEV060_W0052,52.0,56.99,CYLINDER,CYLINDER_3,0.6,0.4,True,10334004.38884643,True,0.668125893583703,True,108.492836,True
CYL3_SEV060,CYL3_SEV060_W0053,53.0,57.99,CYLINDER,CYLINDER_3,0.6,0.4,True,10331154.587936688,True,0.6648994585725306,True,108.4321,True
CYL3_SEV060,CYL3_SEV060_W0054,54.0,58.99,CYLINDER,CYLINDER_3,0.6,0.4,True,10321210.310093414,True,0.6654361137092808,True,108.23558,True
CYL3_SEV060,CYL3_SEV060_W0055,55.0,59.99,CYLINDER,CYLINDER_3,0.6,0.4,True,10320247.305110807,True,0.6670486793959804,True,108.21784,True
CYL3_SEV080,CYL3_SEV080_W0000,0.0,4.99,CYLINDER,CYLINDER_3,0.8,0.1999999999999999,True,15477382.245443814,True,0.6731542297272666,True,240.28658,True
CYL3_SEV080,CYL3_SEV080_W0001,1.0,5.99,CYLINDER,CYLINDER_3,0.8,0.1999999999999999,True,15479704.793277133,True,0.6813502023555181,True,239.41171,True
CYL3_SEV080,CYL3_SEV080_W0002,2.0,6.99,CYLINDER,CYLINDER_3,0.8,0.1999999999999999,True,15081680.522880068,True,0.6813502023555181,True,226.05212,True
CYL3_SEV080,CYL3_SEV080_W0003,3.0,7.99,CYLINDER,CYLINDER_3,0.8,0.1999999999999999,True,14824375.381700741,True,0.6862334718818305,True,219.38573,True
CYL3_SEV080,CYL3_SEV080_W0004,4.0,8.99,CYLINDER,CYLINDER_3,0.8,0.1999999999999999,True,14849368.630205628,True,0.6740010705457057,True,219.944,True
CYL3_SEV080,CYL3_SEV080_W0005,5.0,9.99,CYLINDER,CYLINDER_3,0.8,0.1999999999999999,True,14986910.444699058,True,0.6801702566735964,True,224.2825,True
CYL3_SEV080,CYL3_SEV080_W0006,6.0,10.99,CYLINDER,CYLINDER_3,0.8,0.1999999999999999,True,16264329.231948834,True,0.6780599060672575,True,263.41507,True
CYL3_SEV080,CYL3_SEV080_W0007,7.0,11.99,CYLINDER,CYLINDER_3,0.8,0.1999999999999999,True,17061062.836573165,True,0.6802516667174991,True,292.32745,True
CYL3_SEV080,CYL3_SEV080_W0008,8.0,12.99,CYLINDER,CYLINDER_3,0.8,0.1999999999999999,True,16968070.839904603,True,0.6801702566735964,True,289.8466,True
CYL3_SEV080,CYL3_SEV080_W0009,9.0,13.99,CYLINDER,CYLINDER_3,0.8,0.1999999999999999,True,17054393.478304997,True,0.6723716977087112,True,292.92682,True
CYL3_SEV080,CYL3_SEV080_W0010,10.0,14.99,CYLINDER,CYLINDER_3,0.8,0.1999999999999999,True,16894082.42134491,True,0.6740010705457057,True,287.13327,True
CYL3_SEV080,CYL3_SEV080_W0011,11.0,15.99,CYLINDER,CYLINDER_3,0.8,0.1999999999999999,True,16701371.649754478,True,0.6685851294358006,True,281.73987,True
CYL3_SEV080,CYL3_SEV080_W0012,12.0,16.990000000000002,CYLINDER,CYLINDER_3,0.8,0.1999999999999999,True,15566224.428477865,True,0.6659732019923241,True,242.06746,True
CYL3_SEV080,CYL3_SEV080_W0013,13.0,17.990000000000002,CYLINDER,CYLINDER_3,0.8,0.1999999999999999,True,12947830.291187715,True,0.6626805379861168,True,169.17,True
CYL3_SEV080,CYL3_SEV080_W0014,14.0,18.99,CYLINDER,CYLINDER_3,0.8,0.1999999999999999,True,11258821.952267542,True,0.659480399045965,True,129.67967,True
CYL3_SEV080,CYL3_SEV080_W0015,15.0,19.99,CYLINDER,CYLINDER_3,0.8,0.1999999999999999,True,11136917.163467916,True,0.659480399045965,True,126.84173,True
CYL3_SEV080,CYL3_SEV080_W0016,16.0,20.99,CYLINDER,CYLINDER_3,0.8,0.1999999999999999,True,11092136.542666337,True,0.660012680339281,True,125.83216,True
CYL3_SEV080,CYL3_SEV080_W0017,17.0,21.99,CYLINDER,CYLINDER_3,0.8,0.1999999999999999,True,11058621.463480577,True,0.6573555631080991,True,125.06328,True
CYL3_SEV080,CYL3_SEV080_W0018,18.0,22.99,CYLINDER,CYLINDER_3,0.8,0.1999999999999999,True,11031978.913285399,True,0.6547091430531844,True,124.45165,True
CYL3_SEV080,CYL3_SEV080_W0019,19.0,23.99,CYLINDER,CYLINDER_3,0.8,0.1999999999999999,True,11010454.717987586,True,0.660012680339281,True,123.95691,True
CYL3_SEV080,CYL3_SEV080_W0020,20.0,24.99,CYLINDER,CYLINDER_3,0.8,0.1999999999999999,True,10993030.712671885,True,0.6547091430531844,True,123.55556,True
CYL3_SEV080,CYL3_SEV080_W0021,21.0,25.99,CYLINDER,CYLINDER_3,0.8,0.1999999999999999,True,11017006.003576133,True,0.6702882662829298,True,124.0204,True
CYL3_SEV080,CYL3_SEV080_W0022,22.0,26.99,CYLINDER,CYLINDER_3,0.8,0.1999999999999999,True,11079031.899017343,True,0.6702882662829298,True,125.15177,True
CYL3_SEV080,CYL3_SEV080_W0023,23.0,27.99,CYLINDER,CYLINDER_3,0.8,0.1999999999999999,True,11095804.517795354,True,0.6702882662829298,True,125.367065,True
CYL3_SEV080,CYL3_SEV080_W0024,24.0,28.99,CYLINDER,CYLINDER_3,0.8,0.1999999999999999,True,11112351.157936709,True,0.6681286075592009,True,125.58189,True
CYL3_SEV080,CYL3_SEV080_W0025,25.0,29.99,CYLINDER,CYLINDER_3,0.8,0.1999999999999999,True,11148932.05072313,True,0.6697476980243197,True,126.24194,True
CYL3_SEV080,CYL3_SEV080_W0026,26.0,30.99,CYLINDER,CYLINDER_3,0.8,0.1999999999999999,True,11059050.555309227,True,0.6648225863712853,True,124.182045,True
CYL3_SEV080,CYL3_SEV080_W0027,27.0,31.99,CYLINDER,CYLINDER_3,0.8,0.1999999999999999,True,10896196.911250275,True,0.6626805379861168,True,120.47688,True
CYL3_SEV080,CYL3_SEV080_W0028,28.0,32.99,CYLINDER,CYLINDER_3,0.8,0.1999999999999999,True,10890062.910809426,True,0.6584171239219209,True,120.337135,True
CYL3_SEV080,CYL3_SEV080_W0029,29.0,33.99,CYLINDER,CYLINDER_3,0.8,0.1999999999999999,True,10885101.515597936,True,0.6584171239219209,True,120.23019,True
CYL3_SEV080,CYL3_SEV080_W0030,30.0,34.99,CYLINDER,CYLINDER_3,0.8,0.1999999999999999,True,10882605.735524606,True,0.6584171239219209,True,120.170525,True
CYL3_SEV080,CYL3_SEV080_W0031,31.0,35.99,CYLINDER,CYLINDER_3,0.8,0.1999999999999999,True,10880725.266207326,True,0.6557664301740692,True,120.12533,True
CYL3_SEV080,CYL3_SEV080_W0032,32.0,36.99,CYLINDER,CYLINDER_3,0.8,0.1999999999999999,True,10879214.185118048,True,0.6584171239219209,True,120.088524,True
CYL3_SEV080,CYL3_SEV080_W0033,33.0,37.99,CYLINDER,CYLINDER_3,0.8,0.1999999999999999,True,10877991.097230297,True,0.6584171239219209,True,120.05842,True
CYL3_SEV080,CYL3_SEV080_W0034,34.0,38.99,CYLINDER,CYLINDER_3,0.8,0.1999999999999999,True,10877000.961333029,True,0.6584171239219209,True,120.03373,True
CYL3_SEV080,CYL3_SEV080_W0035,35.0,39.99,CYLINDER,CYLINDER_3,0.8,0.1999999999999999,True,10876199.214854078,True,0.6584171239219209,True,120.01347,True
CYL3_SEV080,CYL3_SEV080_W0036,36.0,40.99,CYLINDER,CYLINDER_3,0.8,0.1999999999999999,True,10875549.85195274,True,0.6584171239219209,True,119.996826,True
CYL3_SEV080,CYL3_SEV080_W0037,37.0,41.99,CYLINDER,CYLINDER_3,0.8,0.1999999999999999,True,10875023.767534995,True,0.6584171239219209,True,119.98312,True
CYL3_SEV080,CYL3_SEV080_W0038,38.0,42.99,CYLINDER,CYLINDER_3,0.8,0.1999999999999999,True,10874597.428769346,True,0.6584171239219209,True,119.97185,True
CYL3_SEV080,CYL3_SEV080_W0039,39.0,43.99,CYLINDER,CYLINDER_3,0.8,0.1999999999999999,True,10874252.333608042,True,0.6584171239219209,True,119.962494,True
CYL3_SEV080,CYL3_SEV080_W0040,40.0,44.99,CYLINDER,CYLINDER_3,0.8,0.1999999999999999,True,10873972.56203467,True,0.6584171239219209,True,119.954796,True
CYL3_SEV080,CYL3_SEV080_W0041,41.0,45.99,CYLINDER,CYLINDER_3,0.8,0.1999999999999999,True,10873745.518502582,True,0.6584171239219209,True,119.948395,True
CYL3_SEV080,CYL3_SEV080_W0042,42.0,46.99,CYLINDER,CYLINDER_3,0.8,0.1999999999999999,True,10873561.175486658,True,0.6584171239219209,True,119.94308,True
CYL3_SEV080,CYL3_SEV080_W0043,43.0,47.99,CYLINDER,CYLINDER_3,0.8,0.1999999999999999,True,10873411.421536282,True,0.6584171239219209,True,119.93865,True
CYL3_SEV080,CYL3_SEV080_W0044,44.0,48.99,CYLINDER,CYLINDER_3,0.8,0.1999999999999999,True,10873289.694284355,True,0.6584171239219209,True,119.93495,True
CYL3_SEV080,CYL3_SEV080_W0045,45.0,49.99,CYLINDER,CYLINDER_3,0.8,0.1999999999999999,True,10873190.68381241,True,0.6584171239219209,True,119.93185,True
CYL3_SEV080,CYL3_SEV080_W0046,46.0,50.99,CYLINDER,CYLINDER_3,0.8,0.1999999999999999,True,10963048.405767687,True,0.6648225863712853,True,121.76587,True
CYL3_SEV080,CYL3_SEV080_W0047,47.0,51.99,CYLINDER,CYLINDER_3,0.8,0.1999999999999999,True,11002870.67564596,True,0.6675098862878992,True,122.42382,True
CYL3_SEV080,CYL3_SEV080_W0048,48.0,52.99,CYLINDER,CYLINDER_3,0.8,0.1999999999999999,True,10929943.184936233,True,0.6719098609493681,True,121.0329,True
CYL3_SEV080,CYL3_SEV080_W0049,49.0,53.99,CYLINDER,CYLINDER_3,0.8,0.1999999999999999,True,10942815.772523718,True,0.6735381146073827,True,121.735306,True
CYL3_SEV080,CYL3_SEV080_W0050,50.0,54.99,CYLINDER,CYLINDER_3,0.8,0.1999999999999999,True,10991282.24384882,True,0.67291438385581,True,123.075264,True
CYL3_SEV080,CYL3_SEV080_W0051,51.0,55.99,CYLINDER,CYLINDER_3,0.8,0.1999999999999999,True,10814812.90197743,True,0.6718294492224223,True,118.99978,True
CYL3_SEV080,CYL3_SEV080_W0052,52.0,56.99,CYLINDER,CYLINDER_3,0.8,0.1999999999999999,True,10691407.089696959,True,0.6686651528478891,True,115.99673,True
CYL3_SEV080,CYL3_SEV080_W0053,53.0,57.99,CYLINDER,CYLINDER_3,0.8,0.1999999999999999,True,10663671.0826521,True,0.6638274463409112,True,115.42095,True
CYL3_SEV080,CYL3_SEV080_W0054,54.0,58.99,CYLINDER,CYLINDER_3,0.8,0.1999999999999999,True,10655769.913634012,True,0.6648994585725306,True,115.25981,True
CYL3_SEV080,CYL3_SEV080_W0055,55.0,59.99,CYLINDER,CYLINDER_3,0.8,0.1999999999999999,True,10654832.822403384,True,0.6670486793959804,True,115.24184,True
LUBRICATION_SEV040,LUBRICATION_SEV040_W0000,0.0,4.99,LUBRICATION,LUBRICATION_SYSTEM,0.4,0.6,True,8763949.370093938,True,0.6707462638207154,True,78.5173,True
LUBRICATION_SEV040,LUBRICATION_SEV040_W0001,1.0,5.99,LUBRICATION,LUBRICATION_SYSTEM,0.4,0.6,True,8645413.142821847,True,0.6702053262002294,True,76.39759,True
LUBRICATION_SEV040,LUBRICATION_SEV040_W0002,2.0,6.99,LUBRICATION,LUBRICATION_SYSTEM,0.4,0.6,True,8280292.617147335,True,0.6778183122958921,True,69.83487,True
LUBRICATION_SEV040,LUBRICATION_SEV040_W0003,3.0,7.99,LUBRICATION,LUBRICATION_SYSTEM,0.4,0.6,True,8209480.292914022,True,0.6692032858732163,True,68.38744,True
LUBRICATION_SEV040,LUBRICATION_SEV040_W0004,4.0,8.99,LUBRICATION,LUBRICATION_SYSTEM,0.4,0.6,True,8248630.6756193135,True,0.6751687386411016,True,69.08243,True
LUBRICATION_SEV040,LUBRICATION_SEV040_W0005,5.0,9.99,LUBRICATION,LUBRICATION_SYSTEM,0.4,0.6,True,8219534.074966095,True,0.66734764977576,True,68.67575,True
LUBRICATION_SEV040,LUBRICATION_SEV040_W0006,6.0,10.99,LUBRICATION,LUBRICATION_SYSTEM,0.4,0.6,True,9490018.960740373,True,0.6682040675230528,True,91.46706,True
LUBRICATION_SEV040,LUBRICATION_SEV040_W0007,7.0,11.99,LUBRICATION,LUBRICATION_SYSTEM,0.4,0.6,True,13443718.803634781,True,0.6714465382007891,True,182.01741,True
LUBRICATION_SEV040,LUBRICATION_SEV040_W0008,8.0,12.99,LUBRICATION,LUBRICATION_SYSTEM,0.4,0.6,True,13226685.409382146,True,0.6677450934136779,True,175.73526,True
LUBRICATION_SEV040,LUBRICATION_SEV040_W0009,9.0,13.99,LUBRICATION,LUBRICATION_SYSTEM,0.4,0.6,True,13201603.905422177,True,0.6704442064863012,True,175.30006,True
LUBRICATION_SEV040,LUBRICATION_SEV040_W0010,10.0,14.99,LUBRICATION,LUBRICATION_SYSTEM,0.4,0.6,True,13196493.478734367,True,0.6677450934136779,True,174.89536,True
LUBRICATION_SEV040,LUBRICATION_SEV040_W0011,11.0,15.99,LUBRICATION,LUBRICATION_SYSTEM,0.4,0.6,True,13252662.743765937,True,0.6703639701635477,True,177.38019,True
LUBRICATION_SEV040,LUBRICATION_SEV040_W0012,12.0,16.990000000000002,LUBRICATION,LUBRICATION_SYSTEM,0.4,0.6,True,12297507.539462993,True,0.6719884776310786,True,151.6912,True
LUBRICATION_SEV040,LUBRICATION_SEV040_W0013,13.0,17.990000000000002,LUBRICATION,LUBRICATION_SYSTEM,0.4,0.6,True,8814418.850516437,True,0.679154902239955,True,78.50196,True
LUBRICATION_SEV040,LUBRICATION_SEV040_W0014,14.0,18.99,LUBRICATION,LUBRICATION_SYSTEM,0.4,0.6,True,6379767.881396834,True,0.678464740446949,True,41.601555,True
LUBRICATION_SEV040,LUBRICATION_SEV040_W0015,15.0,19.99,LUBRICATION,LUBRICATION_SYSTEM,0.4,0.6,True,3411011.109627785,True,0.6790123444243179,True,11.687556,True
LUBRICATION_SEV040,LUBRICATION_SEV040_W0016,16.0,20.99,LUBRICATION,LUBRICATION_SYSTEM,0.4,0.6,True,3355738.1565873832,True,0.6707413510554912,True,11.287162,True
LUBRICATION_SEV040,LUBRICATION_SEV040_W0017,17.0,21.99,LUBRICATION,LUBRICATION_SYSTEM,0.4,0.6,True,3355349.0151287043,True,0.6671218410415414,True,11.281149,True
LUBRICATION_SEV040,LUBRICATION_SEV040_W0018,18.0,22.99,LUBRICATION,LUBRICATION_SYSTEM,0.4,0.6,True,3355346.661778952,True,0.6683394609812375,True,11.28088,True
LUBRICATION_SEV040,LUBRICATION_SEV040_W0019,19.0,23.99,LUBRICATION,LUBRICATION_SYSTEM,0.4,0.6,True,3355346.6391272326,True,0.6654897403858837,True,11.280856,True
LUBRICATION_SEV040,LUBRICATION_SEV040_W0020,20.0,24.99,LUBRICATION,LUBRICATION_SYSTEM,0.4,0.6,True,3355346.6344481325,True,0.679154902239955,True,11.280853,True
LUBRICATION_SEV040,LUBRICATION_SEV040_W0021,21.0,25.99,LUBRICATION,LUBRICATION_SYSTEM,0.4,0.6,True,3356143.7285138206,True,0.6833908334604956,True,11.287189,True
LUBRICATION_SEV040,LUBRICATION_SEV040_W0022,22.0,26.99,LUBRICATION,LUBRICATION_SYSTEM,0.4,0.6,True,3356400.5736034755,True,0.6800120542652129,True,11.290801,True
LUBRICATION_SEV040,LUBRICATION_SEV040_W0023,23.0,27.99,LUBRICATION,LUBRICATION_SYSTEM,0.4,0.6,True,3356553.210704856,True,0.6752520551293295,True,11.294276,True
LUBRICATION_SEV040,LUBRICATION_SEV040_W0024,24.0,28.99,LUBRICATION,LUBRICATION_SYSTEM,0.4,0.6,True,3356666.729094848,True,0.6411369426612881,True,11.296773,True
LUBRICATION_SEV040,LUBRICATION_SEV040_W0025,25.0,29.99,LUBRICATION,LUBRICATION_SYSTEM,0.4,0.6,True,3356746.140152293,True,0.5556449402582184,False,11.298656,True
LUBRICATION_SEV040,LUBRICATION_SEV040_W0026,26.0,30.99,LUBRICATION,LUBRICATION_SYSTEM,0.4,0.6,True,3356768.383649757,True,0.4426047223324823,False,11.299655,True
LUBRICATION_SEV040,LUBRICATION_SEV040_W0027,27.0,31.99,LUBRICATION,LUBRICATION_SYSTEM,0.4,0.6,True,3356776.2578683677,True,0.4362695180196466,False,11.300485,True
LUBRICATION_SEV040,LUBRICATION_SEV040_W0028,28.0,32.99,LUBRICATION,LUBRICATION_SYSTEM,0.4,0.6,True,3356776.257038238,True,0.4477133044701409,False,11.300503,True
LUBRICATION_SEV040,LUBRICATION_SEV040_W0029,29.0,33.99,LUBRICATION,LUBRICATION_SYSTEM,0.4,0.6,True,3356776.2563676634,True,0.42720271973406,False,11.300504,True
LUBRICATION_SEV040,LUBRICATION_SEV040_W0030,30.0,34.99,LUBRICATION,LUBRICATION_SYSTEM,0.4,0.6,True,3356776.255825977,True,0.4273320827593764,False,11.300503,True
LUBRICATION_SEV040,LUBRICATION_SEV040_W0031,31.0,35.99,LUBRICATION,LUBRICATION_SYSTEM,0.4,0.6,True,3356776.255388405,True,0.42835928174811194,False,11.300503,True
LUBRICATION_SEV040,LUBRICATION_SEV040_W0032,32.0,36.99,LUBRICATION,LUBRICATION_SYSTEM,0.4,0.6,True,3356776.2550349366,True,0.4274454672778158,False,11.300503,True
LUBRICATION_SEV040,LUBRICATION_SEV040_W0033,33.0,37.99,LUBRICATION,LUBRICATION_SYSTEM,0.4,0.6,True,3356776.254749407,True,0.431623145230153,False,11.300502,True
LUBRICATION_SEV040,LUBRICATION_SEV040_W0034,34.0,38.99,LUBRICATION,LUBRICATION_SYSTEM,0.4,0.6,True,3356776.2545187576,True,0.44059032794687797,False,11.300503,True
LUBRICATION_SEV040,LUBRICATION_SEV040_W0035,35.0,39.99,LUBRICATION,LUBRICATION_SYSTEM,0.4,0.6,True,3356776.25433244,True,0.45763544163571734,False,11.300502,True
LUBRICATION_SEV040,LUBRICATION_SEV040_W0036,36.0,40.99,LUBRICATION,LUBRICATION_SYSTEM,0.4,0.6,True,3356776.254181934,True,0.4874953925109319,False,11.300502,True
LUBRICATION_SEV040,LUBRICATION_SEV040_W0037,37.0,41.99,LUBRICATION,LUBRICATION_SYSTEM,0.4,0.6,True,3356776.2540603555,True,0.5219775392794065,False,11.300502,True
LUBRICATION_SEV040,LUBRICATION_SEV040_W0038,38.0,42.99,LUBRICATION,LUBRICATION_SYSTEM,0.4,0.6,True,3356776.2539621457,True,0.48464495020599546,False,11.300501,True
LUBRICATION_SEV040,LUBRICATION_SEV040_W0039,39.0,43.99,LUBRICATION,LUBRICATION_SYSTEM,0.4,0.6,True,3356776.253882812,True,0.47181155782995393,False,11.300501,True
LUBRICATION_SEV040,LUBRICATION_SEV040_W0040,40.0,44.99,LUBRICATION,LUBRICATION_SYSTEM,0.4,0.6,True,3356776.2538187266,True,0.46985620517324317,False,11.300502,True
LUBRICATION_SEV040,LUBRICATION_SEV040_W0041,41.0,45.99,LUBRICATION,LUBRICATION_SYSTEM,0.4,0.6,True,3356776.2537669586,True,0.4756490287660228,False,11.300502,True
LUBRICATION_SEV040,LUBRICATION_SEV040_W0042,42.0,46.99,LUBRICATION,LUBRICATION_SYSTEM,0.4,0.6,True,3356776.253725141,True,0.48464495020599546,False,11.300501,True
LUBRICATION_SEV040,LUBRICATION_SEV040_W0043,43.0,47.99,LUBRICATION,LUBRICATION_SYSTEM,0.4,0.6,True,3356776.253691361,True,0.47181155782995393,False,11.300501,True
LUBRICATION_SEV040,LUBRICATION_SEV040_W0044,44.0,48.99,LUBRICATION,LUBRICATION_SYSTEM,0.4,0.6,True,3356776.253664073,True,0.46985620517324317,False,11.300501,True
LUBRICATION_SEV040,LUBRICATION_SEV040_W0045,45.0,49.99,LUBRICATION,LUBRICATION_SYSTEM,0.4,0.6,True,3356776.2536420305,True,0.4756490287660228,False,11.300503,True
LUBRICATION_SEV040,LUBRICATION_SEV040_W0046,46.0,50.99,LUBRICATION,LUBRICATION_SYSTEM,0.4,0.6,True,3359339.425895886,True,0.5028795676199546,False,11.319891,True
LUBRICATION_SEV040,LUBRICATION_SEV040_W0047,47.0,51.99,LUBRICATION,LUBRICATION_SYSTEM,0.4,0.6,True,3360340.494672631,True,0.48180386642168144,False,11.329956,True
LUBRICATION_SEV040,LUBRICATION_SEV040_W0048,48.0,52.99,LUBRICATION,LUBRICATION_SYSTEM,0.4,0.6,True,3360862.7650949596,True,0.48525072113061696,False,11.335812,True
LUBRICATION_SEV040,LUBRICATION_SEV040_W0049,49.0,53.99,LUBRICATION,LUBRICATION_SYSTEM,0.4,0.6,True,3361151.303180688,True,0.47190289502114646,False,11.337576,True
LUBRICATION_SEV040,LUBRICATION_SEV040_W0050,50.0,54.99,LUBRICATION,LUBRICATION_SYSTEM,0.4,0.6,True,3361226.9914597454,True,0.46624674349259615,False,11.338123,True
LUBRICATION_SEV040,LUBRICATION_SEV040_W0051,51.0,55.99,LUBRICATION,LUBRICATION_SYSTEM,0.4,0.6,True,3361307.5297294804,True,0.4844487832637962,False,11.337458,True
LUBRICATION_SEV040,LUBRICATION_SEV040_W0052,52.0,56.99,LUBRICATION,LUBRICATION_SYSTEM,0.4,0.6,True,3361337.867077556,True,0.49394471486796043,False,11.33538,True
LUBRICATION_SEV040,LUBRICATION_SEV040_W0053,53.0,57.99,LUBRICATION,LUBRICATION_SYSTEM,0.4,0.6,True,3361337.8670735643,True,0.49250291473760305,False,11.335359,True
LUBRICATION_SEV040,LUBRICATION_SEV040_W0054,54.0,58.99,LUBRICATION,LUBRICATION_SYSTEM,0.4,0.6,True,3361337.86707034,True,0.49170558294810285,False,11.335357,True
LUBRICATION_SEV040,LUBRICATION_SEV040_W0055,55.0,59.99,LUBRICATION,LUBRICATION_SYSTEM,0.4,0.6,True,3361337.8670677356,True,0.4962144156240108,False,11.335357,True
LUBRICATION_SEV060,LUBRICATION_SEV060_W0000,0.0,4.99,LUBRICATION,LUBRICATION_SYSTEM,0.6,0.4,True,12157267.789946653,True,0.6758752072369026,True,148.3547,True
LUBRICATION_SEV060,LUBRICATION_SEV060_W0001,1.0,5.99,LUBRICATION,LUBRICATION_SYSTEM,0.6,0.4,True,12167687.551414788,True,0.6731542297272666,True,148.5944,True
LUBRICATION_SEV060,LUBRICATION_SEV060_W0002,2.0,6.99,LUBRICATION,LUBRICATION_SYSTEM,0.6,0.4,True,12195252.08416573,True,0.6797030632622524,True,149.37755,True
LUBRICATION_SEV060,LUBRICATION_SEV060_W0003,3.0,7.99,LUBRICATION,LUBRICATION_SYSTEM,0.6,0.4,True,11975759.599829791,True,0.6808007129627924,True,143.88007,True
LUBRICATION_SEV060,LUBRICATION_SEV060_W0004,4.0,8.99,LUBRICATION,LUBRICATION_SYSTEM,0.6,0.4,True,11990867.775787802,True,0.6740817421954951,True,144.43964,True
LUBRICATION_SEV060,LUBRICATION_SEV060_W0005,5.0,9.99,LUBRICATION,LUBRICATION_SYSTEM,0.6,0.4,True,12134615.625904744,True,0.6736169218025935,True,147.64455,True
LUBRICATION_SEV060,LUBRICATION_SEV060_W0006,6.0,10.99,LUBRICATION,LUBRICATION_SYSTEM,0.6,0.4,True,13900904.863491148,True,0.66267784614098,True,194.63797,True
LUBRICATION_SEV060,LUBRICATION_SEV060_W0007,7.0,11.99,LUBRICATION,LUBRICATION_SYSTEM,0.6,0.4,True,15360972.002353985,True,0.6644409699231167,True,238.52484,True
LUBRICATION_SEV060,LUBRICATION_SEV060_W0008,8.0,12.99,LUBRICATION,LUBRICATION_SYSTEM,0.6,0.4,True,15309191.90757917,True,0.6642837276583902,True,235.66286,True
LUBRICATION_SEV060,LUBRICATION_SEV060_W0009,9.0,13.99,LUBRICATION,LUBRICATION_SYSTEM,0.6,0.4,True,15278654.774668084,True,0.6712876380439825,True,235.51256,True
LUBRICATION_SEV060,LUBRICATION_SEV060_W0010,10.0,14.99,LUBRICATION,LUBRICATION_SYSTEM,0.6,0.4,True,15147587.309842395,True,0.6753301332706823,True,230.22076,True
LUBRICATION_SEV060,LUBRICATION_SEV060_W0011,11.0,15.99,LUBRICATION,LUBRICATION_SYSTEM,0.6,0.4,True,15275475.446127322,True,0.6753301332706823,True,234.36134,True
LUBRICATION_SEV060,LUBRICATION_SEV060_W0012,12.0,16.990000000000002,LUBRICATION,LUBRICATION_SYSTEM,0.6,0.4,True,14185186.75348783,True,0.6751883782920824,True,202.16034,True
LUBRICATION_SEV060,LUBRICATION_SEV060_W0013,13.0,17.990000000000002,LUBRICATION,LUBRICATION_SYSTEM,0.6,0.4,True,11337338.383557357,True,0.6703034770867665,True,129.53706,True
LUBRICATION_SEV060,LUBRICATION_SEV060_W0014,14.0,18.99,LUBRICATION,LUBRICATION_SYSTEM,0.6,0.4,True,7840382.046256639,True,0.667660289912596,True,62.50074,True
LUBRICATION_SEV060,LUBRICATION_SEV060_W0015,15.0,19.99,LUBRICATION,LUBRICATION_SYSTEM,0.6,0.4,True,4530696.814746059,True,0.6721246378974834,True,20.67957,True
LUBRICATION_SEV060,LUBRICATION_SEV060_W0016,16.0,20.99,LUBRICATION,LUBRICATION_SYSTEM,0.6,0.4,True,3368750.1913342383,True,0.6703411251592876,True,11.391603,True
LUBRICATION_SEV060,LUBRICATION_SEV060_W0017,17.0,21.99,LUBRICATION,LUBRICATION_SYSTEM,0.6,0.4,True,3360366.8785072938,True,0.675386133204217,True,11.319865,True
LUBRICATION_SEV060,LUBRICATION_SEV060_W0018,18.0,22.99,LUBRICATION,LUBRICATION_SYSTEM,0.6,0.4,True,3360184.9383073095,True,0.6780599060672575,True,11.317369,True
LUBRICATION_SEV060,LUBRICATION_SEV060_W0019,19.0,23.99,LUBRICATION,LUBRICATION_SYSTEM,0.6,0.4,True,3360082.3059546514,True,0.6751883782920824,True,11.316443,True
LUBRICATION_SEV060,LUBRICATION_SEV060_W0020,20.0,24.99,LUBRICATION,LUBRICATION_SYSTEM,0.6,0.4,True,3359999.669908033,True,0.671544870861558,True,11.315741,True
LUBRICATION_SEV060,LUBRICATION_SEV060_W0021,21.0,25.99,LUBRICATION,LUBRICATION_SYSTEM,0.6,0.4,True,3361751.4091948215,True,0.6751712434207471,True,11.328564,True
LUBRICATION_SEV060,LUBRICATION_SEV060_W0022,22.0,26.99,LUBRICATION,LUBRICATION_SYSTEM,0.6,0.4,True,3362283.3778838096,True,0.6746267371811503,True,11.333797,True
LUBRICATION_SEV060,LUBRICATION_SEV060_W0023,23.0,27.99,LUBRICATION,LUBRICATION_SYSTEM,0.6,0.4,True,3362587.993102311,True,0.6707446987370552,True,11.338121,True
LUBRICATION_SEV060,LUBRICATION_SEV060_W0024,24.0,28.99,LUBRICATION,LUBRICATION_SYSTEM,0.6,0.4,True,3362811.7439034185,True,0.6709853369123775,True,11.341347,True
LUBRICATION_SEV060,LUBRICATION_SEV060_W0025,25.0,29.99,LUBRICATION,LUBRICATION_SYSTEM,0.6,0.4,True,3362964.4588739937,True,0.652135526358733,True,11.344015,True
LUBRICATION_SEV060,LUBRICATION_SEV060_W0026,26.0,30.99,LUBRICATION,LUBRICATION_SYSTEM,0.6,0.4,True,3362992.252927461,True,0.6353271629517544,False,11.344987,True
LUBRICATION_SEV060,LUBRICATION_SEV060_W0027,27.0,31.99,LUBRICATION,LUBRICATION_SYSTEM,0.6,0.4,True,3362991.683862663,True,0.6380403304327845,False,11.345695,True
LUBRICATION_SEV060,LUBRICATION_SEV060_W0028,28.0,32.99,LUBRICATION,LUBRICATION_SYSTEM,0.6,0.4,True,3362976.7145422096,True,0.6345800803606958,False,11.3455515,True
LUBRICATION_SEV060,LUBRICATION_SEV060_W0029,29.0,33.99,LUBRICATION,LUBRICATION_SYSTEM,0.6,0.4,True,3362964.622352909,True,0.6582436987030599,True,11.345418,True
LUBRICATION_SEV060,LUBRICATION_SEV060_W0030,30.0,34.99,LUBRICATION,LUBRICATION_SYSTEM,0.6,0.4,True,3362954.8543121624,True,0.6505834733865158,True,11.345304,True
LUBRICATION_SEV060,LUBRICATION_SEV060_W0031,31.0,35.99,LUBRICATION,LUBRICATION_SYSTEM,0.6,0.4,True,3362946.9637188767,True,0.6464892026335644,True,11.345207,True
LUBRICATION_SEV060,LUBRICATION_SEV060_W0032,32.0,36.99,LUBRICATION,LUBRICATION_SYSTEM,0.6,0.4,True,3362940.589724992,True,0.6433844663370436,True,11.345123,True
LUBRICATION_SEV060,LUBRICATION_SEV060_W0033,33.0,37.99,LUBRICATION,LUBRICATION_SYSTEM,0.6,0.4,True,3362935.4408369465,True,0.6504469128484859,True,11.345055,True
LUBRICATION_SEV060,LUBRICATION_SEV060_W0034,34.0,38.99,LUBRICATION,LUBRICATION_SYSTEM,0.6,0.4,True,3362931.281586115,True,0.6306838992343274,False,11.344995,True
LUBRICATION_SEV060,LUBRICATION_SEV060_W0035,35.0,39.99,LUBRICATION,LUBRICATION_SYSTEM,0.6,0.4,True,3362927.921761095,True,0.6121746236136477,False,11.344944,True
LUBRICATION_SEV060,LUBRICATION_SEV060_W0036,36.0,40.99,LUBRICATION,LUBRICATION_SYSTEM,0.6,0.4,True,3362925.2077094046,True,0.6154255414693889,False,11.3449,True
LUBRICATION_SEV060,LUBRICATION_SEV060_W0037,37.0,41.99,LUBRICATION,LUBRICATION_SYSTEM,0.6,0.4,True,3362923.0153109184,True,0.6095816106810147,False,11.344865,True
LUBRICATION_SEV060,LUBRICATION_SEV060_W0038,38.0,42.99,LUBRICATION,LUBRICATION_SYSTEM,0.6,0.4,True,3362921.2443017405,True,0.6010800443794567,False,11.3448305,True
LUBRICATION_SEV060,LUBRICATION_SEV060_W0039,39.0,43.99,LUBRICATION,LUBRICATION_SYSTEM,0.6,0.4,True,3362919.8136890237,True,0.5987715647651513,False,11.344803,True
LUBRICATION_SEV060,LUBRICATION_SEV060_W0040,40.0,44.99,LUBRICATION,LUBRICATION_SYSTEM,0.6,0.4,True,3362918.658047042,True,0.5951462549143954,False,11.344779,True
LUBRICATION_SEV060,LUBRICATION_SEV060_W0041,41.0,45.99,LUBRICATION,LUBRICATION_SYSTEM,0.6,0.4,True,3362917.724525149,True,0.596037614906097,False,11.344758,True
LUBRICATION_SEV060,LUBRICATION_SEV060_W0042,42.0,46.99,LUBRICATION,LUBRICATION_SYSTEM,0.6,0.4,True,3362916.9704308137,True,0.6010800443794567,False,11.34474,True
LUBRICATION_SEV060,LUBRICATION_SEV060_W0043,43.0,47.99,LUBRICATION,LUBRICATION_SYSTEM,0.6,0.4,True,3362916.3612771947,True,0.5987715647651513,False,11.344724,True
LUBRICATION_SEV060,LUBRICATION_SEV060_W0044,44.0,48.99,LUBRICATION,LUBRICATION_SYSTEM,0.6,0.4,True,3362915.8692059773,True,0.5951462549143954,False,11.344708,True
LUBRICATION_SEV060,LUBRICATION_SEV060_W0045,45.0,49.99,LUBRICATION,LUBRICATION_SYSTEM,0.6,0.4,True,3362915.471713346,True,0.596037614906097,False,11.344698,True
LUBRICATION_SEV060,LUBRICATION_SEV060_W0046,46.0,50.99,LUBRICATION,LUBRICATION_SYSTEM,0.6,0.4,True,3368758.095722427,True,0.6303812580092649,False,11.38661,True
LUBRICATION_SEV060,LUBRICATION_SEV060_W0047,47.0,51.99,LUBRICATION,LUBRICATION_SYSTEM,0.6,0.4,True,3371038.30812757,True,0.6312127131191587,False,11.406109,True
LUBRICATION_SEV060,LUBRICATION_SEV060_W0048,48.0,52.99,LUBRICATION,LUBRICATION_SYSTEM,0.6,0.4,True,3372227.50770621,True,0.6317960934644897,False,11.415772,True
LUBRICATION_SEV060,LUBRICATION_SEV060_W0049,49.0,53.99,LUBRICATION,LUBRICATION_SYSTEM,0.6,0.4,True,3372884.3494119216,True,0.6284794593544127,False,11.420585,True
LUBRICATION_SEV060,LUBRICATION_SEV060_W0050,50.0,54.99,LUBRICATION,LUBRICATION_SYSTEM,0.6,0.4,True,3373056.54591102,True,0.6330458907829909,False,11.422262,True
LUBRICATION_SEV060,LUBRICATION_SEV060_W0051,51.0,55.99,LUBRICATION,LUBRICATION_SYSTEM,0.6,0.4,True,3373239.806049557,True,0.6447844861067004,True,11.422215,True
LUBRICATION_SEV060,LUBRICATION_SEV060_W0052,52.0,56.99,LUBRICATION,LUBRICATION_SYSTEM,0.6,0.4,True,3373308.7880187235,True,0.6165244387551314,False,11.420751,True
LUBRICATION_SEV060,LUBRICATION_SEV060_W0053,53.0,57.99,LUBRICATION,LUBRICATION_SYSTEM,0.6,0.4,True,3373308.716165399,True,0.6134846176931146,False,11.420746,True
LUBRICATION_SEV060,LUBRICATION_SEV060_W0054,54.0,58.99,LUBRICATION,LUBRICATION_SYSTEM,0.6,0.4,True,3373308.6581226215,True,0.6229040988112743,False,11.420752,True
LUBRICATION_SEV060,LUBRICATION_SEV060_W0055,55.0,59.99,LUBRICATION,LUBRICATION_SYSTEM,0.6,0.4,True,3373308.611235951,True,0.6285096296764253,False,11.420758,True
LUBRICATION_SEV080,LUBRICATION_SEV080_W0000,0.0,4.99,LUBRICATION,LUBRICATION_SYSTEM,0.8,0.1999999999999999,True,13116210.411707943,True,0.6742413037432803,True,172.62903,True
LUBRICATION_SEV080,LUBRICATION_SEV080_W0001,1.0,5.99,LUBRICATION,LUBRICATION_SYSTEM,0.8,0.1999999999999999,True,12912249.772204878,True,0.6758752072369026,True,167.0582,True
LUBRICATION_SEV080,LUBRICATION_SEV080_W0002,2.0,6.99,LUBRICATION,LUBRICATION_SYSTEM,0.8,0.1999999999999999,True,12873276.030678155,True,0.6780599060672575,True,166.29626,True
LUBRICATION_SEV080,LUBRICATION_SEV080_W0003,3.0,7.99,LUBRICATION,LUBRICATION_SYSTEM,0.8,0.1999999999999999,True,12998539.772443488,True,0.6819001352533504,True,169.22955,True
LUBRICATION_SEV080,LUBRICATION_SEV080_W0004,4.0,8.99,LUBRICATION,LUBRICATION_SYSTEM,0.8,0.1999999999999999,True,12820602.465394156,True,0.6756343918770389,True,164.93413,True
LUBRICATION_SEV080,LUBRICATION_SEV080_W0005,5.0,9.99,LUBRICATION,LUBRICATION_SYSTEM,0.8,0.1999999999999999,True,12930303.131974764,True,0.6790736234528336,True,167.9022,True
LUBRICATION_SEV080,LUBRICATION_SEV080_W0006,6.0,10.99,LUBRICATION,LUBRICATION_SYSTEM,0.8,0.1999999999999999,True,14125730.833055573,True,0.6726113501513528,True,199.44162,True
LUBRICATION_SEV080,LUBRICATION_SEV080_W0007,7.0,11.99,LUBRICATION,LUBRICATION_SYSTEM,0.8,0.1999999999999999,True,15315754.773797741,True,0.6752493122179921,True,237.0077,True
LUBRICATION_SEV080,LUBRICATION_SEV080_W0008,8.0,12.99,LUBRICATION,LUBRICATION_SYSTEM,0.8,0.1999999999999999,True,15151043.776897784,True,0.6653564767368454,True,230.70683,True
LUBRICATION_SEV080,LUBRICATION_SEV080_W0009,9.0,13.99,LUBRICATION,LUBRICATION_SYSTEM,0.8,0.1999999999999999,True,15136708.429453213,True,0.6675071748256814,True,229.98117,True
LUBRICATION_SEV080,LUBRICATION_SEV080_W0010,10.0,14.99,LUBRICATION,LUBRICATION_SYSTEM,0.8,0.1999999999999999,True,15168362.31459111,True,0.6664309581934058,True,231.10172,True
LUBRICATION_SEV080,LUBRICATION_SEV080_W0011,11.0,15.99,LUBRICATION,LUBRICATION_SYSTEM,0.8,0.1999999999999999,True,15001994.780578975,True,0.6675071748256814,True,226.13641,True
LUBRICATION_SEV080,LUBRICATION_SEV080_W0012,12.0,16.990000000000002,LUBRICATION,LUBRICATION_SYSTEM,0.8,0.1999999999999999,True,13498791.910210399,True,0.6735561351822121,True,183.3377,True
LUBRICATION_SEV080,LUBRICATION_SEV080_W0013,13.0,17.990000000000002,LUBRICATION,LUBRICATION_SYSTEM,0.8,0.1999999999999999,True,10543324.762857381,True,0.664144291372403,True,112.19856,True
LUBRICATION_SEV080,LUBRICATION_SEV080_W0014,14.0,18.99,LUBRICATION,LUBRICATION_SYSTEM,0.8,0.1999999999999999,True,8551659.114614261,True,0.6606942256302383,True,73.45671,True
LUBRICATION_SEV080,LUBRICATION_SEV080_W0015,15.0,19.99,LUBRICATION,LUBRICATION_SYSTEM,0.8,0.1999999999999999,True,7166902.142743927,True,0.6640396397336363,True,51.369465,True
LUBRICATION_SEV080,LUBRICATION_SEV080_W0016,16.0,20.99,LUBRICATION,LUBRICATION_SYSTEM,0.8,0.1999999999999999,True,7052678.171168593,True,0.6645740502061204,True,49.795826,True
LUBRICATION_SEV080,LUBRICATION_SEV080_W0017,17.0,21.99,LUBRICATION,LUBRICATION_SYSTEM,0.8,0.1999999999999999,True,7049349.111274589,True,0.6736169218025935,True,49.75165,True
LUBRICATION_SEV080,LUBRICATION_SEV080_W0018,18.0,22.99,LUBRICATION,LUBRICATION_SYSTEM,0.8,0.1999999999999999,True,7048968.980764677,True,0.6736169218025935,True,49.745155,True
LUBRICATION_SEV080,LUBRICATION_SEV080_W0019,19.0,23.99,LUBRICATION,LUBRICATION_SYSTEM,0.8,0.1999999999999999,True,7048800.588614451,True,0.6740191035069643,True,49.741474,True
LUBRICATION_SEV080,LUBRICATION_SEV080_W0020,20.0,24.99,LUBRICATION,LUBRICATION_SYSTEM,0.8,0.1999999999999999,True,7048680.87131007,True,0.6700646469427929,True,49.738636,True
LUBRICATION_SEV080,LUBRICATION_SEV080_W0021,21.0,25.99,LUBRICATION,LUBRICATION_SYSTEM,0.8,0.1999999999999999,True,7157407.408462394,True,0.6784475224283828,True,51.31383,True
LUBRICATION_SEV080,LUBRICATION_SEV080_W0022,22.0,26.99,LUBRICATION,LUBRICATION_SYSTEM,0.8,0.1999999999999999,True,7190860.145471853,True,0.6762615747039358,True,51.817257,True
LUBRICATION_SEV080,LUBRICATION_SEV080_W0023,23.0,27.99,LUBRICATION,LUBRICATION_SYSTEM,0.8,0.1999999999999999,True,7214612.268102477,True,0.6779787583252932,True,52.169796,True
LUBRICATION_SEV080,LUBRICATION_SEV080_W0024,24.0,28.99,LUBRICATION,LUBRICATION_SYSTEM,0.8,0.1999999999999999,True,7222141.862080419,True,0.6730736690787938,True,52.273087,True
LUBRICATION_SEV080,LUBRICATION_SEV080_W0025,25.0,29.99,LUBRICATION,LUBRICATION_SYSTEM,0.8,0.1999999999999999,True,7199859.865572267,True,0.6676651801109544,True,51.91628,True
LUBRICATION_SEV080,LUBRICATION_SEV080_W0026,26.0,30.99,LUBRICATION,LUBRICATION_SYSTEM,0.8,0.1999999999999999,True,7199149.603636075,True,0.6671267272960951,True,51.900993,True
LUBRICATION_SEV080,LUBRICATION_SEV080_W0027,27.0,31.99,LUBRICATION,LUBRICATION_SYSTEM,0.8,0.1999999999999999,True,7198966.092762518,True,0.6679057087172184,True,51.89551,True
LUBRICATION_SEV080,LUBRICATION_SEV080_W0028,28.0,32.99,LUBRICATION,LUBRICATION_SYSTEM,0.8,0.1999999999999999,True,7198927.917811357,True,0.664301500631237,True,51.895016,True
LUBRICATION_SEV080,LUBRICATION_SEV080_W0029,29.0,33.99,LUBRICATION,LUBRICATION_SYSTEM,0.8,0.1999999999999999,True,7198908.634639184,True,0.6683622377694433,True,51.894543,True
LUBRICATION_SEV080,LUBRICATION_SEV080_W0030,30.0,34.99,LUBRICATION,LUBRICATION_SYSTEM,0.8,0.1999999999999999,True,7198894.917583726,True,0.6729323877426654,True,51.893993,True
LUBRICATION_SEV080,LUBRICATION_SEV080_W0031,31.0,35.99,LUBRICATION,LUBRICATION_SYSTEM,0.8,0.1999999999999999,True,7198883.891010236,True,0.6633696969091849,True,51.89349,True
LUBRICATION_SEV080,LUBRICATION_SEV080_W0032,32.0,36.99,LUBRICATION,LUBRICATION_SYSTEM,0.8,0.1999999999999999,True,7198874.986640551,True,0.6709050358291039,True,51.893044,True
LUBRICATION_SEV080,LUBRICATION_SEV080_W0033,33.0,37.99,LUBRICATION,LUBRICATION_SYSTEM,0.8,0.1999999999999999,True,7198867.793839809,True,0.667367061922938,True,51.892654,True
LUBRICATION_SEV080,LUBRICATION_SEV080_W0034,34.0,38.99,LUBRICATION,LUBRICATION_SYSTEM,0.8,0.1999999999999999,True,7198861.983536002,True,0.6616078720335998,True,51.89232,True
LUBRICATION_SEV080,LUBRICATION_SEV080_W0035,35.0,39.99,LUBRICATION,LUBRICATION_SYSTEM,0.8,0.1999999999999999,True,7198857.290001506,True,0.6610919913683686,True,51.89203,True
LUBRICATION_SEV080,LUBRICATION_SEV080_W0036,36.0,40.99,LUBRICATION,LUBRICATION_SYSTEM,0.8,0.1999999999999999,True,7198853.498586494,True,0.6439156609784699,True,51.891766,True
LUBRICATION_SEV080,LUBRICATION_SEV080_W0037,37.0,41.99,LUBRICATION,LUBRICATION_SYSTEM,0.8,0.1999999999999999,True,7198850.435899661,True,0.6374239900238249,False,51.89154,True
LUBRICATION_SEV080,LUBRICATION_SEV080_W0038,38.0,42.99,LUBRICATION,LUBRICATION_SYSTEM,0.8,0.1999999999999999,True,7198847.9618761595,True,0.6200427878593759,False,51.89134,True
LUBRICATION_SEV080,LUBRICATION_SEV080_W0039,39.0,43.99,LUBRICATION,LUBRICATION_SYSTEM,0.8,0.1999999999999999,True,7198845.963372177,True,0.6270109210497625,False,51.89116,True
LUBRICATION_SEV080,LUBRICATION_SEV080_W0040,40.0,44.99,LUBRICATION,LUBRICATION_SYSTEM,0.8,0.1999999999999999,True,7198844.3489906145,True,0.6272333213102445,False,51.891003,True
LUBRICATION_SEV080,LUBRICATION_SEV080_W0041,41.0,45.99,LUBRICATION,LUBRICATION_SYSTEM,0.8,0.1999999999999999,True,7198843.044901291,True,0.6254352284914233,False,51.89086,True
LUBRICATION_SEV080,LUBRICATION_SEV080_W0042,42.0,46.99,LUBRICATION,LUBRICATION_SYSTEM,0.8,0.1999999999999999,True,7198841.991464522,True,0.6246361636297963,False,51.89074,True
LUBRICATION_SEV080,LUBRICATION_SEV080_W0043,43.0,47.99,LUBRICATION,LUBRICATION_SYSTEM,0.8,0.1999999999999999,True,7198841.140503646,True,0.6291854824808117,False,51.89063,True
LUBRICATION_SEV080,LUBRICATION_SEV080_W0044,44.0,48.99,LUBRICATION,LUBRICATION_SYSTEM,0.8,0.1999999999999999,True,7198840.453101789,True,0.6252123849723714,False,51.890537,True
LUBRICATION_SEV080,LUBRICATION_SEV080_W0045,45.0,49.99,LUBRICATION,LUBRICATION_SYSTEM,0.8,0.1999999999999999,True,7198839.897822082,True,0.6323142879378647,False,51.890446,True
LUBRICATION_SEV080,LUBRICATION_SEV080_W0046,46.0,50.99,LUBRICATION,LUBRICATION_SYSTEM,0.8,0.1999999999999999,True,7427418.5310496185,True,0.6714492656649846,True,55.244144,True
LUBRICATION_SEV080,LUBRICATION_SEV080_W0047,47.0,51.99,LUBRICATION,LUBRICATION_SYSTEM,0.8,0.1999999999999999,True,7506681.154326699,True,0.6730764031525122,True,56.48947,True
LUBRICATION_SEV080,LUBRICATION_SEV080_W0048,48.0,52.99,LUBRICATION,LUBRICATION_SYSTEM,0.8,0.1999999999999999,True,7530452.172220394,True,0.6742413037432803,True,56.855473,True
LUBRICATION_SEV080,LUBRICATION_SEV080_W0049,49.0,53.99,LUBRICATION,LUBRICATION_SYSTEM,0.8,0.1999999999999999,True,7475145.4170650225,True,0.6687433898831634,True,56.009098,True
LUBRICATION_SEV080,LUBRICATION_SEV080_W0050,50.0,54.99,LUBRICATION,LUBRICATION_SYSTEM,0.8,0.1999999999999999,True,7368851.514849035,True,0.6644409699231167,True,54.27728,True
LUBRICATION_SEV080,LUBRICATION_SEV080_W0051,51.0,55.99,LUBRICATION,LUBRICATION_SYSTEM,0.8,0.1999999999999999,True,7209377.8778375685,True,0.6655139729314631,True,52.047752,True
LUBRICATION_SEV080,LUBRICATION_SEV080_W0052,52.0,56.99,LUBRICATION,LUBRICATION_SYSTEM,0.8,0.1999999999999999,True,7207910.057608088,True,0.6719884776310786,True,52.018555,True
LUBRICATION_SEV080,LUBRICATION_SEV080_W0053,53.0,57.99,LUBRICATION,LUBRICATION_SYSTEM,0.8,0.1999999999999999,True,7207597.074528542,True,0.6606367603284793,True,52.017223,True
LUBRICATION_SEV080,LUBRICATION_SEV080_W0054,54.0,58.99,LUBRICATION,LUBRICATION_SYSTEM,0.8,0.1999999999999999,True,7207582.756551996,True,0.6672217170222948,True,52.01784,True
LUBRICATION_SEV080,LUBRICATION_SEV080_W0055,55.0,59.99,LUBRICATION,LUBRICATION_SYSTEM,0.8,0.1999999999999999,True,7207582.280717016,True,0.6709220624302502,True,52.01794,True
