res_res_signed_rpm_mean,res_res_signed_rpm_std,res_res_signed_rpm_min,res_res_signed_rpm_max,res_res_signed_rpm_rms,res_res_signed_rpm_peak,res_res_signed_rpm_p2p,res_res_signed_rpm_slope,res_res_signed_mean_torque_mean,res_res_signed_mean_torque_std,res_res_signed_mean_torque_min,res_res_signed_mean_torque_max,res_res_signed_mean_torque_rms,res_res_signed_mean_torque_peak,res_res_signed_mean_torque_p2p,res_res_signed_mean_torque_slope,res_res_signed_instant_torque_mean,res_res_signed_instant_torque_std,res_res_signed_instant_torque_min,res_res_signed_instant_torque_max,res_res_signed_instant_torque_rms,res_res_signed_instant_torque_peak,res_res_signed_instant_torque_p2p,res_res_signed_instant_torque_slope,res_res_signed_load_torque_mean,res_res_signed_load_torque_std,res_res_signed_load_torque_min,res_res_signed_load_torque_max,res_res_signed_load_torque_rms,res_res_signed_load_torque_peak,res_res_signed_load_torque_p2p,res_res_signed_load_torque_slope,res_res_signed_friction_torque_mean,res_res_signed_friction_torque_std,res_res_signed_friction_torque_min,res_res_signed_friction_torque_max,res_res_signed_friction_torque_rms,res_res_signed_friction_torque_peak,res_res_signed_friction_torque_p2p,res_res_signed_friction_torque_slope,res_res_signed_net_torque_mean,res_res_signed_net_torque_std,res_res_signed_net_torque_min,res_res_signed_net_torque_max,res_res_signed_net_torque_rms,res_res_signed_net_torque_peak,res_res_signed_net_torque_p2p,res_res_signed_net_torque_slope,res_res_signed_cylinder_1_torque_mean,res_res_signed_cylinder_1_torque_std,res_res_signed_cylinder_1_torque_min,res_res_signed_cylinder_1_torque_max,res_res_signed_cylinder_1_torque_rms,res_res_signed_cylinder_1_torque_peak,res_res_signed_cylinder_1_torque_p2p,res_res_signed_cylinder_1_torque_slope,res_res_signed_cylinder_2_torque_mean,res_res_signed_cylinder_2_torque_std,res_res_signed_cylinder_2_torque_min,res_res_signed_cylinder_2_torque_max,res_res_signed_cylinder_2_torque_rms,res_res_signed_cylinder_2_torque_peak,res_res_signed_cylinder_2_torque_p2p,res_res_signed_cylinder_2_torque_slope,res_res_signed_cylinder_3_torque_mean,res_res_signed_cylinder_3_torque_std,res_res_signed_cylinder_3_torque_min,res_res_signed_cylinder_3_torque_max,res_res_signed_cylinder_3_torque_rms,res_res_signed_cylinder_3_torque_peak,res_res_signed_cylinder_3_torque_p2p,res_res_signed_cylinder_3_torque_slope,res_res_signed_cylinder_4_torque_mean,res_res_signed_cylinder_4_torque_std,res_res_signed_cylinder_4_torque_min,res_res_signed_cylinder_4_torque_max,res_res_signed_cylinder_4_torque_rms,res_res_signed_cylinder_4_torque_peak,res_res_signed_cylinder_4_torque_p2p,res_res_signed_cylinder_4_torque_slope,res_res_signed_cht_mean,res_res_signed_cht_std,res_res_signed_cht_min,res_res_signed_cht_max,res_res_signed_cht_rms,res_res_signed_cht_peak,res_res_signed_cht_p2p,res_res_signed_cht_slope,res_res_signed_egt_mean,res_res_signed_egt_std,res_res_signed_egt_min,res_res_signed_egt_max,res_res_signed_egt_rms,res_res_signed_egt_peak,res_res_signed_egt_p2p,res_res_signed_egt_slope,res_res_signed_oil_temperature_mean,res_res_signed_oil_temperature_std,res_res_signed_oil_temperature_min,res_res_signed_oil_temperature_max,res_res_signed_oil_temperature_rms,res_res_signed_oil_temperature_peak,res_res_signed_oil_temperature_p2p,res_res_signed_oil_temperature_slope,res_res_signed_oil_pressure_mean,res_res_signed_oil_pressure_std,res_res_signed_oil_pressure_min,res_res_signed_oil_pressure_max,res_res_signed_oil_pressure_rms,res_res_signed_oil_pressure_peak,res_res_signed_oil_pressure_p2p,res_res_signed_oil_pressure_slope,res_res_signed_fuel_flow_mean,res_res_signed_fuel_flow_std,res_res_signed_fuel_flow_min,res_res_signed_fuel_flow_max,res_res_signed_fuel_flow_rms,res_res_signed_fuel_flow_peak,res_res_signed_fuel_flow_p2p,res_res_signed_fuel_flow_slope,res_res_signed_fuel_pressure_mean,res_res_signed_fuel_pressure_std,res_res_signed_fuel_pressure_min,res_res_signed_fuel_pressure_max,res_res_signed_fuel_pressure_rms,res_res_signed_fuel_pressure_peak,res_res_signed_fuel_pressure_p2p,res_res_signed_fuel_pressure_slope,res_res_signed_vibration_mean,res_res_signed_vibration_std,res_res_signed_vibration_min,res_res_signed_vibration_max,res_res_signed_vibration_rms,res_res_signed_vibration_peak,res_res_signed_vibration_p2p,res_res_signed_vibration_slope,res_ind_thermal_dev_mean,res_ind_thermal_dev_std,res_ind_thermal_dev_min,res_ind_thermal_dev_max,res_ind_thermal_dev_rms,res_ind_thermal_dev_peak,res_ind_thermal_dev_p2p,res_ind_thermal_dev_slope,res_ind_oil_dev_mean,res_ind_oil_dev_std,res_ind_oil_dev_min,res_ind_oil_dev_max,res_ind_oil_dev_rms,res_ind_oil_dev_peak,res_ind_oil_dev_p2p,res_ind_oil_dev_slope,res_ind_vibration_dev_mean,res_ind_vibration_dev_std,res_ind_vibration_dev_min,res_ind_vibration_dev_max,res_ind_vibration_dev_rms,res_ind_vibration_dev_peak,res_ind_vibration_dev_p2p,res_ind_vibration_dev_slope,res_ind_torque_dev_mean,res_ind_torque_dev_std,res_ind_torque_dev_min,res_ind_torque_dev_max,res_ind_torque_dev_rms,res_ind_torque_dev_peak,res_ind_torque_dev_p2p,res_ind_torque_dev_slope,res_ind_cylinder_balance_dev_mean,res_ind_cylinder_balance_dev_std,res_ind_cylinder_balance_dev_min,res_ind_cylinder_balance_dev_max,res_ind_cylinder_balance_dev_rms,res_ind_cylinder_balance_dev_peak,res_ind_cylinder_balance_dev_p2p,res_ind_cylinder_balance_dev_slope,cyl_balance_mean,cyl_balance_max
-2.2737367544323246e-16,9.080696577135322e-14,-2.273736754432321e-13,2.273736754432321e-13,9.080725043402646e-14,2.273736754432321e-13,4.547473508864642e-13,-1.007251767023372e-14,3.552713678800501e-17,1.3570250171415154e-15,-3.552713678800501e-15,3.552713678800501e-15,1.3574899906062967e-15,3.552713678800501e-15,7.105427357601002e-15,-8.875402076620177e-17,1.7659484985443896e-17,1.192055311452568e-15,-7.105427357601002e-15,7.105427357601002e-15,1.1921861108787631e-15,7.105427357601002e-15,1.4210854715202004e-14,2.2471553892461786e-16,-6.394884621840901e-17,1.1711891238279063e-15,-3.552713678800501e-15,3.552713678800501e-15,1.1729336804378348e-15,3.552713678800501e-15,7.105427357601002e-15,7.045860900710941e-17,4.440892098500626e-18,1.0214051826551439e-16,-4.440892098500626e-16,4.440892098500626e-16,1.0223701381680906e-16,4.440892098500626e-16,8.881784197001252e-16,5.137606906768377e-18,1.0103029524088924e-17,1.0208436959434033e-15,-3.552713678800501e-15,3.552713678800501e-15,1.0208936882716792e-15,3.552713678800501e-15,7.105427357601002e-15,-2.5903697018385874e-16,4.505423811806966e-17,5.361763436598637e-15,-5.1514348342607263e-14,5.684341886080803e-14,5.361952725865683e-15,5.684341886080803e-14,1.0835776720341529e-13,1.512599925552272e-16,-3.213054822204242e-17,6.660164971934845e-16,-7.105427357601002e-15,3.219646771412954e-15,6.667910817211998e-16,7.105427357601002e-15,1.0325074129013956e-14,1.448320422341721e-16,5.447170492445252e-16,5.7298622754039465e-15,-6.394884621840903e-14,5.3290705182007514e-14,5.755696166306466e-15,6.394884621840903e-14,1.1723955140041653e-13,-6.636911579198668e-16,2.996769499219454e-16,3.482085170940768e-15,-7.105427357601002e-15,4.973799150320701e-14,3.4949568540970742e-15,4.973799150320701e-14,5.684341886080802e-14,-3.8106942751004166e-16,7.105427357601002e-18,7.619390652438884e-16,-3.552713678800501e-15,3.552713678800501e-15,7.619721951899982e-16,3.552713678800501e-15,7.105427357601002e-15,2.2720348556640533e-17,1.0231815394945446e-15,2.1091589520270973e-14,-5.684341886080803e-14,5.684341886080803e-14,2.111639289638187e-14,5.684341886080803e-14,1.1368683772161605e-13,2.872805120869582e-16,4.9737991503207014e-17,1.3188369917958855e-15,-3.552713678800501e-15,3.552713678800501e-15,1.3197745560238666e-15,3.552713678800501e-15,7.105427357601002e-15,1.8950642784883143e-16,-2.2737367544323206e-16,2.1267644408858556e-14,-5.684341886080803e-14,5.684341886080803e-14,2.1268859807002754e-14,5.684341886080803e-14,1.1368683772161605e-13,-2.3826582756027302e-15,-4.829253316684934e-17,2.875892800063352e-17,-9.952975943416932e-17,0.0,5.620715879153531e-17,9.952975943416932e-17,9.952975943416932e-17,6.118930628319333e-18,0.0,0.0,0.0,0.0,0.0,0.0,0.0,0.0,-3.042011087472929e-17,2.943640729822614e-17,-9.714451465470121e-17,0.0,4.2330665247050916e-17,9.714451465470121e-17,9.714451465470121e-17,-4.797227153110855e-18,2.3939506707731283e-15,5.678321111596457e-15,0.0,1.6524249668839537e-14,6.1623315766434645e-15,1.6524249668839537e-14,1.6524249668839537e-14,3.541186283073435e-15,7.145250799302903e-16,1.7802449610603914e-15,0.0,5.163828021512355e-15,1.9182852267664216e-15,5.163828021512355e-15,5.163828021512355e-15,-6.00436020203262e-16,2.210763871709977e-15,2.1392737862082946e-15,0.0,7.0599211231614235e-15,3.076356485977537e-15,7.0599211231614235e-15,7.0599211231614235e-15,3.4863569426677796e-16,4.0794241369947606e-16,9.086301632097976e-16,0.0,2.581914010756178e-15,9.960049128340772e-16,2.581914010756178e-15,2.581914010756178e-15,2.183031486938719e-17,1.7463176158464593,0.4372369835517707,0.1120020240572267,2.3091513145030107,1.80022259601448,2.3091513145030107,2.197149290445784,0.06491353828783583,1.7463176158464593,2.3091513145030107
-1.3642420526593928e-15,8.921744358276945e-14,-2.273736754432321e-13,2.273736754432321e-13,8.922787342429996e-14,2.273736754432321e-13,4.547473508864642e-13,9.655892851756903e-15,1.4210854715202004e-17,1.3480851520721807e-15,-3.552713678800501e-15,3.552713678800501e-15,1.3481600519334531e-15,3.552713678800501e-15,7.105427357601002e-15,1.2577031897645816e-16,4.510281037539699e-19,1.189243547821985e-15,-7.105427357601002e-15,7.105427357601002e-15,1.1892436333496059e-15,7.105427357601002e-15,1.4210854715202004e-14,1.1147079600023194e-16,-7.815970093361102e-17,1.217891805624473e-15,-3.552713678800501e-15,3.552713678800501e-15,1.2203972259298487e-15,3.552713678800501e-15,7.105427357601002e-15,-8.73925017515714e-17,8.881784197001253e-19,1.0319318465663534e-16,-4.440892098500626e-16,4.440892098500626e-16,1.0319700683878219e-16,4.440892098500626e-16,8.881784197001252e-16,-4.20156258421018e-18,-1.1665148014206039e-17,9.767421236988637e-16,-3.552713678800501e-15,3.552713678800501e-15,9.768117791498827e-16,3.552713678800501e-15,7.105427357601002e-15,-9.001402210100716e-17,-5.469236175059676e-17,5.591712649119429e-15,-5.1514348342607263e-14,5.684341886080803e-14,5.591980114839114e-15,5.684341886080803e-14,1.0835776720341529e-13,-3.583801585500521e-16,-1.1331213745080504e-17,6.722359377599313e-16,-7.105427357601002e-15,3.552713678800501e-15,6.7233143048716e-16,7.105427357601002e-15,1.0658141036401503e-14,2.843921871118905e-16,5.645900413853155e-16,5.7845334979281976e-15,-6.394884621840903e-14,5.3290705182007514e-14,5.812021137563498e-15,6.394884621840903e-14,1.1723955140041653e-13,-2.6476675143744514e-16,2.0763946118051995e-16,2.6829206335394817e-15,-7.105427357601002e-15,3.5527136788005016e-14,2.6909435653151906e-15,3.5527136788005016e-14,4.263256414560602e-14,-2.256834107485557e-16,2.842170943040401e-17,4.48487010034441e-16,-3.552713678800501e-15,3.552713678800501e-15,4.493866839778177e-16,3.552713678800501e-15,7.105427357601002e-15,-1.2594050885328725e-16,6.821210263296965e-16,2.328888120742093e-14,-5.684341886080803e-14,5.684341886080803e-14,2.3298868577420763e-14,5.684341886080803e-14,1.1368683772161605e-13,-4.5202431285720384e-15,7.105427357601002e-17,1.3274033742241472e-15,-3.552713678800501e-15,3.552713678800501e-15,1.329303737937672e-15,3.552713678800501e-15,7.105427357601002e-15,4.612145662059581e-17,-9.094947017729285e-16,2.1849178726434236e-14,-5.684341886080803e-14,5.684341886080803e-14,2.18680998633219e-14,5.684341886080803e-14,1.1368683772161605e-13,4.901468452668473e-16,-4.7613822606873415e-17,2.829268610706483e-17,-9.952975943416932e-17,0.0,5.538548718203812e-17,9.952975943416932e-17,9.952975943416932e-17,4.79611568357832e-18,0.0,0.0,0.0,0.0,0.0,0.0,0.0,0.0,-3.044786645034492e-17,2.913794816619505e-17,-9.714451465470121e-17,0.0,4.214371358475554e-17,9.714451465470121e-17,9.714451465470121e-17,-2.0811695680173734e-18,2.812220740515629e-15,6.169058386973412e-15,0.0,1.6524249668839537e-14,6.779813188818204e-15,1.6524249668839537e-14,1.6524249668839537e-14,6.640249939902618e-16,7.249518814713281e-16,1.7909759514739327e-15,0.0,5.163828021512355e-15,1.9321361466539504e-15,5.163828021512355e-15,5.163828021512355e-15,-6.201687448407353e-16,2.2127809920308804e-15,2.117583442310686e-15,0.0,7.0599211231614235e-15,3.062769882613048e-15,7.0599211231614235e-15,7.0599211231614235e-15,1.5124778837335799e-16,4.014876286725856e-16,9.043879438559747e-16,0.0,2.581914010756178e-15,9.89499807462929e-16,2.581914010756178e-15,2.581914010756178e-15,1.6952507262240404e-16,1.754369648223676,0.4419462807696335,0.112343628104943,2.3091513145030107,1.8091791999950078,2.3091513145030107,2.196807686398068,0.029315206697999554,1.754369648223676,2.3091513145030107
4.547473508864643e-16,9.037810439375243e-14,-2.273736754432321e-13,2.273736754432321e-13,9.037924844211281e-14,2.273736754432321e-13,4.547473508864642e-13,8.261697380775627e-15,7.815970093361102e-17,1.4278019916931169e-15,-3.552713678800501e-15,3.552713678800501e-15,1.4299396722704292e-15,3.552713678800501e-15,7.105427357601002e-15,3.205526330069814e-16,6.314393452555578e-19,1.1625701289272076e-15,-7.105427357601002e-15,7.105427357601002e-15,1.1625703004074512e-15,7.105427357601002e-15,1.4210854715202004e-14,-1.3967112562991818e-16,-7.105427357601002e-17,1.2079226507921702e-15,-3.552713678800501e-15,3.552713678800501e-15,1.2100106776761096e-15,3.552713678800501e-15,7.105427357601002e-15,3.403797536575293e-18,2.6645352591003758e-18,9.926561120103809e-17,-4.440892098500626e-16,4.440892098500626e-16,9.930136612989092e-17,4.440892098500626e-16,8.881784197001252e-16,-1.7752931526700698e-17,8.901733516974986e-18,9.95770009310486e-16,-3.552713678800501e-15,3.552713678800501e-15,9.958097972513691e-16,3.552713678800501e-15,7.105427357601002e-15,5.413588946717436e-17,-7.778500066279999e-17,5.4447291632254035e-15,-5.1514348342607263e-14,5.684341886080803e-14,5.445284764565148e-15,5.684341886080803e-14,1.0835776720341529e-13,-7.402370466425335e-16,-2.4494295480792515e-18,5.960409652949915e-16,-7.105427357601002e-15,3.552713678800501e-15,5.960459982374651e-16,7.105427357601002e-15,1.0658141036401503e-14,4.8646632297937447e-17,5.528494328999046e-16,5.643774836225357e-15,-6.394884621840903e-14,5.3290705182007514e-14,5.670788031435164e-15,6.394884621840903e-14,1.1723955140041653e-13,-2.679594736385e-16,1.897301760145354e-16,2.7017740586841964e-15,-7.105427357601002e-15,3.5527136788005016e-14,2.7084276995831704e-15,3.5527136788005016e-14,4.263256414560602e-14,-7.06577594171778e-16,0.0,0.0,0.0,0.0,0.0,0.0,0.0,0.0,4.547473508864643e-16,2.3842816024477237e-14,-5.684341886080803e-14,5.684341886080803e-14,2.3847152264583013e-14,5.684341886080803e-14,1.1368683772161605e-13,-3.286706901317137e-15,-7.105427357601002e-18,1.3004873293100225e-15,-3.552713678800501e-15,3.552713678800501e-15,1.300506740003238e-15,3.552713678800501e-15,7.105427357601002e-15,-2.802176321985639e-16,-4.547473508864643e-16,2.1263997797610848e-14,-5.684341886080803e-14,5.684341886080803e-14,2.1268859807002754e-14,5.684341886080803e-14,1.1368683772161605e-13,4.356860846816405e-17,-4.7207029951756853e-17,2.804867723094209e-17,-9.952975943416932e-17,0.0,5.491112793661807e-17,9.952975943416932e-17,9.952975943416932e-17,-3.237991212482282e-18,0.0,0.0,0.0,0.0,0.0,0.0,0.0,0.0,-3.0031532816110486e-17,2.875450842558193e-17,-9.714451465470121e-17,0.0,4.157781521535232e-17,9.714451465470121e-17,9.714451465470121e-17,-2.3108594213155997e-18,2.9082679417157585e-15,6.292767527247582e-15,0.0,1.6524249668839537e-14,6.932311704820641e-15,1.6524249668839537e-14,1.6524249668839537e-14,-9.316906280346908e-16,6.939028163435786e-16,1.758310882483351e-15,0.0,5.163828021512355e-15,1.8902799469890513e-15,5.163828021512355e-15,5.163828021512355e-15,-1.4219067366234994e-16,2.1825241872173317e-15,2.0897171820917093e-15,0.0,7.0599211231614235e-15,3.0216435476273483e-15,7.0599211231614235e-15,7.0599211231614235e-15,1.6794036492119172e-16,4.453801668554407e-16,9.481945186575174e-16,0.0,2.581914010756178e-15,1.0475859574470925e-15,2.581914010756178e-15,2.581914010756178e-15,2.1457715302565855e-16,1.752450578806559,0.4498318496769863,0.112343628104943,2.2888682530328133,1.80926275707628,2.2888682530328133,2.1765246249278705,0.02741797209443115,1.752450578806559,2.2888682530328133
-1.8189894035458573e-15,8.978698263079016e-14,-2.273736754432321e-13,2.273736754432321e-13,8.980540614234771e-14,2.273736754432321e-13,4.547473508864642e-13,-3.964743370602947e-15,9.947598300641403e-17,1.4527775611011435e-15,-3.552713678800501e-15,3.552713678800501e-15,1.4561792860887975e-15,3.552713678800501e-15,7.105427357601002e-15,1.7291291485802688e-16,-3.2175651032417815e-17,9.50184847766644e-16,-7.105427357601002e-15,7.105427357601002e-15,9.507294659600493e-16,7.105427357601002e-15,1.4210854715202004e-14,-2.774867827198792e-17,-7.105427357601002e-17,1.2286432469317233e-15,-3.552713678800501e-15,3.552713678800501e-15,1.230696119285481e-15,3.552713678800501e-15,7.105427357601002e-15,1.0909171104723938e-16,-8.881784197001253e-19,9.929739399580145e-17,-4.440892098500626e-16,4.440892098500626e-16,9.930136612989092e-17,4.440892098500626e-16,8.881784197001252e-16,-1.0136934538613387e-17,1.5674093967188442e-17,9.963330452348386e-16,-3.552713678800501e-15,3.552713678800501e-15,9.96456328319821e-16,3.552713678800501e-15,7.105427357601002e-15,1.350094042716822e-16,-2.758279715742162e-16,5.81538392110399e-15,-5.684341886080803e-14,5.3290705182007514e-14,5.8219216088622806e-15,5.684341886080803e-14,1.1013412404281554e-13,6.024084258705476e-16,1.594557819117881e-17,5.706417926654352e-16,-7.105427357601002e-15,3.552713678800501e-15,5.70864534719291e-16,7.105427357601002e-15,1.0658141036401503e-14,-1.0025463493311592e-16,3.8219427622721013e-16,4.7772473810635e-15,-6.394884621840903e-14,5.1514348342607263e-14,4.792511346325527e-15,6.394884621840903e-14,1.1546319456101628e-13,-2.042723940763465e-16,5.0424941999693843e-17,1.5051063133843361e-15,-7.105427357601002e-15,3.1974423109204515e-14,1.5059507592763645e-15,3.1974423109204515e-14,3.9079850466805517e-14,-8.40140498753639e-17,0.0,0.0,0.0,0.0,0.0,0.0,0.0,0.0,5.684341886080803e-16,2.343024771735708e-14,-5.684341886080803e-14,5.684341886080803e-14,2.343714200843386e-14,5.684341886080803e-14,1.1368683772161605e-13,-2.3949119467344024e-15,8.526512829121202e-17,1.2481305596194536e-15,-3.552713678800501e-15,3.552713678800501e-15,1.2510395820910253e-15,3.552713678800501e-15,7.105427357601002e-15,-4.099874132804985e-16,-4.547473508864643e-16,2.1565766840247997e-14,-5.684341886080803e-14,5.684341886080803e-14,2.1570560830935253e-14,5.684341886080803e-14,1.1368683772161605e-13,3.918451724105518e-15,-4.774479422930966e-17,2.747972049842005e-17,-9.952975943416932e-17,-4.336808689942019e-19,5.5088115003786513e-17,9.952975943416932e-17,9.909607856517512e-17,-2.0703353369668232e-18,0.0,0.0,0.0,0.0,0.0,0.0,0.0,0.0,-3.047562202596055e-17,2.840571294673952e-17,-9.714451465470121e-17,0.0,4.1661109753363235e-17,9.714451465470121e-17,9.714451465470121e-17,4.700830543188296e-18,2.8091224437027215e-15,6.2070501614188726e-15,0.0,1.6524249668839537e-14,6.813122676870306e-15,1.6524249668839537e-14,1.6524249668839537e-14,-9.051726704823003e-16,6.423967301258057e-16,1.7011277744959839e-15,0.0,5.163828021512355e-15,1.818380945797108e-15,5.163828021512355e-15,5.163828021512355e-15,8.59961531807533e-17,2.2147981123517836e-15,2.064368673454907e-15,0.0,7.0599211231614235e-15,3.027696929750235e-15,7.0599211231614235e-15,7.0599211231614235e-15,-3.4163012668519634e-16,4.608716509199777e-16,9.617854955094042e-16,0.0,2.581914010756178e-15,1.0665055170949543e-15,2.581914010756178e-15,2.581914010756178e-15,-4.849978593857546e-17,1.747873865292696,0.45307239638078745,0.1257825679058212,2.2888682530328133,1.8056405083336657,2.2888682530328133,2.163085685126992,0.020313345787578742,1.747873865292696,2.2888682530328133
-2.7284841053187856e-15,8.623909141140273e-14,-2.273736754432321e-13,2.273736754432321e-13,8.628224332374101e-14,2.273736754432321e-13,4.547473508864642e-13,1.6120385133220784e-15,6.394884621840901e-17,1.3927181392987983e-15,-3.552713678800501e-15,3.552713678800501e-15,1.3941855222546866e-15,3.552713678800501e-15,7.105427357601002e-15,-2.597948469791121e-16,-2.95666269245487e-17,8.40822179663167e-16,-7.105427357601002e-15,7.105427357601002e-15,8.413418587240353e-16,7.105427357601002e-15,1.4210854715202004e-14,-1.230709645970499e-16,-5.684341886080802e-17,1.2497475191776544e-15,-3.552713678800501e-15,3.552713678800501e-15,1.2510395820910253e-15,3.552713678800501e-15,7.105427357601002e-15,1.9435683933845145e-16,-2.6645352591003758e-18,9.92656112010381e-17,-4.440892098500626e-16,4.440892098500626e-16,9.930136612989092e-17,4.440892098500626e-16,8.881784197001252e-16,-9.094521543037214e-18,2.6332235003589945e-17,1.0545798619554273e-15,-3.552713678800501e-15,3.552713678800501e-15,1.0549085608915176e-15,3.552713678800501e-15,7.105427357601002e-15,-6.970234228454333e-17,-1.824929096727614e-18,4.798900834444915e-15,-5.684341886080803e-14,5.3290705182007514e-14,4.798901181437509e-15,5.684341886080803e-14,1.1013412404281554e-13,-8.417165002253461e-16,3.833044992518353e-17,6.405956420695938e-16,-7.105427357601002e-15,7.105427357601002e-15,6.417413809549936e-16,7.105427357601002e-15,1.4210854715202004e-14,1.1042896470833725e-16,2.2710999747488356e-16,4.456140210311721e-15,-6.394884621840903e-14,5.1514348342607263e-14,4.461923859156501e-15,6.394884621840903e-14,1.1546319456101628e-13,-1.6611213402799075e-16,1.7571361032864275e-16,2.2989288565362623e-15,-7.105427357601002e-15,3.5527136788005016e-14,2.3056342208316243e-15,3.5527136788005016e-14,4.263256414560602e-14,3.411029775335293e-16,0.0,0.0,0.0,0.0,0.0,0.0,0.0,0.0,0.0,2.301983014526353e-14,-5.684341886080803e-14,5.684341886080803e-14,2.301983014526353e-14,5.684341886080803e-14,1.1368683772161605e-13,3.1723393040882065e-15,0.0,1.1675408533417186e-15,-3.552713678800501e-15,3.552713678800501e-15,1.1675408533417186e-15,3.552713678800501e-15,7.105427357601002e-15,-6.1268355658354785e-18,-1.1368683772161616e-16,2.2015067918830474e-14,-5.684341886080803e-14,5.684341886080803e-14,2.2015361458940206e-14,5.684341886080803e-14,1.1368683772161605e-13,1.3955569899958854e-15,-4.8639911542913697e-17,2.7408008746013817e-17,-9.952975943416932e-17,-4.336808689942019e-19,5.583045708503593e-17,9.952975943416932e-17,9.909607856517512e-17,-5.5173139842585295e-18,0.0,0.0,0.0,0.0,0.0,0.0,0.0,0.0,-3.111400026512001e-17,2.8316931443819644e-17,-9.714451465470121e-17,0.0,4.2070531478599954e-17,9.714451465470121e-17,9.714451465470121e-17,1.722840100788067e-18,2.709976945689684e-15,6.118526015406485e-15,0.0,1.6524249668839537e-14,6.6918110887393955e-15,1.6524249668839537e-14,1.6524249668839537e-14,-5.873529702648582e-16,5.5994072427829655e-16,1.6019789207317476e-15,0.0,5.163828021512355e-15,1.6970179955363342e-15,5.163828021512355e-15,5.163828021512355e-15,3.9189939569689045e-16,2.261191879732558e-15,2.0579165293473576e-15,0.0,7.0599211231614235e-15,3.0574514155959266e-15,7.0599211231614235e-15,7.0599211231614235e-15,-1.2520640267354994e-16,4.2601581177476934e-16,9.292200555743406e-16,0.0,2.581914010756178e-15,1.0222227661149484e-15,2.581914010756178e-15,2.581914010756178e-15,9.987523658374202e-17,1.7471473191133964,0.45253724282397706,0.1257825679058212,2.2677652856393027,1.804802956233133,2.2677652856393027,2.1419827177334816,-0.0030156043994142606,1.7471473191133964,2.2677652856393027
-2.728484105318785e-15,8.256388694852917e-14,-2.273736754432321e-13,2.273736754432321e-13,8.260895867617798e-14,2.273736754432321e-13,4.547473508864642e-13,-1.0859475660689938e-14,3.552713678800501e-17,1.4117287951127032e-15,-3.552713678800501e-15,3.552713678800501e-15,1.4121757569080125e-15,3.552713678800501e-15,7.105427357601002e-15,-3.134046581801736e-16,-2.2593038551121934e-17,7.539997158580016e-16,-7.105427357601002e-15,7.105427357601002e-15,7.543381316789704e-16,7.105427357601002e-15,1.4210854715202004e-14,2.519348668472896e-16,-8.526512829121202e-17,1.207002774639595e-15,-3.552713678800501e-15,3.552713678800501e-15,1.2100106776761096e-15,3.552713678800501e-15,7.105427357601002e-15,1.6168038298732814e-17,-3.552713678800501e-18,8.418507214765319e-17,-4.440892098500626e-16,4.440892098500626e-16,8.426000324584082e-17,4.440892098500626e-16,8.881784197001252e-16,1.2551503416121184e-18,1.9226807645988943e-17,9.612051814770882e-16,-3.552713678800501e-15,3.552713678800501e-15,9.613974573664412e-16,3.552713678800501e-15,7.105427357601002e-15,-2.0391692118969117e-16,-3.0665053829537213e-16,5.0731421628577155e-15,-5.684341886080803e-14,3.5527136788005016e-14,5.08240159345968e-15,5.684341886080803e-14,9.237055564881305e-14,-1.4161135670618645e-16,1.8110513089197865e-17,7.431626606166641e-16,-7.105427357601002e-15,7.105427357601002e-15,7.433833000674639e-16,7.105427357601002e-15,1.4210854715202004e-14,-9.046472819022373e-17,2.9991287231467823e-16,3.2442637142039243e-15,-1.4210854715202004e-14,5.1514348342607263e-14,3.258096803086164e-15,5.1514348342607263e-14,6.572520305780927e-14,-8.650656704606795e-16,1.2859852072111267e-16,1.7776200605500158e-15,-7.105427357601002e-15,3.5527136788005016e-14,1.7822655972670013e-15,3.5527136788005016e-14,4.263256414560602e-14,2.80094726520913e-16,0.0,0.0,0.0,0.0,0.0,0.0,0.0,0.0,5.684341886080803e-16,2.2299724657765453e-14,-5.684341886080803e-14,5.684341886080803e-14,2.230696835607499e-14,5.684341886080803e-14,1.1368683772161605e-13,2.9286274004694145e-15,-1.4210854715202004e-17,1.3100989967819935e-15,-3.552713678800501e-15,3.552713678800501e-15,1.3101760682293513e-15,3.552713678800501e-15,7.105427357601002e-15,-4.322822871450655e-17,3.410605131648482e-16,2.201271945703551e-14,-5.684341886080803e-14,5.684341886080803e-14,2.2015361458940206e-14,5.684341886080803e-14,1.1368683772161605e-13,3.996058307939437e-15,-5.066780328633058e-17,2.7175070219407762e-17,-9.97465998686664e-17,-6.505213034913028e-19,5.749531051565888e-17,9.97465998686664e-17,9.909607856517509e-17,-1.0968303361366726e-17,0.0,0.0,0.0,0.0,0.0,0.0,0.0,0.0,-2.9809488211185455e-17,2.8312374181291004e-17,-9.714451465470121e-17,0.0,4.111199483355482e-17,9.714451465470121e-17,9.714451465470121e-17,-1.7045579851131005e-18,2.544734449001289e-15,5.9644072597585264e-15,0.0,1.6524249668839537e-14,6.484583824440402e-15,1.6524249668839537e-14,1.6524249668839537e-14,1.6900250559507821e-16,7.044948603813047e-16,1.7692314371415638e-15,0.0,5.163828021512355e-15,1.9043352873046482e-15,5.163828021512355e-15,5.163828021512355e-15,3.2256918515209638e-18,2.166387224650105e-15,2.0575853329426602e-15,0.0,7.0599211231614235e-15,2.9877903222060187e-15,7.0599211231614235e-15,7.0599211231614235e-15,1.238777605460105e-16,4.2601581177476934e-16,9.399195452582086e-16,0.0,2.581914010756178e-15,1.0319584407525885e-15,2.581914010756178e-15,2.581914010756178e-15,-2.8973094947048294e-17,1.7452276033164411,0.4563486207993812,0.1395756241787408,2.2677652856393027,1.8039050560057608,2.2677652856393027,2.1281896614605618,-0.0036233166910465396,1.7452276033164411,2.2677652856393027
7.275957614183424e-15,1.1021785007862279e-13,-2.273736754432321e-13,6.821210263296962e-13,1.1045774773711964e-13,6.821210263296962e-13,9.094947017729282e-13,6.582127524327911e-14,8.384404281969182e-16,3.637506931703213e-15,-1.4210854715202004e-14,1.4210854715202004e-14,3.732886152807765e-15,1.4210854715202004e-14,2.842170943040401e-14,3.432389435882562e-15,-8.841538612358585e-17,6.272012278164414e-14,-4.547473508864641e-13,5.826450433232823e-13,6.272018510037275e-14,5.826450433232823e-13,1.0373923942097463e-12,-1.2946255843806903e-15,5.471179065352771e-16,3.790404192987538e-15,-7.105427357601002e-15,4.263256414560601e-14,3.829686925829454e-15,4.263256414560601e-14,4.973799150320701e-14,3.411200796217381e-15,2.4868995751603507e-17,1.5692380959363403e-16,-4.440892098500626e-16,8.881784197001252e-16,1.5888218580782547e-16,8.881784197001252e-16,1.3322676295501878e-15,1.4817156151404482e-16,-8.324799183334617e-16,6.416883453522986e-14,-4.831690603168681e-13,5.826450433232823e-13,6.417423430337238e-14,5.826450433232823e-13,1.0658141036401503e-12,-5.945220114614701e-15,2.1481427747715997e-16,1.0030304745684561e-14,-9.947598300641405e-14,1.2789769243681806e-13,1.0032604769705135e-14,1.2789769243681806e-13,2.273736754432321e-13,1.9409036919243613e-15,2.717687186404305e-16,2.4655492246500137e-15,-7.105427357601002e-15,2.8421709430404014e-14,2.4804820530702786e-15,2.8421709430404014e-14,3.5527136788005016e-14,1.3682848932393332e-15,3.3624492079553646e-16,4.0773948586251185e-15,-4.263256414560601e-14,4.263256414560601e-14,4.09123569107224e-15,4.263256414560601e-14,8.526512829121202e-14,3.857784019047613e-16,3.225822386987431e-16,2.7433311675907006e-15,-1.4210854715202004e-14,3.5527136788005016e-14,2.7622319228838202e-15,3.5527136788005016e-14,4.973799150320702e-14,9.150648469164609e-16,5.258016244624741e-16,2.0162894321126302e-15,0.0,1.4210854715202004e-14,2.0837203320830864e-15,1.4210854715202004e-14,1.4210854715202004e-14,2.944114679260831e-15,1.0231815394945446e-15,2.015145298181203e-14,-5.684341886080803e-14,5.684341886080803e-14,2.0177412067481387e-14,5.684341886080803e-14,1.1368683772161605e-13,2.6821924588213467e-16,-4.9737991503207014e-17,1.3188369917958855e-15,-3.552713678800501e-15,3.552713678800501e-15,1.3197745560238666e-15,3.552713678800501e-15,7.105427357601002e-15,5.046129847972944e-17,9.094947017729287e-16,2.0943078088147477e-14,-5.684341886080803e-14,5.684341886080803e-14,2.0962817091669626e-14,5.684341886080803e-14,1.1368683772161605e-13,3.580795008477249e-15,-5.040108955189915e-17,2.810385013698236e-17,-9.97465998686664e-17,-4.336808689942019e-19,5.770698589027607e-17,9.97465998686664e-17,9.931291899967219e-17,-3.9624927590629386e-19,0.0,0.0,0.0,0.0,0.0,0.0,0.0,0.0,-2.1926904736346843e-17,1.1096118520986547e-15,-1.021405182655144e-14,7.327471962526033e-15,1.1098284784006597e-15,1.021405182655144e-14,1.7541523789077473e-14,3.16200824672134e-17,2.242912961300111e-15,5.42830615846958e-15,0.0,1.6524249668839537e-14,5.873428836893046e-15,1.6524249668839537e-14,1.6524249668839537e-14,-1.2185606652501386e-15,6.360158649362614e-16,1.6342889633802644e-15,0.0,5.163828021512355e-15,1.7536865729876473e-15,5.163828021512355e-15,5.163828021512355e-15,-2.9760826847456816e-16,8.102448630153841e-15,3.5969277660747567e-14,0.0,3.396532264748417e-13,3.687056562137657e-14,3.396532264748417e-13,3.396532264748417e-13,3.4347143340687477e-14,7.0452424307349e-16,1.381706252837384e-15,0.0,5.34886130502936e-15,1.5509566654836617e-15,5.34886130502936e-15,5.34886130502936e-15,1.2906913720935067e-15,1.7738803312669125,0.4437848223594951,0.1432290880212802,2.9809680164204413,1.8285503543004389,2.9809680164204413,2.837738928399161,0.15224201360884207,1.7738803312669125,2.9809680164204413
2.1373125491663814e-14,1.4815478165752943e-12,-8.640199666842818e-12,7.275957614183426e-12,1.481701975193495e-12,8.640199666842818e-12,1.5916157281026244e-11,9.708719789524545e-14,9.521272659185343e-16,1.6040089541667488e-14,-8.526512829121202e-14,8.526512829121202e-14,1.6068323460623273e-14,8.526512829121202e-14,1.7053025658242404e-13,2.4643494164805373e-15,1.1456349757743568e-14,1.2317830631996936e-12,-9.350742402602918e-12,5.9969806898152456e-12,1.2318363376420556e-12,9.350742402602918e-12,1.5347723092418164e-11,7.425655516294956e-14,-3.339550858072471e-16,1.2867246063931136e-13,-7.531752999057062e-13,5.826450433232823e-13,1.2867289401025556e-13,7.531752999057062e-13,1.3358203432289883e-12,-5.510833306653867e-15,1.9539925233402754e-17,3.0634451816110975e-15,-1.8651746813702633e-14,1.5099033134902132e-14,3.063507497855094e-15,1.8651746813702633e-14,3.3750779948604765e-14,-1.7465736109552e-17,1.1518390408138401e-14,1.2495137847986934e-12,-9.308109838457312e-12,6.141753772226366e-12,1.2495668736484454e-12,9.308109838457312e-12,1.544986361068368e-11,7.924402376805996e-14,1.816588546255105e-15,2.2355660701918006e-14,-9.947598300641405e-14,3.2684965844964614e-13,2.2429345941548682e-14,3.2684965844964614e-13,4.263256414560602e-13,8.152870760405685e-15,1.0669104488769679e-15,1.4008152299856424e-14,-4.263256414560601e-14,2.273736754432321e-13,1.40487233854858e-14,2.273736754432321e-13,2.700062395888381e-13,5.033148382436341e-15,6.814965258783446e-16,1.0083111095913702e-14,-5.684341886080803e-14,1.7053025658242404e-13,1.010611532129543e-14,1.7053025658242404e-13,2.2737367544323206e-13,2.761140118940561e-15,1.4373086054675355e-15,1.3601147549403443e-14,-1.4210854715202004e-14,1.7053025658242404e-13,1.367688088300817e-14,1.7053025658242404e-13,1.8474111129762605e-13,6.1951463586529975e-15,9.379164112033323e-16,5.678014534183092e-15,-2.8421709430404014e-14,2.8421709430404014e-14,5.754957536315882e-15,2.8421709430404014e-14,5.684341886080803e-14,3.1549799366516726e-15,-4.092726157978178e-15,3.107292342220992e-14,-1.1368683772161605e-13,1.1368683772161605e-13,3.134129827251451e-14,1.1368683772161605e-13,2.273736754432321e-13,-2.6955353451647354e-14,-7.105427357601002e-18,1.2610682367848401e-15,-3.552713678800501e-15,3.552713678800501e-15,1.2610882542175863e-15,3.552713678800501e-15,7.105427357601002e-15,-3.2395643054355716e-16,2.160049916710705e-15,3.258253662203813e-14,-2.273736754432321e-13,2.842170943040401e-13,3.2654058068931303e-14,2.842170943040401e-13,5.115907697472722e-13,6.7218193752289654e-15,-5.0230652970384425e-17,2.8259991239925005e-17,-1.0148132334464322e-16,-4.336808689942019e-19,5.763458686163915e-17,1.0148132334464322e-16,1.0104764247564901e-16,3.481091413130658e-18,0.0,0.0,0.0,0.0,0.0,0.0,0.0,0.0,-5.68295410730002e-16,2.1559581537092026e-14,-1.636468738297481e-13,1.504352198367087e-13,2.1567070170247423e-14,1.636468738297481e-13,3.140820936664568e-13,-2.992702227084927e-15,2.787866765088931e-15,5.441317813316494e-15,0.0,1.6524249668839537e-14,6.113930049109395e-15,1.6524249668839537e-14,1.6524249668839537e-14,2.332700516740528e-15,5.140936758541792e-16,1.4320042247183011e-15,0.0,5.163828021512355e-15,1.521488878422818e-15,5.163828021512355e-15,5.163828021512355e-15,-4.346515842890074e-16,2.2334490991249886e-13,6.027416202731291e-13,0.0,4.853110137299765e-12,6.427911088318656e-13,4.853110137299765e-12,4.853110137299765e-12,1.0936105009029921e-12,1.9972641393864497e-15,4.4114978506584894e-15,0.0,2.5143055051666675e-14,4.84255896493203e-15,2.5143055051666675e-14,2.5143055051666675e-14,7.701474411602764e-15,1.83260596094002,0.4386598581698834,0.1432290880212802,3.8254308986984777,1.8843744530327606,3.8254308986984777,3.6822018106771974,0.3615109393657509,1.83260596094002,3.8254308986984777
8.185452315956354e-15,1.7511420057372832e-12,-8.640199666842818e-12,7.275957614183426e-12,1.7511611364712307e-12,8.640199666842818e-12,1.5916157281026244e-11,-4.375377505415388e-14,1.0516032489249482e-15,1.9810125163751714e-14,-8.526512829121202e-14,8.526512829121202e-14,1.983801724963103e-14,8.526512829121202e-14,1.7053025658242404e-13,1.1807773654379812e-15,-2.6180155265898012e-14,1.414195545959471e-12,-9.350742402602918e-12,5.9969806898152456e-12,1.414437853969326e-12,9.350742402602918e-12,1.5347723092418164e-11,-1.006005908982553e-13,-1.1510792319313631e-15,1.5410945588945866e-13,-7.531752999057062e-13,5.826450433232823e-13,1.5411375466824234e-13,7.531752999057062e-13,1.3358203432289883e-12,-8.804943467613064e-15,-8.881784197001253e-19,3.6533725921435946e-15,-1.8651746813702633e-14,1.5099033134902132e-14,3.653372700106972e-15,1.8651746813702633e-14,3.3750779948604765e-14,-1.7900783982195692e-16,-2.539551728630851e-14,1.4376746276808194e-12,-9.308109838457312e-12,6.141753772226366e-12,1.4378989072168535e-12,9.308109838457312e-12,1.544986361068368e-11,-9.192730814341352e-14,8.963246811433124e-16,3.179768619172629e-14,-2.557953848736361e-13,3.2684965844964614e-13,3.181031664541438e-14,3.2684965844964614e-13,5.826450433232823e-13,-7.398787171753051e-16,1.3691131561799352e-15,1.6270427169627513e-14,-5.684341886080803e-14,2.273736754432321e-13,1.6327929174165905e-14,2.273736754432321e-13,2.842170943040401e-13,3.948058945636921e-15,9.373474219032121e-16,1.2170353257108854e-14,-5.684341886080803e-14,1.7053025658242404e-13,1.2206396626038687e-14,1.7053025658242404e-13,2.2737367544323206e-13,2.725606998914699e-15,1.689634543389218e-15,1.492356567518104e-14,-4.263256414560601e-14,1.7053025658242404e-13,1.5018910657955717e-14,1.7053025658242404e-13,2.1316282072803006e-13,4.053565700001352e-15,1.7053025658242404e-15,7.621047005723042e-15,-2.8421709430404014e-14,2.8421709430404014e-14,7.809507942530494e-15,2.8421709430404014e-14,5.684341886080803e-14,4.650268194469216e-15,-1.8189894035458573e-15,3.405751038981687e-14,-1.1368683772161605e-13,1.1368683772161605e-13,3.4106051316484814e-14,1.1368683772161605e-13,2.273736754432321e-13,-6.105051261601518e-15,-2.842170943040401e-17,1.3098677552310293e-15,-3.552713678800501e-15,3.552713678800501e-15,1.3101760682293513e-15,3.552713678800501e-15,7.105427357601002e-15,1.191329137801365e-16,1.932676241267473e-15,3.097022270417908e-14,-2.273736754432321e-13,2.842170943040401e-13,3.1030467798600926e-14,2.842170943040401e-13,5.115907697472722e-13,2.7815833468893593e-15,-5.020116267129282e-17,2.8610520427170155e-17,-1.0148132334464322e-16,-4.336808689942019e-19,5.778164598437054e-17,1.0148132334464322e-16,1.0104764247564901e-16,8.307736152373046e-18,0.0,0.0,0.0,0.0,0.0,0.0,0.0,0.0,-1.7313928069029317e-16,2.4755677289990386e-14,-1.636468738297481e-13,1.504352198367087e-13,2.4756282743915e-14,1.636468738297481e-13,3.140820936664568e-13,9.521059921839208e-17,2.943138697570365e-15,5.0541746764117705e-15,0.0,1.6524249668839537e-14,5.848653439281404e-15,1.6524249668839537e-14,1.6524249668839537e-14,2.540948178293777e-15,4.57943341906035e-16,1.2657900322349252e-15,0.0,5.163828021512355e-15,1.3460819106211035e-15,5.163828021512355e-15,5.163828021512355e-15,-4.757453856297804e-16,3.4944597538803867e-13,6.394971155836895e-13,0.0,4.853110137299765e-12,7.287448459884684e-13,4.853110137299765e-12,4.853110137299765e-12,1.1431529851005917e-12,3.118382257653605e-15,4.959376942975974e-15,0.0,2.5143055051666675e-14,5.858304154563034e-15,2.5143055051666675e-14,2.5143055051666675e-14,9.049858239151869e-15,1.8721469624809597,0.3869943974796605,0.1432290880212802,3.8254308986984777,1.9117266836049889,3.8254308986984777,3.6822018106771974,0.3205329735950926,1.8721469624809597,3.8254308986984777
1.1368683772161604e-14,1.7513308830579344e-12,-8.640199666842818e-12,7.275957614183426e-12,1.751367782312783e-12,8.640199666842818e-12,1.5916157281026244e-11,-5.4433530204912726e-14,1.030286966852145e-15,1.9842438636971503e-14,-8.526512829121202e-14,8.526512829121202e-14,1.9869168636257656e-14,8.526512829121202e-14,1.7053025658242404e-13,-1.7869086117636338e-15,-2.3213472810645904e-14,1.4150935419242575e-12,-9.350742402602918e-12,5.9969806898152456e-12,1.4152839283040246e-12,9.350742402602918e-12,1.5347723092418164e-11,-2.7266024933534076e-14,-7.53175299905707e-16,1.5417905764099027e-13,-7.531752999057062e-13,5.826450433232823e-13,1.541808972865841e-13,7.531752999057062e-13,1.3358203432289883e-12,-4.566534775069467e-15,7.10542735760099e-18,3.654391300529895e-15,-1.8651746813702633e-14,1.5099033134902132e-14,3.654398208253516e-15,1.8651746813702633e-14,3.3750779948604765e-14,-1.5466005056814167e-16,-2.2778166505754703e-14,1.4384386617455874e-12,-9.308109838457312e-12,6.141753772226366e-12,1.4386190004562709e-12,9.308109838457312e-12,1.544986361068368e-11,-2.1688530774227333e-14,1.4061668496268003e-15,3.670943042176042e-14,-2.557953848736361e-13,3.2684965844964614e-13,3.6736352392406334e-14,3.2684965844964614e-13,5.826450433232823e-13,-3.1182292277218676e-16,1.2849582509133483e-15,1.6322405455585467e-14,-5.684341886080803e-14,2.273736754432321e-13,1.637290559317791e-14,2.273736754432321e-13,2.842170943040401e-13,7.649325284962768e-16,1.0264011862659575e-15,1.2214379469465985e-14,-5.684341886080803e-14,1.7053025658242404e-13,1.2257428980796922e-14,1.7053025658242404e-13,2.2737367544323206e-13,5.751606775680547e-16,1.5607931613814685e-15,1.483606114106413e-14,-4.263256414560601e-14,1.7053025658242404e-13,1.4917935027141265e-14,1.7053025658242404e-13,2.1316282072803006e-13,9.243834905775685e-16,1.9895196601282807e-15,8.412057802018322e-15,-2.8421709430404014e-14,2.8421709430404014e-14,8.644125458514253e-15,2.8421709430404014e-14,5.684341886080803e-14,1.9639911786039655e-15,-2.04636307898909e-15,3.249057644891081e-14,-1.1368683772161605e-13,1.1368683772161605e-13,3.25549559949567e-14,1.1368683772161605e-13,2.273736754432321e-13,-5.255463396472331e-16,-4.263256414560601e-17,1.2703423154280123e-15,-3.552713678800501e-15,3.552713678800501e-15,1.2710574864626038e-15,3.552713678800501e-15,7.105427357601002e-15,1.5197956000808838e-16,2.0463630789890888e-15,2.9355869973744626e-14,-2.273736754432321e-13,2.842170943040401e-13,2.94271083147232e-14,2.842170943040401e-13,5.115907697472722e-13,-3.003510946274074e-15,-5.0035496579337033e-17,2.848057624590512e-17,-1.0148132334464322e-16,0.0,5.757338049167917e-17,1.0148132334464322e-16,1.0148132334464322e-16,5.054641419327543e-18,0.0,0.0,0.0,0.0,0.0,0.0,0.0,0.0,-2.1938006966593103e-16,2.4770757935222044e-14,-1.636468738297481e-13,1.504352198367087e-13,2.4771729376455177e-14,1.636468738297481e-13,3.140820936664568e-13,2.700334965612983e-16,2.6873395784030182e-15,4.39808544377358e-15,0.0,1.6524249668839537e-14,5.1541196707473095e-15,1.6524249668839537e-14,1.6524249668839537e-14,5.347158418982452e-16,3.78290296917606e-16,1.0880571290491139e-15,0.0,5.163828021512355e-15,1.151942648232372e-15,5.163828021512355e-15,5.163828021512355e-15,-7.254824680483349e-16,3.5045381075271406e-13,6.394215339706377e-13,0.0,4.853110137299765e-12,7.291623766874307e-13,4.853110137299765e-12,4.853110137299765e-12,3.15068335996431e-13,3.054829246568506e-15,4.991579244149902e-15,0.0,2.5143055051666675e-14,5.8521658449089084e-15,2.5143055051666675e-14,2.5143055051666675e-14,2.216186439566767e-15,1.9097955690553765,0.32188033294870455,0.1432290880212802,3.8254308986984777,1.9367307671234837,3.8254308986984777,3.6822018106771974,0.19118170218608993,1.9097955690553765,3.8254308986984777
1.1823431123048063e-14,1.7516525593684196e-12,-8.640199666842818e-12,7.275957614183426e-12,1.75169246223915e-12,8.640199666842818e-12,1.5916157281026244e-11,-9.519740950293891e-14,1.2150280781497714e-15,2.00257857536047e-14,-8.526512829121202e-14,8.526512829121202e-14,2.0062611701370515e-14,8.526512829121202e-14,1.7053025658242404e-13,-3.5778166856327446e-15,-2.307463942141652e-14,1.4150986110072687e-12,-9.350742402602918e-12,5.9969806898152456e-12,1.4152867263770724e-12,9.350742402602918e-12,1.5347723092418164e-11,2.951185686380652e-14,-6.536993168992929e-16,1.5419424633919825e-13,-7.531752999057062e-13,5.826450433232823e-13,1.5419563199685737e-13,7.531752999057062e-13,1.3358203432289883e-12,-2.8540842344184155e-15,7.105427357601002e-18,3.6542833656523344e-15,-1.8651746813702633e-14,1.5099033134902132e-14,3.654290273579986e-15,1.8651746813702633e-14,3.3750779948604765e-14,-1.7189177559705428e-16,-2.2764392150834147e-14,1.438438857765904e-12,-9.308109838457312e-12,6.141753772226366e-12,1.4386189784237088e-12,9.308109838457312e-12,1.544986361068368e-11,3.2762357767155923e-14,2.51243470472673e-15,4.677418958394675e-14,-3.979039320256561e-13,3.694822225952521e-13,4.6841617599956e-14,3.979039320256561e-13,7.673861546209082e-13,-6.573650472931768e-16,1.4295231665073515e-15,1.6411159860971257e-14,-5.684341886080803e-14,2.273736754432321e-13,1.6473302779525885e-14,2.273736754432321e-13,2.842170943040401e-13,-1.8894134427342343e-15,9.99644811372491e-16,1.2145623086481234e-14,-5.684341886080803e-14,1.7053025658242404e-13,1.2186691507860936e-14,1.7053025658242404e-13,2.2737367544323206e-13,-1.6059981023030686e-15,1.5618339954670546e-15,1.4837037361778017e-14,-4.263256414560601e-14,1.7053025658242404e-13,1.4919014816809905e-14,1.7053025658242404e-13,2.1316282072803006e-13,-2.7233521492477694e-15,1.7905676941154525e-15,9.254791175217561e-15,-2.8421709430404014e-14,2.8421709430404014e-14,9.42641460811558e-15,2.8421709430404014e-14,5.684341886080803e-14,-3.94193792710789e-15,-2.3874235921539384e-15,3.093848962686504e-14,-1.1368683772161605e-13,1.1368683772161605e-13,3.1030467798600926e-14,1.1368683772161605e-13,2.273736754432321e-13,6.966892797862385e-15,-2.842170943040401e-17,1.100401089081853e-15,-3.552713678800501e-15,3.552713678800501e-15,1.10076807294701e-15,3.552713678800501e-15,7.105427357601002e-15,1.269616481142597e-16,1.5916157281026246e-15,2.8033431483028635e-14,-2.273736754432321e-13,2.842170943040401e-13,2.807857762315614e-14,2.842170943040401e-13,5.115907697472722e-13,-4.6182724976254075e-15,-4.969852654412854e-17,2.8944658793940946e-17,-1.0148132334464322e-16,0.0,5.751292735859576e-17,1.0148132334464322e-16,1.0148132334464322e-16,-9.718279283439578e-18,0.0,0.0,0.0,0.0,0.0,0.0,0.0,0.0,-2.1366242108911134e-16,2.4770801086699814e-14,-1.636468738297481e-13,1.504352198367087e-13,2.4771722550259484e-14,1.636468738297481e-13,3.140820936664568e-13,7.546265674881946e-16,2.4726176900508657e-15,3.658913197331053e-15,0.0,1.3680726560964624e-14,4.4160484629084204e-15,1.3680726560964624e-14,1.3680726560964624e-14,-1.1683097340390868e-15,2.126842667364962e-16,6.545589550506314e-16,0.0,2.733697813789243e-15,6.882456123755643e-16,2.733697813789243e-15,2.733697813789243e-15,-4.3365548343303283e-16,3.50038283966608e-13,6.396477039294505e-13,0.0,4.853110137299765e-12,7.291611518618541e-13,4.853110137299765e-12,4.853110137299765e-12,-5.213719183907353e-13,3.0615320120371074e-15,5.033088811368791e-15,0.0,2.5143055051666675e-14,5.891091685235741e-15,2.5143055051666675e-14,2.5143055051666675e-14,-4.224990494433349e-15,1.946062578335955,0.23430450039521042,0.3563711120030111,3.8254308986984777,1.9601168734810264,3.8254308986984777,3.4690597866954667,-0.01483095385277796,1.946062578335955,3.8254308986984777
3.63797880709171e-15,1.7503896006337027e-12,-8.640199666842818e-12,7.275957614183426e-12,1.750393381185045e-12,8.640199666842818e-12,1.5916157281026244e-11,-4.472317659257052e-14,5.684341886080804e-17,1.9996364281142682e-14,-8.526512829121202e-14,8.526512829121202e-14,1.9996445075023373e-14,8.526512829121202e-14,1.7053025658242404e-13,-2.128054219866895e-15,-2.3161916828939865e-14,1.4137084229086739e-12,-9.350742402602918e-12,5.9969806898152456e-12,1.4138981502902255e-12,9.350742402602918e-12,1.5347723092418164e-11,8.446432109952886e-14,-1.307398633798585e-15,1.5417273430584795e-13,-7.531752999057062e-13,5.826450433232823e-13,1.5417827763511058e-13,7.531752999057062e-13,1.3358203432289883e-12,2.0361516863793646e-15,-1.953992523340276e-17,3.651430570525396e-15,-1.8651746813702633e-14,1.5099033134902132e-14,3.651482852218471e-15,1.8651746813702633e-14,3.3750779948604765e-14,-1.9976036792776453e-17,-2.1917882005867417e-14,1.4370200459300772e-12,-9.308109838457312e-12,6.141753772226366e-12,1.437187185427321e-12,9.308109838457312e-12,1.544986361068368e-11,8.290929672471024e-14,3.1106228703947645e-15,4.9198103688957233e-14,-3.979039320256561e-13,3.694822225952521e-13,4.929634247316135e-14,3.979039320256561e-13,7.673861546209082e-13,1.837601262107175e-15,1.168398711115515e-15,1.6347973314136488e-14,-5.684341886080803e-14,2.273736754432321e-13,1.6389673182460204e-14,2.273736754432321e-13,2.842170943040401e-13,-3.4164873192663745e-15,8.137934770502399e-16,1.1663412093516665e-14,-5.684341886080803e-14,1.7053025658242404e-13,1.16917681077962e-14,1.7053025658242404e-13,2.2737367544323206e-13,-2.6906727012777163e-15,1.3065104553788843e-15,1.4767865244558852e-14,-4.263256414560601e-14,1.7053025658242404e-13,1.4825545974818723e-14,1.7053025658242404e-13,2.1316282072803006e-13,-5.1847814132518664e-15,1.2931877790833823e-15,9.847814718573267e-15,-2.8421709430404014e-14,2.8421709430404014e-14,9.932360714518923e-15,2.8421709430404014e-14,5.684341886080803e-14,-4.661670916216742e-15,-2.501110429875554e-15,3.0824860581712397e-14,-1.1368683772161605e-13,1.1368683772161605e-13,3.0926163410039054e-14,1.1368683772161605e-13,2.273736754432321e-13,1.361791318433058e-14,-7.105427357601002e-18,1.0173175613111341e-15,-7.105427357601002e-15,7.105427357601002e-15,1.0173423748423967e-15,7.105427357601002e-15,1.4210854715202004e-14,8.509493841441476e-20,1.2505552149377766e-15,2.6510980782151005e-14,-2.273736754432321e-13,2.842170943040401e-13,2.654045949823002e-14,2.842170943040401e-13,5.115907697472722e-13,-6.438623420185894e-15,-5.0915868743395263e-17,2.9016889144725167e-17,-1.0148132334464322e-16,0.0,5.860380145973403e-17,1.0148132334464322e-16,1.0148132334464322e-16,-5.139435118335888e-18,0.0,0.0,0.0,0.0,0.0,0.0,0.0,0.0,-2.1571633368466792e-16,2.4745935929471078e-14,-1.636468738297481e-13,1.504352198367087e-13,2.4746876137446233e-14,1.636468738297481e-13,3.140820936664568e-13,1.2871460384559597e-15,2.5597172893998916e-15,3.665859646197857e-15,0.0,1.3680726560964624e-14,4.471093775271841e-15,1.3680726560964624e-14,1.3680726560964624e-14,-4.415181512619749e-15,1.5207171604548373e-16,5.652082769550207e-16,0.0,4.0143657387576275e-15,5.853086392318856e-16,4.0143657387576275e-15,4.0143657387576275e-15,-3.0110400915259385e-16,3.4367862729371456e-13,6.420348349611337e-13,0.0,4.853110137299765e-12,7.282332924015917e-13,4.853110137299765e-12,4.853110137299765e-12,-1.3199891299283435e-12,2.7915832821028595e-15,5.111591525069355e-15,0.0,2.5143055051666675e-14,5.824199957082262e-15,2.5143055051666675e-14,2.5143055051666675e-14,-8.423204694953643e-15,1.9523808583028335,0.17170767421607688,1.5597229873058174,3.8254308986984777,1.959916973050645,3.8254308986984777,2.2657079113926604,-0.10732399410744553,1.9523808583028335,3.8254308986984777
-1.1823431123048065e-14,9.37411119687659e-13,-3.637978807091713e-12,4.092726157978177e-12,9.374856803373542e-13,4.092726157978177e-12,7.73070496506989e-12,7.104950825945881e-14,-1.136868377216161e-16,1.2836547937821032e-14,-5.684341886080803e-14,5.684341886080803e-14,1.2837051361471159e-14,5.684341886080803e-14,1.1368683772161605e-13,-8.373341939975322e-16,-3.485922661639051e-14,6.959961471155125e-13,-3.296918293926865e-12,2.586375558166765e-12,6.96868569014223e-13,3.296918293926865e-12,5.8832938520936295e-12,2.0170819106807007e-13,-3.694822225952526e-16,8.504852131641077e-14,-3.694822225952521e-13,3.979039320256561e-13,8.504932389631789e-14,3.979039320256561e-13,7.673861546209082e-13,2.5681652413461187e-15,-1.4210854715202004e-17,1.9931135367312313e-15,-7.993605777301127e-15,9.769962616701378e-15,1.9931641976247255e-15,9.769962616701378e-15,1.7763568394002505e-14,6.828868807754153e-17,-3.428950444981163e-14,7.120617384847083e-13,-3.33244543071487e-12,2.790656594697794e-12,7.128868700777696e-13,3.33244543071487e-12,6.123102025412663e-12,2.0054011660741522e-13,1.8967050152696174e-15,5.059570765030848e-14,-3.979039320256561e-13,3.694822225952521e-13,5.0631246504016003e-14,3.979039320256561e-13,7.673861546209082e-13,8.301856873273576e-15,3.850253449400044e-16,8.785076991292737e-15,-5.684341886080803e-14,1.1368683772161605e-13,8.793510235348976e-15,1.1368683772161605e-13,1.705302565824241e-13,-1.2484544336456737e-15,3.956834859764058e-16,7.0895559104010844e-15,-2.8421709430404014e-14,8.526512829121202e-14,7.100589301443746e-15,8.526512829121202e-14,1.1368683772161603e-13,-1.2904275120185653e-15,2.482458683061851e-16,6.470503518669192e-15,-4.263256414560601e-14,5.684341886080803e-14,6.475263839894207e-15,5.684341886080803e-14,9.947598300641404e-14,-1.003210821135419e-15,7.389644451905042e-16,9.35432682483848e-15,-2.8421709430404014e-14,2.8421709430404014e-14,9.383469443502678e-15,2.8421709430404014e-14,5.684341886080803e-14,-5.108419342892254e-15,2.5011104298755533e-15,1.667596420548662e-14,0.0,1.1368683772161605e-13,1.686248307827478e-14,1.1368683772161605e-13,1.1368683772161605e-13,-1.464722155939096e-14,-7.105427357601002e-18,1.0418359364536134e-15,-7.105427357601002e-15,7.105427357601002e-15,1.0418601660415432e-15,7.105427357601002e-15,1.4210854715202004e-14,-1.2500446453072908e-16,0.0,0.0,0.0,0.0,0.0,0.0,0.0,0.0,-5.017514181915317e-17,2.919675271981784e-17,-1.0148132334464322e-16,0.0,5.805165997587255e-17,1.0148132334464322e-16,1.0148132334464322e-16,4.6380065456870906e-18,0.0,0.0,0.0,0.0,0.0,0.0,0.0,0.0,3.365641099151162e-16,1.2181439998316422e-14,-5.684341886080803e-14,5.773159728050814e-14,1.2186088619104416e-14,5.773159728050814e-14,1.1457501614131615e-13,-1.7763189455604857e-15,1.880328912034073e-15,2.613600099202065e-15,0.0,1.2845970364024409e-14,3.219711523720764e-15,1.2845970364024409e-14,1.2845970364024409e-14,-1.7563018373891986e-15,1.324740693790017e-16,5.735206753545642e-16,0.0,4.0143657387576275e-15,5.886215627353351e-16,4.0143657387576275e-15,4.0143657387576275e-15,-2.268717595352961e-16,1.2800651938301717e-13,3.1955494840088864e-13,0.0,1.6308360813702864e-12,3.442397915001247e-13,1.6308360813702864e-12,1.6308360813702864e-12,-6.358278887177524e-13,1.4893296890790796e-15,3.341182432609524e-15,0.0,1.605746295503051e-14,3.658087337769682e-15,1.605746295503051e-14,1.605746295503051e-14,-5.272064120898566e-15,1.9302898894898217,0.017815117250216173,1.869584372189544,2.1223716229768645,1.9303720977752625,2.1223716229768645,0.25278725078732056,-0.007322396573644849,1.9302898894898217,2.1223716229768645
1.8189894035458565e-15,9.537126409790892e-14,-4.547473508864641e-13,4.547473508864641e-13,9.538860905833204e-14,4.547473508864641e-13,9.094947017729282e-13,-2.339634274740417e-14,-3.9790393202565626e-16,5.8111102444045755e-15,-2.8421709430404014e-14,2.8421709430404014e-14,5.824717144355191e-15,2.8421709430404014e-14,5.684341886080803e-14,-1.0299891345676941e-15,2.671640686457977e-15,4.913885885678988e-14,-2.8421709430404014e-14,9.663381206337365e-13,4.92114327540365e-14,9.663381206337365e-13,9.947598300641405e-13,-1.8826404174798075e-14,5.115907697472722e-16,6.5847648021330626e-15,-2.8421709430404014e-14,5.684341886080803e-14,6.604608437682062e-15,5.684341886080803e-14,8.526512829121205e-14,-2.1260119413449444e-15,7.105427357601002e-18,9.703527072522649e-17,0.0,1.7763568394002505e-15,9.729507111180988e-17,1.7763568394002505e-15,1.7763568394002505e-15,-4.224963692274123e-17,2.6114357716062108e-15,4.5439888893124955e-14,-5.861977570020828e-14,9.094947017729282e-13,4.551486679546328e-14,9.094947017729282e-13,9.681144774731365e-13,-1.5559435981441173e-14,5.382805312592609e-15,5.3673985567154276e-14,-3.979039320256561e-13,3.979039320256561e-13,5.3943223111864195e-14,3.979039320256561e-13,7.958078640513122e-13,8.848113193557417e-15,1.918465386552271e-16,3.351516758479223e-15,-2.8421709430404014e-14,3.0198066269804264e-14,3.357003079647243e-15,3.0198066269804264e-14,5.861977570020828e-14,4.887108681811019e-16,4.9293902293356963e-17,2.2610281727148556e-15,-2.8421709430404014e-14,2.8421709430404014e-14,2.2615654504377237e-15,2.8421709430404014e-14,5.684341886080803e-14,-5.872880359005167e-16,6.217248937900877e-18,1.8556768070792034e-15,-2.8421709430404014e-14,2.8421709430404014e-14,1.855687222167578e-15,2.8421709430404014e-14,5.684341886080803e-14,1.4880977355215264e-16,-1.4210854715202004e-16,8.689562915953074e-15,-1.4210854715202004e-14,1.4210854715202004e-14,8.690724855239669e-15,1.4210854715202004e-14,2.842170943040401e-14,-2.0718915605134036e-15,0.0,0.0,0.0,0.0,0.0,0.0,0.0,0.0,-2.842170943040401e-17,1.1231071430574522e-15,-7.105427357601002e-15,7.105427357601002e-15,1.1234667099445444e-15,7.105427357601002e-15,1.4210854715202004e-14,-3.4037975365753807e-18,0.0,0.0,0.0,0.0,0.0,0.0,0.0,0.0,-5.0154325137441445e-17,2.886609345833927e-17,-9.887923813067799e-17,0.0,5.7868019505922e-17,9.887923813067799e-17,9.887923813067799e-17,7.990863459949894e-18,0.0,0.0,0.0,0.0,0.0,0.0,0.0,0.0,-5.2957638274619965e-17,8.732874227136305e-16,-1.7430501486614958e-14,0.0,8.748916699348788e-16,1.7430501486614958e-14,1.7430501486614958e-14,3.1556261263402477e-16,1.5013727862953525e-15,1.9424055269121507e-15,0.0,4.0143657387576275e-15,2.455007021254143e-15,4.0143657387576275e-15,4.0143657387576275e-15,3.6855242818342506e-16,1.1240224068521358e-16,6.246951603796207e-16,0.0,4.0143657387576275e-15,6.347269547709289e-16,4.0143657387576275e-15,4.0143657387576275e-15,1.3749803608199775e-16,1.4959784823338972e-15,2.4669136234848323e-14,0.0,4.923870476444903e-13,2.4714453952962678e-14,4.923870476444903e-13,4.923870476444903e-13,-8.9141980970064e-15,3.402174963597089e-16,1.610624806833685e-15,0.0,8.028731477515255e-15,1.6461653055563147e-15,8.028731477515255e-15,8.028731477515255e-15,1.757547011911759e-16,1.9290114160762022,0.0012685752162731236,1.9225774013380503,1.9373659803357297,1.9290118332025323,1.9373659803357297,0.01478857899767938,-0.0002682089543003978,1.9290114160762022,1.9373659803357297
9.094947017729283e-16,9.319103632428516e-14,-4.547473508864641e-13,4.547473508864641e-13,9.319547430968304e-14,4.547473508864641e-13,9.094947017729282e-13,7.733428003099124e-16,-3.4106051316484815e-16,5.952024417960469e-15,-2.8421709430404014e-14,2.8421709430404014e-14,5.961788066145753e-15,2.8421709430404014e-14,5.684341886080803e-14,-5.96345328407998e-16,-1.705302565824241e-16,5.5377861077826e-15,-2.8421709430404014e-14,2.8421709430404014e-14,5.540411134921308e-15,2.8421709430404014e-14,5.684341886080803e-14,9.462557151679401e-17,1.1368683772161608e-16,5.391441710061999e-15,-2.8421709430404014e-14,2.8421709430404014e-14,5.392640207733813e-15,2.8421709430404014e-14,5.684341886080803e-14,-1.6338228175561553e-16,0.0,0.0,0.0,0.0,0.0,0.0,0.0,0.0,1.1904099396758266e-18,4.675359211633964e-17,-9.934002405398433e-17,9.963817965141786e-17,4.676874438773759e-17,9.963817965141786e-17,1.989782037054022e-16,-1.6453846996145336e-18,3.3764102624900268e-15,5.80676910329447e-14,-3.979039320256561e-13,3.979039320256561e-13,5.816577076045819e-14,3.979039320256561e-13,7.958078640513122e-13,-5.520986196493441e-15,2.411404409485841e-16,3.9356841179588076e-15,-2.8421709430404014e-14,3.0198066269804264e-14,3.9430645681517926e-15,3.0198066269804264e-14,5.861977570020828e-14,-4.4007379244363375e-16,-2.042810365310288e-17,1.873818831203399e-15,-2.8421709430404014e-14,2.8421709430404014e-14,1.8739301800204126e-15,2.8421709430404014e-14,5.684341886080803e-14,-1.7545512614315654e-16,6.66133814775094e-17,2.249630754108827e-15,-2.8421709430404014e-14,2.8421709430404014e-14,2.2506167760025516e-15,2.8421709430404014e-14,5.684341886080803e-14,3.390501452448084e-16,-2.5579538487363605e-16,8.916402585420281e-15,-1.4210854715202004e-14,1.4210854715202004e-14,8.92007098313753e-15,1.4210854715202004e-14,2.842170943040401e-14,9.622535635898462e-16,0.0,0.0,0.0,0.0,0.0,0.0,0.0,0.0,-7.105427357601002e-17,1.2286432469317237e-15,-7.105427357601002e-15,7.105427357601002e-15,1.230696119285481e-15,7.105427357601002e-15,1.4210854715202004e-14,-3.0072551235643045e-16,0.0,0.0,0.0,0.0,0.0,0.0,0.0,0.0,-4.892440619297389e-17,2.9153744931727066e-17,-9.887923813067799e-17,-8.673617379884035e-19,5.69520707690186e-17,9.887923813067799e-17,9.801187639268959e-17,1.2553352402820475e-17,0.0,0.0,0.0,0.0,0.0,0.0,0.0,0.0,0.0,0.0,0.0,0.0,0.0,0.0,0.0,0.0,1.581660101070505e-15,1.9615589322727474e-15,0.0,4.0143657387576275e-15,2.5197940630332e-15,4.0143657387576275e-15,4.0143657387576275e-15,4.377822085883472e-16,1.204309721627288e-16,6.847994958228812e-16,0.0,4.0143657387576275e-15,6.953085419691982e-16,4.0143657387576275e-15,4.0143657387576275e-15,2.0355478488502744e-16,0.0,0.0,0.0,0.0,0.0,0.0,0.0,0.0,3.532641850106712e-16,1.6466534843927223e-15,0.0,8.028731477515255e-15,1.6841209226400428e-15,8.028731477515255e-15,8.028731477515255e-15,-3.0614947334621065e-16,1.928970056160883,9.755411915167768e-05,1.92846617276997,1.9295905798101975,1.9289700586276932,1.9295905798101975,0.0011244070402276485,-2.275582572692116e-05,1.928970056160883,1.9295905798101975
1.8189894035458565e-15,9.093127846390408e-14,-4.547473508864641e-13,4.547473508864641e-13,9.094947017729283e-14,4.547473508864641e-13,9.094947017729282e-13,-8.278035608951186e-15,-4.547473508864642e-16,5.944419382286185e-15,-2.8421709430404014e-14,2.8421709430404014e-14,5.961788066145753e-15,2.8421709430404014e-14,5.684341886080803e-14,1.6569686408048715e-15,-2.8421709430404023e-16,5.232991679668537e-15,-2.8421709430404014e-14,2.8421709430404014e-14,5.2407042729174066e-15,2.8421709430404014e-14,5.684341886080803e-14,1.7720169975411163e-15,1.262177448353619e-32,5.392640207733813e-15,-2.8421709430404014e-14,2.8421709430404014e-14,5.392640207733813e-15,2.8421709430404014e-14,5.684341886080803e-14,-1.5793620569709533e-16,0.0,0.0,0.0,0.0,0.0,0.0,0.0,0.0,1.5158870811313953e-18,4.091510279439972e-17,-9.934002405398433e-17,9.963817965141786e-17,4.0943174648762105e-17,9.963817965141786e-17,1.989782037054022e-16,-6.074899900365126e-18,2.0130563882503344e-15,5.3257431422551836e-14,-3.979039320256561e-13,3.979039320256561e-13,5.3295463200445934e-14,3.979039320256561e-13,7.958078640513122e-13,-9.125767340736237e-15,1.705302565824241e-16,3.704793945015498e-15,-2.8421709430404014e-14,2.8421709430404014e-14,3.708716589796741e-15,2.8421709430404014e-14,5.684341886080803e-14,1.912402372190243e-16,-2.9309887850104134e-17,1.8770660682429605e-15,-2.8421709430404014e-14,2.8421709430404014e-14,1.877294887351178e-15,2.8421709430404014e-14,5.684341886080803e-14,-7.536220483323817e-17,4.440892098500626e-19,2.5822364747982577e-15,-2.8421709430404014e-14,2.8421709430404014e-14,2.58223651298516e-15,2.8421709430404014e-14,5.684341886080803e-14,-1.7237043462563488e-17,-5.684341886080802e-17,8.805961120319494e-15,-1.4210854715202004e-14,1.4210854715202004e-14,8.80614458357608e-15,1.4210854715202004e-14,2.842170943040401e-14,2.1716228283350645e-16,0.0,0.0,0.0,0.0,0.0,0.0,0.0,0.0,-4.263256414560601e-17,1.4555550754638076e-15,-7.105427357601002e-15,7.105427357601002e-15,1.4561792860887975e-15,7.105427357601002e-15,1.4210854715202004e-14,4.203689957670522e-17,0.0,0.0,0.0,0.0,0.0,0.0,0.0,0.0,-4.7727446994549896e-17,2.89407994583369e-17,-9.97465998686664e-17,0.0,5.581647668838695e-17,9.97465998686664e-17,9.97465998686664e-17,4.068331666228929e-18,0.0,0.0,0.0,0.0,0.0,0.0,0.0,0.0,0.0,0.0,0.0,0.0,0.0,0.0,0.0,0.0,1.5415164436829288e-15,1.9524184620893614e-15,0.0,4.0143657387576275e-15,2.487611464287028e-15,4.0143657387576275e-15,4.0143657387576275e-15,-1.5038246743513691e-16,1.6860336102782034e-16,8.05238140303592e-16,0.0,4.0143657387576275e-15,8.227001616320887e-16,4.0143657387576275e-15,4.0143657387576275e-15,1.4913248528893595e-16,0.0,0.0,0.0,0.0,0.0,0.0,0.0,0.0,3.532641850106712e-16,1.6466534843927223e-15,0.0,8.028731477515255e-15,1.6841209226400426e-15,8.028731477515255e-15,8.028731477515255e-15,-1.846127477464584e-16,1.9289664179699466,7.665357949611573e-06,1.928928339282133,1.929013939941191,1.928966417985177,1.929013939941191,8.560065905793834e-05,-1.0296223961643826e-06,1.9289664179699466,1.929013939941191
-2.7284841053187848e-15,8.380686476171125e-14,-4.547473508864641e-13,4.547473508864641e-13,8.385126836667848e-14,4.547473508864641e-13,9.094947017729282e-13,-2.940881071601044e-16,-1.1368683772161608e-16,5.391441710061999e-15,-2.8421709430404014e-14,2.8421709430404014e-14,5.392640207733813e-15,2.8421709430404014e-14,5.684341886080803e-14,3.526334247892032e-16,5.684341886080802e-17,5.240395987127973e-15,-2.8421709430404014e-14,2.8421709430404014e-14,5.2407042729174066e-15,2.8421709430404014e-14,5.684341886080803e-14,2.0484053575110327e-15,5.684341886080803e-17,4.922456280569864e-15,-2.8421709430404014e-14,2.8421709430404014e-14,4.9227844771419245e-15,2.8421709430404014e-14,5.684341886080803e-14,-4.3636684418895746e-16,0.0,0.0,0.0,0.0,0.0,0.0,0.0,0.0,7.250699342159975e-19,2.9368893566492655e-17,-9.934002405398433e-17,9.963817965141786e-17,2.9377842598282765e-17,9.963817965141786e-17,1.989782037054022e-16,-3.7917133623752926e-18,1.0467182676165979e-15,5.25369811397943e-14,-3.979039320256561e-13,3.979039320256561e-13,5.254740722828163e-14,3.979039320256561e-13,7.958078640513122e-13,-6.537370777782137e-15,1.6031620475587265e-16,3.302727580117539e-15,-2.8421709430404014e-14,2.8421709430404014e-14,3.306616209053657e-15,2.8421709430404014e-14,5.684341886080803e-14,-1.237439957554659e-16,-4.1744385725905886e-17,1.871780125605017e-15,-2.8421709430404014e-14,2.8421709430404014e-14,1.8722455587741603e-15,2.8421709430404014e-14,5.684341886080803e-14,-3.8601191438224735e-17,1.0569323194431492e-16,2.5751950233644447e-15,-2.8421709430404014e-14,2.8421709430404014e-14,2.5773630841695235e-15,2.8421709430404014e-14,5.684341886080803e-14,-2.026855064357597e-16,-3.1263880373444406e-16,8.959783305948753e-15,-1.4210854715202004e-14,1.4210854715202004e-14,8.965236188252848e-15,1.4210854715202004e-14,2.842170943040401e-14,-5.776244419568329e-16,0.0,0.0,0.0,0.0,0.0,0.0,0.0,0.0,-8.526512829121202e-17,1.4880061044901168e-15,-7.105427357601002e-15,7.105427357601002e-15,1.490447016536438e-15,7.105427357601002e-15,1.4210854715202004e-14,-3.6420633641356097e-17,0.0,0.0,0.0,0.0,0.0,0.0,0.0,0.0,-4.836582523370936e-17,2.8412913908695156e-17,-9.97465998686664e-17,0.0,5.609408816729835e-17,9.97465998686664e-17,9.97465998686664e-17,-8.726573189947077e-18,0.0,0.0,0.0,0.0,0.0,0.0,0.0,0.0,0.0,0.0,0.0,0.0,0.0,0.0,0.0,0.0,1.5977175640255354e-15,1.964973596473936e-15,0.0,4.0143657387576275e-15,2.5325525955516516e-15,4.0143657387576275e-15,4.0143657387576275e-15,-2.1566999645588758e-16,1.7663209250533562e-16,8.233267421963613e-16,0.0,4.0143657387576275e-15,8.420604613200214e-16,4.0143657387576275e-15,4.0143657387576275e-15,-2.4807337978430428e-17,0.0,0.0,0.0,0.0,0.0,0.0,0.0,0.0,2.8903433319054916e-16,1.495673160555704e-15,0.0,8.028731477515255e-15,1.5233446914502292e-15,8.028731477515255e-15,8.028731477515255e-15,-1.9884331371858148e-16,1.928966237720282,6.491320823228459e-07,1.928961754434944,1.9289698668362445,1.9289662377203916,1.9289698668362445,8.112401300497396e-06,3.4187038716270786e-08,1.928966237720282,1.9289698668362445
-2.7284841053187848e-15,8.860457772452157e-14,-4.547473508864641e-13,4.547473508864641e-13,8.864657815874092e-14,4.547473508864641e-13,9.094947017729282e-13,-6.110497337660031e-15,-2.842170943040402e-16,4.914572987726895e-15,-2.8421709430404014e-14,2.8421709430404014e-14,4.9227844771419245e-15,2.8421709430404014e-14,5.684341886080803e-14,-2.443926631261086e-16,2.273736754432321e-16,4.750423253375671e-15,-2.8421709430404014e-14,2.8421709430404014e-14,4.755861633237121e-15,2.8421709430404014e-14,5.684341886080803e-14,6.834825453443265e-16,5.684341886080803e-17,4.922456280569864e-15,-2.8421709430404014e-14,2.8421709430404014e-14,4.9227844771419245e-15,2.8421709430404014e-14,5.684341886080803e-14,3.335721585843769e-17,0.0,0.0,0.0,0.0,0.0,0.0,0.0,0.0,2.2127455478225567e-20,1.533333461133881e-17,-9.709030454607691e-17,9.23198149871407e-17,1.533335057733849e-17,9.709030454607691e-17,1.8941011953321762e-16,6.148668342806598e-20,-2.042810365310286e-16,5.082788591676452e-14,-3.979039320256561e-13,3.979039320256561e-13,5.0828296425411646e-14,3.979039320256561e-13,7.958078640513122e-13,-1.3025333306947414e-14,2.0206059048177855e-16,4.333010872533392e-15,-2.8421709430404014e-14,2.8421709430404014e-14,4.33771964328245e-15,2.8421709430404014e-14,5.684341886080803e-14,-1.7637521516476232e-16,-2.2204460492503132e-17,1.862026392417546e-15,-2.8421709430404014e-14,2.8421709430404014e-14,1.8621587805891482e-15,2.8421709430404014e-14,5.684341886080803e-14,5.900802135672389e-16,1.3544720900426912e-16,2.5712909061189087e-15,-2.8421709430404014e-14,2.8421709430404014e-14,2.5748558931165147e-15,2.8421709430404014e-14,5.684341886080803e-14,3.220790234647899e-16,-5.684341886080802e-17,8.713745699679668e-15,-1.4210854715202004e-14,1.4210854715202004e-14,8.713931104441537e-15,1.4210854715202004e-14,2.842170943040401e-14,-3.825868431110688e-16,0.0,0.0,0.0,0.0,0.0,0.0,0.0,0.0,-9.947598300641403e-17,1.520694260453286e-15,-7.105427357601002e-15,7.105427357601002e-15,1.5239443903799963e-15,7.105427357601002e-15,1.4210854715202004e-14,-9.888031843751391e-17,0.0,0.0,0.0,0.0,0.0,0.0,0.0,0.0,-4.9453496853146815e-17,2.8684476801342676e-17,-9.97465998686664e-17,0.0,5.717033811664024e-17,9.97465998686664e-17,9.97465998686664e-17,-5.822978493265102e-18,0.0,0.0,0.0,0.0,0.0,0.0,0.0,0.0,0.0,0.0,0.0,0.0,0.0,0.0,0.0,0.0,1.5094015177728677e-15,1.9444785411829895e-15,0.0,4.0143657387576275e-15,2.4615624588817897e-15,4.0143657387576275e-15,4.0143657387576275e-15,-1.4249796466679738e-16,1.8466082398285084e-16,8.40949739980627e-16,0.0,4.0143657387576275e-15,8.609855312881334e-16,4.0143657387576275e-15,4.0143657387576275e-15,-1.2336362258265999e-16,0.0,0.0,0.0,0.0,0.0,0.0,0.0,0.0,2.4086194432545764e-16,1.3695989916457624e-15,0.0,8.028731477515255e-15,1.3906170839383964e-15,8.028731477515255e-15,8.028731477515255e-15,4.480705231763007e-17,1.9289662414414825,5.333876527786195e-08,1.9289658989052103,1.9289665163639211,1.9289662414414832,1.9289665163639211,6.174587108276341e-07,1.0441198782835982e-08,1.9289662414414825,1.9289665163639211
1.8189894035458565e-15,8.132733967107255e-14,-4.547473508864641e-13,4.547473508864641e-13,8.134767913360664e-14,4.547473508864641e-13,9.094947017729282e-13,2.831959550430665e-16,0.0,5.084229945850416e-15,-2.8421709430404014e-14,2.8421709430404014e-14,5.084229945850416e-15,2.8421709430404014e-14,5.684341886080803e-14,-1.211751923020819e-16,2.842170943040402e-16,3.8025655613465846e-15,-2.8421709430404014e-14,2.8421709430404014e-14,3.8131724593878115e-15,2.8421709430404014e-14,5.684341886080803e-14,-9.305982464996953e-16,0.0,5.084229945850416e-15,-2.8421709430404014e-14,2.8421709430404014e-14,5.084229945850416e-15,2.8421709430404014e-14,5.684341886080803e-14,3.3629519661364273e-16,0.0,0.0,0.0,0.0,0.0,0.0,0.0,0.0,-8.903649328898616e-24,2.757391638641611e-22,-3.388131789017202e-21,3.388131789017202e-21,2.758828763440724e-22,3.388131789017202e-21,6.776263578034404e-21,5.0401717153112824e-23,-3.4452440900167858e-15,4.498846707207684e-14,-3.979039320256561e-13,2.557953848736361e-13,4.5120193664645754e-14,3.979039320256561e-13,6.536993168992922e-13,3.4744476091938673e-15,1.9140244944537699e-16,4.31088581579195e-15,-2.8421709430404014e-14,2.8421709430404014e-14,4.315132838563596e-15,2.8421709430404014e-14,5.684341886080803e-14,5.28774628873327e-16,8.748557434046236e-17,1.8516278702298406e-15,-1.7763568394002505e-15,2.8421709430404014e-14,1.8536934739944403e-15,2.8421709430404014e-14,3.0198066269804264e-14,3.821135025161372e-16,1.252331571777177e-16,2.5730544147986976e-15,-2.8421709430404014e-14,2.8421709430404014e-14,2.5761002242094085e-15,2.8421709430404014e-14,5.684341886080803e-14,8.36164138594332e-17,0.0,8.713931104441537e-15,-1.4210854715202004e-14,1.4210854715202004e-14,8.713931104441537e-15,1.4210854715202004e-14,2.842170943040401e-14,-1.3649228121667057e-15,0.0,0.0,0.0,0.0,0.0,0.0,0.0,0.0,-8.526512829121202e-17,1.4185252113597675e-15,-7.105427357601002e-15,7.105427357601002e-15,1.4210854715202005e-15,7.105427357601002e-15,1.4210854715202004e-14,2.5494443548949233e-16,0.0,0.0,0.0,0.0,0.0,0.0,0.0,0.0,-4.9108286881427434e-17,2.955212406555792e-17,-9.97465998686664e-17,0.0,5.731449971180683e-17,9.97465998686664e-17,9.97465998686664e-17,-7.055857893964204e-19,0.0,0.0,0.0,0.0,0.0,0.0,0.0,0.0,0.0,0.0,0.0,0.0,0.0,0.0,0.0,0.0,1.5094015177728677e-15,1.9444785411829895e-15,0.0,4.0143657387576275e-15,2.4615624588817897e-15,4.0143657387576275e-15,4.0143657387576275e-15,-9.096023925424436e-17,1.6057462955030508e-16,7.866518160693618e-16,0.0,4.0143657387576275e-15,8.028731477515254e-16,4.0143657387576275e-15,4.0143657387576275e-15,-7.769119800996794e-17,0.0,0.0,0.0,0.0,0.0,0.0,0.0,0.0,2.5691940728048816e-16,1.4130567400426846e-15,0.0,8.028731477515255e-15,1.4362231485453148e-15,8.028731477515255e-15,8.028731477515255e-15,1.0961381897445977e-16,1.9289662430219718,4.1027860210861375e-09,1.928966216988984,1.9289662642925676,1.928966243021972,1.9289662642925676,4.7303583494695545e-08,9.176420400726109e-10,1.9289662430219718,1.9289662642925676
-1.8189894035458565e-15,8.626306736099196e-14,-4.547473508864641e-13,4.547473508864641e-13,8.6282243323741e-14,4.547473508864641e-13,9.094947017729282e-13,8.278035608951193e-16,0.0,4.755861633237122e-15,-2.8421709430404014e-14,2.8421709430404014e-14,4.755861633237122e-15,2.8421709430404014e-14,5.684341886080803e-14,-7.624506481928696e-17,0.0,4.019436694230465e-15,-2.8421709430404014e-14,2.8421709430404014e-14,4.019436694230465e-15,2.8421709430404014e-14,5.684341886080803e-14,-1.655607121790241e-15,0.0,5.084229945850416e-15,-2.8421709430404014e-14,2.8421709430404014e-14,5.084229945850416e-15,2.8421709430404014e-14,5.684341886080803e-14,4.343245656670119e-16,0.0,0.0,0.0,0.0,0.0,0.0,0.0,0.0,-4.33322683633095e-25,2.0460592459106466e-23,-2.1175823681357513e-22,2.1175823681357513e-22,2.0465180486030302e-23,2.1175823681357513e-22,4.235164736271503e-22,1.9667827443322188e-24,-1.778133196239651e-15,4.2024896557779214e-14,-3.979039320256561e-13,3.410605131648481e-13,4.2062497409873476e-14,3.979039320256561e-13,7.389644451905042e-13,-4.3766454199977755e-16,1.8340884366807588e-16,4.378794621722398e-15,-2.8421709430404014e-14,2.8421709430404014e-14,4.382634041664973e-15,2.8421709430404014e-14,5.684341886080803e-14,1.544419947884546e-16,1.6386891843467315e-16,2.2430391200857437e-15,-1.7763568394002505e-15,2.8421709430404014e-14,2.2490170111993322e-15,2.8421709430404014e-14,3.0198066269804264e-14,4.532422341632598e-16,-4.52970994047064e-17,2.8733840283397537e-15,-2.8421709430404014e-14,2.8421709430404014e-14,2.8737410463596872e-15,2.8421709430404014e-14,5.684341886080803e-14,-3.4701715885385505e-16,-8.810729923425242e-16,8.552006884805022e-15,-1.4210854715202004e-14,1.4210854715202004e-14,8.597273484982778e-15,1.4210854715202004e-14,2.842170943040401e-14,-3.959637674298081e-15,0.0,0.0,0.0,0.0,0.0,0.0,0.0,0.0,-4.263256414560601e-17,1.4555550754638076e-15,-7.105427357601002e-15,7.105427357601002e-15,1.4561792860887975e-15,7.105427357601002e-15,1.4210854715202004e-14,-4.5440697113280554e-17,0.0,0.0,0.0,0.0,0.0,0.0,0.0,0.0,-5.1056381344949384e-17,2.9515562986966136e-17,-9.97465998686664e-17,0.0,5.897391401694873e-17,9.97465998686664e-17,9.97465998686664e-17,-1.8739584069467904e-18,0.0,0.0,0.0,0.0,0.0,0.0,0.0,0.0,0.0,0.0,0.0,0.0,0.0,0.0,0.0,0.0,1.4692578603852914e-15,1.9337579362027416e-15,0.0,4.0143657387576275e-15,2.42860832909118e-15,4.0143657387576275e-15,4.0143657387576275e-15,4.300900107655776e-16,1.6860336102782034e-16,8.05238140303592e-16,0.0,4.0143657387576275e-15,8.227001616320887e-16,4.0143657387576275e-15,4.0143657387576275e-15,-2.56727102334919e-17,0.0,0.0,0.0,0.0,0.0,0.0,0.0,0.0,2.2480448137042717e-16,1.3245217102867785e-15,0.0,8.028731477515255e-15,1.3434637382025761e-15,8.028731477515255e-15,8.028731477515255e-15,-2.949957865031951e-16,1.9289662431703574,3.2809014172008905e-10,1.928966241200648,1.928966245005526,1.9289662431703574,1.928966245005526,3.804877968249798e-09,3.214118933051963e-11,1.9289662431703574,1.928966245005526
-7.275957614183426e-15,9.065796471533477e-14,-4.547473508864641e-13,4.547473508864641e-13,9.094947017729283e-14,4.547473508864641e-13,9.094947017729282e-13,-1.9997991286887376e-14,-5.684341886080803e-17,3.812748750018273e-15,-2.8421709430404014e-14,2.8421709430404014e-14,3.8131724593878115e-15,2.8421709430404014e-14,5.684341886080803e-14,3.7646000754523117e-16,-1.1368683772161603e-16,3.593295475475114e-15,-2.8421709430404014e-14,2.8421709430404014e-14,3.5950934718225424e-15,2.8421709430404014e-14,5.684341886080803e-14,-1.4023645850690361e-15,-1.1368683772161608e-16,5.082958729442035e-15,-2.8421709430404014e-14,2.8421709430404014e-14,5.084229945850416e-15,2.8421709430404014e-14,5.684341886080803e-14,-8.332496369536408e-16,0.0,9.729507111180988e-17,-8.881784197001252e-16,8.881784197001252e-16,9.729507111180988e-17,8.881784197001252e-16,1.7763568394002505e-15,-2.9357753752962254e-18,-8.259747913277436e-26,3.7526499928806185e-24,-2.646977960169689e-23,2.646977960169689e-23,3.753558886260611e-24,2.646977960169689e-23,5.293955920339378e-23,5.110564681956118e-25,-1.3993251002375472e-15,3.815118088519357e-14,-3.979039320256561e-13,3.410605131648481e-13,3.817683477805506e-14,3.979039320256561e-13,7.389644451905042e-13,1.94456294047723e-15,1.2745360322696796e-16,4.5600227687086834e-15,-2.8421709430404014e-14,2.8421709430404014e-14,4.561803598590928e-15,2.8421709430404014e-14,5.684341886080803e-14,3.080968613965771e-17,5.062616992290715e-17,2.8775474419222466e-15,-2.8421709430404014e-14,2.8421709430404014e-14,2.877992753568765e-15,2.8421709430404014e-14,5.684341886080803e-14,-4.3181426498378766e-16,-9.237055564881304e-17,3.1428446580572276e-15,-2.8421709430404014e-14,2.8421709430404014e-14,3.1442017849097604e-15,2.8421709430404014e-14,5.684341886080803e-14,-1.1229234441835032e-15,-3.723243935382925e-15,9.398049841128916e-15,-1.4210854715202004e-14,1.4210854715202004e-14,1.0108703488514686e-14,1.4210854715202004e-14,2.842170943040401e-14,-1.534874423167913e-14,0.0,0.0,0.0,0.0,0.0,0.0,0.0,0.0,-4.263256414560601e-17,1.4555550754638076e-15,-7.105427357601002e-15,7.105427357601002e-15,1.4561792860887975e-15,7.105427357601002e-15,1.4210854715202004e-14,3.7492829865377255e-16,0.0,0.0,0.0,0.0,0.0,0.0,0.0,0.0,-5.635422684058255e-17,2.840769541520616e-17,-9.887923813067799e-17,0.0,6.31093974111856e-17,9.887923813067799e-17,9.887923813067799e-17,-2.4042519472306416e-17,0.0,0.0,0.0,0.0,0.0,0.0,0.0,0.0,0.0,0.0,0.0,0.0,0.0,0.0,0.0,0.0,2.0312690638113595e-15,2.007038347009226e-15,0.0,4.0143657387576275e-15,2.855565957207538e-15,4.0143657387576275e-15,4.0143657387576275e-15,2.477945376132283e-15,1.6860336102782034e-16,8.052381403035921e-16,0.0,4.0143657387576275e-15,8.227001616320887e-16,4.0143657387576275e-15,4.0143657387576275e-15,1.699014194104127e-16,0.0,0.0,0.0,0.0,0.0,0.0,0.0,0.0,1.5053871520341102e-16,1.068011800970874e-15,0.0,8.028731477515255e-15,1.0785690111384358e-15,8.028731477515255e-15,8.028731477515255e-15,-2.0802587486951198e-16,1.9289662431762584,2.7895473776091032e-11,1.928966243023558,1.9289662433650785,1.9289662431762586,1.9289662433650785,3.4152058958625275e-10,-2.4771385755785834e-12,1.9289662431762584,1.9289662433650785
-1.0913936421275139e-14,1.0312242217375289e-13,-4.547473508864641e-13,4.547473508864641e-13,1.0369835082193621e-13,4.547473508864641e-13,9.094947017729282e-13,-4.411321607401626e-14,-1.932676241267473e-15,8.591446035056415e-15,-5.684341886080803e-14,2.8421709430404014e-14,8.806144583576084e-15,5.684341886080803e-14,8.526512829121205e-14,-8.614330805564848e-15,-2.2737367544323214e-15,8.5075439228011e-15,-5.684341886080803e-14,2.8421709430404014e-14,8.806144583576082e-15,5.684341886080803e-14,8.526512829121205e-14,-9.413542467152735e-15,-2.273736754432321e-16,5.0791431712442965e-15,-2.8421709430404014e-14,2.8421709430404014e-14,5.084229945850416e-15,2.8421709430404014e-14,5.684341886080803e-14,-1.1804369856843247e-15,0.0,9.729507111180988e-17,-8.881784197001252e-16,8.881784197001252e-16,9.729507111180988e-17,8.881784197001252e-16,1.7763568394002505e-15,-2.9357753752962254e-18,-1.818372492510005e-15,7.409391655669147e-15,-5.688505222423147e-14,2.8504976157250894e-14,7.629257056137026e-15,5.688505222423147e-14,8.539002838148237e-14,-8.772051549779117e-15,-1.3069545445887343e-15,4.079447390247296e-14,-3.979039320256561e-13,3.410605131648481e-13,4.081540433661252e-14,3.979039320256561e-13,7.389644451905042e-13,5.483672065998731e-15,-3.9612757518625596e-16,6.327957035551618e-15,-5.684341886080803e-14,2.8421709430404014e-14,6.340343626303717e-15,5.684341886080803e-14,8.526512829121205e-14,-2.668673000480775e-15,-3.6148861681795114e-16,4.592672703203534e-15,-2.8421709430404014e-14,2.8421709430404014e-14,4.606877096129199e-15,2.8421709430404014e-14,5.684341886080803e-14,-2.600554502280061e-15,-3.3173463975799687e-16,4.5935333160354625e-15,-2.8421709430404014e-14,2.8421709430404014e-14,4.605496302977901e-15,2.8421709430404014e-14,5.684341886080803e-14,-1.5019735289167228e-15,-3.495870259939693e-15,9.484976401888312e-15,-1.4210854715202004e-14,1.4210854715202004e-14,1.0108703488514686e-14,1.4210854715202004e-14,2.842170943040401e-14,-8.12384358054434e-15,0.0,0.0,0.0,0.0,0.0,0.0,0.0,0.0,2.842170943040401e-17,1.5564616626412623e-15,-7.105427357601002e-15,7.105427357601002e-15,1.5567211377889581e-15,7.105427357601002e-15,1.4210854715202004e-14,2.8796127159427267e-16,0.0,0.0,0.0,0.0,0.0,0.0,0.0,0.0,-5.597952656977157e-17,2.854303380141662e-17,-1.006139616066548e-16,0.0,6.283639211129624e-17,1.006139616066548e-16,1.006139616066548e-16,-1.734341213558146e-17,-2.273736754432321e-16,3.587896080275528e-15,-5.684341886080803e-14,0.0,3.5950934718225424e-15,5.684341886080803e-14,5.684341886080803e-14,-1.1028304018504071e-15,-4.996003610813204e-18,4.883404032371325e-17,-5.551115123125784e-16,4.440892098500626e-16,4.9088935071126874e-17,5.551115123125784e-16,9.992007221626409e-16,-2.5045833670495886e-17,2.085862198459411e-15,2.0681579008058353e-15,0.0,4.711009612136502e-15,2.9373624586740274e-15,4.711009612136502e-15,4.711009612136502e-15,1.7788467946857828e-15,2.0049929656949166e-16,8.950526287607892e-16,0.0,4.7029025572197294e-15,9.172345262671156e-16,4.7029025572197294e-15,4.7029025572197294e-15,1.960190663884268e-16,2.2303153889358665e-16,1.5988374323808239e-15,0.0,1.8139713492993208e-14,1.614318494759738e-15,1.8139713492993208e-14,1.8139713492993208e-14,1.1275524890829384e-15,8.097369304285884e-16,2.7215658867132123e-15,0.0,1.8702184266897415e-14,2.8394708613086672e-15,1.8702184266897415e-14,1.8702184266897415e-14,2.9622138161471625e-15,1.928264827503117,0.0016835318709693947,1.9218717079233307,1.928966243190142,1.9282655624330345,1.928966243190142,0.007094535266811253,-0.0036477600250284614,1.928264827503117,1.928966243190142
-8.185452315956354e-15,1.013546053580993e-13,-4.547473508864641e-13,4.547473508864641e-13,1.016845989170083e-13,4.547473508864641e-13,9.094947017729282e-13,-1.663231628272168e-14,-1.7621459846850488e-15,8.342437446803353e-15,-5.684341886080803e-14,2.8421709430404014e-14,8.526512829121203e-15,5.684341886080803e-14,8.526512829121205e-14,-5.175814534116448e-15,-2.3305801732931295e-15,8.77287523474358e-15,-5.684341886080803e-14,2.8421709430404014e-14,9.077166068136259e-15,5.684341886080803e-14,8.526512829121205e-14,-4.1628443872316295e-15,-3.979039320256562e-16,5.2255768807906064e-15,-2.8421709430404014e-14,2.8421709430404014e-14,5.2407042729174066e-15,2.8421709430404014e-14,5.684341886080803e-14,-8.420995105487367e-16,0.0,9.729507111180988e-17,-8.881784197001252e-16,8.881784197001252e-16,9.729507111180988e-17,8.881784197001252e-16,1.7763568394002505e-15,-2.935775375296226e-18,-1.8168490224389987e-15,7.409805203310845e-15,-5.688505222423147e-14,2.8504976157250894e-14,7.629295742160611e-15,5.688505222423147e-14,8.539002838148237e-14,-4.407678285218965e-15,6.346034808757398e-16,3.964517336958303e-14,-3.979039320256561e-13,3.410605131648481e-13,3.965025211877265e-14,3.979039320256561e-13,7.389644451905042e-13,8.140718970518643e-15,-4.3742787170231177e-16,6.209969146553203e-15,-5.684341886080803e-14,2.8421709430404014e-14,6.225356210216788e-15,5.684341886080803e-14,8.526512829121205e-14,-1.5535197878612349e-15,-4.1877612488860917e-16,4.758623645616163e-15,-2.8421709430404014e-14,2.8421709430404014e-14,4.777015013938514e-15,2.8421709430404014e-14,5.684341886080803e-14,-1.213342134682436e-15,-4.640732242933156e-16,4.5786539761682025e-15,-2.8421709430404014e-14,2.8421709430404014e-14,4.602112144546989e-15,2.8421709430404014e-14,5.684341886080803e-14,-5.523352899468092e-16,-3.694822225952521e-15,9.558318493418618e-15,-1.4210854715202004e-14,1.4210854715202004e-14,1.0247593068766007e-14,1.4210854715202004e-14,2.842170943040401e-14,9.762091334898046e-16,0.0,0.0,0.0,0.0,0.0,0.0,0.0,0.0,1.4210854715202004e-17,1.523878130487777e-15,-7.105427357601002e-15,7.105427357601002e-15,1.5239443903799963e-15,7.105427357601002e-15,1.4210854715202004e-14,-1.8227335808360853e-16,0.0,0.0,0.0,0.0,0.0,0.0,0.0,0.0,-5.66716812366863e-17,2.7830606105967406e-17,-1.006139616066548e-16,0.0,6.31365353057807e-17,1.006139616066548e-16,1.006139616066548e-16,-6.513439986966757e-18,-2.273736754432321e-16,3.587896080275528e-15,-5.684341886080803e-14,0.0,3.5950934718225424e-15,5.684341886080803e-14,5.684341886080803e-14,-5.582227959983543e-16,-9.325873406851316e-18,5.062714379338637e-17,-5.551115123125784e-16,4.440892098500626e-16,5.1478923876445174e-17,5.551115123125784e-16,9.992007221626409e-16,-3.336519350891458e-17,2.2022427784159704e-15,2.128664769460512e-15,0.0,4.7936444062451936e-15,3.0628560129114243e-15,4.7936444062451936e-15,4.7936444062451936e-15,5.662087757031802e-16,1.969259795266203e-16,8.996604732564147e-16,0.0,4.761903948423741e-15,9.209608072836079e-16,4.761903948423741e-15,4.761903948423741e-15,7.972922984022261e-17,3.677233996321062e-16,1.6550579663198243e-15,0.0,1.8139713492993208e-14,1.6954165772799633e-15,1.8139713492993208e-14,1.8139713492993208e-14,1.2717080571388477e-15,7.615645415634967e-16,2.6638038678600007e-15,0.0,1.8702184266897415e-14,2.770529118668981e-15,1.8702184266897415e-14,1.8702184266897415e-14,1.3590655122265726e-15,1.9261087880220689,0.004393932469913657,1.914527187774396,1.9289662431769523,1.9261137998411189,1.9289662431769523,0.014439055402556411,-0.012589862136595891,1.9261087880220689,1.9289662431769523
-1.000444171950221e-14,9.701797869591442e-14,-4.547473508864641e-13,4.547473508864641e-13,9.753244098431977e-14,4.547473508864641e-13,9.094947017729282e-13,2.8047291701380714e-14,-1.9895196601282815e-15,8.291153873082536e-15,-5.684341886080803e-14,2.8421709430404014e-14,8.526512829121203e-15,5.684341886080803e-14,8.526512829121205e-14,-6.405946963834766e-16,-2.2737367544323214e-15,8.695371059717647e-15,-5.684341886080803e-14,2.8421709430404014e-14,8.987733679556356e-15,5.684341886080803e-14,8.526512829121205e-14,1.0088855898409295e-15,-3.979039320256562e-16,5.2255768807906064e-15,-2.8421709430404014e-14,2.8421709430404014e-14,5.2407042729174066e-15,2.8421709430404014e-14,5.684341886080803e-14,-8.237190038512288e-17,0.0,9.729507111180988e-17,-8.881784197001252e-16,8.881784197001252e-16,9.729507111180988e-17,8.881784197001252e-16,1.7763568394002505e-15,-2.9357753752962262e-18,-1.8169809698433062e-15,7.409805956261368e-15,-5.688505222423147e-14,2.8504976157250894e-14,7.629327896624916e-15,5.688505222423147e-14,8.539002838148237e-14,-5.701246996015716e-17,6.417089082333406e-16,4.224882200587597e-14,-3.410605131648481e-13,3.410605131648481e-13,4.225369511897268e-14,3.410605131648481e-13,6.821210263296962e-13,-3.0482017442425722e-15,-5.853095785823828e-16,6.047312575809821e-15,-5.684341886080803e-14,2.8421709430404014e-14,6.075572128806299e-15,5.684341886080803e-14,8.526512829121205e-14,7.38411328090814e-17,-4.614086890342152e-16,4.577544804607277e-15,-2.8421709430404014e-14,2.8421709430404014e-14,4.600740637821627e-15,2.8421709430404014e-14,5.684341886080803e-14,5.967814399673726e-17,-4.058975378029574e-16,5.081758525482271e-15,-2.8421709430404014e-14,2.8421709430404014e-14,5.097942969718889e-15,2.8421709430404014e-14,5.684341886080803e-14,9.012192190121298e-16,-3.296918293926865e-15,9.826844568172961e-15,-1.4210854715202004e-14,1.4210854715202004e-14,1.0365160124371454e-14,1.4210854715202004e-14,2.842170943040401e-14,1.1122929590020861e-14,0.0,0.0,0.0,0.0,0.0,0.0,0.0,0.0,0.0,1.6202867315927533e-15,-7.105427357601002e-15,7.105427357601002e-15,1.6202867315927533e-15,7.105427357601002e-15,1.4210854715202004e-14,-1.2355785057768454e-16,0.0,0.0,0.0,0.0,0.0,0.0,0.0,0.0,-5.73829178618368e-17,2.6973653663107574e-17,-1.006139616066548e-16,0.0,6.340644489541726e-17,1.006139616066548e-16,1.006139616066548e-16,1.3757146619491154e-17,-2.273736754432321e-16,3.587896080275528e-15,-5.684341886080803e-14,0.0,3.5950934718225424e-15,5.684341886080803e-14,5.684341886080803e-14,-1.3615190146301355e-17,-1.4099832412739488e-17,5.211796513446377e-17,-5.551115123125784e-16,4.440892098500626e-16,5.399155085589337e-17,5.551115123125784e-16,9.992007221626409e-16,-3.4198857983692994e-17,2.3190656971616785e-15,2.191149272314456e-15,0.0,4.794485396491904e-15,3.190485988265134e-15,4.794485396491904e-15,4.794485396491904e-15,-5.390909749722165e-16,2.303736098519774e-16,9.870415884527192e-16,0.0,4.794485396491904e-15,1.0135694832874056e-15,4.794485396491904e-15,4.794485396491904e-15,8.109821403020963e-17,5.28788143420506e-16,1.7019018503334099e-15,0.0,1.8139713492993208e-14,1.782157907928024e-15,1.8139713492993208e-14,1.8139713492993208e-14,1.1726839805936117e-15,7.740464560872452e-16,2.7012194163112172e-15,0.0,1.8702184266897415e-14,2.8099349193954543e-15,1.8702184266897415e-14,1.8702184266897415e-14,3.5808472076078143e-16,1.9231985011318025,0.006046039406476637,1.9142301201177525,1.9289662431759405,1.9232080047015498,1.9289662431759405,0.014736123058187944,-0.019685923106478112,1.9231985011318025,1.9289662431759405
-7.275957614183426e-15,9.065796471533478e-14,-4.547473508864641e-13,4.547473508864641e-13,9.094947017729283e-14,4.547473508864641e-13,9.094947017729282e-13,4.2610099081864585e-14,-1.989519660128281e-15,8.672115144686565e-15,-5.684341886080803e-14,2.8421709430404014e-14,8.897402405238228e-15,5.684341886080803e-14,8.526512829121205e-14,4.033500080841767e-15,-2.216893335571513e-15,8.616794850722491e-15,-5.684341886080803e-14,2.8421709430404014e-14,8.897402405238228e-15,5.684341886080803e-14,8.526512829121205e-14,4.629845409249767e-15,-4.547473508864643e-16,5.0638521887140305e-15,-2.8421709430404014e-14,2.8421709430404014e-14,5.084229945850416e-15,2.8421709430404014e-14,5.684341886080803e-14,4.2207089453534166e-16,0.0,9.729507111180988e-17,-8.881784197001252e-16,8.881784197001252e-16,9.729507111180988e-17,8.881784197001252e-16,1.7763568394002505e-15,-2.935775375296226e-18,-1.816003236324156e-15,7.410093586805777e-15,-5.688505222423147e-14,2.8504976157250894e-14,7.629374464499688e-15,5.688505222423147e-14,8.539002838148237e-14,4.299261645269262e-15,-6.643574579356935e-16,3.9419035282785084e-14,-3.410605131648481e-13,3.1263880373444413e-13,3.942463333320134e-14,3.410605131648481e-13,6.536993168992922e-13,-8.806613455779444e-15,-5.249134460427742e-16,5.618138806986035e-15,-5.684341886080803e-14,2.8421709430404014e-14,5.6426073565683234e-15,5.684341886080803e-14,8.526512829121205e-14,1.599784842190404e-15,-5.910827383104335e-16,4.555756620610459e-15,-2.8421709430404014e-14,2.8421709430404014e-14,4.593941356805133e-15,2.8421709430404014e-14,5.684341886080803e-14,1.4939852415730734e-15,-3.4861002973229927e-16,4.920225370205074e-15,-2.8421709430404014e-14,2.8421709430404014e-14,4.9325598472233065e-15,2.8421709430404014e-14,5.684341886080803e-14,7.320557998779864e-16,-2.813749233609997e-15,9.955674907847585e-15,-1.4210854715202004e-14,1.4210854715202004e-14,1.0345658394727079e-14,1.4210854715202004e-14,2.842170943040401e-14,1.3377264698494707e-14,0.0,0.0,0.0,0.0,0.0,0.0,0.0,0.0,-2.842170943040401e-17,1.5564616626412619e-15,-7.105427357601002e-15,7.105427357601002e-15,1.5567211377889581e-15,7.105427357601002e-15,1.4210854715202004e-14,-4.496416545816008e-16,0.0,0.0,0.0,0.0,0.0,0.0,0.0,0.0,-5.647739220737691e-17,2.7043846665020947e-17,-1.006139616066548e-16,0.0,6.26184116134148e-17,1.006139616066548e-16,1.006139616066548e-16,2.5808509521113674e-17,-2.273736754432321e-16,3.587896080275528e-15,-5.684341886080803e-14,0.0,3.5950934718225424e-15,5.684341886080803e-14,5.684341886080803e-14,5.309924157057517e-16,-1.909583602355269e-17,5.3176785558905956e-17,-5.551115123125784e-16,4.440892098500626e-16,5.650151746472197e-17,5.551115123125784e-16,9.992007221626409e-16,-2.4480750095087873e-17,2.3703260596719683e-15,2.2473971056467704e-15,0.0,4.794485396491904e-15,3.2663801645903863e-15,4.794485396491904e-15,4.794485396491904e-15,-2.152338546805146e-15,2.1899686484335254e-16,9.778213993865211e-16,0.0,4.794485396491904e-15,1.0020450668055964e-15,4.794485396491904e-15,4.794485396491904e-15,-2.669155095391854e-17,6.973442706409246e-16,1.733631281934176e-15,0.0,1.8139713492993208e-14,1.8686268898569495e-15,1.8139713492993208e-14,1.8139713492993208e-14,7.176621859855041e-16,8.507582224311157e-16,2.8120333542035655e-15,0.0,1.8702184266897415e-14,2.9379110160431185e-15,1.8702184266897415e-14,1.8702184266897415e-14,-1.1353275298677192e-15,1.9202895578223909,0.006070118156223728,1.9142301201177525,1.9289662431758623,1.920299151751139,1.9289662431758623,0.014736123058109785,-0.019806141414877007,1.9202895578223909,1.9289662431758623
-1.8189894035458565e-15,8.132733967107254e-14,-4.547473508864641e-13,4.547473508864641e-13,8.134767913360664e-14,4.547473508864641e-13,9.094947017729282e-13,2.1152559411293733e-14,-1.989519660128281e-15,8.856452752117368e-15,-5.684341886080803e-14,2.8421709430404014e-14,9.077166068136259e-15,5.684341886080803e-14,8.526512829121205e-14,8.876423215881147e-15,-2.2737367544323214e-15,8.695371059717647e-15,-5.684341886080803e-14,2.8421709430404014e-14,8.987733679556356e-15,5.684341886080803e-14,8.526512829121205e-14,9.01053283882222e-15,-2.842170943040402e-16,4.574041252974179e-15,-2.8421709430404014e-14,2.8421709430404014e-14,4.582862941503294e-15,2.8421709430404014e-14,5.684341886080803e-14,2.403081060822186e-16,1.7763568394002505e-18,3.9680806025346054e-17,0.0,8.881784197001252e-16,3.972054645195637e-17,8.881784197001252e-16,8.881784197001252e-16,7.084153622997405e-18,-1.816625527713582e-15,7.409985919590678e-15,-5.688505222423147e-14,2.8504976157250894e-14,7.629418040484656e-15,5.688505222423147e-14,8.539002838148237e-14,8.646465869334748e-15,-2.0659030042224914e-15,4.594118414916812e-14,-3.694822225952521e-13,3.1263880373444413e-13,4.598761089957416e-14,3.694822225952521e-13,6.821210263296962e-13,-1.446389515144447e-14,-4.138911435802586e-16,5.590911651229618e-15,-5.684341886080803e-14,2.8421709430404014e-14,5.6062107497479304e-15,5.684341886080803e-14,8.526512829121205e-14,3.4286558954596305e-15,-4.769518113789674e-16,4.195445090064787e-15,-2.8421709430404014e-14,2.8421709430404014e-14,4.222468772427618e-15,2.8421709430404014e-14,5.684341886080803e-14,2.000858560671996e-15,-1.8562928971732624e-16,4.7584583857786845e-15,-2.8421709430404014e-14,2.8421709430404014e-14,4.7620777442612624e-15,2.8421709430404014e-14,5.684341886080803e-14,9.586370287072353e-16,1.7053025658242405e-16,9.208107512456244e-15,-1.4210854715202004e-14,1.4210854715202004e-14,9.209686451197086e-15,1.4210854715202004e-14,2.842170943040401e-14,4.799354526571225e-16,0.0,0.0,0.0,0.0,0.0,0.0,0.0,0.0,-5.684341886080802e-17,1.489362660615132e-15,-7.105427357601002e-15,7.105427357601002e-15,1.490447016536438e-15,7.105427357601002e-15,1.4210854715202004e-14,-1.878896240189581e-16,0.0,0.0,0.0,0.0,0.0,0.0,0.0,0.0,-4.983166657090976e-17,2.827034753885973e-17,-1.006139616066548e-16,0.0,5.729229916142516e-17,1.006139616066548e-16,1.006139616066548e-16,1.1377251436371093e-17,-2.273736754432321e-16,3.587896080275528e-15,-5.684341886080803e-14,0.0,3.5950934718225424e-15,5.684341886080803e-14,5.684341886080803e-14,1.0756000215578048e-15,-2.4202861936828413e-17,5.376002081190916e-17,-5.551115123125784e-16,4.440892098500626e-16,5.895691955682626e-17,5.551115123125784e-16,9.992007221626409e-16,-2.451797913064424e-18,1.998956597604714e-15,2.349302782351726e-15,0.0,4.794485396491904e-15,3.0846476366471713e-15,4.794485396491904e-15,4.794485396491904e-15,1.9869757014843358e-18,2.0918035915019625e-16,9.751169302081097e-16,0.0,4.794485396491904e-15,9.973010830399675e-16,4.794485396491904e-15,4.794485396491904e-15,-3.034779863104344e-17,8.696460895773523e-16,1.7487643867316809e-15,0.0,1.8139713492993208e-14,1.9530645666281014e-15,1.8139713492993208e-14,1.8139713492993208e-14,-1.5270523255709513e-16,8.842911783440374e-16,2.8661542967591873e-15,0.0,1.8702184266897415e-14,2.999468509741057e-15,1.8702184266897415e-14,1.8702184266897415e-14,-2.9473338460247696e-15,1.9173805114770301,0.004496084674087769,1.9142301201177525,1.9289662431758547,1.9173857829266685,1.9289662431758547,0.014736123058102235,-0.012959207467758535,1.9173805114770301,1.9289662431758547
5.4569682106375695e-15,6.407904931187127e-14,-4.547473508864641e-13,4.547473508864641e-13,6.431098710768743e-14,4.547473508864641e-13,9.094947017729282e-13,-4.2043707171778485e-15,-2.273736754432321e-16,4.750423253375671e-15,-2.8421709430404014e-14,2.8421709430404014e-14,4.755861633237121e-15,2.8421709430404014e-14,5.684341886080803e-14,-2.246506374139716e-16,-2.2737367544323216e-16,4.0130004423924205e-15,-2.8421709430404014e-14,2.8421709430404014e-14,4.019436694230465e-15,2.8421709430404014e-14,5.684341886080803e-14,3.689716529647652e-16,-5.684341886080803e-17,5.2403959871279725e-15,-2.8421709430404014e-14,2.8421709430404014e-14,5.2407042729174066e-15,2.8421709430404014e-14,5.684341886080803e-14,7.22285837261285e-16,1.7763568394002505e-18,3.9680806025346054e-17,0.0,8.881784197001252e-16,3.972054645195637e-17,8.881784197001252e-16,8.881784197001252e-16,2.829406702278244e-18,1.609338988739766e-18,4.9885567205296627e-17,-9.86623976961809e-17,9.90554209837069e-17,4.9911519585911674e-17,9.90554209837069e-17,1.977178186798878e-16,-7.750389973139588e-18,-2.6116886431282183e-15,4.1766962830120356e-14,-3.694822225952521e-13,2.842170943040401e-13,4.184853762822902e-14,3.694822225952521e-13,6.536993168992922e-13,-1.0010584510369001e-14,1.1102230246251568e-16,3.4588677166044837e-15,-2.8421709430404014e-14,2.8421709430404014e-14,3.460649047882896e-15,2.8421709430404014e-14,5.684341886080803e-14,5.300244607812879e-16,-5.195843755245734e-17,2.2018859756605404e-15,-2.8421709430404014e-14,2.8421709430404014e-14,2.202498928272943e-15,2.8421709430404014e-14,5.684341886080803e-14,2.5150872735101217e-17,2.6645352591003758e-18,3.1142328243510124e-15,-2.8421709430404014e-14,2.8421709430404014e-14,3.114233964237984e-15,2.8421709430404014e-14,5.684341886080803e-14,1.881342719668997e-16,3.694822225952521e-16,9.136198173536396e-15,-1.4210854715202004e-14,1.4210854715202004e-14,9.143666342279977e-15,1.4210854715202004e-14,2.842170943040401e-14,1.0296487548140425e-15,0.0,0.0,0.0,0.0,0.0,0.0,0.0,0.0,-1.2789769243681802e-16,1.3791852311299008e-15,-7.105427357601002e-15,7.105427357601002e-15,1.3851027837303269e-15,7.105427357601002e-15,1.4210854715202004e-14,-2.910246893771896e-17,0.0,0.0,0.0,0.0,0.0,0.0,0.0,0.0,-4.947951770528647e-17,2.910357166640771e-17,-9.887923813067799e-17,0.0,5.740418587602725e-17,9.887923813067799e-17,9.887923813067799e-17,6.032329492874931e-18,0.0,0.0,0.0,0.0,0.0,0.0,0.0,0.0,-2.4868995751603507e-17,2.760506537654815e-17,-5.551115123125783e-17,0.0,3.7155169009665e-17,5.551115123125783e-17,5.551115123125783e-17,-6.3236176109188545e-18,1.98112660182739e-15,2.3570466854053953e-15,0.0,4.794485396491904e-15,3.0790472048425472e-15,4.794485396491904e-15,4.794485396491904e-15,-1.340194752453269e-16,1.819651415549306e-16,9.155578981476647e-16,0.0,4.794485396491904e-15,9.334653596152755e-16,4.794485396491904e-15,4.794485396491904e-15,1.7704534072106455e-17,8.376448282002399e-16,9.298163284673291e-16,0.0,1.8728458580046497e-15,1.2514820265968957e-15,1.8728458580046497e-15,1.8728458580046497e-15,2.2062134072151583e-16,2.6968980355266964e-16,1.5819418006843714e-15,0.0,9.588970792983807e-15,1.6047655439012856e-15,9.588970792983807e-15,9.588970792983807e-15,2.5730883452729734e-16,1.9151728844339089,0.0017814587054486128,1.9142301201177525,1.921799689674356,1.9151737129738435,1.921799689674356,0.007569569556603595,-0.0038969134700436716,1.9151728844339089,1.921799689674356
5.4569682106375695e-15,7.023749122275266e-14,-4.547473508864641e-13,4.547473508864641e-13,7.044915666860865e-14,4.547473508864641e-13,9.094947017729282e-13,5.685703405095431e-15,-2.273736754432321e-16,4.750423253375671e-15,-2.8421709430404014e-14,2.8421709430404014e-14,4.755861633237121e-15,2.8421709430404014e-14,5.684341886080803e-14,3.1995696843808053e-16,-2.273736754432321e-16,3.587896080275528e-15,-2.8421709430404014e-14,2.8421709430404014e-14,3.5950934718225424e-15,2.8421709430404014e-14,5.684341886080803e-14,2.0967392825304058e-16,1.1368683772161608e-16,5.082958729442035e-15,-2.8421709430404014e-14,2.8421709430404014e-14,5.084229945850416e-15,2.8421709430404014e-14,5.684341886080803e-14,3.7577924803791666e-16,1.7763568394002505e-18,3.9680806025346054e-17,0.0,8.881784197001252e-16,3.972054645195637e-17,8.881784197001252e-16,8.881784197001252e-16,-1.4253402184409192e-18,8.587047965696706e-20,4.359884952867482e-17,-9.4542429440736e-17,9.90554209837069e-17,4.359893409205442e-17,9.90554209837069e-17,1.9359785042444289e-16,-2.349983316808395e-18,-3.2960301155071646e-15,4.1133555199319725e-14,-3.694822225952521e-13,1.9895196601282805e-13,4.1265399281453863e-14,3.694822225952521e-13,5.684341886080801e-13,4.9378571757079244e-15,2.1627144519698051e-16,2.854645061854969e-15,-2.4868995751603507e-14,2.8421709430404014e-14,2.8628258359845347e-15,2.8421709430404014e-14,5.329070518200752e-14,7.537337354390505e-16,-5.684341886080803e-17,1.2714930965615043e-15,-2.8421709430404014e-14,2.220446049250313e-16,1.2727630843449808e-15,2.8421709430404014e-14,2.8643754035329045e-14,1.4606546178828888e-16,5.906386491005834e-17,2.842303160588366e-15,-2.8421709430404014e-14,2.8421709430404014e-14,2.842916776275508e-15,2.8421709430404014e-14,5.684341886080803e-14,-1.5755859690788135e-16,5.684341886080802e-16,9.059350219620925e-15,-1.4210854715202004e-14,1.4210854715202004e-14,9.077166068136258e-15,1.4210854715202004e-14,2.842170943040401e-14,-8.917949545827308e-17,0.0,0.0,0.0,0.0,0.0,0.0,0.0,0.0,-7.105427357601002e-17,1.3832790794717044e-15,-7.105427357601002e-15,7.105427357601002e-15,1.3851027837303269e-15,7.105427357601002e-15,1.4210854715202004e-14,4.612145662059571e-17,0.0,0.0,0.0,0.0,0.0,0.0,0.0,0.0,-4.7500198219196934e-17,2.946580258126786e-17,-9.887923813067799e-17,0.0,5.589724816680381e-17,9.887923813067799e-17,9.887923813067799e-17,6.2472066774501115e-18,0.0,0.0,0.0,0.0,0.0,0.0,0.0,0.0,-2.5424107263916086e-17,2.7657480598923968e-17,-5.551115123125783e-17,0.0,3.7567558654335875e-17,5.551115123125783e-17,5.551115123125783e-17,-1.2564799500248697e-18,1.9561500417686968e-15,2.3563127599483416e-15,0.0,4.794485396491904e-15,3.0624716829069697e-15,4.794485396491904e-15,4.794485396491904e-15,-2.4644229127836285e-16,1.8219044506669237e-16,9.166875530839379e-16,0.0,4.794485396491904e-15,9.346172629759291e-16,4.794485396491904e-15,4.794485396491904e-15,-8.64729940972072e-17,8.577634029661297e-16,9.33113380530498e-16,0.0,1.8728458580046497e-15,1.2674614930612643e-15,1.8728458580046497e-15,1.8728458580046497e-15,4.23913613368712e-17,2.696898035526696e-16,1.5819418006843714e-15,0.0,9.588970792983807e-15,1.6047655439012854e-15,9.588970792983807e-15,9.588970792983807e-15,-3.8865476679646214e-16,1.9144198814328175,3.0205243297017308e-05,1.9142301201177525,1.914573198501215,1.9144198816711029,1.914573198501215,0.0003430783834625917,6.846192346950365e-06,1.9144198814328175,1.914573198501215
4.547473508864641e-15,7.318466004758686e-14,-4.547473508864641e-13,4.547473508864641e-13,7.33258070640527e-14,4.547473508864641e-13,9.094947017729282e-13,-5.990683664372553e-16,-5.684341886080803e-17,4.582510400024908e-15,-2.8421709430404014e-14,2.8421709430404014e-14,4.582862941503294e-15,2.8421709430404014e-14,5.684341886080803e-14,2.4303114411147876e-16,-1.7053025658242415e-16,3.809357378433222e-15,-2.8421709430404014e-14,2.8421709430404014e-14,3.8131724593878115e-15,2.8421709430404014e-14,5.684341886080803e-14,1.092619009240681e-15,1.705302565824241e-16,4.919829919822374e-15,-2.8421709430404014e-14,2.8421709430404014e-14,4.9227844771419245e-15,2.8421709430404014e-14,5.684341886080803e-14,6.174488731347644e-16,1.7763568394002505e-18,3.9680806025346054e-17,0.0,8.881784197001252e-16,3.972054645195637e-17,8.881784197001252e-16,8.881784197001252e-16,-5.68008713916008e-18,2.178175903993353e-19,3.755245318645863e-17,-9.4542429440736e-17,9.90554209837069e-17,3.755308489090948e-17,9.90554209837069e-17,1.9359785042444289e-16,-3.0675007608351094e-18,-3.863132036485695e-15,3.772204664311389e-14,-3.694822225952521e-13,1.9895196601282805e-13,3.791934324426759e-14,3.694822225952521e-13,5.684341886080801e-13,3.1592293651387425e-15,2.673417043297377e-16,2.624285282291983e-15,-2.220446049250313e-16,2.8421709430404014e-14,2.6378674776660486e-15,2.8421709430404014e-14,2.8643754035329045e-14,-1.5903180302918038e-16,-1.154631945610163e-16,1.794988590002577e-15,-2.8421709430404014e-14,2.220446049250313e-16,1.798698359241392e-15,2.8421709430404014e-14,2.8643754035329045e-14,-6.6693157982274745e-18,-5.639932965095797e-17,2.201687129045763e-15,-2.8421709430404014e-14,2.8421709430404014e-14,2.20240938487622e-15,2.8421709430404014e-14,5.684341886080803e-14,-2.9155121430862973e-16,2.2737367544323206e-16,9.1629052256439e-15,-1.4210854715202004e-14,1.4210854715202004e-14,9.165725883006587e-15,1.4210854715202004e-14,2.842170943040401e-14,1.0170547039287087e-15,0.0,0.0,0.0,0.0,0.0,0.0,0.0,0.0,-5.684341886080802e-17,1.2697857928110735e-15,-7.105427357601002e-15,7.105427357601002e-15,1.2710574864626038e-15,7.105427357601002e-15,1.4210854715202004e-14,3.09745575828355e-16,0.0,0.0,0.0,0.0,0.0,0.0,0.0,0.0,-4.8383172468469124e-17,2.90849875047606e-17,-9.887923813067799e-17,0.0,5.645235049371912e-17,9.887923813067799e-17,9.887923813067799e-17,-4.3299321214323984e-18,0.0,0.0,0.0,0.0,0.0,0.0,0.0,0.0,-2.5424107263916086e-17,2.7657480598923968e-17,-5.551115123125783e-17,0.0,3.7567558654335875e-17,5.551115123125783e-17,5.551115123125783e-17,3.482244432926098e-18,1.9945059249406324e-15,2.3631706763839874e-15,0.0,4.794485396491904e-15,3.092350162957688e-15,4.794485396491904e-15,4.794485396491904e-15,3.431358650231804e-16,1.5342353268774095e-16,8.438294297825751e-16,0.0,4.794485396491904e-15,8.576636210948744e-16,4.794485396491904e-15,4.794485396491904e-15,1.9752131453810937e-17,8.577634029661297e-16,9.33113380530498e-16,0.0,1.8728458580046497e-15,1.2674614930612643e-15,1.8728458580046497e-15,1.8728458580046497e-15,-1.17484629990759e-16,2.5051186196670194e-16,1.5259814992880392e-15,0.0,9.588970792983807e-15,1.5464073619701232e-15,9.588970792983807e-15,9.588970792983807e-15,-1.740225941966205e-16,1.914421125789108,2.560990526136516e-06,1.9144081434931792,1.9144372438336883,1.9144211257908208,1.9144372438336883,2.910034050906951e-05,-5.721680013228259e-07,1.914421125789108,1.9144372438336883
5.4569682106375695e-15,7.023749122275266e-14,-4.547473508864641e-13,4.547473508864641e-13,7.044915666860865e-14,4.547473508864641e-13,9.094947017729282e-13,5.184664407711544e-15,-2.842170943040402e-16,4.5740412529741794e-15,-2.8421709430404014e-14,2.8421709430404014e-14,4.582862941503294e-15,2.8421709430404014e-14,5.684341886080803e-14,-4.1730557798413565e-16,0.0,3.5950934718225424e-15,-2.8421709430404014e-14,2.8421709430404014e-14,3.5950934718225424e-15,2.8421709430404014e-14,5.684341886080803e-14,9.462557151679417e-16,2.273736754432321e-16,4.750423253375671e-15,-2.8421709430404014e-14,2.8421709430404014e-14,4.755861633237122e-15,2.8421709430404014e-14,5.684341886080803e-14,-5.854531762909566e-17,1.7763568394002505e-18,3.9680806025346054e-17,0.0,8.881784197001252e-16,3.972054645195637e-17,8.881784197001252e-16,8.881784197001252e-16,-9.934834059879234e-18,-7.599159322636102e-19,2.644033607685008e-17,-9.4542429440736e-17,9.90554209837069e-17,2.6451254111684155e-17,9.90554209837069e-17,1.9359785042444289e-16,3.896275847492245e-18,-1.5920598173124743e-15,3.7284121219104977e-14,-3.694822225952521e-13,2.842170943040401e-13,3.731809681029854e-14,3.694822225952521e-13,6.536993168992922e-13,1.0273506596334835e-14,2.1493917756743032e-16,2.9535352745586642e-15,-2.8421709430404014e-14,2.8421709430404014e-14,2.9613458879563e-15,2.8421709430404014e-14,5.684341886080803e-14,-5.362789387547449e-16,-1.7763568394002505e-18,1.798697482094767e-15,-2.8421709430404014e-14,2.8421709430404014e-14,1.798698359241392e-15,2.8421709430404014e-14,5.684341886080803e-14,1.6974312840209102e-16,3.996802888650563e-18,1.798556858995173e-15,-2.8421709430404014e-14,2.8421709430404014e-14,1.798561299892754e-15,2.8421709430404014e-14,5.684341886080803e-14,-4.970235799774598e-16,5.400124791776761e-16,9.038773897348216e-15,-1.4210854715202004e-14,1.4210854715202004e-14,9.054890780404316e-15,1.4210854715202004e-14,2.842170943040401e-14,-7.832138131659844e-16,0.0,0.0,0.0,0.0,0.0,0.0,0.0,0.0,-1.4210854715202004e-17,1.2306140701424659e-15,-7.105427357601002e-15,7.105427357601002e-15,1.230696119285481e-15,7.105427357601002e-15,1.4210854715202004e-14,1.992923457664855e-16,0.0,0.0,0.0,0.0,0.0,0.0,0.0,0.0,-4.7840204020488385e-17,2.9030529525963847e-17,-9.887923813067799e-17,0.0,5.595942070178901e-17,9.887923813067799e-17,9.887923813067799e-17,-5.6378305217931714e-18,0.0,0.0,0.0,0.0,0.0,0.0,0.0,0.0,-2.5757174171303633e-17,2.768353968375816e-17,-5.551115123125783e-17,0.0,3.7812833677378426e-17,5.551115123125783e-17,5.551115123125783e-17,3.5234622937205604e-18,1.946561070975713e-15,2.354497531350284e-15,0.0,4.794485396491904e-15,3.054956403645181e-15,4.794485396491904e-15,4.794485396491904e-15,-3.303888499570596e-16,1.4383456189475712e-16,8.178779403552631e-16,0.0,4.794485396491904e-15,8.304292302870992e-16,4.794485396491904e-15,4.794485396491904e-15,-6.763956643194578e-17,8.690004781141575e-16,9.339925669284128e-16,0.0,1.8728458580046497e-15,1.2757366287914445e-15,1.8728458580046497e-15,1.8728458580046497e-15,-1.1887524607694148e-16,2.50511861966702e-16,1.5259814992880392e-15,0.0,9.588970792983807e-15,1.5464073619701234e-15,9.588970792983807e-15,9.588970792983807e-15,8.35589805179021e-17,1.9144210265692871,2.078874052151555e-07,1.9144196559372837,1.914422130447095,1.9144210265692985,1.914422130447095,2.4745098112788355e-06,2.416472142604434e-08,1.9144210265692871,1.914422130447095
5.4569682106375695e-15,7.023749122275266e-14,-4.547473508864641e-13,4.547473508864641e-13,7.044915666860865e-14,4.547473508864641e-13,9.094947017729282e-13,-8.278035608951179e-15,-2.842170943040402e-16,4.9145729877268965e-15,-2.8421709430404014e-14,2.8421709430404014e-14,4.9227844771419245e-15,2.8421709430404014e-14,5.684341886080803e-14,2.1716228283350455e-16,1.1368683772161606e-16,3.593295475475114e-15,-2.8421709430404014e-14,2.8421709430404014e-14,3.5950934718225424e-15,2.8421709430404014e-14,5.684341886080803e-14,1.865281050043282e-16,2.2737367544323216e-16,5.387844617449805e-15,-2.8421709430404014e-14,2.8421709430404014e-14,5.392640207733813e-15,2.8421709430404014e-14,5.684341886080803e-14,-4.22070894535341e-16,0.0,0.0,0.0,0.0,0.0,0.0,0.0,0.0,-1.3762454830554573e-19,5.8934701769563495e-18,-8.077306185017008e-17,8.851155485628537e-17,5.895076864890755e-18,8.851155485628537e-17,1.6928461670645545e-16,7.679686666790591e-19,-2.3883117705736368e-15,4.174165287208146e-14,-3.694822225952521e-13,2.842170943040401e-13,4.180992247788564e-14,3.694822225952521e-13,6.536993168992922e-13,-6.442027217722468e-15,5.1514348342607266e-17,2.7441171724017693e-15,-2.8421709430404014e-14,2.8421709430404014e-14,2.744600660197298e-15,2.8421709430404014e-14,5.684341886080803e-14,-5.816345409296112e-16,5.551115123125784e-17,2.2017992735788704e-15,-2.8421709430404014e-14,2.8421709430404014e-14,2.202498928272943e-15,2.8421709430404014e-14,5.684341886080803e-14,4.1108832904623467e-16,-5.195843755245734e-17,1.2715082192312767e-15,-2.8421709430404014e-14,2.220446049250313e-16,1.2725693815291901e-15,2.8421709430404014e-14,2.8643754035329045e-14,-4.566938976026923e-17,4.263256414560601e-16,8.864429999988882e-15,-1.4210854715202004e-14,1.4210854715202004e-14,8.874675925196695e-15,1.4210854715202004e-14,2.842170943040401e-14,-9.59530525560584e-16,0.0,0.0,0.0,0.0,0.0,0.0,0.0,0.0,1.4210854715202004e-17,1.3850298816652887e-15,-7.105427357601002e-15,7.105427357601002e-15,1.3851027837303269e-15,7.105427357601002e-15,1.4210854715202004e-14,4.06583615743923e-16,0.0,0.0,0.0,0.0,0.0,0.0,0.0,0.0,-4.852888924045118e-17,2.8970758486413066e-17,-9.887923813067799e-17,0.0,5.651865124178082e-17,9.887923813067799e-17,9.887923813067799e-17,3.726539203632822e-18,0.0,0.0,0.0,0.0,0.0,0.0,0.0,0.0,-2.5646151868841117e-17,2.7675301429458398e-17,-5.551115123125783e-17,0.0,3.77312524956573e-17,5.551115123125783e-17,5.551115123125783e-17,4.099182736430375e-18,1.8698493046318425e-15,2.3385099449576277e-15,0.0,4.794485396491904e-15,2.9941551704442295e-15,4.794485396491904e-15,4.794485396491904e-15,-2.1715860801835177e-16,1.8219044506669237e-16,9.166875530839379e-16,0.0,4.794485396491904e-15,9.346172629759291e-16,4.794485396491904e-15,4.794485396491904e-15,2.171586080183517e-16,8.652547863981482e-16,9.337146231261267e-16,0.0,1.8728458580046497e-15,1.2729842272488964e-15,1.8728458580046497e-15,1.8728458580046497e-15,-1.3829901270007973e-16,2.876691237895142e-16,1.6357558807105262e-15,0.0,9.588970792983807e-15,1.660858460574198e-15,9.588970792983807e-15,9.588970792983807e-15,1.283888544497715e-16,1.9144210303851827,1.602789865654674e-08,1.9144209366641567,1.9144211326537872,1.9144210303851827,1.9144211326537872,1.9598963052480656e-07,8.147249913468459e-10,1.9144210303851827,1.9144211326537872
2.7284841053187848e-15,7.327502545944084e-14,-4.547473508864641e-13,4.547473508864641e-13,7.33258070640527e-14,4.547473508864641e-13,9.094947017729282e-13,-1.1709063525819135e-14,-5.684341886080804e-17,4.582510400024908e-15,-2.8421709430404014e-14,2.8421709430404014e-14,4.582862941503294e-15,2.8421709430404014e-14,5.684341886080803e-14,7.399855844514767e-16,0.0,3.5950934718225424e-15,-2.8421709430404014e-14,2.8421709430404014e-14,3.5950934718225424e-15,2.8421709430404014e-14,5.684341886080803e-14,9.53063310241089e-17,2.842170943040402e-16,4.914572987726895e-15,-2.8421709430404014e-14,2.8421709430404014e-14,4.9227844771419245e-15,2.8421709430404014e-14,5.684341886080803e-14,6.269795062371752e-16,0.0,0.0,0.0,0.0,0.0,0.0,0.0,0.0,1.2589204246916918e-24,3.67837306066581e-23,-4.235164736271503e-22,4.235164736271503e-22,3.6805267530326433e-23,4.235164736271503e-22,8.470329472543005e-22,-5.060350650142121e-24,-1.7053025658242406e-15,5.200788518179525e-14,-3.694822225952521e-13,3.694822225952521e-13,5.20358355167264e-14,3.694822225952521e-13,7.389644451905042e-13,-2.5429345921062243e-15,9.636735853746359e-17,3.2300403956388076e-15,-2.8421709430404014e-14,2.8421709430404014e-14,3.2314776225822753e-15,2.8421709430404014e-14,5.684341886080803e-14,-4.844720765613386e-16,5.5067062021407776e-17,2.201877601176607e-15,-2.8421709430404014e-14,2.8421709430404014e-14,2.2025660834315324e-15,2.8421709430404014e-14,5.684341886080803e-14,2.928329568184963e-16,-1.1146639167236574e-16,1.7953785308761443e-15,-2.8421709430404014e-14,2.220446049250313e-16,1.7988354081470153e-15,2.8421709430404014e-14,2.8643754035329045e-14,-1.856399265846279e-16,8.526512829121202e-17,8.596850657856364e-15,-1.4210854715202004e-14,1.4210854715202004e-14,8.597273484982778e-15,1.4210854715202004e-14,2.842170943040401e-14,-1.171246732335571e-15,0.0,0.0,0.0,0.0,0.0,0.0,0.0,0.0,2.842170943040401e-17,1.4901760015298271e-15,-7.105427357601002e-15,7.105427357601002e-15,1.490447016536438e-15,7.105427357601002e-15,1.4210854715202004e-14,-7.454316605099973e-17,0.0,0.0,0.0,0.0,0.0,0.0,0.0,0.0,-4.813163756445249e-17,2.8181194685665187e-17,-9.887923813067799e-17,0.0,5.577485337091598e-17,9.887923813067799e-17,9.887923813067799e-17,-3.8849495809320247e-20,0.0,0.0,0.0,0.0,0.0,0.0,0.0,0.0,-2.5757174171303633e-17,2.7683539683758163e-17,-5.551115123125783e-17,0.0,3.7812833677378426e-17,5.551115123125783e-17,5.551115123125783e-17,-2.69644586100575e-18,1.7547816551160369e-15,2.3095489521449755e-15,0.0,4.794485396491904e-15,2.9005646035704384e-15,4.794485396491904e-15,4.794485396491904e-15,-7.456429623813628e-16,2.109573574456438e-16,9.833254613276385e-16,0.0,4.794485396491904e-15,1.0056997412526575e-15,4.794485396491904e-15,4.794485396491904e-15,2.9008072123445623e-16,8.690004781141575e-16,9.339925669284128e-16,0.0,1.8728458580046497e-15,1.2757366287914445e-15,1.8728458580046497e-15,1.8728458580046497e-15,9.097320718642933e-17,2.4931324061757905e-16,1.5259424270393919e-15,0.0,9.588970792983807e-15,1.5461750814788437e-15,9.588970792983807e-15,9.588970792983807e-15,2.243934003531778e-16,1.9144210305716538,1.2726052127612184e-09,1.9144210241079096,1.9144210385349072,1.9144210305716538,1.9144210385349072,1.4426997596572733e-08,-2.5598198831312065e-10,1.9144210305716538,1.9144210385349072
-1.8189894035458565e-15,7.042566970123859e-14,-4.547473508864641e-13,4.547473508864641e-13,7.044915666860865e-14,4.547473508864641e-13,9.094947017729282e-13,-1.6142169437454843e-14,-5.684341886080802e-17,4.582510400024907e-15,-2.8421709430404014e-14,2.8421709430404014e-14,4.582862941503294e-15,2.8421709430404014e-14,5.684341886080803e-14,8.761374859144901e-16,-1.705302565824241e-16,4.212170213133473e-15,-2.8421709430404014e-14,2.8421709430404014e-14,4.215620769568695e-15,2.8421709430404014e-14,5.684341886080803e-14,-1.4929055995419399e-15,1.705302565824241e-16,4.919829919822374e-15,-2.8421709430404014e-14,2.8421709430404014e-14,4.9227844771419245e-15,2.8421709430404014e-14,5.684341886080803e-14,9.871012856068425e-17,3.552713678800501e-18,9.723018609551565e-17,-8.881784197001252e-16,8.881784197001252e-16,9.729507111180988e-17,8.881784197001252e-16,1.7763568394002505e-15,1.5572373729832134e-17,-3.0276940974973636e-25,7.04108329457941e-24,-5.293955920339377e-23,5.293955920339377e-23,7.047589891351898e-24,5.293955920339377e-23,1.0587911840678754e-22,1.389150341107818e-24,-9.636735853746358e-16,5.3572134682618217e-14,-3.694822225952521e-13,3.694822225952521e-13,5.35808014239404e-14,3.694822225952521e-13,7.389644451905042e-13,9.185200836785042e-15,5.1514348342607254e-17,3.061689763284009e-15,-2.8421709430404014e-14,2.8421709430404014e-14,3.062123109001866e-15,2.8421709430404014e-14,5.684341886080803e-14,3.375077994860474e-16,1.154631945610163e-16,2.5404231835864715e-15,-2.8421709430404014e-14,2.8421709430404014e-14,2.54304575283298e-15,2.8421709430404014e-14,5.684341886080803e-14,4.469186165523407e-16,-5.24025267623074e-17,2.202211301948493e-15,-2.8421709430404014e-14,2.8421709430404014e-14,2.2028346835931087e-15,2.8421709430404014e-14,5.684341886080803e-14,4.068495374264683e-16,-1.4210854715202004e-16,8.40605390588408e-15,-1.4210854715202004e-14,1.4210854715202004e-14,8.407255028117242e-15,1.4210854715202004e-14,2.842170943040401e-14,-9.513614114728046e-16,0.0,0.0,0.0,0.0,0.0,0.0,0.0,0.0,0.0,1.4210854715202005e-15,-7.105427357601002e-15,7.105427357601002e-15,1.4210854715202005e-15,7.105427357601002e-15,1.4210854715202004e-14,-1.0075240708262978e-16,0.0,0.0,0.0,0.0,0.0,0.0,0.0,0.0,-4.5035156159833886e-17,2.954188643337367e-17,-9.887923813067799e-17,0.0,5.385989551032356e-17,9.887923813067799e-17,9.887923813067799e-17,2.680276576199151e-17,0.0,0.0,0.0,0.0,0.0,0.0,0.0,0.0,-2.5424107263916086e-17,2.7657480598923968e-17,-5.551115123125783e-17,0.0,3.7567558654335875e-17,5.551115123125783e-17,5.551115123125783e-17,1.9505355414672105e-18,1.6780698887721663e-15,2.2868237851673474e-15,0.0,4.794485396491904e-15,2.8364558124552104e-15,4.794485396491904e-15,4.794485396491904e-15,-9.84276271457058e-16,1.9177941585967617e-16,9.395234240504526e-16,0.0,4.794485396491904e-15,9.588970792983808e-16,4.794485396491904e-15,4.794485396491904e-15,3.8585559119072605e-17,8.577634029661296e-16,9.33113380530498e-16,0.0,1.8728458580046497e-15,1.2674614930612643e-15,1.8728458580046497e-15,1.8728458580046497e-15,-6.580754188485789e-17,2.565049687123168e-16,1.526162724950299e-15,0.0,9.588970792983807e-15,1.5475682414684754e-15,9.588970792983807e-15,9.588970792983807e-15,-3.3647526255619827e-16,1.9144210305242535,1.0745101771249243e-10,1.914421029845924,1.9144210310755163,1.9144210305242533,1.9144210310755163,1.229592205831409e-09,2.557949514231147e-11,1.9144210305242535,1.9144210310755163
-3.456079866737127e-14,1.3353166397597639e-13,-4.547473508864641e-13,4.547473508864641e-13,1.3793170081137853e-13,4.547473508864641e-13,9.094947017729282e-13,-1.7623502125372424e-13,-1.1368683772161606e-16,4.017828597869151e-15,-2.8421709430404014e-14,2.8421709430404014e-14,4.019436694230465e-15,2.8421709430404014e-14,5.684341886080803e-14,1.4268719273323774e-15,-2.842170943040402e-16,4.206028901009161e-15,-2.8421709430404014e-14,2.8421709430404014e-14,4.215620769568695e-15,2.8421709430404014e-14,5.684341886080803e-14,-9.619131838361887e-16,1.1368683772161608e-16,4.401604356327413e-15,-2.8421709430404014e-14,2.8421709430404014e-14,4.403072291788041e-15,2.8421709430404014e-14,5.684341886080803e-14,6.8075950731504786e-18,-1.7763568394002505e-18,1.1914839843807103e-16,-8.881784197001252e-16,8.881784197001252e-16,1.191616393558691e-16,8.881784197001252e-16,1.7763568394002505e-15,-1.2913156904382651e-17,-9.121857393447466e-27,1.0430371924564203e-24,-1.3234889800848446e-23,6.617444900424223e-24,1.0430770791891065e-24,1.3234889800848446e-23,1.985233470127267e-23,3.4075538164386873e-26,4.725109192804668e-16,5.115696423836517e-14,-3.694822225952521e-13,3.694822225952521e-13,5.11591463636192e-14,3.694822225952521e-13,7.389644451905042e-13,3.0037768679566146e-15,6.661338147750938e-17,3.061913786459748e-15,-2.8421709430404014e-14,2.8421709430404014e-14,3.0626383035389826e-15,2.8421709430404014e-14,5.684341886080803e-14,3.0361874026251853e-16,1.9095836023552697e-16,2.1950364268927906e-15,-2.220446049250313e-16,2.8421709430404014e-14,2.2033270321788614e-15,2.8421709430404014e-14,2.8643754035329045e-14,-1.4957562799788234e-16,2.3092638912203255e-17,1.799865462471313e-15,-2.8421709430404014e-14,2.8421709430404014e-14,1.8000135979955825e-15,2.8421709430404014e-14,5.684341886080803e-14,2.5959274650037794e-16,6.252776074688881e-16,8.550920564811296e-15,-1.4210854715202004e-14,1.4210854715202004e-14,8.573751488824176e-15,1.4210854715202004e-14,2.842170943040401e-14,3.813614759978997e-15,0.0,0.0,0.0,0.0,0.0,0.0,0.0,0.0,4.263256414560601e-17,1.4555550754638076e-15,-7.105427357601002e-15,7.105427357601002e-15,1.4561792860887975e-15,7.105427357601002e-15,1.4210854715202004e-14,2.7451627132480024e-16,0.0,0.0,0.0,0.0,0.0,0.0,0.0,0.0,-3.615684140978459e-17,2.966244505621112e-17,-9.887923813067799e-17,0.0,4.67672730383658e-17,9.887923813067799e-17,9.887923813067799e-17,4.637277338573214e-17,0.0,0.0,0.0,0.0,0.0,0.0,0.0,0.0,-2.5202062658991054e-17,2.7637864413430666e-17,-5.551115123125783e-17,0.0,3.740314841832019e-17,5.551115123125783e-17,5.551115123125783e-17,5.830332889797975e-18,1.745192684323053e-15,2.3068600593960356e-15,0.0,4.794485396491904e-15,2.8926287074305586e-15,4.794485396491904e-15,4.794485396491904e-15,9.499397173600232e-16,2.0136838665266e-16,9.617216655447762e-16,0.0,4.794485396491904e-15,9.825771161192966e-16,4.794485396491904e-15,4.794485396491904e-15,-1.3895394801808856e-17,8.50272019534111e-16,9.32451565905218e-16,0.0,1.8728458580046497e-15,1.2619145890121519e-15,1.8728458580046497e-15,1.8728458580046497e-15,-1.9670488831976974e-16,2.0256700800178294e-16,1.3432791756618266e-15,0.0,9.588970792983807e-15,1.358466906662621e-15,9.588970792983807e-15,9.588970792983807e-15,-5.664526593741524e-16,1.9144210305287577,8.900074150430076e-12,1.914421030481944,1.9144210305866924,1.9144210305287575,1.9144210305866924,1.047484321503589e-10,-1.4165293875449372e-12,1.9144210305287577,1.9144210305866924
-7.457856554538012e-14,1.7322472081366916e-13,-4.547473508864641e-13,4.547473508864641e-13,1.885968354447661e-13,4.547473508864641e-13,9.094947017729282e-13,-2.640257673170752e-13,1.1368683772161606e-16,3.1113659550565016e-15,-2.8421709430404014e-14,2.8421709430404014e-14,3.113442275577917e-15,2.8421709430404014e-14,5.684341886080803e-14,-1.3615190146301313e-16,-3.410605131648482e-16,4.004940581991955e-15,-2.8421709430404014e-14,2.8421709430404014e-14,4.019436694230465e-15,2.8421709430404014e-14,5.684341886080803e-14,1.4840557259468447e-16,1.1368683772161608e-16,4.017828597869151e-15,-2.8421709430404014e-14,2.8421709430404014e-14,4.019436694230465e-15,2.8421709430404014e-14,5.684341886080803e-14,-2.4643494164805403e-16,-1.7763568394002505e-18,1.1914839843807103e-16,-8.881784197001252e-16,8.881784197001252e-16,1.191616393558691e-16,8.881784197001252e-16,1.7763568394002505e-15,-8.658409983663495e-18,-5.605986380411565e-27,8.938111955982965e-26,-8.271806125530277e-25,8.271806125530277e-25,8.955675081793624e-26,8.271806125530277e-25,1.6543612251060553e-24,2.9097392404079556e-26,-6.465938895416912e-16,4.846292678499705e-14,-3.694822225952521e-13,3.694822225952521e-13,4.8467240031035157e-14,3.694822225952521e-13,7.389644451905042e-13,9.564426429828737e-15,8.215650382226158e-17,2.478768768910766e-15,-2.8421709430404014e-14,2.8421709430404014e-14,2.4801298959626465e-15,2.8421709430404014e-14,5.684341886080803e-14,3.5519159137528646e-16,1.5232259897857151e-16,1.7941342030867195e-15,-2.220446049250313e-16,2.8421709430404014e-14,1.800588712850663e-15,2.8421709430404014e-14,2.8643754035329045e-14,-1.4631542816988115e-16,3.907985046680551e-17,1.8004110493581932e-15,-2.8421709430404014e-14,2.8421709430404014e-14,1.8008351344205777e-15,2.8421709430404014e-14,5.684341886080803e-14,3.1731902534723515e-16,3.3821834222180767e-15,9.440928682247822e-15,-1.4210854715202004e-14,1.4210854715202004e-14,1.0028474414626402e-14,1.4210854715202004e-14,2.842170943040401e-14,1.656662299026579e-14,0.0,0.0,0.0,0.0,0.0,0.0,0.0,0.0,1.4210854715202004e-17,1.5887583039328232e-15,-7.105427357601002e-15,7.105427357601002e-15,1.5888218580782547e-15,7.105427357601002e-15,1.4210854715202004e-14,5.939626701323957e-17,0.0,0.0,0.0,0.0,0.0,0.0,0.0,0.0,-2.872528603869995e-17,2.790220713617976e-17,-9.887923813067799e-17,0.0,4.004591391235079e-17,9.887923813067799e-17,9.887923813067799e-17,5.499058876254464e-17,0.0,0.0,0.0,0.0,0.0,0.0,0.0,0.0,-2.4868995751603507e-17,2.760506537654815e-17,-5.551115123125783e-17,0.0,3.7155169009665e-17,5.551115123125783e-17,5.551115123125783e-17,3.4463450057825244e-18,2.3876537274529683e-15,2.397223520227654e-15,0.0,4.794485396491904e-15,3.383425915865858e-15,4.794485396491904e-15,4.794485396491904e-15,3.6413973038889045e-15,2.397242698245952e-16,1.0449338664794874e-15,0.0,4.794485396491904e-15,1.072079526368593e-15,4.794485396491904e-15,4.794485396491904e-15,-9.81864674012114e-17,8.39034944386083e-16,9.313449857135002e-16,0.0,1.8728458580046497e-15,1.253548212201923e-15,1.8728458580046497e-15,1.8728458580046497e-15,-1.1627344823827624e-16,1.2585524165791249e-16,1.0459473732913938e-15,0.0,9.588970792983807e-15,1.0534920263333454e-15,9.588970792983807e-15,9.588970792983807e-15,-4.3243674421951653e-16,1.9144210305285227,6.934800949037637e-13,1.9144210305237896,1.9144210305324871,1.914421030528523,1.9144210305324871,8.697487174913476e-12,4.675922250148337e-15,1.9144210305285227,1.9144210305324871
-1.1459633242338896e-13,1.99517517522903e-13,-4.547473508864641e-13,4.547473508864641e-13,2.3008598219664266e-13,4.547473508864641e-13,9.094947017729282e-13,-2.755278799526705e-13,1.1368683772161606e-16,1.793948040137764e-15,0.0,2.8421709430404014e-14,1.7975467359112712e-15,2.8421709430404014e-14,2.8421709430404014e-14,-4.3977064172553233e-16,-3.410605131648482e-16,3.578878986149266e-15,-2.8421709430404014e-14,2.8421709430404014e-14,3.5950934718225424e-15,2.8421709430404014e-14,5.684341886080803e-14,8.768182454218052e-16,1.1368683772161606e-16,3.1113659550565016e-15,-2.8421709430404014e-14,2.8421709430404014e-14,3.113442275577917e-15,2.8421709430404014e-14,5.684341886080803e-14,-6.998207735198883e-16,-1.7763568394002505e-18,1.19148398438071e-16,-8.881784197001252e-16,8.881784197001252e-16,1.191616393558691e-16,8.881784197001252e-16,1.7763568394002505e-15,-4.403663062944329e-18,-1.3899098061270052e-28,5.9798601760167015e-27,-5.169878828456423e-26,5.169878828456423e-26,5.981475254266473e-27,5.169878828456423e-26,1.0339757656912846e-25,8.71050575160332e-28,1.5876189252139737e-15,3.782218630748278e-14,-3.1263880373444413e-13,3.694822225952521e-13,3.785549248034736e-14,3.694822225952521e-13,6.821210263296962e-13,-4.741942035309762e-15,1.5454304502782178e-16,2.124673155980398e-15,-2.131628207280301e-14,2.8421709430404014e-14,2.130286265390212e-15,2.8421709430404014e-14,4.9737991503207026e-14,-2.045575950808751e-16,1.1546319456101628e-16,1.2714763450865615e-15,-2.220446049250313e-16,2.8421709430404014e-14,1.2767082068401207e-15,2.8421709430404014e-14,2.8643754035329045e-14,1.3445000269472519e-17,5.728750807065808e-17,1.800827413723112e-15,-2.8421709430404014e-14,2.8421709430404014e-14,1.801738391830961e-15,2.8421709430404014e-14,5.684341886080803e-14,3.2633377038550876e-16,6.1959326558280736e-15,9.360887509636498e-15,-1.4210854715202004e-14,1.4210854715202004e-14,1.122567576779346e-14,1.4210854715202004e-14,2.842170943040401e-14,2.2219990318763755e-14,0.0,0.0,0.0,0.0,0.0,0.0,0.0,0.0,-5.684341886080802e-17,1.4199481480314712e-15,-7.105427357601002e-15,7.105427357601002e-15,1.4210854715202005e-15,7.105427357601002e-15,1.4210854715202004e-14,5.786455812178062e-18,0.0,0.0,0.0,0.0,0.0,0.0,0.0,0.0,-2.1569551700295618e-17,2.4133716147137924e-17,-9.887923813067799e-17,0.0,3.2367913365281235e-17,9.887923813067799e-17,9.887923813067799e-17,4.806426381316394e-17,0.0,0.0,0.0,0.0,0.0,0.0,0.0,0.0,-2.4646951146678476e-17,2.7580943270053998e-17,-5.551115123125783e-17,0.0,3.6988925808851116e-17,5.551115123125783e-17,5.551115123125783e-17,3.84522752959993e-18,2.991758887410948e-15,2.3223529135586314e-15,0.0,4.794485396491904e-15,3.787340002629373e-15,4.794485396491904e-15,4.794485396491904e-15,5.0944421834532635e-15,1.9177941585967617e-16,9.395234240504526e-16,0.0,4.794485396491904e-15,9.588970792983808e-16,4.794485396491904e-15,4.794485396491904e-15,-6.890278414120136e-19,8.315435609540644e-16,9.305311494620104e-16,0.0,1.8728458580046497e-15,1.2479394672351928e-15,1.8728458580046497e-15,1.8728458580046497e-15,-1.2973102326585447e-16,4.914347531404201e-17,6.097897026290494e-16,0.0,9.588970792983807e-15,6.117667550614091e-16,9.588970792983807e-15,9.588970792983807e-15,-1.675055391965989e-16,1.9144210305285219,5.409861963435092e-14,1.9144210305281852,1.9144210305287928,1.914421030528522,1.9144210305287928,6.075140390748857e-13,6.601302000209417e-15,1.9144210305285219,1.9144210305287928
-1.5552359400317074e-13,2.157228640678145e-13,-4.547473508864641e-13,0.0,2.6593973447622277e-13,4.547473508864641e-13,4.547473508864641e-13,-2.0822527202147378e-13,0.0,0.0,0.0,0.0,0.0,0.0,0.0,0.0,-2.842170943040402e-16,2.8279243824346744e-15,-2.8421709430404014e-14,0.0,2.8421709430404013e-15,2.8421709430404014e-14,2.8421709430404014e-14,1.2410245818353651e-15,-5.684341886080803e-17,2.200802178163706e-15,-2.8421709430404014e-14,2.8421709430404014e-14,2.2015361458940206e-15,2.8421709430404014e-14,5.684341886080803e-14,2.6209241031630033e-16,-1.7763568394002505e-18,1.1914839843807103e-16,-8.881784197001252e-16,8.881784197001252e-16,1.191616393558691e-16,8.881784197001252e-16,1.7763568394002505e-15,-1.489161422251817e-19,2.5874637691249185e-29,4.492450197003873e-28,-3.2311742677852644e-27,6.462348535570529e-27,4.499895383242313e-28,6.462348535570529e-27,9.693522803355793e-27,-1.4442907592790645e-28,1.3180567748349858e-15,1.981114754402157e-14,-2.8421709430404014e-14,3.694822225952521e-13,1.9854944992940182e-14,3.694822225952521e-13,3.979039320256561e-13,-5.846724302310046e-15,1.256772463875677e-16,1.2711669459897663e-15,-2.220446049250313e-16,2.8421709430404014e-14,1.2773645426566807e-15,2.8421709430404014e-14,2.8643754035329045e-14,-1.595264173587139e-16,1.341149413747189e-16,1.2709640776828277e-15,-2.220446049250313e-16,2.8421709430404014e-14,1.2780205414077293e-15,2.8421709430404014e-14,2.8643754035329045e-14,-1.6409495186483623e-16,1.354472090042691e-16,1.2710167567340814e-15,-2.220446049250313e-16,2.8421709430404014e-14,1.278213418144978e-15,2.8421709430404014e-14,2.8643754035329045e-14,-1.4830452235531757e-16,9.180212146020495e-15,8.439429281131728e-15,-1.4210854715202004e-14,1.4210854715202004e-14,1.24699744040301e-14,1.4210854715202004e-14,2.842170943040401e-14,1.9932978753938787e-14,0.0,0.0,0.0,0.0,0.0,0.0,0.0,0.0,-4.263256414560601e-17,1.3844465269456496e-15,-7.105427357601002e-15,7.105427357601002e-15,1.3851027837303269e-15,7.105427357601002e-15,1.4210854715202004e-14,-1.0977247055455441e-16,0.0,0.0,0.0,0.0,0.0,0.0,0.0,0.0,-1.3806664145299407e-17,1.5362621291480203e-17,-9.887923813067799e-17,0.0,2.065512303924954e-17,9.887923813067799e-17,9.887923813067799e-17,1.961199416439872e-17,0.0,0.0,0.0,0.0,0.0,0.0,0.0,0.0,-2.3536728122053318e-17,2.7433069525316433e-17,-5.551115123125783e-17,0.0,3.6146242879064217e-17,5.551115123125783e-17,5.551115123125783e-17,-9.440219730345668e-19,3.6917537552987655e-15,2.0176753151737617e-15,0.0,4.794485396491904e-15,4.207143861008806e-15,4.794485396491904e-15,4.794485396491904e-15,4.395423438340781e-15,1.8219044506669237e-16,9.166875530839379e-16,0.0,4.794485396491904e-15,9.346172629759293e-16,4.794485396491904e-15,4.794485396491904e-15,1.5583513013268295e-16,7.940866437939715e-16,9.255421567245762e-16,0.0,1.8728458580046497e-15,1.2195088690642447e-15,1.8728458580046497e-15,1.8728458580046497e-15,3.184959423193489e-17,1.0787592142106784e-17,7.967902471388425e-17,0.0,5.993106745614879e-16,8.040596447764446e-17,5.993106745614879e-16,5.993106745614879e-16,-4.4973421398829716e-17,1.9144210305285234,4.3744703249222075e-15,1.9144210305285003,1.914421030528552,1.9144210305285239,1.914421030528552,5.1736392947532295e-14,-8.251627500261771e-16,1.9144210305285234,1.914421030528552
-1.9190338207408785e-13,2.245899520745999e-13,-4.547473508864641e-13,0.0,2.9541082347189723e-13,4.547473508864641e-13,4.547473508864641e-13,-4.660751890881873e-14,0.0,0.0,0.0,0.0,0.0,0.0,0.0,0.0,-5.684341886080803e-17,1.269785792811074e-15,-2.8421709430404014e-14,0.0,1.271057486462604e-15,2.8421709430404014e-14,2.8421709430404014e-14,3.2472228498928634e-16,0.0,0.0,0.0,0.0,0.0,0.0,0.0,0.0,-5.3290705182007515e-18,6.859130002221942e-17,-8.881784197001252e-16,0.0,6.879800455918813e-17,8.881784197001252e-16,8.881784197001252e-16,3.1080926255853475e-17,-9.34011311781678e-31,5.14072401535295e-29,-4.0389678347315804e-28,1.0097419586828951e-28,5.141572441708073e-29,4.0389678347315804e-28,5.048709793414476e-28,1.0151534500183514e-29,2.5313084961453567e-16,3.807170864835659e-15,0.0,8.526512829121202e-14,3.815576656428236e-15,8.526512829121202e-14,8.526512829121202e-14,-9.624982115377862e-16,8.304468224196171e-17,1.0743930570732836e-16,0.0,2.220446049250313e-16,1.3579257586311982e-16,2.220446049250313e-16,2.220446049250313e-16,7.259661933477016e-18,9.50350909079134e-17,1.0986519335434085e-16,0.0,2.220446049250313e-16,1.4526537514033435e-16,2.220446049250313e-16,2.220446049250313e-16,1.1349537411018329e-17,9.547918011776346e-17,1.0992889971183362e-16,0.0,2.220446049250313e-16,1.456043846448818e-16,2.220446049250313e-16,2.220446049250313e-16,1.102511295831355e-17,1.2136069926782511e-14,6.040599573927414e-15,-1.4210854715202004e-14,1.4210854715202004e-14,1.3556291398472036e-14,1.4210854715202004e-14,2.842170943040401e-14,1.0649461352683233e-14,0.0,0.0,0.0,0.0,0.0,0.0,0.0,0.0,-1.4210854715202004e-17,1.3850298816652889e-15,-7.105427357601002e-15,7.105427357601002e-15,1.3851027837303269e-15,7.105427357601002e-15,1.4210854715202004e-14,-3.5229304503554736e-17,0.0,0.0,0.0,0.0,0.0,0.0,0.0,0.0,-1.0188030974411788e-17,9.069983072847029e-19,-1.3877787807814457e-17,-6.938893903907228e-18,1.0228324450514431e-17,1.3877787807814457e-17,6.938893903907228e-18,4.5310561689887674e-20,0.0,0.0,0.0,0.0,0.0,0.0,0.0,0.0,-2.398081733190338e-17,2.749769404248909e-17,-5.551115123125783e-17,0.0,3.6485651666928707e-17,5.551115123125783e-17,5.551115123125783e-17,-1.289720160343012e-18,4.362981710807632e-15,1.3720942711004083e-15,0.0,4.794485396491904e-15,4.573647570334695e-15,4.794485396491904e-15,4.794485396491904e-15,2.2024774950734906e-15,1.8219044506669237e-16,9.166875530839379e-16,0.0,4.794485396491904e-15,9.346172629759291e-16,4.794485396491904e-15,4.794485396491904e-15,-1.4871517577142554e-16,8.090694106580087e-16,9.277224710691323e-16,0.0,1.8728458580046497e-15,1.2309599077911167e-15,1.8728458580046497e-15,1.8728458580046497e-15,4.3512825922503113e-17,3.595864047368928e-18,4.628292849002656e-17,0.0,5.993106745614879e-16,4.6422405235619517e-17,5.993106745614879e-16,5.993106745614879e-16,-2.0972284922978053e-17,1.9144210305285232,6.058197224868762e-16,1.9144210305285212,1.9144210305285256,1.9144210305285234,1.9144210305285256,4.440892098500626e-15,1.9253797500610797e-15,1.9144210305285232,1.9144210305285256
-1.9736035028472543e-13,2.2538409126975663e-13,-4.547473508864641e-13,0.0,2.995815355825581e-13,4.547473508864641e-13,4.547473508864641e-13,2.363597009397823e-15,0.0,0.0,0.0,0.0,0.0,0.0,0.0,0.0,0.0,0.0,0.0,0.0,0.0,0.0,0.0,0.0,0.0,0.0,0.0,0.0,0.0,0.0,0.0,0.0,0.0,0.0,0.0,0.0,0.0,0.0,0.0,0.0,9.844984097158227e-31,4.586398562583976e-29,-1.0097419586828951e-28,1.0097419586828951e-28,4.587455083819317e-29,1.0097419586828951e-28,2.0194839173657902e-28,1.4877066403229097e-30,8.260059303211165e-17,1.0732268202543204e-16,0.0,2.220446049250313e-16,1.3542900740383696e-16,2.220446049250313e-16,2.220446049250313e-16,3.053715613806914e-32,8.260059303211165e-17,1.0732268202543204e-16,0.0,2.220446049250313e-16,1.3542900740383696e-16,2.220446049250313e-16,2.220446049250313e-16,1.9784573181343755e-18,9.681144774731365e-17,1.1010905163673754e-16,0.0,2.220446049250313e-16,1.4661671005472935e-16,2.220446049250313e-16,2.220446049250313e-16,-2.4890269486206676e-18,9.681144774731365e-17,1.1010905163673754e-16,0.0,2.220446049250313e-16,1.4661671005472935e-16,2.220446049250313e-16,2.220446049250313e-16,-5.10569630486292e-19,1.4210854715202004e-14,0.0,1.4210854715202004e-14,1.4210854715202004e-14,1.4210854715202004e-14,1.4210854715202004e-14,0.0,9.771889964182126e-30,0.0,0.0,0.0,0.0,0.0,0.0,0.0,0.0,-8.526512829121202e-17,1.4185252113597677e-15,-7.105427357601002e-15,7.105427357601002e-15,1.4210854715202005e-15,7.105427357601002e-15,1.4210854715202004e-14,2.671981066211634e-16,0.0,0.0,0.0,0.0,0.0,0.0,0.0,0.0,-1.0200174038743626e-17,7.846628123571891e-19,-1.1275702593849246e-17,-9.54097911787244e-18,1.0230310168795263e-17,1.1275702593849246e-17,1.7347234759768056e-18,1.2880581498272444e-20,0.0,0.0,0.0,0.0,0.0,0.0,0.0,0.0,-2.4424906541753444e-17,2.755501081972613e-17,-5.551115123125783e-17,0.0,3.6821932062951476e-17,5.551115123125783e-17,5.551115123125783e-17,-3.696311387374636e-19,4.794485396491904e-15,0.0,4.794485396491904e-15,4.794485396491904e-15,4.794485396491904e-15,4.794485396491904e-15,0.0,-1.465783494627319e-30,1.9177941585967617e-16,9.395234240504526e-16,0.0,4.794485396491904e-15,9.588970792983808e-16,4.794485396491904e-15,4.794485396491904e-15,-8.406139665226505e-17,8.240521775220458e-16,9.296562354833373e-16,0.0,1.8728458580046497e-15,1.24230540023453e-15,1.8728458580046497e-15,1.8728458580046497e-15,1.247068619222226e-17,0.0,0.0,0.0,0.0,0.0,0.0,0.0,0.0,1.9144210305285232,5.493080158226685e-16,1.914421030528523,1.9144210305285243,1.9144210305285234,1.9144210305285243,1.3322676295501878e-15,8.251627500261771e-16,1.9144210305285232,1.9144210305285243
-1.9917933968827128e-13,2.2561885496540572e-13,-4.547473508864641e-13,0.0,3.009589292155269e-13,4.547473508864641e-13,4.547473508864641e-13,1.0423789576008391e-14,0.0,0.0,0.0,0.0,0.0,0.0,0.0,0.0,0.0,0.0,0.0,0.0,0.0,0.0,0.0,0.0,0.0,0.0,0.0,0.0,0.0,0.0,0.0,0.0,0.0,0.0,0.0,0.0,0.0,0.0,0.0,0.0,4.796274303743752e-31,4.592757631586524e-29,-1.0097419586828951e-28,1.0097419586828951e-28,4.5930080652243505e-29,1.0097419586828951e-28,2.0194839173657902e-28,8.093051567048245e-31,8.348877145181177e-17,1.0755396930918412e-16,0.0,2.220446049250313e-16,1.36155173506899e-16,2.220446049250313e-16,2.220446049250313e-16,-2.6379430908458546e-18,8.348877145181177e-17,1.0755396930918411e-16,0.0,2.220446049250313e-16,1.36155173506899e-16,2.220446049250313e-16,2.220446049250313e-16,-6.382120381078611e-19,9.725553695716371e-17,1.1016545652607701e-16,0.0,2.220446049250313e-16,1.46952602156019e-16,2.220446049250313e-16,2.220446049250313e-16,-3.813316927694518e-18,9.725553695716371e-17,1.1016545652607701e-16,0.0,2.220446049250313e-16,1.46952602156019e-16,2.220446049250313e-16,2.220446049250313e-16,-1.813585874956418e-18,1.4210854715202004e-14,0.0,1.4210854715202004e-14,1.4210854715202004e-14,1.4210854715202004e-14,1.4210854715202004e-14,0.0,9.771889964182126e-30,0.0,0.0,0.0,0.0,0.0,0.0,0.0,0.0,-7.105427357601002e-17,1.3082479199171338e-15,-7.105427357601002e-15,7.105427357601002e-15,1.3101760682293513e-15,7.105427357601002e-15,1.4210854715202004e-14,1.5470259803734873e-16,0.0,0.0,0.0,0.0,0.0,0.0,0.0,0.0,-1.0191500421363742e-17,7.813480313170707e-19,-1.1275702593849246e-17,-9.54097911787244e-18,1.022140819969051e-17,1.1275702593849246e-17,1.7347234759768056e-18,-3.849631857466147e-20,0.0,0.0,0.0,0.0,0.0,0.0,0.0,0.0,-2.4202861936828413e-17,2.7527262909184386e-17,-5.551115123125783e-17,0.0,3.665417751368234e-17,5.551115123125783e-17,5.551115123125783e-17,-6.967148082677641e-19,4.794485396491904e-15,0.0,4.794485396491904e-15,4.794485396491904e-15,4.794485396491904e-15,4.794485396491904e-15,0.0,-1.465783494627319e-30,1.6301250348072472e-16,8.689004494721287e-16,0.0,4.794485396491904e-15,8.840594252559726e-16,4.794485396491904e-15,4.794485396491904e-15,2.744627568291184e-17,8.165607940900273e-16,9.287200711600665e-16,0.0,1.8728458580046497e-15,1.2366456651039923e-15,1.8728458580046497e-15,1.8728458580046497e-15,2.3505897714836433e-17,0.0,0.0,0.0,0.0,0.0,0.0,0.0,0.0,1.9144210305285232,5.527974250663524e-16,1.914421030528523,1.9144210305285243,1.9144210305285234,1.9144210305285243,1.3322676295501878e-15,0.0,1.9144210305285232,1.9144210305285243
-2.0099832909181714e-13,2.2583872429104613e-13,-4.547473508864641e-13,0.0,3.0233004760875087e-13,4.547473508864641e-13,4.547473508864641e-13,-3.0389104406542992e-15,0.0,0.0,0.0,0.0,0.0,0.0,0.0,0.0,0.0,0.0,0.0,0.0,0.0,0.0,0.0,0.0,0.0,0.0,0.0,0.0,0.0,0.0,0.0,0.0,0.0,0.0,0.0,0.0,0.0,0.0,0.0,0.0,7.068193710780266e-31,4.5656753056550375e-29,-1.0097419586828951e-28,1.0097419586828951e-28,4.566222391967077e-29,1.0097419586828951e-28,2.0194839173657902e-28,-1.5079619430869068e-30,8.348877145181177e-17,1.0755396930918412e-16,0.0,2.220446049250313e-16,1.36155173506899e-16,2.220446049250313e-16,2.220446049250313e-16,1.526857806903457e-32,8.348877145181177e-17,1.0755396930918411e-16,0.0,2.220446049250313e-16,1.36155173506899e-16,2.220446049250313e-16,2.220446049250313e-16,1.9997310527379936e-18,9.725553695716371e-17,1.1016545652607701e-16,0.0,2.220446049250313e-16,1.46952602156019e-16,2.220446049250313e-16,2.220446049250313e-16,-2.4943453822717286e-18,9.725553695716371e-17,1.1016545652607701e-16,0.0,2.220446049250313e-16,1.46952602156019e-16,2.220446049250313e-16,2.220446049250313e-16,-4.946143295335367e-19,1.4210854715202004e-14,0.0,1.4210854715202004e-14,1.4210854715202004e-14,1.4210854715202004e-14,1.4210854715202004e-14,0.0,9.771889964182126e-30,0.0,0.0,0.0,0.0,0.0,0.0,0.0,0.0,0.0,1.4210854715202005e-15,-7.105427357601002e-15,7.105427357601002e-15,1.4210854715202005e-15,7.105427357601002e-15,1.4210854715202004e-14,1.4840557259468487e-16,0.0,0.0,0.0,0.0,0.0,0.0,0.0,0.0,-1.0186296250935811e-17,7.808491187602718e-19,-1.1275702593849246e-17,-9.54097911787244e-18,1.0216181119092283e-17,1.1275702593849246e-17,1.7347234759768056e-18,-7.728348898966521e-21,0.0,0.0,0.0,0.0,0.0,0.0,0.0,0.0,-2.4091839634365897e-17,2.7512706453827716e-17,-5.551115123125783e-17,0.0,3.6570011667792735e-17,5.551115123125783e-17,5.551115123125783e-17,9.480107982727367e-19,4.794485396491904e-15,0.0,4.794485396491904e-15,4.794485396491904e-15,4.794485396491904e-15,4.794485396491904e-15,0.0,-1.465783494627319e-30,1.9177941585967617e-16,9.395234240504526e-16,0.0,4.794485396491904e-15,9.588970792983808e-16,4.794485396491904e-15,4.794485396491904e-15,1.327526974453811e-16,8.12815102374018e-16,9.282289626797474e-16,0.0,1.8728458580046497e-15,1.2338060616664213e-15,1.8728458580046497e-15,1.8728458580046497e-15,-3.19841699822106e-17,0.0,0.0,0.0,0.0,0.0,0.0,0.0,0.0,1.9144210305285232,5.484097192022683e-16,1.914421030528523,1.9144210305285243,1.9144210305285234,1.9144210305285243,1.3322676295501878e-15,0.0,1.9144210305285232,1.9144210305285243
-1.9826984498649836e-13,2.255033377520385e-13,-4.547473508864641e-13,0.0,3.002710221920857e-13,4.547473508864641e-13,4.547473508864641e-13,-1.1109995159381833e-14,0.0,0.0,0.0,0.0,0.0,0.0,0.0,0.0,0.0,0.0,0.0,0.0,0.0,0.0,0.0,0.0,0.0,0.0,0.0,0.0,0.0,0.0,0.0,0.0,0.0,0.0,0.0,0.0,0.0,0.0,0.0,0.0,9.844984097158227e-31,4.586398562583976e-29,-1.0097419586828951e-28,1.0097419586828951e-28,4.587455083819317e-29,1.0097419586828951e-28,2.0194839173657902e-28,-8.26839597903511e-31,8.348877145181177e-17,1.0755396930918412e-16,0.0,2.220446049250313e-16,1.36155173506899e-16,2.220446049250313e-16,2.220446049250313e-16,2.6379430908458087e-18,8.348877145181177e-17,1.0755396930918412e-16,0.0,2.220446049250313e-16,1.36155173506899e-16,2.220446049250313e-16,2.220446049250313e-16,4.637674143583878e-18,9.725553695716371e-17,1.1016545652607701e-16,0.0,2.220446049250313e-16,1.46952602156019e-16,2.220446049250313e-16,2.220446049250313e-16,-1.1753738368487859e-18,9.725553695716371e-17,1.1016545652607701e-16,0.0,2.220446049250313e-16,1.46952602156019e-16,2.220446049250313e-16,2.220446049250313e-16,8.243572158894059e-19,1.4210854715202004e-14,0.0,1.4210854715202004e-14,1.4210854715202004e-14,1.4210854715202004e-14,1.4210854715202004e-14,0.0,9.771889964182126e-30,0.0,0.0,0.0,0.0,0.0,0.0,0.0,0.0,1.4210854715202004e-17,1.4561099425669557e-15,-7.105427357601002e-15,7.105427357601002e-15,1.4561792860887975e-15,7.105427357601002e-15,1.4210854715202004e-14,3.114474745966433e-17,0.0,0.0,0.0,0.0,0.0,0.0,0.0,0.0,-1.0188030974411788e-17,7.8037688087991e-19,-1.1275702593849246e-17,-9.54097911787244e-18,1.0217874691528853e-17,1.1275702593849246e-17,1.7347234759768056e-18,4.3731651699774286e-20,0.0,0.0,0.0,0.0,0.0,0.0,0.0,0.0,-2.4424906541753444e-17,2.7555010819726126e-17,-5.551115123125783e-17,0.0,3.6821932062951476e-17,5.551115123125783e-17,5.551115123125783e-17,1.2817425098666534e-18,4.794485396491904e-15,0.0,4.794485396491904e-15,4.794485396491904e-15,4.794485396491904e-15,4.794485396491904e-15,0.0,-1.465783494627319e-30,2.0136838665266e-16,9.617216655447762e-16,0.0,4.794485396491904e-15,9.825771161192966e-16,4.794485396491904e-15,4.794485396491904e-15,2.7963046563970736e-16,8.240521775220459e-16,9.296562354833373e-16,0.0,1.8728458580046497e-15,1.24230540023453e-15,1.8728458580046497e-15,1.8728458580046497e-15,-4.324367442195157e-17,0.0,0.0,0.0,0.0,0.0,0.0,0.0,0.0,1.9144210305285232,5.475999923275539e-16,1.914421030528523,1.9144210305285243,1.9144210305285234,1.9144210305285243,1.3322676295501878e-15,8.251627500261771e-16,1.9144210305285232,1.9144210305285243
-1.9736035028472543e-13,2.2538409126975663e-13,-4.547473508864641e-13,0.0,2.995815355825581e-13,4.547473508864641e-13,4.547473508864641e-13,2.363597009397823e-15,0.0,0.0,0.0,0.0,0.0,0.0,0.0,0.0,0.0,0.0,0.0,0.0,0.0,0.0,0.0,0.0,0.0,0.0,0.0,0.0,0.0,0.0,0.0,0.0,0.0,0.0,0.0,0.0,0.0,0.0,0.0,0.0,9.844984097158227e-31,4.586398562583976e-29,-1.0097419586828951e-28,1.0097419586828951e-28,4.587455083819317e-29,1.0097419586828951e-28,2.0194839173657902e-28,1.4877066403229097e-30,8.260059303211165e-17,1.0732268202543204e-16,0.0,2.220446049250313e-16,1.3542900740383696e-16,2.220446049250313e-16,2.220446049250313e-16,3.053715613806914e-32,8.260059303211165e-17,1.0732268202543204e-16,0.0,2.220446049250313e-16,1.3542900740383696e-16,2.220446049250313e-16,2.220446049250313e-16,1.9784573181343755e-18,9.681144774731365e-17,1.1010905163673754e-16,0.0,2.220446049250313e-16,1.4661671005472935e-16,2.220446049250313e-16,2.220446049250313e-16,-2.4890269486206676e-18,9.681144774731365e-17,1.1010905163673754e-16,0.0,2.220446049250313e-16,1.4661671005472935e-16,2.220446049250313e-16,2.220446049250313e-16,-5.10569630486292e-19,1.4210854715202004e-14,0.0,1.4210854715202004e-14,1.4210854715202004e-14,1.4210854715202004e-14,1.4210854715202004e-14,0.0,9.771889964182126e-30,0.0,0.0,0.0,0.0,0.0,0.0,0.0,0.0,-1.4210854715202004e-17,1.5887583039328232e-15,-7.105427357601002e-15,7.105427357601002e-15,1.5888218580782547e-15,7.105427357601002e-15,1.4210854715202004e-14,5.531170996934902e-17,0.0,0.0,0.0,0.0,0.0,0.0,0.0,0.0,-1.0200174038743626e-17,7.846628123571891e-19,-1.1275702593849246e-17,-9.54097911787244e-18,1.0230310168795263e-17,1.1275702593849246e-17,1.7347234759768056e-18,1.2880581498272444e-20,0.0,0.0,0.0,0.0,0.0,0.0,0.0,0.0,-2.4424906541753444e-17,2.755501081972613e-17,-5.551115123125783e-17,0.0,3.6821932062951476e-17,5.551115123125783e-17,5.551115123125783e-17,-3.696311387374636e-19,4.794485396491904e-15,0.0,4.794485396491904e-15,4.794485396491904e-15,4.794485396491904e-15,4.794485396491904e-15,0.0,-1.465783494627319e-30,2.397242698245952e-16,1.0449338664794874e-15,0.0,4.794485396491904e-15,1.072079526368593e-15,4.794485396491904e-15,4.794485396491904e-15,7.521887268747775e-17,8.240521775220458e-16,9.296562354833373e-16,0.0,1.8728458580046497e-15,1.24230540023453e-15,1.8728458580046497e-15,1.8728458580046497e-15,1.247068619222226e-17,0.0,0.0,0.0,0.0,0.0,0.0,0.0,0.0,1.9144210305285232,5.493080158226685e-16,1.914421030528523,1.9144210305285243,1.9144210305285234,1.9144210305285243,1.3322676295501878e-15,8.251627500261771e-16,1.9144210305285232,1.9144210305285243
-1.9917933968827128e-13,2.2561885496540572e-13,-4.547473508864641e-13,0.0,3.009589292155269e-13,4.547473508864641e-13,4.547473508864641e-13,1.0423789576008391e-14,0.0,0.0,0.0,0.0,0.0,0.0,0.0,0.0,0.0,0.0,0.0,0.0,0.0,0.0,0.0,0.0,0.0,0.0,0.0,0.0,0.0,0.0,0.0,0.0,0.0,0.0,0.0,0.0,0.0,0.0,0.0,0.0,4.796274303743752e-31,4.592757631586524e-29,-1.0097419586828951e-28,1.0097419586828951e-28,4.5930080652243505e-29,1.0097419586828951e-28,2.0194839173657902e-28,8.093051567048245e-31,8.348877145181177e-17,1.0755396930918412e-16,0.0,2.220446049250313e-16,1.36155173506899e-16,2.220446049250313e-16,2.220446049250313e-16,-2.6379430908458546e-18,8.348877145181177e-17,1.0755396930918411e-16,0.0,2.220446049250313e-16,1.36155173506899e-16,2.220446049250313e-16,2.220446049250313e-16,-6.382120381078611e-19,9.725553695716371e-17,1.1016545652607701e-16,0.0,2.220446049250313e-16,1.46952602156019e-16,2.220446049250313e-16,2.220446049250313e-16,-3.813316927694518e-18,9.725553695716371e-17,1.1016545652607701e-16,0.0,2.220446049250313e-16,1.46952602156019e-16,2.220446049250313e-16,2.220446049250313e-16,-1.813585874956418e-18,1.4210854715202004e-14,0.0,1.4210854715202004e-14,1.4210854715202004e-14,1.4210854715202004e-14,1.4210854715202004e-14,0.0,9.771889964182126e-30,0.0,0.0,0.0,0.0,0.0,0.0,0.0,0.0,1.4210854715202004e-17,1.6510909545061654e-15,-7.105427357601002e-15,7.105427357601002e-15,1.651152109420515e-15,7.105427357601002e-15,1.4210854715202004e-14,9.888031843751331e-17,0.0,0.0,0.0,0.0,0.0,0.0,0.0,0.0,-1.0191500421363742e-17,7.813480313170707e-19,-1.1275702593849246e-17,-9.54097911787244e-18,1.022140819969051e-17,1.1275702593849246e-17,1.7347234759768056e-18,-3.849631857466147e-20,0.0,0.0,0.0,0.0,0.0,0.0,0.0,0.0,-2.4202861936828413e-17,2.7527262909184386e-17,-5.551115123125783e-17,0.0,3.665417751368234e-17,5.551115123125783e-17,5.551115123125783e-17,-6.967148082677641e-19,4.794485396491904e-15,0.0,4.794485396491904e-15,4.794485396491904e-15,4.794485396491904e-15,4.794485396491904e-15,0.0,-1.465783494627319e-30,2.5890221141056285e-16,1.0836385544332222e-15,0.0,4.794485396491904e-15,1.1141377256548686e-15,4.794485396491904e-15,4.794485396491904e-15,1.6433314017676433e-16,8.165607940900273e-16,9.287200711600665e-16,0.0,1.8728458580046497e-15,1.2366456651039923e-15,1.8728458580046497e-15,1.8728458580046497e-15,2.3505897714836433e-17,0.0,0.0,0.0,0.0,0.0,0.0,0.0,0.0,1.9144210305285232,5.527974250663524e-16,1.914421030528523,1.9144210305285243,1.9144210305285234,1.9144210305285243,1.3322676295501878e-15,0.0,1.9144210305285232,1.9144210305285243
-2.0099832909181714e-13,2.2583872429104613e-13,-4.547473508864641e-13,0.0,3.0233004760875087e-13,4.547473508864641e-13,4.547473508864641e-13,-3.0389104406542992e-15,0.0,0.0,0.0,0.0,0.0,0.0,0.0,0.0,0.0,0.0,0.0,0.0,0.0,0.0,0.0,0.0,0.0,0.0,0.0,0.0,0.0,0.0,0.0,0.0,0.0,0.0,0.0,0.0,0.0,0.0,0.0,0.0,7.068193710780266e-31,4.5656753056550375e-29,-1.0097419586828951e-28,1.0097419586828951e-28,4.566222391967077e-29,1.0097419586828951e-28,2.0194839173657902e-28,-1.5079619430869068e-30,8.348877145181177e-17,1.0755396930918412e-16,0.0,2.220446049250313e-16,1.36155173506899e-16,2.220446049250313e-16,2.220446049250313e-16,1.526857806903457e-32,8.348877145181177e-17,1.0755396930918411e-16,0.0,2.220446049250313e-16,1.36155173506899e-16,2.220446049250313e-16,2.220446049250313e-16,1.9997310527379936e-18,9.725553695716371e-17,1.1016545652607701e-16,0.0,2.220446049250313e-16,1.46952602156019e-16,2.220446049250313e-16,2.220446049250313e-16,-2.4943453822717286e-18,9.725553695716371e-17,1.1016545652607701e-16,0.0,2.220446049250313e-16,1.46952602156019e-16,2.220446049250313e-16,2.220446049250313e-16,-4.946143295335367e-19,1.4210854715202004e-14,0.0,1.4210854715202004e-14,1.4210854715202004e-14,1.4210854715202004e-14,1.4210854715202004e-14,0.0,9.771889964182126e-30,0.0,0.0,0.0,0.0,0.0,0.0,0.0,0.0,0.0,1.6814510056234486e-15,-7.105427357601002e-15,7.105427357601002e-15,1.6814510056234486e-15,7.105427357601002e-15,1.4210854715202004e-14,-1.6542456027756113e-16,0.0,0.0,0.0,0.0,0.0,0.0,0.0,0.0,-1.0186296250935811e-17,7.808491187602718e-19,-1.1275702593849246e-17,-9.54097911787244e-18,1.0216181119092283e-17,1.1275702593849246e-17,1.7347234759768056e-18,-7.728348898966521e-21,0.0,0.0,0.0,0.0,0.0,0.0,0.0,0.0,-2.4091839634365897e-17,2.7512706453827716e-17,-5.551115123125783e-17,0.0,3.6570011667792735e-17,5.551115123125783e-17,5.551115123125783e-17,9.480107982727367e-19,4.794485396491904e-15,0.0,4.794485396491904e-15,4.794485396491904e-15,4.794485396491904e-15,4.794485396491904e-15,0.0,-1.465783494627319e-30,2.6849118220354665e-16,1.1023563567380076e-15,0.0,4.794485396491904e-15,1.1345823249820841e-15,4.794485396491904e-15,4.794485396491904e-15,-6.660602466982733e-17,8.12815102374018e-16,9.282289626797474e-16,0.0,1.8728458580046497e-15,1.2338060616664213e-15,1.8728458580046497e-15,1.8728458580046497e-15,-3.19841699822106e-17,0.0,0.0,0.0,0.0,0.0,0.0,0.0,0.0,1.9144210305285232,5.484097192022683e-16,1.914421030528523,1.9144210305285243,1.9144210305285234,1.9144210305285243,1.3322676295501878e-15,0.0,1.9144210305285232,1.9144210305285243
-1.9826984498649836e-13,2.255033377520385e-13,-4.547473508864641e-13,0.0,3.002710221920857e-13,4.547473508864641e-13,4.547473508864641e-13,-1.1109995159381833e-14,0.0,0.0,0.0,0.0,0.0,0.0,0.0,0.0,0.0,0.0,0.0,0.0,0.0,0.0,0.0,0.0,0.0,0.0,0.0,0.0,0.0,0.0,0.0,0.0,0.0,0.0,0.0,0.0,0.0,0.0,0.0,0.0,9.844984097158227e-31,4.586398562583976e-29,-1.0097419586828951e-28,1.0097419586828951e-28,4.587455083819317e-29,1.0097419586828951e-28,2.0194839173657902e-28,-8.26839597903511e-31,8.348877145181177e-17,1.0755396930918412e-16,0.0,2.220446049250313e-16,1.36155173506899e-16,2.220446049250313e-16,2.220446049250313e-16,2.6379430908458087e-18,8.348877145181177e-17,1.0755396930918412e-16,0.0,2.220446049250313e-16,1.36155173506899e-16,2.220446049250313e-16,2.220446049250313e-16,4.637674143583878e-18,9.725553695716371e-17,1.1016545652607701e-16,0.0,2.220446049250313e-16,1.46952602156019e-16,2.220446049250313e-16,2.220446049250313e-16,-1.1753738368487859e-18,9.725553695716371e-17,1.1016545652607701e-16,0.0,2.220446049250313e-16,1.46952602156019e-16,2.220446049250313e-16,2.220446049250313e-16,8.243572158894059e-19,1.4210854715202004e-14,0.0,1.4210854715202004e-14,1.4210854715202004e-14,1.4210854715202004e-14,1.4210854715202004e-14,0.0,9.771889964182126e-30,0.0,0.0,0.0,0.0,0.0,0.0,0.0,0.0,-4.263256414560601e-17,1.6506016336227792e-15,-7.105427357601002e-15,7.105427357601002e-15,1.651152109420515e-15,7.105427357601002e-15,1.4210854715202004e-14,-2.3996772632856087e-17,0.0,0.0,0.0,0.0,0.0,0.0,0.0,0.0,-1.0188030974411788e-17,7.8037688087991e-19,-1.1275702593849246e-17,-9.54097911787244e-18,1.0217874691528853e-17,1.1275702593849246e-17,1.7347234759768056e-18,4.3731651699774286e-20,0.0,0.0,0.0,0.0,0.0,0.0,0.0,0.0,-2.4424906541753444e-17,2.7555010819726126e-17,-5.551115123125783e-17,0.0,3.6821932062951476e-17,5.551115123125783e-17,5.551115123125783e-17,1.2817425098666534e-18,4.794485396491904e-15,0.0,4.794485396491904e-15,4.794485396491904e-15,4.794485396491904e-15,4.794485396491904e-15,0.0,-1.465783494627319e-30,2.5890221141056285e-16,1.0836385544332222e-15,0.0,4.794485396491904e-15,1.1141377256548686e-15,4.794485396491904e-15,4.794485396491904e-15,-5.408868555084287e-17,8.240521775220459e-16,9.296562354833373e-16,0.0,1.8728458580046497e-15,1.24230540023453e-15,1.8728458580046497e-15,1.8728458580046497e-15,-4.324367442195157e-17,0.0,0.0,0.0,0.0,0.0,0.0,0.0,0.0,1.9144210305285232,5.475999923275539e-16,1.914421030528523,1.9144210305285243,1.9144210305285234,1.9144210305285243,1.3322676295501878e-15,8.251627500261771e-16,1.9144210305285232,1.9144210305285243
-1.5734258340671657e-13,2.2011087128500351e-13,-4.547473508864641e-13,4.547473508864641e-13,2.705651200930063e-13,4.547473508864641e-13,9.094947017729282e-13,1.93128749187255e-13,-5.684341886080803e-17,2.200802178163706e-15,-2.8421709430404014e-14,2.8421709430404014e-14,2.2015361458940206e-15,2.8421709430404014e-14,5.684341886080803e-14,-3.015764617405742e-16,1.1368683772161606e-16,2.5395715856221482e-15,-2.8421709430404014e-14,2.8421709430404014e-14,2.542114972925208e-15,2.8421709430404014e-14,5.684341886080803e-14,6.331063418030113e-16,5.684341886080803e-17,2.200802178163706e-15,-2.8421709430404014e-14,2.8421709430404014e-14,2.2015361458940206e-15,2.8421709430404014e-14,5.684341886080803e-14,3.3833747513558744e-16,0.0,0.0,0.0,0.0,0.0,0.0,0.0,0.0,9.124645483644317e-19,2.3557795430374373e-17,-9.714451465470121e-17,9.714451465470121e-17,2.3575460061076e-17,9.714451465470121e-17,1.9428902930940242e-16,5.426755186272628e-18,2.944311461305916e-16,2.3777810844522133e-14,-3.1263880373444413e-13,3.1263880373444413e-13,2.3779633686364606e-14,3.1263880373444413e-13,6.252776074688883e-13,-1.5874992604568207e-16,7.371880883511041e-17,1.4979994687788273e-15,-1.2434497875801752e-14,2.8421709430404014e-14,1.499812278666139e-15,2.8421709430404014e-14,4.085620730620577e-14,2.0146226669605358e-17,1.354472090042691e-16,1.270939172687866e-15,-2.220446049250313e-16,2.8421709430404014e-14,1.2781362709427988e-15,2.8421709430404014e-14,2.8643754035329045e-14,1.4715574068672318e-16,7.815970093361102e-17,1.2244627542163358e-16,-8.881784197001252e-16,8.881784197001252e-16,1.4526537514033435e-16,8.881784197001252e-16,1.7763568394002505e-15,-9.014745038273725e-17,1.1027623258996755e-14,7.703069794154054e-15,-1.4210854715202004e-14,1.4210854715202004e-14,1.3451608044987588e-14,1.4210854715202004e-14,2.842170943040401e-14,-1.51149033409164e-14,0.0,0.0,0.0,0.0,0.0,0.0,0.0,0.0,-2.842170943040401e-17,1.6200374375330285e-15,-7.105427357601002e-15,7.105427357601002e-15,1.6202867315927533e-15,7.105427357601002e-15,1.4210854715202004e-14,1.426191167825062e-16,0.0,0.0,0.0,0.0,0.0,0.0,0.0,0.0,-1.8979609550662248e-17,2.21138816744448e-17,-9.887923813067799e-17,-8.673617379884035e-19,2.9141882942029245e-17,9.887923813067799e-17,9.801187639268959e-17,-4.188700700330205e-17,0.0,0.0,0.0,0.0,0.0,0.0,0.0,0.0,-2.581268532253489e-17,2.7715300810552376e-17,-8.326672684688674e-17,0.0,3.7873904242626126e-17,8.326672684688674e-17,8.326672684688674e-17,-6.65402530148094e-18,4.4433748573618245e-15,1.579371518982635e-15,0.0,6.452440390120778e-15,4.715717815774044e-15,6.452440390120778e-15,6.452440390120778e-15,-1.7585261774594321e-15,2.645152947077047e-16,1.137656922775596e-15,0.0,6.364589177356684e-15,1.1680032598728234e-15,6.364589177356684e-15,6.364589177356684e-15,3.7873279426120073e-17,9.402672463239406e-16,1.0254523951052915e-15,0.0,3.723914438590642e-15,1.3912782285139035e-15,3.723914438590642e-15,3.723914438590642e-15,5.555290919661686e-16,7.581532676365264e-17,9.758415305542488e-16,0.0,1.2706415160230687e-14,9.787822314114302e-16,1.2706415160230687e-14,1.2706415160230687e-14,3.43019574282867e-16,1.9129311113701484,0.003583358749584201,1.899305154571076,1.9144210305285243,1.912934467593639,1.9144210305285243,0.015115875957448344,-0.007752477065146456,1.9129311113701484,1.9144210305285243
-1.218722900375724e-13,2.094682993015e-13,-4.547473508864641e-13,4.547473508864641e-13,2.423423683371625e-13,4.547473508864641e-13,9.094947017729282e-13,2.8036399549263667e-13,-2.842170943040403e-17,4.356872849839835e-15,-2.8421709430404014e-14,2.8421709430404014e-14,4.356965552220769e-15,2.8421709430404014e-14,5.684341886080803e-14,6.160873541201333e-17,1.705302565824241e-16,3.3585754969686725e-15,-2.8421709430404014e-14,2.8421709430404014e-14,3.3629020112468975e-15,2.8421709430404014e-14,5.684341886080803e-14,7.032245710564632e-16,1.1368683772161606e-16,3.1113659550565016e-15,-2.8421709430404014e-14,2.8421709430404014e-14,3.113442275577917e-15,2.8421709430404014e-14,5.684341886080803e-14,4.724470980766558e-16,0.0,0.0,0.0,0.0,0.0,0.0,0.0,0.0,5.143292475945638e-18,3.383569175666714e-17,-9.714451465470121e-17,9.714451465470121e-17,3.4224369886753384e-17,9.714451465470121e-17,1.9428902930940242e-16,2.6445652289175037e-17,1.1319833959078096e-15,2.702946740895244e-14,-3.1263880373444413e-13,3.1263880373444413e-13,2.7053160532925408e-14,3.1263880373444413e-13,6.252776074688883e-13,3.543294732804759e-15,5.72875080706581e-17,2.339716317085109e-15,-2.8421709430404014e-14,2.8421709430404014e-14,2.3404175488607262e-15,2.8421709430404014e-14,5.684341886080803e-14,-1.364444153138126e-16,1.1990408665951691e-16,1.2716081794324068e-15,-2.220446049250313e-16,2.8421709430404014e-14,1.2772487431965056e-15,2.8421709430404014e-14,2.8643754035329045e-14,-2.3879767092536287e-17,1.163513729807164e-16,1.2724807332870278e-15,-8.881784197001252e-16,2.8421709430404014e-14,1.2777890508926698e-15,2.8421709430404014e-14,2.930988785010414e-14,9.099839976688115e-17,8.242295734817162e-15,9.249072317784897e-15,-1.4210854715202004e-14,1.4210854715202004e-14,1.2388735920980802e-14,1.4210854715202004e-14,2.842170943040401e-14,-2.0671262439621983e-14,0.0,0.0,0.0,0.0,0.0,0.0,0.0,0.0,-1.4210854715202004e-17,1.6510909545061654e-15,-7.105427357601002e-15,7.105427357601002e-15,1.651152109420515e-15,7.105427357601002e-15,1.4210854715202004e-14,1.2338766070085568e-16,0.0,0.0,0.0,0.0,0.0,0.0,0.0,0.0,-2.6059016056123597e-17,2.695783534006547e-17,-9.887923813067799e-17,0.0,3.7493962234410355e-17,9.887923813067799e-17,9.887923813067799e-17,-5.4746751044729797e-17,0.0,0.0,0.0,0.0,0.0,0.0,0.0,0.0,-2.3370194668359544e-17,2.743503518601226e-17,-8.326672684688674e-17,0.0,3.603952211801305e-17,8.326672684688674e-17,8.326672684688674e-17,8.623175360726281e-18,3.9066224261698554e-15,2.2723604224612216e-15,0.0,6.6906095645960466e-15,4.51943809230986e-15,6.6906095645960466e-15,6.6906095645960466e-15,-3.4137641973439824e-15,2.955537563918414e-16,1.2517734334747627e-15,0.0,6.683058086532168e-15,1.2861915688071214e-15,6.683058086532168e-15,6.683058086532168e-15,1.40324375480156e-16,8.888390055386936e-16,1.0621618272232092e-15,0.0,3.723914438590642e-15,1.3849991064896613e-15,3.723914438590642e-15,3.723914438590642e-15,4.179816007811991e-18,5.10828988139401e-16,1.9323425824166404e-15,0.0,1.3018371853427996e-14,1.9987231201304836e-15,1.3018371853427996e-14,1.3018371853427996e-14,2.301823841105082e-15,1.9082676594192844,0.00950871403772114,1.8828844252187484,1.9144210305285243,1.9082913497755536,1.9144210305285243,0.03153660530977587,-0.027178156065136617,1.9082676594192844,1.9144210305285243
-8.276401786133647e-14,1.846498244483954e-13,-4.547473508864641e-13,4.547473508864641e-13,2.0234979693929736e-13,4.547473508864641e-13,9.094947017729282e-13,2.788064177398999e-13,-5.684341886080804e-17,5.684057661880715e-15,-2.8421709430404014e-14,2.8421709430404014e-14,5.684341886080802e-15,2.8421709430404014e-14,5.684341886080803e-14,2.1784304234081917e-17,5.684341886080803e-17,3.812748750018274e-15,-2.8421709430404014e-14,2.8421709430404014e-14,3.8131724593878115e-15,2.8421709430404014e-14,5.684341886080803e-14,-2.3894658706758835e-16,2.2737367544323216e-16,3.587896080275528e-15,-2.8421709430404014e-14,2.8421709430404014e-14,3.5950934718225424e-15,2.8421709430404014e-14,5.684341886080803e-14,8.046577376464082e-16,0.0,0.0,0.0,0.0,0.0,0.0,0.0,0.0,4.785939439894567e-18,4.163210264080983e-17,-9.887923813067799e-17,9.714451465470121e-17,4.190629053754654e-17,9.887923813067799e-17,1.960237527853792e-16,1.2701048655294226e-17,1.000088900582341e-15,3.109254217555567e-14,-3.1263880373444413e-13,3.1263880373444413e-13,3.110862190370663e-14,3.1263880373444413e-13,6.252776074688883e-13,4.3980255232743766e-16,-7.194245199571017e-17,2.9797941226578376e-15,-2.8421709430404014e-14,2.8421709430404014e-14,2.980662464927108e-15,2.8421709430404014e-14,5.684341886080803e-14,-7.519839707679046e-16,9.858780458671391e-17,1.27212111763646e-15,-2.220446049250313e-16,2.8421709430404014e-14,1.275935614813641e-15,2.8421709430404014e-14,2.8643754035329045e-14,-1.7786969502066465e-16,1.5276668818842158e-16,1.794948157422069e-15,-8.881784197001252e-16,2.8421709430404014e-14,1.8014373563499063e-15,2.8421709430404014e-14,2.930988785010414e-14,2.0523835458819063e-16,5.4001247917767615e-15,9.161318224236196e-15,-1.4210854715202004e-14,1.4210854715202004e-14,1.0634429903501375e-14,1.4210854715202004e-14,2.842170943040401e-14,-1.9990502932306908e-14,0.0,0.0,0.0,0.0,0.0,0.0,0.0,0.0,-5.684341886080802e-17,1.6192893250768197e-15,-7.105427357601002e-15,7.105427357601002e-15,1.6202867315927533e-15,7.105427357601002e-15,1.4210854715202004e-14,1.1436759722893108e-16,0.0,0.0,0.0,0.0,0.0,0.0,0.0,0.0,-3.4617274324855175e-17,3.020102728953716e-17,-9.887923813067799e-17,0.0,4.5939718447391966e-17,9.887923813067799e-17,9.887923813067799e-17,-5.724561501809151e-17,0.0,0.0,0.0,0.0,0.0,0.0,0.0,0.0,-1.8596235662471373e-17,2.6230120345375775e-17,-8.326672684688674e-17,0.0,3.215336987233326e-17,8.326672684688674e-17,8.326672684688674e-17,3.042742372099929e-17,2.947725346871474e-15,2.671856640278068e-15,0.0,6.6906095645960466e-15,3.978429668447911e-15,6.6906095645960466e-15,6.6906095645960466e-15,-5.880665247103771e-15,3.08869761115683e-16,1.3327674247350499e-15,0.0,6.7032333562273595e-15,1.368089740392258e-15,6.7032333562273595e-15,6.7032333562273595e-15,2.70614855647903e-16,7.277742617502936e-16,1.042553456968174e-15,0.0,3.723914438590642e-15,1.2714452747572247e-15,3.723914438590642e-15,3.723914438590642e-15,-9.71865433268639e-16,9.532423896504067e-16,2.4600453914040484e-15,0.0,1.3018371853427996e-14,2.6382748873448946e-15,1.3018371853427996e-14,1.3018371853427996e-14,3.1438405671871146e-15,1.9019040251071309,0.01319429341063891,1.882134305726754,1.9144210305285243,1.9019497916867607,1.9144210305285243,0.032286724801770195,-0.04291988243713709,1.9019040251071309,1.9144210305285243
-4.3655745685100556e-14,1.4579174537731072e-13,-4.547473508864641e-13,4.547473508864641e-13,1.5218757226358785e-13,4.547473508864641e-13,9.094947017729282e-13,1.639922422741701e-13,-2.5579538487363605e-16,6.986134805550883e-15,-2.8421709430404014e-14,2.8421709430404014e-14,6.9908161755443205e-15,2.8421709430404014e-14,5.684341886080803e-14,-8.022750793708052e-16,-5.684341886080802e-17,4.582510400024906e-15,-2.8421709430404014e-14,2.8421709430404014e-14,4.582862941503294e-15,2.8421709430404014e-14,5.684341886080803e-14,-1.0912574902260506e-15,5.684341886080802e-17,4.215237513895412e-15,-2.8421709430404014e-14,2.8421709430404014e-14,4.215620769568695e-15,2.8421709430404014e-14,5.684341886080803e-14,-6.542098865297783e-16,0.0,0.0,0.0,0.0,0.0,0.0,0.0,0.0,4.522966202958132e-18,4.952575173988385e-17,-9.887923813067799e-17,9.887923813067799e-17,4.9731854064308817e-17,9.887923813067799e-17,1.9775847626135598e-16,1.2547478234384844e-18,-8.348877145181177e-16,3.546620990639121e-14,-3.1263880373444413e-13,3.1263880373444413e-13,3.547603532837421e-14,3.1263880373444413e-13,6.252776074688883e-13,-1.0245026384134276e-14,-4.707345624410666e-17,3.516972453097373e-15,-2.8421709430404014e-14,2.8421709430404014e-14,3.5172874699302762e-15,2.8421709430404014e-14,5.684341886080803e-14,-3.674505809406087e-16,7.815970093361103e-17,2.202164196423964e-15,-2.8421709430404014e-14,2.8421709430404014e-14,2.2035507906244492e-15,2.8421709430404014e-14,5.684341886080803e-14,-2.2756513905466445e-16,1.3411494137471893e-16,1.795449764621528e-15,-8.881784197001252e-16,2.8421709430404014e-14,1.8004517974051525e-15,2.8421709430404014e-14,2.930988785010414e-14,-1.5412820720305153e-17,2.5579538487363606e-15,8.133774839083222e-15,-1.4210854715202004e-14,1.4210854715202004e-14,8.526512829121202e-15,1.4210854715202004e-14,2.842170943040401e-14,-1.2502148351841186e-14,0.0,0.0,0.0,0.0,0.0,0.0,0.0,0.0,-2.842170943040401e-17,1.6200374375330285e-15,-7.105427357601002e-15,7.105427357601002e-15,1.6202867315927533e-15,7.105427357601002e-15,1.4210854715202004e-14,3.403797536575337e-17,0.0,0.0,0.0,0.0,0.0,0.0,0.0,0.0,-4.249985779969379e-17,3.1119852508397e-17,-9.97465998686664e-17,0.0,5.2675261111251985e-17,9.97465998686664e-17,9.97465998686664e-17,-3.6754832793407555e-17,0.0,0.0,0.0,0.0,0.0,0.0,0.0,0.0,-1.3933298959045715e-17,2.4100983169557198e-17,-8.326672684688674e-17,0.0,2.783871781568655e-17,8.326672684688674e-17,8.326672684688674e-17,4.1279687585658557e-17,1.988828267573093e-15,2.697229449908543e-15,0.0,6.6906095645960466e-15,3.3511915169610542e-15,6.6906095645960466e-15,6.6906095645960466e-15,-6.0508068254901966e-15,3.2413974479356666e-16,1.3936186498818955e-15,0.0,6.7032333562273595e-15,1.4308177785635303e-15,6.7032333562273595e-15,6.7032333562273595e-15,4.1595950605563955e-17,5.70455209677903e-16,9.982582859134304e-16,0.0,3.723914438590642e-15,1.1497559530802529e-15,3.723914438590642e-15,3.723914438590642e-15,-1.5784105308712147e-15,1.5029075248610503e-15,2.895910396060271e-15,0.0,1.3018371853427996e-14,3.262671918887022e-15,1.3018371853427996e-14,1.3018371853427996e-14,3.513500106825534e-15,1.8955433595526392,0.013292430604704843,1.882134305726754,1.9144210305285243,1.8955899653288648,1.9144210305285243,0.032286724801770195,-0.04340906897289872,1.8955433595526392,1.9144210305285243
-6.366462912410498e-15,8.360923009264968e-14,-4.547473508864641e-13,4.547473508864641e-13,8.385126836667848e-14,4.547473508864641e-13,9.094947017729282e-13,-1.9812824700897675e-14,8.5265128291212e-17,8.013258914457314e-15,-2.8421709430404014e-14,2.8421709430404014e-14,8.013712533665787e-15,2.8421709430404014e-14,5.684341886080803e-14,1.453761927871323e-15,-5.684341886080804e-17,5.240395987127973e-15,-2.8421709430404014e-14,2.8421709430404014e-14,5.2407042729174066e-15,2.8421709430404014e-14,5.684341886080803e-14,-9.387673605874757e-16,1.1368683772161606e-16,4.7545026214553424e-15,-2.8421709430404014e-14,2.8421709430404014e-14,4.755861633237122e-15,2.8421709430404014e-14,5.684341886080803e-14,-4.62916464974245e-16,0.0,0.0,0.0,0.0,0.0,0.0,0.0,0.0,4.681042879706165e-18,5.615574873452212e-17,-9.887923813067799e-17,9.887923813067799e-17,5.635051267181541e-17,9.887923813067799e-17,1.9775847626135598e-16,-9.389186918387311e-18,-1.0209610934452937e-15,3.866516740073889e-14,-3.1263880373444413e-13,3.1263880373444413e-13,3.8678644387846516e-14,3.1263880373444413e-13,6.252776074688883e-13,-8.853495448412124e-15,-7.682743330406084e-17,3.5269622919869805e-15,-2.8421709430404014e-14,2.8421709430404014e-14,3.527798954533286e-15,2.8421709430404014e-14,5.684341886080803e-14,-2.0466928218754443e-16,1.1723955140041656e-16,2.540497087086405e-15,-2.8421709430404014e-14,2.8421709430404014e-14,2.5432008496984814e-15,2.8421709430404014e-14,5.684341886080803e-14,2.1167365930575476e-18,5.773159728050815e-17,2.8427641565618816e-15,-2.8421709430404014e-14,2.8421709430404014e-14,2.8433503103130893e-15,2.8421709430404014e-14,5.684341886080803e-14,-4.475142811212415e-16,-2.842170943040401e-16,5.6772320122712976e-15,-1.4210854715202004e-14,1.4210854715202004e-14,5.684341886080802e-15,1.4210854715202004e-14,2.842170943040401e-14,1.7938013017752e-15,0.0,0.0,0.0,0.0,0.0,0.0,0.0,0.0,-2.842170943040401e-17,1.4901760015298271e-15,-7.105427357601002e-15,7.105427357601002e-15,1.490447016536438e-15,7.105427357601002e-15,1.4210854715202004e-14,-1.0279468560457492e-16,0.0,0.0,0.0,0.0,0.0,0.0,0.0,0.0,-5.0765815162723274e-17,2.966549164409226e-17,-9.97465998686664e-17,0.0,5.879803894367134e-17,9.97465998686664e-17,9.97465998686664e-17,8.316596745935441e-19,0.0,0.0,0.0,0.0,0.0,0.0,0.0,0.0,-8.93729534823251e-18,2.043979083768039e-17,-8.326672684688674e-17,0.0,2.230830109241091e-17,8.326672684688674e-17,8.326672684688674e-17,3.85021356114766e-17,1.0299311882747124e-15,2.3605737199536774e-15,0.0,6.6906095645960466e-15,2.5754740417866584e-15,6.6906095645960466e-15,6.6906095645960466e-15,-3.924188932503254e-15,2.8960135754110233e-16,1.3503208292284332e-15,0.0,6.7032333562273595e-15,1.3810268962398279e-15,6.7032333562273595e-15,6.7032333562273595e-15,-3.2400148980536673e-16,4.018990824574846e-16,9.19095334803331e-16,0.0,3.723914438590642e-15,1.0031246716821468e-15,3.723914438590642e-15,3.723914438590642e-15,-1.7251102897814399e-15,2.0123532599343296e-15,3.163920993333521e-15,0.0,1.3018371853427996e-14,3.7496615440363275e-15,1.3018371853427996e-14,1.3018371853427996e-14,2.3551435542192628e-15,1.8891828724732946,0.00991814148551785,1.882134305726754,1.9144210305285232,1.8892089072352416,1.9144210305285232,0.032286724801769084,-0.028662485810260544,1.8891828724732946,1.9144210305285232
-1.000444171950221e-14,8.808023027407937e-14,-4.547473508864641e-13,4.547473508864641e-13,8.864657815874092e-14,4.547473508864641e-13,9.094947017729282e-13,1.1001073638211522e-15,1.9895196601282806e-16,8.734810255045412e-15,-2.8421709430404014e-14,1.4210854715202004e-14,8.737075716532785e-15,2.8421709430404014e-14,4.263256414560602e-14,1.3591363563545287e-15,-2.273736754432321e-16,4.7504232533756705e-15,-2.8421709430404014e-14,2.8421709430404014e-14,4.755861633237122e-15,2.8421709430404014e-14,5.684341886080803e-14,-3.4854886774531353e-16,-1.1368683772161608e-16,4.7545026214553424e-15,-2.8421709430404014e-14,2.8421709430404014e-14,4.755861633237121e-15,2.8421709430404014e-14,5.684341886080803e-14,-1.1994982518891467e-15,0.0,0.0,0.0,0.0,0.0,0.0,0.0,0.0,3.5368030119192765e-18,5.3046521455233385e-17,-9.887923813067799e-17,9.887923813067799e-17,5.316429642199413e-17,9.887923813067799e-17,1.9775847626135598e-16,-1.615921024746564e-17,-1.1102230246251575e-16,3.386824893910851e-14,-2.557953848736361e-13,2.273736754432321e-13,3.3868430907750496e-14,2.557953848736361e-13,4.831690603168682e-13,1.7622523533580684e-15,-9.459100169806336e-17,3.2062235583870256e-15,-2.8421709430404014e-14,2.8421709430404014e-14,3.2076185814336156e-15,2.8421709430404014e-14,5.684341886080803e-14,-7.30167755931918e-17,1.7497114868092473e-16,2.837753124027703e-15,-2.8421709430404014e-14,2.8421709430404014e-14,2.843142222225211e-15,2.8421709430404014e-14,5.684341886080803e-14,8.332283632190374e-16,5.995204332975847e-17,2.8422151781448042e-15,-2.8421709430404014e-14,2.8421709430404014e-14,2.842847404694124e-15,2.8421709430404014e-14,5.684341886080803e-14,-5.68354412103317e-16,5.684341886080802e-17,3.594644057048384e-15,-1.4210854715202004e-14,1.4210854715202004e-14,3.595093471822542e-15,1.4210854715202004e-14,2.842170943040401e-14,-1.1028304018504084e-16,0.0,0.0,0.0,0.0,0.0,0.0,0.0,0.0,2.842170943040401e-17,1.6200374375330285e-15,-7.105427357601002e-15,7.105427357601002e-15,1.6202867315927533e-15,7.105427357601002e-15,1.4210854715202004e-14,3.802041848354644e-16,0.0,0.0,0.0,0.0,0.0,0.0,0.0,0.0,-5.081091797309867e-17,2.950727076042218e-17,-9.97465998686664e-17,0.0,5.875736901017461e-17,9.97465998686664e-17,9.97465998686664e-17,-7.647336273877831e-18,0.0,0.0,0.0,0.0,0.0,0.0,0.0,0.0,-2.55351295663786e-18,1.1628758123169608e-17,-5.551115123125783e-17,0.0,1.1905815549843721e-17,5.551115123125783e-17,5.551115123125783e-17,1.3744162162335621e-17,4.22144648106412e-16,1.614477652902821e-15,0.0,6.6906095645960466e-15,1.6687552833317075e-15,6.6906095645960466e-15,6.6906095645960466e-15,-1.9472020269719004e-15,3.4711264989815007e-16,1.4821519301916968e-15,0.0,6.7032333562273595e-15,1.5222554108592577e-15,6.7032333562273595e-15,6.7032333562273595e-15,1.87950828410927e-17,1.1712788643517112e-16,5.33411772241361e-16,0.0,2.569960705150825e-15,5.461200056273711e-16,2.569960705150825e-15,2.569960705150825e-15,-6.301997496667562e-16,2.499609535093775e-15,3.260107291842053e-15,0.0,1.3018371853427996e-14,4.108083176160561e-15,1.3018371853427996e-14,1.3018371853427996e-14,7.768819177427659e-16,1.884312310624921,0.004002175967526623,1.882134305726754,1.8991375862888351,1.8843165608212182,1.8991375862888351,0.017003280562081002,-0.008772044917659632,1.884312310624921,1.8991375862888351
-8.185452315956354e-15,7.833806842481445e-14,-4.547473508864641e-13,4.547473508864641e-13,7.876455163427078e-14,4.547473508864641e-13,9.094947017729282e-13,4.803439083615107e-15,1.1368683772161603e-16,8.57299771929537e-15,-1.4210854715202004e-14,1.4210854715202004e-14,8.573751488824176e-15,1.4210854715202004e-14,2.842170943040401e-14,7.890002689781617e-16,-2.273736754432321e-16,4.750423253375671e-15,-2.8421709430404014e-14,2.8421709430404014e-14,4.755861633237122e-15,2.8421709430404014e-14,5.684341886080803e-14,9.394481200947912e-16,-2.842170943040402e-16,4.574041252974179e-15,-2.8421709430404014e-14,2.8421709430404014e-14,4.582862941503294e-15,2.8421709430404014e-14,5.684341886080803e-14,-1.0422428056993664e-15,0.0,0.0,0.0,0.0,0.0,0.0,0.0,0.0,-6.940182982173831e-19,4.701548229723621e-17,-9.887923813067799e-17,9.887923813067799e-17,4.7020604388289095e-17,9.887923813067799e-17,1.9775847626135598e-16,2.8335914070555018e-18,-1.7008616737257399e-16,3.574778513539583e-14,-2.557953848736361e-13,2.273736754432321e-13,3.5748189763829424e-14,2.557953848736361e-13,4.831690603168682e-13,1.2759182931755478e-14,-1.8030021919912548e-16,3.0079681673397928e-15,-2.8421709430404014e-14,2.8421709430404014e-14,3.0133669980227707e-15,2.8421709430404014e-14,5.684341886080803e-14,-2.5628468076951877e-16,1.705302565824241e-16,2.8378149756514805e-15,-2.8421709430404014e-14,2.8421709430404014e-14,2.8429341189063594e-15,2.8421709430404014e-14,5.684341886080803e-14,4.362392017813358e-16,2.220446049250313e-18,2.5429866196623495e-15,-2.8421709430404014e-14,2.8421709430404014e-14,2.5429875890696754e-15,2.8421709430404014e-14,5.684341886080803e-14,-2.601405451664203e-16,0.0,0.0,0.0,0.0,0.0,0.0,0.0,0.0,0.0,0.0,0.0,0.0,0.0,0.0,0.0,0.0,0.0,1.5567211377889581e-15,-7.105427357601002e-15,7.105427357601002e-15,1.5567211377889581e-15,7.105427357601002e-15,1.4210854715202004e-14,1.13686837721616e-16,0.0,0.0,0.0,0.0,0.0,0.0,0.0,0.0,-5.1405928125358716e-17,2.936444435246601e-17,-9.97465998686664e-17,0.0,5.920168949074527e-17,9.97465998686664e-17,9.97465998686664e-17,2.1230418454524995e-18,0.0,0.0,0.0,0.0,0.0,0.0,0.0,0.0,0.0,0.0,0.0,0.0,0.0,0.0,0.0,0.0,0.0,0.0,0.0,0.0,0.0,0.0,0.0,0.0,3.2175520109891327e-16,1.4329249063058663e-15,0.0,6.7032333562273595e-15,1.468604846970715e-15,6.7032333562273595e-15,6.7032333562273595e-15,1.8624552558619737e-17,0.0,0.0,0.0,0.0,0.0,0.0,0.0,0.0,2.439976941666759e-15,3.225251517004645e-15,0.0,6.7032333562273595e-15,4.044222400388761e-15,6.7032333562273595e-15,6.7032333562273595e-15,-3.0698400424207347e-16,1.8826152812762884,7.780351131624679e-05,1.882134305726754,1.8829941693064616,1.8826152828839953,1.8829941693064616,0.000859863579707465,1.9901500994964737e-05,1.8826152812762884,1.8829941693064616
-5.4569682106375695e-15,8.610950592661266e-14,-4.547473508864641e-13,4.547473508864641e-13,8.6282243323741e-14,4.547473508864641e-13,9.094947017729282e-13,2.4943028348024015e-14,5.684341886080802e-17,8.759974753709753e-15,-1.4210854715202004e-14,1.4210854715202004e-14,8.760159180054894e-15,1.4210854715202004e-14,2.842170943040401e-14,-2.9817266420400023e-16,5.684341886080807e-17,4.9224562805698635e-15,-2.8421709430404014e-14,2.8421709430404014e-14,4.9227844771419245e-15,2.8421709430404014e-14,5.684341886080803e-14,1.4329987628982149e-15,-5.684341886080804e-16,5.362597410144533e-15,-2.8421709430404014e-14,2.8421709430404014e-14,5.392640207733813e-15,2.8421709430404014e-14,5.684341886080803e-14,-3.839483621256978e-16,0.0,0.0,0.0,0.0,0.0,0.0,0.0,0.0,-3.366655136290672e-19,4.032361840039246e-17,-9.714451465470121e-17,9.887923813067799e-17,4.0325023801214763e-17,9.887923813067799e-17,1.960237527853792e-16,1.6415735482546503e-18,-5.329070518200751e-17,3.4365603554064086e-14,-1.9895196601282805e-13,1.9895196601282805e-13,3.436564487295941e-14,1.9895196601282805e-13,3.979039320256561e-13,1.2682124146587604e-14,-7.682743330406084e-17,2.3919706395012285e-15,-2.8421709430404014e-14,2.8421709430404014e-14,2.3932041272620282e-15,2.8421709430404014e-14,5.684341886080803e-14,-6.125080482730793e-16,1.754152378907748e-16,3.3591019090020544e-15,-2.8421709430404014e-14,2.8421709430404014e-14,3.3636789592268643e-15,2.8421709430404014e-14,5.684341886080803e-14,1.2971659674542492e-17,-1.0924594562311543e-16,2.5405040736505897e-15,-2.8421709430404014e-14,2.8421709430404014e-14,2.5428518684481666e-15,2.8421709430404014e-14,5.684341886080803e-14,-9.285985154469573e-17,0.0,0.0,0.0,0.0,0.0,0.0,0.0,0.0,0.0,0.0,0.0,0.0,0.0,0.0,0.0,0.0,1.4210854715202004e-17,1.3850298816652889e-15,-7.105427357601002e-15,7.105427357601002e-15,1.3851027837303269e-15,7.105427357601002e-15,1.4210854715202004e-14,-1.553833575446638e-16,0.0,0.0,0.0,0.0,0.0,0.0,0.0,0.0,-5.127582386466045e-17,2.9502794247009895e-17,-9.97465998686664e-17,0.0,5.915762826027665e-17,9.97465998686664e-17,9.97465998686664e-17,-8.999890819287939e-19,0.0,0.0,0.0,0.0,0.0,0.0,0.0,0.0,0.0,0.0,0.0,0.0,0.0,0.0,0.0,0.0,0.0,0.0,0.0,0.0,0.0,0.0,0.0,0.0,2.547228675366397e-16,1.2816329751607507e-15,0.0,6.7032333562273595e-15,1.3067007393682328e-15,6.7032333562273595e-15,6.7032333562273595e-15,-1.0002669175879366e-16,0.0,0.0,0.0,0.0,0.0,0.0,0.0,0.0,2.5472286753663963e-15,3.253658601950428e-15,0.0,6.7032333562273595e-15,4.1321505566296665e-15,6.7032333562273595e-15,6.7032333562273595e-15,-2.44688087063247e-16,1.8826184342072378,6.200399610285407e-06,1.8825806456645495,1.8826480661763307,1.8826184342174483,1.8826480661763307,6.742051178121322e-05,1.1153742470820953e-06,1.8826184342072378,1.8826480661763307
-9.094947017729283e-16,8.384633579404756e-14,-4.547473508864641e-13,4.547473508864641e-13,8.385126836667848e-14,4.547473508864641e-13,9.094947017729282e-13,2.569458684409984e-14,2.2737367544323206e-16,8.71096415471153e-15,-1.4210854715202004e-14,1.4210854715202004e-14,8.713931104441537e-15,1.4210854715202004e-14,2.842170943040401e-14,-2.0388747244086236e-15,1.7053025658242407e-16,4.919829919822373e-15,-2.8421709430404014e-14,2.8421709430404014e-14,4.9227844771419245e-15,2.8421709430404014e-14,5.684341886080803e-14,6.800787478077517e-16,-2.842170943040402e-16,5.817778824865265e-15,-2.8421709430404014e-14,2.8421709430404014e-14,5.824717144355191e-15,2.8421709430404014e-14,5.684341886080803e-14,3.5603722232577974e-16,0.0,0.0,0.0,0.0,0.0,0.0,0.0,0.0,-7.36922898242002e-20,3.014932821736694e-17,-9.668372873139486e-17,9.649399335120991e-17,3.014941827817077e-17,9.668372873139486e-17,1.9317772208260475e-16,-7.184491877616131e-19,1.3669065879184927e-15,3.052775925634679e-14,-1.9895196601282805e-13,1.9895196601282805e-13,3.055834614035194e-14,1.9895196601282805e-13,3.979039320256561e-13,-2.450776773803447e-15,-1.212363542890671e-16,1.491040417593552e-15,-2.8421709430404014e-14,7.105427357601002e-15,1.4959611560795482e-15,2.8421709430404014e-14,3.5527136788005016e-14,-3.2724322253981225e-17,1.7807977314987517e-16,2.8375423666584163e-15,-2.8421709430404014e-14,2.8421709430404014e-14,2.843124880863758e-15,2.8421709430404014e-14,5.684341886080803e-14,-4.556674399080698e-16,-1.6786572132332372e-16,2.838008583368413e-15,-2.8421709430404014e-14,2.8421709430404014e-14,2.8429688038506832e-15,2.8421709430404014e-14,5.684341886080803e-14,-3.7792789523287956e-17,0.0,0.0,0.0,0.0,0.0,0.0,0.0,0.0,0.0,0.0,0.0,0.0,0.0,0.0,0.0,0.0,4.263256414560601e-17,1.3094822619017383e-15,-7.105427357601002e-15,7.105427357601002e-15,1.3101760682293513e-15,7.105427357601002e-15,1.4210854715202004e-14,-7.369221666685593e-17,0.0,0.0,0.0,0.0,0.0,0.0,0.0,0.0,-5.0731988054941725e-17,2.853233733578041e-17,-9.93129189996722e-17,0.0,5.820505893691303e-17,9.93129189996722e-17,9.93129189996722e-17,6.4006517983311035e-18,0.0,0.0,0.0,0.0,0.0,0.0,0.0,0.0,0.0,0.0,0.0,0.0,0.0,0.0,0.0,0.0,0.0,0.0,0.0,0.0,0.0,0.0,0.0,0.0,2.2790993411173025e-16,1.214821194450655e-15,0.0,6.7032333562273595e-15,1.236015158706935e-15,6.7032333562273595e-15,6.7032333562273595e-15,-2.0920510330932336e-16,0.0,0.0,0.0,0.0,0.0,0.0,0.0,0.0,2.5204157419414877e-15,3.2469122810319726e-15,0.0,6.7032333562273595e-15,4.11034486058563e-15,6.7032333562273595e-15,6.7032333562273595e-15,8.381048651379045e-17,1.8826186183706903,5.121132266190506e-07,1.882615695544232,1.8826219166153393,1.88261861837076,1.8826219166153393,6.22107110737069e-06,2.9305468580398176e-08,1.8826186183706903,1.8826219166153393
9.094947017729283e-16,7.332016640039851e-14,-4.547473508864641e-13,4.547473508864641e-13,7.33258070640527e-14,4.547473508864641e-13,9.094947017729282e-13,1.556488537525166e-14,-1.9895196601282806e-16,8.826805612764968e-15,-1.4210854715202004e-14,1.4210854715202004e-14,8.829047469026288e-15,1.4210854715202004e-14,2.842170943040401e-14,-3.3323177883072406e-16,5.684341886080804e-17,4.582510400024907e-15,-2.8421709430404014e-14,2.8421709430404014e-14,4.582862941503294e-15,2.8421709430404014e-14,5.684341886080803e-14,-2.620924103163001e-16,-2.273736754432321e-16,5.6797925921258865e-15,-2.8421709430404014e-14,2.8421709430404014e-14,5.6843418860808026e-15,2.8421709430404014e-14,5.684341886080803e-14,1.8979575063944046e-15,0.0,0.0,0.0,0.0,0.0,0.0,0.0,0.0,-2.3176895281747786e-19,1.4380915685793015e-17,-9.668372873139486e-17,8.771195575407731e-17,1.438278320803653e-17,9.668372873139486e-17,1.8439568448547217e-16,1.161675963302106e-18,1.1390888232654104e-15,3.1730614633784234e-14,-2.273736754432321e-13,2.273736754432321e-13,3.175105397282129e-14,2.273736754432321e-13,4.547473508864642e-13,-9.797932259271454e-15,-1.212363542890671e-16,1.499021203746128e-15,-2.8421709430404014e-14,7.105427357601002e-15,1.5039158297198e-15,2.8421709430404014e-14,3.5527136788005016e-14,1.136602455533615e-16,1.216804434989172e-16,2.5402494397894628e-15,-2.8421709430404014e-14,2.8421709430404014e-14,2.5431620763688603e-15,2.8421709430404014e-14,5.684341886080803e-14,-4.472909069079036e-16,-1.083577672034153e-16,1.7955962874497382e-15,-2.8421709430404014e-14,2.220446049250313e-16,1.7988628166751884e-15,2.8421709430404014e-14,2.8643754035329045e-14,-5.254612447088159e-17,0.0,0.0,0.0,0.0,0.0,0.0,0.0,0.0,0.0,0.0,0.0,0.0,0.0,0.0,0.0,0.0,1.4210854715202004e-17,1.5238781304877767e-15,-7.105427357601002e-15,7.105427357601002e-15,1.5239443903799963e-15,7.105427357601002e-15,1.4210854715202004e-14,-4.549175407632931e-16,0.0,0.0,0.0,0.0,0.0,0.0,0.0,0.0,-5.005891534626272e-17,2.8845499251615923e-17,-9.93129189996722e-17,0.0,5.777506237745895e-17,9.93129189996722e-17,9.93129189996722e-17,7.262113398988006e-18,0.0,0.0,0.0,0.0,0.0,0.0,0.0,0.0,0.0,0.0,0.0,0.0,0.0,0.0,0.0,0.0,0.0,0.0,0.0,0.0,0.0,0.0,0.0,0.0,3.083487343864585e-16,1.4042273960053863e-15,0.0,6.7032333562273595e-15,1.4376833871509398e-15,6.7032333562273595e-15,6.7032333562273595e-15,-2.2012294446437575e-16,0.0,0.0,0.0,0.0,0.0,0.0,0.0,0.0,2.5874480755037605e-15,3.2633388888981456e-15,0.0,6.7032333562273595e-15,4.164645032559569e-15,6.7032333562273595e-15,6.7032333562273595e-15,4.1760742418077595e-16,1.8826186240581146,4.295100035397426e-08,1.882618394019571,1.882618919407056,1.8826186240581153,1.882618919407056,5.25387484850981e-07,-3.071257405922931e-09,1.8826186240581146,1.882618919407056
-2.2737367544323246e-16,9.080696577135322e-14,-2.273736754432321e-13,2.273736754432321e-13,9.080725043402646e-14,2.273736754432321e-13,4.547473508864642e-13,-1.007251767023372e-14,3.552713678800501e-17,1.3570250171415154e-15,-3.552713678800501e-15,3.552713678800501e-15,1.3574899906062967e-15,3.552713678800501e-15,7.105427357601002e-15,-8.875402076620177e-17,1.7659484985443896e-17,1.192055311452568e-15,-7.105427357601002e-15,7.105427357601002e-15,1.1921861108787631e-15,7.105427357601002e-15,1.4210854715202004e-14,2.2471553892461786e-16,-6.394884621840901e-17,1.1711891238279063e-15,-3.552713678800501e-15,3.552713678800501e-15,1.1729336804378348e-15,3.552713678800501e-15,7.105427357601002e-15,7.045860900710941e-17,4.440892098500626e-18,1.0214051826551439e-16,-4.440892098500626e-16,4.440892098500626e-16,1.0223701381680906e-16,4.440892098500626e-16,8.881784197001252e-16,5.137606906768377e-18,1.0103029524088924e-17,1.0208436959434033e-15,-3.552713678800501e-15,3.552713678800501e-15,1.0208936882716792e-15,3.552713678800501e-15,7.105427357601002e-15,-2.5903697018385874e-16,4.505423811806966e-17,5.361763436598637e-15,-5.1514348342607263e-14,5.684341886080803e-14,5.361952725865683e-15,5.684341886080803e-14,1.0835776720341529e-13,1.512599925552272e-16,-3.213054822204242e-17,6.660164971934845e-16,-7.105427357601002e-15,3.219646771412954e-15,6.667910817211998e-16,7.105427357601002e-15,1.0325074129013956e-14,1.448320422341721e-16,5.447170492445252e-16,5.7298622754039465e-15,-6.394884621840903e-14,5.3290705182007514e-14,5.755696166306466e-15,6.394884621840903e-14,1.1723955140041653e-13,-6.636911579198668e-16,2.996769499219454e-16,3.482085170940768e-15,-7.105427357601002e-15,4.973799150320701e-14,3.4949568540970742e-15,4.973799150320701e-14,5.684341886080802e-14,-3.8106942751004166e-16,7.105427357601002e-18,7.619390652438884e-16,-3.552713678800501e-15,3.552713678800501e-15,7.619721951899982e-16,3.552713678800501e-15,7.105427357601002e-15,2.2720348556640533e-17,1.0231815394945446e-15,2.1091589520270973e-14,-5.684341886080803e-14,5.684341886080803e-14,2.111639289638187e-14,5.684341886080803e-14,1.1368683772161605e-13,2.872805120869582e-16,4.9737991503207014e-17,1.3188369917958855e-15,-3.552713678800501e-15,3.552713678800501e-15,1.3197745560238666e-15,3.552713678800501e-15,7.105427357601002e-15,1.8950642784883143e-16,-2.2737367544323206e-16,2.1267644408858556e-14,-5.684341886080803e-14,5.684341886080803e-14,2.1268859807002754e-14,5.684341886080803e-14,1.1368683772161605e-13,-2.3826582756027302e-15,-4.829253316684934e-17,2.875892800063352e-17,-9.952975943416932e-17,0.0,5.620715879153531e-17,9.952975943416932e-17,9.952975943416932e-17,6.118930628319333e-18,0.0,0.0,0.0,0.0,0.0,0.0,0.0,0.0,-3.042011087472929e-17,2.943640729822614e-17,-9.714451465470121e-17,0.0,4.2330665247050916e-17,9.714451465470121e-17,9.714451465470121e-17,-4.797227153110855e-18,2.3939506707731283e-15,5.678321111596457e-15,0.0,1.6524249668839537e-14,6.1623315766434645e-15,1.6524249668839537e-14,1.6524249668839537e-14,3.541186283073435e-15,7.145250799302903e-16,1.7802449610603914e-15,0.0,5.163828021512355e-15,1.9182852267664216e-15,5.163828021512355e-15,5.163828021512355e-15,-6.00436020203262e-16,2.210763871709977e-15,2.1392737862082946e-15,0.0,7.0599211231614235e-15,3.076356485977537e-15,7.0599211231614235e-15,7.0599211231614235e-15,3.4863569426677796e-16,4.0794241369947606e-16,9.086301632097976e-16,0.0,2.581914010756178e-15,9.960049128340772e-16,2.581914010756178e-15,2.581914010756178e-15,2.183031486938719e-17,1.7463176158464593,0.4372369835517707,0.1120020240572267,2.3091513145030107,1.80022259601448,2.3091513145030107,2.197149290445784,0.06491353828783583,1.7463176158464593,2.3091513145030107
-1.3642420526593928e-15,8.921744358276945e-14,-2.273736754432321e-13,2.273736754432321e-13,8.922787342429996e-14,2.273736754432321e-13,4.547473508864642e-13,9.655892851756903e-15,1.4210854715202004e-17,1.3480851520721807e-15,-3.552713678800501e-15,3.552713678800501e-15,1.3481600519334531e-15,3.552713678800501e-15,7.105427357601002e-15,1.2577031897645816e-16,4.510281037539699e-19,1.189243547821985e-15,-7.105427357601002e-15,7.105427357601002e-15,1.1892436333496059e-15,7.105427357601002e-15,1.4210854715202004e-14,1.1147079600023194e-16,-7.815970093361102e-17,1.217891805624473e-15,-3.552713678800501e-15,3.552713678800501e-15,1.2203972259298487e-15,3.552713678800501e-15,7.105427357601002e-15,-8.73925017515714e-17,8.881784197001253e-19,1.0319318465663534e-16,-4.440892098500626e-16,4.440892098500626e-16,1.0319700683878219e-16,4.440892098500626e-16,8.881784197001252e-16,-4.20156258421018e-18,-1.1665148014206039e-17,9.767421236988637e-16,-3.552713678800501e-15,3.552713678800501e-15,9.768117791498827e-16,3.552713678800501e-15,7.105427357601002e-15,-9.001402210100716e-17,-5.469236175059676e-17,5.591712649119429e-15,-5.1514348342607263e-14,5.684341886080803e-14,5.591980114839114e-15,5.684341886080803e-14,1.0835776720341529e-13,-3.583801585500521e-16,-1.1331213745080504e-17,6.722359377599313e-16,-7.105427357601002e-15,3.552713678800501e-15,6.7233143048716e-16,7.105427357601002e-15,1.0658141036401503e-14,2.843921871118905e-16,5.645900413853155e-16,5.7845334979281976e-15,-6.394884621840903e-14,5.3290705182007514e-14,5.812021137563498e-15,6.394884621840903e-14,1.1723955140041653e-13,-2.6476675143744514e-16,2.0763946118051995e-16,2.6829206335394817e-15,-7.105427357601002e-15,3.5527136788005016e-14,2.6909435653151906e-15,3.5527136788005016e-14,4.263256414560602e-14,-2.256834107485557e-16,2.842170943040401e-17,4.48487010034441e-16,-3.552713678800501e-15,3.552713678800501e-15,4.493866839778177e-16,3.552713678800501e-15,7.105427357601002e-15,-1.2594050885328725e-16,6.821210263296965e-16,2.328888120742093e-14,-5.684341886080803e-14,5.684341886080803e-14,2.3298868577420763e-14,5.684341886080803e-14,1.1368683772161605e-13,-4.5202431285720384e-15,7.105427357601002e-17,1.3274033742241472e-15,-3.552713678800501e-15,3.552713678800501e-15,1.329303737937672e-15,3.552713678800501e-15,7.105427357601002e-15,4.612145662059581e-17,-9.094947017729285e-16,2.1849178726434236e-14,-5.684341886080803e-14,5.684341886080803e-14,2.18680998633219e-14,5.684341886080803e-14,1.1368683772161605e-13,4.901468452668473e-16,-4.7613822606873415e-17,2.829268610706483e-17,-9.952975943416932e-17,0.0,5.538548718203812e-17,9.952975943416932e-17,9.952975943416932e-17,4.79611568357832e-18,0.0,0.0,0.0,0.0,0.0,0.0,0.0,0.0,-3.044786645034492e-17,2.913794816619505e-17,-9.714451465470121e-17,0.0,4.214371358475554e-17,9.714451465470121e-17,9.714451465470121e-17,-2.0811695680173734e-18,2.812220740515629e-15,6.169058386973412e-15,0.0,1.6524249668839537e-14,6.779813188818204e-15,1.6524249668839537e-14,1.6524249668839537e-14,6.640249939902618e-16,7.249518814713281e-16,1.7909759514739327e-15,0.0,5.163828021512355e-15,1.9321361466539504e-15,5.163828021512355e-15,5.163828021512355e-15,-6.201687448407353e-16,2.2127809920308804e-15,2.117583442310686e-15,0.0,7.0599211231614235e-15,3.062769882613048e-15,7.0599211231614235e-15,7.0599211231614235e-15,1.5124778837335799e-16,4.014876286725856e-16,9.043879438559747e-16,0.0,2.581914010756178e-15,9.89499807462929e-16,2.581914010756178e-15,2.581914010756178e-15,1.6952507262240404e-16,1.754369648223676,0.4419462807696335,0.112343628104943,2.3091513145030107,1.8091791999950078,2.3091513145030107,2.196807686398068,0.029315206697999554,1.754369648223676,2.3091513145030107
4.547473508864643e-16,9.037810439375243e-14,-2.273736754432321e-13,2.273736754432321e-13,9.037924844211281e-14,2.273736754432321e-13,4.547473508864642e-13,8.261697380775627e-15,7.815970093361102e-17,1.4278019916931169e-15,-3.552713678800501e-15,3.552713678800501e-15,1.4299396722704292e-15,3.552713678800501e-15,7.105427357601002e-15,3.205526330069814e-16,6.314393452555578e-19,1.1625701289272076e-15,-7.105427357601002e-15,7.105427357601002e-15,1.1625703004074512e-15,7.105427357601002e-15,1.4210854715202004e-14,-1.3967112562991818e-16,-7.105427357601002e-17,1.2079226507921702e-15,-3.552713678800501e-15,3.552713678800501e-15,1.2100106776761096e-15,3.552713678800501e-15,7.105427357601002e-15,3.403797536575293e-18,2.6645352591003758e-18,9.926561120103809e-17,-4.440892098500626e-16,4.440892098500626e-16,9.930136612989092e-17,4.440892098500626e-16,8.881784197001252e-16,-1.7752931526700698e-17,8.901733516974986e-18,9.95770009310486e-16,-3.552713678800501e-15,3.552713678800501e-15,9.958097972513691e-16,3.552713678800501e-15,7.105427357601002e-15,5.413588946717436e-17,-7.778500066279999e-17,5.4447291632254035e-15,-5.1514348342607263e-14,5.684341886080803e-14,5.445284764565148e-15,5.684341886080803e-14,1.0835776720341529e-13,-7.402370466425335e-16,-2.4494295480792515e-18,5.960409652949915e-16,-7.105427357601002e-15,3.552713678800501e-15,5.960459982374651e-16,7.105427357601002e-15,1.0658141036401503e-14,4.8646632297937447e-17,5.528494328999046e-16,5.643774836225357e-15,-6.394884621840903e-14,5.3290705182007514e-14,5.670788031435164e-15,6.394884621840903e-14,1.1723955140041653e-13,-2.679594736385e-16,1.897301760145354e-16,2.7017740586841964e-15,-7.105427357601002e-15,3.5527136788005016e-14,2.7084276995831704e-15,3.5527136788005016e-14,4.263256414560602e-14,-7.06577594171778e-16,0.0,0.0,0.0,0.0,0.0,0.0,0.0,0.0,4.547473508864643e-16,2.3842816024477237e-14,-5.684341886080803e-14,5.684341886080803e-14,2.3847152264583013e-14,5.684341886080803e-14,1.1368683772161605e-13,-3.286706901317137e-15,-7.105427357601002e-18,1.3004873293100225e-15,-3.552713678800501e-15,3.552713678800501e-15,1.300506740003238e-15,3.552713678800501e-15,7.105427357601002e-15,-2.802176321985639e-16,-4.547473508864643e-16,2.1263997797610848e-14,-5.684341886080803e-14,5.684341886080803e-14,2.1268859807002754e-14,5.684341886080803e-14,1.1368683772161605e-13,4.356860846816405e-17,-4.7207029951756853e-17,2.804867723094209e-17,-9.952975943416932e-17,0.0,5.491112793661807e-17,9.952975943416932e-17,9.952975943416932e-17,-3.237991212482282e-18,0.0,0.0,0.0,0.0,0.0,0.0,0.0,0.0,-3.0031532816110486e-17,2.875450842558193e-17,-9.714451465470121e-17,0.0,4.157781521535232e-17,9.714451465470121e-17,9.714451465470121e-17,-2.3108594213155997e-18,2.9082679417157585e-15,6.292767527247582e-15,0.0,1.6524249668839537e-14,6.932311704820641e-15,1.6524249668839537e-14,1.6524249668839537e-14,-9.316906280346908e-16,6.939028163435786e-16,1.758310882483351e-15,0.0,5.163828021512355e-15,1.8902799469890513e-15,5.163828021512355e-15,5.163828021512355e-15,-1.4219067366234994e-16,2.1825241872173317e-15,2.0897171820917093e-15,0.0,7.0599211231614235e-15,3.0216435476273483e-15,7.0599211231614235e-15,7.0599211231614235e-15,1.6794036492119172e-16,4.453801668554407e-16,9.481945186575174e-16,0.0,2.581914010756178e-15,1.0475859574470925e-15,2.581914010756178e-15,2.581914010756178e-15,2.1457715302565855e-16,1.752450578806559,0.4498318496769863,0.112343628104943,2.2888682530328133,1.80926275707628,2.2888682530328133,2.1765246249278705,0.02741797209443115,1.752450578806559,2.2888682530328133
-1.8189894035458573e-15,8.978698263079016e-14,-2.273736754432321e-13,2.273736754432321e-13,8.980540614234771e-14,2.273736754432321e-13,4.547473508864642e-13,-3.964743370602947e-15,9.947598300641403e-17,1.4527775611011435e-15,-3.552713678800501e-15,3.552713678800501e-15,1.4561792860887975e-15,3.552713678800501e-15,7.105427357601002e-15,1.7291291485802688e-16,-3.2175651032417815e-17,9.50184847766644e-16,-7.105427357601002e-15,7.105427357601002e-15,9.507294659600493e-16,7.105427357601002e-15,1.4210854715202004e-14,-2.774867827198792e-17,-7.105427357601002e-17,1.2286432469317233e-15,-3.552713678800501e-15,3.552713678800501e-15,1.230696119285481e-15,3.552713678800501e-15,7.105427357601002e-15,1.0909171104723938e-16,-8.881784197001253e-19,9.929739399580145e-17,-4.440892098500626e-16,4.440892098500626e-16,9.930136612989092e-17,4.440892098500626e-16,8.881784197001252e-16,-1.0136934538613387e-17,1.5674093967188442e-17,9.963330452348386e-16,-3.552713678800501e-15,3.552713678800501e-15,9.96456328319821e-16,3.552713678800501e-15,7.105427357601002e-15,1.350094042716822e-16,-2.758279715742162e-16,5.81538392110399e-15,-5.684341886080803e-14,5.3290705182007514e-14,5.8219216088622806e-15,5.684341886080803e-14,1.1013412404281554e-13,6.024084258705476e-16,1.594557819117881e-17,5.706417926654352e-16,-7.105427357601002e-15,3.552713678800501e-15,5.70864534719291e-16,7.105427357601002e-15,1.0658141036401503e-14,-1.0025463493311592e-16,3.8219427622721013e-16,4.7772473810635e-15,-6.394884621840903e-14,5.1514348342607263e-14,4.792511346325527e-15,6.394884621840903e-14,1.1546319456101628e-13,-2.042723940763465e-16,5.0424941999693843e-17,1.5051063133843361e-15,-7.105427357601002e-15,3.1974423109204515e-14,1.5059507592763645e-15,3.1974423109204515e-14,3.9079850466805517e-14,-8.40140498753639e-17,0.0,0.0,0.0,0.0,0.0,0.0,0.0,0.0,5.684341886080803e-16,2.343024771735708e-14,-5.684341886080803e-14,5.684341886080803e-14,2.343714200843386e-14,5.684341886080803e-14,1.1368683772161605e-13,-2.3949119467344024e-15,8.526512829121202e-17,1.2481305596194536e-15,-3.552713678800501e-15,3.552713678800501e-15,1.2510395820910253e-15,3.552713678800501e-15,7.105427357601002e-15,-4.099874132804985e-16,-4.547473508864643e-16,2.1565766840247997e-14,-5.684341886080803e-14,5.684341886080803e-14,2.1570560830935253e-14,5.684341886080803e-14,1.1368683772161605e-13,3.918451724105518e-15,-4.774479422930966e-17,2.747972049842005e-17,-9.952975943416932e-17,-4.336808689942019e-19,5.5088115003786513e-17,9.952975943416932e-17,9.909607856517512e-17,-2.0703353369668232e-18,0.0,0.0,0.0,0.0,0.0,0.0,0.0,0.0,-3.047562202596055e-17,2.840571294673952e-17,-9.714451465470121e-17,0.0,4.1661109753363235e-17,9.714451465470121e-17,9.714451465470121e-17,4.700830543188296e-18,2.8091224437027215e-15,6.2070501614188726e-15,0.0,1.6524249668839537e-14,6.813122676870306e-15,1.6524249668839537e-14,1.6524249668839537e-14,-9.051726704823003e-16,6.423967301258057e-16,1.7011277744959839e-15,0.0,5.163828021512355e-15,1.818380945797108e-15,5.163828021512355e-15,5.163828021512355e-15,8.59961531807533e-17,2.2147981123517836e-15,2.064368673454907e-15,0.0,7.0599211231614235e-15,3.027696929750235e-15,7.0599211231614235e-15,7.0599211231614235e-15,-3.4163012668519634e-16,4.608716509199777e-16,9.617854955094042e-16,0.0,2.581914010756178e-15,1.0665055170949543e-15,2.581914010756178e-15,2.581914010756178e-15,-4.849978593857546e-17,1.747873865292696,0.45307239638078745,0.1257825679058212,2.2888682530328133,1.8056405083336657,2.2888682530328133,2.163085685126992,0.020313345787578742,1.747873865292696,2.2888682530328133
-2.7284841053187856e-15,8.623909141140273e-14,-2.273736754432321e-13,2.273736754432321e-13,8.628224332374101e-14,2.273736754432321e-13,4.547473508864642e-13,1.6120385133220784e-15,6.394884621840901e-17,1.3927181392987983e-15,-3.552713678800501e-15,3.552713678800501e-15,1.3941855222546866e-15,3.552713678800501e-15,7.105427357601002e-15,-2.597948469791121e-16,-2.95666269245487e-17,8.40822179663167e-16,-7.105427357601002e-15,7.105427357601002e-15,8.413418587240353e-16,7.105427357601002e-15,1.4210854715202004e-14,-1.230709645970499e-16,-5.684341886080802e-17,1.2497475191776544e-15,-3.552713678800501e-15,3.552713678800501e-15,1.2510395820910253e-15,3.552713678800501e-15,7.105427357601002e-15,1.9435683933845145e-16,-2.6645352591003758e-18,9.92656112010381e-17,-4.440892098500626e-16,4.440892098500626e-16,9.930136612989092e-17,4.440892098500626e-16,8.881784197001252e-16,-9.094521543037214e-18,2.6332235003589945e-17,1.0545798619554273e-15,-3.552713678800501e-15,3.552713678800501e-15,1.0549085608915176e-15,3.552713678800501e-15,7.105427357601002e-15,-6.970234228454333e-17,-1.824929096727614e-18,4.798900834444915e-15,-5.684341886080803e-14,5.3290705182007514e-14,4.798901181437509e-15,5.684341886080803e-14,1.1013412404281554e-13,-8.417165002253461e-16,3.833044992518353e-17,6.405956420695938e-16,-7.105427357601002e-15,7.105427357601002e-15,6.417413809549936e-16,7.105427357601002e-15,1.4210854715202004e-14,1.1042896470833725e-16,2.2710999747488356e-16,4.456140210311721e-15,-6.394884621840903e-14,5.1514348342607263e-14,4.461923859156501e-15,6.394884621840903e-14,1.1546319456101628e-13,-1.6611213402799075e-16,1.7571361032864275e-16,2.2989288565362623e-15,-7.105427357601002e-15,3.5527136788005016e-14,2.3056342208316243e-15,3.5527136788005016e-14,4.263256414560602e-14,3.411029775335293e-16,0.0,0.0,0.0,0.0,0.0,0.0,0.0,0.0,0.0,2.301983014526353e-14,-5.684341886080803e-14,5.684341886080803e-14,2.301983014526353e-14,5.684341886080803e-14,1.1368683772161605e-13,3.1723393040882065e-15,0.0,1.1675408533417186e-15,-3.552713678800501e-15,3.552713678800501e-15,1.1675408533417186e-15,3.552713678800501e-15,7.105427357601002e-15,-6.1268355658354785e-18,-1.1368683772161616e-16,2.2015067918830474e-14,-5.684341886080803e-14,5.684341886080803e-14,2.2015361458940206e-14,5.684341886080803e-14,1.1368683772161605e-13,1.3955569899958854e-15,-4.8639911542913697e-17,2.7408008746013817e-17,-9.952975943416932e-17,-4.336808689942019e-19,5.583045708503593e-17,9.952975943416932e-17,9.909607856517512e-17,-5.5173139842585295e-18,0.0,0.0,0.0,0.0,0.0,0.0,0.0,0.0,-3.111400026512001e-17,2.8316931443819644e-17,-9.714451465470121e-17,0.0,4.2070531478599954e-17,9.714451465470121e-17,9.714451465470121e-17,1.722840100788067e-18,2.709976945689684e-15,6.118526015406485e-15,0.0,1.6524249668839537e-14,6.6918110887393955e-15,1.6524249668839537e-14,1.6524249668839537e-14,-5.873529702648582e-16,5.5994072427829655e-16,1.6019789207317476e-15,0.0,5.163828021512355e-15,1.6970179955363342e-15,5.163828021512355e-15,5.163828021512355e-15,3.9189939569689045e-16,2.261191879732558e-15,2.0579165293473576e-15,0.0,7.0599211231614235e-15,3.0574514155959266e-15,7.0599211231614235e-15,7.0599211231614235e-15,-1.2520640267354994e-16,4.2601581177476934e-16,9.292200555743406e-16,0.0,2.581914010756178e-15,1.0222227661149484e-15,2.581914010756178e-15,2.581914010756178e-15,9.987523658374202e-17,1.7471473191133964,0.45253724282397706,0.1257825679058212,2.2677652856393027,1.804802956233133,2.2677652856393027,2.1419827177334816,-0.0030156043994142606,1.7471473191133964,2.2677652856393027
-2.728484105318785e-15,8.256388694852917e-14,-2.273736754432321e-13,2.273736754432321e-13,8.260895867617798e-14,2.273736754432321e-13,4.547473508864642e-13,-1.0859475660689938e-14,3.552713678800501e-17,1.4117287951127032e-15,-3.552713678800501e-15,3.552713678800501e-15,1.4121757569080125e-15,3.552713678800501e-15,7.105427357601002e-15,-3.134046581801736e-16,-2.2593038551121934e-17,7.539997158580016e-16,-7.105427357601002e-15,7.105427357601002e-15,7.543381316789704e-16,7.105427357601002e-15,1.4210854715202004e-14,2.519348668472896e-16,-8.526512829121202e-17,1.207002774639595e-15,-3.552713678800501e-15,3.552713678800501e-15,1.2100106776761096e-15,3.552713678800501e-15,7.105427357601002e-15,1.6168038298732814e-17,-3.552713678800501e-18,8.418507214765319e-17,-4.440892098500626e-16,4.440892098500626e-16,8.426000324584082e-17,4.440892098500626e-16,8.881784197001252e-16,1.2551503416121184e-18,1.9226807645988943e-17,9.612051814770882e-16,-3.552713678800501e-15,3.552713678800501e-15,9.613974573664412e-16,3.552713678800501e-15,7.105427357601002e-15,-2.0391692118969117e-16,-3.0665053829537213e-16,5.0731421628577155e-15,-5.684341886080803e-14,3.5527136788005016e-14,5.08240159345968e-15,5.684341886080803e-14,9.237055564881305e-14,-1.4161135670618645e-16,1.8110513089197865e-17,7.431626606166641e-16,-7.105427357601002e-15,7.105427357601002e-15,7.433833000674639e-16,7.105427357601002e-15,1.4210854715202004e-14,-9.046472819022373e-17,2.9991287231467823e-16,3.2442637142039243e-15,-1.4210854715202004e-14,5.1514348342607263e-14,3.258096803086164e-15,5.1514348342607263e-14,6.572520305780927e-14,-8.650656704606795e-16,1.2859852072111267e-16,1.7776200605500158e-15,-7.105427357601002e-15,3.5527136788005016e-14,1.7822655972670013e-15,3.5527136788005016e-14,4.263256414560602e-14,2.80094726520913e-16,0.0,0.0,0.0,0.0,0.0,0.0,0.0,0.0,5.684341886080803e-16,2.2299724657765453e-14,-5.684341886080803e-14,5.684341886080803e-14,2.230696835607499e-14,5.684341886080803e-14,1.1368683772161605e-13,2.9286274004694145e-15,-1.4210854715202004e-17,1.3100989967819935e-15,-3.552713678800501e-15,3.552713678800501e-15,1.3101760682293513e-15,3.552713678800501e-15,7.105427357601002e-15,-4.322822871450655e-17,3.410605131648482e-16,2.201271945703551e-14,-5.684341886080803e-14,5.684341886080803e-14,2.2015361458940206e-14,5.684341886080803e-14,1.1368683772161605e-13,3.996058307939437e-15,-5.066780328633058e-17,2.7175070219407762e-17,-9.97465998686664e-17,-6.505213034913028e-19,5.749531051565888e-17,9.97465998686664e-17,9.909607856517509e-17,-1.0968303361366726e-17,0.0,0.0,0.0,0.0,0.0,0.0,0.0,0.0,-2.9809488211185455e-17,2.8312374181291004e-17,-9.714451465470121e-17,0.0,4.111199483355482e-17,9.714451465470121e-17,9.714451465470121e-17,-1.7045579851131005e-18,2.544734449001289e-15,5.9644072597585264e-15,0.0,1.6524249668839537e-14,6.484583824440402e-15,1.6524249668839537e-14,1.6524249668839537e-14,1.6900250559507821e-16,7.044948603813047e-16,1.7692314371415638e-15,0.0,5.163828021512355e-15,1.9043352873046482e-15,5.163828021512355e-15,5.163828021512355e-15,3.2256918515209638e-18,2.166387224650105e-15,2.0575853329426602e-15,0.0,7.0599211231614235e-15,2.9877903222060187e-15,7.0599211231614235e-15,7.0599211231614235e-15,1.238777605460105e-16,4.2601581177476934e-16,9.399195452582086e-16,0.0,2.581914010756178e-15,1.0319584407525885e-15,2.581914010756178e-15,2.581914010756178e-15,-2.8973094947048294e-17,1.7452276033164411,0.4563486207993812,0.1395756241787408,2.2677652856393027,1.8039050560057608,2.2677652856393027,2.1281896614605618,-0.0036233166910465396,1.7452276033164411,2.2677652856393027
7.275957614183424e-15,1.1021785007862279e-13,-2.273736754432321e-13,6.821210263296962e-13,1.1045774773711964e-13,6.821210263296962e-13,9.094947017729282e-13,6.582127524327911e-14,8.384404281969182e-16,3.637506931703213e-15,-1.4210854715202004e-14,1.4210854715202004e-14,3.732886152807765e-15,1.4210854715202004e-14,2.842170943040401e-14,3.432389435882562e-15,-8.841538612358585e-17,6.272012278164414e-14,-4.547473508864641e-13,5.826450433232823e-13,6.272018510037275e-14,5.826450433232823e-13,1.0373923942097463e-12,-1.2946255843806903e-15,5.471179065352771e-16,3.790404192987538e-15,-7.105427357601002e-15,4.263256414560601e-14,3.829686925829454e-15,4.263256414560601e-14,4.973799150320701e-14,3.411200796217381e-15,2.4868995751603507e-17,1.5692380959363403e-16,-4.440892098500626e-16,8.881784197001252e-16,1.5888218580782547e-16,8.881784197001252e-16,1.3322676295501878e-15,1.4817156151404482e-16,-8.324799183334617e-16,6.416883453522986e-14,-4.831690603168681e-13,5.826450433232823e-13,6.417423430337238e-14,5.826450433232823e-13,1.0658141036401503e-12,-5.945220114614701e-15,2.1481427747715997e-16,1.0030304745684561e-14,-9.947598300641405e-14,1.2789769243681806e-13,1.0032604769705135e-14,1.2789769243681806e-13,2.273736754432321e-13,1.9409036919243613e-15,2.717687186404305e-16,2.4655492246500137e-15,-7.105427357601002e-15,2.8421709430404014e-14,2.4804820530702786e-15,2.8421709430404014e-14,3.5527136788005016e-14,1.3682848932393332e-15,3.3624492079553646e-16,4.0773948586251185e-15,-4.263256414560601e-14,4.263256414560601e-14,4.09123569107224e-15,4.263256414560601e-14,8.526512829121202e-14,3.857784019047613e-16,3.225822386987431e-16,2.7433311675907006e-15,-1.4210854715202004e-14,3.5527136788005016e-14,2.7622319228838202e-15,3.5527136788005016e-14,4.973799150320702e-14,9.150648469164609e-16,5.258016244624741e-16,2.0162894321126302e-15,0.0,1.4210854715202004e-14,2.0837203320830864e-15,1.4210854715202004e-14,1.4210854715202004e-14,2.944114679260831e-15,1.0231815394945446e-15,2.015145298181203e-14,-5.684341886080803e-14,5.684341886080803e-14,2.0177412067481387e-14,5.684341886080803e-14,1.1368683772161605e-13,2.6821924588213467e-16,-4.9737991503207014e-17,1.3188369917958855e-15,-3.552713678800501e-15,3.552713678800501e-15,1.3197745560238666e-15,3.552713678800501e-15,7.105427357601002e-15,5.046129847972944e-17,9.094947017729287e-16,2.0943078088147477e-14,-5.684341886080803e-14,5.684341886080803e-14,2.0962817091669626e-14,5.684341886080803e-14,1.1368683772161605e-13,3.580795008477249e-15,-5.040108955189915e-17,2.810385013698236e-17,-9.97465998686664e-17,-4.336808689942019e-19,5.770698589027607e-17,9.97465998686664e-17,9.931291899967219e-17,-3.9624927590629386e-19,0.0,0.0,0.0,0.0,0.0,0.0,0.0,0.0,-2.1926904736346843e-17,1.1096118520986547e-15,-1.021405182655144e-14,7.327471962526033e-15,1.1098284784006597e-15,1.021405182655144e-14,1.7541523789077473e-14,3.16200824672134e-17,2.242912961300111e-15,5.42830615846958e-15,0.0,1.6524249668839537e-14,5.873428836893046e-15,1.6524249668839537e-14,1.6524249668839537e-14,-1.2185606652501386e-15,6.360158649362614e-16,1.6342889633802644e-15,0.0,5.163828021512355e-15,1.7536865729876473e-15,5.163828021512355e-15,5.163828021512355e-15,-2.9760826847456816e-16,8.102448630153841e-15,3.5969277660747567e-14,0.0,3.396532264748417e-13,3.687056562137657e-14,3.396532264748417e-13,3.396532264748417e-13,3.4347143340687477e-14,7.0452424307349e-16,1.381706252837384e-15,0.0,5.34886130502936e-15,1.5509566654836617e-15,5.34886130502936e-15,5.34886130502936e-15,1.2906913720935067e-15,1.7738803312669125,0.4437848223594951,0.1432290880212802,2.9809680164204413,1.8285503543004389,2.9809680164204413,2.837738928399161,0.15224201360884207,1.7738803312669125,2.9809680164204413
2.1373125491663814e-14,1.4815478165752943e-12,-8.640199666842818e-12,7.275957614183426e-12,1.481701975193495e-12,8.640199666842818e-12,1.5916157281026244e-11,9.708719789524545e-14,9.521272659185343e-16,1.6040089541667488e-14,-8.526512829121202e-14,8.526512829121202e-14,1.6068323460623273e-14,8.526512829121202e-14,1.7053025658242404e-13,2.4643494164805373e-15,1.1456349757743568e-14,1.2317830631996936e-12,-9.350742402602918e-12,5.9969806898152456e-12,1.2318363376420556e-12,9.350742402602918e-12,1.5347723092418164e-11,7.425655516294956e-14,-3.339550858072471e-16,1.2867246063931136e-13,-7.531752999057062e-13,5.826450433232823e-13,1.2867289401025556e-13,7.531752999057062e-13,1.3358203432289883e-12,-5.510833306653867e-15,1.9539925233402754e-17,3.0634451816110975e-15,-1.8651746813702633e-14,1.5099033134902132e-14,3.063507497855094e-15,1.8651746813702633e-14,3.3750779948604765e-14,-1.7465736109552e-17,1.1518390408138401e-14,1.2495137847986934e-12,-9.308109838457312e-12,6.141753772226366e-12,1.2495668736484454e-12,9.308109838457312e-12,1.544986361068368e-11,7.924402376805996e-14,1.816588546255105e-15,2.2355660701918006e-14,-9.947598300641405e-14,3.2684965844964614e-13,2.2429345941548682e-14,3.2684965844964614e-13,4.263256414560602e-13,8.152870760405685e-15,1.0669104488769679e-15,1.4008152299856424e-14,-4.263256414560601e-14,2.273736754432321e-13,1.40487233854858e-14,2.273736754432321e-13,2.700062395888381e-13,5.033148382436341e-15,6.814965258783446e-16,1.0083111095913702e-14,-5.684341886080803e-14,1.7053025658242404e-13,1.010611532129543e-14,1.7053025658242404e-13,2.2737367544323206e-13,2.761140118940561e-15,1.4373086054675355e-15,1.3601147549403443e-14,-1.4210854715202004e-14,1.7053025658242404e-13,1.367688088300817e-14,1.7053025658242404e-13,1.8474111129762605e-13,6.1951463586529975e-15,9.379164112033323e-16,5.678014534183092e-15,-2.8421709430404014e-14,2.8421709430404014e-14,5.754957536315882e-15,2.8421709430404014e-14,5.684341886080803e-14,3.1549799366516726e-15,-4.092726157978178e-15,3.107292342220992e-14,-1.1368683772161605e-13,1.1368683772161605e-13,3.134129827251451e-14,1.1368683772161605e-13,2.273736754432321e-13,-2.6955353451647354e-14,-7.105427357601002e-18,1.2610682367848401e-15,-3.552713678800501e-15,3.552713678800501e-15,1.2610882542175863e-15,3.552713678800501e-15,7.105427357601002e-15,-3.2395643054355716e-16,2.160049916710705e-15,3.258253662203813e-14,-2.273736754432321e-13,2.842170943040401e-13,3.2654058068931303e-14,2.842170943040401e-13,5.115907697472722e-13,6.7218193752289654e-15,-5.0230652970384425e-17,2.8259991239925005e-17,-1.0148132334464322e-16,-4.336808689942019e-19,5.763458686163915e-17,1.0148132334464322e-16,1.0104764247564901e-16,3.481091413130658e-18,0.0,0.0,0.0,0.0,0.0,0.0,0.0,0.0,-5.68295410730002e-16,2.1559581537092026e-14,-1.636468738297481e-13,1.504352198367087e-13,2.1567070170247423e-14,1.636468738297481e-13,3.140820936664568e-13,-2.992702227084927e-15,2.787866765088931e-15,5.441317813316494e-15,0.0,1.6524249668839537e-14,6.113930049109395e-15,1.6524249668839537e-14,1.6524249668839537e-14,2.332700516740528e-15,5.140936758541792e-16,1.4320042247183011e-15,0.0,5.163828021512355e-15,1.521488878422818e-15,5.163828021512355e-15,5.163828021512355e-15,-4.346515842890074e-16,2.2334490991249886e-13,6.027416202731291e-13,0.0,4.853110137299765e-12,6.427911088318656e-13,4.853110137299765e-12,4.853110137299765e-12,1.0936105009029921e-12,1.9972641393864497e-15,4.4114978506584894e-15,0.0,2.5143055051666675e-14,4.84255896493203e-15,2.5143055051666675e-14,2.5143055051666675e-14,7.701474411602764e-15,1.83260596094002,0.4386598581698834,0.1432290880212802,3.8254308986984777,1.8843744530327606,3.8254308986984777,3.6822018106771974,0.3615109393657509,1.83260596094002,3.8254308986984777
8.185452315956354e-15,1.7511420057372832e-12,-8.640199666842818e-12,7.275957614183426e-12,1.7511611364712307e-12,8.640199666842818e-12,1.5916157281026244e-11,-4.375377505415388e-14,1.0516032489249482e-15,1.9810125163751714e-14,-8.526512829121202e-14,8.526512829121202e-14,1.983801724963103e-14,8.526512829121202e-14,1.7053025658242404e-13,1.1807773654379812e-15,-2.6180155265898012e-14,1.414195545959471e-12,-9.350742402602918e-12,5.9969806898152456e-12,1.414437853969326e-12,9.350742402602918e-12,1.5347723092418164e-11,-1.006005908982553e-13,-1.1510792319313631e-15,1.5410945588945866e-13,-7.531752999057062e-13,5.826450433232823e-13,1.5411375466824234e-13,7.531752999057062e-13,1.3358203432289883e-12,-8.804943467613064e-15,-8.881784197001253e-19,3.6533725921435946e-15,-1.8651746813702633e-14,1.5099033134902132e-14,3.653372700106972e-15,1.8651746813702633e-14,3.3750779948604765e-14,-1.7900783982195692e-16,-2.539551728630851e-14,1.4376746276808194e-12,-9.308109838457312e-12,6.141753772226366e-12,1.4378989072168535e-12,9.308109838457312e-12,1.544986361068368e-11,-9.192730814341352e-14,8.963246811433124e-16,3.179768619172629e-14,-2.557953848736361e-13,3.2684965844964614e-13,3.181031664541438e-14,3.2684965844964614e-13,5.826450433232823e-13,-7.398787171753051e-16,1.3691131561799352e-15,1.6270427169627513e-14,-5.684341886080803e-14,2.273736754432321e-13,1.6327929174165905e-14,2.273736754432321e-13,2.842170943040401e-13,3.948058945636921e-15,9.373474219032121e-16,1.2170353257108854e-14,-5.684341886080803e-14,1.7053025658242404e-13,1.2206396626038687e-14,1.7053025658242404e-13,2.2737367544323206e-13,2.725606998914699e-15,1.689634543389218e-15,1.492356567518104e-14,-4.263256414560601e-14,1.7053025658242404e-13,1.5018910657955717e-14,1.7053025658242404e-13,2.1316282072803006e-13,4.053565700001352e-15,1.7053025658242404e-15,7.621047005723042e-15,-2.8421709430404014e-14,2.8421709430404014e-14,7.809507942530494e-15,2.8421709430404014e-14,5.684341886080803e-14,4.650268194469216e-15,-1.8189894035458573e-15,3.405751038981687e-14,-1.1368683772161605e-13,1.1368683772161605e-13,3.4106051316484814e-14,1.1368683772161605e-13,2.273736754432321e-13,-6.105051261601518e-15,-2.842170943040401e-17,1.3098677552310293e-15,-3.552713678800501e-15,3.552713678800501e-15,1.3101760682293513e-15,3.552713678800501e-15,7.105427357601002e-15,1.191329137801365e-16,1.932676241267473e-15,3.097022270417908e-14,-2.273736754432321e-13,2.842170943040401e-13,3.1030467798600926e-14,2.842170943040401e-13,5.115907697472722e-13,2.7815833468893593e-15,-5.020116267129282e-17,2.8610520427170155e-17,-1.0148132334464322e-16,-4.336808689942019e-19,5.778164598437054e-17,1.0148132334464322e-16,1.0104764247564901e-16,8.307736152373046e-18,0.0,0.0,0.0,0.0,0.0,0.0,0.0,0.0,-1.7313928069029317e-16,2.4755677289990386e-14,-1.636468738297481e-13,1.504352198367087e-13,2.4756282743915e-14,1.636468738297481e-13,3.140820936664568e-13,9.521059921839208e-17,2.943138697570365e-15,5.0541746764117705e-15,0.0,1.6524249668839537e-14,5.848653439281404e-15,1.6524249668839537e-14,1.6524249668839537e-14,2.540948178293777e-15,4.57943341906035e-16,1.2657900322349252e-15,0.0,5.163828021512355e-15,1.3460819106211035e-15,5.163828021512355e-15,5.163828021512355e-15,-4.757453856297804e-16,3.4944597538803867e-13,6.394971155836895e-13,0.0,4.853110137299765e-12,7.287448459884684e-13,4.853110137299765e-12,4.853110137299765e-12,1.1431529851005917e-12,3.118382257653605e-15,4.959376942975974e-15,0.0,2.5143055051666675e-14,5.858304154563034e-15,2.5143055051666675e-14,2.5143055051666675e-14,9.049858239151869e-15,1.8721469624809597,0.3869943974796605,0.1432290880212802,3.8254308986984777,1.9117266836049889,3.8254308986984777,3.6822018106771974,0.3205329735950926,1.8721469624809597,3.8254308986984777
1.1368683772161604e-14,1.7513308830579344e-12,-8.640199666842818e-12,7.275957614183426e-12,1.751367782312783e-12,8.640199666842818e-12,1.5916157281026244e-11,-5.4433530204912726e-14,1.030286966852145e-15,1.9842438636971503e-14,-8.526512829121202e-14,8.526512829121202e-14,1.9869168636257656e-14,8.526512829121202e-14,1.7053025658242404e-13,-1.7869086117636338e-15,-2.3213472810645904e-14,1.4150935419242575e-12,-9.350742402602918e-12,5.9969806898152456e-12,1.4152839283040246e-12,9.350742402602918e-12,1.5347723092418164e-11,-2.7266024933534076e-14,-7.53175299905707e-16,1.5417905764099027e-13,-7.531752999057062e-13,5.826450433232823e-13,1.541808972865841e-13,7.531752999057062e-13,1.3358203432289883e-12,-4.566534775069467e-15,7.10542735760099e-18,3.654391300529895e-15,-1.8651746813702633e-14,1.5099033134902132e-14,3.654398208253516e-15,1.8651746813702633e-14,3.3750779948604765e-14,-1.5466005056814167e-16,-2.2778166505754703e-14,1.4384386617455874e-12,-9.308109838457312e-12,6.141753772226366e-12,1.4386190004562709e-12,9.308109838457312e-12,1.544986361068368e-11,-2.1688530774227333e-14,1.4061668496268003e-15,3.670943042176042e-14,-2.557953848736361e-13,3.2684965844964614e-13,3.6736352392406334e-14,3.2684965844964614e-13,5.826450433232823e-13,-3.1182292277218676e-16,1.2849582509133483e-15,1.6322405455585467e-14,-5.684341886080803e-14,2.273736754432321e-13,1.637290559317791e-14,2.273736754432321e-13,2.842170943040401e-13,7.649325284962768e-16,1.0264011862659575e-15,1.2214379469465985e-14,-5.684341886080803e-14,1.7053025658242404e-13,1.2257428980796922e-14,1.7053025658242404e-13,2.2737367544323206e-13,5.751606775680547e-16,1.5607931613814685e-15,1.483606114106413e-14,-4.263256414560601e-14,1.7053025658242404e-13,1.4917935027141265e-14,1.7053025658242404e-13,2.1316282072803006e-13,9.243834905775685e-16,1.9895196601282807e-15,8.412057802018322e-15,-2.8421709430404014e-14,2.8421709430404014e-14,8.644125458514253e-15,2.8421709430404014e-14,5.684341886080803e-14,1.9639911786039655e-15,-2.04636307898909e-15,3.249057644891081e-14,-1.1368683772161605e-13,1.1368683772161605e-13,3.25549559949567e-14,1.1368683772161605e-13,2.273736754432321e-13,-5.255463396472331e-16,-4.263256414560601e-17,1.2703423154280123e-15,-3.552713678800501e-15,3.552713678800501e-15,1.2710574864626038e-15,3.552713678800501e-15,7.105427357601002e-15,1.5197956000808838e-16,2.0463630789890888e-15,2.9355869973744626e-14,-2.273736754432321e-13,2.842170943040401e-13,2.94271083147232e-14,2.842170943040401e-13,5.115907697472722e-13,-3.003510946274074e-15,-5.0035496579337033e-17,2.848057624590512e-17,-1.0148132334464322e-16,0.0,5.757338049167917e-17,1.0148132334464322e-16,1.0148132334464322e-16,5.054641419327543e-18,0.0,0.0,0.0,0.0,0.0,0.0,0.0,0.0,-2.1938006966593103e-16,2.4770757935222044e-14,-1.636468738297481e-13,1.504352198367087e-13,2.4771729376455177e-14,1.636468738297481e-13,3.140820936664568e-13,2.700334965612983e-16,2.6873395784030182e-15,4.39808544377358e-15,0.0,1.6524249668839537e-14,5.1541196707473095e-15,1.6524249668839537e-14,1.6524249668839537e-14,5.347158418982452e-16,3.78290296917606e-16,1.0880571290491139e-15,0.0,5.163828021512355e-15,1.151942648232372e-15,5.163828021512355e-15,5.163828021512355e-15,-7.254824680483349e-16,3.5045381075271406e-13,6.394215339706377e-13,0.0,4.853110137299765e-12,7.291623766874307e-13,4.853110137299765e-12,4.853110137299765e-12,3.15068335996431e-13,3.054829246568506e-15,4.991579244149902e-15,0.0,2.5143055051666675e-14,5.8521658449089084e-15,2.5143055051666675e-14,2.5143055051666675e-14,2.216186439566767e-15,1.9097955690553765,0.32188033294870455,0.1432290880212802,3.8254308986984777,1.9367307671234837,3.8254308986984777,3.6822018106771974,0.19118170218608993,1.9097955690553765,3.8254308986984777
1.1823431123048063e-14,1.7516525593684196e-12,-8.640199666842818e-12,7.275957614183426e-12,1.75169246223915e-12,8.640199666842818e-12,1.5916157281026244e-11,-9.519740950293891e-14,1.2150280781497714e-15,2.00257857536047e-14,-8.526512829121202e-14,8.526512829121202e-14,2.0062611701370515e-14,8.526512829121202e-14,1.7053025658242404e-13,-3.5778166856327446e-15,-2.307463942141652e-14,1.4150986110072687e-12,-9.350742402602918e-12,5.9969806898152456e-12,1.4152867263770724e-12,9.350742402602918e-12,1.5347723092418164e-11,2.951185686380652e-14,-6.536993168992929e-16,1.5419424633919825e-13,-7.531752999057062e-13,5.826450433232823e-13,1.5419563199685737e-13,7.531752999057062e-13,1.3358203432289883e-12,-2.8540842344184155e-15,7.105427357601002e-18,3.6542833656523344e-15,-1.8651746813702633e-14,1.5099033134902132e-14,3.654290273579986e-15,1.8651746813702633e-14,3.3750779948604765e-14,-1.7189177559705428e-16,-2.2764392150834147e-14,1.438438857765904e-12,-9.308109838457312e-12,6.141753772226366e-12,1.4386189784237088e-12,9.308109838457312e-12,1.544986361068368e-11,3.2762357767155923e-14,2.51243470472673e-15,4.677418958394675e-14,-3.979039320256561e-13,3.694822225952521e-13,4.6841617599956e-14,3.979039320256561e-13,7.673861546209082e-13,-6.573650472931768e-16,1.4295231665073515e-15,1.6411159860971257e-14,-5.684341886080803e-14,2.273736754432321e-13,1.6473302779525885e-14,2.273736754432321e-13,2.842170943040401e-13,-1.8894134427342343e-15,9.99644811372491e-16,1.2145623086481234e-14,-5.684341886080803e-14,1.7053025658242404e-13,1.2186691507860936e-14,1.7053025658242404e-13,2.2737367544323206e-13,-1.6059981023030686e-15,1.5618339954670546e-15,1.4837037361778017e-14,-4.263256414560601e-14,1.7053025658242404e-13,1.4919014816809905e-14,1.7053025658242404e-13,2.1316282072803006e-13,-2.7233521492477694e-15,1.7905676941154525e-15,9.254791175217561e-15,-2.8421709430404014e-14,2.8421709430404014e-14,9.42641460811558e-15,2.8421709430404014e-14,5.684341886080803e-14,-3.94193792710789e-15,-2.3874235921539384e-15,3.093848962686504e-14,-1.1368683772161605e-13,1.1368683772161605e-13,3.1030467798600926e-14,1.1368683772161605e-13,2.273736754432321e-13,6.966892797862385e-15,-2.842170943040401e-17,1.100401089081853e-15,-3.552713678800501e-15,3.552713678800501e-15,1.10076807294701e-15,3.552713678800501e-15,7.105427357601002e-15,1.269616481142597e-16,1.5916157281026246e-15,2.8033431483028635e-14,-2.273736754432321e-13,2.842170943040401e-13,2.807857762315614e-14,2.842170943040401e-13,5.115907697472722e-13,-4.6182724976254075e-15,-4.969852654412854e-17,2.8944658793940946e-17,-1.0148132334464322e-16,0.0,5.751292735859576e-17,1.0148132334464322e-16,1.0148132334464322e-16,-9.718279283439578e-18,0.0,0.0,0.0,0.0,0.0,0.0,0.0,0.0,-2.1366242108911134e-16,2.4770801086699814e-14,-1.636468738297481e-13,1.504352198367087e-13,2.4771722550259484e-14,1.636468738297481e-13,3.140820936664568e-13,7.546265674881946e-16,2.4726176900508657e-15,3.658913197331053e-15,0.0,1.3680726560964624e-14,4.4160484629084204e-15,1.3680726560964624e-14,1.3680726560964624e-14,-1.1683097340390868e-15,2.126842667364962e-16,6.545589550506314e-16,0.0,2.733697813789243e-15,6.882456123755643e-16,2.733697813789243e-15,2.733697813789243e-15,-4.3365548343303283e-16,3.50038283966608e-13,6.396477039294505e-13,0.0,4.853110137299765e-12,7.291611518618541e-13,4.853110137299765e-12,4.853110137299765e-12,-5.213719183907353e-13,3.0615320120371074e-15,5.033088811368791e-15,0.0,2.5143055051666675e-14,5.891091685235741e-15,2.5143055051666675e-14,2.5143055051666675e-14,-4.224990494433349e-15,1.946062578335955,0.23430450039521042,0.3563711120030111,3.8254308986984777,1.9601168734810264,3.8254308986984777,3.4690597866954667,-0.01483095385277796,1.946062578335955,3.8254308986984777
3.63797880709171e-15,1.7503896006337027e-12,-8.640199666842818e-12,7.275957614183426e-12,1.750393381185045e-12,8.640199666842818e-12,1.5916157281026244e-11,-4.472317659257052e-14,5.684341886080804e-17,1.9996364281142682e-14,-8.526512829121202e-14,8.526512829121202e-14,1.9996445075023373e-14,8.526512829121202e-14,1.7053025658242404e-13,-2.128054219866895e-15,-2.3161916828939865e-14,1.4137084229086739e-12,-9.350742402602918e-12,5.9969806898152456e-12,1.4138981502902255e-12,9.350742402602918e-12,1.5347723092418164e-11,8.446432109952886e-14,-1.307398633798585e-15,1.5417273430584795e-13,-7.531752999057062e-13,5.826450433232823e-13,1.5417827763511058e-13,7.531752999057062e-13,1.3358203432289883e-12,2.0361516863793646e-15,-1.953992523340276e-17,3.651430570525396e-15,-1.8651746813702633e-14,1.5099033134902132e-14,3.651482852218471e-15,1.8651746813702633e-14,3.3750779948604765e-14,-1.9976036792776453e-17,-2.1917882005867417e-14,1.4370200459300772e-12,-9.308109838457312e-12,6.141753772226366e-12,1.437187185427321e-12,9.308109838457312e-12,1.544986361068368e-11,8.290929672471024e-14,3.1106228703947645e-15,4.9198103688957233e-14,-3.979039320256561e-13,3.694822225952521e-13,4.929634247316135e-14,3.979039320256561e-13,7.673861546209082e-13,1.837601262107175e-15,1.168398711115515e-15,1.6347973314136488e-14,-5.684341886080803e-14,2.273736754432321e-13,1.6389673182460204e-14,2.273736754432321e-13,2.842170943040401e-13,-3.4164873192663745e-15,8.137934770502399e-16,1.1663412093516665e-14,-5.684341886080803e-14,1.7053025658242404e-13,1.16917681077962e-14,1.7053025658242404e-13,2.2737367544323206e-13,-2.6906727012777163e-15,1.3065104553788843e-15,1.4767865244558852e-14,-4.263256414560601e-14,1.7053025658242404e-13,1.4825545974818723e-14,1.7053025658242404e-13,2.1316282072803006e-13,-5.1847814132518664e-15,1.2931877790833823e-15,9.847814718573267e-15,-2.8421709430404014e-14,2.8421709430404014e-14,9.932360714518923e-15,2.8421709430404014e-14,5.684341886080803e-14,-4.661670916216742e-15,-2.501110429875554e-15,3.0824860581712397e-14,-1.1368683772161605e-13,1.1368683772161605e-13,3.0926163410039054e-14,1.1368683772161605e-13,2.273736754432321e-13,1.361791318433058e-14,-7.105427357601002e-18,1.0173175613111341e-15,-7.105427357601002e-15,7.105427357601002e-15,1.0173423748423967e-15,7.105427357601002e-15,1.4210854715202004e-14,8.509493841441476e-20,1.2505552149377766e-15,2.6510980782151005e-14,-2.273736754432321e-13,2.842170943040401e-13,2.654045949823002e-14,2.842170943040401e-13,5.115907697472722e-13,-6.438623420185894e-15,-5.0915868743395263e-17,2.9016889144725167e-17,-1.0148132334464322e-16,0.0,5.860380145973403e-17,1.0148132334464322e-16,1.0148132334464322e-16,-5.139435118335888e-18,0.0,0.0,0.0,0.0,0.0,0.0,0.0,0.0,-2.1571633368466792e-16,2.4745935929471078e-14,-1.636468738297481e-13,1.504352198367087e-13,2.4746876137446233e-14,1.636468738297481e-13,3.140820936664568e-13,1.2871460384559597e-15,2.5597172893998916e-15,3.665859646197857e-15,0.0,1.3680726560964624e-14,4.471093775271841e-15,1.3680726560964624e-14,1.3680726560964624e-14,-4.415181512619749e-15,1.5207171604548373e-16,5.652082769550207e-16,0.0,4.0143657387576275e-15,5.853086392318856e-16,4.0143657387576275e-15,4.0143657387576275e-15,-3.0110400915259385e-16,3.4367862729371456e-13,6.420348349611337e-13,0.0,4.853110137299765e-12,7.282332924015917e-13,4.853110137299765e-12,4.853110137299765e-12,-1.3199891299283435e-12,2.7915832821028595e-15,5.111591525069355e-15,0.0,2.5143055051666675e-14,5.824199957082262e-15,2.5143055051666675e-14,2.5143055051666675e-14,-8.423204694953643e-15,1.9523808583028335,0.17170767421607688,1.5597229873058174,3.8254308986984777,1.959916973050645,3.8254308986984777,2.2657079113926604,-0.10732399410744553,1.9523808583028335,3.8254308986984777
-1.1823431123048065e-14,9.37411119687659e-13,-3.637978807091713e-12,4.092726157978177e-12,9.374856803373542e-13,4.092726157978177e-12,7.73070496506989e-12,7.104950825945881e-14,-1.136868377216161e-16,1.2836547937821032e-14,-5.684341886080803e-14,5.684341886080803e-14,1.2837051361471159e-14,5.684341886080803e-14,1.1368683772161605e-13,-8.373341939975322e-16,-3.485922661639051e-14,6.959961471155125e-13,-3.296918293926865e-12,2.586375558166765e-12,6.96868569014223e-13,3.296918293926865e-12,5.8832938520936295e-12,2.0170819106807007e-13,-3.694822225952526e-16,8.504852131641077e-14,-3.694822225952521e-13,3.979039320256561e-13,8.504932389631789e-14,3.979039320256561e-13,7.673861546209082e-13,2.5681652413461187e-15,-1.4210854715202004e-17,1.9931135367312313e-15,-7.993605777301127e-15,9.769962616701378e-15,1.9931641976247255e-15,9.769962616701378e-15,1.7763568394002505e-14,6.828868807754153e-17,-3.428950444981163e-14,7.120617384847083e-13,-3.33244543071487e-12,2.790656594697794e-12,7.128868700777696e-13,3.33244543071487e-12,6.123102025412663e-12,2.0054011660741522e-13,1.8967050152696174e-15,5.059570765030848e-14,-3.979039320256561e-13,3.694822225952521e-13,5.0631246504016003e-14,3.979039320256561e-13,7.673861546209082e-13,8.301856873273576e-15,3.850253449400044e-16,8.785076991292737e-15,-5.684341886080803e-14,1.1368683772161605e-13,8.793510235348976e-15,1.1368683772161605e-13,1.705302565824241e-13,-1.2484544336456737e-15,3.956834859764058e-16,7.0895559104010844e-15,-2.8421709430404014e-14,8.526512829121202e-14,7.100589301443746e-15,8.526512829121202e-14,1.1368683772161603e-13,-1.2904275120185653e-15,2.482458683061851e-16,6.470503518669192e-15,-4.263256414560601e-14,5.684341886080803e-14,6.475263839894207e-15,5.684341886080803e-14,9.947598300641404e-14,-1.003210821135419e-15,7.389644451905042e-16,9.35432682483848e-15,-2.8421709430404014e-14,2.8421709430404014e-14,9.383469443502678e-15,2.8421709430404014e-14,5.684341886080803e-14,-5.108419342892254e-15,2.5011104298755533e-15,1.667596420548662e-14,0.0,1.1368683772161605e-13,1.686248307827478e-14,1.1368683772161605e-13,1.1368683772161605e-13,-1.464722155939096e-14,-7.105427357601002e-18,1.0418359364536134e-15,-7.105427357601002e-15,7.105427357601002e-15,1.0418601660415432e-15,7.105427357601002e-15,1.4210854715202004e-14,-1.2500446453072908e-16,0.0,0.0,0.0,0.0,0.0,0.0,0.0,0.0,-5.017514181915317e-17,2.919675271981784e-17,-1.0148132334464322e-16,0.0,5.805165997587255e-17,1.0148132334464322e-16,1.0148132334464322e-16,4.6380065456870906e-18,0.0,0.0,0.0,0.0,0.0,0.0,0.0,0.0,3.365641099151162e-16,1.2181439998316422e-14,-5.684341886080803e-14,5.773159728050814e-14,1.2186088619104416e-14,5.773159728050814e-14,1.1457501614131615e-13,-1.7763189455604857e-15,1.880328912034073e-15,2.613600099202065e-15,0.0,1.2845970364024409e-14,3.219711523720764e-15,1.2845970364024409e-14,1.2845970364024409e-14,-1.7563018373891986e-15,1.324740693790017e-16,5.735206753545642e-16,0.0,4.0143657387576275e-15,5.886215627353351e-16,4.0143657387576275e-15,4.0143657387576275e-15,-2.268717595352961e-16,1.2800651938301717e-13,3.1955494840088864e-13,0.0,1.6308360813702864e-12,3.442397915001247e-13,1.6308360813702864e-12,1.6308360813702864e-12,-6.358278887177524e-13,1.4893296890790796e-15,3.341182432609524e-15,0.0,1.605746295503051e-14,3.658087337769682e-15,1.605746295503051e-14,1.605746295503051e-14,-5.272064120898566e-15,1.9302898894898217,0.017815117250216173,1.869584372189544,2.1223716229768645,1.9303720977752625,2.1223716229768645,0.25278725078732056,-0.007322396573644849,1.9302898894898217,2.1223716229768645
1.8189894035458565e-15,9.537126409790892e-14,-4.547473508864641e-13,4.547473508864641e-13,9.538860905833204e-14,4.547473508864641e-13,9.094947017729282e-13,-2.339634274740417e-14,-3.9790393202565626e-16,5.8111102444045755e-15,-2.8421709430404014e-14,2.8421709430404014e-14,5.824717144355191e-15,2.8421709430404014e-14,5.684341886080803e-14,-1.0299891345676941e-15,2.671640686457977e-15,4.913885885678988e-14,-2.8421709430404014e-14,9.663381206337365e-13,4.92114327540365e-14,9.663381206337365e-13,9.947598300641405e-13,-1.8826404174798075e-14,5.115907697472722e-16,6.5847648021330626e-15,-2.8421709430404014e-14,5.684341886080803e-14,6.604608437682062e-15,5.684341886080803e-14,8.526512829121205e-14,-2.1260119413449444e-15,7.105427357601002e-18,9.703527072522649e-17,0.0,1.7763568394002505e-15,9.729507111180988e-17,1.7763568394002505e-15,1.7763568394002505e-15,-4.224963692274123e-17,2.6114357716062108e-15,4.5439888893124955e-14,-5.861977570020828e-14,9.094947017729282e-13,4.551486679546328e-14,9.094947017729282e-13,9.681144774731365e-13,-1.5559435981441173e-14,5.382805312592609e-15,5.3673985567154276e-14,-3.979039320256561e-13,3.979039320256561e-13,5.3943223111864195e-14,3.979039320256561e-13,7.958078640513122e-13,8.848113193557417e-15,1.918465386552271e-16,3.351516758479223e-15,-2.8421709430404014e-14,3.0198066269804264e-14,3.357003079647243e-15,3.0198066269804264e-14,5.861977570020828e-14,4.887108681811019e-16,4.9293902293356963e-17,2.2610281727148556e-15,-2.8421709430404014e-14,2.8421709430404014e-14,2.2615654504377237e-15,2.8421709430404014e-14,5.684341886080803e-14,-5.872880359005167e-16,6.217248937900877e-18,1.8556768070792034e-15,-2.8421709430404014e-14,2.8421709430404014e-14,1.855687222167578e-15,2.8421709430404014e-14,5.684341886080803e-14,1.4880977355215264e-16,-1.4210854715202004e-16,8.689562915953074e-15,-1.4210854715202004e-14,1.4210854715202004e-14,8.690724855239669e-15,1.4210854715202004e-14,2.842170943040401e-14,-2.0718915605134036e-15,0.0,0.0,0.0,0.0,0.0,0.0,0.0,0.0,-2.842170943040401e-17,1.1231071430574522e-15,-7.105427357601002e-15,7.105427357601002e-15,1.1234667099445444e-15,7.105427357601002e-15,1.4210854715202004e-14,-3.4037975365753807e-18,0.0,0.0,0.0,0.0,0.0,0.0,0.0,0.0,-5.0154325137441445e-17,2.886609345833927e-17,-9.887923813067799e-17,0.0,5.7868019505922e-17,9.887923813067799e-17,9.887923813067799e-17,7.990863459949894e-18,0.0,0.0,0.0,0.0,0.0,0.0,0.0,0.0,-5.2957638274619965e-17,8.732874227136305e-16,-1.7430501486614958e-14,0.0,8.748916699348788e-16,1.7430501486614958e-14,1.7430501486614958e-14,3.1556261263402477e-16,1.5013727862953525e-15,1.9424055269121507e-15,0.0,4.0143657387576275e-15,2.455007021254143e-15,4.0143657387576275e-15,4.0143657387576275e-15,3.6855242818342506e-16,1.1240224068521358e-16,6.246951603796207e-16,0.0,4.0143657387576275e-15,6.347269547709289e-16,4.0143657387576275e-15,4.0143657387576275e-15,1.3749803608199775e-16,1.4959784823338972e-15,2.4669136234848323e-14,0.0,4.923870476444903e-13,2.4714453952962678e-14,4.923870476444903e-13,4.923870476444903e-13,-8.9141980970064e-15,3.402174963597089e-16,1.610624806833685e-15,0.0,8.028731477515255e-15,1.6461653055563147e-15,8.028731477515255e-15,8.028731477515255e-15,1.757547011911759e-16,1.9290114160762022,0.0012685752162731236,1.9225774013380503,1.9373659803357297,1.9290118332025323,1.9373659803357297,0.01478857899767938,-0.0002682089543003978,1.9290114160762022,1.9373659803357297
9.094947017729283e-16,9.319103632428516e-14,-4.547473508864641e-13,4.547473508864641e-13,9.319547430968304e-14,4.547473508864641e-13,9.094947017729282e-13,7.733428003099124e-16,-3.4106051316484815e-16,5.952024417960469e-15,-2.8421709430404014e-14,2.8421709430404014e-14,5.961788066145753e-15,2.8421709430404014e-14,5.684341886080803e-14,-5.96345328407998e-16,-1.705302565824241e-16,5.5377861077826e-15,-2.8421709430404014e-14,2.8421709430404014e-14,5.540411134921308e-15,2.8421709430404014e-14,5.684341886080803e-14,9.462557151679401e-17,1.1368683772161608e-16,5.391441710061999e-15,-2.8421709430404014e-14,2.8421709430404014e-14,5.392640207733813e-15,2.8421709430404014e-14,5.684341886080803e-14,-1.6338228175561553e-16,0.0,0.0,0.0,0.0,0.0,0.0,0.0,0.0,1.1904099396758266e-18,4.675359211633964e-17,-9.934002405398433e-17,9.963817965141786e-17,4.676874438773759e-17,9.963817965141786e-17,1.989782037054022e-16,-1.6453846996145336e-18,3.3764102624900268e-15,5.80676910329447e-14,-3.979039320256561e-13,3.979039320256561e-13,5.816577076045819e-14,3.979039320256561e-13,7.958078640513122e-13,-5.520986196493441e-15,2.411404409485841e-16,3.9356841179588076e-15,-2.8421709430404014e-14,3.0198066269804264e-14,3.9430645681517926e-15,3.0198066269804264e-14,5.861977570020828e-14,-4.4007379244363375e-16,-2.042810365310288e-17,1.873818831203399e-15,-2.8421709430404014e-14,2.8421709430404014e-14,1.8739301800204126e-15,2.8421709430404014e-14,5.684341886080803e-14,-1.7545512614315654e-16,6.66133814775094e-17,2.249630754108827e-15,-2.8421709430404014e-14,2.8421709430404014e-14,2.2506167760025516e-15,2.8421709430404014e-14,5.684341886080803e-14,3.390501452448084e-16,-2.5579538487363605e-16,8.916402585420281e-15,-1.4210854715202004e-14,1.4210854715202004e-14,8.92007098313753e-15,1.4210854715202004e-14,2.842170943040401e-14,9.622535635898462e-16,0.0,0.0,0.0,0.0,0.0,0.0,0.0,0.0,-7.105427357601002e-17,1.2286432469317237e-15,-7.105427357601002e-15,7.105427357601002e-15,1.230696119285481e-15,7.105427357601002e-15,1.4210854715202004e-14,-3.0072551235643045e-16,0.0,0.0,0.0,0.0,0.0,0.0,0.0,0.0,-4.892440619297389e-17,2.9153744931727066e-17,-9.887923813067799e-17,-8.673617379884035e-19,5.69520707690186e-17,9.887923813067799e-17,9.801187639268959e-17,1.2553352402820475e-17,0.0,0.0,0.0,0.0,0.0,0.0,0.0,0.0,0.0,0.0,0.0,0.0,0.0,0.0,0.0,0.0,1.581660101070505e-15,1.9615589322727474e-15,0.0,4.0143657387576275e-15,2.5197940630332e-15,4.0143657387576275e-15,4.0143657387576275e-15,4.377822085883472e-16,1.204309721627288e-16,6.847994958228812e-16,0.0,4.0143657387576275e-15,6.953085419691982e-16,4.0143657387576275e-15,4.0143657387576275e-15,2.0355478488502744e-16,0.0,0.0,0.0,0.0,0.0,0.0,0.0,0.0,3.532641850106712e-16,1.6466534843927223e-15,0.0,8.028731477515255e-15,1.6841209226400428e-15,8.028731477515255e-15,8.028731477515255e-15,-3.0614947334621065e-16,1.928970056160883,9.755411915167768e-05,1.92846617276997,1.9295905798101975,1.9289700586276932,1.9295905798101975,0.0011244070402276485,-2.275582572692116e-05,1.928970056160883,1.9295905798101975
1.8189894035458565e-15,9.093127846390408e-14,-4.547473508864641e-13,4.547473508864641e-13,9.094947017729283e-14,4.547473508864641e-13,9.094947017729282e-13,-8.278035608951186e-15,-4.547473508864642e-16,5.944419382286185e-15,-2.8421709430404014e-14,2.8421709430404014e-14,5.961788066145753e-15,2.8421709430404014e-14,5.684341886080803e-14,1.6569686408048715e-15,-2.8421709430404023e-16,5.232991679668537e-15,-2.8421709430404014e-14,2.8421709430404014e-14,5.2407042729174066e-15,2.8421709430404014e-14,5.684341886080803e-14,1.7720169975411163e-15,1.262177448353619e-32,5.392640207733813e-15,-2.8421709430404014e-14,2.8421709430404014e-14,5.392640207733813e-15,2.8421709430404014e-14,5.684341886080803e-14,-1.5793620569709533e-16,0.0,0.0,0.0,0.0,0.0,0.0,0.0,0.0,1.5158870811313953e-18,4.091510279439972e-17,-9.934002405398433e-17,9.963817965141786e-17,4.0943174648762105e-17,9.963817965141786e-17,1.989782037054022e-16,-6.074899900365126e-18,2.0130563882503344e-15,5.3257431422551836e-14,-3.979039320256561e-13,3.979039320256561e-13,5.3295463200445934e-14,3.979039320256561e-13,7.958078640513122e-13,-9.125767340736237e-15,1.705302565824241e-16,3.704793945015498e-15,-2.8421709430404014e-14,2.8421709430404014e-14,3.708716589796741e-15,2.8421709430404014e-14,5.684341886080803e-14,1.912402372190243e-16,-2.9309887850104134e-17,1.8770660682429605e-15,-2.8421709430404014e-14,2.8421709430404014e-14,1.877294887351178e-15,2.8421709430404014e-14,5.684341886080803e-14,-7.536220483323817e-17,4.440892098500626e-19,2.5822364747982577e-15,-2.8421709430404014e-14,2.8421709430404014e-14,2.58223651298516e-15,2.8421709430404014e-14,5.684341886080803e-14,-1.7237043462563488e-17,-5.684341886080802e-17,8.805961120319494e-15,-1.4210854715202004e-14,1.4210854715202004e-14,8.80614458357608e-15,1.4210854715202004e-14,2.842170943040401e-14,2.1716228283350645e-16,0.0,0.0,0.0,0.0,0.0,0.0,0.0,0.0,-4.263256414560601e-17,1.4555550754638076e-15,-7.105427357601002e-15,7.105427357601002e-15,1.4561792860887975e-15,7.105427357601002e-15,1.4210854715202004e-14,4.203689957670522e-17,0.0,0.0,0.0,0.0,0.0,0.0,0.0,0.0,-4.7727446994549896e-17,2.89407994583369e-17,-9.97465998686664e-17,0.0,5.581647668838695e-17,9.97465998686664e-17,9.97465998686664e-17,4.068331666228929e-18,0.0,0.0,0.0,0.0,0.0,0.0,0.0,0.0,0.0,0.0,0.0,0.0,0.0,0.0,0.0,0.0,1.5415164436829288e-15,1.9524184620893614e-15,0.0,4.0143657387576275e-15,2.487611464287028e-15,4.0143657387576275e-15,4.0143657387576275e-15,-1.5038246743513691e-16,1.6860336102782034e-16,8.05238140303592e-16,0.0,4.0143657387576275e-15,8.227001616320887e-16,4.0143657387576275e-15,4.0143657387576275e-15,1.4913248528893595e-16,0.0,0.0,0.0,0.0,0.0,0.0,0.0,0.0,3.532641850106712e-16,1.6466534843927223e-15,0.0,8.028731477515255e-15,1.6841209226400426e-15,8.028731477515255e-15,8.028731477515255e-15,-1.846127477464584e-16,1.9289664179699466,7.665357949611573e-06,1.928928339282133,1.929013939941191,1.928966417985177,1.929013939941191,8.560065905793834e-05,-1.0296223961643826e-06,1.9289664179699466,1.929013939941191
-2.7284841053187848e-15,8.380686476171125e-14,-4.547473508864641e-13,4.547473508864641e-13,8.385126836667848e-14,4.547473508864641e-13,9.094947017729282e-13,-2.940881071601044e-16,-1.1368683772161608e-16,5.391441710061999e-15,-2.8421709430404014e-14,2.8421709430404014e-14,5.392640207733813e-15,2.8421709430404014e-14,5.684341886080803e-14,3.526334247892032e-16,5.684341886080802e-17,5.240395987127973e-15,-2.8421709430404014e-14,2.8421709430404014e-14,5.2407042729174066e-15,2.8421709430404014e-14,5.684341886080803e-14,2.0484053575110327e-15,5.684341886080803e-17,4.922456280569864e-15,-2.8421709430404014e-14,2.8421709430404014e-14,4.9227844771419245e-15,2.8421709430404014e-14,5.684341886080803e-14,-4.3636684418895746e-16,0.0,0.0,0.0,0.0,0.0,0.0,0.0,0.0,7.250699342159975e-19,2.9368893566492655e-17,-9.934002405398433e-17,9.963817965141786e-17,2.9377842598282765e-17,9.963817965141786e-17,1.989782037054022e-16,-3.7917133623752926e-18,1.0467182676165979e-15,5.25369811397943e-14,-3.979039320256561e-13,3.979039320256561e-13,5.254740722828163e-14,3.979039320256561e-13,7.958078640513122e-13,-6.537370777782137e-15,1.6031620475587265e-16,3.302727580117539e-15,-2.8421709430404014e-14,2.8421709430404014e-14,3.306616209053657e-15,2.8421709430404014e-14,5.684341886080803e-14,-1.237439957554659e-16,-4.1744385725905886e-17,1.871780125605017e-15,-2.8421709430404014e-14,2.8421709430404014e-14,1.8722455587741603e-15,2.8421709430404014e-14,5.684341886080803e-14,-3.8601191438224735e-17,1.0569323194431492e-16,2.5751950233644447e-15,-2.8421709430404014e-14,2.8421709430404014e-14,2.5773630841695235e-15,2.8421709430404014e-14,5.684341886080803e-14,-2.026855064357597e-16,-3.1263880373444406e-16,8.959783305948753e-15,-1.4210854715202004e-14,1.4210854715202004e-14,8.965236188252848e-15,1.4210854715202004e-14,2.842170943040401e-14,-5.776244419568329e-16,0.0,0.0,0.0,0.0,0.0,0.0,0.0,0.0,-8.526512829121202e-17,1.4880061044901168e-15,-7.105427357601002e-15,7.105427357601002e-15,1.490447016536438e-15,7.105427357601002e-15,1.4210854715202004e-14,-3.6420633641356097e-17,0.0,0.0,0.0,0.0,0.0,0.0,0.0,0.0,-4.836582523370936e-17,2.8412913908695156e-17,-9.97465998686664e-17,0.0,5.609408816729835e-17,9.97465998686664e-17,9.97465998686664e-17,-8.726573189947077e-18,0.0,0.0,0.0,0.0,0.0,0.0,0.0,0.0,0.0,0.0,0.0,0.0,0.0,0.0,0.0,0.0,1.5977175640255354e-15,1.964973596473936e-15,0.0,4.0143657387576275e-15,2.5325525955516516e-15,4.0143657387576275e-15,4.0143657387576275e-15,-2.1566999645588758e-16,1.7663209250533562e-16,8.233267421963613e-16,0.0,4.0143657387576275e-15,8.420604613200214e-16,4.0143657387576275e-15,4.0143657387576275e-15,-2.4807337978430428e-17,0.0,0.0,0.0,0.0,0.0,0.0,0.0,0.0,2.8903433319054916e-16,1.495673160555704e-15,0.0,8.028731477515255e-15,1.5233446914502292e-15,8.028731477515255e-15,8.028731477515255e-15,-1.9884331371858148e-16,1.928966237720282,6.491320823228459e-07,1.928961754434944,1.9289698668362445,1.9289662377203916,1.9289698668362445,8.112401300497396e-06,3.4187038716270786e-08,1.928966237720282,1.9289698668362445
-2.7284841053187848e-15,8.860457772452157e-14,-4.547473508864641e-13,4.547473508864641e-13,8.864657815874092e-14,4.547473508864641e-13,9.094947017729282e-13,-6.110497337660031e-15,-2.842170943040402e-16,4.914572987726895e-15,-2.8421709430404014e-14,2.8421709430404014e-14,4.9227844771419245e-15,2.8421709430404014e-14,5.684341886080803e-14,-2.443926631261086e-16,2.273736754432321e-16,4.750423253375671e-15,-2.8421709430404014e-14,2.8421709430404014e-14,4.755861633237121e-15,2.8421709430404014e-14,5.684341886080803e-14,6.834825453443265e-16,5.684341886080803e-17,4.922456280569864e-15,-2.8421709430404014e-14,2.8421709430404014e-14,4.9227844771419245e-15,2.8421709430404014e-14,5.684341886080803e-14,3.335721585843769e-17,0.0,0.0,0.0,0.0,0.0,0.0,0.0,0.0,2.2127455478225567e-20,1.533333461133881e-17,-9.709030454607691e-17,9.23198149871407e-17,1.533335057733849e-17,9.709030454607691e-17,1.8941011953321762e-16,6.148668342806598e-20,-2.042810365310286e-16,5.082788591676452e-14,-3.979039320256561e-13,3.979039320256561e-13,5.0828296425411646e-14,3.979039320256561e-13,7.958078640513122e-13,-1.3025333306947414e-14,2.0206059048177855e-16,4.333010872533392e-15,-2.8421709430404014e-14,2.8421709430404014e-14,4.33771964328245e-15,2.8421709430404014e-14,5.684341886080803e-14,-1.7637521516476232e-16,-2.2204460492503132e-17,1.862026392417546e-15,-2.8421709430404014e-14,2.8421709430404014e-14,1.8621587805891482e-15,2.8421709430404014e-14,5.684341886080803e-14,5.900802135672389e-16,1.3544720900426912e-16,2.5712909061189087e-15,-2.8421709430404014e-14,2.8421709430404014e-14,2.5748558931165147e-15,2.8421709430404014e-14,5.684341886080803e-14,3.220790234647899e-16,-5.684341886080802e-17,8.713745699679668e-15,-1.4210854715202004e-14,1.4210854715202004e-14,8.713931104441537e-15,1.4210854715202004e-14,2.842170943040401e-14,-3.825868431110688e-16,0.0,0.0,0.0,0.0,0.0,0.0,0.0,0.0,-9.947598300641403e-17,1.520694260453286e-15,-7.105427357601002e-15,7.105427357601002e-15,1.5239443903799963e-15,7.105427357601002e-15,1.4210854715202004e-14,-9.888031843751391e-17,0.0,0.0,0.0,0.0,0.0,0.0,0.0,0.0,-4.9453496853146815e-17,2.8684476801342676e-17,-9.97465998686664e-17,0.0,5.717033811664024e-17,9.97465998686664e-17,9.97465998686664e-17,-5.822978493265102e-18,0.0,0.0,0.0,0.0,0.0,0.0,0.0,0.0,0.0,0.0,0.0,0.0,0.0,0.0,0.0,0.0,1.5094015177728677e-15,1.9444785411829895e-15,0.0,4.0143657387576275e-15,2.4615624588817897e-15,4.0143657387576275e-15,4.0143657387576275e-15,-1.4249796466679738e-16,1.8466082398285084e-16,8.40949739980627e-16,0.0,4.0143657387576275e-15,8.609855312881334e-16,4.0143657387576275e-15,4.0143657387576275e-15,-1.2336362258265999e-16,0.0,0.0,0.0,0.0,0.0,0.0,0.0,0.0,2.4086194432545764e-16,1.3695989916457624e-15,0.0,8.028731477515255e-15,1.3906170839383964e-15,8.028731477515255e-15,8.028731477515255e-15,4.480705231763007e-17,1.9289662414414825,5.333876527786195e-08,1.9289658989052103,1.9289665163639211,1.9289662414414832,1.9289665163639211,6.174587108276341e-07,1.0441198782835982e-08,1.9289662414414825,1.9289665163639211
1.8189894035458565e-15,8.132733967107255e-14,-4.547473508864641e-13,4.547473508864641e-13,8.134767913360664e-14,4.547473508864641e-13,9.094947017729282e-13,2.831959550430665e-16,0.0,5.084229945850416e-15,-2.8421709430404014e-14,2.8421709430404014e-14,5.084229945850416e-15,2.8421709430404014e-14,5.684341886080803e-14,-1.211751923020819e-16,2.842170943040402e-16,3.8025655613465846e-15,-2.8421709430404014e-14,2.8421709430404014e-14,3.8131724593878115e-15,2.8421709430404014e-14,5.684341886080803e-14,-9.305982464996953e-16,0.0,5.084229945850416e-15,-2.8421709430404014e-14,2.8421709430404014e-14,5.084229945850416e-15,2.8421709430404014e-14,5.684341886080803e-14,3.3629519661364273e-16,0.0,0.0,0.0,0.0,0.0,0.0,0.0,0.0,-8.903649328898616e-24,2.757391638641611e-22,-3.388131789017202e-21,3.388131789017202e-21,2.758828763440724e-22,3.388131789017202e-21,6.776263578034404e-21,5.0401717153112824e-23,-3.4452440900167858e-15,4.498846707207684e-14,-3.979039320256561e-13,2.557953848736361e-13,4.5120193664645754e-14,3.979039320256561e-13,6.536993168992922e-13,3.4744476091938673e-15,1.9140244944537699e-16,4.31088581579195e-15,-2.8421709430404014e-14,2.8421709430404014e-14,4.315132838563596e-15,2.8421709430404014e-14,5.684341886080803e-14,5.28774628873327e-16,8.748557434046236e-17,1.8516278702298406e-15,-1.7763568394002505e-15,2.8421709430404014e-14,1.8536934739944403e-15,2.8421709430404014e-14,3.0198066269804264e-14,3.821135025161372e-16,1.252331571777177e-16,2.5730544147986976e-15,-2.8421709430404014e-14,2.8421709430404014e-14,2.5761002242094085e-15,2.8421709430404014e-14,5.684341886080803e-14,8.36164138594332e-17,0.0,8.713931104441537e-15,-1.4210854715202004e-14,1.4210854715202004e-14,8.713931104441537e-15,1.4210854715202004e-14,2.842170943040401e-14,-1.3649228121667057e-15,0.0,0.0,0.0,0.0,0.0,0.0,0.0,0.0,-8.526512829121202e-17,1.4185252113597675e-15,-7.105427357601002e-15,7.105427357601002e-15,1.4210854715202005e-15,7.105427357601002e-15,1.4210854715202004e-14,2.5494443548949233e-16,0.0,0.0,0.0,0.0,0.0,0.0,0.0,0.0,-4.9108286881427434e-17,2.955212406555792e-17,-9.97465998686664e-17,0.0,5.731449971180683e-17,9.97465998686664e-17,9.97465998686664e-17,-7.055857893964204e-19,0.0,0.0,0.0,0.0,0.0,0.0,0.0,0.0,0.0,0.0,0.0,0.0,0.0,0.0,0.0,0.0,1.5094015177728677e-15,1.9444785411829895e-15,0.0,4.0143657387576275e-15,2.4615624588817897e-15,4.0143657387576275e-15,4.0143657387576275e-15,-9.096023925424436e-17,1.6057462955030508e-16,7.866518160693618e-16,0.0,4.0143657387576275e-15,8.028731477515254e-16,4.0143657387576275e-15,4.0143657387576275e-15,-7.769119800996794e-17,0.0,0.0,0.0,0.0,0.0,0.0,0.0,0.0,2.5691940728048816e-16,1.4130567400426846e-15,0.0,8.028731477515255e-15,1.4362231485453148e-15,8.028731477515255e-15,8.028731477515255e-15,1.0961381897445977e-16,1.9289662430219718,4.1027860210861375e-09,1.928966216988984,1.9289662642925676,1.928966243021972,1.9289662642925676,4.7303583494695545e-08,9.176420400726109e-10,1.9289662430219718,1.9289662642925676
-1.8189894035458565e-15,8.626306736099196e-14,-4.547473508864641e-13,4.547473508864641e-13,8.6282243323741e-14,4.547473508864641e-13,9.094947017729282e-13,8.278035608951193e-16,0.0,4.755861633237122e-15,-2.8421709430404014e-14,2.8421709430404014e-14,4.755861633237122e-15,2.8421709430404014e-14,5.684341886080803e-14,-7.624506481928696e-17,0.0,4.019436694230465e-15,-2.8421709430404014e-14,2.8421709430404014e-14,4.019436694230465e-15,2.8421709430404014e-14,5.684341886080803e-14,-1.655607121790241e-15,0.0,5.084229945850416e-15,-2.8421709430404014e-14,2.8421709430404014e-14,5.084229945850416e-15,2.8421709430404014e-14,5.684341886080803e-14,4.343245656670119e-16,0.0,0.0,0.0,0.0,0.0,0.0,0.0,0.0,-4.33322683633095e-25,2.0460592459106466e-23,-2.1175823681357513e-22,2.1175823681357513e-22,2.0465180486030302e-23,2.1175823681357513e-22,4.235164736271503e-22,1.9667827443322188e-24,-1.778133196239651e-15,4.2024896557779214e-14,-3.979039320256561e-13,3.410605131648481e-13,4.2062497409873476e-14,3.979039320256561e-13,7.389644451905042e-13,-4.3766454199977755e-16,1.8340884366807588e-16,4.378794621722398e-15,-2.8421709430404014e-14,2.8421709430404014e-14,4.382634041664973e-15,2.8421709430404014e-14,5.684341886080803e-14,1.544419947884546e-16,1.6386891843467315e-16,2.2430391200857437e-15,-1.7763568394002505e-15,2.8421709430404014e-14,2.2490170111993322e-15,2.8421709430404014e-14,3.0198066269804264e-14,4.532422341632598e-16,-4.52970994047064e-17,2.8733840283397537e-15,-2.8421709430404014e-14,2.8421709430404014e-14,2.8737410463596872e-15,2.8421709430404014e-14,5.684341886080803e-14,-3.4701715885385505e-16,-8.810729923425242e-16,8.552006884805022e-15,-1.4210854715202004e-14,1.4210854715202004e-14,8.597273484982778e-15,1.4210854715202004e-14,2.842170943040401e-14,-3.959637674298081e-15,0.0,0.0,0.0,0.0,0.0,0.0,0.0,0.0,-4.263256414560601e-17,1.4555550754638076e-15,-7.105427357601002e-15,7.105427357601002e-15,1.4561792860887975e-15,7.105427357601002e-15,1.4210854715202004e-14,-4.5440697113280554e-17,0.0,0.0,0.0,0.0,0.0,0.0,0.0,0.0,-5.1056381344949384e-17,2.9515562986966136e-17,-9.97465998686664e-17,0.0,5.897391401694873e-17,9.97465998686664e-17,9.97465998686664e-17,-1.8739584069467904e-18,0.0,0.0,0.0,0.0,0.0,0.0,0.0,0.0,0.0,0.0,0.0,0.0,0.0,0.0,0.0,0.0,1.4692578603852914e-15,1.9337579362027416e-15,0.0,4.0143657387576275e-15,2.42860832909118e-15,4.0143657387576275e-15,4.0143657387576275e-15,4.300900107655776e-16,1.6860336102782034e-16,8.05238140303592e-16,0.0,4.0143657387576275e-15,8.227001616320887e-16,4.0143657387576275e-15,4.0143657387576275e-15,-2.56727102334919e-17,0.0,0.0,0.0,0.0,0.0,0.0,0.0,0.0,2.2480448137042717e-16,1.3245217102867785e-15,0.0,8.028731477515255e-15,1.3434637382025761e-15,8.028731477515255e-15,8.028731477515255e-15,-2.949957865031951e-16,1.9289662431703574,3.2809014172008905e-10,1.928966241200648,1.928966245005526,1.9289662431703574,1.928966245005526,3.804877968249798e-09,3.214118933051963e-11,1.9289662431703574,1.928966245005526
-7.275957614183426e-15,9.065796471533477e-14,-4.547473508864641e-13,4.547473508864641e-13,9.094947017729283e-14,4.547473508864641e-13,9.094947017729282e-13,-1.9997991286887376e-14,-5.684341886080803e-17,3.812748750018273e-15,-2.8421709430404014e-14,2.8421709430404014e-14,3.8131724593878115e-15,2.8421709430404014e-14,5.684341886080803e-14,3.7646000754523117e-16,-1.1368683772161603e-16,3.593295475475114e-15,-2.8421709430404014e-14,2.8421709430404014e-14,3.5950934718225424e-15,2.8421709430404014e-14,5.684341886080803e-14,-1.4023645850690361e-15,-1.1368683772161608e-16,5.082958729442035e-15,-2.8421709430404014e-14,2.8421709430404014e-14,5.084229945850416e-15,2.8421709430404014e-14,5.684341886080803e-14,-8.332496369536408e-16,0.0,9.729507111180988e-17,-8.881784197001252e-16,8.881784197001252e-16,9.729507111180988e-17,8.881784197001252e-16,1.7763568394002505e-15,-2.9357753752962254e-18,-8.259747913277436e-26,3.7526499928806185e-24,-2.646977960169689e-23,2.646977960169689e-23,3.753558886260611e-24,2.646977960169689e-23,5.293955920339378e-23,5.110564681956118e-25,-1.3993251002375472e-15,3.815118088519357e-14,-3.979039320256561e-13,3.410605131648481e-13,3.817683477805506e-14,3.979039320256561e-13,7.389644451905042e-13,1.94456294047723e-15,1.2745360322696796e-16,4.5600227687086834e-15,-2.8421709430404014e-14,2.8421709430404014e-14,4.561803598590928e-15,2.8421709430404014e-14,5.684341886080803e-14,3.080968613965771e-17,5.062616992290715e-17,2.8775474419222466e-15,-2.8421709430404014e-14,2.8421709430404014e-14,2.877992753568765e-15,2.8421709430404014e-14,5.684341886080803e-14,-4.3181426498378766e-16,-9.237055564881304e-17,3.1428446580572276e-15,-2.8421709430404014e-14,2.8421709430404014e-14,3.1442017849097604e-15,2.8421709430404014e-14,5.684341886080803e-14,-1.1229234441835032e-15,-3.723243935382925e-15,9.398049841128916e-15,-1.4210854715202004e-14,1.4210854715202004e-14,1.0108703488514686e-14,1.4210854715202004e-14,2.842170943040401e-14,-1.534874423167913e-14,0.0,0.0,0.0,0.0,0.0,0.0,0.0,0.0,-4.263256414560601e-17,1.4555550754638076e-15,-7.105427357601002e-15,7.105427357601002e-15,1.4561792860887975e-15,7.105427357601002e-15,1.4210854715202004e-14,3.7492829865377255e-16,0.0,0.0,0.0,0.0,0.0,0.0,0.0,0.0,-5.635422684058255e-17,2.840769541520616e-17,-9.887923813067799e-17,0.0,6.31093974111856e-17,9.887923813067799e-17,9.887923813067799e-17,-2.4042519472306416e-17,0.0,0.0,0.0,0.0,0.0,0.0,0.0,0.0,0.0,0.0,0.0,0.0,0.0,0.0,0.0,0.0,2.0312690638113595e-15,2.007038347009226e-15,0.0,4.0143657387576275e-15,2.855565957207538e-15,4.0143657387576275e-15,4.0143657387576275e-15,2.477945376132283e-15,1.6860336102782034e-16,8.052381403035921e-16,0.0,4.0143657387576275e-15,8.227001616320887e-16,4.0143657387576275e-15,4.0143657387576275e-15,1.699014194104127e-16,0.0,0.0,0.0,0.0,0.0,0.0,0.0,0.0,1.5053871520341102e-16,1.068011800970874e-15,0.0,8.028731477515255e-15,1.0785690111384358e-15,8.028731477515255e-15,8.028731477515255e-15,-2.0802587486951198e-16,1.9289662431762584,2.7895473776091032e-11,1.928966243023558,1.9289662433650785,1.9289662431762586,1.9289662433650785,3.4152058958625275e-10,-2.4771385755785834e-12,1.9289662431762584,1.9289662433650785
-1.0913936421275139e-14,1.0312242217375289e-13,-4.547473508864641e-13,4.547473508864641e-13,1.0369835082193621e-13,4.547473508864641e-13,9.094947017729282e-13,-4.411321607401626e-14,-1.932676241267473e-15,8.591446035056415e-15,-5.684341886080803e-14,2.8421709430404014e-14,8.806144583576084e-15,5.684341886080803e-14,8.526512829121205e-14,-8.614330805564848e-15,-2.2737367544323214e-15,8.5075439228011e-15,-5.684341886080803e-14,2.8421709430404014e-14,8.806144583576082e-15,5.684341886080803e-14,8.526512829121205e-14,-9.413542467152735e-15,-2.273736754432321e-16,5.0791431712442965e-15,-2.8421709430404014e-14,2.8421709430404014e-14,5.084229945850416e-15,2.8421709430404014e-14,5.684341886080803e-14,-1.1804369856843247e-15,0.0,9.729507111180988e-17,-8.881784197001252e-16,8.881784197001252e-16,9.729507111180988e-17,8.881784197001252e-16,1.7763568394002505e-15,-2.9357753752962254e-18,-1.818372492510005e-15,7.409391655669147e-15,-5.688505222423147e-14,2.8504976157250894e-14,7.629257056137026e-15,5.688505222423147e-14,8.539002838148237e-14,-8.772051549779117e-15,-1.3069545445887343e-15,4.079447390247296e-14,-3.979039320256561e-13,3.410605131648481e-13,4.081540433661252e-14,3.979039320256561e-13,7.389644451905042e-13,5.483672065998731e-15,-3.9612757518625596e-16,6.327957035551618e-15,-5.684341886080803e-14,2.8421709430404014e-14,6.340343626303717e-15,5.684341886080803e-14,8.526512829121205e-14,-2.668673000480775e-15,-3.6148861681795114e-16,4.592672703203534e-15,-2.8421709430404014e-14,2.8421709430404014e-14,4.606877096129199e-15,2.8421709430404014e-14,5.684341886080803e-14,-2.600554502280061e-15,-3.3173463975799687e-16,4.5935333160354625e-15,-2.8421709430404014e-14,2.8421709430404014e-14,4.605496302977901e-15,2.8421709430404014e-14,5.684341886080803e-14,-1.5019735289167228e-15,-3.495870259939693e-15,9.484976401888312e-15,-1.4210854715202004e-14,1.4210854715202004e-14,1.0108703488514686e-14,1.4210854715202004e-14,2.842170943040401e-14,-8.12384358054434e-15,0.0,0.0,0.0,0.0,0.0,0.0,0.0,0.0,2.842170943040401e-17,1.5564616626412623e-15,-7.105427357601002e-15,7.105427357601002e-15,1.5567211377889581e-15,7.105427357601002e-15,1.4210854715202004e-14,2.8796127159427267e-16,0.0,0.0,0.0,0.0,0.0,0.0,0.0,0.0,-5.597952656977157e-17,2.854303380141662e-17,-1.006139616066548e-16,0.0,6.283639211129624e-17,1.006139616066548e-16,1.006139616066548e-16,-1.734341213558146e-17,-2.273736754432321e-16,3.587896080275528e-15,-5.684341886080803e-14,0.0,3.5950934718225424e-15,5.684341886080803e-14,5.684341886080803e-14,-1.1028304018504071e-15,-4.996003610813204e-18,4.883404032371325e-17,-5.551115123125784e-16,4.440892098500626e-16,4.9088935071126874e-17,5.551115123125784e-16,9.992007221626409e-16,-2.5045833670495886e-17,2.085862198459411e-15,2.0681579008058353e-15,0.0,4.711009612136502e-15,2.9373624586740274e-15,4.711009612136502e-15,4.711009612136502e-15,1.7788467946857828e-15,2.0049929656949166e-16,8.950526287607892e-16,0.0,4.7029025572197294e-15,9.172345262671156e-16,4.7029025572197294e-15,4.7029025572197294e-15,1.960190663884268e-16,2.2303153889358665e-16,1.5988374323808239e-15,0.0,1.8139713492993208e-14,1.614318494759738e-15,1.8139713492993208e-14,1.8139713492993208e-14,1.1275524890829384e-15,8.097369304285884e-16,2.7215658867132123e-15,0.0,1.8702184266897415e-14,2.8394708613086672e-15,1.8702184266897415e-14,1.8702184266897415e-14,2.9622138161471625e-15,1.928264827503117,0.0016835318709693947,1.9218717079233307,1.928966243190142,1.9282655624330345,1.928966243190142,0.007094535266811253,-0.0036477600250284614,1.928264827503117,1.928966243190142
-8.185452315956354e-15,1.013546053580993e-13,-4.547473508864641e-13,4.547473508864641e-13,1.016845989170083e-13,4.547473508864641e-13,9.094947017729282e-13,-1.663231628272168e-14,-1.7621459846850488e-15,8.342437446803353e-15,-5.684341886080803e-14,2.8421709430404014e-14,8.526512829121203e-15,5.684341886080803e-14,8.526512829121205e-14,-5.175814534116448e-15,-2.3305801732931295e-15,8.77287523474358e-15,-5.684341886080803e-14,2.8421709430404014e-14,9.077166068136259e-15,5.684341886080803e-14,8.526512829121205e-14,-4.1628443872316295e-15,-3.979039320256562e-16,5.2255768807906064e-15,-2.8421709430404014e-14,2.8421709430404014e-14,5.2407042729174066e-15,2.8421709430404014e-14,5.684341886080803e-14,-8.420995105487367e-16,0.0,9.729507111180988e-17,-8.881784197001252e-16,8.881784197001252e-16,9.729507111180988e-17,8.881784197001252e-16,1.7763568394002505e-15,-2.935775375296226e-18,-1.8168490224389987e-15,7.409805203310845e-15,-5.688505222423147e-14,2.8504976157250894e-14,7.629295742160611e-15,5.688505222423147e-14,8.539002838148237e-14,-4.407678285218965e-15,6.346034808757398e-16,3.964517336958303e-14,-3.979039320256561e-13,3.410605131648481e-13,3.965025211877265e-14,3.979039320256561e-13,7.389644451905042e-13,8.140718970518643e-15,-4.3742787170231177e-16,6.209969146553203e-15,-5.684341886080803e-14,2.8421709430404014e-14,6.225356210216788e-15,5.684341886080803e-14,8.526512829121205e-14,-1.5535197878612349e-15,-4.1877612488860917e-16,4.758623645616163e-15,-2.8421709430404014e-14,2.8421709430404014e-14,4.777015013938514e-15,2.8421709430404014e-14,5.684341886080803e-14,-1.213342134682436e-15,-4.640732242933156e-16,4.5786539761682025e-15,-2.8421709430404014e-14,2.8421709430404014e-14,4.602112144546989e-15,2.8421709430404014e-14,5.684341886080803e-14,-5.523352899468092e-16,-3.694822225952521e-15,9.558318493418618e-15,-1.4210854715202004e-14,1.4210854715202004e-14,1.0247593068766007e-14,1.4210854715202004e-14,2.842170943040401e-14,9.762091334898046e-16,0.0,0.0,0.0,0.0,0.0,0.0,0.0,0.0,1.4210854715202004e-17,1.523878130487777e-15,-7.105427357601002e-15,7.105427357601002e-15,1.5239443903799963e-15,7.105427357601002e-15,1.4210854715202004e-14,-1.8227335808360853e-16,0.0,0.0,0.0,0.0,0.0,0.0,0.0,0.0,-5.66716812366863e-17,2.7830606105967406e-17,-1.006139616066548e-16,0.0,6.31365353057807e-17,1.006139616066548e-16,1.006139616066548e-16,-6.513439986966757e-18,-2.273736754432321e-16,3.587896080275528e-15,-5.684341886080803e-14,0.0,3.5950934718225424e-15,5.684341886080803e-14,5.684341886080803e-14,-5.582227959983543e-16,-9.325873406851316e-18,5.062714379338637e-17,-5.551115123125784e-16,4.440892098500626e-16,5.1478923876445174e-17,5.551115123125784e-16,9.992007221626409e-16,-3.336519350891458e-17,2.2022427784159704e-15,2.128664769460512e-15,0.0,4.7936444062451936e-15,3.0628560129114243e-15,4.7936444062451936e-15,4.7936444062451936e-15,5.662087757031802e-16,1.969259795266203e-16,8.996604732564147e-16,0.0,4.761903948423741e-15,9.209608072836079e-16,4.761903948423741e-15,4.761903948423741e-15,7.972922984022261e-17,3.677233996321062e-16,1.6550579663198243e-15,0.0,1.8139713492993208e-14,1.6954165772799633e-15,1.8139713492993208e-14,1.8139713492993208e-14,1.2717080571388477e-15,7.615645415634967e-16,2.6638038678600007e-15,0.0,1.8702184266897415e-14,2.770529118668981e-15,1.8702184266897415e-14,1.8702184266897415e-14,1.3590655122265726e-15,1.9261087880220689,0.004393932469913657,1.914527187774396,1.9289662431769523,1.9261137998411189,1.9289662431769523,0.014439055402556411,-0.012589862136595891,1.9261087880220689,1.9289662431769523
-1.000444171950221e-14,9.701797869591442e-14,-4.547473508864641e-13,4.547473508864641e-13,9.753244098431977e-14,4.547473508864641e-13,9.094947017729282e-13,2.8047291701380714e-14,-1.9895196601282815e-15,8.291153873082536e-15,-5.684341886080803e-14,2.8421709430404014e-14,8.526512829121203e-15,5.684341886080803e-14,8.526512829121205e-14,-6.405946963834766e-16,-2.2737367544323214e-15,8.695371059717647e-15,-5.684341886080803e-14,2.8421709430404014e-14,8.987733679556356e-15,5.684341886080803e-14,8.526512829121205e-14,1.0088855898409295e-15,-3.979039320256562e-16,5.2255768807906064e-15,-2.8421709430404014e-14,2.8421709430404014e-14,5.2407042729174066e-15,2.8421709430404014e-14,5.684341886080803e-14,-8.237190038512288e-17,0.0,9.729507111180988e-17,-8.881784197001252e-16,8.881784197001252e-16,9.729507111180988e-17,8.881784197001252e-16,1.7763568394002505e-15,-2.9357753752962262e-18,-1.8169809698433062e-15,7.409805956261368e-15,-5.688505222423147e-14,2.8504976157250894e-14,7.629327896624916e-15,5.688505222423147e-14,8.539002838148237e-14,-5.701246996015716e-17,6.417089082333406e-16,4.224882200587597e-14,-3.410605131648481e-13,3.410605131648481e-13,4.225369511897268e-14,3.410605131648481e-13,6.821210263296962e-13,-3.0482017442425722e-15,-5.853095785823828e-16,6.047312575809821e-15,-5.684341886080803e-14,2.8421709430404014e-14,6.075572128806299e-15,5.684341886080803e-14,8.526512829121205e-14,7.38411328090814e-17,-4.614086890342152e-16,4.577544804607277e-15,-2.8421709430404014e-14,2.8421709430404014e-14,4.600740637821627e-15,2.8421709430404014e-14,5.684341886080803e-14,5.967814399673726e-17,-4.058975378029574e-16,5.081758525482271e-15,-2.8421709430404014e-14,2.8421709430404014e-14,5.097942969718889e-15,2.8421709430404014e-14,5.684341886080803e-14,9.012192190121298e-16,-3.296918293926865e-15,9.826844568172961e-15,-1.4210854715202004e-14,1.4210854715202004e-14,1.0365160124371454e-14,1.4210854715202004e-14,2.842170943040401e-14,1.1122929590020861e-14,0.0,0.0,0.0,0.0,0.0,0.0,0.0,0.0,0.0,1.6202867315927533e-15,-7.105427357601002e-15,7.105427357601002e-15,1.6202867315927533e-15,7.105427357601002e-15,1.4210854715202004e-14,-1.2355785057768454e-16,0.0,0.0,0.0,0.0,0.0,0.0,0.0,0.0,-5.73829178618368e-17,2.6973653663107574e-17,-1.006139616066548e-16,0.0,6.340644489541726e-17,1.006139616066548e-16,1.006139616066548e-16,1.3757146619491154e-17,-2.273736754432321e-16,3.587896080275528e-15,-5.684341886080803e-14,0.0,3.5950934718225424e-15,5.684341886080803e-14,5.684341886080803e-14,-1.3615190146301355e-17,-1.4099832412739488e-17,5.211796513446377e-17,-5.551115123125784e-16,4.440892098500626e-16,5.399155085589337e-17,5.551115123125784e-16,9.992007221626409e-16,-3.4198857983692994e-17,2.3190656971616785e-15,2.191149272314456e-15,0.0,4.794485396491904e-15,3.190485988265134e-15,4.794485396491904e-15,4.794485396491904e-15,-5.390909749722165e-16,2.303736098519774e-16,9.870415884527192e-16,0.0,4.794485396491904e-15,1.0135694832874056e-15,4.794485396491904e-15,4.794485396491904e-15,8.109821403020963e-17,5.28788143420506e-16,1.7019018503334099e-15,0.0,1.8139713492993208e-14,1.782157907928024e-15,1.8139713492993208e-14,1.8139713492993208e-14,1.1726839805936117e-15,7.740464560872452e-16,2.7012194163112172e-15,0.0,1.8702184266897415e-14,2.8099349193954543e-15,1.8702184266897415e-14,1.8702184266897415e-14,3.5808472076078143e-16,1.9231985011318025,0.006046039406476637,1.9142301201177525,1.9289662431759405,1.9232080047015498,1.9289662431759405,0.014736123058187944,-0.019685923106478112,1.9231985011318025,1.9289662431759405
-7.275957614183426e-15,9.065796471533478e-14,-4.547473508864641e-13,4.547473508864641e-13,9.094947017729283e-14,4.547473508864641e-13,9.094947017729282e-13,4.2610099081864585e-14,-1.989519660128281e-15,8.672115144686565e-15,-5.684341886080803e-14,2.8421709430404014e-14,8.897402405238228e-15,5.684341886080803e-14,8.526512829121205e-14,4.033500080841767e-15,-2.216893335571513e-15,8.616794850722491e-15,-5.684341886080803e-14,2.8421709430404014e-14,8.897402405238228e-15,5.684341886080803e-14,8.526512829121205e-14,4.629845409249767e-15,-4.547473508864643e-16,5.0638521887140305e-15,-2.8421709430404014e-14,2.8421709430404014e-14,5.084229945850416e-15,2.8421709430404014e-14,5.684341886080803e-14,4.2207089453534166e-16,0.0,9.729507111180988e-17,-8.881784197001252e-16,8.881784197001252e-16,9.729507111180988e-17,8.881784197001252e-16,1.7763568394002505e-15,-2.935775375296226e-18,-1.816003236324156e-15,7.410093586805777e-15,-5.688505222423147e-14,2.8504976157250894e-14,7.629374464499688e-15,5.688505222423147e-14,8.539002838148237e-14,4.299261645269262e-15,-6.643574579356935e-16,3.9419035282785084e-14,-3.410605131648481e-13,3.1263880373444413e-13,3.942463333320134e-14,3.410605131648481e-13,6.536993168992922e-13,-8.806613455779444e-15,-5.249134460427742e-16,5.618138806986035e-15,-5.684341886080803e-14,2.8421709430404014e-14,5.6426073565683234e-15,5.684341886080803e-14,8.526512829121205e-14,1.599784842190404e-15,-5.910827383104335e-16,4.555756620610459e-15,-2.8421709430404014e-14,2.8421709430404014e-14,4.593941356805133e-15,2.8421709430404014e-14,5.684341886080803e-14,1.4939852415730734e-15,-3.4861002973229927e-16,4.920225370205074e-15,-2.8421709430404014e-14,2.8421709430404014e-14,4.9325598472233065e-15,2.8421709430404014e-14,5.684341886080803e-14,7.320557998779864e-16,-2.813749233609997e-15,9.955674907847585e-15,-1.4210854715202004e-14,1.4210854715202004e-14,1.0345658394727079e-14,1.4210854715202004e-14,2.842170943040401e-14,1.3377264698494707e-14,0.0,0.0,0.0,0.0,0.0,0.0,0.0,0.0,-2.842170943040401e-17,1.5564616626412619e-15,-7.105427357601002e-15,7.105427357601002e-15,1.5567211377889581e-15,7.105427357601002e-15,1.4210854715202004e-14,-4.496416545816008e-16,0.0,0.0,0.0,0.0,0.0,0.0,0.0,0.0,-5.647739220737691e-17,2.7043846665020947e-17,-1.006139616066548e-16,0.0,6.26184116134148e-17,1.006139616066548e-16,1.006139616066548e-16,2.5808509521113674e-17,-2.273736754432321e-16,3.587896080275528e-15,-5.684341886080803e-14,0.0,3.5950934718225424e-15,5.684341886080803e-14,5.684341886080803e-14,5.309924157057517e-16,-1.909583602355269e-17,5.3176785558905956e-17,-5.551115123125784e-16,4.440892098500626e-16,5.650151746472197e-17,5.551115123125784e-16,9.992007221626409e-16,-2.4480750095087873e-17,2.3703260596719683e-15,2.2473971056467704e-15,0.0,4.794485396491904e-15,3.2663801645903863e-15,4.794485396491904e-15,4.794485396491904e-15,-2.152338546805146e-15,2.1899686484335254e-16,9.778213993865211e-16,0.0,4.794485396491904e-15,1.0020450668055964e-15,4.794485396491904e-15,4.794485396491904e-15,-2.669155095391854e-17,6.973442706409246e-16,1.733631281934176e-15,0.0,1.8139713492993208e-14,1.8686268898569495e-15,1.8139713492993208e-14,1.8139713492993208e-14,7.176621859855041e-16,8.507582224311157e-16,2.8120333542035655e-15,0.0,1.8702184266897415e-14,2.9379110160431185e-15,1.8702184266897415e-14,1.8702184266897415e-14,-1.1353275298677192e-15,1.9202895578223909,0.006070118156223728,1.9142301201177525,1.9289662431758623,1.920299151751139,1.9289662431758623,0.014736123058109785,-0.019806141414877007,1.9202895578223909,1.9289662431758623
-1.8189894035458565e-15,8.132733967107254e-14,-4.547473508864641e-13,4.547473508864641e-13,8.134767913360664e-14,4.547473508864641e-13,9.094947017729282e-13,2.1152559411293733e-14,-1.989519660128281e-15,8.856452752117368e-15,-5.684341886080803e-14,2.8421709430404014e-14,9.077166068136259e-15,5.684341886080803e-14,8.526512829121205e-14,8.876423215881147e-15,-2.2737367544323214e-15,8.695371059717647e-15,-5.684341886080803e-14,2.8421709430404014e-14,8.987733679556356e-15,5.684341886080803e-14,8.526512829121205e-14,9.01053283882222e-15,-2.842170943040402e-16,4.574041252974179e-15,-2.8421709430404014e-14,2.8421709430404014e-14,4.582862941503294e-15,2.8421709430404014e-14,5.684341886080803e-14,2.403081060822186e-16,1.7763568394002505e-18,3.9680806025346054e-17,0.0,8.881784197001252e-16,3.972054645195637e-17,8.881784197001252e-16,8.881784197001252e-16,7.084153622997405e-18,-1.816625527713582e-15,7.409985919590678e-15,-5.688505222423147e-14,2.8504976157250894e-14,7.629418040484656e-15,5.688505222423147e-14,8.539002838148237e-14,8.646465869334748e-15,-2.0659030042224914e-15,4.594118414916812e-14,-3.694822225952521e-13,3.1263880373444413e-13,4.598761089957416e-14,3.694822225952521e-13,6.821210263296962e-13,-1.446389515144447e-14,-4.138911435802586e-16,5.590911651229618e-15,-5.684341886080803e-14,2.8421709430404014e-14,5.6062107497479304e-15,5.684341886080803e-14,8.526512829121205e-14,3.4286558954596305e-15,-4.769518113789674e-16,4.195445090064787e-15,-2.8421709430404014e-14,2.8421709430404014e-14,4.222468772427618e-15,2.8421709430404014e-14,5.684341886080803e-14,2.000858560671996e-15,-1.8562928971732624e-16,4.7584583857786845e-15,-2.8421709430404014e-14,2.8421709430404014e-14,4.7620777442612624e-15,2.8421709430404014e-14,5.684341886080803e-14,9.586370287072353e-16,1.7053025658242405e-16,9.208107512456244e-15,-1.4210854715202004e-14,1.4210854715202004e-14,9.209686451197086e-15,1.4210854715202004e-14,2.842170943040401e-14,4.799354526571225e-16,0.0,0.0,0.0,0.0,0.0,0.0,0.0,0.0,-5.684341886080802e-17,1.489362660615132e-15,-7.105427357601002e-15,7.105427357601002e-15,1.490447016536438e-15,7.105427357601002e-15,1.4210854715202004e-14,-1.878896240189581e-16,0.0,0.0,0.0,0.0,0.0,0.0,0.0,0.0,-4.983166657090976e-17,2.827034753885973e-17,-1.006139616066548e-16,0.0,5.729229916142516e-17,1.006139616066548e-16,1.006139616066548e-16,1.1377251436371093e-17,-2.273736754432321e-16,3.587896080275528e-15,-5.684341886080803e-14,0.0,3.5950934718225424e-15,5.684341886080803e-14,5.684341886080803e-14,1.0756000215578048e-15,-2.4202861936828413e-17,5.376002081190916e-17,-5.551115123125784e-16,4.440892098500626e-16,5.895691955682626e-17,5.551115123125784e-16,9.992007221626409e-16,-2.451797913064424e-18,1.998956597604714e-15,2.349302782351726e-15,0.0,4.794485396491904e-15,3.0846476366471713e-15,4.794485396491904e-15,4.794485396491904e-15,1.9869757014843358e-18,2.0918035915019625e-16,9.751169302081097e-16,0.0,4.794485396491904e-15,9.973010830399675e-16,4.794485396491904e-15,4.794485396491904e-15,-3.034779863104344e-17,8.696460895773523e-16,1.7487643867316809e-15,0.0,1.8139713492993208e-14,1.9530645666281014e-15,1.8139713492993208e-14,1.8139713492993208e-14,-1.5270523255709513e-16,8.842911783440374e-16,2.8661542967591873e-15,0.0,1.8702184266897415e-14,2.999468509741057e-15,1.8702184266897415e-14,1.8702184266897415e-14,-2.9473338460247696e-15,1.9173805114770301,0.004496084674087769,1.9142301201177525,1.9289662431758547,1.9173857829266685,1.9289662431758547,0.014736123058102235,-0.012959207467758535,1.9173805114770301,1.9289662431758547
5.4569682106375695e-15,6.407904931187127e-14,-4.547473508864641e-13,4.547473508864641e-13,6.431098710768743e-14,4.547473508864641e-13,9.094947017729282e-13,-4.2043707171778485e-15,-2.273736754432321e-16,4.750423253375671e-15,-2.8421709430404014e-14,2.8421709430404014e-14,4.755861633237121e-15,2.8421709430404014e-14,5.684341886080803e-14,-2.246506374139716e-16,-2.2737367544323216e-16,4.0130004423924205e-15,-2.8421709430404014e-14,2.8421709430404014e-14,4.019436694230465e-15,2.8421709430404014e-14,5.684341886080803e-14,3.689716529647652e-16,-5.684341886080803e-17,5.2403959871279725e-15,-2.8421709430404014e-14,2.8421709430404014e-14,5.2407042729174066e-15,2.8421709430404014e-14,5.684341886080803e-14,7.22285837261285e-16,1.7763568394002505e-18,3.9680806025346054e-17,0.0,8.881784197001252e-16,3.972054645195637e-17,8.881784197001252e-16,8.881784197001252e-16,2.829406702278244e-18,1.609338988739766e-18,4.9885567205296627e-17,-9.86623976961809e-17,9.90554209837069e-17,4.9911519585911674e-17,9.90554209837069e-17,1.977178186798878e-16,-7.750389973139588e-18,-2.6116886431282183e-15,4.1766962830120356e-14,-3.694822225952521e-13,2.842170943040401e-13,4.184853762822902e-14,3.694822225952521e-13,6.536993168992922e-13,-1.0010584510369001e-14,1.1102230246251568e-16,3.4588677166044837e-15,-2.8421709430404014e-14,2.8421709430404014e-14,3.460649047882896e-15,2.8421709430404014e-14,5.684341886080803e-14,5.300244607812879e-16,-5.195843755245734e-17,2.2018859756605404e-15,-2.8421709430404014e-14,2.8421709430404014e-14,2.202498928272943e-15,2.8421709430404014e-14,5.684341886080803e-14,2.5150872735101217e-17,2.6645352591003758e-18,3.1142328243510124e-15,-2.8421709430404014e-14,2.8421709430404014e-14,3.114233964237984e-15,2.8421709430404014e-14,5.684341886080803e-14,1.881342719668997e-16,3.694822225952521e-16,9.136198173536396e-15,-1.4210854715202004e-14,1.4210854715202004e-14,9.143666342279977e-15,1.4210854715202004e-14,2.842170943040401e-14,1.0296487548140425e-15,0.0,0.0,0.0,0.0,0.0,0.0,0.0,0.0,-1.2789769243681802e-16,1.3791852311299008e-15,-7.105427357601002e-15,7.105427357601002e-15,1.3851027837303269e-15,7.105427357601002e-15,1.4210854715202004e-14,-2.910246893771896e-17,0.0,0.0,0.0,0.0,0.0,0.0,0.0,0.0,-4.947951770528647e-17,2.910357166640771e-17,-9.887923813067799e-17,0.0,5.740418587602725e-17,9.887923813067799e-17,9.887923813067799e-17,6.032329492874931e-18,0.0,0.0,0.0,0.0,0.0,0.0,0.0,0.0,-2.4868995751603507e-17,2.760506537654815e-17,-5.551115123125783e-17,0.0,3.7155169009665e-17,5.551115123125783e-17,5.551115123125783e-17,-6.3236176109188545e-18,1.98112660182739e-15,2.3570466854053953e-15,0.0,4.794485396491904e-15,3.0790472048425472e-15,4.794485396491904e-15,4.794485396491904e-15,-1.340194752453269e-16,1.819651415549306e-16,9.155578981476647e-16,0.0,4.794485396491904e-15,9.334653596152755e-16,4.794485396491904e-15,4.794485396491904e-15,1.7704534072106455e-17,8.376448282002399e-16,9.298163284673291e-16,0.0,1.8728458580046497e-15,1.2514820265968957e-15,1.8728458580046497e-15,1.8728458580046497e-15,2.2062134072151583e-16,2.6968980355266964e-16,1.5819418006843714e-15,0.0,9.588970792983807e-15,1.6047655439012856e-15,9.588970792983807e-15,9.588970792983807e-15,2.5730883452729734e-16,1.9151728844339089,0.0017814587054486128,1.9142301201177525,1.921799689674356,1.9151737129738435,1.921799689674356,0.007569569556603595,-0.0038969134700436716,1.9151728844339089,1.921799689674356
5.4569682106375695e-15,7.023749122275266e-14,-4.547473508864641e-13,4.547473508864641e-13,7.044915666860865e-14,4.547473508864641e-13,9.094947017729282e-13,5.685703405095431e-15,-2.273736754432321e-16,4.750423253375671e-15,-2.8421709430404014e-14,2.8421709430404014e-14,4.755861633237121e-15,2.8421709430404014e-14,5.684341886080803e-14,3.1995696843808053e-16,-2.273736754432321e-16,3.587896080275528e-15,-2.8421709430404014e-14,2.8421709430404014e-14,3.5950934718225424e-15,2.8421709430404014e-14,5.684341886080803e-14,2.0967392825304058e-16,1.1368683772161608e-16,5.082958729442035e-15,-2.8421709430404014e-14,2.8421709430404014e-14,5.084229945850416e-15,2.8421709430404014e-14,5.684341886080803e-14,3.7577924803791666e-16,1.7763568394002505e-18,3.9680806025346054e-17,0.0,8.881784197001252e-16,3.972054645195637e-17,8.881784197001252e-16,8.881784197001252e-16,-1.4253402184409192e-18,8.587047965696706e-20,4.359884952867482e-17,-9.4542429440736e-17,9.90554209837069e-17,4.359893409205442e-17,9.90554209837069e-17,1.9359785042444289e-16,-2.349983316808395e-18,-3.2960301155071646e-15,4.1133555199319725e-14,-3.694822225952521e-13,1.9895196601282805e-13,4.1265399281453863e-14,3.694822225952521e-13,5.684341886080801e-13,4.9378571757079244e-15,2.1627144519698051e-16,2.854645061854969e-15,-2.4868995751603507e-14,2.8421709430404014e-14,2.8628258359845347e-15,2.8421709430404014e-14,5.329070518200752e-14,7.537337354390505e-16,-5.684341886080803e-17,1.2714930965615043e-15,-2.8421709430404014e-14,2.220446049250313e-16,1.2727630843449808e-15,2.8421709430404014e-14,2.8643754035329045e-14,1.4606546178828888e-16,5.906386491005834e-17,2.842303160588366e-15,-2.8421709430404014e-14,2.8421709430404014e-14,2.842916776275508e-15,2.8421709430404014e-14,5.684341886080803e-14,-1.5755859690788135e-16,5.684341886080802e-16,9.059350219620925e-15,-1.4210854715202004e-14,1.4210854715202004e-14,9.077166068136258e-15,1.4210854715202004e-14,2.842170943040401e-14,-8.917949545827308e-17,0.0,0.0,0.0,0.0,0.0,0.0,0.0,0.0,-7.105427357601002e-17,1.3832790794717044e-15,-7.105427357601002e-15,7.105427357601002e-15,1.3851027837303269e-15,7.105427357601002e-15,1.4210854715202004e-14,4.612145662059571e-17,0.0,0.0,0.0,0.0,0.0,0.0,0.0,0.0,-4.7500198219196934e-17,2.946580258126786e-17,-9.887923813067799e-17,0.0,5.589724816680381e-17,9.887923813067799e-17,9.887923813067799e-17,6.2472066774501115e-18,0.0,0.0,0.0,0.0,0.0,0.0,0.0,0.0,-2.5424107263916086e-17,2.7657480598923968e-17,-5.551115123125783e-17,0.0,3.7567558654335875e-17,5.551115123125783e-17,5.551115123125783e-17,-1.2564799500248697e-18,1.9561500417686968e-15,2.3563127599483416e-15,0.0,4.794485396491904e-15,3.0624716829069697e-15,4.794485396491904e-15,4.794485396491904e-15,-2.4644229127836285e-16,1.8219044506669237e-16,9.166875530839379e-16,0.0,4.794485396491904e-15,9.346172629759291e-16,4.794485396491904e-15,4.794485396491904e-15,-8.64729940972072e-17,8.577634029661297e-16,9.33113380530498e-16,0.0,1.8728458580046497e-15,1.2674614930612643e-15,1.8728458580046497e-15,1.8728458580046497e-15,4.23913613368712e-17,2.696898035526696e-16,1.5819418006843714e-15,0.0,9.588970792983807e-15,1.6047655439012854e-15,9.588970792983807e-15,9.588970792983807e-15,-3.8865476679646214e-16,1.9144198814328175,3.0205243297017308e-05,1.9142301201177525,1.914573198501215,1.9144198816711029,1.914573198501215,0.0003430783834625917,6.846192346950365e-06,1.9144198814328175,1.914573198501215
4.547473508864641e-15,7.318466004758686e-14,-4.547473508864641e-13,4.547473508864641e-13,7.33258070640527e-14,4.547473508864641e-13,9.094947017729282e-13,-5.990683664372553e-16,-5.684341886080803e-17,4.582510400024908e-15,-2.8421709430404014e-14,2.8421709430404014e-14,4.582862941503294e-15,2.8421709430404014e-14,5.684341886080803e-14,2.4303114411147876e-16,-1.7053025658242415e-16,3.809357378433222e-15,-2.8421709430404014e-14,2.8421709430404014e-14,3.8131724593878115e-15,2.8421709430404014e-14,5.684341886080803e-14,1.092619009240681e-15,1.705302565824241e-16,4.919829919822374e-15,-2.8421709430404014e-14,2.8421709430404014e-14,4.9227844771419245e-15,2.8421709430404014e-14,5.684341886080803e-14,6.174488731347644e-16,1.7763568394002505e-18,3.9680806025346054e-17,0.0,8.881784197001252e-16,3.972054645195637e-17,8.881784197001252e-16,8.881784197001252e-16,-5.68008713916008e-18,2.178175903993353e-19,3.755245318645863e-17,-9.4542429440736e-17,9.90554209837069e-17,3.755308489090948e-17,9.90554209837069e-17,1.9359785042444289e-16,-3.0675007608351094e-18,-3.863132036485695e-15,3.772204664311389e-14,-3.694822225952521e-13,1.9895196601282805e-13,3.791934324426759e-14,3.694822225952521e-13,5.684341886080801e-13,3.1592293651387425e-15,2.673417043297377e-16,2.624285282291983e-15,-2.220446049250313e-16,2.8421709430404014e-14,2.6378674776660486e-15,2.8421709430404014e-14,2.8643754035329045e-14,-1.5903180302918038e-16,-1.154631945610163e-16,1.794988590002577e-15,-2.8421709430404014e-14,2.220446049250313e-16,1.798698359241392e-15,2.8421709430404014e-14,2.8643754035329045e-14,-6.6693157982274745e-18,-5.639932965095797e-17,2.201687129045763e-15,-2.8421709430404014e-14,2.8421709430404014e-14,2.20240938487622e-15,2.8421709430404014e-14,5.684341886080803e-14,-2.9155121430862973e-16,2.2737367544323206e-16,9.1629052256439e-15,-1.4210854715202004e-14,1.4210854715202004e-14,9.165725883006587e-15,1.4210854715202004e-14,2.842170943040401e-14,1.0170547039287087e-15,0.0,0.0,0.0,0.0,0.0,0.0,0.0,0.0,-5.684341886080802e-17,1.2697857928110735e-15,-7.105427357601002e-15,7.105427357601002e-15,1.2710574864626038e-15,7.105427357601002e-15,1.4210854715202004e-14,3.09745575828355e-16,0.0,0.0,0.0,0.0,0.0,0.0,0.0,0.0,-4.8383172468469124e-17,2.90849875047606e-17,-9.887923813067799e-17,0.0,5.645235049371912e-17,9.887923813067799e-17,9.887923813067799e-17,-4.3299321214323984e-18,0.0,0.0,0.0,0.0,0.0,0.0,0.0,0.0,-2.5424107263916086e-17,2.7657480598923968e-17,-5.551115123125783e-17,0.0,3.7567558654335875e-17,5.551115123125783e-17,5.551115123125783e-17,3.482244432926098e-18,1.9945059249406324e-15,2.3631706763839874e-15,0.0,4.794485396491904e-15,3.092350162957688e-15,4.794485396491904e-15,4.794485396491904e-15,3.431358650231804e-16,1.5342353268774095e-16,8.438294297825751e-16,0.0,4.794485396491904e-15,8.576636210948744e-16,4.794485396491904e-15,4.794485396491904e-15,1.9752131453810937e-17,8.577634029661297e-16,9.33113380530498e-16,0.0,1.8728458580046497e-15,1.2674614930612643e-15,1.8728458580046497e-15,1.8728458580046497e-15,-1.17484629990759e-16,2.5051186196670194e-16,1.5259814992880392e-15,0.0,9.588970792983807e-15,1.5464073619701232e-15,9.588970792983807e-15,9.588970792983807e-15,-1.740225941966205e-16,1.914421125789108,2.560990526136516e-06,1.9144081434931792,1.9144372438336883,1.9144211257908208,1.9144372438336883,2.910034050906951e-05,-5.721680013228259e-07,1.914421125789108,1.9144372438336883
5.4569682106375695e-15,7.023749122275266e-14,-4.547473508864641e-13,4.547473508864641e-13,7.044915666860865e-14,4.547473508864641e-13,9.094947017729282e-13,5.184664407711544e-15,-2.842170943040402e-16,4.5740412529741794e-15,-2.8421709430404014e-14,2.8421709430404014e-14,4.582862941503294e-15,2.8421709430404014e-14,5.684341886080803e-14,-4.1730557798413565e-16,0.0,3.5950934718225424e-15,-2.8421709430404014e-14,2.8421709430404014e-14,3.5950934718225424e-15,2.8421709430404014e-14,5.684341886080803e-14,9.462557151679417e-16,2.273736754432321e-16,4.750423253375671e-15,-2.8421709430404014e-14,2.8421709430404014e-14,4.755861633237122e-15,2.8421709430404014e-14,5.684341886080803e-14,-5.854531762909566e-17,1.7763568394002505e-18,3.9680806025346054e-17,0.0,8.881784197001252e-16,3.972054645195637e-17,8.881784197001252e-16,8.881784197001252e-16,-9.934834059879234e-18,-7.599159322636102e-19,2.644033607685008e-17,-9.4542429440736e-17,9.90554209837069e-17,2.6451254111684155e-17,9.90554209837069e-17,1.9359785042444289e-16,3.896275847492245e-18,-1.5920598173124743e-15,3.7284121219104977e-14,-3.694822225952521e-13,2.842170943040401e-13,3.731809681029854e-14,3.694822225952521e-13,6.536993168992922e-13,1.0273506596334835e-14,2.1493917756743032e-16,2.9535352745586642e-15,-2.8421709430404014e-14,2.8421709430404014e-14,2.9613458879563e-15,2.8421709430404014e-14,5.684341886080803e-14,-5.362789387547449e-16,-1.7763568394002505e-18,1.798697482094767e-15,-2.8421709430404014e-14,2.8421709430404014e-14,1.798698359241392e-15,2.8421709430404014e-14,5.684341886080803e-14,1.6974312840209102e-16,3.996802888650563e-18,1.798556858995173e-15,-2.8421709430404014e-14,2.8421709430404014e-14,1.798561299892754e-15,2.8421709430404014e-14,5.684341886080803e-14,-4.970235799774598e-16,5.400124791776761e-16,9.038773897348216e-15,-1.4210854715202004e-14,1.4210854715202004e-14,9.054890780404316e-15,1.4210854715202004e-14,2.842170943040401e-14,-7.832138131659844e-16,0.0,0.0,0.0,0.0,0.0,0.0,0.0,0.0,-1.4210854715202004e-17,1.2306140701424659e-15,-7.105427357601002e-15,7.105427357601002e-15,1.230696119285481e-15,7.105427357601002e-15,1.4210854715202004e-14,1.992923457664855e-16,0.0,0.0,0.0,0.0,0.0,0.0,0.0,0.0,-4.7840204020488385e-17,2.9030529525963847e-17,-9.887923813067799e-17,0.0,5.595942070178901e-17,9.887923813067799e-17,9.887923813067799e-17,-5.6378305217931714e-18,0.0,0.0,0.0,0.0,0.0,0.0,0.0,0.0,-2.5757174171303633e-17,2.768353968375816e-17,-5.551115123125783e-17,0.0,3.7812833677378426e-17,5.551115123125783e-17,5.551115123125783e-17,3.5234622937205604e-18,1.946561070975713e-15,2.354497531350284e-15,0.0,4.794485396491904e-15,3.054956403645181e-15,4.794485396491904e-15,4.794485396491904e-15,-3.303888499570596e-16,1.4383456189475712e-16,8.178779403552631e-16,0.0,4.794485396491904e-15,8.304292302870992e-16,4.794485396491904e-15,4.794485396491904e-15,-6.763956643194578e-17,8.690004781141575e-16,9.339925669284128e-16,0.0,1.8728458580046497e-15,1.2757366287914445e-15,1.8728458580046497e-15,1.8728458580046497e-15,-1.1887524607694148e-16,2.50511861966702e-16,1.5259814992880392e-15,0.0,9.588970792983807e-15,1.5464073619701234e-15,9.588970792983807e-15,9.588970792983807e-15,8.35589805179021e-17,1.9144210265692871,2.078874052151555e-07,1.9144196559372837,1.914422130447095,1.9144210265692985,1.914422130447095,2.4745098112788355e-06,2.416472142604434e-08,1.9144210265692871,1.914422130447095
5.4569682106375695e-15,7.023749122275266e-14,-4.547473508864641e-13,4.547473508864641e-13,7.044915666860865e-14,4.547473508864641e-13,9.094947017729282e-13,-8.278035608951179e-15,-2.842170943040402e-16,4.9145729877268965e-15,-2.8421709430404014e-14,2.8421709430404014e-14,4.9227844771419245e-15,2.8421709430404014e-14,5.684341886080803e-14,2.1716228283350455e-16,1.1368683772161606e-16,3.593295475475114e-15,-2.8421709430404014e-14,2.8421709430404014e-14,3.5950934718225424e-15,2.8421709430404014e-14,5.684341886080803e-14,1.865281050043282e-16,2.2737367544323216e-16,5.387844617449805e-15,-2.8421709430404014e-14,2.8421709430404014e-14,5.392640207733813e-15,2.8421709430404014e-14,5.684341886080803e-14,-4.22070894535341e-16,0.0,0.0,0.0,0.0,0.0,0.0,0.0,0.0,-1.3762454830554573e-19,5.8934701769563495e-18,-8.077306185017008e-17,8.851155485628537e-17,5.895076864890755e-18,8.851155485628537e-17,1.6928461670645545e-16,7.679686666790591e-19,-2.3883117705736368e-15,4.174165287208146e-14,-3.694822225952521e-13,2.842170943040401e-13,4.180992247788564e-14,3.694822225952521e-13,6.536993168992922e-13,-6.442027217722468e-15,5.1514348342607266e-17,2.7441171724017693e-15,-2.8421709430404014e-14,2.8421709430404014e-14,2.744600660197298e-15,2.8421709430404014e-14,5.684341886080803e-14,-5.816345409296112e-16,5.551115123125784e-17,2.2017992735788704e-15,-2.8421709430404014e-14,2.8421709430404014e-14,2.202498928272943e-15,2.8421709430404014e-14,5.684341886080803e-14,4.1108832904623467e-16,-5.195843755245734e-17,1.2715082192312767e-15,-2.8421709430404014e-14,2.220446049250313e-16,1.2725693815291901e-15,2.8421709430404014e-14,2.8643754035329045e-14,-4.566938976026923e-17,4.263256414560601e-16,8.864429999988882e-15,-1.4210854715202004e-14,1.4210854715202004e-14,8.874675925196695e-15,1.4210854715202004e-14,2.842170943040401e-14,-9.59530525560584e-16,0.0,0.0,0.0,0.0,0.0,0.0,0.0,0.0,1.4210854715202004e-17,1.3850298816652887e-15,-7.105427357601002e-15,7.105427357601002e-15,1.3851027837303269e-15,7.105427357601002e-15,1.4210854715202004e-14,4.06583615743923e-16,0.0,0.0,0.0,0.0,0.0,0.0,0.0,0.0,-4.852888924045118e-17,2.8970758486413066e-17,-9.887923813067799e-17,0.0,5.651865124178082e-17,9.887923813067799e-17,9.887923813067799e-17,3.726539203632822e-18,0.0,0.0,0.0,0.0,0.0,0.0,0.0,0.0,-2.5646151868841117e-17,2.7675301429458398e-17,-5.551115123125783e-17,0.0,3.77312524956573e-17,5.551115123125783e-17,5.551115123125783e-17,4.099182736430375e-18,1.8698493046318425e-15,2.3385099449576277e-15,0.0,4.794485396491904e-15,2.9941551704442295e-15,4.794485396491904e-15,4.794485396491904e-15,-2.1715860801835177e-16,1.8219044506669237e-16,9.166875530839379e-16,0.0,4.794485396491904e-15,9.346172629759291e-16,4.794485396491904e-15,4.794485396491904e-15,2.171586080183517e-16,8.652547863981482e-16,9.337146231261267e-16,0.0,1.8728458580046497e-15,1.2729842272488964e-15,1.8728458580046497e-15,1.8728458580046497e-15,-1.3829901270007973e-16,2.876691237895142e-16,1.6357558807105262e-15,0.0,9.588970792983807e-15,1.660858460574198e-15,9.588970792983807e-15,9.588970792983807e-15,1.283888544497715e-16,1.9144210303851827,1.602789865654674e-08,1.9144209366641567,1.9144211326537872,1.9144210303851827,1.9144211326537872,1.9598963052480656e-07,8.147249913468459e-10,1.9144210303851827,1.9144211326537872
2.7284841053187848e-15,7.327502545944084e-14,-4.547473508864641e-13,4.547473508864641e-13,7.33258070640527e-14,4.547473508864641e-13,9.094947017729282e-13,-1.1709063525819135e-14,-5.684341886080804e-17,4.582510400024908e-15,-2.8421709430404014e-14,2.8421709430404014e-14,4.582862941503294e-15,2.8421709430404014e-14,5.684341886080803e-14,7.399855844514767e-16,0.0,3.5950934718225424e-15,-2.8421709430404014e-14,2.8421709430404014e-14,3.5950934718225424e-15,2.8421709430404014e-14,5.684341886080803e-14,9.53063310241089e-17,2.842170943040402e-16,4.914572987726895e-15,-2.8421709430404014e-14,2.8421709430404014e-14,4.9227844771419245e-15,2.8421709430404014e-14,5.684341886080803e-14,6.269795062371752e-16,0.0,0.0,0.0,0.0,0.0,0.0,0.0,0.0,1.2589204246916918e-24,3.67837306066581e-23,-4.235164736271503e-22,4.235164736271503e-22,3.6805267530326433e-23,4.235164736271503e-22,8.470329472543005e-22,-5.060350650142121e-24,-1.7053025658242406e-15,5.200788518179525e-14,-3.694822225952521e-13,3.694822225952521e-13,5.20358355167264e-14,3.694822225952521e-13,7.389644451905042e-13,-2.5429345921062243e-15,9.636735853746359e-17,3.2300403956388076e-15,-2.8421709430404014e-14,2.8421709430404014e-14,3.2314776225822753e-15,2.8421709430404014e-14,5.684341886080803e-14,-4.844720765613386e-16,5.5067062021407776e-17,2.201877601176607e-15,-2.8421709430404014e-14,2.8421709430404014e-14,2.2025660834315324e-15,2.8421709430404014e-14,5.684341886080803e-14,2.928329568184963e-16,-1.1146639167236574e-16,1.7953785308761443e-15,-2.8421709430404014e-14,2.220446049250313e-16,1.7988354081470153e-15,2.8421709430404014e-14,2.8643754035329045e-14,-1.856399265846279e-16,8.526512829121202e-17,8.596850657856364e-15,-1.4210854715202004e-14,1.4210854715202004e-14,8.597273484982778e-15,1.4210854715202004e-14,2.842170943040401e-14,-1.171246732335571e-15,0.0,0.0,0.0,0.0,0.0,0.0,0.0,0.0,2.842170943040401e-17,1.4901760015298271e-15,-7.105427357601002e-15,7.105427357601002e-15,1.490447016536438e-15,7.105427357601002e-15,1.4210854715202004e-14,-7.454316605099973e-17,0.0,0.0,0.0,0.0,0.0,0.0,0.0,0.0,-4.813163756445249e-17,2.8181194685665187e-17,-9.887923813067799e-17,0.0,5.577485337091598e-17,9.887923813067799e-17,9.887923813067799e-17,-3.8849495809320247e-20,0.0,0.0,0.0,0.0,0.0,0.0,0.0,0.0,-2.5757174171303633e-17,2.7683539683758163e-17,-5.551115123125783e-17,0.0,3.7812833677378426e-17,5.551115123125783e-17,5.551115123125783e-17,-2.69644586100575e-18,1.7547816551160369e-15,2.3095489521449755e-15,0.0,4.794485396491904e-15,2.9005646035704384e-15,4.794485396491904e-15,4.794485396491904e-15,-7.456429623813628e-16,2.109573574456438e-16,9.833254613276385e-16,0.0,4.794485396491904e-15,1.0056997412526575e-15,4.794485396491904e-15,4.794485396491904e-15,2.9008072123445623e-16,8.690004781141575e-16,9.339925669284128e-16,0.0,1.8728458580046497e-15,1.2757366287914445e-15,1.8728458580046497e-15,1.8728458580046497e-15,9.097320718642933e-17,2.4931324061757905e-16,1.5259424270393919e-15,0.0,9.588970792983807e-15,1.5461750814788437e-15,9.588970792983807e-15,9.588970792983807e-15,2.243934003531778e-16,1.9144210305716538,1.2726052127612184e-09,1.9144210241079096,1.9144210385349072,1.9144210305716538,1.9144210385349072,1.4426997596572733e-08,-2.5598198831312065e-10,1.9144210305716538,1.9144210385349072
-1.8189894035458565e-15,7.042566970123859e-14,-4.547473508864641e-13,4.547473508864641e-13,7.044915666860865e-14,4.547473508864641e-13,9.094947017729282e-13,-1.6142169437454843e-14,-5.684341886080802e-17,4.582510400024907e-15,-2.8421709430404014e-14,2.8421709430404014e-14,4.582862941503294e-15,2.8421709430404014e-14,5.684341886080803e-14,8.761374859144901e-16,-1.705302565824241e-16,4.212170213133473e-15,-2.8421709430404014e-14,2.8421709430404014e-14,4.215620769568695e-15,2.8421709430404014e-14,5.684341886080803e-14,-1.4929055995419399e-15,1.705302565824241e-16,4.919829919822374e-15,-2.8421709430404014e-14,2.8421709430404014e-14,4.9227844771419245e-15,2.8421709430404014e-14,5.684341886080803e-14,9.871012856068425e-17,3.552713678800501e-18,9.723018609551565e-17,-8.881784197001252e-16,8.881784197001252e-16,9.729507111180988e-17,8.881784197001252e-16,1.7763568394002505e-15,1.5572373729832134e-17,-3.0276940974973636e-25,7.04108329457941e-24,-5.293955920339377e-23,5.293955920339377e-23,7.047589891351898e-24,5.293955920339377e-23,1.0587911840678754e-22,1.389150341107818e-24,-9.636735853746358e-16,5.3572134682618217e-14,-3.694822225952521e-13,3.694822225952521e-13,5.35808014239404e-14,3.694822225952521e-13,7.389644451905042e-13,9.185200836785042e-15,5.1514348342607254e-17,3.061689763284009e-15,-2.8421709430404014e-14,2.8421709430404014e-14,3.062123109001866e-15,2.8421709430404014e-14,5.684341886080803e-14,3.375077994860474e-16,1.154631945610163e-16,2.5404231835864715e-15,-2.8421709430404014e-14,2.8421709430404014e-14,2.54304575283298e-15,2.8421709430404014e-14,5.684341886080803e-14,4.469186165523407e-16,-5.24025267623074e-17,2.202211301948493e-15,-2.8421709430404014e-14,2.8421709430404014e-14,2.2028346835931087e-15,2.8421709430404014e-14,5.684341886080803e-14,4.068495374264683e-16,-1.4210854715202004e-16,8.40605390588408e-15,-1.4210854715202004e-14,1.4210854715202004e-14,8.407255028117242e-15,1.4210854715202004e-14,2.842170943040401e-14,-9.513614114728046e-16,0.0,0.0,0.0,0.0,0.0,0.0,0.0,0.0,0.0,1.4210854715202005e-15,-7.105427357601002e-15,7.105427357601002e-15,1.4210854715202005e-15,7.105427357601002e-15,1.4210854715202004e-14,-1.0075240708262978e-16,0.0,0.0,0.0,0.0,0.0,0.0,0.0,0.0,-4.5035156159833886e-17,2.954188643337367e-17,-9.887923813067799e-17,0.0,5.385989551032356e-17,9.887923813067799e-17,9.887923813067799e-17,2.680276576199151e-17,0.0,0.0,0.0,0.0,0.0,0.0,0.0,0.0,-2.5424107263916086e-17,2.7657480598923968e-17,-5.551115123125783e-17,0.0,3.7567558654335875e-17,5.551115123125783e-17,5.551115123125783e-17,1.9505355414672105e-18,1.6780698887721663e-15,2.2868237851673474e-15,0.0,4.794485396491904e-15,2.8364558124552104e-15,4.794485396491904e-15,4.794485396491904e-15,-9.84276271457058e-16,1.9177941585967617e-16,9.395234240504526e-16,0.0,4.794485396491904e-15,9.588970792983808e-16,4.794485396491904e-15,4.794485396491904e-15,3.8585559119072605e-17,8.577634029661296e-16,9.33113380530498e-16,0.0,1.8728458580046497e-15,1.2674614930612643e-15,1.8728458580046497e-15,1.8728458580046497e-15,-6.580754188485789e-17,2.565049687123168e-16,1.526162724950299e-15,0.0,9.588970792983807e-15,1.5475682414684754e-15,9.588970792983807e-15,9.588970792983807e-15,-3.3647526255619827e-16,1.9144210305242535,1.0745101771249243e-10,1.914421029845924,1.9144210310755163,1.9144210305242533,1.9144210310755163,1.229592205831409e-09,2.557949514231147e-11,1.9144210305242535,1.9144210310755163
-3.456079866737127e-14,1.3353166397597639e-13,-4.547473508864641e-13,4.547473508864641e-13,1.3793170081137853e-13,4.547473508864641e-13,9.094947017729282e-13,-1.7623502125372424e-13,-1.1368683772161606e-16,4.017828597869151e-15,-2.8421709430404014e-14,2.8421709430404014e-14,4.019436694230465e-15,2.8421709430404014e-14,5.684341886080803e-14,1.4268719273323774e-15,-2.842170943040402e-16,4.206028901009161e-15,-2.8421709430404014e-14,2.8421709430404014e-14,4.215620769568695e-15,2.8421709430404014e-14,5.684341886080803e-14,-9.619131838361887e-16,1.1368683772161608e-16,4.401604356327413e-15,-2.8421709430404014e-14,2.8421709430404014e-14,4.403072291788041e-15,2.8421709430404014e-14,5.684341886080803e-14,6.8075950731504786e-18,-1.7763568394002505e-18,1.1914839843807103e-16,-8.881784197001252e-16,8.881784197001252e-16,1.191616393558691e-16,8.881784197001252e-16,1.7763568394002505e-15,-1.2913156904382651e-17,-9.121857393447466e-27,1.0430371924564203e-24,-1.3234889800848446e-23,6.617444900424223e-24,1.0430770791891065e-24,1.3234889800848446e-23,1.985233470127267e-23,3.4075538164386873e-26,4.725109192804668e-16,5.115696423836517e-14,-3.694822225952521e-13,3.694822225952521e-13,5.11591463636192e-14,3.694822225952521e-13,7.389644451905042e-13,3.0037768679566146e-15,6.661338147750938e-17,3.061913786459748e-15,-2.8421709430404014e-14,2.8421709430404014e-14,3.0626383035389826e-15,2.8421709430404014e-14,5.684341886080803e-14,3.0361874026251853e-16,1.9095836023552697e-16,2.1950364268927906e-15,-2.220446049250313e-16,2.8421709430404014e-14,2.2033270321788614e-15,2.8421709430404014e-14,2.8643754035329045e-14,-1.4957562799788234e-16,2.3092638912203255e-17,1.799865462471313e-15,-2.8421709430404014e-14,2.8421709430404014e-14,1.8000135979955825e-15,2.8421709430404014e-14,5.684341886080803e-14,2.5959274650037794e-16,6.252776074688881e-16,8.550920564811296e-15,-1.4210854715202004e-14,1.4210854715202004e-14,8.573751488824176e-15,1.4210854715202004e-14,2.842170943040401e-14,3.813614759978997e-15,0.0,0.0,0.0,0.0,0.0,0.0,0.0,0.0,4.263256414560601e-17,1.4555550754638076e-15,-7.105427357601002e-15,7.105427357601002e-15,1.4561792860887975e-15,7.105427357601002e-15,1.4210854715202004e-14,2.7451627132480024e-16,0.0,0.0,0.0,0.0,0.0,0.0,0.0,0.0,-3.615684140978459e-17,2.966244505621112e-17,-9.887923813067799e-17,0.0,4.67672730383658e-17,9.887923813067799e-17,9.887923813067799e-17,4.637277338573214e-17,0.0,0.0,0.0,0.0,0.0,0.0,0.0,0.0,-2.5202062658991054e-17,2.7637864413430666e-17,-5.551115123125783e-17,0.0,3.740314841832019e-17,5.551115123125783e-17,5.551115123125783e-17,5.830332889797975e-18,1.745192684323053e-15,2.3068600593960356e-15,0.0,4.794485396491904e-15,2.8926287074305586e-15,4.794485396491904e-15,4.794485396491904e-15,9.499397173600232e-16,2.0136838665266e-16,9.617216655447762e-16,0.0,4.794485396491904e-15,9.825771161192966e-16,4.794485396491904e-15,4.794485396491904e-15,-1.3895394801808856e-17,8.50272019534111e-16,9.32451565905218e-16,0.0,1.8728458580046497e-15,1.2619145890121519e-15,1.8728458580046497e-15,1.8728458580046497e-15,-1.9670488831976974e-16,2.0256700800178294e-16,1.3432791756618266e-15,0.0,9.588970792983807e-15,1.358466906662621e-15,9.588970792983807e-15,9.588970792983807e-15,-5.664526593741524e-16,1.9144210305287577,8.900074150430076e-12,1.914421030481944,1.9144210305866924,1.9144210305287575,1.9144210305866924,1.047484321503589e-10,-1.4165293875449372e-12,1.9144210305287577,1.9144210305866924
-7.457856554538012e-14,1.7322472081366916e-13,-4.547473508864641e-13,4.547473508864641e-13,1.885968354447661e-13,4.547473508864641e-13,9.094947017729282e-13,-2.640257673170752e-13,1.1368683772161606e-16,3.1113659550565016e-15,-2.8421709430404014e-14,2.8421709430404014e-14,3.113442275577917e-15,2.8421709430404014e-14,5.684341886080803e-14,-1.3615190146301313e-16,-3.410605131648482e-16,4.004940581991955e-15,-2.8421709430404014e-14,2.8421709430404014e-14,4.019436694230465e-15,2.8421709430404014e-14,5.684341886080803e-14,1.4840557259468447e-16,1.1368683772161608e-16,4.017828597869151e-15,-2.8421709430404014e-14,2.8421709430404014e-14,4.019436694230465e-15,2.8421709430404014e-14,5.684341886080803e-14,-2.4643494164805403e-16,-1.7763568394002505e-18,1.1914839843807103e-16,-8.881784197001252e-16,8.881784197001252e-16,1.191616393558691e-16,8.881784197001252e-16,1.7763568394002505e-15,-8.658409983663495e-18,-5.605986380411565e-27,8.938111955982965e-26,-8.271806125530277e-25,8.271806125530277e-25,8.955675081793624e-26,8.271806125530277e-25,1.6543612251060553e-24,2.9097392404079556e-26,-6.465938895416912e-16,4.846292678499705e-14,-3.694822225952521e-13,3.694822225952521e-13,4.8467240031035157e-14,3.694822225952521e-13,7.389644451905042e-13,9.564426429828737e-15,8.215650382226158e-17,2.478768768910766e-15,-2.8421709430404014e-14,2.8421709430404014e-14,2.4801298959626465e-15,2.8421709430404014e-14,5.684341886080803e-14,3.5519159137528646e-16,1.5232259897857151e-16,1.7941342030867195e-15,-2.220446049250313e-16,2.8421709430404014e-14,1.800588712850663e-15,2.8421709430404014e-14,2.8643754035329045e-14,-1.4631542816988115e-16,3.907985046680551e-17,1.8004110493581932e-15,-2.8421709430404014e-14,2.8421709430404014e-14,1.8008351344205777e-15,2.8421709430404014e-14,5.684341886080803e-14,3.1731902534723515e-16,3.3821834222180767e-15,9.440928682247822e-15,-1.4210854715202004e-14,1.4210854715202004e-14,1.0028474414626402e-14,1.4210854715202004e-14,2.842170943040401e-14,1.656662299026579e-14,0.0,0.0,0.0,0.0,0.0,0.0,0.0,0.0,1.4210854715202004e-17,1.5887583039328232e-15,-7.105427357601002e-15,7.105427357601002e-15,1.5888218580782547e-15,7.105427357601002e-15,1.4210854715202004e-14,5.939626701323957e-17,0.0,0.0,0.0,0.0,0.0,0.0,0.0,0.0,-2.872528603869995e-17,2.790220713617976e-17,-9.887923813067799e-17,0.0,4.004591391235079e-17,9.887923813067799e-17,9.887923813067799e-17,5.499058876254464e-17,0.0,0.0,0.0,0.0,0.0,0.0,0.0,0.0,-2.4868995751603507e-17,2.760506537654815e-17,-5.551115123125783e-17,0.0,3.7155169009665e-17,5.551115123125783e-17,5.551115123125783e-17,3.4463450057825244e-18,2.3876537274529683e-15,2.397223520227654e-15,0.0,4.794485396491904e-15,3.383425915865858e-15,4.794485396491904e-15,4.794485396491904e-15,3.6413973038889045e-15,2.397242698245952e-16,1.0449338664794874e-15,0.0,4.794485396491904e-15,1.072079526368593e-15,4.794485396491904e-15,4.794485396491904e-15,-9.81864674012114e-17,8.39034944386083e-16,9.313449857135002e-16,0.0,1.8728458580046497e-15,1.253548212201923e-15,1.8728458580046497e-15,1.8728458580046497e-15,-1.1627344823827624e-16,1.2585524165791249e-16,1.0459473732913938e-15,0.0,9.588970792983807e-15,1.0534920263333454e-15,9.588970792983807e-15,9.588970792983807e-15,-4.3243674421951653e-16,1.9144210305285227,6.934800949037637e-13,1.9144210305237896,1.9144210305324871,1.914421030528523,1.9144210305324871,8.697487174913476e-12,4.675922250148337e-15,1.9144210305285227,1.9144210305324871
-1.1459633242338896e-13,1.99517517522903e-13,-4.547473508864641e-13,4.547473508864641e-13,2.3008598219664266e-13,4.547473508864641e-13,9.094947017729282e-13,-2.755278799526705e-13,1.1368683772161606e-16,1.793948040137764e-15,0.0,2.8421709430404014e-14,1.7975467359112712e-15,2.8421709430404014e-14,2.8421709430404014e-14,-4.3977064172553233e-16,-3.410605131648482e-16,3.578878986149266e-15,-2.8421709430404014e-14,2.8421709430404014e-14,3.5950934718225424e-15,2.8421709430404014e-14,5.684341886080803e-14,8.768182454218052e-16,1.1368683772161606e-16,3.1113659550565016e-15,-2.8421709430404014e-14,2.8421709430404014e-14,3.113442275577917e-15,2.8421709430404014e-14,5.684341886080803e-14,-6.998207735198883e-16,-1.7763568394002505e-18,1.19148398438071e-16,-8.881784197001252e-16,8.881784197001252e-16,1.191616393558691e-16,8.881784197001252e-16,1.7763568394002505e-15,-4.403663062944329e-18,-1.3899098061270052e-28,5.9798601760167015e-27,-5.169878828456423e-26,5.169878828456423e-26,5.981475254266473e-27,5.169878828456423e-26,1.0339757656912846e-25,8.71050575160332e-28,1.5876189252139737e-15,3.782218630748278e-14,-3.1263880373444413e-13,3.694822225952521e-13,3.785549248034736e-14,3.694822225952521e-13,6.821210263296962e-13,-4.741942035309762e-15,1.5454304502782178e-16,2.124673155980398e-15,-2.131628207280301e-14,2.8421709430404014e-14,2.130286265390212e-15,2.8421709430404014e-14,4.9737991503207026e-14,-2.045575950808751e-16,1.1546319456101628e-16,1.2714763450865615e-15,-2.220446049250313e-16,2.8421709430404014e-14,1.2767082068401207e-15,2.8421709430404014e-14,2.8643754035329045e-14,1.3445000269472519e-17,5.728750807065808e-17,1.800827413723112e-15,-2.8421709430404014e-14,2.8421709430404014e-14,1.801738391830961e-15,2.8421709430404014e-14,5.684341886080803e-14,3.2633377038550876e-16,6.1959326558280736e-15,9.360887509636498e-15,-1.4210854715202004e-14,1.4210854715202004e-14,1.122567576779346e-14,1.4210854715202004e-14,2.842170943040401e-14,2.2219990318763755e-14,0.0,0.0,0.0,0.0,0.0,0.0,0.0,0.0,-5.684341886080802e-17,1.4199481480314712e-15,-7.105427357601002e-15,7.105427357601002e-15,1.4210854715202005e-15,7.105427357601002e-15,1.4210854715202004e-14,5.786455812178062e-18,0.0,0.0,0.0,0.0,0.0,0.0,0.0,0.0,-2.1569551700295618e-17,2.4133716147137924e-17,-9.887923813067799e-17,0.0,3.2367913365281235e-17,9.887923813067799e-17,9.887923813067799e-17,4.806426381316394e-17,0.0,0.0,0.0,0.0,0.0,0.0,0.0,0.0,-2.4646951146678476e-17,2.7580943270053998e-17,-5.551115123125783e-17,0.0,3.6988925808851116e-17,5.551115123125783e-17,5.551115123125783e-17,3.84522752959993e-18,2.991758887410948e-15,2.3223529135586314e-15,0.0,4.794485396491904e-15,3.787340002629373e-15,4.794485396491904e-15,4.794485396491904e-15,5.0944421834532635e-15,1.9177941585967617e-16,9.395234240504526e-16,0.0,4.794485396491904e-15,9.588970792983808e-16,4.794485396491904e-15,4.794485396491904e-15,-6.890278414120136e-19,8.315435609540644e-16,9.305311494620104e-16,0.0,1.8728458580046497e-15,1.2479394672351928e-15,1.8728458580046497e-15,1.8728458580046497e-15,-1.2973102326585447e-16,4.914347531404201e-17,6.097897026290494e-16,0.0,9.588970792983807e-15,6.117667550614091e-16,9.588970792983807e-15,9.588970792983807e-15,-1.675055391965989e-16,1.9144210305285219,5.409861963435092e-14,1.9144210305281852,1.9144210305287928,1.914421030528522,1.9144210305287928,6.075140390748857e-13,6.601302000209417e-15,1.9144210305285219,1.9144210305287928
-1.5552359400317074e-13,2.157228640678145e-13,-4.547473508864641e-13,0.0,2.6593973447622277e-13,4.547473508864641e-13,4.547473508864641e-13,-2.0822527202147378e-13,0.0,0.0,0.0,0.0,0.0,0.0,0.0,0.0,-2.842170943040402e-16,2.8279243824346744e-15,-2.8421709430404014e-14,0.0,2.8421709430404013e-15,2.8421709430404014e-14,2.8421709430404014e-14,1.2410245818353651e-15,-5.684341886080803e-17,2.200802178163706e-15,-2.8421709430404014e-14,2.8421709430404014e-14,2.2015361458940206e-15,2.8421709430404014e-14,5.684341886080803e-14,2.6209241031630033e-16,-1.7763568394002505e-18,1.1914839843807103e-16,-8.881784197001252e-16,8.881784197001252e-16,1.191616393558691e-16,8.881784197001252e-16,1.7763568394002505e-15,-1.489161422251817e-19,2.5874637691249185e-29,4.492450197003873e-28,-3.2311742677852644e-27,6.462348535570529e-27,4.499895383242313e-28,6.462348535570529e-27,9.693522803355793e-27,-1.4442907592790645e-28,1.3180567748349858e-15,1.981114754402157e-14,-2.8421709430404014e-14,3.694822225952521e-13,1.9854944992940182e-14,3.694822225952521e-13,3.979039320256561e-13,-5.846724302310046e-15,1.256772463875677e-16,1.2711669459897663e-15,-2.220446049250313e-16,2.8421709430404014e-14,1.2773645426566807e-15,2.8421709430404014e-14,2.8643754035329045e-14,-1.595264173587139e-16,1.341149413747189e-16,1.2709640776828277e-15,-2.220446049250313e-16,2.8421709430404014e-14,1.2780205414077293e-15,2.8421709430404014e-14,2.8643754035329045e-14,-1.6409495186483623e-16,1.354472090042691e-16,1.2710167567340814e-15,-2.220446049250313e-16,2.8421709430404014e-14,1.278213418144978e-15,2.8421709430404014e-14,2.8643754035329045e-14,-1.4830452235531757e-16,9.180212146020495e-15,8.439429281131728e-15,-1.4210854715202004e-14,1.4210854715202004e-14,1.24699744040301e-14,1.4210854715202004e-14,2.842170943040401e-14,1.9932978753938787e-14,0.0,0.0,0.0,0.0,0.0,0.0,0.0,0.0,-4.263256414560601e-17,1.3844465269456496e-15,-7.105427357601002e-15,7.105427357601002e-15,1.3851027837303269e-15,7.105427357601002e-15,1.4210854715202004e-14,-1.0977247055455441e-16,0.0,0.0,0.0,0.0,0.0,0.0,0.0,0.0,-1.3806664145299407e-17,1.5362621291480203e-17,-9.887923813067799e-17,0.0,2.065512303924954e-17,9.887923813067799e-17,9.887923813067799e-17,1.961199416439872e-17,0.0,0.0,0.0,0.0,0.0,0.0,0.0,0.0,-2.3536728122053318e-17,2.7433069525316433e-17,-5.551115123125783e-17,0.0,3.6146242879064217e-17,5.551115123125783e-17,5.551115123125783e-17,-9.440219730345668e-19,3.6917537552987655e-15,2.0176753151737617e-15,0.0,4.794485396491904e-15,4.207143861008806e-15,4.794485396491904e-15,4.794485396491904e-15,4.395423438340781e-15,1.8219044506669237e-16,9.166875530839379e-16,0.0,4.794485396491904e-15,9.346172629759293e-16,4.794485396491904e-15,4.794485396491904e-15,1.5583513013268295e-16,7.940866437939715e-16,9.255421567245762e-16,0.0,1.8728458580046497e-15,1.2195088690642447e-15,1.8728458580046497e-15,1.8728458580046497e-15,3.184959423193489e-17,1.0787592142106784e-17,7.967902471388425e-17,0.0,5.993106745614879e-16,8.040596447764446e-17,5.993106745614879e-16,5.993106745614879e-16,-4.4973421398829716e-17,1.9144210305285234,4.3744703249222075e-15,1.9144210305285003,1.914421030528552,1.9144210305285239,1.914421030528552,5.1736392947532295e-14,-8.251627500261771e-16,1.9144210305285234,1.914421030528552
-1.9190338207408785e-13,2.245899520745999e-13,-4.547473508864641e-13,0.0,2.9541082347189723e-13,4.547473508864641e-13,4.547473508864641e-13,-4.660751890881873e-14,0.0,0.0,0.0,0.0,0.0,0.0,0.0,0.0,-5.684341886080803e-17,1.269785792811074e-15,-2.8421709430404014e-14,0.0,1.271057486462604e-15,2.8421709430404014e-14,2.8421709430404014e-14,3.2472228498928634e-16,0.0,0.0,0.0,0.0,0.0,0.0,0.0,0.0,-5.3290705182007515e-18,6.859130002221942e-17,-8.881784197001252e-16,0.0,6.879800455918813e-17,8.881784197001252e-16,8.881784197001252e-16,3.1080926255853475e-17,-9.34011311781678e-31,5.14072401535295e-29,-4.0389678347315804e-28,1.0097419586828951e-28,5.141572441708073e-29,4.0389678347315804e-28,5.048709793414476e-28,1.0151534500183514e-29,2.5313084961453567e-16,3.807170864835659e-15,0.0,8.526512829121202e-14,3.815576656428236e-15,8.526512829121202e-14,8.526512829121202e-14,-9.624982115377862e-16,8.304468224196171e-17,1.0743930570732836e-16,0.0,2.220446049250313e-16,1.3579257586311982e-16,2.220446049250313e-16,2.220446049250313e-16,7.259661933477016e-18,9.50350909079134e-17,1.0986519335434085e-16,0.0,2.220446049250313e-16,1.4526537514033435e-16,2.220446049250313e-16,2.220446049250313e-16,1.1349537411018329e-17,9.547918011776346e-17,1.0992889971183362e-16,0.0,2.220446049250313e-16,1.456043846448818e-16,2.220446049250313e-16,2.220446049250313e-16,1.102511295831355e-17,1.2136069926782511e-14,6.040599573927414e-15,-1.4210854715202004e-14,1.4210854715202004e-14,1.3556291398472036e-14,1.4210854715202004e-14,2.842170943040401e-14,1.0649461352683233e-14,0.0,0.0,0.0,0.0,0.0,0.0,0.0,0.0,-1.4210854715202004e-17,1.3850298816652889e-15,-7.105427357601002e-15,7.105427357601002e-15,1.3851027837303269e-15,7.105427357601002e-15,1.4210854715202004e-14,-3.5229304503554736e-17,0.0,0.0,0.0,0.0,0.0,0.0,0.0,0.0,-1.0188030974411788e-17,9.069983072847029e-19,-1.3877787807814457e-17,-6.938893903907228e-18,1.0228324450514431e-17,1.3877787807814457e-17,6.938893903907228e-18,4.5310561689887674e-20,0.0,0.0,0.0,0.0,0.0,0.0,0.0,0.0,-2.398081733190338e-17,2.749769404248909e-17,-5.551115123125783e-17,0.0,3.6485651666928707e-17,5.551115123125783e-17,5.551115123125783e-17,-1.289720160343012e-18,4.362981710807632e-15,1.3720942711004083e-15,0.0,4.794485396491904e-15,4.573647570334695e-15,4.794485396491904e-15,4.794485396491904e-15,2.2024774950734906e-15,1.8219044506669237e-16,9.166875530839379e-16,0.0,4.794485396491904e-15,9.346172629759291e-16,4.794485396491904e-15,4.794485396491904e-15,-1.4871517577142554e-16,8.090694106580087e-16,9.277224710691323e-16,0.0,1.8728458580046497e-15,1.2309599077911167e-15,1.8728458580046497e-15,1.8728458580046497e-15,4.3512825922503113e-17,3.595864047368928e-18,4.628292849002656e-17,0.0,5.993106745614879e-16,4.6422405235619517e-17,5.993106745614879e-16,5.993106745614879e-16,-2.0972284922978053e-17,1.9144210305285232,6.058197224868762e-16,1.9144210305285212,1.9144210305285256,1.9144210305285234,1.9144210305285256,4.440892098500626e-15,1.9253797500610797e-15,1.9144210305285232,1.9144210305285256
-1.9736035028472543e-13,2.2538409126975663e-13,-4.547473508864641e-13,0.0,2.995815355825581e-13,4.547473508864641e-13,4.547473508864641e-13,2.363597009397823e-15,0.0,0.0,0.0,0.0,0.0,0.0,0.0,0.0,0.0,0.0,0.0,0.0,0.0,0.0,0.0,0.0,0.0,0.0,0.0,0.0,0.0,0.0,0.0,0.0,0.0,0.0,0.0,0.0,0.0,0.0,0.0,0.0,9.844984097158227e-31,4.586398562583976e-29,-1.0097419586828951e-28,1.0097419586828951e-28,4.587455083819317e-29,1.0097419586828951e-28,2.0194839173657902e-28,1.4877066403229097e-30,8.260059303211165e-17,1.0732268202543204e-16,0.0,2.220446049250313e-16,1.3542900740383696e-16,2.220446049250313e-16,2.220446049250313e-16,3.053715613806914e-32,8.260059303211165e-17,1.0732268202543204e-16,0.0,2.220446049250313e-16,1.3542900740383696e-16,2.220446049250313e-16,2.220446049250313e-16,1.9784573181343755e-18,9.681144774731365e-17,1.1010905163673754e-16,0.0,2.220446049250313e-16,1.4661671005472935e-16,2.220446049250313e-16,2.220446049250313e-16,-2.4890269486206676e-18,9.681144774731365e-17,1.1010905163673754e-16,0.0,2.220446049250313e-16,1.4661671005472935e-16,2.220446049250313e-16,2.220446049250313e-16,-5.10569630486292e-19,1.4210854715202004e-14,0.0,1.4210854715202004e-14,1.4210854715202004e-14,1.4210854715202004e-14,1.4210854715202004e-14,0.0,9.771889964182126e-30,0.0,0.0,0.0,0.0,0.0,0.0,0.0,0.0,-8.526512829121202e-17,1.4185252113597677e-15,-7.105427357601002e-15,7.105427357601002e-15,1.4210854715202005e-15,7.105427357601002e-15,1.4210854715202004e-14,2.671981066211634e-16,0.0,0.0,0.0,0.0,0.0,0.0,0.0,0.0,-1.0200174038743626e-17,7.846628123571891e-19,-1.1275702593849246e-17,-9.54097911787244e-18,1.0230310168795263e-17,1.1275702593849246e-17,1.7347234759768056e-18,1.2880581498272444e-20,0.0,0.0,0.0,0.0,0.0,0.0,0.0,0.0,-2.4424906541753444e-17,2.755501081972613e-17,-5.551115123125783e-17,0.0,3.6821932062951476e-17,5.551115123125783e-17,5.551115123125783e-17,-3.696311387374636e-19,4.794485396491904e-15,0.0,4.794485396491904e-15,4.794485396491904e-15,4.794485396491904e-15,4.794485396491904e-15,0.0,-1.465783494627319e-30,1.9177941585967617e-16,9.395234240504526e-16,0.0,4.794485396491904e-15,9.588970792983808e-16,4.794485396491904e-15,4.794485396491904e-15,-8.406139665226505e-17,8.240521775220458e-16,9.296562354833373e-16,0.0,1.8728458580046497e-15,1.24230540023453e-15,1.8728458580046497e-15,1.8728458580046497e-15,1.247068619222226e-17,0.0,0.0,0.0,0.0,0.0,0.0,0.0,0.0,1.9144210305285232,5.493080158226685e-16,1.914421030528523,1.9144210305285243,1.9144210305285234,1.9144210305285243,1.3322676295501878e-15,8.251627500261771e-16,1.9144210305285232,1.9144210305285243
-1.9917933968827128e-13,2.2561885496540572e-13,-4.547473508864641e-13,0.0,3.009589292155269e-13,4.547473508864641e-13,4.547473508864641e-13,1.0423789576008391e-14,0.0,0.0,0.0,0.0,0.0,0.0,0.0,0.0,0.0,0.0,0.0,0.0,0.0,0.0,0.0,0.0,0.0,0.0,0.0,0.0,0.0,0.0,0.0,0.0,0.0,0.0,0.0,0.0,0.0,0.0,0.0,0.0,4.796274303743752e-31,4.592757631586524e-29,-1.0097419586828951e-28,1.0097419586828951e-28,4.5930080652243505e-29,1.0097419586828951e-28,2.0194839173657902e-28,8.093051567048245e-31,8.348877145181177e-17,1.0755396930918412e-16,0.0,2.220446049250313e-16,1.36155173506899e-16,2.220446049250313e-16,2.220446049250313e-16,-2.6379430908458546e-18,8.348877145181177e-17,1.0755396930918411e-16,0.0,2.220446049250313e-16,1.36155173506899e-16,2.220446049250313e-16,2.220446049250313e-16,-6.382120381078611e-19,9.725553695716371e-17,1.1016545652607701e-16,0.0,2.220446049250313e-16,1.46952602156019e-16,2.220446049250313e-16,2.220446049250313e-16,-3.813316927694518e-18,9.725553695716371e-17,1.1016545652607701e-16,0.0,2.220446049250313e-16,1.46952602156019e-16,2.220446049250313e-16,2.220446049250313e-16,-1.813585874956418e-18,1.4210854715202004e-14,0.0,1.4210854715202004e-14,1.4210854715202004e-14,1.4210854715202004e-14,1.4210854715202004e-14,0.0,9.771889964182126e-30,0.0,0.0,0.0,0.0,0.0,0.0,0.0,0.0,-7.105427357601002e-17,1.3082479199171338e-15,-7.105427357601002e-15,7.105427357601002e-15,1.3101760682293513e-15,7.105427357601002e-15,1.4210854715202004e-14,1.5470259803734873e-16,0.0,0.0,0.0,0.0,0.0,0.0,0.0,0.0,-1.0191500421363742e-17,7.813480313170707e-19,-1.1275702593849246e-17,-9.54097911787244e-18,1.022140819969051e-17,1.1275702593849246e-17,1.7347234759768056e-18,-3.849631857466147e-20,0.0,0.0,0.0,0.0,0.0,0.0,0.0,0.0,-2.4202861936828413e-17,2.7527262909184386e-17,-5.551115123125783e-17,0.0,3.665417751368234e-17,5.551115123125783e-17,5.551115123125783e-17,-6.967148082677641e-19,4.794485396491904e-15,0.0,4.794485396491904e-15,4.794485396491904e-15,4.794485396491904e-15,4.794485396491904e-15,0.0,-1.465783494627319e-30,1.6301250348072472e-16,8.689004494721287e-16,0.0,4.794485396491904e-15,8.840594252559726e-16,4.794485396491904e-15,4.794485396491904e-15,2.744627568291184e-17,8.165607940900273e-16,9.287200711600665e-16,0.0,1.8728458580046497e-15,1.2366456651039923e-15,1.8728458580046497e-15,1.8728458580046497e-15,2.3505897714836433e-17,0.0,0.0,0.0,0.0,0.0,0.0,0.0,0.0,1.9144210305285232,5.527974250663524e-16,1.914421030528523,1.9144210305285243,1.9144210305285234,1.9144210305285243,1.3322676295501878e-15,0.0,1.9144210305285232,1.9144210305285243
-2.0099832909181714e-13,2.2583872429104613e-13,-4.547473508864641e-13,0.0,3.0233004760875087e-13,4.547473508864641e-13,4.547473508864641e-13,-3.0389104406542992e-15,0.0,0.0,0.0,0.0,0.0,0.0,0.0,0.0,0.0,0.0,0.0,0.0,0.0,0.0,0.0,0.0,0.0,0.0,0.0,0.0,0.0,0.0,0.0,0.0,0.0,0.0,0.0,0.0,0.0,0.0,0.0,0.0,7.068193710780266e-31,4.5656753056550375e-29,-1.0097419586828951e-28,1.0097419586828951e-28,4.566222391967077e-29,1.0097419586828951e-28,2.0194839173657902e-28,-1.5079619430869068e-30,8.348877145181177e-17,1.0755396930918412e-16,0.0,2.220446049250313e-16,1.36155173506899e-16,2.220446049250313e-16,2.220446049250313e-16,1.526857806903457e-32,8.348877145181177e-17,1.0755396930918411e-16,0.0,2.220446049250313e-16,1.36155173506899e-16,2.220446049250313e-16,2.220446049250313e-16,1.9997310527379936e-18,9.725553695716371e-17,1.1016545652607701e-16,0.0,2.220446049250313e-16,1.46952602156019e-16,2.220446049250313e-16,2.220446049250313e-16,-2.4943453822717286e-18,9.725553695716371e-17,1.1016545652607701e-16,0.0,2.220446049250313e-16,1.46952602156019e-16,2.220446049250313e-16,2.220446049250313e-16,-4.946143295335367e-19,1.4210854715202004e-14,0.0,1.4210854715202004e-14,1.4210854715202004e-14,1.4210854715202004e-14,1.4210854715202004e-14,0.0,9.771889964182126e-30,0.0,0.0,0.0,0.0,0.0,0.0,0.0,0.0,0.0,1.4210854715202005e-15,-7.105427357601002e-15,7.105427357601002e-15,1.4210854715202005e-15,7.105427357601002e-15,1.4210854715202004e-14,1.4840557259468487e-16,0.0,0.0,0.0,0.0,0.0,0.0,0.0,0.0,-1.0186296250935811e-17,7.808491187602718e-19,-1.1275702593849246e-17,-9.54097911787244e-18,1.0216181119092283e-17,1.1275702593849246e-17,1.7347234759768056e-18,-7.728348898966521e-21,0.0,0.0,0.0,0.0,0.0,0.0,0.0,0.0,-2.4091839634365897e-17,2.7512706453827716e-17,-5.551115123125783e-17,0.0,3.6570011667792735e-17,5.551115123125783e-17,5.551115123125783e-17,9.480107982727367e-19,4.794485396491904e-15,0.0,4.794485396491904e-15,4.794485396491904e-15,4.794485396491904e-15,4.794485396491904e-15,0.0,-1.465783494627319e-30,1.9177941585967617e-16,9.395234240504526e-16,0.0,4.794485396491904e-15,9.588970792983808e-16,4.794485396491904e-15,4.794485396491904e-15,1.327526974453811e-16,8.12815102374018e-16,9.282289626797474e-16,0.0,1.8728458580046497e-15,1.2338060616664213e-15,1.8728458580046497e-15,1.8728458580046497e-15,-3.19841699822106e-17,0.0,0.0,0.0,0.0,0.0,0.0,0.0,0.0,1.9144210305285232,5.484097192022683e-16,1.914421030528523,1.9144210305285243,1.9144210305285234,1.9144210305285243,1.3322676295501878e-15,0.0,1.9144210305285232,1.9144210305285243
-1.9826984498649836e-13,2.255033377520385e-13,-4.547473508864641e-13,0.0,3.002710221920857e-13,4.547473508864641e-13,4.547473508864641e-13,-1.1109995159381833e-14,0.0,0.0,0.0,0.0,0.0,0.0,0.0,0.0,0.0,0.0,0.0,0.0,0.0,0.0,0.0,0.0,0.0,0.0,0.0,0.0,0.0,0.0,0.0,0.0,0.0,0.0,0.0,0.0,0.0,0.0,0.0,0.0,9.844984097158227e-31,4.586398562583976e-29,-1.0097419586828951e-28,1.0097419586828951e-28,4.587455083819317e-29,1.0097419586828951e-28,2.0194839173657902e-28,-8.26839597903511e-31,8.348877145181177e-17,1.0755396930918412e-16,0.0,2.220446049250313e-16,1.36155173506899e-16,2.220446049250313e-16,2.220446049250313e-16,2.6379430908458087e-18,8.348877145181177e-17,1.0755396930918412e-16,0.0,2.220446049250313e-16,1.36155173506899e-16,2.220446049250313e-16,2.220446049250313e-16,4.637674143583878e-18,9.725553695716371e-17,1.1016545652607701e-16,0.0,2.220446049250313e-16,1.46952602156019e-16,2.220446049250313e-16,2.220446049250313e-16,-1.1753738368487859e-18,9.725553695716371e-17,1.1016545652607701e-16,0.0,2.220446049250313e-16,1.46952602156019e-16,2.220446049250313e-16,2.220446049250313e-16,8.243572158894059e-19,1.4210854715202004e-14,0.0,1.4210854715202004e-14,1.4210854715202004e-14,1.4210854715202004e-14,1.4210854715202004e-14,0.0,9.771889964182126e-30,0.0,0.0,0.0,0.0,0.0,0.0,0.0,0.0,1.4210854715202004e-17,1.4561099425669557e-15,-7.105427357601002e-15,7.105427357601002e-15,1.4561792860887975e-15,7.105427357601002e-15,1.4210854715202004e-14,3.114474745966433e-17,0.0,0.0,0.0,0.0,0.0,0.0,0.0,0.0,-1.0188030974411788e-17,7.8037688087991e-19,-1.1275702593849246e-17,-9.54097911787244e-18,1.0217874691528853e-17,1.1275702593849246e-17,1.7347234759768056e-18,4.3731651699774286e-20,0.0,0.0,0.0,0.0,0.0,0.0,0.0,0.0,-2.4424906541753444e-17,2.7555010819726126e-17,-5.551115123125783e-17,0.0,3.6821932062951476e-17,5.551115123125783e-17,5.551115123125783e-17,1.2817425098666534e-18,4.794485396491904e-15,0.0,4.794485396491904e-15,4.794485396491904e-15,4.794485396491904e-15,4.794485396491904e-15,0.0,-1.465783494627319e-30,2.0136838665266e-16,9.617216655447762e-16,0.0,4.794485396491904e-15,9.825771161192966e-16,4.794485396491904e-15,4.794485396491904e-15,2.7963046563970736e-16,8.240521775220459e-16,9.296562354833373e-16,0.0,1.8728458580046497e-15,1.24230540023453e-15,1.8728458580046497e-15,1.8728458580046497e-15,-4.324367442195157e-17,0.0,0.0,0.0,0.0,0.0,0.0,0.0,0.0,1.9144210305285232,5.475999923275539e-16,1.914421030528523,1.9144210305285243,1.9144210305285234,1.9144210305285243,1.3322676295501878e-15,8.251627500261771e-16,1.9144210305285232,1.9144210305285243
-1.9736035028472543e-13,2.2538409126975663e-13,-4.547473508864641e-13,0.0,2.995815355825581e-13,4.547473508864641e-13,4.547473508864641e-13,2.363597009397823e-15,0.0,0.0,0.0,0.0,0.0,0.0,0.0,0.0,0.0,0.0,0.0,0.0,0.0,0.0,0.0,0.0,0.0,0.0,0.0,0.0,0.0,0.0,0.0,0.0,0.0,0.0,0.0,0.0,0.0,0.0,0.0,0.0,9.844984097158227e-31,4.586398562583976e-29,-1.0097419586828951e-28,1.0097419586828951e-28,4.587455083819317e-29,1.0097419586828951e-28,2.0194839173657902e-28,1.4877066403229097e-30,8.260059303211165e-17,1.0732268202543204e-16,0.0,2.220446049250313e-16,1.3542900740383696e-16,2.220446049250313e-16,2.220446049250313e-16,3.053715613806914e-32,8.260059303211165e-17,1.0732268202543204e-16,0.0,2.220446049250313e-16,1.3542900740383696e-16,2.220446049250313e-16,2.220446049250313e-16,1.9784573181343755e-18,9.681144774731365e-17,1.1010905163673754e-16,0.0,2.220446049250313e-16,1.4661671005472935e-16,2.220446049250313e-16,2.220446049250313e-16,-2.4890269486206676e-18,9.681144774731365e-17,1.1010905163673754e-16,0.0,2.220446049250313e-16,1.4661671005472935e-16,2.220446049250313e-16,2.220446049250313e-16,-5.10569630486292e-19,1.4210854715202004e-14,0.0,1.4210854715202004e-14,1.4210854715202004e-14,1.4210854715202004e-14,1.4210854715202004e-14,0.0,9.771889964182126e-30,0.0,0.0,0.0,0.0,0.0,0.0,0.0,0.0,-1.4210854715202004e-17,1.5887583039328232e-15,-7.105427357601002e-15,7.105427357601002e-15,1.5888218580782547e-15,7.105427357601002e-15,1.4210854715202004e-14,5.531170996934902e-17,0.0,0.0,0.0,0.0,0.0,0.0,0.0,0.0,-1.0200174038743626e-17,7.846628123571891e-19,-1.1275702593849246e-17,-9.54097911787244e-18,1.0230310168795263e-17,1.1275702593849246e-17,1.7347234759768056e-18,1.2880581498272444e-20,0.0,0.0,0.0,0.0,0.0,0.0,0.0,0.0,-2.4424906541753444e-17,2.755501081972613e-17,-5.551115123125783e-17,0.0,3.6821932062951476e-17,5.551115123125783e-17,5.551115123125783e-17,-3.696311387374636e-19,4.794485396491904e-15,0.0,4.794485396491904e-15,4.794485396491904e-15,4.794485396491904e-15,4.794485396491904e-15,0.0,-1.465783494627319e-30,2.397242698245952e-16,1.0449338664794874e-15,0.0,4.794485396491904e-15,1.072079526368593e-15,4.794485396491904e-15,4.794485396491904e-15,7.521887268747775e-17,8.240521775220458e-16,9.296562354833373e-16,0.0,1.8728458580046497e-15,1.24230540023453e-15,1.8728458580046497e-15,1.8728458580046497e-15,1.247068619222226e-17,0.0,0.0,0.0,0.0,0.0,0.0,0.0,0.0,1.9144210305285232,5.493080158226685e-16,1.914421030528523,1.9144210305285243,1.9144210305285234,1.9144210305285243,1.3322676295501878e-15,8.251627500261771e-16,1.9144210305285232,1.9144210305285243
-1.9917933968827128e-13,2.2561885496540572e-13,-4.547473508864641e-13,0.0,3.009589292155269e-13,4.547473508864641e-13,4.547473508864641e-13,1.0423789576008391e-14,0.0,0.0,0.0,0.0,0.0,0.0,0.0,0.0,0.0,0.0,0.0,0.0,0.0,0.0,0.0,0.0,0.0,0.0,0.0,0.0,0.0,0.0,0.0,0.0,0.0,0.0,0.0,0.0,0.0,0.0,0.0,0.0,4.796274303743752e-31,4.592757631586524e-29,-1.0097419586828951e-28,1.0097419586828951e-28,4.5930080652243505e-29,1.0097419586828951e-28,2.0194839173657902e-28,8.093051567048245e-31,8.348877145181177e-17,1.0755396930918412e-16,0.0,2.220446049250313e-16,1.36155173506899e-16,2.220446049250313e-16,2.220446049250313e-16,-2.6379430908458546e-18,8.348877145181177e-17,1.0755396930918411e-16,0.0,2.220446049250313e-16,1.36155173506899e-16,2.220446049250313e-16,2.220446049250313e-16,-6.382120381078611e-19,9.725553695716371e-17,1.1016545652607701e-16,0.0,2.220446049250313e-16,1.46952602156019e-16,2.220446049250313e-16,2.220446049250313e-16,-3.813316927694518e-18,9.725553695716371e-17,1.1016545652607701e-16,0.0,2.220446049250313e-16,1.46952602156019e-16,2.220446049250313e-16,2.220446049250313e-16,-1.813585874956418e-18,1.4210854715202004e-14,0.0,1.4210854715202004e-14,1.4210854715202004e-14,1.4210854715202004e-14,1.4210854715202004e-14,0.0,9.771889964182126e-30,0.0,0.0,0.0,0.0,0.0,0.0,0.0,0.0,1.4210854715202004e-17,1.6510909545061654e-15,-7.105427357601002e-15,7.105427357601002e-15,1.651152109420515e-15,7.105427357601002e-15,1.4210854715202004e-14,9.888031843751331e-17,0.0,0.0,0.0,0.0,0.0,0.0,0.0,0.0,-1.0191500421363742e-17,7.813480313170707e-19,-1.1275702593849246e-17,-9.54097911787244e-18,1.022140819969051e-17,1.1275702593849246e-17,1.7347234759768056e-18,-3.849631857466147e-20,0.0,0.0,0.0,0.0,0.0,0.0,0.0,0.0,-2.4202861936828413e-17,2.7527262909184386e-17,-5.551115123125783e-17,0.0,3.665417751368234e-17,5.551115123125783e-17,5.551115123125783e-17,-6.967148082677641e-19,4.794485396491904e-15,0.0,4.794485396491904e-15,4.794485396491904e-15,4.794485396491904e-15,4.794485396491904e-15,0.0,-1.465783494627319e-30,2.5890221141056285e-16,1.0836385544332222e-15,0.0,4.794485396491904e-15,1.1141377256548686e-15,4.794485396491904e-15,4.794485396491904e-15,1.6433314017676433e-16,8.165607940900273e-16,9.287200711600665e-16,0.0,1.8728458580046497e-15,1.2366456651039923e-15,1.8728458580046497e-15,1.8728458580046497e-15,2.3505897714836433e-17,0.0,0.0,0.0,0.0,0.0,0.0,0.0,0.0,1.9144210305285232,5.527974250663524e-16,1.914421030528523,1.9144210305285243,1.9144210305285234,1.9144210305285243,1.3322676295501878e-15,0.0,1.9144210305285232,1.9144210305285243
-2.0099832909181714e-13,2.2583872429104613e-13,-4.547473508864641e-13,0.0,3.0233004760875087e-13,4.547473508864641e-13,4.547473508864641e-13,-3.0389104406542992e-15,0.0,0.0,0.0,0.0,0.0,0.0,0.0,0.0,0.0,0.0,0.0,0.0,0.0,0.0,0.0,0.0,0.0,0.0,0.0,0.0,0.0,0.0,0.0,0.0,0.0,0.0,0.0,0.0,0.0,0.0,0.0,0.0,7.068193710780266e-31,4.5656753056550375e-29,-1.0097419586828951e-28,1.0097419586828951e-28,4.566222391967077e-29,1.0097419586828951e-28,2.0194839173657902e-28,-1.5079619430869068e-30,8.348877145181177e-17,1.0755396930918412e-16,0.0,2.220446049250313e-16,1.36155173506899e-16,2.220446049250313e-16,2.220446049250313e-16,1.526857806903457e-32,8.348877145181177e-17,1.0755396930918411e-16,0.0,2.220446049250313e-16,1.36155173506899e-16,2.220446049250313e-16,2.220446049250313e-16,1.9997310527379936e-18,9.725553695716371e-17,1.1016545652607701e-16,0.0,2.220446049250313e-16,1.46952602156019e-16,2.220446049250313e-16,2.220446049250313e-16,-2.4943453822717286e-18,9.725553695716371e-17,1.1016545652607701e-16,0.0,2.220446049250313e-16,1.46952602156019e-16,2.220446049250313e-16,2.220446049250313e-16,-4.946143295335367e-19,1.4210854715202004e-14,0.0,1.4210854715202004e-14,1.4210854715202004e-14,1.4210854715202004e-14,1.4210854715202004e-14,0.0,9.771889964182126e-30,0.0,0.0,0.0,0.0,0.0,0.0,0.0,0.0,0.0,1.6814510056234486e-15,-7.105427357601002e-15,7.105427357601002e-15,1.6814510056234486e-15,7.105427357601002e-15,1.4210854715202004e-14,-1.6542456027756113e-16,0.0,0.0,0.0,0.0,0.0,0.0,0.0,0.0,-1.0186296250935811e-17,7.808491187602718e-19,-1.1275702593849246e-17,-9.54097911787244e-18,1.0216181119092283e-17,1.1275702593849246e-17,1.7347234759768056e-18,-7.728348898966521e-21,0.0,0.0,0.0,0.0,0.0,0.0,0.0,0.0,-2.4091839634365897e-17,2.7512706453827716e-17,-5.551115123125783e-17,0.0,3.6570011667792735e-17,5.551115123125783e-17,5.551115123125783e-17,9.480107982727367e-19,4.794485396491904e-15,0.0,4.794485396491904e-15,4.794485396491904e-15,4.794485396491904e-15,4.794485396491904e-15,0.0,-1.465783494627319e-30,2.6849118220354665e-16,1.1023563567380076e-15,0.0,4.794485396491904e-15,1.1345823249820841e-15,4.794485396491904e-15,4.794485396491904e-15,-6.660602466982733e-17,8.12815102374018e-16,9.282289626797474e-16,0.0,1.8728458580046497e-15,1.2338060616664213e-15,1.8728458580046497e-15,1.8728458580046497e-15,-3.19841699822106e-17,0.0,0.0,0.0,0.0,0.0,0.0,0.0,0.0,1.9144210305285232,5.484097192022683e-16,1.914421030528523,1.9144210305285243,1.9144210305285234,1.9144210305285243,1.3322676295501878e-15,0.0,1.9144210305285232,1.9144210305285243
-1.9826984498649836e-13,2.255033377520385e-13,-4.547473508864641e-13,0.0,3.002710221920857e-13,4.547473508864641e-13,4.547473508864641e-13,-1.1109995159381833e-14,0.0,0.0,0.0,0.0,0.0,0.0,0.0,0.0,0.0,0.0,0.0,0.0,0.0,0.0,0.0,0.0,0.0,0.0,0.0,0.0,0.0,0.0,0.0,0.0,0.0,0.0,0.0,0.0,0.0,0.0,0.0,0.0,9.844984097158227e-31,4.586398562583976e-29,-1.0097419586828951e-28,1.0097419586828951e-28,4.587455083819317e-29,1.0097419586828951e-28,2.0194839173657902e-28,-8.26839597903511e-31,8.348877145181177e-17,1.0755396930918412e-16,0.0,2.220446049250313e-16,1.36155173506899e-16,2.220446049250313e-16,2.220446049250313e-16,2.6379430908458087e-18,8.348877145181177e-17,1.0755396930918412e-16,0.0,2.220446049250313e-16,1.36155173506899e-16,2.220446049250313e-16,2.220446049250313e-16,4.637674143583878e-18,9.725553695716371e-17,1.1016545652607701e-16,0.0,2.220446049250313e-16,1.46952602156019e-16,2.220446049250313e-16,2.220446049250313e-16,-1.1753738368487859e-18,9.725553695716371e-17,1.1016545652607701e-16,0.0,2.220446049250313e-16,1.46952602156019e-16,2.220446049250313e-16,2.220446049250313e-16,8.243572158894059e-19,1.4210854715202004e-14,0.0,1.4210854715202004e-14,1.4210854715202004e-14,1.4210854715202004e-14,1.4210854715202004e-14,0.0,9.771889964182126e-30,0.0,0.0,0.0,0.0,0.0,0.0,0.0,0.0,-4.263256414560601e-17,1.6506016336227792e-15,-7.105427357601002e-15,7.105427357601002e-15,1.651152109420515e-15,7.105427357601002e-15,1.4210854715202004e-14,-2.3996772632856087e-17,0.0,0.0,0.0,0.0,0.0,0.0,0.0,0.0,-1.0188030974411788e-17,7.8037688087991e-19,-1.1275702593849246e-17,-9.54097911787244e-18,1.0217874691528853e-17,1.1275702593849246e-17,1.7347234759768056e-18,4.3731651699774286e-20,0.0,0.0,0.0,0.0,0.0,0.0,0.0,0.0,-2.4424906541753444e-17,2.7555010819726126e-17,-5.551115123125783e-17,0.0,3.6821932062951476e-17,5.551115123125783e-17,5.551115123125783e-17,1.2817425098666534e-18,4.794485396491904e-15,0.0,4.794485396491904e-15,4.794485396491904e-15,4.794485396491904e-15,4.794485396491904e-15,0.0,-1.465783494627319e-30,2.5890221141056285e-16,1.0836385544332222e-15,0.0,4.794485396491904e-15,1.1141377256548686e-15,4.794485396491904e-15,4.794485396491904e-15,-5.408868555084287e-17,8.240521775220459e-16,9.296562354833373e-16,0.0,1.8728458580046497e-15,1.24230540023453e-15,1.8728458580046497e-15,1.8728458580046497e-15,-4.324367442195157e-17,0.0,0.0,0.0,0.0,0.0,0.0,0.0,0.0,1.9144210305285232,5.475999923275539e-16,1.914421030528523,1.9144210305285243,1.9144210305285234,1.9144210305285243,1.3322676295501878e-15,8.251627500261771e-16,1.9144210305285232,1.9144210305285243
-1.5734258340671657e-13,2.2011087128500351e-13,-4.547473508864641e-13,4.547473508864641e-13,2.705651200930063e-13,4.547473508864641e-13,9.094947017729282e-13,1.93128749187255e-13,-5.684341886080803e-17,2.200802178163706e-15,-2.8421709430404014e-14,2.8421709430404014e-14,2.2015361458940206e-15,2.8421709430404014e-14,5.684341886080803e-14,-3.015764617405742e-16,1.1368683772161606e-16,2.5395715856221482e-15,-2.8421709430404014e-14,2.8421709430404014e-14,2.542114972925208e-15,2.8421709430404014e-14,5.684341886080803e-14,6.331063418030113e-16,5.684341886080803e-17,2.200802178163706e-15,-2.8421709430404014e-14,2.8421709430404014e-14,2.2015361458940206e-15,2.8421709430404014e-14,5.684341886080803e-14,3.3833747513558744e-16,0.0,0.0,0.0,0.0,0.0,0.0,0.0,0.0,9.124645483644317e-19,2.3557795430374373e-17,-9.714451465470121e-17,9.714451465470121e-17,2.3575460061076e-17,9.714451465470121e-17,1.9428902930940242e-16,5.426755186272628e-18,2.944311461305916e-16,2.3777810844522133e-14,-3.1263880373444413e-13,3.1263880373444413e-13,2.3779633686364606e-14,3.1263880373444413e-13,6.252776074688883e-13,-1.5874992604568207e-16,7.371880883511041e-17,1.4979994687788273e-15,-1.2434497875801752e-14,2.8421709430404014e-14,1.499812278666139e-15,2.8421709430404014e-14,4.085620730620577e-14,2.0146226669605358e-17,1.354472090042691e-16,1.270939172687866e-15,-2.220446049250313e-16,2.8421709430404014e-14,1.2781362709427988e-15,2.8421709430404014e-14,2.8643754035329045e-14,1.4715574068672318e-16,7.815970093361102e-17,1.2244627542163358e-16,-8.881784197001252e-16,8.881784197001252e-16,1.4526537514033435e-16,8.881784197001252e-16,1.7763568394002505e-15,-9.014745038273725e-17,1.1027623258996755e-14,7.703069794154054e-15,-1.4210854715202004e-14,1.4210854715202004e-14,1.3451608044987588e-14,1.4210854715202004e-14,2.842170943040401e-14,-1.51149033409164e-14,0.0,0.0,0.0,0.0,0.0,0.0,0.0,0.0,-2.842170943040401e-17,1.6200374375330285e-15,-7.105427357601002e-15,7.105427357601002e-15,1.6202867315927533e-15,7.105427357601002e-15,1.4210854715202004e-14,1.426191167825062e-16,0.0,0.0,0.0,0.0,0.0,0.0,0.0,0.0,-1.8979609550662248e-17,2.21138816744448e-17,-9.887923813067799e-17,-8.673617379884035e-19,2.9141882942029245e-17,9.887923813067799e-17,9.801187639268959e-17,-4.188700700330205e-17,0.0,0.0,0.0,0.0,0.0,0.0,0.0,0.0,-2.581268532253489e-17,2.7715300810552376e-17,-8.326672684688674e-17,0.0,3.7873904242626126e-17,8.326672684688674e-17,8.326672684688674e-17,-6.65402530148094e-18,4.4433748573618245e-15,1.579371518982635e-15,0.0,6.452440390120778e-15,4.715717815774044e-15,6.452440390120778e-15,6.452440390120778e-15,-1.7585261774594321e-15,2.645152947077047e-16,1.137656922775596e-15,0.0,6.364589177356684e-15,1.1680032598728234e-15,6.364589177356684e-15,6.364589177356684e-15,3.7873279426120073e-17,9.402672463239406e-16,1.0254523951052915e-15,0.0,3.723914438590642e-15,1.3912782285139035e-15,3.723914438590642e-15,3.723914438590642e-15,5.555290919661686e-16,7.581532676365264e-17,9.758415305542488e-16,0.0,1.2706415160230687e-14,9.787822314114302e-16,1.2706415160230687e-14,1.2706415160230687e-14,3.43019574282867e-16,1.9129311113701484,0.003583358749584201,1.899305154571076,1.9144210305285243,1.912934467593639,1.9144210305285243,0.015115875957448344,-0.007752477065146456,1.9129311113701484,1.9144210305285243
-1.218722900375724e-13,2.094682993015e-13,-4.547473508864641e-13,4.547473508864641e-13,2.423423683371625e-13,4.547473508864641e-13,9.094947017729282e-13,2.8036399549263667e-13,-2.842170943040403e-17,4.356872849839835e-15,-2.8421709430404014e-14,2.8421709430404014e-14,4.356965552220769e-15,2.8421709430404014e-14,5.684341886080803e-14,6.160873541201333e-17,1.705302565824241e-16,3.3585754969686725e-15,-2.8421709430404014e-14,2.8421709430404014e-14,3.3629020112468975e-15,2.8421709430404014e-14,5.684341886080803e-14,7.032245710564632e-16,1.1368683772161606e-16,3.1113659550565016e-15,-2.8421709430404014e-14,2.8421709430404014e-14,3.113442275577917e-15,2.8421709430404014e-14,5.684341886080803e-14,4.724470980766558e-16,0.0,0.0,0.0,0.0,0.0,0.0,0.0,0.0,5.143292475945638e-18,3.383569175666714e-17,-9.714451465470121e-17,9.714451465470121e-17,3.4224369886753384e-17,9.714451465470121e-17,1.9428902930940242e-16,2.6445652289175037e-17,1.1319833959078096e-15,2.702946740895244e-14,-3.1263880373444413e-13,3.1263880373444413e-13,2.7053160532925408e-14,3.1263880373444413e-13,6.252776074688883e-13,3.543294732804759e-15,5.72875080706581e-17,2.339716317085109e-15,-2.8421709430404014e-14,2.8421709430404014e-14,2.3404175488607262e-15,2.8421709430404014e-14,5.684341886080803e-14,-1.364444153138126e-16,1.1990408665951691e-16,1.2716081794324068e-15,-2.220446049250313e-16,2.8421709430404014e-14,1.2772487431965056e-15,2.8421709430404014e-14,2.8643754035329045e-14,-2.3879767092536287e-17,1.163513729807164e-16,1.2724807332870278e-15,-8.881784197001252e-16,2.8421709430404014e-14,1.2777890508926698e-15,2.8421709430404014e-14,2.930988785010414e-14,9.099839976688115e-17,8.242295734817162e-15,9.249072317784897e-15,-1.4210854715202004e-14,1.4210854715202004e-14,1.2388735920980802e-14,1.4210854715202004e-14,2.842170943040401e-14,-2.0671262439621983e-14,0.0,0.0,0.0,0.0,0.0,0.0,0.0,0.0,-1.4210854715202004e-17,1.6510909545061654e-15,-7.105427357601002e-15,7.105427357601002e-15,1.651152109420515e-15,7.105427357601002e-15,1.4210854715202004e-14,1.2338766070085568e-16,0.0,0.0,0.0,0.0,0.0,0.0,0.0,0.0,-2.6059016056123597e-17,2.695783534006547e-17,-9.887923813067799e-17,0.0,3.7493962234410355e-17,9.887923813067799e-17,9.887923813067799e-17,-5.4746751044729797e-17,0.0,0.0,0.0,0.0,0.0,0.0,0.0,0.0,-2.3370194668359544e-17,2.743503518601226e-17,-8.326672684688674e-17,0.0,3.603952211801305e-17,8.326672684688674e-17,8.326672684688674e-17,8.623175360726281e-18,3.9066224261698554e-15,2.2723604224612216e-15,0.0,6.6906095645960466e-15,4.51943809230986e-15,6.6906095645960466e-15,6.6906095645960466e-15,-3.4137641973439824e-15,2.955537563918414e-16,1.2517734334747627e-15,0.0,6.683058086532168e-15,1.2861915688071214e-15,6.683058086532168e-15,6.683058086532168e-15,1.40324375480156e-16,8.888390055386936e-16,1.0621618272232092e-15,0.0,3.723914438590642e-15,1.3849991064896613e-15,3.723914438590642e-15,3.723914438590642e-15,4.179816007811991e-18,5.10828988139401e-16,1.9323425824166404e-15,0.0,1.3018371853427996e-14,1.9987231201304836e-15,1.3018371853427996e-14,1.3018371853427996e-14,2.301823841105082e-15,1.9082676594192844,0.00950871403772114,1.8828844252187484,1.9144210305285243,1.9082913497755536,1.9144210305285243,0.03153660530977587,-0.027178156065136617,1.9082676594192844,1.9144210305285243
-8.276401786133647e-14,1.846498244483954e-13,-4.547473508864641e-13,4.547473508864641e-13,2.0234979693929736e-13,4.547473508864641e-13,9.094947017729282e-13,2.788064177398999e-13,-5.684341886080804e-17,5.684057661880715e-15,-2.8421709430404014e-14,2.8421709430404014e-14,5.684341886080802e-15,2.8421709430404014e-14,5.684341886080803e-14,2.1784304234081917e-17,5.684341886080803e-17,3.812748750018274e-15,-2.8421709430404014e-14,2.8421709430404014e-14,3.8131724593878115e-15,2.8421709430404014e-14,5.684341886080803e-14,-2.3894658706758835e-16,2.2737367544323216e-16,3.587896080275528e-15,-2.8421709430404014e-14,2.8421709430404014e-14,3.5950934718225424e-15,2.8421709430404014e-14,5.684341886080803e-14,8.046577376464082e-16,0.0,0.0,0.0,0.0,0.0,0.0,0.0,0.0,4.785939439894567e-18,4.163210264080983e-17,-9.887923813067799e-17,9.714451465470121e-17,4.190629053754654e-17,9.887923813067799e-17,1.960237527853792e-16,1.2701048655294226e-17,1.000088900582341e-15,3.109254217555567e-14,-3.1263880373444413e-13,3.1263880373444413e-13,3.110862190370663e-14,3.1263880373444413e-13,6.252776074688883e-13,4.3980255232743766e-16,-7.194245199571017e-17,2.9797941226578376e-15,-2.8421709430404014e-14,2.8421709430404014e-14,2.980662464927108e-15,2.8421709430404014e-14,5.684341886080803e-14,-7.519839707679046e-16,9.858780458671391e-17,1.27212111763646e-15,-2.220446049250313e-16,2.8421709430404014e-14,1.275935614813641e-15,2.8421709430404014e-14,2.8643754035329045e-14,-1.7786969502066465e-16,1.5276668818842158e-16,1.794948157422069e-15,-8.881784197001252e-16,2.8421709430404014e-14,1.8014373563499063e-15,2.8421709430404014e-14,2.930988785010414e-14,2.0523835458819063e-16,5.4001247917767615e-15,9.161318224236196e-15,-1.4210854715202004e-14,1.4210854715202004e-14,1.0634429903501375e-14,1.4210854715202004e-14,2.842170943040401e-14,-1.9990502932306908e-14,0.0,0.0,0.0,0.0,0.0,0.0,0.0,0.0,-5.684341886080802e-17,1.6192893250768197e-15,-7.105427357601002e-15,7.105427357601002e-15,1.6202867315927533e-15,7.105427357601002e-15,1.4210854715202004e-14,1.1436759722893108e-16,0.0,0.0,0.0,0.0,0.0,0.0,0.0,0.0,-3.4617274324855175e-17,3.020102728953716e-17,-9.887923813067799e-17,0.0,4.5939718447391966e-17,9.887923813067799e-17,9.887923813067799e-17,-5.724561501809151e-17,0.0,0.0,0.0,0.0,0.0,0.0,0.0,0.0,-1.8596235662471373e-17,2.6230120345375775e-17,-8.326672684688674e-17,0.0,3.215336987233326e-17,8.326672684688674e-17,8.326672684688674e-17,3.042742372099929e-17,2.947725346871474e-15,2.671856640278068e-15,0.0,6.6906095645960466e-15,3.978429668447911e-15,6.6906095645960466e-15,6.6906095645960466e-15,-5.880665247103771e-15,3.08869761115683e-16,1.3327674247350499e-15,0.0,6.7032333562273595e-15,1.368089740392258e-15,6.7032333562273595e-15,6.7032333562273595e-15,2.70614855647903e-16,7.277742617502936e-16,1.042553456968174e-15,0.0,3.723914438590642e-15,1.2714452747572247e-15,3.723914438590642e-15,3.723914438590642e-15,-9.71865433268639e-16,9.532423896504067e-16,2.4600453914040484e-15,0.0,1.3018371853427996e-14,2.6382748873448946e-15,1.3018371853427996e-14,1.3018371853427996e-14,3.1438405671871146e-15,1.9019040251071309,0.01319429341063891,1.882134305726754,1.9144210305285243,1.9019497916867607,1.9144210305285243,0.032286724801770195,-0.04291988243713709,1.9019040251071309,1.9144210305285243
-4.3655745685100556e-14,1.4579174537731072e-13,-4.547473508864641e-13,4.547473508864641e-13,1.5218757226358785e-13,4.547473508864641e-13,9.094947017729282e-13,1.639922422741701e-13,-2.5579538487363605e-16,6.986134805550883e-15,-2.8421709430404014e-14,2.8421709430404014e-14,6.9908161755443205e-15,2.8421709430404014e-14,5.684341886080803e-14,-8.022750793708052e-16,-5.684341886080802e-17,4.582510400024906e-15,-2.8421709430404014e-14,2.8421709430404014e-14,4.582862941503294e-15,2.8421709430404014e-14,5.684341886080803e-14,-1.0912574902260506e-15,5.684341886080802e-17,4.215237513895412e-15,-2.8421709430404014e-14,2.8421709430404014e-14,4.215620769568695e-15,2.8421709430404014e-14,5.684341886080803e-14,-6.542098865297783e-16,0.0,0.0,0.0,0.0,0.0,0.0,0.0,0.0,4.522966202958132e-18,4.952575173988385e-17,-9.887923813067799e-17,9.887923813067799e-17,4.9731854064308817e-17,9.887923813067799e-17,1.9775847626135598e-16,1.2547478234384844e-18,-8.348877145181177e-16,3.546620990639121e-14,-3.1263880373444413e-13,3.1263880373444413e-13,3.547603532837421e-14,3.1263880373444413e-13,6.252776074688883e-13,-1.0245026384134276e-14,-4.707345624410666e-17,3.516972453097373e-15,-2.8421709430404014e-14,2.8421709430404014e-14,3.5172874699302762e-15,2.8421709430404014e-14,5.684341886080803e-14,-3.674505809406087e-16,7.815970093361103e-17,2.202164196423964e-15,-2.8421709430404014e-14,2.8421709430404014e-14,2.2035507906244492e-15,2.8421709430404014e-14,5.684341886080803e-14,-2.2756513905466445e-16,1.3411494137471893e-16,1.795449764621528e-15,-8.881784197001252e-16,2.8421709430404014e-14,1.8004517974051525e-15,2.8421709430404014e-14,2.930988785010414e-14,-1.5412820720305153e-17,2.5579538487363606e-15,8.133774839083222e-15,-1.4210854715202004e-14,1.4210854715202004e-14,8.526512829121202e-15,1.4210854715202004e-14,2.842170943040401e-14,-1.2502148351841186e-14,0.0,0.0,0.0,0.0,0.0,0.0,0.0,0.0,-2.842170943040401e-17,1.6200374375330285e-15,-7.105427357601002e-15,7.105427357601002e-15,1.6202867315927533e-15,7.105427357601002e-15,1.4210854715202004e-14,3.403797536575337e-17,0.0,0.0,0.0,0.0,0.0,0.0,0.0,0.0,-4.249985779969379e-17,3.1119852508397e-17,-9.97465998686664e-17,0.0,5.2675261111251985e-17,9.97465998686664e-17,9.97465998686664e-17,-3.6754832793407555e-17,0.0,0.0,0.0,0.0,0.0,0.0,0.0,0.0,-1.3933298959045715e-17,2.4100983169557198e-17,-8.326672684688674e-17,0.0,2.783871781568655e-17,8.326672684688674e-17,8.326672684688674e-17,4.1279687585658557e-17,1.988828267573093e-15,2.697229449908543e-15,0.0,6.6906095645960466e-15,3.3511915169610542e-15,6.6906095645960466e-15,6.6906095645960466e-15,-6.0508068254901966e-15,3.2413974479356666e-16,1.3936186498818955e-15,0.0,6.7032333562273595e-15,1.4308177785635303e-15,6.7032333562273595e-15,6.7032333562273595e-15,4.1595950605563955e-17,5.70455209677903e-16,9.982582859134304e-16,0.0,3.723914438590642e-15,1.1497559530802529e-15,3.723914438590642e-15,3.723914438590642e-15,-1.5784105308712147e-15,1.5029075248610503e-15,2.895910396060271e-15,0.0,1.3018371853427996e-14,3.262671918887022e-15,1.3018371853427996e-14,1.3018371853427996e-14,3.513500106825534e-15,1.8955433595526392,0.013292430604704843,1.882134305726754,1.9144210305285243,1.8955899653288648,1.9144210305285243,0.032286724801770195,-0.04340906897289872,1.8955433595526392,1.9144210305285243
-6.366462912410498e-15,8.360923009264968e-14,-4.547473508864641e-13,4.547473508864641e-13,8.385126836667848e-14,4.547473508864641e-13,9.094947017729282e-13,-1.9812824700897675e-14,8.5265128291212e-17,8.013258914457314e-15,-2.8421709430404014e-14,2.8421709430404014e-14,8.013712533665787e-15,2.8421709430404014e-14,5.684341886080803e-14,1.453761927871323e-15,-5.684341886080804e-17,5.240395987127973e-15,-2.8421709430404014e-14,2.8421709430404014e-14,5.2407042729174066e-15,2.8421709430404014e-14,5.684341886080803e-14,-9.387673605874757e-16,1.1368683772161606e-16,4.7545026214553424e-15,-2.8421709430404014e-14,2.8421709430404014e-14,4.755861633237122e-15,2.8421709430404014e-14,5.684341886080803e-14,-4.62916464974245e-16,0.0,0.0,0.0,0.0,0.0,0.0,0.0,0.0,4.681042879706165e-18,5.615574873452212e-17,-9.887923813067799e-17,9.887923813067799e-17,5.635051267181541e-17,9.887923813067799e-17,1.9775847626135598e-16,-9.389186918387311e-18,-1.0209610934452937e-15,3.866516740073889e-14,-3.1263880373444413e-13,3.1263880373444413e-13,3.8678644387846516e-14,3.1263880373444413e-13,6.252776074688883e-13,-8.853495448412124e-15,-7.682743330406084e-17,3.5269622919869805e-15,-2.8421709430404014e-14,2.8421709430404014e-14,3.527798954533286e-15,2.8421709430404014e-14,5.684341886080803e-14,-2.0466928218754443e-16,1.1723955140041656e-16,2.540497087086405e-15,-2.8421709430404014e-14,2.8421709430404014e-14,2.5432008496984814e-15,2.8421709430404014e-14,5.684341886080803e-14,2.1167365930575476e-18,5.773159728050815e-17,2.8427641565618816e-15,-2.8421709430404014e-14,2.8421709430404014e-14,2.8433503103130893e-15,2.8421709430404014e-14,5.684341886080803e-14,-4.475142811212415e-16,-2.842170943040401e-16,5.6772320122712976e-15,-1.4210854715202004e-14,1.4210854715202004e-14,5.684341886080802e-15,1.4210854715202004e-14,2.842170943040401e-14,1.7938013017752e-15,0.0,0.0,0.0,0.0,0.0,0.0,0.0,0.0,-2.842170943040401e-17,1.4901760015298271e-15,-7.105427357601002e-15,7.105427357601002e-15,1.490447016536438e-15,7.105427357601002e-15,1.4210854715202004e-14,-1.0279468560457492e-16,0.0,0.0,0.0,0.0,0.0,0.0,0.0,0.0,-5.0765815162723274e-17,2.966549164409226e-17,-9.97465998686664e-17,0.0,5.879803894367134e-17,9.97465998686664e-17,9.97465998686664e-17,8.316596745935441e-19,0.0,0.0,0.0,0.0,0.0,0.0,0.0,0.0,-8.93729534823251e-18,2.043979083768039e-17,-8.326672684688674e-17,0.0,2.230830109241091e-17,8.326672684688674e-17,8.326672684688674e-17,3.85021356114766e-17,1.0299311882747124e-15,2.3605737199536774e-15,0.0,6.6906095645960466e-15,2.5754740417866584e-15,6.6906095645960466e-15,6.6906095645960466e-15,-3.924188932503254e-15,2.8960135754110233e-16,1.3503208292284332e-15,0.0,6.7032333562273595e-15,1.3810268962398279e-15,6.7032333562273595e-15,6.7032333562273595e-15,-3.2400148980536673e-16,4.018990824574846e-16,9.19095334803331e-16,0.0,3.723914438590642e-15,1.0031246716821468e-15,3.723914438590642e-15,3.723914438590642e-15,-1.7251102897814399e-15,2.0123532599343296e-15,3.163920993333521e-15,0.0,1.3018371853427996e-14,3.7496615440363275e-15,1.3018371853427996e-14,1.3018371853427996e-14,2.3551435542192628e-15,1.8891828724732946,0.00991814148551785,1.882134305726754,1.9144210305285232,1.8892089072352416,1.9144210305285232,0.032286724801769084,-0.028662485810260544,1.8891828724732946,1.9144210305285232
-1.000444171950221e-14,8.808023027407937e-14,-4.547473508864641e-13,4.547473508864641e-13,8.864657815874092e-14,4.547473508864641e-13,9.094947017729282e-13,1.1001073638211522e-15,1.9895196601282806e-16,8.734810255045412e-15,-2.8421709430404014e-14,1.4210854715202004e-14,8.737075716532785e-15,2.8421709430404014e-14,4.263256414560602e-14,1.3591363563545287e-15,-2.273736754432321e-16,4.7504232533756705e-15,-2.8421709430404014e-14,2.8421709430404014e-14,4.755861633237122e-15,2.8421709430404014e-14,5.684341886080803e-14,-3.4854886774531353e-16,-1.1368683772161608e-16,4.7545026214553424e-15,-2.8421709430404014e-14,2.8421709430404014e-14,4.755861633237121e-15,2.8421709430404014e-14,5.684341886080803e-14,-1.1994982518891467e-15,0.0,0.0,0.0,0.0,0.0,0.0,0.0,0.0,3.5368030119192765e-18,5.3046521455233385e-17,-9.887923813067799e-17,9.887923813067799e-17,5.316429642199413e-17,9.887923813067799e-17,1.9775847626135598e-16,-1.615921024746564e-17,-1.1102230246251575e-16,3.386824893910851e-14,-2.557953848736361e-13,2.273736754432321e-13,3.3868430907750496e-14,2.557953848736361e-13,4.831690603168682e-13,1.7622523533580684e-15,-9.459100169806336e-17,3.2062235583870256e-15,-2.8421709430404014e-14,2.8421709430404014e-14,3.2076185814336156e-15,2.8421709430404014e-14,5.684341886080803e-14,-7.30167755931918e-17,1.7497114868092473e-16,2.837753124027703e-15,-2.8421709430404014e-14,2.8421709430404014e-14,2.843142222225211e-15,2.8421709430404014e-14,5.684341886080803e-14,8.332283632190374e-16,5.995204332975847e-17,2.8422151781448042e-15,-2.8421709430404014e-14,2.8421709430404014e-14,2.842847404694124e-15,2.8421709430404014e-14,5.684341886080803e-14,-5.68354412103317e-16,5.684341886080802e-17,3.594644057048384e-15,-1.4210854715202004e-14,1.4210854715202004e-14,3.595093471822542e-15,1.4210854715202004e-14,2.842170943040401e-14,-1.1028304018504084e-16,0.0,0.0,0.0,0.0,0.0,0.0,0.0,0.0,2.842170943040401e-17,1.6200374375330285e-15,-7.105427357601002e-15,7.105427357601002e-15,1.6202867315927533e-15,7.105427357601002e-15,1.4210854715202004e-14,3.802041848354644e-16,0.0,0.0,0.0,0.0,0.0,0.0,0.0,0.0,-5.081091797309867e-17,2.950727076042218e-17,-9.97465998686664e-17,0.0,5.875736901017461e-17,9.97465998686664e-17,9.97465998686664e-17,-7.647336273877831e-18,0.0,0.0,0.0,0.0,0.0,0.0,0.0,0.0,-2.55351295663786e-18,1.1628758123169608e-17,-5.551115123125783e-17,0.0,1.1905815549843721e-17,5.551115123125783e-17,5.551115123125783e-17,1.3744162162335621e-17,4.22144648106412e-16,1.614477652902821e-15,0.0,6.6906095645960466e-15,1.6687552833317075e-15,6.6906095645960466e-15,6.6906095645960466e-15,-1.9472020269719004e-15,3.4711264989815007e-16,1.4821519301916968e-15,0.0,6.7032333562273595e-15,1.5222554108592577e-15,6.7032333562273595e-15,6.7032333562273595e-15,1.87950828410927e-17,1.1712788643517112e-16,5.33411772241361e-16,0.0,2.569960705150825e-15,5.461200056273711e-16,2.569960705150825e-15,2.569960705150825e-15,-6.301997496667562e-16,2.499609535093775e-15,3.260107291842053e-15,0.0,1.3018371853427996e-14,4.108083176160561e-15,1.3018371853427996e-14,1.3018371853427996e-14,7.768819177427659e-16,1.884312310624921,0.004002175967526623,1.882134305726754,1.8991375862888351,1.8843165608212182,1.8991375862888351,0.017003280562081002,-0.008772044917659632,1.884312310624921,1.8991375862888351
-8.185452315956354e-15,7.833806842481445e-14,-4.547473508864641e-13,4.547473508864641e-13,7.876455163427078e-14,4.547473508864641e-13,9.094947017729282e-13,4.803439083615107e-15,1.1368683772161603e-16,8.57299771929537e-15,-1.4210854715202004e-14,1.4210854715202004e-14,8.573751488824176e-15,1.4210854715202004e-14,2.842170943040401e-14,7.890002689781617e-16,-2.273736754432321e-16,4.750423253375671e-15,-2.8421709430404014e-14,2.8421709430404014e-14,4.755861633237122e-15,2.8421709430404014e-14,5.684341886080803e-14,9.394481200947912e-16,-2.842170943040402e-16,4.574041252974179e-15,-2.8421709430404014e-14,2.8421709430404014e-14,4.582862941503294e-15,2.8421709430404014e-14,5.684341886080803e-14,-1.0422428056993664e-15,0.0,0.0,0.0,0.0,0.0,0.0,0.0,0.0,-6.940182982173831e-19,4.701548229723621e-17,-9.887923813067799e-17,9.887923813067799e-17,4.7020604388289095e-17,9.887923813067799e-17,1.9775847626135598e-16,2.8335914070555018e-18,-1.7008616737257399e-16,3.574778513539583e-14,-2.557953848736361e-13,2.273736754432321e-13,3.5748189763829424e-14,2.557953848736361e-13,4.831690603168682e-13,1.2759182931755478e-14,-1.8030021919912548e-16,3.0079681673397928e-15,-2.8421709430404014e-14,2.8421709430404014e-14,3.0133669980227707e-15,2.8421709430404014e-14,5.684341886080803e-14,-2.5628468076951877e-16,1.705302565824241e-16,2.8378149756514805e-15,-2.8421709430404014e-14,2.8421709430404014e-14,2.8429341189063594e-15,2.8421709430404014e-14,5.684341886080803e-14,4.362392017813358e-16,2.220446049250313e-18,2.5429866196623495e-15,-2.8421709430404014e-14,2.8421709430404014e-14,2.5429875890696754e-15,2.8421709430404014e-14,5.684341886080803e-14,-2.601405451664203e-16,0.0,0.0,0.0,0.0,0.0,0.0,0.0,0.0,0.0,0.0,0.0,0.0,0.0,0.0,0.0,0.0,0.0,1.5567211377889581e-15,-7.105427357601002e-15,7.105427357601002e-15,1.5567211377889581e-15,7.105427357601002e-15,1.4210854715202004e-14,1.13686837721616e-16,0.0,0.0,0.0,0.0,0.0,0.0,0.0,0.0,-5.1405928125358716e-17,2.936444435246601e-17,-9.97465998686664e-17,0.0,5.920168949074527e-17,9.97465998686664e-17,9.97465998686664e-17,2.1230418454524995e-18,0.0,0.0,0.0,0.0,0.0,0.0,0.0,0.0,0.0,0.0,0.0,0.0,0.0,0.0,0.0,0.0,0.0,0.0,0.0,0.0,0.0,0.0,0.0,0.0,3.2175520109891327e-16,1.4329249063058663e-15,0.0,6.7032333562273595e-15,1.468604846970715e-15,6.7032333562273595e-15,6.7032333562273595e-15,1.8624552558619737e-17,0.0,0.0,0.0,0.0,0.0,0.0,0.0,0.0,2.439976941666759e-15,3.225251517004645e-15,0.0,6.7032333562273595e-15,4.044222400388761e-15,6.7032333562273595e-15,6.7032333562273595e-15,-3.0698400424207347e-16,1.8826152812762884,7.780351131624679e-05,1.882134305726754,1.8829941693064616,1.8826152828839953,1.8829941693064616,0.000859863579707465,1.9901500994964737e-05,1.8826152812762884,1.8829941693064616
-5.4569682106375695e-15,8.610950592661266e-14,-4.547473508864641e-13,4.547473508864641e-13,8.6282243323741e-14,4.547473508864641e-13,9.094947017729282e-13,2.4943028348024015e-14,5.684341886080802e-17,8.759974753709753e-15,-1.4210854715202004e-14,1.4210854715202004e-14,8.760159180054894e-15,1.4210854715202004e-14,2.842170943040401e-14,-2.9817266420400023e-16,5.684341886080807e-17,4.9224562805698635e-15,-2.8421709430404014e-14,2.8421709430404014e-14,4.9227844771419245e-15,2.8421709430404014e-14,5.684341886080803e-14,1.4329987628982149e-15,-5.684341886080804e-16,5.362597410144533e-15,-2.8421709430404014e-14,2.8421709430404014e-14,5.392640207733813e-15,2.8421709430404014e-14,5.684341886080803e-14,-3.839483621256978e-16,0.0,0.0,0.0,0.0,0.0,0.0,0.0,0.0,-3.366655136290672e-19,4.032361840039246e-17,-9.714451465470121e-17,9.887923813067799e-17,4.0325023801214763e-17,9.887923813067799e-17,1.960237527853792e-16,1.6415735482546503e-18,-5.329070518200751e-17,3.4365603554064086e-14,-1.9895196601282805e-13,1.9895196601282805e-13,3.436564487295941e-14,1.9895196601282805e-13,3.979039320256561e-13,1.2682124146587604e-14,-7.682743330406084e-17,2.3919706395012285e-15,-2.8421709430404014e-14,2.8421709430404014e-14,2.3932041272620282e-15,2.8421709430404014e-14,5.684341886080803e-14,-6.125080482730793e-16,1.754152378907748e-16,3.3591019090020544e-15,-2.8421709430404014e-14,2.8421709430404014e-14,3.3636789592268643e-15,2.8421709430404014e-14,5.684341886080803e-14,1.2971659674542492e-17,-1.0924594562311543e-16,2.5405040736505897e-15,-2.8421709430404014e-14,2.8421709430404014e-14,2.5428518684481666e-15,2.8421709430404014e-14,5.684341886080803e-14,-9.285985154469573e-17,0.0,0.0,0.0,0.0,0.0,0.0,0.0,0.0,0.0,0.0,0.0,0.0,0.0,0.0,0.0,0.0,1.4210854715202004e-17,1.3850298816652889e-15,-7.105427357601002e-15,7.105427357601002e-15,1.3851027837303269e-15,7.105427357601002e-15,1.4210854715202004e-14,-1.553833575446638e-16,0.0,0.0,0.0,0.0,0.0,0.0,0.0,0.0,-5.127582386466045e-17,2.9502794247009895e-17,-9.97465998686664e-17,0.0,5.915762826027665e-17,9.97465998686664e-17,9.97465998686664e-17,-8.999890819287939e-19,0.0,0.0,0.0,0.0,0.0,0.0,0.0,0.0,0.0,0.0,0.0,0.0,0.0,0.0,0.0,0.0,0.0,0.0,0.0,0.0,0.0,0.0,0.0,0.0,2.547228675366397e-16,1.2816329751607507e-15,0.0,6.7032333562273595e-15,1.3067007393682328e-15,6.7032333562273595e-15,6.7032333562273595e-15,-1.0002669175879366e-16,0.0,0.0,0.0,0.0,0.0,0.0,0.0,0.0,2.5472286753663963e-15,3.253658601950428e-15,0.0,6.7032333562273595e-15,4.1321505566296665e-15,6.7032333562273595e-15,6.7032333562273595e-15,-2.44688087063247e-16,1.8826184342072378,6.200399610285407e-06,1.8825806456645495,1.8826480661763307,1.8826184342174483,1.8826480661763307,6.742051178121322e-05,1.1153742470820953e-06,1.8826184342072378,1.8826480661763307
-9.094947017729283e-16,8.384633579404756e-14,-4.547473508864641e-13,4.547473508864641e-13,8.385126836667848e-14,4.547473508864641e-13,9.094947017729282e-13,2.569458684409984e-14,2.2737367544323206e-16,8.71096415471153e-15,-1.4210854715202004e-14,1.4210854715202004e-14,8.713931104441537e-15,1.4210854715202004e-14,2.842170943040401e-14,-2.0388747244086236e-15,1.7053025658242407e-16,4.919829919822373e-15,-2.8421709430404014e-14,2.8421709430404014e-14,4.9227844771419245e-15,2.8421709430404014e-14,5.684341886080803e-14,6.800787478077517e-16,-2.842170943040402e-16,5.817778824865265e-15,-2.8421709430404014e-14,2.8421709430404014e-14,5.824717144355191e-15,2.8421709430404014e-14,5.684341886080803e-14,3.5603722232577974e-16,0.0,0.0,0.0,0.0,0.0,0.0,0.0,0.0,-7.36922898242002e-20,3.014932821736694e-17,-9.668372873139486e-17,9.649399335120991e-17,3.014941827817077e-17,9.668372873139486e-17,1.9317772208260475e-16,-7.184491877616131e-19,1.3669065879184927e-15,3.052775925634679e-14,-1.9895196601282805e-13,1.9895196601282805e-13,3.055834614035194e-14,1.9895196601282805e-13,3.979039320256561e-13,-2.450776773803447e-15,-1.212363542890671e-16,1.491040417593552e-15,-2.8421709430404014e-14,7.105427357601002e-15,1.4959611560795482e-15,2.8421709430404014e-14,3.5527136788005016e-14,-3.2724322253981225e-17,1.7807977314987517e-16,2.8375423666584163e-15,-2.8421709430404014e-14,2.8421709430404014e-14,2.843124880863758e-15,2.8421709430404014e-14,5.684341886080803e-14,-4.556674399080698e-16,-1.6786572132332372e-16,2.838008583368413e-15,-2.8421709430404014e-14,2.8421709430404014e-14,2.8429688038506832e-15,2.8421709430404014e-14,5.684341886080803e-14,-3.7792789523287956e-17,0.0,0.0,0.0,0.0,0.0,0.0,0.0,0.0,0.0,0.0,0.0,0.0,0.0,0.0,0.0,0.0,4.263256414560601e-17,1.3094822619017383e-15,-7.105427357601002e-15,7.105427357601002e-15,1.3101760682293513e-15,7.105427357601002e-15,1.4210854715202004e-14,-7.369221666685593e-17,0.0,0.0,0.0,0.0,0.0,0.0,0.0,0.0,-5.0731988054941725e-17,2.853233733578041e-17,-9.93129189996722e-17,0.0,5.820505893691303e-17,9.93129189996722e-17,9.93129189996722e-17,6.4006517983311035e-18,0.0,0.0,0.0,0.0,0.0,0.0,0.0,0.0,0.0,0.0,0.0,0.0,0.0,0.0,0.0,0.0,0.0,0.0,0.0,0.0,0.0,0.0,0.0,0.0,2.2790993411173025e-16,1.214821194450655e-15,0.0,6.7032333562273595e-15,1.236015158706935e-15,6.7032333562273595e-15,6.7032333562273595e-15,-2.0920510330932336e-16,0.0,0.0,0.0,0.0,0.0,0.0,0.0,0.0,2.5204157419414877e-15,3.2469122810319726e-15,0.0,6.7032333562273595e-15,4.11034486058563e-15,6.7032333562273595e-15,6.7032333562273595e-15,8.381048651379045e-17,1.8826186183706903,5.121132266190506e-07,1.882615695544232,1.8826219166153393,1.88261861837076,1.8826219166153393,6.22107110737069e-06,2.9305468580398176e-08,1.8826186183706903,1.8826219166153393
9.094947017729283e-16,7.332016640039851e-14,-4.547473508864641e-13,4.547473508864641e-13,7.33258070640527e-14,4.547473508864641e-13,9.094947017729282e-13,1.556488537525166e-14,-1.9895196601282806e-16,8.826805612764968e-15,-1.4210854715202004e-14,1.4210854715202004e-14,8.829047469026288e-15,1.4210854715202004e-14,2.842170943040401e-14,-3.3323177883072406e-16,5.684341886080804e-17,4.582510400024907e-15,-2.8421709430404014e-14,2.8421709430404014e-14,4.582862941503294e-15,2.8421709430404014e-14,5.684341886080803e-14,-2.620924103163001e-16,-2.273736754432321e-16,5.6797925921258865e-15,-2.8421709430404014e-14,2.8421709430404014e-14,5.6843418860808026e-15,2.8421709430404014e-14,5.684341886080803e-14,1.8979575063944046e-15,0.0,0.0,0.0,0.0,0.0,0.0,0.0,0.0,-2.3176895281747786e-19,1.4380915685793015e-17,-9.668372873139486e-17,8.771195575407731e-17,1.438278320803653e-17,9.668372873139486e-17,1.8439568448547217e-16,1.161675963302106e-18,1.1390888232654104e-15,3.1730614633784234e-14,-2.273736754432321e-13,2.273736754432321e-13,3.175105397282129e-14,2.273736754432321e-13,4.547473508864642e-13,-9.797932259271454e-15,-1.212363542890671e-16,1.499021203746128e-15,-2.8421709430404014e-14,7.105427357601002e-15,1.5039158297198e-15,2.8421709430404014e-14,3.5527136788005016e-14,1.136602455533615e-16,1.216804434989172e-16,2.5402494397894628e-15,-2.8421709430404014e-14,2.8421709430404014e-14,2.5431620763688603e-15,2.8421709430404014e-14,5.684341886080803e-14,-4.472909069079036e-16,-1.083577672034153e-16,1.7955962874497382e-15,-2.8421709430404014e-14,2.220446049250313e-16,1.7988628166751884e-15,2.8421709430404014e-14,2.8643754035329045e-14,-5.254612447088159e-17,0.0,0.0,0.0,0.0,0.0,0.0,0.0,0.0,0.0,0.0,0.0,0.0,0.0,0.0,0.0,0.0,1.4210854715202004e-17,1.5238781304877767e-15,-7.105427357601002e-15,7.105427357601002e-15,1.5239443903799963e-15,7.105427357601002e-15,1.4210854715202004e-14,-4.549175407632931e-16,0.0,0.0,0.0,0.0,0.0,0.0,0.0,0.0,-5.005891534626272e-17,2.8845499251615923e-17,-9.93129189996722e-17,0.0,5.777506237745895e-17,9.93129189996722e-17,9.93129189996722e-17,7.262113398988006e-18,0.0,0.0,0.0,0.0,0.0,0.0,0.0,0.0,0.0,0.0,0.0,0.0,0.0,0.0,0.0,0.0,0.0,0.0,0.0,0.0,0.0,0.0,0.0,0.0,3.083487343864585e-16,1.4042273960053863e-15,0.0,6.7032333562273595e-15,1.4376833871509398e-15,6.7032333562273595e-15,6.7032333562273595e-15,-2.2012294446437575e-16,0.0,0.0,0.0,0.0,0.0,0.0,0.0,0.0,2.5874480755037605e-15,3.2633388888981456e-15,0.0,6.7032333562273595e-15,4.164645032559569e-15,6.7032333562273595e-15,6.7032333562273595e-15,4.1760742418077595e-16,1.8826186240581146,4.295100035397426e-08,1.882618394019571,1.882618919407056,1.8826186240581153,1.882618919407056,5.25387484850981e-07,-3.071257405922931e-09,1.8826186240581146,1.882618919407056
