timestamp,simulation_time,engine_id,operating_mode,throttle,rpm,crank_angle,mean_torque,instant_torque,load_torque,friction_torque,net_torque,cylinder_1_torque,cylinder_2_torque,cylinder_3_torque,cylinder_4_torque,cht,egt,oil_temperature,oil_pressure,oil_pressure_psi,fuel_flow,fuel_flow_lph,fuel_pressure,vibration,gt_degradation_type,gt_target_component,gt_active_severity,gt_current_health,gt_is_degraded
0.0,0.0,AEROTWIN-4-001,IDLE,0.15,911.709171395414,54.0,22.48604081632653,38.74303548511851,12.311344529918863,1.9080597315618477,24.5236312236378,-0.20428280949283495,-0.20428280949283495,-1.2395119840377247,40.39111308814191,25.07229836145782,617.1107142857143,24.999579506279403,293.87143667889495,42.622525433033566,0.0009648312881527473,4.824156440763737,322.42705098312484,0.34441577405079843,LUBRICATION,LUBRICATION_SYSTEM,0.4,0.6,True
0.01,0.01,AEROTWIN-4-001,IDLE,0.15,919.7656674978848,108.70255028372483,22.55186746656686,31.43830420935987,12.633774284128508,1.9310439457666073,16.873485979464757,-0.20488083620462644,-0.20488083620462644,-1.4554673232716206,33.30353320504074,25.144997674017972,614.298678930598,24.999162224228513,294.35324508246026,42.69240596026987,0.0009674645870168939,4.83732293508447,322.42705098312484,0.2156907688748758,LUBRICATION,LUBRICATION_SYSTEM,0.4,0.6,True
0.02,0.02,AEROTWIN-4-001,IDLE,0.15,913.8604728973784,163.88849033359793,22.59687871139938,2.4370653550429173,12.858042446334755,1.9468335586875842,-12.367810649979424,-0.205289757616282,-0.205289757616282,-0.4272710873625168,3.2749159576379983,25.217740868324746,611.5603972434036,24.99874724610449,294.68403443691204,42.74038298666085,0.0009692816165005593,4.846408082502796,322.42705098312484,0.413155536386538,LUBRICATION,LUBRICATION_SYSTEM,0.4,0.6,True
0.03,0.03,AEROTWIN-4-001,IDLE,0.15,920.3559798149173,218.72011870744063,22.563909081808465,28.232886877050476,12.693466836937796,1.9352621644582766,13.604157875654403,-0.9616860372078819,-0.2049902327414592,29.604553379741276,-0.2049902327414592,25.289212757063115,608.8880418007031,24.998330843155287,294.4416317585233,42.7052253869927,0.0009679493714825854,4.839746857412927,322.42705098312484,0.15943332730152157,LUBRICATION,LUBRICATION_SYSTEM,0.4,0.6,True
0.04,0.04,AEROTWIN-4-001,IDLE,0.15,932.1580404832598,273.94147749633566,22.600167756821207,39.54072027462317,12.87455251371321,1.947989698985825,24.71817806192413,-1.536255090236647,-0.20531963817394924,41.487614641207706,-0.20531963817394924,25.360585020019098,606.2852790327491,24.997916334407044,294.7082490602693,42.74389502720334,0.0009694149179527027,4.847074589763514,322.42705098312484,0.3568317726890577,LUBRICATION,LUBRICATION_SYSTEM,0.4,0.6,True
0.05,0.05,AEROTWIN-4-001,IDLE,0.15,928.5115328570606,329.87095992533125,22.66566745661552,7.540713757300667,13.206859760713854,1.9710817097376796,-7.6372277131508675,-0.7751903257755315,-0.20591469458268816,8.727733472241574,-0.20591469458268816,25.43234499021418,603.7526433599946,24.997505202237612,295.1917211697163,42.814016855013314,0.0009720846810417725,4.860423405208863,322.42705098312484,0.32532650948214364,LUBRICATION,LUBRICATION_SYSTEM,0.4,0.6,True
0.06,0.06,AEROTWIN-4-001,IDLE,0.15,929.2953246281506,385.5816518967549,22.645482314200283,16.709255236319354,13.103734075250307,1.9639515144022701,1.6415696466667773,17.786973991380176,-0.6662561247781027,-0.2057313151413592,-0.2057313151413592,25.503051742430277,601.2817607900764,24.997093221160497,295.04247316971055,42.79237022358848,0.0009712588509680276,4.8562942548401375,322.42705098312484,0.16444071263820484,LUBRICATION,LUBRICATION_SYSTEM,0.4,0.6,True
0.07,0.07,AEROTWIN-4-001,IDLE,0.15,942.9719631044273,441.33937137444394,22.64982492830402,43.73563521864252,13.125866129567395,1.9654844471587363,28.64428464191639,45.67286039338225,-1.5256836402677905,-0.20577076723596766,-0.20577076723596766,25.573126053084124,598.8729861951651,24.996681610372217,295.07456287796634,42.79702445069448,0.0009714362862544314,4.857181431272157,322.42705098312484,0.4295762490651165,LUBRICATION,LUBRICATION_SYSTEM,0.4,0.6,True
0.08,0.08,AEROTWIN-4-001,IDLE,0.15,942.0181399074283,497.9176891607096,22.72525189829683,13.50958147980452,13.515061515303591,1.9922025968445747,-1.9976826323436454,14.960240795772236,-1.0377472927140936,-0.20645601162681101,-0.20645601162681101,25.64375038178391,596.5302923816165,24.99627396702362,295.6336402338858,42.878111912242325,0.000974538658910943,4.872693294554715,322.42705098312484,0.2221623481179136,LUBRICATION,LUBRICATION_SYSTEM,0.4,0.6,True
0.09,0.09,AEROTWIN-4-001,IDLE,0.15,938.0710827115715,554.4387775551553,22.7200129396119,7.211378025876375,13.487734171489903,1.990341114254762,-8.266697259868291,-0.20640841635613993,8.010197220446695,-0.20640841635613993,-0.38600236185804093,25.713576059642588,594.2457571320364,24.995866209701084,295.5947024483967,42.872464453710556,0.0009743219152376524,4.871609576188263,322.42705098312484,0.33226721110361235,LUBRICATION,LUBRICATION_SYSTEM,0.4,0.6,True
0.1,0.1,AEROTWIN-4-001,IDLE,0.15,951.9364823531794,610.7230425178495,22.698299268449393,44.397203873678045,13.374943717218985,1.982635054351379,29.03962510210768,-0.20621115042632535,46.26949873185047,-0.20621115042632535,-1.4598725573197762,25.782342169760263,592.0166436677547,24.99545749791941,295.43348836341096,42.8490822852524,0.0009734256036074781,4.86712801803739,322.42705098312484,0.44050606352480337,LUBRICATION,LUBRICATION_SYSTEM,0.4,0.6,True
0.11,0.11,AEROTWIN-4-001,IDLE,0.15,953.7117590609671,667.8392314590403,22.77433353952233,19.501064238184433,13.773249306245631,2.009684089755136,3.7181308421836663,-0.20690191206993322,21.140350919911835,-0.20690191206993322,-1.225482857587536,25.85166403502338,589.8492003542121,24.995052877913643,295.99921391761876,42.93113398818359,0.0009765784891342718,4.882892445671359,322.42705098312484,0.11837833195424927,LUBRICATION,LUBRICATION_SYSTEM,0.4,0.6,True
0.12,0.12,AEROTWIN-4-001,IDLE,0.15,946.7015532591159,5.061937002698414,22.784019738789166,1.1556713592598535,13.824668973234214,2.013143084191162,-14.682140698165522,-0.2069899099534068,-0.2069899099534068,-0.13697440759629181,1.706625586762959,25.920440981670616,587.7367039563829,24.994648924927823,296.07152797021615,42.94162227374421,0.0009769830333025869,4.8849151665129344,322.42705098312484,0.43963364096059354,LUBRICATION,LUBRICATION_SYSTEM,0.4,0.6,True
0.13,0.13,AEROTWIN-4-001,IDLE,0.15,959.5959811474029,61.86403019824537,22.745706204376397,42.627686169666774,13.622180969822685,1.9994785824537786,27.006026617390308,-0.20664183638565992,-0.20664183638565992,-1.3666738213556207,44.40764366379371,25.98789514102479,585.6740155945844,24.994243115629438,295.7858172276685,42.90018335906658,0.0009753867027514579,4.87693351375729,322.42705098312484,0.4089090636490292,LUBRICATION,LUBRICATION_SYSTEM,0.4,0.6,True
0.14,0.14,AEROTWIN-4-001,IDLE,0.15,963.8423102359022,119.43978906708955,22.81604554350855,24.913878424113744,13.995786443223007,2.024601134788021,8.893490846102715,-0.2072808602997921,-0.2072808602997921,-1.353864307388767,26.682304452102095,26.055807967115975,583.6684206252115,24.993841183384546,296.3110235116584,42.97635822808391,0.0009783252920977595,4.891626460488798,322.42705098312484,0.09798747680284695,LUBRICATION,LUBRICATION_SYSTEM,0.4,0.6,True
0.15,0.15,AEROTWIN-4-001,IDLE,0.15,956.1299211998338,177.27032768124369,22.83908100629048,0.0,14.11992662375048,2.0328632011420478,-16.15278982489253,-0.2074901345376848,-0.2074901345376848,-0.07411093583666102,0.2266807384177399,26.123401407606217,581.7147853853966,24.99344065184203,296.4836721908633,43.001398847218425,0.0009792952401438126,4.896476200719063,322.42705098312484,0.4610593298427472,LUBRICATION,LUBRICATION_SYSTEM,0.4,0.6,True
0.16,0.16,AEROTWIN-4-001,IDLE,0.15,967.4485421179324,234.6381229532337,22.797195745581085,39.6183808528814,13.894863500002256,2.017853136168243,23.705664216710904,-1.2667544404374624,-0.20710961229261962,41.2993545179041,-0.20710961229261962,26.18962618995805,579.8066857169902,24.993038019780712,296.16998600203146,42.95590242976264,0.0009775343874647974,4.887671937323987,322.42705098312484,0.3555648343926159,LUBRICATION,LUBRICATION_SYSTEM,0.4,0.6,True
0.17,0.17,AEROTWIN-4-001,IDLE,0.15,973.6928218214123,292.68503548030964,22.858594140831073,29.343648486881303,14.22578416398134,2.0398754939583843,13.07798882894158,-1.4370151432068985,-0.2076674088732837,31.19599844783477,-0.2076674088732837,26.25616206255292,577.9511393778303,24.992638865759275,296.63017614648055,43.02264748793325,0.0009801198347131799,4.900599173565899,322.42705098312484,0.1749491451168518,LUBRICATION,LUBRICATION_SYSTEM,0.4,0.6,True
0.18,0.18,AEROTWIN-4-001,IDLE,0.15,966.1604481994216,351.10660478959437,22.89227315864124,0.6862556195805769,14.410014005604165,2.0520080372696547,-15.775766423293243,-0.24113966970010103,-0.207973378449494,1.3433420461796661,-0.207973378449494,26.322556122937737,576.1446578170222,24.992241729456417,296.88359345479904,43.05940262749714,0.0009815494912821417,4.907747456410709,322.42705098312484,0.4502144217653968,LUBRICATION,LUBRICATION_SYSTEM,0.4,0.6,True
0.19,0.19,AEROTWIN-4-001,IDLE,0.15,975.8028730325004,409.07623168155965,22.85162959621025,36.42034660295575,14.18792799577276,2.0373712615882336,20.19504734559476,38.012019173786484,-1.1764642970812726,-0.20760413687473125,-0.20760413687473125,26.38761389363953,574.3801101351107,24.991842503459367,296.57785961000724,43.01505960211623,0.0009798252112840106,4.899126056420053,322.42705098312484,0.2988827436792493,LUBRICATION,LUBRICATION_SYSTEM,0.4,0.6,True
0.2,0.2,AEROTWIN-4-001,IDLE,0.15,983.475252905954,467.62440406350964,22.90362280423762,32.597636390476836,14.472536420268657,2.0561051395466716,16.06899483066151,34.50111250112891,-1.4873231335911528,-0.20807648853046004,-0.20807648853046004,26.45283054087074,572.6638086130326,24.99144631313187,296.96915403844343,43.07181216342776,0.0009820331245758082,4.910165622879042,322.42705098312484,0.23130472241655542,LUBRICATION,LUBRICATION_SYSTEM,0.4,0.6,True
0.21,0.21,AEROTWIN-4-001,IDLE,0.15,976.2887249159681,526.6329192378669,22.944759031457057,1.7205777771122626,14.701015611886064,2.0709911906642087,-15.05142902543801,2.4989135828030036,-0.36143539388690993,-0.2084502059019157,-0.2084502059019157,26.518028409532562,570.9937027918094,24.99105260499458,297.2799506849952,43.11688948745033,0.0009837938968416014,4.918969484208007,322.42705098312484,0.4332667259070963,LUBRICATION,LUBRICATION_SYSTEM,0.4,0.6,True
0.22,0.22,AEROTWIN-4-001,IDLE,0.15,984.5313920447835,585.210242732825,22.90623390399402,33.80740174321541,14.486951748949435,2.057048329017715,17.263401665248256,-0.2081002100383262,35.331262393683446,-0.2081002100383262,-1.1076602303913854,26.581936000171112,569.3622696755496,24.990656870782896,296.9888496301048,43.074668772651144,0.0009821445215984395,4.910722607992198,322.42705098312484,0.2524415352402279,LUBRICATION,LUBRICATION_SYSTEM,0.4,0.6,True
0.23,0.23,AEROTWIN-4-001,IDLE,0.15,993.0687848881834,644.282126255512,22.95040537170034,34.68631963698511,14.73260696034327,2.073038918218403,17.88067375842344,-0.20850150218202446,36.618752326989906,-0.20850150218202446,-1.5154296856407465,26.645878262641666,567.7751549588229,24.990263796995414,297.3226952604984,43.12308907519217,0.0009840365476413856,4.920182738206928,322.42705098312484,0.2672475044823403,LUBRICATION,LUBRICATION_SYSTEM,0.4,0.6,True
0.24,0.24,AEROTWIN-4-001,IDLE,0.15,986.1015122455269,703.8662533488031,22.99590363747813,2.486580965337258,14.989223251682393,2.0895794134724786,-14.592221699817614,-0.20891484811677832,3.3398108715792483,-0.20891484811677832,-0.4354002100084335,26.70987336097615,566.2313769926616,24.989873510448913,297.66788912614794,43.17315530307825,0.0009860004348630175,4.930002174315087,322.42705098312484,0.42098888894433417,LUBRICATION,LUBRICATION_SYSTEM,0.4,0.6,True
0.25,0.25,AEROTWIN-4-001,IDLE,0.15,993.4430825459641,43.03234408353467,22.958792291063997,32.231866686236465,14.77963524057917,2.0760825645464003,15.376148881110897,-0.20857769627348732,-0.20857769627348732,-1.0675180267629747,33.716540105546414,26.77261296493673,564.7232075016645,24.989481227489215,297.3862249809809,43.132303298791506,0.0009843974081274857,4.921987040637429,322.42705098312484,0.22418569406800284,LUBRICATION,LUBRICATION_SYSTEM,0.4,0.6,True
0.26,0.26,AEROTWIN-4-001,IDLE,0.15,1002.3365155065133,102.63892903629251,22.99789249768017,35.71719107251739,15.000524560422614,2.0903040760583536,18.626362436036423,-0.2089329166577491,-0.2089329166577491,-1.529025910412929,37.664082816245816,26.83530883815892,563.2558886352141,24.989091368487433,297.6830095531441,43.17534833956891,0.0009860866330979648,4.930433165489824,322.42705098312484,0.2846725718954688,LUBRICATION,LUBRICATION_SYSTEM,0.4,0.6,True
0.27,0.27,AEROTWIN-4-001,IDLE,0.15,995.3839168956857,162.7791199666833,23.04500312521145,2.8163213131549765,15.27030004456844,2.1075097480092255,-14.561488479422689,-0.20936091069314522,-0.20936091069314522,-0.4648694014644475,3.6999125360057143,26.89808470271214,561.8290642116937,24.9887044500569,298.04194177163544,43.22740715067446,0.0009881371115529943,4.940685557764971,322.42705098312484,0.41630411730671574,LUBRICATION,LUBRICATION_SYSTEM,0.4,0.6,True
0.28,0.28,AEROTWIN-4-001,IDLE,0.15,1002.4178926211196,222.50215498042445,23.008197351609695,31.88517846253367,15.059193189931383,2.0940609629011373,14.731924309701151,-1.0591655727446987,-0.20902653493983497,33.36239710515804,-0.20902653493983497,26.959622889247502,560.4349307136423,24.98831550486347,297.76139478791106,43.186717177249044,0.0009865337244340136,4.932668622170068,322.42705098312484,0.21747928138420541,LUBRICATION,LUBRICATION_SYSTEM,0.4,0.6,True
0.29,0.29,AEROTWIN-4-001,IDLE,0.15,1011.2060115216217,282.6472285376916,23.045432911332767,35.78623991525712,15.272779657715256,2.1076670730808384,18.405793184461025,-1.5321368730891516,-0.20936481524517642,37.73710641883662,-0.20936481524517642,27.021090813993478,559.0786651140675,24.987928923071504,298.0452231418374,43.22788307404581,0.000988155894935466,4.9407794746773295,322.42705098312484,0.2852683058108839,LUBRICATION,LUBRICATION_SYSTEM,0.4,0.6,True
0.3,0.3,AEROTWIN-4-001,IDLE,0.15,1004.0403763579102,343.3195892289889,23.09170915373109,2.658717993483776,15.541744025359915,2.124645160537818,-15.007671192413955,-0.4516146695244689,-0.20978522899818525,3.5299031210046157,-0.20978522899818525,27.082627403549907,557.7600724911537,24.987545290596426,298.39927409000035,43.27923391546547,0.0009901865805556247,4.950932902778124,322.42705098312484,0.42009821384805207,LUBRICATION,LUBRICATION_SYSTEM,0.4,0.6,True
0.31,0.31,AEROTWIN-4-001,IDLE,0.15,1011.3666298051254,403.5620118104635,23.05399704291792,32.7771325146007,15.322259801167261,2.1108033746944765,15.344069338738962,34.278531228907035,-1.0825134757322383,-0.20944261928704275,-0.20944261928704275,27.14292612983748,556.4713736973139,24.98715953078518,298.11063545626894,43.23737034530633,0.0009885304740298623,4.942652370149312,322.42705098312484,0.23249891659963562,LUBRICATION,LUBRICATION_SYSTEM,0.4,0.6,True
0.32,0.32,AEROTWIN-4-001,IDLE,0.15,1019.6039299127523,464.244009598771,23.09255239881409,34.923797916070974,15.546681667092068,2.1249552466222332,17.252161002356676,36.86845733183451,-1.525073636219362,-0.20979288977208727,-0.20979288977208727,27.203178300304135,555.2180321962261,24.986776260403655,298.40573925083237,43.28017160946222,0.0009902237356650672,4.9511186783253365,322.42705098312484,0.26957164299954706,LUBRICATION,LUBRICATION_SYSTEM,0.4,0.6,True
0.33,0.33,AEROTWIN-4-001,IDLE,0.15,1012.0208696950516,525.4202453935361,23.135676201998123,2.0598831043926595,15.80095978198834,2.140847503509088,-15.881924181104768,2.8770717306499773,-0.3968192982225567,-0.21018466401738056,-0.21018466401738056,27.263452402568014,553.9995545041402,24.986395801768484,298.7370302428545,43.328221392363126,0.0009921311785271733,4.960655892635867,322.42705098312484,0.43155607929658774,LUBRICATION,LUBRICATION_SYSTEM,0.4,0.6,True
0.34,0.34,AEROTWIN-4-001,IDLE,0.15,1020.1751094159403,586.1414975752392,23.095986214529116,34.77122002611938,15.56680206424634,2.1262182267035734,17.078199735169466,-0.209824085549382,36.32557555312738,-0.209824085549382,-1.1347073559092338,27.32247323003827,552.808288871406,24.986013049688683,298.4320714049216,43.28399077242702,0.0009903750931016836,4.951875465508419,322.42705098312484,0.2668576477113806,LUBRICATION,LUBRICATION_SYSTEM,0.4,0.6,True
0.35000000000000003,0.35000000000000003,AEROTWIN-4-001,IDLE,0.15,1027.4044132923764,647.3520041401956,23.138657561901233,33.101635407239236,15.81866805484973,2.1419487198694296,15.141018632520076,-0.21021174929139974,35.026897282015476,-0.21021174929139974,-1.5048383761934392,27.3815141537736,551.6502995536563,24.985633086914483,298.7599822763566,43.33155030939821,0.0009922635826162673,4.961317913081336,322.42705098312484,0.2370960786673558,LUBRICATION,LUBRICATION_SYSTEM,0.4,0.6,True
0.36,0.36,AEROTWIN-4-001,IDLE,0.15,1019.266237780234,708.9962689377383,23.176292599265256,1.1549783297365035,16.043655209904514,2.1558780548795875,-17.0445549350476,-0.21055365880009852,1.8775030815083478,-0.21055365880009852,-0.30141743417164724,27.44049565564091,550.5243582419401,24.98525564198083,299.05026000732755,43.37365161094277,0.0009939409598382094,4.969704799191047,322.42705098312484,0.4482982221059693,LUBRICATION,LUBRICATION_SYSTEM,0.4,0.6,True
0.37,0.37,AEROTWIN-4-001,IDLE,0.15,1028.644274684422,50.15224320455229,23.133913024418444,37.57200594009301,15.790494980840522,2.140196397058495,19.64131456219399,-0.21016864577421568,-0.21016864577421568,-1.2101768870720273,39.202520118713466,27.498199388247475,549.4230776735118,24.984875691793853,298.72345935670063,43.32625309817715,0.0009920529072792077,4.960264536396039,322.42705098312484,0.31538789537302325,LUBRICATION,LUBRICATION_SYSTEM,0.4,0.6,True
0.38,0.38,AEROTWIN-4-001,IDLE,0.15,1034.396769182232,111.87089968561762,23.182728679098048,30.28866293944869,16.082401220926016,2.1582654157653756,12.0479963027573,-0.21061212976353322,-0.21061212976353322,-1.4659008185610258,32.17578801753678,27.556019930571566,548.3533482779674,24.984498964854303,299.1000029693556,43.3808662306694,0.0009942289284479223,4.9711446422396115,322.42705098312484,0.1873102868276592,LUBRICATION,LUBRICATION_SYSTEM,0.4,0.6,True
0.39,0.39,AEROTWIN-4-001,IDLE,0.15,1025.6800630032928,173.93470583655153,23.2125187647377,0.17588869624031173,16.262779627627797,2.1693357987833455,-18.25622673017083,-0.21088276888756619,-0.21088276888756619,-0.16711681874404688,0.764771052759491,27.613665979943878,547.3128274720963,24.984124295892574,299.33063517465035,43.41431666446094,0.00099556609850633,4.977830492531651,322.42705098312484,0.4662427814161897,LUBRICATION,LUBRICATION_SYSTEM,0.4,0.6,True
0.4,0.4,AEROTWIN-4-001,IDLE,0.15,1036.4497036763587,235.4755096167491,23.167332540806445,40.69828618981811,15.989846475227926,2.152557034386816,22.555882680203368,-1.3005354580413107,-0.21047225781314233,42.41976616348571,-0.21047225781314233,27.670010306587578,546.2945839551525,24.983746901439364,298.98105949321825,43.363614906777386,0.0009935406052756222,4.967703026378111,322.42705098312484,0.36967356140842794,LUBRICATION,LUBRICATION_SYSTEM,0.4,0.6,True
0.41000000000000003,0.41000000000000003,AEROTWIN-4-001,IDLE,0.15,1040.285552964227,297.6624918373306,23.223121914353403,26.53446423976691,16.327396132144912,2.173284145591804,8.033783962030192,-1.4014778225027973,-0.2109790971478705,28.357900256565447,-0.2109790971478705,27.72657923064375,545.3064120864207,24.983373225573022,299.41288040226635,43.426245347783905,0.0009960437414621207,4.980218707310604,322.42705098312484,0.12110230279576671,LUBRICATION,LUBRICATION_SYSTEM,0.4,0.6,True
0.42,0.42,AEROTWIN-4-001,IDLE,0.15,1031.3907977993274,360.0796250151842,23.242893766145716,0.0,16.448473546364923,2.1806581079872607,-18.629131654352182,0.00344595476816241,-0.0022008834465834987,-0.21115872189666476,-0.21115872189666476,27.782829096399865,544.3445884498162,24.983000986822322,299.56646601888275,43.44852109844672,0.0009969368164012616,4.984684082006308,322.42705098312484,0.47000199639782864,LUBRICATION,LUBRICATION_SYSTEM,0.4,0.6,True
0.43,0.43,AEROTWIN-4-001,IDLE,0.15,1043.4109187941904,421.96307288314387,23.196966485074977,43.506831987804006,16.168397238349783,2.163552207639775,25.174882541814448,45.323389025731785,-1.395074081102265,-0.21074147841275692,-0.21074147841275692,27.83778662265994,543.4029983661991,24.98262593601441,299.21015019044785,43.39684176332217,0.0009948671331003482,4.974335665501741,322.42705098312484,0.41844836439308614,LUBRICATION,LUBRICATION_SYSTEM,0.4,0.6,True
0.44,0.44,AEROTWIN-4-001,IDLE,0.15,1044.981646057748,484.5677280107953,23.258965074927307,22.02384190127001,16.547455445498567,2.18666296778084,3.2897234879906034,23.751452573004595,-1.305001216365104,-0.21130472768474223,-0.21130472768474223,27.89306331482193,542.4900995150988,24.98225505747358,299.69152047905663,43.46665874724142,0.0009976650616350482,4.9883253081752414,322.42705098312484,0.08494575364666314,LUBRICATION,LUBRICATION_SYSTEM,0.4,0.6,True
0.45,0.45,AEROTWIN-4-001,IDLE,0.15,1037.1402382919584,547.2666267742602,23.26702908876159,2.3639869976587944,16.5973132771176,2.1896797410791327,-16.423006020537937,-0.21137798822070372,2.9872669705584283,-0.21137798822070372,-0.20052399645822633,27.947855551455454,541.6006963041032,24.981884862879614,299.75434129060295,43.47577015210647,0.0009980312569136355,4.990156284568178,322.42705098312484,0.42917450158120773,LUBRICATION,LUBRICATION_SYSTEM,0.4,0.6,True
0.46,0.46,AEROTWIN-4-001,IDLE,0.15,1049.924683906332,609.4950410717777,23.226685098745357,45.299451860453516,16.34915963506012,2.1746119438373195,26.775680281556077,-0.21101146822307557,47.20379112689092,-0.21101146822307557,-1.4823163299912527,28.00145911037599,540.7301675700543,24.98151218527686,299.4405374652582,43.430256672886124,0.0009962044551499215,4.981022275749607,322.42705098312484,0.4494447637243944,LUBRICATION,LUBRICATION_SYSTEM,0.4,0.6,True
0.47000000000000003,0.47000000000000003,AEROTWIN-4-001,IDLE,0.15,1049.0115837240883,672.4905221061576,23.292349557336028,17.04148000249409,16.754703956886978,2.1991685952922286,-1.9123925496851162,-0.21160802144444074,18.634976882300993,-0.21160802144444074,-1.1702808369180209,28.05543713971883,539.8868811024771,24.98114397618914,299.9519136968251,43.50442565876012,0.0009991845247936816,4.995922623968408,322.42705098312484,0.17288828057964178,LUBRICATION,LUBRICATION_SYSTEM,0.4,0.6,True
0.48,0.48,AEROTWIN-4-001,IDLE,0.15,1043.887780482009,15.431217129602942,23.28767873485677,8.191722023695101,16.725574113648133,2.1974163258844914,-10.731268415837523,-0.2115655876186508,-0.2115655876186508,-0.4222024405255807,9.037055639457984,28.108754835840298,539.0642854679398,24.980775609736405,299.9154312665807,43.49913432004233,0.0009989713898761938,4.994856949380969,322.42705098312484,0.32765383798966374,LUBRICATION,LUBRICATION_SYSTEM,0.4,0.6,True
0.49,0.49,AEROTWIN-4-001,IDLE,0.15,1056.6192926871593,78.06448395852348,23.261414172251463,45.41497972829668,16.562584002303794,2.187578917467265,26.66481680852562,-0.21132697742119813,-0.21132697742119813,-1.5506872096831652,47.38832089282224,28.161108550379254,538.2600588085908,24.9804056591898,299.7105944312761,43.46942519512342,0.0009977762219399305,4.988881109699652,322.42705098312484,0.451030683331685,LUBRICATION,LUBRICATION_SYSTEM,0.4,0.6,True
0.5,0.5,AEROTWIN-4-001,IDLE,0.15,1053.148205659289,141.46164151975302,23.326504986869633,11.912200959989688,16.96905035944315,2.2129782716981485,-7.269827671151608,-0.21191831916032378,-0.21191831916032378,-0.9902494407230431,13.326287039033378,28.21382924569751,537.4813941780991,24.980040202867237,300.2191998438667,43.54319230695474,0.0010007485226856707,5.003742613428353,322.42705098312484,0.26342106736442406,LUBRICATION,LUBRICATION_SYSTEM,0.4,0.6,True
0.51,0.51,AEROTWIN-4-001,IDLE,0.15,1051.845742164878,204.65053385931034,23.30881547106957,16.33557912956667,16.857743849280162,2.2057084440269965,-2.727873163740487,-0.6624030529019745,-0.21175761216811814,17.421497406804882,-0.21175761216811814,28.265713638607043,536.7207085546435,24.97967370842262,300.0806570924282,43.52309834337161,0.0009999373098520203,4.999686549260102,322.42705098312484,0.18561271119772987,LUBRICATION,LUBRICATION_SYSTEM,0.4,0.6,True
0.52,0.52,AEROTWIN-4-001,IDLE,0.15,1063.4213378560876,267.761278389203,23.30216683290633,43.26292405957384,16.816072565757462,2.2029805708632564,24.24387092295312,-1.5865172338594724,-0.21169721013939366,45.2728357137121,-0.21169721013939366,28.316932387696117,535.9784818731338,24.979306921339266,300.0286478444237,43.51555502605952,0.0009996330808574156,4.998165404287078,322.42705098312484,0.4128607551235433,LUBRICATION,LUBRICATION_SYSTEM,0.4,0.6,True
0.53,0.53,AEROTWIN-4-001,IDLE,0.15,1057.5040490610338,331.56655866056826,23.361046673094908,7.022315764300684,17.188231994321477,2.2272244417862095,-12.393140671807002,-0.7578876257415811,-0.21223212596892818,8.204667641980121,-0.21223212596892818,28.368429593267553,535.2597718282437,24.97894427693975,300.4904287871141,43.58253081042546,0.00100234003275121,5.01170016375605,322.42705098312484,0.34977511672195155,LUBRICATION,LUBRICATION_SYSTEM,0.4,0.6,True
0.54,0.54,AEROTWIN-4-001,IDLE,0.15,1060.7136278930386,395.0168016042303,23.33100712823945,25.934437691762746,16.99748020415255,2.2148313011144025,6.722126186495794,27.270549063199237,-0.9121929303569424,-0.21195922053977395,-0.21195922053977395,28.418927981964565,534.5564935535638,24.978579737572787,300.25449887759225,43.54831200820823,0.0010009553967327979,5.00477698366399,322.42705098312484,0.10925368564264319,LUBRICATION,LUBRICATION_SYSTEM,0.4,0.6,True
0.55,0.55,AEROTWIN-4-001,IDLE,0.15,1069.8655464581127,458.6596192778126,23.347316111334784,38.49010006666464,17.100813219170956,2.2215534273008983,19.167733420192786,40.48698544004723,-1.5726706022453065,-0.21210738556864228,-0.21210738556864228,28.469099805000315,533.872172769536,24.978216460136064,300.3825015826831,43.56687726454919,0.0010017062060432738,5.0085310302163695,322.42705098312484,0.32877561799865623,LUBRICATION,LUBRICATION_SYSTEM,0.4,0.6,True
0.56,0.56,AEROTWIN-4-001,IDLE,0.15,1061.8434952914056,522.8515520652994,23.393620702654438,2.836557010179859,17.397180524157847,2.2407211607210913,-16.801344674699077,3.731589830246644,-0.4699767063308221,-0.2125280568679814,-0.2125280568679814,28.519372359660085,533.2088822559225,24.977856524312028,300.74706921726874,43.61975342513423,0.001003850036966803,5.019250184834015,322.42705098312484,0.4237642752815473,LUBRICATION,LUBRICATION_SYSTEM,0.4,0.6,True
0.5700000000000001,0.5700000000000001,AEROTWIN-4-001,IDLE,0.15,1069.5324201832618,586.5621617827837,23.35304871412491,35.46483049374544,17.13726404152623,2.223919816046392,16.103646636172815,-0.2121594655329739,37.0445498658097,-0.2121594655329739,-1.1554004409983107,28.568513452355734,532.5587359832208,24.977493942613478,300.427543905975,43.573410113034804,0.001001970641446152,5.00985320723076,322.42705098312484,0.2757624457371471,LUBRICATION,LUBRICATION_SYSTEM,0.4,0.6,True
0.58,0.58,AEROTWIN-4-001,IDLE,0.15,1075.1073808297467,650.7341069937794,23.391940413617476,31.302541954536807,17.386348217821464,2.2400234626825646,11.676170274032778,-0.21251279165664275,33.218185570811585,-0.21251279165664275,-1.4906180329614944,28.61765512320977,531.9281386208617,24.977134195815147,300.73381006520333,43.617830344236964,0.0010037719264162387,5.018859632081194,322.42705098312484,0.20244246081698297,LUBRICATION,LUBRICATION_SYSTEM,0.4,0.6,True
0.59,0.59,AEROTWIN-4-001,IDLE,0.15,1065.6441359784237,715.2405498435642,23.42000898896468,0.0,17.568074036402077,2.2516996329565977,-19.819773669358675,-0.2127677910794947,0.5357867769870805,-0.2127677910794947,-0.13240418827666478,28.666643356026036,531.31569546141,24.976776563153802,300.95559713824815,43.64999789773724,0.00100507987750558,5.025399387527901,322.42705098312484,0.4740034946168565,LUBRICATION,LUBRICATION_SYSTEM,0.4,0.6,True
0.6,0.6,AEROTWIN-4-001,IDLE,0.15,1076.7654739402064,59.17919800226957,23.372298964530074,42.78451752080634,17.26016190230187,2.231879859287239,23.29247575921723,-0.21233435159977107,-0.21233435159977107,-1.3676040520514874,44.576790276057366,28.71441988693668,530.7145077045798,24.976415759240197,300.5789867086623,43.59537507425096,0.001002860635149568,5.014303175747841,322.42705098312484,0.4036190993211024,LUBRICATION,LUBRICATION_SYSTEM,0.4,0.6,True
0.61,0.61,AEROTWIN-4-001,IDLE,0.15,1078.1124057997338,123.78512643868196,23.428335938837325,22.698484658427237,17.62230483352954,2.2551723350464563,2.8210074898512403,-0.21284344035578948,-0.21284344035578948,-1.3267524310039978,24.450923970142814,28.762442107817403,530.1331159293683,24.976059018467254,301.02151616429444,43.65955866143694,0.001005469191921158,5.02734595960579,322.42705098312484,0.07696942458109096,LUBRICATION,LUBRICATION_SYSTEM,0.4,0.6,True
0.62,0.62,AEROTWIN-4-001,IDLE,0.15,1070.0876850472546,188.471870786666,23.435093098801843,3.117477585031895,17.666420084561164,2.2579933425363077,-16.806935842065577,-0.23524467417128958,-0.21290482829122107,3.7785319157856265,-0.21290482829122107,28.81002042797884,529.5668362050483,24.975702907019382,301.0750497431607,43.66732306464854,0.001005785549662051,5.028927748310256,322.42705098312484,0.4197908391588021,LUBRICATION,LUBRICATION_SYSTEM,0.4,0.6,True
0.63,0.63,AEROTWIN-4-001,IDLE,0.15,1082.6147262316865,252.67713188950125,23.394740952277875,45.88216581644121,17.40440570559438,2.241186406694242,26.236573704152583,-1.5217344915446052,-0.21253823419276163,47.82897677637134,-0.21253823419276163,28.85651120481621,529.0112743077995,24.975344113204176,300.7559103585652,43.621035726585575,0.0010039021265959157,5.0195106329795784,322.42705098312484,0.45755141659661086,LUBRICATION,LUBRICATION_SYSTEM,0.4,0.6,True
0.64,0.64,AEROTWIN-4-001,IDLE,0.15,1079.7621000931506,317.6340154634024,23.45763347683445,14.10717892500358,17.81428215811423,2.2674229803983947,-5.974526213509046,-1.0770514584461868,-0.21310960474738527,15.610449592944539,-0.21310960474738527,28.903345491775944,528.474970189918,24.974989909235326,301.2538967471804,43.693262676417554,0.0010068436891544222,5.034218445772112,322.42705098312484,0.22798464419320805,LUBRICATION,LUBRICATION_SYSTEM,0.4,0.6,True
0.65,0.65,AEROTWIN-4-001,IDLE,0.15,1077.0817749940204,382.41974146899145,23.443360411888385,14.368315363135933,17.720526669390498,2.261448454184886,-5.613659760439451,15.403486625435754,-0.6092113907499639,-0.21297993577492932,-0.21297993577492932,28.94945770571518,527.9508511209243,24.974634839762743,301.14059834367833,43.67683010257042,0.0010061731434169718,5.030865717084859,322.42705098312484,0.22308944581599532,LUBRICATION,LUBRICATION_SYSTEM,0.4,0.6,True
0.66,0.66,AEROTWIN-4-001,IDLE,0.15,1088.470507501534,447.04464796863266,23.42992330276163,43.740999878011934,17.63265949738518,2.255834794424446,23.85250558620231,45.76102632694626,-1.594310726225633,-0.21285786135434556,-0.21285786135434556,28.994870125846337,527.4386863178986,24.974278969139608,301.0340886988405,43.66138215670243,0.0010055434741774781,5.027717370887391,322.42705098312484,0.4196492092508509,LUBRICATION,LUBRICATION_SYSTEM,0.4,0.6,True
0.67,0.67,AEROTWIN-4-001,IDLE,0.15,1081.9931532285193,512.3528784187247,23.486842859022996,6.7210637880439466,18.007515553900397,2.2796873000106483,-13.5661390658671,7.890398167200355,-0.7425844426469739,-0.21337496825471708,-0.21337496825471708,29.04054626507565,526.944206520309,24.97392732046977,301.48628532398465,43.72696785082009,0.0010082214453785688,5.041107226892843,322.42705098312484,0.35790849756703924,LUBRICATION,LUBRICATION_SYSTEM,0.4,0.6,True
0.68,0.68,AEROTWIN-4-001,IDLE,0.15,1085.8250950039792,577.2724676124359,23.45452589242439,28.08555347534693,17.79383222722317,2.266121160944781,8.02560008717898,-0.2130813727398385,29.47954153359502,-0.2130813727398385,-0.9678253127684134,29.085269357673443,526.4593127086849,24.973573500128094,301.2292146830575,43.68968283920129,0.001006697545618473,5.033487728092364,322.42705098312484,0.14537819719461464,LUBRICATION,LUBRICATION_SYSTEM,0.4,0.6,True
0.6900000000000001,0.6900000000000001,AEROTWIN-4-001,IDLE,0.15,1093.6502563435213,642.4219733126747,23.473662179797312,36.583217541323194,17.92009119531762,2.2741467610319606,16.38897958497361,-0.2132552234670401,38.57169964502331,-0.2132552234670401,-1.561971656766036,29.129746896609404,525.9881835031124,24.97322120334918,301.3813323166273,43.711745676538996,0.0010075988165056731,5.037994082528366,322.42705098312484,0.293854151115769,LUBRICATION,LUBRICATION_SYSTEM,0.4,0.6,True
0.7000000000000001,0.7000000000000001,AEROTWIN-4-001,IDLE,0.15,1084.54618190548,708.040988693286,23.512579314936726,1.402316363145596,18.179309537385958,2.2905357406169338,-19.0675289148573,-0.21360878067031258,2.161501006928662,-0.21360878067031258,-0.33196708244244094,29.174246605400896,525.5321861682532,24.97287188049682,301.6916369858611,43.756751645155326,0.001009441568291484,5.04720784145742,322.42705098312484,0.4515753675730826,LUBRICATION,LUBRICATION_SYSTEM,0.4,0.6,True
0.71,0.71,AEROTWIN-4-001,IDLE,0.15,1093.9914780744493,53.113759607614725,23.467281188488123,39.931552803063354,17.877902554418547,2.271468211702077,19.78218203694273,-0.21319725297580785,-0.21319725297580785,-1.2789098151423817,41.63685712415735,29.217636400072994,525.0836870205778,24.972519425408912,301.3305749113126,43.70438392398696,0.001007297934801708,5.03648967400854,322.42705098312484,0.35252769718183086,LUBRICATION,LUBRICATION_SYSTEM,0.4,0.6,True
0.72,0.72,AEROTWIN-4-001,IDLE,0.15,1096.6912018600985,118.75324829208168,23.51427141089722,26.136193959211003,18.190655290993917,2.2912503937390194,5.654288274478066,-0.21362415314604385,-0.21362415314604385,-1.4046313885131974,27.968073654016287,29.261162413837813,524.6504483356667,24.972170528942854,301.70515791760823,43.75871269405406,0.001009521991889406,5.047609959447031,322.42705098312484,0.11053855097222,LUBRICATION,LUBRICATION_SYSTEM,0.4,0.6,True
0.73,0.73,AEROTWIN-4-001,IDLE,0.15,1087.3199420784676,184.55472040368758,23.52764468641338,0.9503310168668018,18.2805469247554,2.2969046820134973,-19.627120589902095,-0.1273034347601692,-0.2137456476464265,1.505125746919824,-0.2137456476464265,29.304372990797802,524.2291976423579,24.971822764257745,301.81210492650456,43.77422407433037,0.0010101585003660057,5.050792501830029,322.42705098312484,0.45983031483629794,LUBRICATION,LUBRICATION_SYSTEM,0.4,0.6,True
0.74,0.74,AEROTWIN-4-001,IDLE,0.15,1099.535960077459,249.79391692839565,23.481113237986744,45.83191189221885,17.969466062960173,2.2772775614235954,25.58516826783508,-1.5014568456978659,-0.21332291537923864,47.76001456867519,-0.21332291537923864,29.346478744000763,523.8144619621897,24.971471755803247,301.4406445407769,43.72034820290519,0.001007950603365998,5.039753016829991,322.42705098312484,0.4556156865279376,LUBRICATION,LUBRICATION_SYSTEM,0.4,0.6,True
0.75,0.75,AEROTWIN-4-001,IDLE,0.15,1096.942595096235,315.7660745330432,23.541708588921704,15.246839259290692,18.37550744499347,2.3028627296914306,-5.431530915394209,-1.1189688261358444,-0.2138734164048443,16.793554918236225,-0.2138734164048443,29.388905892263807,523.4153301103111,24.97112533113961,301.92474038116245,43.79056049540304,0.0010108295906215506,5.054147953107753,322.42705098312484,0.20996404176858507,LUBRICATION,LUBRICATION_SYSTEM,0.4,0.6,True
0.76,0.76,AEROTWIN-4-001,IDLE,0.15,1093.6324300560532,381.5826302388173,23.52888867269925,13.65356649243046,18.288928741924405,2.2974311987760365,-6.932793448269981,14.670797334572104,-0.5897169439356738,-0.21375694910298454,-0.21375694910298454,29.430681462750684,523.0250651125946,24.970778109840744,301.8220609506564,43.7756680761613,0.0010102177890912842,5.051088945456422,322.42705098312484,0.2375522164029054,LUBRICATION,LUBRICATION_SYSTEM,0.4,0.6,True
0.77,0.77,AEROTWIN-4-001,IDLE,0.15,1104.7928267742013,447.20057604218044,23.51249090427225,43.843495536345856,18.178716903763327,2.2904984053277664,23.37428022725476,45.87085946964322,-1.6001479783559367,-0.21360797747071533,-0.21360797747071533,29.471768635132666,522.6431380976609,24.970429834016294,301.6909305949527,43.75664919163075,0.0010094373669170193,5.047186834585097,322.42705098312484,0.42043786953561835,LUBRICATION,LUBRICATION_SYSTEM,0.4,0.6,True
0.78,0.78,AEROTWIN-4-001,IDLE,0.15,1097.8215162749034,513.4881456486326,23.56762236617407,6.264827697741561,18.551633579178105,2.313872685555021,-14.600678566991565,7.409854414828927,-0.7168090375630487,-0.21410883976215853,-0.21410883976215853,29.513107982257935,522.2755422852655,24.970085789540377,302.1327277529674,43.82072656783489,0.0010120707464422003,5.060353732211001,322.42705098312484,0.36774462739256975,LUBRICATION,LUBRICATION_SYSTEM,0.4,0.6,True
0.79,0.79,AEROTWIN-4-001,IDLE,0.15,1102.2986329669461,579.3574366251268,23.533236146548017,29.994371635386184,18.318248355741506,2.2992720069880295,9.376851272656648,-0.21379644534775602,31.438817241345618,-0.21379644534775602,-1.0168527152639224,29.553528382716944,521.9141486636802,24.969739338485432,301.8568656222785,43.78071607612403,0.0010104250987439873,5.052125493719936,322.42705098312484,0.17782757001298785,LUBRICATION,LUBRICATION_SYSTEM,0.4,0.6,True
0.8,0.8,AEROTWIN-4-001,IDLE,0.15,1109.0221425251605,645.4953546031435,23.55533936274522,34.858297691221814,18.4679633433431,2.3086488582606863,14.081685489618028,-0.21399725024446833,36.8329339660225,-0.21399725024446833,-1.5466417743117538,29.593774242972138,521.5637086469311,24.96939467714739,302.03406997470137,43.806417440990735,0.0010114816951556742,5.057408475778371,322.42705098312484,0.2626800843349624,LUBRICATION,LUBRICATION_SYSTEM,0.4,0.6,True
0.81,0.81,AEROTWIN-4-001,IDLE,0.15,1099.2358046436368,712.0366831546531,23.588400078393274,0.5202148391089259,18.693942424786574,2.3227305437503043,-20.49645812942795,-0.21429760262448913,1.171474459881096,-0.21429760262448913,-0.22266441552319194,29.63398793504807,521.2249111346972,24.969052644502952,302.2999165171573,43.844975291815466,0.0010130702674344461,5.065351337172231,322.42705098312484,0.4687536104133262,LUBRICATION,LUBRICATION_SYSTEM,0.4,0.6,True
0.8200000000000001,0.8200000000000001,AEROTWIN-4-001,IDLE,0.15,1109.6955325207898,57.990831433271296,23.540226028617553,42.574513308901835,18.365476385006264,2.3022340856208765,21.906802838274693,-0.21385994753379453,-0.21385994753379453,-1.360090380079062,44.36232358404848,29.67312288045693,520.8903894154628,24.968707157824195,301.91285876937576,43.788837210192725,0.001010758764013401,5.053793820067005,322.42705098312484,0.39789577459938974,LUBRICATION,LUBRICATION_SYSTEM,0.4,0.6,True
0.8300000000000001,0.8300000000000001,AEROTWIN-4-001,IDLE,0.15,1110.3138137284786,124.57256338451867,23.59170247628398,22.335716984241902,18.716650962497653,2.324140888459151,1.2949251332850982,-0.21432760448763113,-0.21432760448763113,-1.3235932888263178,24.087965482043483,29.71246930339638,520.568713479728,24.968365674646975,302.3265244681055,43.84883445580508,0.0010132294902635902,5.066147451317951,322.42705098312484,0.0870584094768172,LUBRICATION,LUBRICATION_SYSTEM,0.4,0.6,True
0.84,0.84,AEROTWIN-4-001,IDLE,0.15,1102.642489819841,191.1913922082274,23.594733204866944,4.996165811144855,18.737513220674263,2.3254358135924362,-16.066783223121842,-0.31202655418143216,-0.2143551382698027,5.736902641865893,-0.2143551382698027,29.751403164574437,520.255344420047,24.968024569842154,302.35095203806236,43.85237738169649,0.001013375701804052,5.066878509020261,322.42705098312484,0.3905703999814379,LUBRICATION,LUBRICATION_SYSTEM,0.4,0.6,True
0.85,0.85,AEROTWIN-4-001,IDLE,0.15,1114.7109988764075,257.34994159741785,23.557034037293967,46.06508241998597,18.479487128356162,2.3093690303693144,25.276226261260494,-1.5661324547835815,-0.2140126461463446,48.05924016706224,-0.2140126461463446,29.789413012351076,519.9465218766114,24.96768077937221,302.04767387572036,43.80839052358673,0.0010115628855397654,5.057814427698827,322.42705098312484,0.45877844417085817,LUBRICATION,LUBRICATION_SYSTEM,0.4,0.6,True
0.86,0.86,AEROTWIN-4-001,IDLE,0.15,1109.6379051936344,324.23260153000234,23.616248708629026,10.59580245692455,18.88621976347598,2.334645256630575,-10.625062563182006,-0.9405299047259453,-0.2145506038740891,11.965433569398675,-0.2145506038740891,29.827736898714527,519.6505921149289,24.96734160995326,302.52460133405793,43.8775631282891,0.001014416078438367,5.072080392191836,322.42705098312484,0.29307308219277983,LUBRICATION,LUBRICATION_SYSTEM,0.4,0.6,True
0.87,0.87,AEROTWIN-4-001,IDLE,0.15,1110.255529808055,390.81087584162043,23.591419926451767,22.332277234957544,18.714707073330494,2.3240201940673932,1.293549967559657,23.584266430181447,-0.8233391201069341,-0.21432503755848525,-0.21432503755848525,29.86530639369843,519.3598864142815,24.96700070154364,302.3242475409123,43.84850421483884,0.0010132158634503247,5.066079317251623,322.42705098312484,0.0871120944151389,LUBRICATION,LUBRICATION_SYSTEM,0.4,0.6,True
0.88,0.88,AEROTWIN-4-001,IDLE,0.15,1119.0851209871962,457.4262076301037,23.59444756273728,39.553512354168014,18.735546088405552,2.3253137440349527,18.492652521727507,41.576376831760356,-1.5941593910972847,-0.21435254324752936,-0.21435254324752936,29.902482896962155,519.0767130524137,24.966660171271737,302.348649424454,43.85204341522395,0.0010133619180021194,5.066809590010597,322.42705098312484,0.3443775196639484,LUBRICATION,LUBRICATION_SYSTEM,0.4,0.6,True
0.89,0.89,AEROTWIN-4-001,IDLE,0.15,1109.9985161057295,524.5713148893354,23.637583713754672,2.3475951264617705,19.03472949103114,2.34380639655668,-19.03094076112605,3.205561546290372,-0.42847756048597774,-0.214744429671312,-0.214744429671312,29.939773124160197,518.8044031350978,24.96632308609101,302.69720397698995,43.90259707041467,0.0010154519107511643,5.077259553755821,322.42705098312484,0.4379097167022984,LUBRICATION,LUBRICATION_SYSTEM,0.4,0.6,True
0.9,0.9,AEROTWIN-4-001,IDLE,0.15,1118.554268848612,591.1712258556793,23.593187828168922,38.970774985123846,18.726872887347565,2.3247754557955544,17.91912664198073,-0.21434109871983592,40.65178232147001,-0.21434109871983592,-1.2523251389064876,29.976079556479093,518.53500670648,24.965982756266147,302.338495336467,43.8505706866105,0.0010133011377268394,5.066505688634197,322.42705098312484,0.33419467368455097,LUBRICATION,LUBRICATION_SYSTEM,0.4,0.6,True
0.91,0.91,AEROTWIN-4-001,IDLE,0.15,1121.049856576811,658.284481986596,23.634998052627424,26.586116344276952,19.016675046307242,2.342694582437535,5.226746715532176,-0.21472093927014332,28.43369188333878,-0.21472093927014332,-1.418133660521542,30.012487672706143,518.2760119397531,24.96564576974184,302.67626378153983,43.899559946346976,0.0010153261518092687,5.076630759046344,322.42705098312484,0.1169649413572478,LUBRICATION,LUBRICATION_SYSTEM,0.4,0.6,True
0.92,0.92,AEROTWIN-4-001,IDLE,0.15,1111.4985769497528,5.547473381204668,23.647144852423544,1.4453933344002277,19.101625277745452,2.347921329153067,-20.004153272498293,-0.21483129139522247,-0.21483129139522247,-0.15575881718817342,2.030814734378846,30.048626302317622,518.0245615797921,24.96530986905695,302.7746884112423,43.91383525778976,0.0010159174724489123,5.0795873622445615,322.42705098312484,0.45391946112782705,LUBRICATION,LUBRICATION_SYSTEM,0.4,0.6,True
0.93,0.93,AEROTWIN-4-001,IDLE,0.15,1123.5124942196037,72.23738799818983,23.60053698292642,46.26732904535115,18.777522378937576,2.3279171758805686,25.161889490533003,-0.21440786485236774,-0.21440786485236774,-1.5314006750681763,48.22754545012406,30.083773742718577,517.7753040732758,24.96497053996124,302.3977530528828,43.859165307284016,0.0010136559265655073,5.068279632827537,322.42705098312484,0.4617965641931836,LUBRICATION,LUBRICATION_SYSTEM,0.4,0.6,True
0.9400000000000001,0.9400000000000001,AEROTWIN-4-001,IDLE,0.15,1119.4748045663514,139.64813765136608,23.65910974391004,13.082201100146744,19.185639469531008,2.3530790653711016,-8.456517434755366,-0.21493999090653723,-0.21493999090653723,-1.0437698608996513,14.555850942859468,30.11923550968107,517.5374268261095,24.964635864975005,302.8717705595361,43.927915858413996,0.0010165012727255474,5.082506363627737,322.42705098312484,0.25055239503729715,LUBRICATION,LUBRICATION_SYSTEM,0.4,0.6,True
0.9500000000000001,0.9500000000000001,AEROTWIN-4-001,IDLE,0.15,1118.145163514999,206.81662592534718,23.63948114213015,18.607817043832984,19.04798820179013,2.344622547936346,-2.7847937058934913,-0.7266512506397411,-0.21476166756581375,19.76399162960435,-0.21476166756581375,30.1540458859028,517.3037660716994,24.964299816346024,302.7125743192899,43.90482635412117,0.0010155442353063783,5.077721176531892,322.42705098312484,0.1533997197372478,LUBRICATION,LUBRICATION_SYSTEM,0.4,0.6,True
0.96,0.96,AEROTWIN-4-001,IDLE,0.15,1127.7040219237567,273.90533573624714,23.63300471469984,41.364631082639555,19.002767092637086,2.3418377542304527,20.020026235772015,-1.6065320797855858,-0.21470283004960775,43.40056882252436,-0.21470283004960775,30.18837542668823,517.0753769899848,24.963963415837867,302.660124700773,43.897219166350716,0.0010152292437819626,5.076146218909813,322.42705098312484,0.37561262805149986,LUBRICATION,LUBRICATION_SYSTEM,0.4,0.6,True
0.97,0.97,AEROTWIN-4-001,IDLE,0.15,1118.9142355957094,341.5675770516725,23.679425385208535,3.2816319308122464,19.329059586890736,2.3618577804662246,-18.409285436544714,-0.5101452045781687,-0.21512455591355673,4.222026247217529,-0.21512455591355673,30.222873214584293,516.8567942889167,24.96363077227667,303.036911261503,43.95186753554587,0.0010174955808784276,5.087477904392138,322.42705098312484,0.4225334225261761,LUBRICATION,LUBRICATION_SYSTEM,0.4,0.6,True
0.98,0.98,AEROTWIN-4-001,IDLE,0.15,1126.5746891694023,408.7024311874151,23.636751477989556,37.41638163317148,19.02891669128906,2.34344849502968,16.044016446852744,39.05583128143404,-1.209975910431237,-0.2147368689156571,-0.2147368689156571,30.256453574444237,516.639909104092,24.96329495483735,302.69046338368486,43.90161942824288,0.0010154114265274424,5.077057132637212,322.42705098312484,0.3064737611844845,LUBRICATION,LUBRICATION_SYSTEM,0.4,0.6,True
0.99,0.99,AEROTWIN-4-001,IDLE,0.15,1129.592466215794,476.2969125375792,23.673957793984435,27.970274996642758,19.29036501908844,2.3594925114765326,6.320417466077784,29.84655113390557,-1.446126370171891,-0.21507488354546214,-0.21507488354546214,30.29009413377686,516.4317291004195,24.962962178554427,302.99242913047027,43.945415936225146,0.0010172276016241248,5.086138008120624,322.42705098312484,0.1407264146825672,LUBRICATION,LUBRICATION_SYSTEM,0.4,0.6,True
1.0,1.0,AEROTWIN-4-001,IDLE,0.15,1119.5548173358775,544.0724605105269,23.68855811698823,0.7368606484183556,19.393850373115722,2.3658129289426104,-21.022802653639975,-0.21520752561558382,1.2819027784986514,-0.21520752561558382,-0.11462707884912811,30.323520185900428,516.2300469298586,24.962630696082226,303.11127336175,43.9626528658415,0.0010179438219045857,5.089719109522928,322.42705098312484,0.4672789400640317,LUBRICATION,LUBRICATION_SYSTEM,0.4,0.6,True
1.01,1.01,AEROTWIN-4-001,IDLE,0.15,1131.4375734958624,611.2457495506795,23.639870670158643,46.2826875821197,19.050711151425883,2.3447901262889705,24.887186304404846,-0.2147652063782124,48.237436916512074,-0.2147652063782124,-1.5252189216359466,30.355975459837452,516.0291049640418,24.962295559512807,302.71573014139364,43.90528406824745,0.0010155631929660853,5.077815964830426,322.42705098312484,0.4615970876616038,LUBRICATION,LUBRICATION_SYSTEM,0.4,0.6,True
1.02,1.02,AEROTWIN-4-001,IDLE,0.15,1127.4111971122152,679.1320039604312,23.697469119252236,13.394113344856493,19.457259010565473,2.369677312593375,-8.432822978302354,-0.21528848093327438,14.881194594042137,-0.21528848093327438,-1.056504287319096,30.388741715650937,515.8382791571534,24.961965075757824,303.183904950804,43.97318720625471,0.0010183819358691216,5.0919096793456085,322.42705098312484,0.2459840442076586,LUBRICATION,LUBRICATION_SYSTEM,0.4,0.6,True
1.03,1.03,AEROTWIN-4-001,IDLE,0.15,1125.9406414898933,26.776675787164095,23.678008124803338,18.6003427416184,19.319022745190598,2.361244489615073,-3.079924493187269,-0.21511168028375058,-0.21511168028375058,-0.7268314114819425,19.757397513667847,30.42089445649364,515.6504984055583,24.961633205297737,303.0253783408536,43.95019482380072,0.0010174260908157053,5.087130454078527,322.42705098312484,0.15442309531643839,LUBRICATION,LUBRICATION_SYSTEM,0.4,0.6,True
1.04,1.04,AEROTWIN-4-001,IDLE,0.15,1135.3001467791212,94.33311427655771,23.670886121851524,41.229324106324555,19.268657502620844,2.3581645651218857,19.602502038581825,-0.21504697779636753,-0.21504697779636753,-1.6082422092497655,43.26766027116706,30.452589530974265,515.4667819346294,24.961300923088633,302.9674513671486,43.9417932113885,0.0010170771745239443,5.085385872619721,322.42705098312484,0.3727960401751189,LUBRICATION,LUBRICATION_SYSTEM,0.4,0.6,True
1.05,1.05,AEROTWIN-4-001,IDLE,0.15,1126.244400547222,162.451123083305,23.716084661989264,3.0017911325117623,19.590334621956565,2.3777670671604674,-18.96631055660527,-0.2154576007619546,-0.2154576007619546,-0.48723463994988986,3.9199409739855615,30.484450851528674,515.2916695920261,24.960972358640735,303.3358762956505,43.99522882616856,0.001019299597499374,5.09649798749687,322.42705098312484,0.4282826643978158,LUBRICATION,LUBRICATION_SYSTEM,0.4,0.6,True
1.06,1.06,AEROTWIN-4-001,IDLE,0.15,1134.2303056652959,230.0257871161383,23.672357872995768,38.36349692148938,19.27905559741491,2.3588007566038622,16.725640567470606,-1.2360598877715523,-0.21506034846757976,40.029677506196094,-0.21506034846757976,30.515425563856297,515.1170540238885,24.960640483892142,302.9794180450365,43.943528834416,0.0010171492386832994,5.085746193416497,322.42705098312484,0.32262668579472764,LUBRICATION,LUBRICATION_SYSTEM,0.4,0.6,True
1.07,1.07,AEROTWIN-4-001,IDLE,0.15,1136.560822247364,298.0796054560561,23.710933866775246,26.80997933727549,19.55343042457432,2.375526397171333,4.881022515529837,-1.4254182211091007,-0.21541080644515884,28.66621917127491,-0.21541080644515884,30.546492156637484,514.9502263757192,24.96031180324584,303.29379420930906,43.989125324529766,0.001019045358397088,5.09522679198544,322.42705098312484,0.11998609230056556,LUBRICATION,LUBRICATION_SYSTEM,0.4,0.6,True
1.08,1.08,AEROTWIN-4-001,IDLE,0.15,1126.928103031184,366.2732547908979,23.722149056742452,1.8395537816117415,19.633866311021425,2.3804074196868625,-20.174719949096545,2.447197740227516,-0.17661856858796873,-0.21551269501390294,-0.21551269501390294,30.577327544316148,514.7885682115751,24.959984163092578,303.3854546532383,44.00241957199638,0.0010195992540995068,5.097996270497534,322.42705098312484,0.4487630153066357,LUBRICATION,LUBRICATION_SYSTEM,0.4,0.6,True
1.09,1.09,AEROTWIN-4-001,IDLE,0.15,1138.7660067708482,433.888940972769,23.675669307779287,46.4559502599905,19.30246994529809,2.3602326997377663,24.793247614954645,48.43595277656798,-1.549821651718001,-0.21509043242973902,-0.21509043242973902,30.60726240688759,514.6268231932991,24.959652985263325,303.00635034539124,43.947435041394854,0.0010173114567882163,5.086557283941081,322.42705098312484,0.46420553237065293,LUBRICATION,LUBRICATION_SYSTEM,0.4,0.6,True
1.1,1.1,AEROTWIN-4-001,IDLE,0.15,1133.8084894919928,502.21490137901986,23.732743472541408,11.71215452496448,19.710128486476002,2.385025947352721,-10.382999908864242,13.134151887962897,-0.9907794751412223,-0.21560894392859736,-0.21560894392859736,30.63751059619092,514.4741951877969,24.95932648728877,303.4721511148952,44.014993853402174,0.0010201235904928557,5.100617952464279,322.42705098312484,0.27623934353986346,LUBRICATION,LUBRICATION_SYSTEM,0.4,0.6,True
1.11,1.11,AEROTWIN-4-001,IDLE,0.15,1133.805968261625,570.2434107485394,23.708901905543048,21.90825192289153,19.538889427982394,2.3746429474438564,-0.0052804525347198705,-0.21539234633683277,23.152694066643196,-0.21539234633683277,-0.8136574510780016,30.66712849134751,514.32325823217,24.95899822925519,303.27719993325,43.98671852391872,0.0010189451316174735,5.094725658087367,322.42705098312484,0.097252456625105,LUBRICATION,LUBRICATION_SYSTEM,0.4,0.6,True
1.12,1.12,AEROTWIN-4-001,IDLE,0.15,1142.1054473265622,638.2717688442369,23.708889758455246,39.29582850450767,19.53880253149667,2.374637666991322,17.382388306019674,-0.2153922359820912,41.32524897781754,-0.2153922359820912,-1.5986360013456902,30.69640058753456,514.1760936199065,24.95867011619903,303.2771007441695,43.98670413773286,0.0010189445325782269,5.094722662891135,322.42705098312484,0.3385124399783543,LUBRICATION,LUBRICATION_SYSTEM,0.4,0.6,True
1.1300000000000001,1.1300000000000001,AEROTWIN-4-001,IDLE,0.15,1132.3264472660496,706.7980956838306,23.748754570653695,1.7368284314906508,19.825898209233376,2.3920200552973414,-20.481089833040066,-0.21575440271043275,2.5378973896952126,-0.21575440271043275,-0.36956015278369636,30.72578947651978,514.0361650425488,24.958345346714925,303.60337677641655,44.03402656089791,0.001020918044749648,5.10459022374824,322.42705098312484,0.4511810117555125,LUBRICATION,LUBRICATION_SYSTEM,0.4,0.6,True
1.1400000000000001,1.1400000000000001,AEROTWIN-4-001,IDLE,0.15,1141.5821399007805,54.73768251979368,23.70175767739471,41.24445911814041,19.48784282923917,2.3715389654643015,19.38507732343694,-0.21532744193637732,-0.21532744193637732,-1.3186396217547587,42.99375362376792,30.754295806359263,513.8955436795991,24.958016956564286,303.21888650019486,43.978260860215265,0.0010185930517630777,5.092965258815388,322.42705098312484,0.3726972325580884,LUBRICATION,LUBRICATION_SYSTEM,0.4,0.6,True
1.1500000000000001,1.1500000000000001,AEROTWIN-4-001,IDLE,0.15,1142.1441379685173,123.2326109138405,23.7462481481674,23.375704145498467,19.8077341020883,2.3909240427877383,1.1770460006224286,-0.21573163218219887,-0.21573163218219887,-1.3533695095345069,25.16053691939737,30.782976310735936,513.762404576138,24.95769227675232,303.5828181195284,44.03104477442016,0.001020793516313445,5.103967581567225,322.42705098312484,0.07244219084842606,LUBRICATION,LUBRICATION_SYSTEM,0.4,0.6,True
1.16,1.16,AEROTWIN-4-001,IDLE,0.15,1134.1370456862724,191.76125919195152,23.74893984421629,5.449327728218653,19.827241499774225,2.3921010887883605,-16.770014860343935,-0.3298384206752095,-0.21575608589709067,6.210678320688045,-0.21575608589709067,30.811350934435968,513.6328348065782,24.957367959705252,303.60489670227264,44.03424700790422,0.0010209272522291298,5.104636261145649,322.42705098312484,0.3862165985429691,LUBRICATION,LUBRICATION_SYSTEM,0.4,0.6,True
1.17,1.17,AEROTWIN-4-001,IDLE,0.15,1145.6583121656993,259.80948193312787,23.71048467140579,46.05563022961789,19.55021506781121,2.3753310739280167,24.130084087878664,-1.590064972615482,-0.2154067255625867,48.076508653358545,-0.2154067255625867,30.838957800523957,513.5030726702793,24.9570406986578,303.2901254618799,43.988593216740135,0.0010190231984028826,5.095115992014414,322.42705098312484,0.45679025345317686,LUBRICATION,LUBRICATION_SYSTEM,0.4,0.6,True
1.18,1.18,AEROTWIN-4-001,IDLE,0.15,1139.0568691710002,328.54898066306987,23.76574576326803,8.522870267375367,19.949438986185495,2.3994611580158955,-13.826029876826023,-0.844909522829817,-0.2159087655256674,9.799597321256517,-0.2159087655256674,30.866865699785446,513.3814922730219,24.956718037112843,303.7429048734451,44.054263437034734,0.0010217638260842763,5.108819130421382,322.42705098312484,0.3328221534422158,LUBRICATION,LUBRICATION_SYSTEM,0.4,0.6,True
1.19,1.19,AEROTWIN-4-001,IDLE,0.15,1141.9097514584141,396.8923928133299,23.73413958893275,28.08089627098049,19.720198452377513,2.3856351281390697,5.975062690463906,29.482944712097037,-0.9708051861810747,-0.21562162746773755,-0.21562162746773755,30.894089091295616,513.2601221958411,24.95639296123878,303.4835838139637,44.01665202920967,0.0010201927666536662,5.100963833268331,322.42705098312484,0.14195539154243514,LUBRICATION,LUBRICATION_SYSTEM,0.4,0.6,True
1.2,1.2,AEROTWIN-4-001,IDLE,0.15,1148.1107741296976,465.4069779008347,23.747817382794373,35.198106294803104,19.81910459140808,2.3916101908295335,12.98739151256549,37.18954287553515,-1.5599448037752444,-0.21574588847840367,-0.21574588847840367,30.92114665457449,513.1430090344272,24.956069134625288,303.59568888861025,44.03291152502626,0.0010208714746880825,5.104357373440413,322.42705098312484,0.2663468871496526,LUBRICATION,LUBRICATION_SYSTEM,0.4,0.6,True
1.21,1.21,AEROTWIN-4-001,IDLE,0.15,1137.4547156928593,534.2936243486165,23.777448428822627,0.12154121327643785,20.034940231863946,2.404597582342099,-22.317996600929607,0.7146599959731619,-0.16108861720097312,-0.21601508274787545,-0.21601508274787545,30.948218710162593,513.0314812831936,24.955747864392922,303.839167462828,44.06822517047365,0.0010223479805797089,5.111739902898544,322.42705098312484,0.48011909075784637,LUBRICATION,LUBRICATION_SYSTEM,0.4,0.6,True
1.22,1.22,AEROTWIN-4-001,IDLE,0.15,1148.2677752372435,602.5409072901881,23.726445675215285,44.6938606627598,19.66476212537454,2.3822795857411694,22.646818951644093,-0.21555172924407792,46.559472110098554,-0.21555172924407792,-1.4345079888505914,30.974403957743313,512.9181748435535,24.955422602515057,303.4206019758965,44.007517269380074,0.0010198117723443532,5.099058861721766,322.42705098312484,0.43277225081572607,LUBRICATION,LUBRICATION_SYSTEM,0.4,0.6,True
1.23,1.23,AEROTWIN-4-001,IDLE,0.15,1146.1720639922348,671.4369738044227,23.778196884801574,18.056099093656915,20.04042005654085,2.404926404692813,-4.389247367576748,-0.21602188237487113,19.702754232927397,-0.21602188237487113,-1.21461137452074,31.0008564718963,512.8123352332807,24.955101684097315,303.84532857616944,44.06911876603046,0.0010223853860053922,5.111926930026961,322.42705098312484,0.16628184053256162,LUBRICATION,LUBRICATION_SYSTEM,0.4,0.6,True
1.24,1.24,AEROTWIN-4-001,IDLE,0.15,1141.4766448163434,20.207297643956736,23.768199042056736,12.53380923207295,19.967335000417478,2.4005371573252363,-9.834062925669762,-0.21593105325019482,-0.21593105325019482,-0.5593981070329591,13.525069445606299,31.026886110610025,512.7082434513025,24.954780092442295,303.7630737665356,44.057188692950795,0.0010218861748567307,5.109430874283654,322.42705098312484,0.26268807147401685,LUBRICATION,LUBRICATION_SYSTEM,0.4,0.6,True
1.25,1.25,AEROTWIN-4-001,IDLE,0.15,1151.7691795081748,88.69589633293734,23.745742754112953,43.7514106986892,19.804073354505817,2.3907030943995666,21.556634249783816,-0.21572704074174978,-0.21572704074174978,-1.6175337263961793,45.800398506568875,31.052362110080836,512.6047416413697,24.95445681920693,303.57867341110534,44.0304436341999,0.001020768413759732,5.10384206879866,322.42705098312484,0.41605391063001707,LUBRICATION,LUBRICATION_SYSTEM,0.4,0.6,True
1.26,1.26,AEROTWIN-4-001,IDLE,0.15,1143.1947488085204,157.8020471034278,23.794866199265332,4.616838665158965,20.162824599675815,2.4122597286493503,-17.9582456631662,-0.21617332096820963,-0.21617332096820963,-0.6125395993970617,5.661724906492446,31.07807957689582,512.5082384629818,24.954137705113162,303.9826886491832,44.089041196300236,0.0010232198790931177,5.1160993954655885,322.42705098312484,0.40185922359622794,LUBRICATION,LUBRICATION_SYSTEM,0.4,0.6,True
1.27,1.27,AEROTWIN-4-001,IDLE,0.15,1149.731824700988,226.393732031939,23.753968769251205,35.94925600044715,19.863734784304402,2.3943014829861844,13.691219733156563,-1.1719596765861002,-0.21580177303887133,37.55281922311099,-0.21580177303887133,31.10304448632439,512.4104731080395,24.953815386618068,303.64616503634875,44.04023248454195,0.0010211772991984332,5.105886495992166,322.42705098312484,0.2794203130810724,LUBRICATION,LUBRICATION_SYSTEM,0.4,0.6,True
1.28,1.28,AEROTWIN-4-001,IDLE,0.15,1152.7034083614244,295.3776415139983,23.78517211943943,28.723218954740638,20.09155598725135,2.407992702719341,6.223670264769947,-1.4642519105710852,-0.21608525149086327,30.61964136829345,-0.21608525149086327,31.128056531829944,512.3179534909247,24.95349576322095,303.902773405771,44.07745044922621,0.0010227342479309644,5.113671239654822,322.42705098312484,0.15260214535732539,LUBRICATION,LUBRICATION_SYSTEM,0.4,0.6,True
1.29,1.29,AEROTWIN-4-001,IDLE,0.15,1142.363685132192,364.5398460156838,23.799306523578455,0.9542976917786612,20.19554701020049,2.414216372984111,-21.65546569140594,1.5150787022556689,-0.12835368898182115,-0.21621366074759332,-0.21621366074759332,31.15292787308038,512.2290204000922,24.953177448869376,304.01932431999967,44.09435476072411,0.0010234426268467972,5.117213134233986,322.42705098312484,0.46605775840524793,LUBRICATION,LUBRICATION_SYSTEM,0.4,0.6,True
1.3,1.3,AEROTWIN-4-001,IDLE,0.15,1153.996498323839,433.0816671236153,23.749991065267476,46.59113264647317,19.834864763539837,2.392560907292705,24.36370697564063,48.57086950447386,-1.548205585788479,-0.2157656361061065,-0.2157656361061065,31.17697054944658,512.1378793265751,24.952855237030626,303.61352121325297,44.035497889727786,0.0010209795006662055,5.104897503331028,322.42705098312484,0.4656995057010033,LUBRICATION,LUBRICATION_SYSTEM,0.4,0.6,True
1.31,1.31,AEROTWIN-4-001,IDLE,0.15,1148.7600705768443,502.32145702304564,23.805447411189476,11.69065869493677,20.240882708009703,2.416924614268346,-10.96714862734128,13.114626529023687,-0.9914289342321403,-0.21626944992738742,-0.21626944992738742,31.20133011879147,512.0540022712638,24.952537719874805,304.0700228894053,44.10170797983357,0.0010237510014513454,5.118755007256727,322.42705098312484,0.2783154301035287,LUBRICATION,LUBRICATION_SYSTEM,0.4,0.6,True
1.32,1.32,AEROTWIN-4-001,IDLE,0.15,1148.9794779858344,571.2470612576562,23.78054319246221,22.923090814689548,20.057607546231317,2.4059574656410043,0.45952580281722666,-0.21604319828035956,24.195686914535962,-0.21604319828035956,-0.8405097032856945,31.225132181813088,511.9699779590151,24.95221829068097,303.8646463755556,44.071920581017835,0.0010225026822312888,5.112513411156444,322.42705098312484,0.08116439252634874,LUBRICATION,LUBRICATION_SYSTEM,0.4,0.6,True
1.33,1.33,AEROTWIN-4-001,IDLE,0.15,1156.5648502358995,640.1858299368063,23.78158862534579,38.35845356450821,20.065270082698536,2.406416991443822,15.886766490365853,-0.21605269590461182,40.38541573168926,-0.21605269590461182,-1.594856775371826,31.248664711867615,511.8881482863194,24.951899091031144,303.87325544691186,44.073169223509204,0.001022554962589397,5.112774812946985,322.42705098312484,0.3212602855067619,LUBRICATION,LUBRICATION_SYSTEM,0.4,0.6,True
1.34,1.34,AEROTWIN-4-001,IDLE,0.15,1146.2023242714713,709.5797209509602,23.817627033875223,1.050159922221438,20.33107979260773,2.4223037579341873,-21.70322362832048,-0.2163801002442276,1.7764406842157703,-0.2163801002442276,-0.29352056150587713,31.27230675610608,511.8116152292625,24.95158301786385,304.17068736348705,44.116308153825436,0.0010243637179358977,5.1218185896794886,322.42705098312484,0.46480996734538427,LUBRICATION,LUBRICATION_SYSTEM,0.4,0.6,True
1.35,1.35,AEROTWIN-4-001,IDLE,0.15,1156.1244904908458,58.35186040724852,23.768343512567178,43.14992620549266,19.968389336197813,2.400600534305867,20.780936334988983,-0.21593236574633423,-0.21593236574633423,-1.3786521204500313,44.96044305743536,31.29514196554865,511.73255441607586,24.951263016945887,303.7642616695931,44.057360984034446,0.0010218933816393552,5.109466908196776,322.42705098312484,0.40526479632822027,LUBRICATION,LUBRICATION_SYSTEM,0.4,0.6,True
1.36,1.36,AEROTWIN-4-001,IDLE,0.15,1155.0424825204873,127.71932983669927,23.81554041491728,20.47082998111877,20.315600704347357,2.421381470640856,-2.2661521938694444,-0.21636114357744254,-0.21636114357744254,-1.2835903583459762,22.187142626619632,31.318210431411476,511.65972248017005,24.950947057542972,304.15343099798434,44.11380532508565,0.0010242586432876967,5.121293216438484,322.42705098312484,0.12489925509162966,LUBRICATION,LUBRICATION_SYSTEM,0.4,0.6,True
1.37,1.37,AEROTWIN-4-001,IDLE,0.15,1148.8499577463976,197.0218787879285,23.810410478807142,9.72711383161417,20.277592071468955,2.4191153184469862,-12.96959355830177,-0.4749242831866937,-0.21631453876294196,10.634667192326749,-0.21631453876294196,31.340950707662405,511.5882476249603,24.950630813970005,304.1110247960053,44.10765481436302,0.001024000500608084,5.12000250304042,322.42705098312484,0.3127938929964128,LUBRICATION,LUBRICATION_SYSTEM,0.4,0.6,True
1.3800000000000001,1.3800000000000001,AEROTWIN-4-001,IDLE,0.15,1159.4878924840707,265.9528762527124,23.780971507564956,44.746930708220894,20.06074656917132,2.4061457248886846,22.280038414160888,-1.6163125621609749,-0.21604708946837492,46.79533744931862,-0.21604708946837492,31.363110423489065,511.51590570194185,24.950312277346146,303.86817339309994,44.07243213258843,0.0010225241002702163,5.112620501351081,322.42705098312484,0.43306579081246543,LUBRICATION,LUBRICATION_SYSTEM,0.4,0.6,True
1.3900000000000001,1.3900000000000001,AEROTWIN-4-001,IDLE,0.15,1151.1990301189765,335.5221498017566,23.8314603637085,5.502250119918127,20.43397709847997,2.4284257633028457,-17.360152741864688,-0.6728048449574371,-0.21650577427933523,6.608066513434235,-0.21650577427933523,31.385541915894425,511.44993144188646,24.949998078555268,304.2851992605498,44.132916730351624,0.0010250614034836235,5.125307017418118,322.42705098312484,0.38722336913756195,LUBRICATION,LUBRICATION_SYSTEM,0.4,0.6,True
1.4000000000000001,1.4000000000000001,AEROTWIN-4-001,IDLE,0.15,1156.9694230735706,404.59409160889516,23.792154806758937,34.63941586980644,20.14286751625924,2.411065610560981,12.085482742986219,36.20986517090582,-1.1381519244723475,-0.2161486883135165,-0.2161486883135165,31.407292669649358,511.38205416874746,24.949680749229515,303.9603273900611,44.08579796399968,0.001023083957661132,5.11541978830566,322.42705098312484,0.2560547323618645,LUBRICATION,LUBRICATION_SYSTEM,0.4,0.6,True
1.41,1.41,AEROTWIN-4-001,IDLE,0.15,1160.2724384207768,474.0122569933094,23.819543475911697,29.686276390318923,20.345306130696436,2.4231510933039675,6.91781916631852,31.6015973840579,-1.4825259719881547,-0.21639751087541156,-0.21639751087541156,31.429073501041252,511.3183468529889,24.94936583917981,304.18654019022244,44.118607416109484,0.0010244602609497766,5.122301304748883,322.42705098312484,0.169058580033888,LUBRICATION,LUBRICATION_SYSTEM,0.4,0.6,True
1.42,1.42,AEROTWIN-4-001,IDLE,0.15,1149.6047866862639,543.6286032985561,23.83516810710953,0.5494303612331252,20.4616389955634,2.430068912470286,-22.342277546800563,-0.21653945865467847,1.0852931132950172,-0.21653945865467847,-0.10278383475253507,31.45076005699636,511.2576477981302,24.94905238056826,304.3159244758166,44.137373054123486,0.0010252487262689615,5.126243631344807,322.42705098312484,0.4739848856307012,LUBRICATION,LUBRICATION_SYSTEM,0.4,0.6,True
1.43,1.43,AEROTWIN-4-001,IDLE,0.15,1161.135170460892,612.6048904997319,23.784567166184647,46.644022196840254,20.087116255621694,2.407726634923485,24.149179306295075,-0.21607975556779221,48.6226631947026,-0.21607975556779221,-1.5464814867267573,31.471661645114338,511.19389436889963,24.948734850169675,303.8977894019596,44.07672757928142,0.0010227039728128032,5.113519864064017,322.42705098312484,0.4662232120026604,LUBRICATION,LUBRICATION_SYSTEM,0.4,0.6,True
1.44,1.44,AEROTWIN-4-001,IDLE,0.15,1155.7920597413458,682.2730007273855,23.839242850091548,11.733370107938882,20.492079216270895,2.4318758142297803,-11.190584922561793,-0.2165764771743515,13.160446363780963,-0.2165764771743515,-0.9939233014933775,31.492884388680405,511.1366763684461,24.94842202042228,304.3497069012784,44.14227278954762,0.0010254547482315638,5.127273741157819,322.42705098312484,0.27836177156825836,LUBRICATION,LUBRICATION_SYSTEM,0.4,0.6,True
1.45,1.45,AEROTWIN-4-001,IDLE,0.15,1156.0704575025788,31.620524311866234,23.813964758225687,23.30767947052389,20.303919333572978,2.4206852293072183,0.5830749076436943,-0.21634682893760068,-0.21634682893760068,-0.8507151745319045,24.591088302930995,31.51359198523437,511.0785989134098,24.948107213752486,304.14040317236777,44.11191579531388,0.0010241793273279762,5.120896636639881,322.42705098312484,0.07521740419226482,LUBRICATION,LUBRICATION_SYSTEM,0.4,0.6,True
1.46,1.46,AEROTWIN-4-001,IDLE,0.15,1163.338120066223,100.98475176202098,23.81528433565206,37.956326979806875,20.313701796449454,2.421268304214862,15.221356879142558,-0.2163588171300177,-0.2163588171300177,-1.5929600664991916,39.9820046805661,31.534067734957485,511.02209270807566,24.947792659518704,304.1513135181871,44.11349821005082,0.001024245751013585,5.121228755067926,322.42705098312484,0.3138335389589568,LUBRICATION,LUBRICATION_SYSTEM,0.4,0.6,True
1.47,1.47,AEROTWIN-4-001,IDLE,0.15,1152.727308737778,170.78503896599435,23.849635624866046,0.78316805714195,20.56990967476129,2.4364896610940043,-22.223231278713346,-0.216670894206087,-0.216670894206087,-0.2602308591317032,1.4767407046858272,31.554655695549837,510.97011387040214,24.947481134425097,304.4359461261294,44.15478075424156,0.00102598096352551,5.1299048176275495,322.42705098312484,0.4702348834343457,LUBRICATION,LUBRICATION_SYSTEM,0.4,0.6,True
1.48,1.48,AEROTWIN-4-001,IDLE,0.15,1162.8846419842298,239.94867749026105,23.799420080015302,43.88411993023048,20.196384495671097,2.4142664298152914,21.273469004744094,-1.4036287827759868,-0.2162146923933217,45.72017809779312,-0.2162146923933217,31.574482344882078,510.9148870131011,24.94716554151004,304.0202614924277,44.09449068633873,0.0010234483259098724,5.117241629549363,322.42705098312484,0.41775302592949837,LUBRICATION,LUBRICATION_SYSTEM,0.4,0.6,True
1.49,1.49,AEROTWIN-4-001,IDLE,0.15,1161.0757314933599,309.72175600931484,23.847497666786985,19.200842810723447,20.553876184649027,2.435539898820035,-3.7885732727456154,-1.2497923864271363,-0.21665147112994232,20.883938139410468,-0.21665147112994232,31.59456665904057,510.86539397005254,24.94685412059923,304.4181964178411,44.15220637205084,0.001025872624656301,5.129363123281506,322.42705098312484,0.1478752439471869,LUBRICATION,LUBRICATION_SYSTEM,0.4,0.6,True
1.5,1.5,AEROTWIN-4-001,IDLE,0.15,1155.7787301316596,379.38629989891643,23.838962199935146,11.827718890960668,20.489981274727963,2.4317513255472893,-11.094013709314584,12.800031198568213,-0.5391644526005102,-0.21657392750351784,-0.21657392750351784,31.61432416047875,510.81636300572694,24.94654212049995,304.3473795812687,44.14193523970805,0.0010254405530586378,5.127202765293189,322.42705098312484,0.2767040663265984,LUBRICATION,LUBRICATION_SYSTEM,0.4,0.6,True
1.51,1.51,AEROTWIN-4-001,IDLE,0.15,1165.8719317145196,448.733023706816,23.813901570357928,43.86326028544085,20.303451010993864,2.420657311837975,21.139151962609013,45.9181530137208,-1.6222002185121693,-0.2163462548838908,-0.2163462548838908,31.633591590753014,510.76628767206876,24.946228158133714,304.1398807747696,44.111840027811034,0.0010241761470654097,5.120880735327049,322.42705098312484,0.4172208118775195,LUBRICATION,LUBRICATION_SYSTEM,0.4,0.6,True
1.52,1.52,AEROTWIN-4-001,IDLE,0.15,1156.89725083934,518.6853396096872,23.86156813258103,4.304880741511744,20.65961194822961,2.441796463800584,-18.79652767051845,5.329417017141651,-0.5909776765999617,-0.21677929951497277,-0.21677929951497277,31.653115540222938,510.72178987957324,24.945918356486924,304.5350972853553,44.16916144007336,0.001026586471560062,5.13293235780031,322.42705098312484,0.4088859970313828,LUBRICATION,LUBRICATION_SYSTEM,0.4,0.6,True
1.53,1.53,AEROTWIN-4-001,IDLE,0.15,1163.8289143172872,588.0991746600475,23.81920164181689,37.283409888316065,20.342767912535034,2.4229999361300654,14.517642039650966,-0.21639440535631024,38.92416949429708,-0.21639440535631024,-1.2079707952683962,31.67197657083267,510.67455824008647,24.94560511961522,304.1837122666886,44.11819725973598,0.0010244430379986336,5.1222151899931685,322.42705098312484,0.3020123534851595,LUBRICATION,LUBRICATION_SYSTEM,0.4,0.6,True
1.54,1.54,AEROTWIN-4-001,IDLE,0.15,1165.7612504959027,657.9289095190848,23.851948695785012,27.07186259240519,20.587269585566236,2.4375175781697163,4.0470754286692365,-0.21669190816002146,28.941148971721756,-0.21669190816002146,-1.4359025629965232,31.690944570468414,510.631478104506,24.945294784668896,304.45515487748156,44.15756675312017,0.001026098227520582,5.1304911376029105,322.42705098312484,0.12293417982515051,LUBRICATION,LUBRICATION_SYSTEM,0.4,0.6,True
1.55,1.55,AEROTWIN-4-001,IDLE,0.15,1156.0679233502333,7.874584548838925,23.8610473731714,2.7955972772474063,20.65568952343398,2.4415646535983857,-20.30165689978496,-0.2167745684822339,-0.2167745684822339,-0.22274425677823367,3.4518906709901076,31.70977857114155,510.5903031163916,24.944985363667975,304.530767094235,44.168533397813654,0.0010265600161384462,5.132800080692231,322.42705098312484,0.4352861843499895,LUBRICATION,LUBRICATION_SYSTEM,0.4,0.6,True
1.56,1.56,AEROTWIN-4-001,IDLE,0.15,1167.4532780844306,77.23865994985292,23.81527232525713,46.58030693067567,20.313612739665242,2.4212629966986006,23.845431194311825,-0.21635870801711343,-0.21635870801711343,-1.5826076212937645,48.59563196800366,31.727928184886057,510.5460032199176,24.944672219578187,304.1512142076951,44.11348380625568,0.001024245146367843,5.121225731839215,322.42705098312484,0.46475332653440793,LUBRICATION,LUBRICATION_SYSTEM,0.4,0.6,True
1.57,1.57,AEROTWIN-4-001,IDLE,0.15,1160.7725184330088,147.28585663491873,23.869003710408222,9.16865198537887,20.715693851689974,2.4451084278929125,-13.992150294204016,-0.2168468507900571,-0.2168468507900571,-0.8789583991150441,10.48130408607403,31.746400933928854,510.5076902585987,24.94436376023754,304.5969554653087,44.17813322677745,0.0010269645083133803,5.134822541566902,322.42705098312484,0.3239453040432391,LUBRICATION,LUBRICATION_SYSTEM,0.4,0.6,True
1.58,1.58,AEROTWIN-4-001,IDLE,0.15,1163.316747917255,216.93220774089926,23.83753033930611,28.23901886955498,20.479280820786716,2.4311162775987087,5.328621771169554,-0.9759366411855039,-0.21656091923254248,29.64807734920557,-0.21656091923254248,31.764337650292326,510.467471938605,24.94405276906304,304.33550696815047,44.14021325964661,0.001025368142321934,5.12684071160967,322.42705098312484,0.1435247371105713,LUBRICATION,LUBRICATION_SYSTEM,0.4,0.6,True
1.59,1.59,AEROTWIN-4-001,IDLE,0.15,1168.8118973915737,286.7312126159345,23.84953488047284,34.514612930962755,20.569153885660942,2.436444899369878,11.509014145931936,-1.556230730729586,-0.21666997895613915,36.504183619604625,-0.21666997895613915,31.782180546957996,510.42934946067584,24.94374293500255,304.4351096241405,44.15465942966609,0.0010259758573795026,5.129879286897514,322.42705098312484,0.2532099579976728,LUBRICATION,LUBRICATION_SYSTEM,0.4,0.6,True
1.6,1.6,AEROTWIN-4-001,IDLE,0.15,1157.7290356078831,356.85992645942895,23.875384970304786,0.0,20.76393752674639,2.44795391351581,-23.2118914402622,-0.08911077791803969,-0.21690482372137138,0.29242177631780675,-0.21690482372137138,31.800068777303757,510.39453510875535,24.943435445022683,304.6500877558921,44.18583942793908,0.0010272893858462662,5.136446929231331,322.42705098312484,0.4845472523046287,LUBRICATION,LUBRICATION_SYSTEM,0.4,0.6,True
1.61,1.61,AEROTWIN-4-001,IDLE,0.15,1168.766266878845,426.32366859590195,23.82314016457444,45.91309561204878,20.372030472089893,2.424742022075548,23.116323117883336,47.8325530753063,-1.4865970905922514,-0.21643018633263847,-0.21643018633263847,31.817225227130997,510.35584131772555,24.943123662044723,304.21630193706085,44.12292400034743,0.0010246415463243757,5.1232077316218785,322.42705098312484,0.4529865042478159,LUBRICATION,LUBRICATION_SYSTEM,0.4,0.6,True
1.62,1.62,AEROTWIN-4-001,IDLE,0.15,1164.872537450904,496.44964460863264,23.875170755305042,15.0551668080008,20.762316306731275,2.4478583451934313,-8.155007843923906,16.609804872400908,-1.1208323091892016,-0.21690287760545257,-0.21690287760545257,31.834692109790446,510.32284511344477,24.94281643627006,304.64830345826147,44.185580636979324,0.0010272784732411342,5.136392366205671,322.42705098312484,0.22107677830142314,LUBRICATION,LUBRICATION_SYSTEM,0.4,0.6,True
1.6300000000000001,1.6300000000000001,AEROTWIN-4-001,IDLE,0.15,1162.6106466650588,566.3419968556868,23.856864377872636,18.32661833018745,20.624207976860536,2.4397033373495076,-4.737292984022593,-0.21673656650408638,19.481382381961765,-0.21673656650408638,-0.7212909187661403,31.851768897911846,510.2890050730876,24.942507787187598,304.4959949135021,44.16349011026452,0.0010263476119387407,5.131738059693704,322.42705098312484,0.16339475108151902,LUBRICATION,LUBRICATION_SYSTEM,0.4,0.6,True
1.6400000000000001,1.6400000000000001,AEROTWIN-4-001,IDLE,0.15,1171.054351868532,636.0986356555903,23.846205542846132,40.66361251151402,20.54419164294269,2.434966044365485,17.684454824205844,-0.2166397323489356,42.71249438274052,-0.2166397323489356,-1.6156024065286325,31.86853723802383,510.255041651974,24.942198372636376,304.4074712220426,44.150650811102615,0.0010258071697147402,5.129035848573701,322.42705098312484,0.3608556037770628,LUBRICATION,LUBRICATION_SYSTEM,0.4,0.6,True
1.6500000000000001,1.6500000000000001,AEROTWIN-4-001,IDLE,0.15,1160.8214335910466,706.3618967677022,23.885903251359064,1.8645649182575337,20.8436883426229,2.4526504991896907,-21.43177392355506,-0.2170003809616323,2.6823120419792934,-0.2170003809616323,-0.3837463617984951,31.88549632222928,510.22554604718977,24.94189249085861,304.7377576784845,44.198554898172034,0.001027825782072943,5.1391289103647155,322.42705098312484,0.4521656856663816,LUBRICATION,LUBRICATION_SYSTEM,0.4,0.6,True
1.6600000000000001,1.6600000000000001,AEROTWIN-4-001,IDLE,0.15,1170.0085595361513,56.01118278316494,23.83776135290209,42.153697167906266,20.481006858143466,2.431218725266136,19.241471584496665,-0.216563017961563,-0.216563017961563,-1.3467188344101562,43.933542038239544,31.901780700860513,510.19240229612046,24.941582640176243,304.33742233244243,44.140491060252785,0.0010253798235484483,5.126899117742242,322.42705098312484,0.38702895513830005,LUBRICATION,LUBRICATION_SYSTEM,0.4,0.6,True
1.67,1.67,AEROTWIN-4-001,IDLE,0.15,1169.1789032953182,126.21169635533401,23.881000146540945,21.51930891543031,20.806476686050118,2.4504601968506323,-1.7376279674704387,-0.21695583688045478,-0.21695583688045478,-1.3128644149828665,23.266085004174087,31.918293322611056,510.1640244785187,24.941276618015348,304.69687606590844,44.19262551084723,0.0010275756012447662,5.137878006223831,322.42705098312484,0.10809188261857315,LUBRICATION,LUBRICATION_SYSTEM,0.4,0.6,True
1.68,1.68,AEROTWIN-4-001,IDLE,0.15,1162.4758344465172,196.36243055305312,23.87710763306287,9.186827291024471,20.77697929007461,2.448722568883162,-14.038874567933302,-0.45831884608830264,-0.21692047389255553,10.078987084897884,-0.21692047389255553,31.934570168397965,510.13600053939655,24.940970401193127,304.6644383430159,44.18792080839434,0.0010273771591028523,5.136885795514262,322.42705098312484,0.32381842812335576,LUBRICATION,LUBRICATION_SYSTEM,0.4,0.6,True
1.69,1.69,AEROTWIN-4-001,IDLE,0.15,1172.9061167614157,266.11098061984416,23.84556968993518,44.81924334679481,20.53942745557782,2.4346836943152286,21.845132196901766,-1.6210133379230327,-0.21663395570643396,46.873524596130714,-0.21663395570643396,31.95034614720173,510.10580445496015,24.940661630926538,304.40219398488176,44.149885411179284,0.0010257749655223324,5.1288748276116625,322.42705098312484,0.43358643265633495,LUBRICATION,LUBRICATION_SYSTEM,0.4,0.6,True
1.7,1.7,AEROTWIN-4-001,IDLE,0.15,1164.2026152606247,336.4853476255291,23.89457562624717,5.1376177881396945,20.90965987855575,2.4565288265121303,-18.228570916928184,-0.649582674257914,-0.21707916838008398,6.221358799157777,-0.21707916838008398,31.966409695955925,510.08083339362673,24.94035719986266,304.8101280794443,44.209051356386446,0.001028268887090029,5.1413444354501445,322.42705098312484,0.39509217553916254,LUBRICATION,LUBRICATION_SYSTEM,0.4,0.6,True
1.71,1.71,AEROTWIN-4-001,IDLE,0.15,1170.419000275035,406.3375045411666,23.853709346411954,36.05835927711554,20.60049269274946,2.4383002555952022,13.019566328770882,37.66755506435098,-1.1757799803431523,-0.2167079034461434,-0.2167079034461434,31.981884767095124,510.0527565367549,24.940049400645076,304.4697797335755,44.15968791299832,0.001026187521763194,5.130937608815971,322.42705098312484,0.2801777133307375,LUBRICATION,LUBRICATION_SYSTEM,0.4,0.6,True
1.72,1.72,AEROTWIN-4-001,IDLE,0.15,1172.6937142446047,476.5626445576687,23.88292492144325,28.036546751459795,20.82107713232332,2.451319821923973,4.764149797212501,29.926025264666517,-1.455531866777403,-0.2169733232146608,-0.2169733232146608,31.99745698817962,510.02804576631104,24.939744244366945,304.71292168946064,44.19495273599599,0.0010276737838101064,5.138368919050532,322.42705098312484,0.13946243063187905,LUBRICATION,LUBRICATION_SYSTEM,0.4,0.6,True
1.73,1.73,AEROTWIN-4-001,IDLE,0.15,1162.6032903273572,546.924267412345,23.893581495016743,2.2248370082116535,20.9020874698449,2.4560839717211858,-21.13333443335443,-0.21707013682479975,2.855247714802775,-0.21707013682479975,-0.19627043294152208,32.01294574755453,510.0049276425438,24.939440147160102,304.8018281566483,44.20784755218396,0.0010282180543102622,5.141090271551311,322.42705098312484,0.4460423413447479,LUBRICATION,LUBRICATION_SYSTEM,0.4,0.6,True
1.74,1.74,AEROTWIN-4-001,IDLE,0.15,1173.923149096282,616.6804648319865,23.84617084772789,46.68713906259485,20.54393165988846,2.434950637287831,23.70825676541856,-0.21663941714821672,48.701507140620635,-0.21663941714821672,-1.5810892437293507,32.027794037030176,509.97806300447763,24.93913212299122,304.40718326065826,44.15060904575935,0.0010258054123988038,5.129027061994019,322.42705098312484,0.4662677161358453,LUBRICATION,LUBRICATION_SYSTEM,0.4,0.6,True
1.75,1.75,AEROTWIN-4-001,IDLE,0.15,1167.1713352668282,687.1158537777634,23.899333551570713,9.263630403443937,20.945937326069277,2.45865889405325,-14.140965816678591,-0.21712239352409174,10.582011862200645,-0.21712239352409174,-0.8841366717085253,32.042974342200225,509.95672135040695,24.9388288039711,304.8498658633164,44.21481484508368,0.001028512312772001,5.1425615638600055,322.42705098312484,0.32299944460222835,LUBRICATION,LUBRICATION_SYSTEM,0.4,0.6,True
1.76,1.76,AEROTWIN-4-001,IDLE,0.15,1169.709914817808,37.14613389377314,23.867678645718918,28.466995785437827,20.70568927859362,2.4445179282365714,5.316788578607635,-0.21683481274655705,-0.21683481274655705,-0.982017758381231,29.882683169312173,32.057669343025644,509.9330196031897,24.938522894526066,304.5859278196667,44.176533799108824,0.0010268970991577464,5.1344854957887325,322.42705098312484,0.14716913883326727,LUBRICATION,LUBRICATION_SYSTEM,0.4,0.6,True
1.77,1.77,AEROTWIN-4-001,IDLE,0.15,1174.9290057477076,107.32872878284162,23.879599269236298,34.17652953344656,20.795856334105228,2.449834716815179,10.930838482526156,-0.21694311008902514,-0.21694311008902514,-1.5532230255052781,36.16363877912989,32.07230225691893,509.91099836231757,24.938218148978784,304.68520024845725,44.19093207363574,0.0010275041662188146,5.137520831094073,322.42705098312484,0.24695000964192146,LUBRICATION,LUBRICATION_SYSTEM,0.4,0.6,True
1.78,1.78,AEROTWIN-4-001,IDLE,0.15,1163.7359827154896,177.82446912770408,23.904035606541292,0.0,20.981847064353794,2.460765555297705,-23.4426126196515,-0.21716511109307715,-0.21716511109307715,-0.061828623069550115,0.1687717125441281,32.08699324932518,509.89176440572294,24.93791565677064,304.8891602158688,44.22051401938918,0.0010287531067623929,5.1437655338119646,322.42705098312484,0.48522419252525584,LUBRICATION,LUBRICATION_SYSTEM,0.4,0.6,True
1.79,1.79,AEROTWIN-4-001,IDLE,0.15,1174.8188536862544,247.64862809063345,23.851510782366553,46.23321555902886,20.583981934725152,2.4373229426780534,23.21191068162565,-1.5030598163888997,-0.2166879297725335,48.16965123496282,-0.2166879297725335,32.10100979871293,509.8682142881722,24.937608780165306,304.4515178361077,44.15703924391339,0.0010260760228509806,5.130380114254903,322.42705098312484,0.4582628716013877,LUBRICATION,LUBRICATION_SYSTEM,0.4,0.6,True
1.8,1.8,AEROTWIN-4-001,IDLE,0.15,1170.3516158332957,318.13775931180874,23.90352085520156,14.08228683722859,20.97791306433116,2.460534853359679,-9.35616108046225,-1.0869019134109332,-0.21716043464288612,15.603509619925298,-0.21716043464288612,32.11535101547798,509.85000272540486,24.93730652249035,304.88485739213877,44.21988994644102,0.00102872673515313,5.14363367576565,322.42705098312484,0.23877199538362925,LUBRICATION,LUBRICATION_SYSTEM,0.4,0.6,True
1.81,1.81,AEROTWIN-4-001,IDLE,0.15,1168.9202231377333,388.35885626180647,23.88260896072082,20.271956581933097,20.818679740840853,2.451178692279217,-2.9979018511869735,21.478842384733603,-0.7729448972968168,-0.21697045275184368,-0.21697045275184368,32.12932189921696,509.8303319211983,24.937002591906715,304.7102874634017,44.19457067311686,0.0010276576641132717,5.1382883205663585,322.42705098312484,0.12995853382899258,LUBRICATION,LUBRICATION_SYSTEM,0.4,0.6,True
1.82,1.82,AEROTWIN-4-001,IDLE,0.15,1176.67230147005,458.49406965007046,23.875893482185408,39.45188220078112,20.76778651778112,2.44818079042803,16.235914892571973,41.49467757159223,-1.6089764838373672,-0.21690944348687308,-0.21690944348687308,32.143062292851916,509.8105394330845,24.936698221136048,304.65432358000965,44.18645378339744,0.001027315292467636,5.13657646233818,322.42705098312484,0.339310918755756,LUBRICATION,LUBRICATION_SYSTEM,0.4,0.6,True
1.83,1.83,AEROTWIN-4-001,IDLE,0.15,1166.0055762895654,529.0944077382735,23.912176500388078,1.168236430450238,21.04415670171016,2.464416705320602,-22.340336976580524,1.9109626110577242,-0.308248040459216,-0.21723907007413515,-0.21723907007413515,32.15698025714235,509.7945640764588,24.936397134809734,304.95724710844553,44.23038920611472,0.0010291705392205099,5.1458526961025495,322.42705098312484,0.46497271904081205,LUBRICATION,LUBRICATION_SYSTEM,0.4,0.6,True
1.84,1.84,AEROTWIN-4-001,IDLE,0.15,1175.8040128782782,599.0547423156474,23.862196877894238,43.6282226371304,20.664348666276286,2.4420763683440216,20.52179760251009,-0.2167850115858565,45.456249772597374,-0.2167850115858565,-1.3944571122952638,32.17026194189433,509.7744166501,24.936091863041835,304.5403257643324,44.169919768207244,0.00102661841646997,5.13309208234985,322.42705098312484,0.41255323450832704,LUBRICATION,LUBRICATION_SYSTEM,0.4,0.6,True
1.85,1.85,AEROTWIN-4-001,IDLE,0.15,1173.8227498321946,669.6029830883441,23.908123080336306,19.32616094946511,21.013110403788964,2.4625981659465315,-4.149547620270386,-0.21720224527056062,21.01569042320073,-0.21720224527056062,-1.255124983194501,32.183814572452214,509.7589722393668,24.935790701379094,304.9233373868771,44.22547100791788,0.0010289626113011228,5.1448130565056145,322.42705098312484,0.14711309333147857,LUBRICATION,LUBRICATION_SYSTEM,0.4,0.6,True
1.86,1.86,AEROTWIN-4-001,IDLE,0.15,1168.5908861061478,20.032348078275845,23.8988640215973,12.44321354911831,20.9423546950128,2.4584486183262615,-10.957589764220751,-0.2171181279042393,-0.2171181279042393,-0.557804621403441,13.43525442633023,32.197117466940654,509.7430648261679,24.935488871835556,304.84594334039764,44.21424593020459,0.0010284882803523565,5.142441401761783,322.42705098312484,0.26734563650948784,LUBRICATION,LUBRICATION_SYSTEM,0.4,0.6,True
1.87,1.87,AEROTWIN-4-001,IDLE,0.15,1178.2476029798333,90.14780124464473,23.874347352090805,43.428557294406176,20.756085740399655,2.4474910285620406,20.22498052544448,-0.21689539709239455,-0.21689539709239455,-1.6267100657631124,45.489058154354076,32.21003246253513,509.72531287098775,24.935185058504633,304.64144538465627,44.184585955699774,0.0010272365314995073,5.136182657497537,322.42705098312484,0.40892036369366613,LUBRICATION,LUBRICATION_SYSTEM,0.4,0.6,True
1.8800000000000001,1.8800000000000001,AEROTWIN-4-001,IDLE,0.15,1168.6931637695009,160.84265742343473,23.919523671916995,3.5574865955740753,21.100541274720594,2.4677160090874852,-20.010770688234004,-0.2173058181892886,-0.2173058181892886,-0.534838711733715,4.526936943686367,32.22321371908181,509.71214330763297,24.934885309228747,305.0187553975917,44.2393102453559,0.0010295478558136424,5.147739279068213,322.42705098312484,0.42333484165960583,LUBRICATION,LUBRICATION_SYSTEM,0.4,0.6,True
1.8900000000000001,1.8900000000000001,AEROTWIN-4-001,IDLE,0.15,1176.378620859489,230.9642472496048,23.87482755335578,39.30380806393606,20.75971913661192,2.447705238399251,16.096383688924888,-1.2635817251896473,-0.2168997596595682,41.00118930844484,-0.2168997596595682,32.23582102320508,509.6952082237005,24.93458181264878,304.6454448660145,44.18516603247701,0.0010272609907097745,5.136304953548873,322.42705098312484,0.33673177580505165,LUBRICATION,LUBRICATION_SYSTEM,0.4,0.6,True
1.9000000000000001,1.9000000000000001,AEROTWIN-4-001,IDLE,0.15,1176.9418743290598,301.54696450117416,23.910805812664073,24.67713030052296,21.03365337035999,2.4638016220881758,1.1796753080747964,-1.388422814425919,-0.2172266175511906,26.50000635005126,-0.2172266175511906,32.248610546052376,509.6819902841906,24.934281577750397,304.94577840856914,44.22872580882205,0.0010291002083481888,5.145501041740944,322.42705098312484,0.08035598457363594,LUBRICATION,LUBRICATION_SYSTEM,0.4,0.6,True
1.9100000000000001,1.9100000000000001,AEROTWIN-4-001,IDLE,0.15,1168.477657776456,372.16347696091776,23.913434402912305,5.791367743946138,21.053800139918597,2.4649812973962506,-17.72741369336871,6.569181613203827,-0.34331287334180627,-0.21725049795794163,-0.21725049795794163,32.261270676265994,509.6693441875126,24.93398171039434,304.96777385796173,44.23191598481105,0.0010292350999543537,5.146175499771768,322.42705098312484,0.3840977033753675,LUBRICATION,LUBRICATION_SYSTEM,0.4,0.6,True
1.92,1.92,AEROTWIN-4-001,IDLE,0.15,1179.3178380980112,442.27213642750513,23.87381569360374,45.90293815277769,20.752063694550476,2.447253883702882,22.703620574524336,47.948624914380524,-1.611905627516966,-0.21689056704292892,-0.21689056704292892,32.273413498166605,509.6533867218718,24.933678538755323,304.63701760511566,44.18394375941077,0.0010272094540138056,5.136047270069028,322.42705098312484,0.4522280924648024,LUBRICATION,LUBRICATION_SYSTEM,0.4,0.6,True
1.93,1.93,AEROTWIN-4-001,IDLE,0.15,1171.1746706239978,513.0312067133858,23.924510232510368,6.553838531459875,21.13889110272419,2.4699575042774065,-17.055010075541723,7.727814644656541,-0.7392738722856117,-0.2173511204555275,-0.2173511204555275,32.28587779769564,509.6424739844384,24.933379919269505,305.06053378071465,44.245369698487295,0.001029804258385919,5.1490212919295955,322.42705098312484,0.37101684329805096,LUBRICATION,LUBRICATION_SYSTEM,0.4,0.6,True
1.94,1.94,AEROTWIN-4-001,IDLE,0.15,1176.164588351018,583.3016869508257,23.8864671078032,33.751733431622014,20.84797168860389,2.4529024942018647,10.450859248816258,-0.21700550352542639,35.30197699018741,-0.21700550352542639,-1.1162325515145435,32.29784188004885,509.6283441365235,24.933078116565763,304.74246065313537,44.19923700820945,0.0010278545684582272,5.1392728422911365,322.42705098312484,0.23943787628859944,LUBRICATION,LUBRICATION_SYSTEM,0.4,0.6,True
1.95,1.95,AEROTWIN-4-001,IDLE,0.15,1179.2225014005749,653.8715622518868,23.909806672805395,29.893831730796776,21.026000262810015,2.463353353450681,6.40447811453608,-0.2172175404931583,31.818034188584242,-0.2172175404931583,-1.4897673768011486,32.30987639443563,509.6167060709751,24.932778484175493,304.9374197343624,44.22751348343245,0.0010290489539637158,5.1452447698185795,322.42705098312484,0.17165957899106452,LUBRICATION,LUBRICATION_SYSTEM,0.4,0.6,True
1.96,1.96,AEROTWIN-4-001,IDLE,0.15,1168.4291741646975,4.6249123359212945,23.924066192863545,0.9997396121085108,21.135473481891808,2.469757831565217,-22.605491701348516,-0.21734708641203715,-0.21734708641203715,-0.13143899617487884,1.565872781107464,32.321897232072914,509.6066694912296,24.932480239476984,305.05681246411586,44.244829966170435,0.001029781416054981,5.148907080274905,322.42705098312484,0.4682030503608796,LUBRICATION,LUBRICATION_SYSTEM,0.4,0.6,True
1.97,1.97,AEROTWIN-4-001,IDLE,0.15,1179.715693682576,74.73066278580315,23.87358802717883,46.835925141820965,20.75034160064668,2.4471523398638686,23.638431201310414,-0.21688849872253016,-0.21688849872253016,-1.569240064465452,48.83894220373148,32.33331292755822,509.59225811430514,24.932177733083474,304.6351216333589,44.183668771459104,0.0010271978597842207,5.135989298921103,322.42705098312484,0.4685579615679418,LUBRICATION,LUBRICATION_SYSTEM,0.4,0.6,True
1.98,1.98,AEROTWIN-4-001,IDLE,0.15,1173.2466730157478,145.51360440675774,23.92636293637759,10.075261943309123,21.153156374129683,2.470790771065179,-13.548685201885739,-0.21736795203358278,-0.21736795203358278,-0.9230701896895199,11.433068037065807,32.34507243430778,509.5830441015972,24.93187996663363,305.07606279232056,44.24762199527259,0.0010298995872769466,5.1494979363847335,322.42705098312484,0.30943584841446503,LUBRICATION,LUBRICATION_SYSTEM,0.4,0.6,True
1.99,1.99,AEROTWIN-4-001,IDLE,0.15,1175.1570388765538,215.9084047877026,23.89616923768672,27.38010697499796,20.921803986483432,2.457242085863293,4.001060902651236,-0.9549263093720165,-0.21709364613651833,28.769220576643015,-0.21709364613651833,32.35641512430216,509.57128800177827,24.931579693139724,304.8234351598479,44.210981388714025,0.0010283503939957162,5.141751969978581,322.42705098312484,0.1278241074120388,LUBRICATION,LUBRICATION_SYSTEM,0.4,0.6,True
2.0,2.0,AEROTWIN-4-001,IDLE,0.15,1180.5729284748977,286.41782712029584,23.905101091641782,34.794248068935225,20.989992272295567,2.4612431467659444,11.343012649873714,-1.5623979247787314,-0.21717479088915947,36.790995575492275,-0.21717479088915947,32.367702650896916,509.5606445326809,24.93128033650494,304.8980675218654,44.22180591723632,0.0010288077020232517,5.144038510116258,322.42705098312484,0.2574702035233019,LUBRICATION,LUBRICATION_SYSTEM,0.4,0.6,True
2.0100000000000002,2.0100000000000002,AEROTWIN-4-001,IDLE,0.15,1169.2777839453843,357.2522028287897,23.930352945568696,0.0,21.183909224020617,2.472586159415818,-23.656495383436436,-0.0781672338553015,-0.21740420075758538,0.23988307399075132,-0.21740420075758538,32.37908402208783,509.55258824585314,24.93098333444261,305.10951863300573,44.25247436349389,0.001030105009101134,5.15052504550567,322.42705098312484,0.48584753294885374,LUBRICATION,LUBRICATION_SYSTEM,0.4,0.6,True
2.02,2.02,AEROTWIN-4-001,IDLE,0.15,1180.2642542239294,427.4088698655127,23.877571680644223,46.239432978349676,20.78049377034392,2.4489296640323817,23.010009543973375,48.1753823036991,-1.5020999459382662,-0.21692468970557624,-0.21692468970557624,32.38985149025224,509.5398925899691,24.930681855584787,304.66830459917844,44.18848156245564,0.0010274008084202914,5.137004042101457,322.42705098312484,0.45807392621223186,LUBRICATION,LUBRICATION_SYSTEM,0.4,0.6,True
2.0300000000000002,2.0300000000000002,AEROTWIN-4-001,IDLE,0.15,1175.6815750991952,498.22472511894847,23.928916516288243,14.046832081953132,21.172833123059693,2.471939673576355,-9.597940714682915,15.56782673077543,-1.086212346860306,-0.21739115098099526,-0.21739115098099526,32.40095269772585,509.5322228127444,24.930385002216127,305.0974723690729,44.250727197465594,0.0010300310369867588,5.150155184933793,322.42705098312484,0.23999391078207383,LUBRICATION,LUBRICATION_SYSTEM,0.4,0.6,True
2.04,2.04,AEROTWIN-4-001,IDLE,0.15,1174.349838970911,568.7656196249002,23.90755129179708,20.681894502646788,21.008734394544053,2.462341732861672,-2.789181624758937,-0.21719705064469547,21.900197978392555,-0.21719705064469547,-0.7839093744563765,32.41172714251895,509.5227807746112,24.930086407656773,304.9185553584067,44.22477743207259,0.001028933293852367,5.144666469261836,322.42705098312484,0.12337422441455123,LUBRICATION,LUBRICATION_SYSTEM,0.4,0.6,True
2.05,2.05,AEROTWIN-4-001,IDLE,0.15,1181.831689072258,639.2266099631548,23.90132862466716,39.09066943704448,20.961166676705673,2.4595525512369134,15.669950209101895,-0.2171405185084149,41.13243397755672,-0.2171405185084149,-1.6074835034954078,32.422316244462614,509.5130040433763,24.92978740562984,304.8665355639144,44.217232585119014,0.0010286144536540355,5.143072268270178,322.42705098312484,0.3327003729222073,LUBRICATION,LUBRICATION_SYSTEM,0.4,0.6,True
2.06,2.06,AEROTWIN-4-001,IDLE,0.15,1170.9570197614942,710.1365113074903,23.936207164720287,0.9284754425544052,21.229107085718077,2.4752225014460154,-22.77585414460969,-0.21745738559103125,1.6427707294176577,-0.21745738559103125,-0.27938051568119,32.43309182452834,509.5066782376086,24.929491608096455,305.15863627016677,44.259598287352446,0.0010304067055631795,5.152033527815898,322.42705098312484,0.46973807421498925,LUBRICATION,LUBRICATION_SYSTEM,0.4,0.6,True
2.07,2.07,AEROTWIN-4-001,IDLE,0.15,1180.948911231927,60.39393249317993,23.885447081164163,44.21963884960463,20.840223642984572,2.4524466473014055,20.926968559318652,-0.2169962367136616,-0.2169962367136616,-1.4149933197624263,46.068624642794376,32.44328292178955,509.4958500044233,24.92919149387558,304.7339531266666,44.19800309358547,0.001027802495719152,5.13901247859576,322.42705098312484,0.4226378295247945,LUBRICATION,LUBRICATION_SYSTEM,0.4,0.6,True
2.08,2.08,AEROTWIN-4-001,IDLE,0.15,1178.3802353580604,131.25086716709555,23.932102144060966,18.290955902197247,21.197404456198583,2.4733736158607242,-5.379822169862061,-0.21742009200252618,-0.21742009200252618,-1.2259718282062573,19.951767914408556,32.4537684910106,509.48957471626926,24.928895607667183,305.1241908152822,44.254602387466896,0.0010301951167257944,5.150975583628972,322.42705098312484,0.165797287774736,LUBRICATION,LUBRICATION_SYSTEM,0.4,0.6,True
2.09,2.09,AEROTWIN-4-001,IDLE,0.15,1173.9170225566995,201.95368128857916,23.92014186697862,14.225554773720914,21.105292012138772,2.4679937936908622,-9.34773103210872,-0.6093253809651734,-0.21731143441248393,15.269503023511055,-0.21731143441248393,32.46402045959871,509.4823554492303,24.928598802293664,305.02393333188115,44.24006124258938,0.0010295796287240874,5.147898143620438,322.42705098312484,0.2366582942840407,LUBRICATION,LUBRICATION_SYSTEM,0.4,0.6,True
2.1,2.1,AEROTWIN-4-001,IDLE,0.15,1183.046950904549,272.3887026419811,23.89930490104477,42.52604197844167,20.945718698845916,2.458646062658754,19.121677216936998,-1.6270010157863588,-0.21712213323772203,44.58728726070347,-0.21712213323772203,32.47396364954931,509.47340385838095,24.928300304759563,304.8496265059948,44.214780129176475,0.0010285108462592465,5.1425542312962325,322.42705098312484,0.39284236223218105,LUBRICATION,LUBRICATION_SYSTEM,0.4,0.6,True
2.11,2.11,AEROTWIN-4-001,IDLE,0.15,1173.0153948047932,343.3715196962541,23.94185377925951,2.740514525807747,21.272788750643507,2.477767739875691,-21.01004196471145,-0.46682478982537784,-0.21750868436308357,3.642356684359292,-0.21750868436308357,32.484166358117335,509.46858888373765,24.92800569295392,305.2060466319583,44.266474591405974,0.0010306980391608283,5.1534901958041415,322.42705098312484,0.43816139719717584,LUBRICATION,LUBRICATION_SYSTEM,0.4,0.6,True
2.12,2.12,AEROTWIN-4-001,IDLE,0.15,1181.4472772338136,413.7524433845417,23.895087030499454,41.03000726954505,20.91355630833842,2.4567576979109793,17.65969326329565,42.77721148395004,-1.313036585560153,-0.21708381442241295,-0.21708381442241295,32.493830475003854,509.459595045132,24.92770709836003,304.8143981533643,44.209670679367655,0.0010282950405727926,5.141475202863963,322.42705098312484,0.3667096566296128,LUBRICATION,LUBRICATION_SYSTEM,0.4,0.6,True
2.13,2.13,AEROTWIN-4-001,IDLE,0.15,1180.9343779671763,484.63928001857056,23.93441994231632,22.615502719317426,21.215299040208865,2.474417391174275,-1.0742137120657143,24.392127720020127,-1.341742702895281,-0.21744114890370805,-0.21744114890370805,32.50372689955733,509.45443971638963,24.927412100673784,305.14363738656743,44.257422879272966,0.0010303145637058618,5.151572818529309,322.42705098312484,0.09017269632758097,LUBRICATION,LUBRICATION_SYSTEM,0.4,0.6,True
2.14,2.14,AEROTWIN-4-001,IDLE,0.15,1173.6778618661845,555.4953426966011,23.932034539678128,8.472214125780619,21.19688273067354,2.473343177462209,-15.198011782355131,-0.21741947782534074,9.34269656452761,-0.21741947782534074,-0.4356434830963098,32.51348270465158,509.4491934568944,24.92711702756409,305.1236236930447,44.25452013319182,0.0010301916335891776,5.1509581679458885,322.42705098312484,0.3376236654684887,LUBRICATION,LUBRICATION_SYSTEM,0.4,0.6,True
2.15,2.15,AEROTWIN-4-001,IDLE,0.15,1183.9832612055527,625.9160144085722,23.898186371865854,44.978908146758116,20.937185076498892,2.458145165679854,21.58357790457937,-0.21711197154296064,47.03733707846778,-0.21711197154296064,-1.624204988623743,32.522822289551954,509.4409684184147,24.926819110746177,304.840282559427,44.213424901854175,0.0010284535994942376,5.142267997471189,322.42705098312484,0.43578021951083634,LUBRICATION,LUBRICATION_SYSTEM,0.4,0.6,True
2.16,2.16,AEROTWIN-4-001,IDLE,0.15,1174.9978567328958,696.9550100809054,23.94620071619568,4.967215956724104,21.30647433369435,2.4797287435844333,-18.81898712055468,-0.21754817573007262,6.041012773120855,-0.21754817573007262,-0.6387004649366061,32.53247333435742,509.4373656056138,24.92652556842661,305.242567763276,44.271771543250026,0.0010309225419495266,5.154612709747632,322.42705098312484,0.39929733161093545,LUBRICATION,LUBRICATION_SYSTEM,0.4,0.6,True
2.17,2.17,AEROTWIN-4-001,IDLE,0.15,1181.4486336793211,47.45488148487914,23.90435733218708,36.955691613763726,20.9843062140758,2.4609097564638787,13.510475643224046,-0.2171680339294868,-0.2171680339294868,-1.199981142287061,38.59000882390976,32.54163897231264,509.43000197550185,24.926228463266725,304.8918496720214,44.22090409273064,0.0010287695907030257,5.143847953515128,322.42705098312484,0.2953039004989411,LUBRICATION,LUBRICATION_SYSTEM,0.4,0.6,True
2.18,2.18,AEROTWIN-4-001,IDLE,0.15,1182.9736881865438,118.3417995056384,23.93442624967148,26.88383467865308,21.215347755736254,2.4744202321071027,3.1940666908097244,-0.21744120620522428,-0.21744120620522428,-1.4353260101790288,28.754043101242555,32.55095851789872,509.425587054834,24.925934147025337,305.14369031372996,44.25743055572276,0.0010303148888291317,5.151574444145658,322.42705098312484,0.118706331678885,LUBRICATION,LUBRICATION_SYSTEM,0.4,0.6,True
2.19,2.19,AEROTWIN-4-001,IDLE,0.15,1173.423811067386,189.32022079683105,23.941513517567884,3.7465525381283946,21.27015410615127,2.477614298797912,-20.00121586682079,-0.26419114313053266,-0.21750559312906437,4.4457548675170555,-0.21750559312906437,32.56022805376868,509.42193610197165,24.925640595794512,305.2031887486011,44.26606008971961,0.001030680474212182,5.153402371060911,322.42705098312484,0.4205476548578442,LUBRICATION,LUBRICATION_SYSTEM,0.4,0.6,True
2.2,2.2,AEROTWIN-4-001,IDLE,0.15,1184.4272022717387,259.72564946087425,23.896997982291563,46.4311837876343,20.928122056590432,2.4576130829310916,23.04544864811278,-1.6021496565295306,-0.21710117517542793,48.467535794514696,-0.21710117517542793,32.56899623209159,509.41428361845124,24.925343250930972,304.83035644304886,44.21198523778692,0.0010283927912157797,5.141963956078898,322.42705098312484,0.46120853861855804,LUBRICATION,LUBRICATION_SYSTEM,0.4,0.6,True
2.21,2.21,AEROTWIN-4-001,IDLE,0.15,1176.6651725420845,330.79128159717857,23.948260687326744,7.546356770938996,21.32245528977805,2.4806585315792042,-16.25675705041826,-0.7962825502456821,-0.2175668903047532,8.777773101794184,-0.2175668903047532,32.57810722792112,509.41153818610644,24.925050573111616,305.2598818307432,44.27428274096734,0.0010310290001852777,5.155145000926389,322.42705098312484,0.35421129156716835,LUBRICATION,LUBRICATION_SYSTEM,0.4,0.6,True
2.22,2.22,AEROTWIN-4-001,IDLE,0.15,1180.8228393257102,401.3911919497036,23.912143231333687,32.2161004318688,21.04390170833168,2.464401774528786,8.707796949008335,33.72785938526456,-1.0772814177377057,-0.21723876782902427,-0.21723876782902427,32.586792258652096,509.4055348054004,24.924754828853015,304.9569687191303,44.23034882908522,0.001029168831935887,5.145844159679434,322.42705098312484,0.2122728133963869,LUBRICATION,LUBRICATION_SYSTEM,0.4,0.6,True
2.23,2.23,AEROTWIN-4-001,IDLE,0.15,1184.3338226405085,472.24056230924623,23.93151567062162,31.01937468110965,21.192878850534054,2.4731095714777944,7.353386259097801,32.96350216730121,-1.509297958259121,-0.21741476396621864,-0.21741476396621864,32.595541487179105,509.401463366405,24.924460932886593,305.11927114595215,44.25388884846661,0.0010301649018082757,5.150824509041379,322.42705098312484,0.19111111526974334,LUBRICATION,LUBRICATION_SYSTEM,0.4,0.6,True
2.24,2.24,AEROTWIN-4-001,IDLE,0.15,1173.1695522881457,543.3005916676767,23.947827445767253,0.41716312945707223,21.31909331950231,2.480462957736892,-23.382393147782132,-0.21756295436050743,0.9462343585680512,-0.21756295436050743,-0.0939453203899641,32.60432769128999,509.3989984205194,24.924168623573955,305.25624005597024,44.273754545237814,0.0010310066068236134,5.155033034118067,322.42705098312484,0.47896189006747236,LUBRICATION,LUBRICATION_SYSTEM,0.4,0.6,True
2.25,2.25,AEROTWIN-4-001,IDLE,0.15,1184.395153683779,613.6907648049655,23.8958083919457,46.886978730576374,20.91905358155454,2.45708056458911,23.510844584432725,-0.21709036789903885,48.883819418310274,-0.21709036789903885,-1.5626599519358215,32.61255639918516,509.39181041098703,24.923871848311713,304.82042177024096,44.21054433271221,0.0010283319359027589,5.141659679513794,322.42705098312484,0.46919846213113026,LUBRICATION,LUBRICATION_SYSTEM,0.4,0.6,True
2.2600000000000002,2.2600000000000002,AEROTWIN-4-001,IDLE,0.15,1178.0313963260508,684.7544740259923,23.94811199904851,10.473670572883837,21.321301406555246,2.480591409173543,-13.328222242844953,-0.217565539490732,11.850449379771236,-0.217565539490732,-0.9416477279059344,32.621139348111626,509.3896130737197,24.92357983623335,305.25863195287127,44.27410146118054,0.0010310213145751995,5.155106572875997,322.42705098312484,0.3029797683873057,LUBRICATION,LUBRICATION_SYSTEM,0.4,0.6,True
2.27,2.27,AEROTWIN-4-001,IDLE,0.15,1179.6611947311374,35.4363578055553,23.918515806975307,26.97350313479878,21.09279815036657,2.467263186930698,3.413441797501512,-0.21729666186499125,-0.21729666186499125,-0.9449117732949411,28.353008231823704,32.629361780887045,509.3847433453022,24.923285329485687,305.01031449494633,44.23808599371802,0.0010294960637533285,5.147480318766643,322.42705098312484,0.12045523298054225,LUBRICATION,LUBRICATION_SYSTEM,0.4,0.6,True
2.2800000000000002,2.2800000000000002,AEROTWIN-4-001,IDLE,0.15,1185.0713090599727,106.21602948942353,23.926109182767817,34.952795590400555,21.151202007972064,2.4706766287281994,11.330916953700292,-0.21736564671444072,-0.21736564671444072,-1.5653841292416364,36.95291101307107,32.63755076286487,509.38069384512585,24.922991630204937,305.073935663163,44.247313480713835,0.0010298865285665807,5.149432642832904,322.42705098312484,0.2600070186766892,LUBRICATION,LUBRICATION_SYSTEM,0.4,0.6,True
2.29,2.29,AEROTWIN-4-001,IDLE,0.15,1173.6944394491038,177.3203080330219,23.95124822981578,0.0,21.345652447887844,2.4820075456819,-23.827659993569743,-0.21759403174677605,-0.21759403174677605,-0.07629782275554453,0.2312154069333477,32.64585872098097,509.37906420288056,24.922700304678855,305.28500021892745,44.2779258617528,0.0010311834732468451,5.155917366234226,322.42705098312484,0.486343505338802,LUBRICATION,LUBRICATION_SYSTEM,0.4,0.6,True
2.3000000000000003,2.3000000000000003,AEROTWIN-4-001,IDLE,0.15,1184.6497235449049,247.74197439996811,23.89826390996884,46.34064977540525,20.93777653414533,2.45817988568833,22.944693355571587,-1.5070129368022591,-0.21711267596672515,48.28188806414096,-0.21711267596672515,32.65361007579762,509.3725995004296,24.922404417055198,304.84093025360323,44.213518842122106,0.0010284575675136097,5.142287837568049,322.42705098312484,0.4596098175903666,LUBRICATION,LUBRICATION_SYSTEM,0.4,0.6,True
2.31,2.31,AEROTWIN-4-001,IDLE,0.15,1179.828804398129,318.8209578126624,23.94929296693529,13.714682976392671,21.330467847389475,2.4811245790439016,-10.096909450040705,-1.074414778217254,-0.21757626843318137,15.224250291476286,-0.21757626843318137,32.66170681863452,509.37099153729525,24.922113187731146,305.2685598554463,44.275541384314224,0.001031082364453836,5.155411822269181,322.42705098312484,0.2462901030079042,LUBRICATION,LUBRICATION_SYSTEM,0.4,0.6,True
2.32,2.32,AEROTWIN-4-001,IDLE,0.15,1178.8155860603215,389.61068607655017,23.926889559914084,21.506161027842786,21.15721288260819,2.471027669593861,-2.1220795243592634,22.746442080282257,-0.8055355797571391,-0.21737273634116538,-0.21737273634116538,32.66951265341249,509.3673576650335,24.921820096751162,305.08047751364,44.24826229762332,0.0010299266905828052,5.149633452914026,322.42705098312484,0.10940759838497244,LUBRICATION,LUBRICATION_SYSTEM,0.4,0.6,True
2.33,2.33,AEROTWIN-4-001,IDLE,0.15,1185.9335247709782,460.33962124016944,23.92217058597861,38.49757109072825,21.120889525923843,2.4689055900695016,14.907775974734905,40.53573591747923,-1.6035050966198887,-0.21732986506554436,-0.21732986506554436,32.677183977050674,509.3633804031478,24.92152672202031,305.04092849337707,44.242526186822424,0.0010296839248912398,5.148419624456199,322.42705098312484,0.322085094783389,LUBRICATION,LUBRICATION_SYSTEM,0.4,0.6,True
2.34,2.34,AEROTWIN-4-001,IDLE,0.15,1174.8451977177424,531.4956327264281,23.95524513073226,0.6371999133957257,21.376724421383102,2.4838133660442363,-23.223337874031614,1.3138422424671918,-0.2413816429090189,-0.21763034308122362,-0.21763034308122362,32.68504693460714,509.36255311797095,24.92123643099603,305.318619980175,44.282802004684626,0.0010313902812766958,5.156951406383479,322.42705098312484,0.4752874850810512,LUBRICATION,LUBRICATION_SYSTEM,0.4,0.6,True
2.35,2.35,AEROTWIN-4-001,IDLE,0.15,1185.063348757516,601.9863445894927,23.903643967326257,44.840289409907804,20.9788538885217,2.460590028170205,21.400845493215897,-0.2171615531008184,46.71249726795042,-0.2171615531008184,-1.437884751840974,32.69237352020705,509.35699437475785,24.920941687170796,304.88588646532116,44.22003920115725,0.0010287330421558539,5.14366521077927,322.42705098312484,0.4332924532688559,LUBRICATION,LUBRICATION_SYSTEM,0.4,0.6,True
2.36,2.36,AEROTWIN-4-001,IDLE,0.15,1181.874752282483,673.0901455149436,23.951211316696714,17.149175717773105,21.34536568492659,2.481990873663421,-6.678180840816907,-0.2175936963958029,18.77614519303354,-0.2175936963958029,-1.191782082468827,32.70001792547722,509.35595380771355,24.920651304776747,305.28468980575417,44.277880840046976,0.0010311815640603205,5.155907820301603,322.42705098312484,0.18623205327383718,LUBRICATION,LUBRICATION_SYSTEM,0.4,0.6,True
2.37,2.37,AEROTWIN-4-001,IDLE,0.15,1178.272272403708,24.00263065189256,23.936407343405723,16.160950671162556,21.230654192916713,2.475312692822604,-7.54501621457676,-0.21745920418882686,-0.21745920418882686,-0.663433108168228,17.25930218770844,32.70744312831249,509.3535727134989,24.920359733273052,305.16031643879967,44.25984197565062,0.0010304170280132949,5.1520851400664744,322.42705098312484,0.20317450723465683,LUBRICATION,LUBRICATION_SYSTEM,0.4,0.6,True
2.38,2.38,AEROTWIN-4-001,IDLE,0.15,1186.8268409786378,94.69896699611505,23.91963865996962,41.48583906731769,21.101424864289932,2.467767676608027,17.916646526419733,-0.21730686284106346,-0.21730686284106346,-1.624323486830968,43.544776279830785,32.71463606241436,509.34970722669163,24.92006680518022,305.01971849444556,44.239449930997395,0.0010295537654713986,5.147768827356993,322.42705098312484,0.374408411796943,LUBRICATION,LUBRICATION_SYSTEM,0.4,0.6,True
2.39,2.39,AEROTWIN-4-001,IDLE,0.15,1176.3707831364693,165.9085774548333,23.95938343637539,1.9955089987245067,21.408941010567563,2.4856843231344468,-21.899116334977503,-0.2176679390595563,-0.2176679390595563,-0.39746679564485154,2.828311672488471,32.72208112164609,509.34960462072945,24.91977756040527,305.3534472650684,44.28785328443099,0.0010316045814435324,5.158022907217662,322.42705098312484,0.45161545103195977,LUBRICATION,LUBRICATION_SYSTEM,0.4,0.6,True
2.4,2.4,AEROTWIN-4-001,IDLE,0.15,1185.456213298351,236.49082444302147,23.910769227700335,42.52563873525012,21.033373094270125,2.463785206799469,19.028480434180526,-1.3584203745640888,-0.21722628518146672,44.318511680177146,-0.21722628518146672,32.72902287466425,509.3450234122697,24.91948411435759,304.94547232504306,44.22868141507959,0.0010290983314137935,5.145491657068968,322.42705098312484,0.39270529661988174,LUBRICATION,LUBRICATION_SYSTEM,0.4,0.6,True
2.41,2.41,AEROTWIN-4-001,IDLE,0.15,1183.9345724748061,307.61819724092254,23.953032821994476,20.655417184908345,21.359520586108616,2.4828136872336497,-3.186917088433921,-1.2927612385148861,-0.21761024453883854,22.38339891250091,-0.21761024453883854,32.73623944136517,509.3444504898051,24.919194568338146,305.3000091191959,44.28010272262994,0.0010312757912157963,5.156378956078982,322.42705098312484,0.1249161075304073,LUBRICATION,LUBRICATION_SYSTEM,0.4,0.6,True
2.42,2.42,AEROTWIN-4-001,IDLE,0.15,1177.9366600398819,378.6542715894109,23.94597474891553,11.222350346956325,21.304722005100054,2.4796267701452157,-12.561998428288945,12.179319821280972,-0.5218772286322717,-0.21754612284618702,-0.21754612284618702,32.74330861879294,509.34323975862065,24.918904523195014,305.24066878364727,44.27149611904263,0.001030910866762459,5.154554333812295,322.42705098312484,0.2898271136289934,LUBRICATION,LUBRICATION_SYSTEM,0.4,0.6,True
2.43,2.43,AEROTWIN-4-001,IDLE,0.15,1187.6161723735402,449.3304711918038,23.91807413411294,43.829193753774476,21.08940575688879,2.467064771716927,20.272723225168757,45.893362655794405,-1.6295836033730629,-0.21729264932343545,-0.21729264932343545,32.750056519671205,509.33948876181506,24.918612124841886,305.0066158073195,44.23754954346201,0.0010294733704028262,5.147366852014131,322.42705098312484,0.41543481507957786,LUBRICATION,LUBRICATION_SYSTEM,0.4,0.6,True
2.44,2.44,AEROTWIN-4-001,IDLE,0.15,1177.9361492792627,520.5874415342162,23.96303768833189,3.6509722098603747,21.4374276746258,2.4873374949420954,-20.27379295970752,4.629050952885741,-0.5426764680814538,-0.21770113747195652,-0.21770113747195652,32.75710366587846,509.3399799023583,24.918323881669696,305.38421618182844,44.29231594658003,0.0010317939638579386,5.158969819289694,322.42705098312484,0.4227317439085557,LUBRICATION,LUBRICATION_SYSTEM,0.4,0.6,True
2.45,2.45,AEROTWIN-4-001,IDLE,0.15,1185.580230991604,591.2636104909719,23.918071752794862,39.56617847050248,21.089387467899293,2.4670637019823882,16.009727300620796,-0.21729262768946478,41.27197961879177,-0.21729262768946478,-1.271215892910363,32.76368547701511,509.3363101830619,24.91803174980098,305.006595866077,44.23754665122408,0.001029473248055063,5.147366240275315,322.42705098312484,0.340832074561257,LUBRICATION,LUBRICATION_SYSTEM,0.4,0.6,True
2.46,2.46,AEROTWIN-4-001,IDLE,0.15,1185.7219235862756,662.3984243504682,23.95360771348099,24.143823620915466,21.363989915307087,2.483073429283009,0.29676027632537005,-0.21761546735458354,25.95711972577236,-0.21761546735458354,-1.378065170147726,32.770487460102466,509.3360082417675,24.917742926173304,305.304844839591,44.2808040858446,0.0010313055377453846,5.156527688726923,322.42705098312484,0.07054021287950867,LUBRICATION,LUBRICATION_SYSTEM,0.4,0.6,True
2.47,2.47,AEROTWIN-4-001,IDLE,0.15,1177.6171119572502,13.541739765644706,23.95426447165208,6.877789189837509,21.369096781928153,2.4833701895593343,-16.97467778164998,-0.21762143391870406,-0.21762143391870406,-0.38217643030383325,7.695208487978751,32.777212680989685,509.33577457440316,24.917454294987575,305.3103696191276,44.281605388819024,0.0010313395245066931,5.156697622533466,322.42705098312484,0.3660538661673445,LUBRICATION,LUBRICATION_SYSTEM,0.4,0.6,True
2.48,2.48,AEROTWIN-4-001,IDLE,0.15,1188.105435680781,84.19876648307972,23.916584126048413,45.51105448374701,21.07796513309177,2.466395511777684,21.966693838877557,-0.2172791127904337,-0.2172791127904337,-1.6212474373251813,47.56686014665306,32.783539984740145,509.33207325802476,24.91716243045108,304.9941395940454,44.235740018441156,0.0010293968278993191,5.146984139496595,322.42705098312484,0.44488423610512795,LUBRICATION,LUBRICATION_SYSTEM,0.4,0.6,True
2.49,2.49,AEROTWIN-4-001,IDLE,0.15,1179.3222487107364,155.48509262392662,23.965301655964836,5.547992938022421,21.455094505871287,2.488362205616562,-18.395463773465426,-0.21772170532880764,-0.21772170532880764,-0.6775444792580031,6.66098082793804,32.790200502064415,509.33295947043734,24.916875062181365,305.40328609502535,44.29508180865029,0.001031911364560178,5.15955682280089,322.42705098312484,0.38958773349820713,LUBRICATION,LUBRICATION_SYSTEM,0.4,0.6,True
2.5,2.5,AEROTWIN-4-001,IDLE,0.15,1185.2842481753803,226.24442754657082,23.92453077457877,36.09579844169919,21.13904922063512,2.469966741843096,12.486782479220972,-1.1774409948558977,-0.21735130707759584,37.70794205071027,-0.21735130707759584,32.79643775643658,509.33005930455244,24.916584170303146,305.06070594052255,44.24539466820151,0.0010298053151621548,5.149026575810774,322.42705098312484,0.28002740008853566,LUBRICATION,LUBRICATION_SYSTEM,0.4,0.6,True
2.5100000000000002,2.5100000000000002,AEROTWIN-4-001,IDLE,0.15,1187.0686300689092,297.3614824370936,23.952235577561737,27.572978331884762,21.35332410895632,2.482453524322317,3.737200698606127,-1.44943927199349,-0.21760300167497007,29.457623607228193,-0.21760300167497007,32.802831829657826,509.32978678544237,24.916295891821992,305.2933036565014,44.27913017573165,0.0010312345452080087,5.156172726040044,322.42705098312484,0.13056584002480817,LUBRICATION,LUBRICATION_SYSTEM,0.4,0.6,True
2.52,2.52,AEROTWIN-4-001,IDLE,0.15,1177.2125107375955,368.5856002412282,23.96050304535337,3.2612477418035555,21.417665072888923,2.4861907250209234,-20.64260805610629,3.9403275445354633,-0.24372358160359853,-0.21767811056415437,-0.21767811056415437,32.80921804572903,509.33028581440726,24.916008491234038,305.3628728771357,44.28922035635401,0.0010316625905929734,5.1583129529648675,322.42705098312484,0.4294916445365341,LUBRICATION,LUBRICATION_SYSTEM,0.4,0.6,True
2.5300000000000002,2.5300000000000002,AEROTWIN-4-001,IDLE,0.15,1188.200386659958,439.2183508854839,23.91469701046683,46.5419854811082,21.06348384664324,2.4655481169648175,23.01295351750014,48.57720959228489,-1.6007001740039866,-0.2172619685863476,-0.2172619685863476,32.815144493255346,509.32654831650603,24.915717122974428,304.97834165374184,44.233448716775406,0.0010292999184853247,5.146499592426624,322.42705098312484,0.4629468865476988,LUBRICATION,LUBRICATION_SYSTEM,0.4,0.6,True
2.54,2.54,AEROTWIN-4-001,IDLE,0.15,1180.4331872949474,510.5103740850814,23.965740924728472,7.67950069935987,21.458523938267138,2.4885610704823176,-16.267584309389584,8.918794213321261,-0.8038421219025257,-0.21772569602943345,-0.21772569602943345,32.82142555960643,509.32761334573337,24.915430463167173,305.40698679740785,44.29561855112244,0.0010319341495743386,5.159670747871694,322.42705098312484,0.3522967977258959,LUBRICATION,LUBRICATION_SYSTEM,0.4,0.6,True
2.5500000000000003,2.5500000000000003,AEROTWIN-4-001,IDLE,0.15,1184.5119359126527,581.3363653227783,23.929702695431875,32.19369917333112,21.178894558343753,2.4722934861729278,8.542511128814438,-0.21739829331812513,33.70539726896587,-0.21739829331812513,-1.0769015089984963,32.827329481051756,509.32532294950215,24.915140696990107,305.10406519774256,44.251683408150186,0.001030071520388776,5.15035760194388,322.42705098312484,0.21168225480814257,LUBRICATION,LUBRICATION_SYSTEM,0.4,0.6,True
2.56,2.56,AEROTWIN-4-001,IDLE,0.15,1187.9131356773914,652.4070814775375,23.94865378857669,30.929798332517134,21.325506205685674,2.4808359973017424,7.123456129529718,-0.21757046157941243,32.87351669458151,-0.21757046157941243,-1.5085774389055535,32.83331987502777,509.3248378482986,24.91485276274974,305.26318636505596,44.27476202401498,0.0010310493204662916,5.1552466023314585,322.42705098312484,0.18935046045348278,LUBRICATION,LUBRICATION_SYSTEM,0.4,0.6,True
2.57,2.57,AEROTWIN-4-001,IDLE,0.15,1176.7590058896533,3.6818696181810537,23.96441192703646,0.5749545227807878,21.448149868245984,2.487959453431272,-23.361154798896468,-0.21771362225510604,-0.21771362225510604,-0.10485609973930168,1.1152378670303016,32.83936945491142,509.3258225316672,24.91456638268662,305.39579104554645,44.293994741663965,0.0010318652202214115,5.159326101107058,322.42705098312484,0.47659474071220753,LUBRICATION,LUBRICATION_SYSTEM,0.4,0.6,True
2.58,2.58,AEROTWIN-4-001,IDLE,0.15,1187.935247892582,74.28740997156025,23.91258111547156,46.91932295332649,21.047258140598842,2.4645982986323753,23.407466514095276,-0.21724274595050183,-0.21724274595050183,-1.5684365697484153,48.92224501497591,32.84491568894245,509.3220022566139,24.91427548840192,304.9606329459283,44.23088028121155,0.0010291913039620552,5.145956519810277,322.42705098312484,0.46957424858624586,LUBRICATION,LUBRICATION_SYSTEM,0.4,0.6,True
2.59,2.59,AEROTWIN-4-001,IDLE,0.15,1181.3123176512029,145.56352484511518,23.964514241925688,10.065921465958079,21.44894836184819,2.4880057651464704,-13.87103266103658,-0.21771455177280974,-0.21771455177280974,-0.9233690503776931,11.42471961988139,32.850825564757606,509.32306730643825,24.913989384665612,305.3966528995156,44.29411974323994,0.0010318705261944004,5.159352630972003,322.42705098312484,0.31050525300619575,LUBRICATION,LUBRICATION_SYSTEM,0.4,0.6,True
2.6,2.6,AEROTWIN-4-001,IDLE,0.15,1183.3295754866667,216.44226390418737,23.933792359404546,27.90952203045595,21.21045236711052,2.474134732485434,4.224934930859996,-0.9686952218438017,-0.2174354473930929,29.31308814708594,-0.2174354473930929,32.85640872271958,509.3212673313421,24.913700647542214,305.13837133633155,44.25665910187885,0.001030282215941934,5.15141107970967,322.42705098312484,0.1366630095515766,LUBRICATION,LUBRICATION_SYSTEM,0.4,0.6,True
2.61,2.61,AEROTWIN-4-001,IDLE,0.15,1188.3111228097569,287.4420384333874,23.943166224765434,34.19464189456388,21.28295391132766,2.478359667416294,10.433328315819926,-1.5563936578404838,-0.217520607762914,36.18607676793019,-0.217520607762914,32.86200199453307,509.3203768946957,24.91341288431466,305.21707111775066,44.26807356077632,0.0010307658013177328,5.153829006588664,322.42705098312484,0.24654697382418447,LUBRICATION,LUBRICATION_SYSTEM,0.4,0.6,True
2.62,2.62,AEROTWIN-4-001,IDLE,0.15,1176.875211403721,358.7407058019728,23.966253179774416,0.0,21.462523844472123,2.488792995732114,-23.95131684020424,-0.035888048028817836,-0.2177303498011142,0.07450193544920496,-0.2177303498011142,32.867719230366006,509.3216436678182,24.913127337163502,305.41130265010406,44.29624451376579,0.0010319607229635308,5.159803614817654,322.42705098312484,0.4867002468655631,LUBRICATION,LUBRICATION_SYSTEM,0.4,0.6,True
2.63,2.63,AEROTWIN-4-001,IDLE,0.15,1187.9063426934752,429.35321848619606,23.913123358867292,46.619804225448476,21.05141519943932,2.46484167889191,23.103547347117246,48.579006650204626,-1.5247070804311187,-0.21724767216251104,-0.21724767216251104,32.87292889399226,509.31797766672435,24.912837151520744,304.96517073307683,44.231538432784,0.0010292191343844103,5.146095671922052,322.42705098312484,0.46432653063312845,LUBRICATION,LUBRICATION_SYSTEM,0.4,0.6,True
2.64,2.64,AEROTWIN-4-001,IDLE,0.15,1182.5416049228245,500.62759904780455,23.964380495040764,12.699969283737587,21.44790456997268,2.487945226239027,-11.235880512474118,14.171207789830511,-1.035811832694044,-0.21771333669943882,-0.21771333669943882,32.87849809227757,509.31913094335346,24.912551701108086,305.3955262790205,44.293956340456575,0.0010318635902038258,5.159317951019129,322.42705098312484,0.2644062347163124,LUBRICATION,LUBRICATION_SYSTEM,0.4,0.6,True
2.65,2.65,AEROTWIN-4-001,IDLE,0.15,1182.3797014417655,571.580095343174,23.939506363134573,23.392238507756186,21.25461901982005,2.4767093457265528,-0.3390898577904178,-0.21748735838733851,24.68143285697288,-0.21748735838733851,-0.8542196324420163,32.88379431835388,509.31795621473657,24.912264138708437,305.1863330222636,44.26361536888307,0.0010305768855508833,5.152884427754417,322.42705098312484,0.07670050968185788,LUBRICATION,LUBRICATION_SYSTEM,0.4,0.6,True
2.66,2.66,AEROTWIN-4-001,IDLE,0.15,1188.8362926629113,642.52287742968,23.938754104054684,37.2478227045762,21.248799416985015,2.4763702558687624,13.522653031722424,-0.21748052420965638,39.27508291934843,-0.21748052420965638,-1.5922991663529151,32.889020400960995,509.3167414671289,24.911976641251474,305.18001679095295,44.262699275326234,0.0010305380724338117,5.152690362169058,322.42705098312484,0.30002733428522677,LUBRICATION,LUBRICATION_SYSTEM,0.4,0.6,True
2.67,2.67,AEROTWIN-4-001,IDLE,0.15,1177.484075773221,713.8530549894547,23.968681977415553,0.19536406168093046,21.48149860785246,2.489892908900485,-23.77602745507201,-0.217752415117542,0.8057438010236069,-0.217752415117542,-0.17487490910759243,32.894430155372646,509.3183241987348,24.911691979151822,305.43176962911394,44.29921300346743,0.0010320867550215583,5.1604337751077916,322.42705098312484,0.48333916635089663,LUBRICATION,LUBRICATION_SYSTEM,0.4,0.6,True
2.68,2.68,AEROTWIN-4-001,IDLE,0.15,1188.0375824143714,64.50209953584795,23.91596369074272,45.64253252251625,21.073203018771917,2.4661168814454126,22.10321262229892,-0.2172734762149071,-0.2172734762149071,-1.470834523440038,47.5479139983861,32.89934161336722,509.31500212624064,24.91140270538282,304.98894522211094,44.23498663712453,0.0010293649625313518,5.146824812656759,322.42705098312484,0.44719212290745936,LUBRICATION,LUBRICATION_SYSTEM,0.4,0.6,True
2.69,2.69,AEROTWIN-4-001,IDLE,0.15,1184.0121337398418,135.78435448071022,23.964987729029065,15.50998405974817,21.452643954549877,2.4882200940677115,-8.43087998886942,-0.21771885334268262,-0.21771885334268262,-1.1387145194372938,17.08413628587083,32.90459566406805,509.3162860369765,24.911117973671054,305.40064148632644,44.29469823989381,0.0010318950823056633,5.159475411528316,322.42705098312484,0.21524542091317872,LUBRICATION,LUBRICATION_SYSTEM,0.4,0.6,True
2.7,2.7,AEROTWIN-4-001,IDLE,0.15,1181.658302174774,206.82508250510074,23.946334711386967,18.857449415138884,21.307513502797,2.479789214078842,-4.929853301736959,-0.7362984990168694,-0.21754939305927515,20.028846700274304,-0.21754939305927515,32.90963264484825,509.3158126576549,24.910831686800258,305.2436938553805,44.27193486939668,0.0010309294654100745,5.154647327050372,322.42705098312484,0.1562214281885436,LUBRICATION,LUBRICATION_SYSTEM,0.4,0.6,True
2.71,2.71,AEROTWIN-4-001,IDLE,0.15,1189.4258957582415,277.7245806355872,23.935401112158896,39.96614780411683,21.222878484744303,2.474859360777105,16.26840995859542,-1.616076297477955,-0.21745006270643877,42.01712422700766,-0.21745006270643877,32.91451933617495,509.31434232785983,24.91054454805992,305.15187122499947,44.25861709873147,0.0010303651447081492,5.151825723540746,322.42705098312484,0.3476358182492463,LUBRICATION,LUBRICATION_SYSTEM,0.4,0.6,True
2.72,2.72,AEROTWIN-4-001,IDLE,0.15,1178.5292939083965,349.09013438108167,23.971407605998667,1.172149604194169,21.5028113805026,2.4911277707357007,-22.821789547044133,-0.30913119870372946,-0.21777717710517425,1.916835157108247,-0.21777717710517425,32.9196422713255,509.3162377249883,24.910260796780502,305.45474555322227,44.30254538554825,0.0010322282635202766,5.161141317601383,322.42705098312484,0.46631028802954155,LUBRICATION,LUBRICATION_SYSTEM,0.4,0.6,True
2.73,2.73,AEROTWIN-4-001,IDLE,0.15,1188.3027281172408,419.80189201558545,23.920836549840164,44.04837047586824,21.110631754113925,2.468305981188656,20.469432740565658,45.89169992560556,-1.4086939587021654,-0.21731774551757446,-0.21731774551757446,32.924289793196536,509.3134157649672,24.90997261546184,305.0297524006437,44.24090522868456,0.0010296153375094705,5.148076687547353,322.42705098312484,0.4192391657046777,LUBRICATION,LUBRICATION_SYSTEM,0.4,0.6,True
2.74,2.74,AEROTWIN-4-001,IDLE,0.15,1185.6585041470012,491.1000557026199,23.96621434822882,18.412946287319432,21.462220606290746,2.488775413929222,-5.538049732900536,20.078955401443466,-1.2305491200810672,-0.217729997021481,-0.217729997021481,32.92925148204195,509.31485296860757,24.909688656837325,305.41097547650844,44.296197061161834,0.001031958708468782,5.15979354234391,322.42705098312484,0.16447276298816993,LUBRICATION,LUBRICATION_SYSTEM,0.4,0.6,True
2.75,2.75,AEROTWIN-4-001,IDLE,0.15,1181.2002259736466,562.23956595144,23.953970525487698,14.512652343865707,21.3668109510495,2.4832373641963215,-9.337395971380117,-0.2176187634553357,15.565622594370861,-0.2176187634553357,-0.617732723594483,32.93405274130261,509.3151210033125,24.909403719378297,305.3078968285908,44.28124674022515,0.0010313243124490216,5.156621562245109,322.42705098312484,0.23243677538396978,LUBRICATION,LUBRICATION_SYSTEM,0.4,0.6,True
2.7600000000000002,2.7600000000000002,AEROTWIN-4-001,IDLE,0.15,1190.0712828705264,633.1115795098588,23.933271066955562,42.259825433996035,21.20642734789436,2.473899968224941,18.579498117876735,-0.2174307115177596,44.323013041231725,-0.2174307115177596,-1.628326184200168,32.93862740934945,509.3134716465041,24.909117046820498,305.1339974879662,44.25602472765964,0.0010302553498469011,5.151276749234506,322.42705098312484,0.3877991990620678,LUBRICATION,LUBRICATION_SYSTEM,0.4,0.6,True
2.77,2.77,AEROTWIN-4-001,IDLE,0.15,1179.7479297645796,704.5158564820904,23.974389708608477,2.3974520103088466,21.526152729337102,2.492479466342818,-21.621180185371074,-0.21780426912658896,3.269167341121869,-0.21780426912658896,-0.4361067925598443,32.94348228232285,509.3156654051432,24.90883422841238,305.4798926833749,44.306192675011324,0.0010323831769264724,5.1619158846323625,322.42705098312484,0.4449384871689754,LUBRICATION,LUBRICATION_SYSTEM,0.4,0.6,True
2.7800000000000002,2.7800000000000002,AEROTWIN-4-001,IDLE,0.15,1188.492309101866,55.300732267965145,23.926513026485246,41.93935596613461,21.154312422495654,2.470858286157447,18.314185257481512,-0.2173693155830453,-0.2173693155830453,-1.3403285175168393,43.71442311481754,32.94788851682115,509.313380025628,24.908547211223322,305.0773209781022,44.24780448002198,0.0010299073115513423,5.149536557756711,322.42705098312484,0.3822672638248902,LUBRICATION,LUBRICATION_SYSTEM,0.4,0.6,True
2.79,2.79,AEROTWIN-4-001,IDLE,0.15,1187.2386393817696,126.61027081407713,23.96709123730979,21.332562037465255,21.469069287838913,2.4891724714149284,-2.625679721788586,-0.2177379634468085,-0.2177379634468085,-1.3108542573475723,23.078892221706443,32.95257124346316,509.31489937174524,24.908263991997032,305.4183640671686,44.297268687574004,0.0010320042033858947,5.160021016929474,322.42705098312484,0.11340035041108698,LUBRICATION,LUBRICATION_SYSTEM,0.4,0.6,True
2.8000000000000003,2.8000000000000003,AEROTWIN-4-001,IDLE,0.15,1180.8402878004365,197.8445891769833,23.961290153262357,10.50967086868246,21.423800292323282,2.4865467916931396,-13.400676215333963,-0.5002998092851909,-0.21768526133899888,11.44534120064565,-0.21768526133899888,32.95714986182034,509.31584344718664,24.90798037648155,305.36950008367984,44.290181553136755,0.001031703380048867,5.158516900244336,322.42705098312484,0.3026629569108552,LUBRICATION,LUBRICATION_SYSTEM,0.4,0.6,True
2.81,2.81,AEROTWIN-4-001,IDLE,0.15,1190.5937125606013,268.6950064450095,23.931596842459314,44.09417633469016,21.19350516996276,2.473146115477806,20.427525049249596,-1.6301933246965608,-0.21741550140199895,46.15920066219073,-0.21741550140199895,32.96143233903623,509.3140217700643,24.90769420866196,305.1199520392468,44.25398760386828,0.0010301690835426468,5.150845417713234,322.42705098312484,0.4199192282808882,LUBRICATION,LUBRICATION_SYSTEM,0.4,0.6,True
2.82,2.82,AEROTWIN-4-001,IDLE,0.15,1180.9356313868332,340.1306291986456,23.976802593252742,3.8107921517055745,21.545056420034136,2.4935736405270554,-20.22783790885562,-0.5552555814504935,-0.2178261898754722,4.801700112907013,-0.2178261898754722,32.96603008646378,509.31642567405294,24.907412269856405,305.50024685219114,44.3091448029481,0.0010325085891747725,5.162542945873862,322.42705098312484,0.4202624895236734,LUBRICATION,LUBRICATION_SYSTEM,0.4,0.6,True
2.83,2.83,AEROTWIN-4-001,IDLE,0.15,1188.45197181231,410.9867670818556,23.932040370239278,39.41246010423179,21.196927726575215,2.4733458026181996,15.742186575038376,41.114312450392866,-1.2670132845705793,-0.21741953079524426,-0.21741953079524426,32.97020901704367,509.314630302796,24.90712640342255,305.1236726044883,44.25452722720978,0.0010301919339915247,5.150959669957624,322.42705098312484,0.3379841898201222,LUBRICATION,LUBRICATION_SYSTEM,0.4,0.6,True
2.84,2.84,AEROTWIN-4-001,IDLE,0.15,1188.5815437670599,482.2938853905942,23.966904671571495,24.228074853811705,21.46761199718302,2.489087989193238,0.2713748674354468,26.043971689065952,-1.3804242982124515,-0.21773626852089933,-0.21773626852089933,32.97461956069845,509.3161011045742,24.906843824797498,305.4167920108853,44.29704067967478,0.0010319945232739086,5.159972616369544,322.42705098312484,0.07186539356844329,LUBRICATION,LUBRICATION_SYSTEM,0.4,0.6,True
2.85,2.85,AEROTWIN-4-001,IDLE,0.15,1180.4520029885662,553.6087780166177,23.967503940022436,6.935182273385593,21.472293300507683,2.4893593640606735,-17.026470391182762,-0.21774171279825336,7.754910721593253,-0.21774171279825336,-0.38424502261115356,32.97898149159018,509.31759066714574,24.906561431551953,305.4218417521669,44.29777308405079,0.0010320256180909955,5.160128090454978,322.42705098312484,0.36536431593574087,LUBRICATION,LUBRICATION_SYSTEM,0.4,0.6,True
2.86,2.86,AEROTWIN-4-001,IDLE,0.15,1190.8701314675898,624.4358981959317,23.92979025350165,45.471579888360765,21.179569732121344,2.4723328936694906,21.81967726256993,-0.21739908877200845,47.52918890943077,-0.21739908877200845,-1.6228108435259911,32.98298612257969,509.3155589017479,24.90627575428604,305.1047994925169,44.25178990879567,0.0010300760294868923,5.150380147434462,322.42705098312484,0.44404417899403104,LUBRICATION,LUBRICATION_SYSTEM,0.4,0.6,True
2.87,2.87,AEROTWIN-4-001,IDLE,0.15,1181.9611513373873,695.888106083987,23.978078867431215,5.390289987074585,21.555061768156484,2.494152570932061,-18.658924352013962,-0.21783778466341158,6.493398654971822,-0.21783778466341158,-0.6674330985704142,32.98733250848317,509.3180428426903,24.90599458972002,305.51101557319737,44.3107066767054,0.0010325749496513928,5.162874748256964,322.42705098312484,0.39265167279426105,LUBRICATION,LUBRICATION_SYSTEM,0.4,0.6,True
2.88,2.88,AEROTWIN-4-001,IDLE,0.15,1188.0833942659356,46.80577516423034,23.936808948390897,36.531647623897484,21.233758372104585,2.4754936465800466,12.822395605212852,-0.2174628527188348,-0.2174628527188348,-1.1890395094001476,38.1556128387353,32.991292709150116,509.31664655076764,24.90570980569184,305.16368737633775,44.26033088968927,0.0010304377384988859,5.15218869249443,322.42705098312484,0.2875161931063139,LUBRICATION,LUBRICATION_SYSTEM,0.4,0.6,True
2.89,2.89,AEROTWIN-4-001,IDLE,0.15,1189.5860869024805,118.09077882018649,23.96519968190555,27.08984659545237,21.45429845488492,2.4883160421852595,3.1472320983821915,-0.21772077890750047,-0.21772077890750047,-1.4405538758990581,28.96584202916643,32.9954337942017,509.317908984541,24.905427727279804,305.40242702521556,44.29495721088321,0.0010319060754214503,5.159530377107251,322.42705098312484,0.12196551060009551,LUBRICATION,LUBRICATION_SYSTEM,0.4,0.6,True
2.9,2.9,AEROTWIN-4-001,IDLE,0.15,1179.9653625062224,189.46594403433534,23.97214792892944,3.850468958502077,21.50860374121593,2.4914632742836416,-20.149598056997494,-0.2686277431899686,-0.21778390284446583,4.554664507380977,-0.21778390284446583,32.99958090116041,509.3197838686,24.905146413445447,305.46098756172745,44.303450713977824,0.0010322667128857537,5.161333564428769,322.42705098312484,0.41945732147005377,LUBRICATION,LUBRICATION_SYSTEM,0.4,0.6,True
2.91,2.91,AEROTWIN-4-001,IDLE,0.15,1190.8365681110013,260.2638657847087,23.927525290256334,46.40202425903118,21.162110807046304,2.471313676226644,22.768599775758233,-1.606857090552575,-0.21737851187014604,48.44363837332404,-0.21737851187014604,33.003319032056325,509.31748871295906,24.90486118341219,305.0858072759962,44.24903531569594,0.0010299594130091588,5.149797065045794,322.42705098312484,0.46035252693373657,LUBRICATION,LUBRICATION_SYSTEM,0.4,0.6,True
2.92,2.92,AEROTWIN-4-001,IDLE,0.15,1182.7647228244955,331.71405987136876,23.977923913947738,7.142295814830177,21.5538467741612,2.494082276002402,-16.905633235333426,-0.7741994152001923,-0.21783637693080074,8.35216798389197,-0.21783637693080074,33.00741719632171,509.3199100243255,24.90458066048203,305.509708039441,44.310517034624446,0.0010325668918576547,5.162834459288273,322.42705098312484,0.3619878802890518,LUBRICATION,LUBRICATION_SYSTEM,0.4,0.6,True
2.93,2.93,AEROTWIN-4-001,IDLE,0.15,1187.3403371101017,402.6799432408385,23.94054289392575,33.322961066947194,21.26264027396606,2.4771766427670685,9.583144150214066,34.86376645683997,-1.1058118396183338,-0.217496775137218,-0.217496775137218,33.011164791542626,509.31881144064215,24.90429686523191,305.1950370870861,44.264877789036795,0.0010306303753910956,5.153151876955478,322.42705098312484,0.2313221023898113,LUBRICATION,LUBRICATION_SYSTEM,0.4,0.6,True
2.94,2.94,AEROTWIN-4-001,IDLE,0.15,1190.2106266713174,473.9203634674446,23.961760943960034,29.9257509204551,21.4274707340771,2.4867597869172826,6.011520399460718,31.853571223991345,-1.4924412267115073,-0.2176895384123703,-0.2176895384123703,33.01503728544735,509.31970129910184,24.904015127061115,305.3734643160797,44.29075651747557,0.0010317277804300859,5.15863890215043,322.42705098312484,0.1716324010310563,LUBRICATION,LUBRICATION_SYSTEM,0.4,0.6,True
2.95,2.95,AEROTWIN-4-001,IDLE,0.15,1179.3864464708108,545.3330010677237,23.975033373577922,1.3538552673192807,21.531193959365332,2.4927713073167435,-22.670109999362793,-0.2178101167406445,1.941306718943384,-0.2178101167406445,-0.15183121814281425,33.01896977742909,509.3217990351977,24.903734731589637,305.4853217747551,44.30698009956693,0.0010324166261107305,5.162083130553652,322.42705098312484,0.46321675566574655,LUBRICATION,LUBRICATION_SYSTEM,0.4,0.6,True
2.96,2.96,AEROTWIN-4-001,IDLE,0.15,1190.4967093786702,616.0961878559723,23.92482976263479,46.880732157924804,21.141350740086047,2.4701011973173808,23.269280220521377,-0.21735402334590592,48.89783264161374,-0.21735402334590592,-1.5823924369971247,33.022452757197065,509.31920539351955,24.903449908202433,305.06321176237435,44.24575810759125,0.0010298206969422729,5.149103484711365,322.42705098312484,0.4687603620006656,LUBRICATION,LUBRICATION_SYSTEM,0.4,0.6,True
2.97,2.97,AEROTWIN-4-001,IDLE,0.15,1183.3621489577079,687.5259904186925,23.97635464881643,9.092327886208665,21.541545812062534,2.4933704775379018,-14.94258840339177,-0.21782212035746792,10.405115081908669,-0.21782212035746792,-0.877142954985069,33.02630587092507,509.32143813412955,24.90316989570979,305.496467686083,44.308596680254105,0.0010324853021568682,5.162426510784341,322.42705098312484,0.32782494689716374,LUBRICATION,LUBRICATION_SYSTEM,0.4,0.6,True
2.98,2.98,AEROTWIN-4-001,IDLE,0.15,1186.2396845041171,38.527719356154876,23.943317470594213,29.78924988217796,21.28412563768171,2.4784278891345104,6.026696355361738,-0.2175219818119553,-0.2175219818119553,-1.0161972003173725,31.240491046119242,33.02984743006107,509.3205573874725,24.902887002021163,305.2183416944291,44.26825784267661,0.001030773611357031,5.1538680567851545,322.42705098312484,0.16945091078131724,LUBRICATION,LUBRICATION_SYSTEM,0.4,0.6,True
2.99,2.99,AEROTWIN-4-001,IDLE,0.15,1190.4742765915264,109.7021004264019,23.95666373894271,32.74112655920107,21.387763045208125,2.484454585489872,8.868908928503075,-0.21764323095566834,-0.21764323095566834,-1.5367650113706297,34.713178032483036,33.03345274217107,509.3209318890017,24.90260545128019,305.3305566716794,44.28453327854704,0.0010314637230859924,5.157318615429962,322.42705098312484,0.22095868615973474,LUBRICATION,LUBRICATION_SYSTEM,0.4,0.6,True
3.0,3.0,AEROTWIN-4-001,IDLE,0.15,1178.998859435209,181.13055702189348,23.976251053240873,0.0,21.54073399569165,2.4933234944183753,-24.034057490110026,-0.03223317047721226,-0.2178211792048925,0.19014940111285467,-0.2178211792048925,33.03717144962201,509.32311185317303,24.902325820692734,305.4955937139338,44.308469921081524,0.0010324799168965732,5.162399584482866,322.42705098312484,0.48693821796101466,LUBRICATION,LUBRICATION_SYSTEM,0.4,0.6,True
3.0100000000000002,3.0100000000000002,AEROTWIN-4-001,IDLE,0.15,1190.115656032914,251.87048858800603,23.923024433561867,46.87971125578634,21.12745747032289,2.4692894369282654,23.282964348535184,-1.5491101729481902,-0.2173376221618074,48.863496673058144,-0.2173376221618074,33.040420818609235,509.32031928231595,24.902041482505403,305.0480827189754,44.24356382139476,0.00102972783374011,5.14863916870055,322.42705098312484,0.46876289666096327,LUBRICATION,LUBRICATION_SYSTEM,0.4,0.6,True
3.02,3.02,AEROTWIN-4-001,IDLE,0.15,1184.0232183139763,323.27742794998085,23.974594687125407,11.26035869457543,21.527758013477545,2.4925724012768002,-12.759971720178914,-0.9767640632680563,-0.21780613133024085,12.672735020503968,-0.21780613133024085,33.04404161723214,509.3223608671293,24.90176196140325,305.4816215573862,44.30644342744018,0.0010323938285236019,5.16196914261801,322.42705098312484,0.2898425005806612,LUBRICATION,LUBRICATION_SYSTEM,0.4,0.6,True
3.0300000000000002,3.0300000000000002,AEROTWIN-4-001,IDLE,0.15,1185.066116725759,394.3188210488194,23.946386153254466,25.97196621672782,21.307912461239876,2.4798124295566213,2.184241325931324,27.32697125220912,-0.9199053146771504,-0.21754986040207258,-0.21754986040207258,33.04739324618152,509.3217403675856,24.901479995482365,305.244126176602,44.271997572402,0.0010309321234336782,5.154660617168392,322.42705098312484,0.10261390802719089,LUBRICATION,LUBRICATION_SYSTEM,0.4,0.6,True
3.04,3.04,AEROTWIN-4-001,IDLE,0.15,1190.634413223537,465.422788052365,23.951224152206876,35.48967498285442,21.34546539835274,2.4819966708825527,11.662212913619125,37.49804908288923,-1.5731864740252637,-0.21759381300477373,-0.21759381300477373,33.05074281362056,509.3215823369927,24.901198599481493,305.2847977431331,44.27789649506854,0.0010311822279252083,5.155911139626042,322.42705098312484,0.2691194001609622,LUBRICATION,LUBRICATION_SYSTEM,0.4,0.6,True
3.0500000000000003,3.0500000000000003,AEROTWIN-4-001,IDLE,0.15,1179.1560687865706,536.8608528457772,23.97699053221024,0.0,21.54652948856875,2.4936588837961717,-24.040188372364923,0.2935361482015945,-0.08946362827726174,-0.21782789727690247,-0.21782789727690247,33.05425749512963,509.3238146699494,24.900919688850244,305.5018324990106,44.3093747819915,0.0010325183600729997,5.162591800364999,322.42705098312484,0.48695582785595054,LUBRICATION,LUBRICATION_SYSTEM,0.4,0.6,True
3.06,3.06,AEROTWIN-4-001,IDLE,0.15,1190.0248617236664,607.6102169729714,23.923756757758017,46.36625756702998,21.133092175226217,2.469618695423807,22.763546696379958,-0.2173442752336163,48.30814276849105,-0.2173442752336163,-1.5071966509938368,33.05730679115162,509.3210719041092,24.9006360630382,305.05421933694413,44.244453864191705,0.0010297654992645088,5.148827496322545,322.42705098312484,0.45976918091192714,LUBRICATION,LUBRICATION_SYSTEM,0.4,0.6,True
3.0700000000000003,3.0700000000000003,AEROTWIN-4-001,IDLE,0.15,1185.0604467708506,679.0117086763914,23.974175262148133,13.619409298191798,21.524473419496914,2.4923822421201867,-10.397446363425303,-0.21780232090788018,15.126445826211617,-0.21780232090788018,-1.071431886204058,33.06071924345755,509.3230557615309,24.900357154672665,305.4780840016771,44.30593034743524,0.0010323720338055475,5.1618601690277375,322.42705098312484,0.24854912891846562,LUBRICATION,LUBRICATION_SYSTEM,0.4,0.6,True
3.08,3.08,AEROTWIN-4-001,IDLE,0.15,1184.1927535946788,30.115335482642422,23.951197859692744,22.00995360106695,21.345261143864196,2.4819847957567616,-1.8172923385540072,-0.2175935741406402,-0.2175935741406402,-0.8188192216618495,23.26395997101008,33.063907387481336,509.3228624161087,24.900076274680266,305.28457664225067,44.27786442703875,0.0010311808680530195,5.1559043402650975,322.42705098312484,0.10116812059738887,LUBRICATION,LUBRICATION_SYSTEM,0.4,0.6,True
3.09,3.09,AEROTWIN-4-001,IDLE,0.15,1191.0045419314442,101.16690069832315,23.9471728873989,38.06075851244448,21.314014877965555,2.4801675034182074,14.266576131060717,-0.21755700778131384,-0.21755700778131384,-1.6007853322556433,40.09665786026275,33.0670250838683,509.322302035818,24.899795157989576,305.2507383008683,44.272956581681335,0.0010309727777546946,5.154863888773473,322.42705098312484,0.3141589216342096,LUBRICATION,LUBRICATION_SYSTEM,0.4,0.6,True
3.1,3.1,AEROTWIN-4-001,IDLE,0.15,1179.717495939945,172.6271732142098,23.97869936655733,0.4148280065223201,21.559927772056227,2.494434079549268,-23.639533845083175,-0.2178434218187386,-0.2178434218187386,-0.20966111959261668,1.060175969752414,33.07035567667489,509.3246750028932,24.899517055045916,305.5162517521055,44.31146612162188,0.0010326072189902496,5.163036094951248,322.42705098312484,0.4797370363789963,LUBRICATION,LUBRICATION_SYSTEM,0.4,0.6,True
3.11,3.11,AEROTWIN-4-001,IDLE,0.15,1190.0892617022698,243.41022297060647,23.92637132772366,45.34659096722457,21.15322100573757,2.470794545704185,21.722575415782817,-1.4578342959426998,-0.2173680282678903,47.23916131970305,-0.2173680282678903,33.073231535723906,509.32215134036653,24.899234310170915,305.0761331352502,44.24763219767042,0.0010299000191251269,5.149500095625635,322.42705098312484,0.44189547679608404,LUBRICATION,LUBRICATION_SYSTEM,0.4,0.6,True
3.12,3.12,AEROTWIN-4-001,IDLE,0.15,1186.3093587665412,314.8155786727427,23.97447276131866,16.10271006580698,21.52680314079894,2.492517121119968,-7.916610196111927,-1.1587975214990849,-0.21780502364985566,17.697117634605778,-0.21780502364985566,33.07645304579469,509.3241358118726,24.898956078630118,305.4805931789497,44.306294273488504,0.0010323874926621542,5.161937463310771,322.42705098312484,0.20509844861005505,LUBRICATION,LUBRICATION_SYSTEM,0.4,0.6,True
3.13,3.13,AEROTWIN-4-001,IDLE,0.15,1183.5381817381926,385.9941401987351,23.956986532353426,18.070936471516184,21.3902755566299,2.484600510923856,-5.803939596037571,19.221652233025655,-0.7154234345243018,-0.21764616349258606,-0.21764616349258606,33.07949663332797,509.32445071319006,24.89867637377607,305.3332730766634,44.284927260493106,0.0010314804371385382,5.157402185692692,322.42705098312484,0.17023848702012623,LUBRICATION,LUBRICATION_SYSTEM,0.4,0.6,True
3.14,3.14,AEROTWIN-4-001,IDLE,0.15,1191.4602207713504,457.00643110302667,23.944134764969014,40.36113473496232,21.290458411621994,2.478796571327819,16.591879752012506,42.415481038490256,-1.6192874898739515,-0.2175294068269871,-0.2175294068269871,33.082401897183395,509.32357009467665,24.89839562648033,305.2252079937758,44.269253717001256,0.0010308158189509527,5.1540790947547634,322.42705098312484,0.35444969491527645,LUBRICATION,LUBRICATION_SYSTEM,0.4,0.6,True
3.15,3.15,AEROTWIN-4-001,IDLE,0.15,1180.5957026680092,528.4940443493077,23.98080251080871,1.317223548556862,21.57642860297671,2.4953884510798314,-22.754593505499678,2.078876055806024,-0.3259274500177535,-0.21786252861570432,-0.21786252861570432,33.0855624502736,509.3261066512117,24.898118366181485,305.53400258533446,44.31404066697174,0.0010327166241287157,5.163583120643579,322.42705098312484,0.46399521295386265,LUBRICATION,LUBRICATION_SYSTEM,0.4,0.6,True
3.16,3.16,AEROTWIN-4-001,IDLE,0.15,1190.246574894256,599.3297865093883,23.930458912973755,43.87009992295129,21.18472654090342,2.4726338575743316,20.21273952447354,-0.21740516345792896,45.7073652610037,-0.21740516345792896,-1.4024550111365521,33.08828702568361,509.3239235717891,24.897836634556832,305.11040738947764,44.252603266955056,0.001030110466971429,5.150552334857146,322.42705098312484,0.41601073252960485,LUBRICATION,LUBRICATION_SYSTEM,0.4,0.6,True
3.17,3.17,AEROTWIN-4-001,IDLE,0.15,1187.678425064139,670.7445810030437,23.97519941658396,18.646620773541578,21.53249460285148,2.492846597098805,-5.378720426408706,-0.21781162522015168,20.319893325615393,-0.21781162522015168,-1.2376493016335104,33.09133153709231,509.3259311574491,24.89755911749765,305.48672236316827,44.3071832381092,0.0010324252555348756,5.162126277674378,322.42705098312484,0.16059731289463974,LUBRICATION,LUBRICATION_SYSTEM,0.4,0.6,True
3.18,3.18,AEROTWIN-4-001,IDLE,0.15,1183.0815144736314,22.00528650689205,23.963325797019575,14.299396005632198,21.439675155858083,2.4874678766723965,-9.62774702689828,-0.2177037549025945,-0.2177037549025945,-0.6117891439847378,15.346592659422125,33.094245040903424,509.32678791782604,24.89728063856132,305.3866426791085,44.29266788089254,0.001031808901093471,5.159044505467356,322.42705098312484,0.2363911800190281,LUBRICATION,LUBRICATION_SYSTEM,0.4,0.6,True
3.19,3.19,AEROTWIN-4-001,IDLE,0.15,1191.9523068177689,92.99017737530993,23.942014299881226,42.33081593805691,21.27403176850281,2.477840129645498,18.578944039908603,-0.21751014267243438,-0.21751014267243438,-1.6291050072107445,44.39494123061252,33.096955422708724,509.3256531546548,24.897000341914417,305.20739489955247,44.26667014144129,0.0010307063259541913,5.153531629770956,322.42705098312484,0.38894299034018737,LUBRICATION,LUBRICATION_SYSTEM,0.4,0.6,True
3.2,3.2,AEROTWIN-4-001,IDLE,0.15,1181.5961792949313,164.50731578437606,23.98307286685632,2.400851193504736,21.59425488340995,2.4964190736854066,-21.68982276359062,-0.2178831545104869,-0.2178831545104869,-0.4364994856241,3.27311698814981,33.099957165610164,509.3283485287103,24.89672393829196,305.5531701256737,44.316820688687464,0.0010328347799182496,5.1641738995912485,322.42705098312484,0.4450858217537939,LUBRICATION,LUBRICATION_SYSTEM,0.4,0.6,True
3.21,3.21,AEROTWIN-4-001,IDLE,0.15,1190.340180968582,235.40308654207195,23.935112285378448,42.00877059003408,21.220647058500298,2.4747292509218157,18.31339428061197,-1.3424665989196611,-0.21744743875201974,43.78613206645778,-0.21744743875201974,33.102544500005415,509.32653817804754,24.896443270680447,305.1494473252123,44.25826554115414,0.0010303502541539275,5.151751270769638,322.42705098312484,0.3833849737713639,LUBRICATION,LUBRICATION_SYSTEM,0.4,0.6,True
3.22,3.22,AEROTWIN-4-001,IDLE,0.15,1188.988997733003,306.82349740018685,23.975631756877977,21.199012644885006,21.535881550714787,2.493042645202428,-2.8299115510322097,-1.3076866672006127,-0.21781555297651575,22.942330418038647,-0.21781555297651575,33.10541933439256,509.32852051544,24.89616643915328,305.4903693349908,44.307712187608395,0.001032447726060536,5.162238630302681,322.42705098312484,0.11594074972226456,LUBRICATION,LUBRICATION_SYSTEM,0.4,0.6,True
3.23,3.23,AEROTWIN-4-001,IDLE,0.15,1182.6949879356546,378.162837264167,23.96938802300355,10.795086964549254,21.487017524879064,2.4902127336513957,-13.182143293981206,11.739700850512904,-0.5090962270605478,-0.21775882945155148,-0.21775882945155148,33.10820991860501,509.32987421586813,24.89588916122402,305.437720529037,44.300076110090465,0.001032123403838335,5.160617019191675,322.42705098312484,0.29786081754413546,LUBRICATION,LUBRICATION_SYSTEM,0.4,0.6,True
3.24,3.24,AEROTWIN-4-001,IDLE,0.15,1192.3452248471674,449.1245365403063,23.940218947927132,43.948572605151426,21.26013309038758,2.4770305903574146,20.21140892440643,46.01457359564621,-1.631013326236411,-0.21749383212918638,-0.21749383212918638,33.11073754644745,509.3284966410153,24.895609342578243,305.1923166907562,44.264483228193896,0.001030613657065049,5.153068285325245,322.42705098312484,0.4172739535053613,LUBRICATION,LUBRICATION_SYSTEM,0.4,0.6,True
3.25,3.25,AEROTWIN-4-001,IDLE,0.15,1182.5676677287613,520.6652500311363,23.98488507451689,3.627668251438113,21.608493994315534,2.497241999281821,-20.478067742159244,4.6045450583793235,-0.5410775705698584,-0.21789961818567583,-0.21789961818567583,33.113586121564886,509.331289321353,24.89533375189316,305.56847377643516,44.319040299586604,0.0010329291313845661,5.164645656922831,322.42705098312484,0.42365970830448074,LUBRICATION,LUBRICATION_SYSTEM,0.4,0.6,True
3.2600000000000002,3.2600000000000002,AEROTWIN-4-001,IDLE,0.15,1190.2520029255816,591.619310094862,23.9396274512282,39.8263538518828,21.255555918975155,2.4767639315396615,16.094034001367984,-0.21748845845720696,41.54000428200319,-0.21748845845720696,-1.2786735132059763,33.11604419704148,509.32982180306004,24.895054135363978,305.1873497767713,44.26376283692336,0.0010305831336888285,5.152915668444143,322.42705098312484,0.34514178901664866,LUBRICATION,LUBRICATION_SYSTEM,0.4,0.6,True
3.27,3.27,AEROTWIN-4-001,IDLE,0.15,1190.1132963879038,663.0344302703969,23.97522448798745,23.735042670351014,21.532690997992116,2.4928579655410297,-0.29050629318213206,-0.21781185299065098,25.54017440768164,-0.21781185299065098,-1.3695080313493249,33.118751908024365,509.33168425923736,24.894777910069955,305.4869338454262,44.30721391107293,0.001032426558546443,5.162132792732215,322.42705098312484,0.07155052667151551,LUBRICATION,LUBRICATION_SYSTEM,0.4,0.6,True
3.2800000000000002,3.2800000000000002,AEROTWIN-4-001,IDLE,0.15,1182.2787427987762,14.441228053671125,23.974583787095924,7.611589440034809,21.527672647292896,2.4925674592478475,-16.408650666505935,-0.21780603230486484,-0.21780603230486484,-0.4073845904678887,8.454586095112427,33.12142169282308,509.33344070835125,24.894501753697963,305.4815296208571,44.30643009314987,0.0010323932620983803,5.161966310491901,322.42705098312484,0.3536957030111933,LUBRICATION,LUBRICATION_SYSTEM,0.4,0.6,True
3.29,3.29,AEROTWIN-4-001,IDLE,0.15,1192.5425640290443,85.3779526215977,23.93828496879286,45.21782659811089,21.245170873016363,2.4761588085813413,21.496496916513184,-0.21747626217570828,-0.21747626217570828,-1.6257676292152208,47.278546751677524,33.12377467817643,509.33179558041337,24.89422239829398,305.1760780719441,44.26212801139863,0.0010305138701748042,5.152569350874021,322.42705098312484,0.4395076890315208,LUBRICATION,LUBRICATION_SYSTEM,0.4,0.6,True
3.3000000000000003,3.3000000000000003,AEROTWIN-4-001,IDLE,0.15,1183.4094018371106,156.93050646334038,23.985795032447662,4.984852358256814,21.61564721690768,2.4976553054978545,-19.12845016414872,-0.21790788503728112,-0.21790788503728112,-0.6403996440644353,6.061067772395811,33.126471932428025,509.3345903612012,24.893947535565477,305.57615950268837,44.32015502195092,0.0010329765208531327,5.164882604265664,322.42705098312484,0.39993067353737205,LUBRICATION,LUBRICATION_SYSTEM,0.4,0.6,True
3.31,3.31,AEROTWIN-4-001,IDLE,0.15,1189.9014578977583,227.93507057356703,23.943536869510876,37.36128273931101,21.285825466094995,2.4785268553337056,13.596930417882309,-1.211150763951183,-0.21752397502309734,39.00748145330839,-0.21752397502309734,33.12880483751703,509.3334010601014,24.893668914525968,305.2201848508272,44.26852517039428,0.0010307849411107157,5.153924705553578,322.42705098312484,0.3019590157299488,LUBRICATION,LUBRICATION_SYSTEM,0.4,0.6,True
3.3200000000000003,3.3200000000000003,AEROTWIN-4-001,IDLE,0.15,1190.9715867897266,299.32915804743254,23.9736051506614,26.25340603457752,21.520009538558085,2.492123785751588,2.2412727102678462,-1.4240994604789756,-0.2177971415178228,28.113099778092142,-0.2177971415178228,33.13134488463478,509.3350238012693,24.89339318172725,305.47327581743895,44.30523297800971,0.0010323424118795891,5.161712059397946,322.42705098312484,0.10723364378902857,LUBRICATION,LUBRICATION_SYSTEM,0.4,0.6,True
3.33,3.33,AEROTWIN-4-001,IDLE,0.15,1181.7704048242472,370.7874532548161,23.978547236703427,4.7821892742266625,21.55873466049332,2.494365058461856,-19.270910444728514,5.523668365737943,-0.3057950120343968,-0.21784203973844185,-0.21784203973844185,33.13389297061646,509.337064600576,24.89311803311366,305.51496794173073,44.311279920332744,0.0010325993070329838,5.162996535164919,322.42705098312484,0.4033045907173079,LUBRICATION,LUBRICATION_SYSTEM,0.4,0.6,True
3.34,3.34,AEROTWIN-4-001,IDLE,0.15,1192.4870563710751,441.69367754427094,23.93592227453876,46.146902120714174,21.226905458965998,2.4750941480171273,22.444902513731048,48.195614201185315,-1.6138024856709263,-0.21745479740011076,-0.21745479740011076,33.136077024954886,509.3351110162006,24.892839099923474,305.1562451623092,44.259251485850996,0.0010303920155798477,5.151960077899239,322.42705098312484,0.4557931426923775,LUBRICATION,LUBRICATION_SYSTEM,0.4,0.6,True
3.35,3.35,AEROTWIN-4-001,IDLE,0.15,1184.068836203456,513.2429009265354,23.985539092934285,6.480094996032407,21.6136350354306,2.4975390505308583,-17.631079089929052,7.651679077402223,-0.7357729616508474,-0.2179055598594839,-0.2179055598594839,33.138622664848,509.33779912209746,24.89256485556938,305.57399768370306,44.31984147604892,0.0010329631909602585,5.164815954801292,322.42705098312484,0.37375782736450797,LUBRICATION,LUBRICATION_SYSTEM,0.4,0.6,True
3.36,3.36,AEROTWIN-4-001,IDLE,0.15,1189.2414670640132,584.2870310987428,23.946597854564896,34.62299510199829,21.309554389718357,2.4799079714409293,10.833532740839004,-0.21755178368144493,36.19739550275419,-0.21755178368144493,-1.139296833393012,33.14083254261477,509.33681221670366,24.89228715201776,305.24590535972766,44.27225562156418,0.0010309430624216556,5.154715312108278,322.42705098312484,0.25400453153051145,LUBRICATION,LUBRICATION_SYSTEM,0.4,0.6,True
3.37,3.37,AEROTWIN-4-001,IDLE,0.15,1191.524002924038,655.6415191225835,23.970555157228308,28.76741700931958,21.49614357886492,2.490741504181768,4.780531926272891,-0.2177694327169478,30.675380778994978,-0.2177694327169478,-1.4724249042415016,33.1432026903058,509.3380668257421,24.892011777844584,305.4475588960647,44.30150304716744,0.0010321839979215046,5.160919989607524,322.42705098312484,0.1512629836399797,LUBRICATION,LUBRICATION_SYSTEM,0.4,0.6,True
3.38,3.38,AEROTWIN-4-001,IDLE,0.15,1181.154530931035,7.132959298025867,23.98109683311372,2.3564894358673585,21.57873875630835,2.4955220361080412,-21.717771356549033,-0.21786520249626226,-0.21786520249626226,-0.2028961639901012,2.9951160048499843,33.145626761591586,509.34026829920884,24.891737505760666,305.5364870917231,44.314401014809334,0.0010327319384330735,5.163659692165368,322.42705098312484,0.44581507169112705,LUBRICATION,LUBRICATION_SYSTEM,0.4,0.6,True
3.39,3.39,AEROTWIN-4-001,IDLE,0.15,1192.1623362793794,78.00223115388798,23.933058545328265,46.73328450157022,21.204786627148753,2.473804264751492,23.05469360966997,-0.21742878078591324,-0.21742878078591324,-1.5950940034530483,48.7632360665951,33.147647027452315,509.33797067641336,24.891458947363862,305.13221443090475,44.255766116629566,0.0010302443978254785,5.151221989127393,322.42705098312484,0.46608713006205754,LUBRICATION,LUBRICATION_SYSTEM,0.4,0.6,True
3.4,3.4,AEROTWIN-4-001,IDLE,0.15,1184.5411635028008,149.53197133065075,23.984041627725862,8.136977660393471,21.60186563979116,2.496858958361162,-15.961746937758852,-0.21789195557928215,-0.21789195557928215,-0.8286281116378872,9.401389683189922,33.15004021468586,509.34044812505135,24.8911852046984,305.5613506279642,44.31800717237867,0.001032885213539589,5.164426067697946,322.42705098312484,0.3447266933390487,LUBRICATION,LUBRICATION_SYSTEM,0.4,0.6,True
3.41,3.41,AEROTWIN-4-001,IDLE,0.15,1188.2615301826386,220.60444114081878,23.948789377044815,31.599373588474585,21.32655862369177,2.4808972114234034,7.79191775335941,-1.0620213959319273,-0.2175716933833316,33.096538371173175,-0.2175716933833316,33.15212907047841,509.33959742056913,24.89090833843974,305.2643262033096,44.27492734387562,0.0010310563297096325,5.155281648548162,322.42705098312484,0.20106650249225652,LUBRICATION,LUBRICATION_SYSTEM,0.4,0.6,True
3.42,3.42,AEROTWIN-4-001,IDLE,0.15,1191.7675751427903,291.9001329517771,23.966023774278046,31.29246498301896,21.460732460530185,2.4886891291767625,7.343043393312012,-1.5151199246539646,-0.21772826568147327,33.24304143903587,-0.21772826568147327,33.15432677912124,509.34036242656174,24.89063318456966,305.4093698271505,44.295964180990254,0.0010319488221424797,5.159744110712399,322.42705098312484,0.19550209418290868,LUBRICATION,LUBRICATION_SYSTEM,0.4,0.6,True
3.43,3.43,AEROTWIN-4-001,IDLE,0.15,1180.4883799000163,363.40618746034454,23.982220663439026,0.46050283870665276,21.587561941539434,2.4960321725700747,-23.623091275402857,0.9933403220037684,-0.09708665859459217,-0.2178754123512617,-0.2178754123512617,33.156624482971,509.3426108981017,24.89035965615178,305.5459747163805,44.315777080914394,0.0010327904224551837,5.163952112275918,322.42705098312484,0.4790216123796948,LUBRICATION,LUBRICATION_SYSTEM,0.4,0.6,True
3.44,3.44,AEROTWIN-4-001,IDLE,0.15,1191.6135897749527,434.2354902543455,23.929959528448663,46.95386925161275,21.18087509515488,2.4724090812946717,23.300585075163198,48.95784615924943,-1.5691756544101099,-0.21740062661328668,-0.21740062661328668,33.158488164404986,509.3399692170349,24.89008144956727,305.1062191186883,44.25199580853631,0.0010300847470955852,5.150423735477926,322.42705098312484,0.4699823321767466,LUBRICATION,LUBRICATION_SYSTEM,0.4,0.6,True
3.45,3.45,AEROTWIN-4-001,IDLE,0.15,1184.8859198305604,505.7323056408427,23.981510206794265,9.987294434300019,21.581983749983007,2.495709666369835,-14.090398982052823,11.343082347656203,-0.920049997469456,-0.2178689579433648,-0.2178689579433648,33.16072972920315,509.342161525084,24.88980811119507,305.53997672368325,44.31490714404957,0.0010327534488115018,5.163767244057509,322.42705098312484,0.31228583251664543,LUBRICATION,LUBRICATION_SYSTEM,0.4,0.6,True
3.46,3.46,AEROTWIN-4-001,IDLE,0.15,1187.0133374861591,576.8254608306763,23.95038849409191,28.276246848374676,21.338974462356497,2.4816192673877824,4.455653118630397,-0.21758622115750745,29.689544473100703,-0.21758622115750745,-0.9781251824110111,33.16270170109276,509.3414157383129,24.88953202724539,305.27777083022494,44.276877325674164,0.001031139010465849,5.1556950523292455,322.42705098312484,0.14289380254296122,LUBRICATION,LUBRICATION_SYSTEM,0.4,0.6,True
3.47,3.47,AEROTWIN-4-001,IDLE,0.15,1191.753068291111,648.0462610798459,23.960247030180614,33.828613793495435,21.4156698884354,2.4860749205064128,9.926868984553623,-0.21767578469900137,35.81622232747016,-0.21767578469900137,-1.5522569645767206,33.16472629846975,509.34160034663483,24.889256977507802,305.36071745214906,44.28890773782479,0.0010316493247867179,5.158246623933589,322.42705098312484,0.23994948770539748,LUBRICATION,LUBRICATION_SYSTEM,0.4,0.6,True
3.48,3.48,AEROTWIN-4-001,IDLE,0.15,1180.254264576707,719.5514451773125,23.982153735393013,0.0,21.5870363933374,2.4960017894909665,-24.083038182828368,-0.21787480431850995,0.015846826762916287,-0.21787480431850995,-0.012792538572901031,33.16689708715437,509.3438116529509,24.888984081329077,305.54540965637995,44.31569512574203,0.0010327869391531773,5.163934695765887,322.42705098312484,0.4870788174197607,LUBRICATION,LUBRICATION_SYSTEM,0.4,0.6,True
3.49,3.49,AEROTWIN-4-001,IDLE,0.15,1191.2956512725439,70.36670105191502,23.92887002340995,46.769419685481076,21.172474714783338,2.471918751308138,23.1250262193896,-0.21739072859913283,-0.21739072859913283,-1.5356410479379252,48.73984219061727,33.16862850978608,509.3410396178743,24.888706408370126,305.0970825044324,44.25067065227787,0.0010300286430885422,5.150143215442711,322.42705098312484,0.46676676352361,LUBRICATION,LUBRICATION_SYSTEM,0.4,0.6,True
3.5,3.5,AEROTWIN-4-001,IDLE,0.15,1185.551984959195,141.84444012826765,23.980043039725047,12.036005741482874,21.570468560413662,2.4950437775275276,-12.029506596458315,-0.21785562891788882,-0.21785562891788882,-1.0094318964301692,13.48114889574882,33.170735387999464,509.34306890654426,24.888433571620393,305.5275919862783,44.31311088650583,0.0010326771112209767,5.163385556104884,322.42705098312484,0.27639843225484056,LUBRICATION,LUBRICATION_SYSTEM,0.4,0.6,True
3.5100000000000002,3.5100000000000002,AEROTWIN-4-001,IDLE,0.15,1185.9719688670027,212.97755922581933,23.953476782066467,24.725598458855547,21.362971948328067,2.4830142709310694,0.879612239596411,-0.8883730474120451,-0.21761427785940168,26.049200061986394,-0.21761427785940168,33.17261021640724,509.3425858917203,24.888158406163836,305.30374347406814,44.280644345991895,0.001031298762676672,5.15649381338336,322.42705098312484,0.08072274374022548,LUBRICATION,LUBRICATION_SYSTEM,0.4,0.6,True
3.52,3.52,AEROTWIN-4-001,IDLE,0.15,1191.908434835629,284.1358773578395,23.955423281744455,36.29530950456931,21.37811037118443,2.4838938831706656,12.433305250214215,-1.58281431603836,-0.21763196156042064,38.31338774372851,-0.21763196156042064,33.174477417410046,509.3422949453703,24.88788354696567,305.32011888947955,44.28301940349233,0.0010313995030600137,5.156997515300068,322.42705098312484,0.2831708192374547,LUBRICATION,LUBRICATION_SYSTEM,0.4,0.6,True
3.5300000000000002,3.5300000000000002,AEROTWIN-4-001,IDLE,0.15,1180.4067881589535,355.6503834479772,23.982870487702026,0.0,21.59266528066481,2.49632718842088,-24.088992469085692,-0.12393454179862476,-0.21788131592171264,0.4792090391541006,-0.21788131592171264,33.17653528879223,509.3445554723799,24.887611354574993,305.5514613059097,44.31657284488653,0.0010328242453243285,5.164121226621643,322.42705098312484,0.48709589537599746,LUBRICATION,LUBRICATION_SYSTEM,0.4,0.6,True
3.54,3.54,AEROTWIN-4-001,IDLE,0.15,1191.1502284628427,426.4747907375144,23.92957984601481,46.15119423318805,21.177947281917138,2.4722381959517943,22.50100875531912,48.08094942263824,-1.4949608349564731,-0.21739717724685817,-0.21739717724685817,33.17815594096774,509.3418302090671,24.887334377988026,305.10303495021356,44.25153398310908,0.0010300651939770958,5.15032596988548,322.42705098312484,0.45593980506775705,LUBRICATION,LUBRICATION_SYSTEM,0.4,0.6,True
3.5500000000000003,3.5500000000000003,AEROTWIN-4-001,IDLE,0.15,1186.4615008936444,497.94380444528497,23.979371849128,14.239893766099044,21.565202618776787,2.4947392047071135,-9.820048057384856,15.770056606873045,-1.094463778299958,-0.2178495312370214,-0.2178495312370214,33.18014183559454,509.3437774088959,24.88706211517773,305.52192707514985,44.312289259125585,0.0010326421963299378,5.163210981649689,322.42705098312484,0.2378144035970935,LUBRICATION,LUBRICATION_SYSTEM,0.4,0.6,True
3.56,3.56,AEROTWIN-4-001,IDLE,0.15,1185.1221295795378,569.1314944989036,23.957691331060662,21.07550887636785,21.395762440268825,2.4849191566497284,-2.805172720550705,-0.21765256649884301,22.305489002189763,-0.21765256649884301,-0.7946749928242284,33.18193539436059,509.3436664740565,24.88678797155726,305.3392045625622,44.285787551344896,0.0010315169349797647,5.157584674898824,322.42705098312484,0.11767522430124014,LUBRICATION,LUBRICATION_SYSTEM,0.4,0.6,True
3.5700000000000003,3.5700000000000003,AEROTWIN-4-001,IDLE,0.15,1192.1755693750374,640.2388222736759,23.951483886936874,38.60228700488497,21.347483258236124,2.4821139839291777,14.772689762719668,-0.21759617266162928,40.64346214463086,-0.21759617266162928,-1.6059827944226264,33.18365930484047,509.3429842963106,24.886513382606328,305.2869819627853,44.278213289918455,0.0010311956620229683,5.1559783101148415,322.42705098312484,0.3235871908337138,LUBRICATION,LUBRICATION_SYSTEM,0.4,0.6,True
3.58,3.58,AEROTWIN-4-001,IDLE,0.15,1180.9470488686832,711.7693564361781,23.984102660168706,0.5822735253285136,21.602345207266552,2.4968866736918973,-23.516958355629935,-0.21789251005123192,1.2520069167355226,-0.21789251005123192,-0.2339483713045451,33.18561516958292,509.34534207577786,24.886241940633187,305.5618660382362,44.3180819264537,0.0010328883912157974,5.164441956078987,322.42705098312484,0.47693547012355675,LUBRICATION,LUBRICATION_SYSTEM,0.4,0.6,True
3.59,3.59,AEROTWIN-4-001,IDLE,0.15,1191.1832230580535,62.62617936829906,23.932093480948087,45.10930040419037,21.19733759939314,2.4733697153362675,21.438593089460962,-0.21742001329925187,-0.21742001329925187,-1.448058976432836,46.99219940722171,33.18714557472886,509.3428286876843,24.885965824011876,305.12411814155786,44.25459184701527,0.0010301946703792303,5.150973351896152,322.42705098312484,0.43767829583712753,LUBRICATION,LUBRICATION_SYSTEM,0.4,0.6,True
3.6,3.6,AEROTWIN-4-001,IDLE,0.15,1187.5949981520712,134.09717275178227,23.979524140321498,16.54604497696378,21.56639733791251,2.4948083084257284,-7.515160669374456,-0.21785091478306773,-0.21785091478306773,-1.1733896372680919,18.155136443798007,33.18902344273735,509.3447650660885,24.885694209986188,305.52321238392693,44.31247567774,0.0010326501180008812,5.163250590004406,322.42705098312484,0.19746038500237192,LUBRICATION,LUBRICATION_SYSTEM,0.4,0.6,True
3.61,3.61,AEROTWIN-4-001,IDLE,0.15,1184.5101311911533,205.35287264090655,23.962939689819592,17.463026151239642,21.436663257964344,2.487293147756354,-6.460930254481056,-0.6991312330971001,-0.21770024716798606,18.597557878672713,-0.21770024716798606,33.19074998098594,509.3451152243586,24.88542118355978,305.38339084317676,44.29219624111267,0.0010317888832411719,5.158944416205859,322.42705098312484,0.18101846912477135,LUBRICATION,LUBRICATION_SYSTEM,0.4,0.6,True
3.62,3.62,AEROTWIN-4-001,IDLE,0.15,1192.5628091314566,276.42348051237576,23.948645416271326,40.67176267950683,21.32544122268458,2.4808322175018733,16.86548923932037,-1.6215338416943663,-0.2175703855180873,42.728437292237366,-0.2175703855180873,33.19234541012714,509.34413454283157,24.88514696422233,305.26311598306484,44.27475181595176,0.0010310488876663897,5.155244438331949,322.42705098312484,0.3598349306890027,LUBRICATION,LUBRICATION_SYSTEM,0.4,0.6,True
3.63,3.63,AEROTWIN-4-001,IDLE,0.15,1181.739914751697,347.97724906026315,23.985888377613833,1.4466618597656948,21.616381135711652,2.4976977067411936,-22.66741698268715,-0.3404280426014362,-0.2179087330661962,2.2229073684995235,-0.2179087330661962,33.19420956513707,509.3466295260314,24.88487632284232,305.57694796990785,44.32026937965949,0.001032981382646897,5.164906913234485,322.42705098312484,0.46185123206712014,LUBRICATION,LUBRICATION_SYSTEM,0.4,0.6,True
3.64,3.64,AEROTWIN-4-001,IDLE,0.15,1191.2830692256098,418.88164394536494,23.9357805313509,43.68797643184754,21.225810150544493,2.4750302897585064,19.987135991544537,45.51910061284663,-1.396217161636392,-0.21745350968134872,-0.21745350968134872,33.195664494687676,509.34442375134563,24.884601172705157,305.15505553168487,44.25907894420451,0.0010303847070937434,5.151923535468717,322.42705098312484,0.41276354123155656,LUBRICATION,LUBRICATION_SYSTEM,0.4,0.6,True
3.65,3.65,AEROTWIN-4-001,IDLE,0.15,1188.8157746354536,490.35862809890153,23.979984970959702,18.897540643335333,21.570012923369564,2.495017425750051,-5.167489705784282,20.578302718458467,-1.245051872381992,-0.21785510137057068,-0.21785510137057068,33.1974424436353,509.346363044373,24.884330234413714,305.527101861084,44.3130397997279,0.0010326740903346563,5.163370451673282,322.42705098312484,0.15632018819493979,LUBRICATION,LUBRICATION_SYSTEM,0.4,0.6,True
3.66,3.66,AEROTWIN-4-001,IDLE,0.15,1184.0581925726267,561.6875745770287,23.968587104208307,14.006350483853993,21.480757119428052,2.489849936044267,-9.964256571618327,-0.21775155320656886,15.04537148588692,-0.21775155320656886,-0.6035178956197899,33.19911055493473,509.3471964431074,24.88405836228997,305.43097003217196,44.29909703152616,0.0010320818308218842,5.160409154109421,322.42705098312484,0.24164464631769553,LUBRICATION,LUBRICATION_SYSTEM,0.4,0.6,True
3.67,3.67,AEROTWIN-4-001,IDLE,0.15,1192.9712481551105,632.7310661313863,23.946548460770547,42.456516925758564,21.309171286973445,2.4798856794726483,18.66745995931247,-0.21755133494513054,44.521401375021235,-0.21755133494513054,-1.6297817793724079,33.20058878772608,509.3459700431323,24.88378457871355,305.24549023941745,44.272195413344626,0.0010309405101136882,5.154702550568441,322.42705098312484,0.39109171919931096,LUBRICATION,LUBRICATION_SYSTEM,0.4,0.6,True
3.68,3.68,AEROTWIN-4-001,IDLE,0.15,1182.6248250181545,704.309341020693,23.987771280324658,2.4602455884124104,21.631190394308792,2.498553139431961,-21.669497945328345,-0.21792583899688944,3.3381219551428045,-0.21792583899688944,-0.4420246887366154,33.202367324883745,509.3485941841205,24.88351474558812,305.59285449386874,44.32257643008173,0.001033079471490565,5.165397357452825,322.42705098312484,0.4441583983708084,LUBRICATION,LUBRICATION_SYSTEM,0.4,0.6,True
3.69,3.69,AEROTWIN-4-001,IDLE,0.15,1191.3195792087786,55.26683052178225,23.93989299625939,41.9447449018954,21.257610667053044,2.4768836414866326,18.21025059335572,-0.21749087089990687,-0.21749087089990687,-1.340528370527269,43.72025501422248,33.20375522498934,509.3467185402395,24.88324060032597,305.18957956441653,44.26408624086385,0.0010305968363275707,5.152984181637854,322.42705098312484,0.3822106407169879,LUBRICATION,LUBRICATION_SYSTEM,0.4,0.6,True
3.7,3.7,AEROTWIN-4-001,IDLE,0.15,1189.9768833272824,126.74600527430897,23.980153470590576,21.254293296342546,21.571335082471705,2.4950938920799883,-2.812135678209148,-0.21785663216820084,-0.21785663216820084,-1.309256585977929,22.999263146656876,33.20543617985447,509.34861611068015,24.882970308722083,305.52852408011944,44.31324607553236,0.0010326828562162661,5.163414281081331,322.42705098312484,0.1150810306796203,LUBRICATION,LUBRICATION_SYSTEM,0.4,0.6,True
3.71,3.71,AEROTWIN-4-001,IDLE,0.15,1183.6580863557017,198.14461827394592,23.97395361385428,10.780962170267081,21.52273784416072,2.492281756401779,-13.234057430295417,-0.5086996291549987,-0.21780030726143362,11.725262413944947,-0.21780030726143362,33.20704876271228,509.3498908007677,24.882699565012405,305.47621463089087,44.30565921763515,0.0010323605169691226,5.1618025848456135,322.42705098312484,0.2982166765834288,LUBRICATION,LUBRICATION_SYSTEM,0.4,0.6,True
3.72,3.72,AEROTWIN-4-001,IDLE,0.15,1193.2875439313293,269.164103455288,23.94469140194927,43.9417090000024,21.294772515933175,2.479047698971484,20.167888785097738,-1.631334853852259,-0.21753446380287375,46.0081127814604,-0.21753446380287375,33.20841681298837,509.3484255677581,24.882426237171032,305.22988485230366,44.26993203920842,0.001030844569365607,5.154222846828035,322.42705098312484,0.4171034789707694,LUBRICATION,LUBRICATION_SYSTEM,0.4,0.6,True
3.73,3.73,AEROTWIN-4-001,IDLE,0.15,1183.477381131863,340.7613560911677,23.98922899873858,3.5955208567804693,21.64266218990617,2.499215587756581,-20.546356920882282,-0.5385877091758449,-0.21793908218253857,4.569986730321391,-0.21793908218253857,33.21011143957102,509.3511238759633,24.882157171119292,305.60517178092374,44.32436290476162,0.001033155436312982,5.165777181564911,322.42705098312484,0.4243258332495934,LUBRICATION,LUBRICATION_SYSTEM,0.4,0.6,True
3.74,3.74,AEROTWIN-4-001,IDLE,0.15,1191.1935162665052,411.7699989590795,23.943852489027375,39.92757587139911,21.288271005164518,2.478669230835699,16.16063563539889,41.644188365680925,-1.2815588095096173,-0.21752684238610215,-0.21752684238610215,33.21143606024558,509.3495503709779,24.88188401612791,305.22283644060565,44.26890975167256,0.0010308012405697482,5.154006202848741,322.42705098312484,0.34686559239539183,LUBRICATION,LUBRICATION_SYSTEM,0.4,0.6,True
3.75,3.75,AEROTWIN-4-001,IDLE,0.15,1190.972787504936,483.2416099350698,23.979571649286758,23.599306686317412,21.56677005703442,2.4948298664710977,-0.4622932371881072,25.401536034993768,-1.3665266558844553,-0.2178513463959505,-0.2178513463959505,33.213019196441834,509.3513231186748,24.881614299382303,305.5236133557529,44.31253383389169,0.0010326525893059831,5.163262946529915,322.42705098312484,0.07402943676864143,LUBRICATION,LUBRICATION_SYSTEM,0.4,0.6,True
3.7600000000000002,3.7600000000000002,AEROTWIN-4-001,IDLE,0.15,1183.2247331109734,554.6999771853659,23.978552779597052,7.82565852818148,21.558778130738855,2.4943675732339097,-16.227487175791286,-0.21784209009492267,8.675935786795145,-0.21784209009492267,-0.4145930784238206,33.214575228558914,509.35295694963867,24.88134461264934,305.51501471727687,44.3112867045644,0.001032599595303074,5.16299797651537,322.42705098312484,0.35004401079459635,LUBRICATION,LUBRICATION_SYSTEM,0.4,0.6,True
3.77,3.77,AEROTWIN-4-001,IDLE,0.15,1193.429949470627,625.6934611720243,23.9426793930287,45.13107801001399,21.279182761434,2.478140086058118,21.373755162521867,-0.21751618495875102,47.192875704456455,-0.21751618495875102,-1.6267653245249685,33.21583694969494,509.35122934008814,24.881071724235372,305.2129815374827,44.26748041623341,0.0010307406638891748,5.1537033194458735,322.42705098312484,0.4379400872549429,LUBRICATION,LUBRICATION_SYSTEM,0.4,0.6,True
3.7800000000000002,3.7800000000000002,AEROTWIN-4-001,IDLE,0.15,1184.2135642558815,697.2992581402619,23.989885190701134,4.844589903789933,21.647828118101582,2.49951384122064,-19.302752055532288,-0.21794504360272687,5.91129683513066,-0.21794504360272687,-0.6308168441352732,33.21744638342249,509.3539185849305,24.880803348729465,305.61071716789877,44.325167196597704,0.0010331896392134228,5.165948196067114,322.42705098312484,0.40248277010413125,LUBRICATION,LUBRICATION_SYSTEM,0.4,0.6,True
3.79,3.79,AEROTWIN-4-001,IDLE,0.15,1190.834885122647,48.35207199561478,23.94726945298405,37.66263710111523,21.314764017222885,2.480211089165108,13.867661994727237,-0.21755788506732412,-0.21755788506732412,-1.2192636589027526,39.31701653015263,33.21870845503827,509.3525907192741,24.880531133437955,305.2515499340899,44.27307429934053,0.0010309777682042285,5.154888841021142,322.42705098312484,0.3071907105659808,LUBRICATION,LUBRICATION_SYSTEM,0.4,0.6,True
3.8000000000000003,3.8000000000000003,AEROTWIN-4-001,IDLE,0.15,1191.7360147405393,119.80216510297359,23.977916143913827,25.93518606035487,21.55378585085997,2.4940787511598352,1.8873214583350637,-0.21783630634103485,-0.21783630634103485,-1.4177004756618088,27.78855914869875,33.22019046954182,509.35413375920194,24.88026188949024,305.5096424747652,44.310507525255,0.001032566487811886,5.1628324390594305,322.42705098312484,0.10161656301067826,LUBRICATION,LUBRICATION_SYSTEM,0.4,0.6,True
3.81,3.81,AEROTWIN-4-001,IDLE,0.15,1182.702712603606,191.30632598740596,23.98207505708225,5.163080911152226,21.586418592565273,2.4959660726181703,-18.91930375403122,-0.32036382391166235,-0.21787408953610338,5.919192914136094,-0.21787408953610338,33.221686567183376,509.35602442153925,24.879993158935697,305.54474539751607,44.31559878296493,0.0010327828443634547,5.163914221817274,322.42705098312484,0.3967230268863835,LUBRICATION,LUBRICATION_SYSTEM,0.4,0.6,True
3.8200000000000003,3.8200000000000003,AEROTWIN-4-001,IDLE,0.15,1193.3473311809519,262.2684887436223,23.94025483289396,46.03149459276207,21.260410808661046,2.477046768864139,22.29403701523689,-1.616377479099483,-0.21749415813952774,48.08286038814062,-0.21749415813952774,33.22284389576479,509.3539964021166,24.879720670038903,305.1926180358773,44.26452693468757,0.0010306155089762382,5.153077544881191,322.42705098312484,0.4537246840393237,LUBRICATION,LUBRICATION_SYSTEM,0.4,0.6,True
3.83,3.83,AEROTWIN-4-001,IDLE,0.15,1184.7874309141016,333.8693286144794,23.989504501736334,6.216358577544348,21.64483096753051,2.4993408058793762,-17.92781319586554,-0.7198934786032305,-0.21794158509209322,7.372135226331766,-0.21794158509209322,33.2243651286798,509.3565810625698,24.8794528863652,305.6074999609391,44.32470057933468,0.0010331697958878426,5.165848979439214,322.42705098312484,0.3784677416672785,LUBRICATION,LUBRICATION_SYSTEM,0.4,0.6,True
3.84,3.84,AEROTWIN-4-001,IDLE,0.15,1190.1993970493795,404.9565744693255,23.94993170607012,35.151635536223566,21.335427175495827,2.4814129926835107,11.334795368044228,36.739827968505246,-1.1530282896883592,-0.21758207129665838,-0.21758207129665838,33.22556386226632,509.35543257782587,24.879181540413253,305.27393009082147,44.276320272512564,0.001031115389980709,5.155576949903545,322.42705098312484,0.26321824057607757,LUBRICATION,LUBRICATION_SYSTEM,0.4,0.6,True
3.85,3.85,AEROTWIN-4-001,IDLE,0.15,1192.2303073840662,476.3685382922883,23.97498150359348,28.27706411462542,21.53078766820646,2.4927477880515547,4.253528658367406,30.176291985231117,-1.4636085795887763,-0.2178096455084593,-0.2178096455084593,33.22694002699292,509.35663221925853,24.878912648071783,305.4848842526905,44.306916642241724,0.0010324139304342319,5.1620696521711595,322.42705098312484,0.14263225717963088,LUBRICATION,LUBRICATION_SYSTEM,0.4,0.6,True
3.86,3.86,AEROTWIN-4-001,IDLE,0.15,1182.0727716764063,547.9023567353323,23.984355111120397,2.827437247834095,21.604328969631013,2.4970013167099223,-21.27389303850684,-0.21789480353589166,3.487906829094858,-0.21789480353589166,-0.2246799741889796,33.228371674228974,509.3586722597988,24.87864475692964,305.56399799375123,44.31839114101769,0.0010329015355835234,5.164507677917617,322.42705098312484,0.43765112104642995,LUBRICATION,LUBRICATION_SYSTEM,0.4,0.6,True
3.87,3.87,AEROTWIN-4-001,IDLE,0.15,1193.019576750369,618.8267230359168,23.937327749405313,46.64043140487624,21.23776904744431,2.4757274236714153,22.926934933760514,-0.21746756595980318,48.67545859333441,-0.21746756595980318,-1.600092056538567,33.229426015051956,509.3563080697366,24.87837261952785,305.1680422722054,44.26096251507613,0.0010304644951723858,5.152322475861929,322.42705098312484,0.4644140613691748,LUBRICATION,LUBRICATION_SYSTEM,0.4,0.6,True
3.88,3.88,AEROTWIN-4-001,IDLE,0.15,1185.1900388160718,690.4078976409389,23.98799403608423,7.733451492097345,21.632943037086065,2.498654358605176,-16.398145903593896,-0.21792786270452066,8.97643903286772,-0.21792786270452066,-0.8071318153613338,33.23085550529408,509.35869447231477,24.87810532020237,305.5947365631073,44.32284940163996,0.00103309107831511,5.1654553915755494,322.42705098312484,0.35188260526070475,LUBRICATION,LUBRICATION_SYSTEM,0.4,0.6,True
3.89,3.89,AEROTWIN-4-001,IDLE,0.15,1189.2699130526478,41.51929996990327,23.951798771019163,32.37705464470864,21.34992981254226,2.482256212701582,8.5448686194648,-0.21759903334330818,-0.21759903334330818,-1.081802779453659,33.89405549084891,33.23198996989165,509.35766569857094,24.877834769279914,305.28963005385765,44.27859736375141,0.001031211949518435,5.156059747592176,322.42705098312484,0.21464208507253132,LUBRICATION,LUBRICATION_SYSTEM,0.4,0.6,True
3.9,3.9,AEROTWIN-4-001,IDLE,0.15,1192.44742525221,112.87549475306213,23.97068664539537,30.64293901242959,21.49717194255048,2.4908010813210466,6.654965988558063,-0.21777062727015536,-0.21777062727015536,-1.5048251116322466,32.58330537860215,33.23325515246102,509.35841116170064,24.87756609999186,305.4486673691789,44.30166381789097,0.0010321908252858398,5.160954126429199,322.42705098312484,0.1840831461303509,LUBRICATION,LUBRICATION_SYSTEM,0.4,0.6,True
3.91,3.91,AEROTWIN-4-001,IDLE,0.15,1181.368686537542,184.42234026819474,23.985356351693156,0.9063983866779346,21.612198444063086,2.497456047309605,-23.203256104694756,-0.12601565180047383,-0.21790389967864315,1.4682218378356946,-0.21790389967864315,33.23461773594035,509.3604997791948,24.877298927648297,305.5724541851691,44.31961761010855,0.001032953673817713,5.1647683690885655,322.42705098312484,0.47129316269785565,LUBRICATION,LUBRICATION_SYSTEM,0.4,0.6,True
3.92,3.92,AEROTWIN-4-001,IDLE,0.15,1192.470084651768,255.30446146044727,23.93405449124698,46.937443252487775,21.212476621131025,2.4742527912049104,23.25071384015184,-1.577436718986221,-0.21743782882740884,48.94975562912881,-0.21743782882740884,33.23557185498754,509.3577881503739,24.877027108348113,305.14057083455305,44.2569781127019,0.00103029572661596,5.1514786330798,322.42705098312484,0.46964867442618047,LUBRICATION,LUBRICATION_SYSTEM,0.4,0.6,True
3.93,3.93,AEROTWIN-4-001,IDLE,0.15,1185.4592594880155,326.85266653955335,23.985460836093065,9.427085438820384,21.61301982047336,2.4975035050450622,-14.683437886698039,-0.8936177095517992,-0.21790484890607434,10.756512846184334,-0.21790484890607434,33.23690707353487,509.35990205432245,24.876760195981586,305.573336693682,44.31974560737825,0.0010329591153099137,5.164795576549569,322.42705098312484,0.3221836294864277,LUBRICATION,LUBRICATION_SYSTEM,0.4,0.6,True
3.94,3.94,AEROTWIN-4-001,IDLE,0.15,1188.0726022559365,397.98022210883425,23.9530469434399,29.315822719755836,21.359630358588973,2.482820067158364,5.473372294008499,30.75540688322488,-1.004363417808308,-0.21761037283036697,-0.21761037283036697,33.23797782894294,509.3589584713164,24.876490381979004,305.30012789798803,44.28011995006839,0.001031276521858507,5.156382609292535,322.42705098312484,0.16105649840274366,LUBRICATION,LUBRICATION_SYSTEM,0.4,0.6,True
3.95,3.95,AEROTWIN-4-001,IDLE,0.15,1192.4167285132796,469.26457824419043,23.965149752314073,33.0405188914563,21.453908694447254,2.4882934394523724,9.098316757556676,35.01742777936175,-1.5414682372983772,-0.21772032530353758,-0.21772032530353758,33.23912798894816,509.3591584819289,24.87622181857768,305.4020064026891,44.29489620463322,0.0010319034857384653,5.159517428692327,322.42705098312484,0.2261028355459832,LUBRICATION,LUBRICATION_SYSTEM,0.4,0.6,True
3.96,3.96,AEROTWIN-4-001,IDLE,0.15,1180.905778417392,540.8095819549872,23.985214803556463,0.0,21.611085748509115,2.4973917562099293,-24.108477504719044,-0.2179026137318961,0.11527739275542585,-0.2179026137318961,-0.023091249753556867,33.24041807399571,509.36121526067205,24.875955256891014,305.5712586435761,44.31944421114699,0.0010329463022496022,5.164731511248011,322.42705098312484,0.48715176095331947,LUBRICATION,LUBRICATION_SYSTEM,0.4,0.6,True
3.97,3.97,AEROTWIN-4-001,IDLE,0.15,1191.9901716694203,611.6639286600307,23.931901500986715,46.88423828109788,21.195856062344482,2.47328327870521,23.215098940048186,-0.21741826918581744,48.86692050175639,-0.21741826918581744,-1.5478456822868754,33.241285915502885,509.35828735561984,24.875683857688166,305.1225076671425,44.254358267027015,0.001030184779261152,5.150923896305761,322.42705098312484,0.46874187476418516,LUBRICATION,LUBRICATION_SYSTEM,0.4,0.6,True
3.98,3.98,AEROTWIN-4-001,IDLE,0.15,1185.8893351612878,683.1833389601959,23.983247529975277,11.314563152824542,21.595626878313432,2.496498377645258,-12.777562103134148,-0.21788474130261926,12.729598857278917,-0.21788474130261926,-0.9792662218491375,33.242534640557956,509.3601831024448,24.875417360969784,305.5546449567619,44.31703459523883,0.0010328438721359642,5.164219360679821,322.42705098312484,0.28910002438817656,LUBRICATION,LUBRICATION_SYSTEM,0.4,0.6,True
3.99,3.99,AEROTWIN-4-001,IDLE,0.15,1186.9106896367375,34.336699069873134,23.95504034841099,25.997972022047186,21.375131395315815,2.483720815542124,2.139119811189247,-0.21762848265998425,-0.21762848265998425,-0.9206583602363058,27.353887347603457,33.24355246828922,509.3594168113814,24.87514835240646,305.3168970451731,44.28255211363782,0.001031379681363055,5.156898406815275,322.42705098312484,0.10297171467944098,LUBRICATION,LUBRICATION_SYSTEM,0.4,0.6,True
4.0,4.0,AEROTWIN-4-001,IDLE,0.15,1192.4128984682034,105.55134044807738,23.959771722531446,35.421625341364965,21.411966177044906,2.485859935353313,11.523799228966746,-0.2176714665897024,-0.2176714665897024,-1.5727698438394018,37.42973811838377,33.24459401590783,509.3591074009412,24.874879908504795,305.3567159627556,44.28832736980614,0.0010316246978315361,5.158123489157681,322.42705098312484,0.2678325238623289,LUBRICATION,LUBRICATION_SYSTEM,0.4,0.6,True
4.01,4.01,AEROTWIN-4-001,IDLE,0.15,1180.9020184885571,177.0961143561696,23.985197142302514,0.0,21.61094691902501,2.49738373458228,-24.10833065360729,-0.2179024532816592,-0.2179024532816592,-0.08279313271993782,0.2612252341236462,33.245817503686965,509.3611638152612,24.874613967990896,305.57110947491486,44.3194225760227,0.0010329453824986388,5.164726912493195,322.42705098312484,0.4871513400364165,LUBRICATION,LUBRICATION_SYSTEM,0.4,0.6,True
4.0200000000000005,4.0200000000000005,AEROTWIN-4-001,IDLE,0.15,1191.775556230269,247.95023546548305,23.931884010426504,46.44248068590442,21.19572109004614,2.473275403928673,22.77348419192961,-1.511368087252909,-0.21741811028631136,48.38868499372995,-0.21741811028631136,33.24662007923116,509.3582355849462,24.8743431845714,305.1223609449213,44.2543369867295,0.001030183878138129,5.150919390690645,322.42705098312484,0.4610113141956025,LUBRICATION,LUBRICATION_SYSTEM,0.4,0.6,True
4.03,4.03,AEROTWIN-4-001,IDLE,0.15,1186.659891211883,319.45676883929923,23.982257484246933,13.369676207920644,21.587851079792248,2.496048888120602,-10.714223759992205,-1.0621795774365228,-0.21787574686359976,14.867607279084366,-0.21787574686359976,33.24779636799859,509.36004064799266,24.87407721691002,305.54628558912435,44.31582216927542,0.0010327923388317977,5.1639616941589885,322.42705098312484,0.25311195572054235,LUBRICATION,LUBRICATION_SYSTEM,0.4,0.6,True
4.04,4.04,AEROTWIN-4-001,IDLE,0.15,1186.0126700236915,390.6563623120122,23.958610251984148,22.532716062414952,21.402918284768095,2.48533466436061,-1.355536886713753,23.80040787310279,-0.832369981131652,-0.21766091477809255,-0.21766091477809255,33.24877766521762,509.3596081565979,24.873809159934538,305.3469388741048,44.28690932042241,0.0010315645288800732,5.157822644400366,322.42705098312484,0.09219594461228946,LUBRICATION,LUBRICATION_SYSTEM,0.4,0.6,True
4.05,4.05,AEROTWIN-4-001,IDLE,0.15,1192.6158324941841,461.81712251343373,23.955611886358643,37.693188005320614,21.37957773934052,2.4839791274738965,13.8296311385062,39.72611433673657,-1.5976589813974373,-0.21763367500925695,-0.21763367500925695,33.2497242687533,509.35890909697883,24.87354094751594,305.32170578946295,44.28324956429213,0.0010314092663228128,5.1570463316140644,322.42705098312484,0.30763157457314133,LUBRICATION,LUBRICATION_SYSTEM,0.4,0.6,True
4.0600000000000005,4.0600000000000005,AEROTWIN-4-001,IDLE,0.15,1181.2341637310788,533.3740724630848,23.98613284839108,0.2784008243949646,21.61830338029188,2.4978087586124027,-23.83771131450932,0.9028028622753544,-0.18858012977640962,-0.21791095405199012,-0.21791095405199012,33.250892559238196,509.3610574406233,24.8732757165118,305.57901300893184,44.32056888878946,0.001032994116109813,5.164970580549065,322.42705098312484,0.4823016270393091,LUBRICATION,LUBRICATION_SYSTEM,0.4,0.6,True
4.07,4.07,AEROTWIN-4-001,IDLE,0.15,1191.7020348490666,604.2481222869495,23.933428902232045,45.605475003333595,21.20764595403843,2.4739710472978933,21.92385800199727,-0.2174321454310919,47.50912170452193,-0.2174321454310919,-1.4687824103261493,33.251645569298155,509.3582742176353,24.873005691881048,305.13532175744103,44.256216797055735,0.0010302634839815515,5.151317419907757,322.42705098312484,0.4463462861517113,LUBRICATION,LUBRICATION_SYSTEM,0.4,0.6,True
4.08,4.08,AEROTWIN-4-001,IDLE,0.15,1187.624670520573,675.7502443778935,23.981918284297926,15.541470650846204,21.585187625816253,2.4958949052998904,-8.53961188026994,-0.2178726652753767,17.117431993771756,-0.2178726652753767,-1.1402160123747986,33.25275818065871,509.3600468057012,24.872740312824142,305.543421829109,44.315406815250306,0.0010327746853642681,5.1638734268213415,322.42705098312484,0.2150974712163856,LUBRICATION,LUBRICATION_SYSTEM,0.4,0.6,True
4.09,4.09,AEROTWIN-4-001,IDLE,0.15,1185.2948668816387,27.007724609127877,23.96307701900354,19.045560435007435,21.43773447250953,2.4873552934196206,-4.879529330921715,-0.21770149478608616,-0.21770149478608616,-0.7414542074090115,20.22241763198862,33.253713373023864,509.36002763721035,24.8724732908161,305.38454742572804,44.292363989532745,0.0010317960029382687,5.158980014691344,322.42705098312484,0.15332738542028815,LUBRICATION,LUBRICATION_SYSTEM,0.4,0.6,True
4.1,4.1,AEROTWIN-4-001,IDLE,0.15,1192.9068085057486,98.1254166220262,23.952284809776998,39.77859573165965,21.35370671033212,2.4824757640886985,15.942413257238831,-0.2176034489433591,-0.2176034489433591,-1.6156420507804796,41.829444680326844,33.25457497183409,509.35901046065794,24.872205385620997,305.29371771899645,44.27919023052781,0.0010312370920798606,5.156185460399303,322.42705098312484,0.34416359119159085,LUBRICATION,LUBRICATION_SYSTEM,0.4,0.6,True
4.11,4.11,AEROTWIN-4-001,IDLE,0.15,1181.8786058793441,169.69982513237113,23.987474252815222,1.0298582009174848,21.628853592512847,2.4984181773459375,-23.0974135689413,-0.21792314053989473,-0.21792314053989473,-0.2922434598015648,1.757947941798839,33.25569456151702,509.3612809742154,24.871940900993035,305.5903449852105,44.32221245596496,0.001033063995507199,5.1653199775359955,322.42705098312484,0.46918309707693734,LUBRICATION,LUBRICATION_SYSTEM,0.4,0.6,True
4.12,4.12,AEROTWIN-4-001,IDLE,0.15,1191.7587273842396,240.61254148513177,23.93642525647401,44.39899149630328,21.230792641623868,2.4753207637769963,20.69287809090242,-1.4210772462711534,-0.21745936692676487,46.25498747642797,-0.21745936692676487,33.256412227646344,509.35876835237974,24.87167176837457,305.1604667914286,44.259863782495216,0.0010304179517420132,5.152089758710066,322.42705098312484,0.4251990362056078,LUBRICATION,LUBRICATION_SYSTEM,0.4,0.6,True
4.13,4.13,AEROTWIN-4-001,IDLE,0.15,1188.7492978917041,312.1180651281861,23.982179843974976,17.780320659557734,21.587241407853604,2.4960136418678984,-6.302934390163768,-1.2120896556027299,-0.21787504151164322,19.42816039818375,-0.21787504151164322,33.25746891143531,509.3605528838778,24.871407032742784,305.54563008529254,44.31572709631066,0.0010327882979811313,5.163941489905657,322.42705098312484,0.17592382794317726,LUBRICATION,LUBRICATION_SYSTEM,0.4,0.6,True
4.14,4.14,AEROTWIN-4-001,IDLE,0.15,1184.779107899686,383.44302300168835,23.968279712519415,15.652919077634678,21.478354845009964,2.4897107074777347,-8.31514647485302,16.738130311142523,-0.6497137123231868,-0.21774876059232726,-0.21774876059232726,33.25840661847434,509.3610030465916,24.8711411144653,305.4283793840162,44.29872128909894,0.0010320658769336483,5.160329384668242,322.42705098312484,0.21282238123176478,LUBRICATION,LUBRICATION_SYSTEM,0.4,0.6,True
4.15,4.15,AEROTWIN-4-001,IDLE,0.15,1193.2798553118087,454.5297694756695,23.949893102663644,41.620446725655064,21.335127418021052,2.4813955610028815,17.80392374663113,43.68237583937734,-1.6267656725429978,-0.21758172058963998,-0.21758172058963998,33.25919331257191,509.35974044524096,24.870873601597367,305.27360551808016,44.27627319713131,0.0010311133939000566,5.155566969500283,322.42705098312484,0.3764228704576426,LUBRICATION,LUBRICATION_SYSTEM,0.4,0.6,True
4.16,4.16,AEROTWIN-4-001,IDLE,0.15,1182.6781348672944,526.1265607943781,23.989193568234054,1.9373914025598418,21.642383293742775,2.499199484749513,-22.204191375932446,2.76519585378337,-0.3919269306216703,-0.2179387603009292,-0.2179387603009292,33.26026990615998,509.3621525863864,24.870609897581918,305.60487237609004,44.324319479683346,0.0010331535896872268,5.165767948436134,322.42705098312484,0.4533422539779881,LUBRICATION,LUBRICATION_SYSTEM,0.4,0.6,True
4.17,4.17,AEROTWIN-4-001,IDLE,0.15,1191.8144162426183,597.0872488864158,23.940140656220006,42.871505452901225,21.259527192963223,2.47699529337358,19.134982966564422,-0.2174931208590245,44.67588106178175,-0.2174931208590245,-1.369389367162477,33.26096036061177,509.359960829527,24.87034172283657,305.1916592384861,44.26438787263155,0.0010306096167206162,5.153048083603082,322.42705098312484,0.3984261603177562,LUBRICATION,LUBRICATION_SYSTEM,0.4,0.6,True
4.18,4.18,AEROTWIN-4-001,IDLE,0.15,1189.8829669627194,668.5961138609729,23.982436762000503,20.04017128913956,21.589258925140584,2.496130276340145,-4.045217912341167,-0.21787737557909834,21.75306240499895,-0.21787737557909834,-1.277136364701193,33.261963732959686,509.3617394157499,24.870077628446015,305.5477992263594,44.31604170419272,0.0010328016697301648,5.164008348650825,322.42705098312484,0.13638256335992854,LUBRICATION,LUBRICATION_SYSTEM,0.4,0.6,True
4.19,4.19,AEROTWIN-4-001,IDLE,0.15,1184.3592501568075,19.989091878736076,23.973519720041207,12.442580339810524,21.519340706691516,2.492085058427804,-11.568845425308796,-0.21779636539154731,-0.21779636539154731,-0.5583883405217852,13.436561411115404,33.26288683712373,509.3626457733402,24.869812817474568,305.47255534640055,44.30512848233124,0.0010323379733587074,5.161689866793537,322.42705098312484,0.26912802864466556,LUBRICATION,LUBRICATION_SYSTEM,0.4,0.6,True
4.2,4.2,AEROTWIN-4-001,IDLE,0.15,1193.6177917309285,91.05064688814453,23.947945421616662,43.19156910763048,21.320008766484946,2.480516213002495,19.391044128143037,-0.21756402615603454,-0.21756402615603454,-1.6314558654286102,45.25815302537116,33.26360461283419,509.3611621647882,24.86954573623065,305.2572317263963,44.273898375133065,0.0010310127045582962,5.155063522791481,322.42705098312484,0.4039394165472661,LUBRICATION,LUBRICATION_SYSTEM,0.4,0.6,True
4.21,4.21,AEROTWIN-4-001,IDLE,0.15,1183.5016270788062,162.66771439200022,23.99075064161872,2.9673048143138367,21.6546432595916,2.499907257130638,-21.1872457024084,-0.2179529061138006,-0.2179529061138006,-0.48698224508191196,3.8901928716233503,33.26463946520277,509.36368359283887,24.869282796093195,305.61803169516105,44.32622808100277,0.0010332347563505328,5.166173781752664,322.42705098312484,0.4353558950317532,LUBRICATION,LUBRICATION_SYSTEM,0.4,0.6,True
4.22,4.22,AEROTWIN-4-001,IDLE,0.15,1191.7633109208666,233.67781201672858,23.943965056038394,41.071093469125636,21.289143281364755,2.4787200114282295,17.30323017633265,-1.3144648142245285,-0.21752786504302318,42.82061401343621,-0.21752786504302318,33.265305989634804,509.36180648605165,24.869015588714074,305.2237821668641,44.269046917917635,0.001030807054089658,5.15403527044829,322.42705098312484,0.3668758831632901,LUBRICATION,LUBRICATION_SYSTEM,0.4,0.6,True
4.23,4.23,AEROTWIN-4-001,IDLE,0.15,1190.909861816798,305.1836106719806,23.98220099032661,22.29597107631437,21.58740745841346,2.4960232416045622,-1.7874596237036515,-1.3355366487985365,-0.21787523362354755,24.067258192360004,-0.21787523362354755,33.26625474420902,509.3635170285807,24.868752087330407,305.5458086197508,44.31575299059142,0.0010327893985537834,5.163946992768917,322.42705098312484,0.09690044948611706,LUBRICATION,LUBRICATION_SYSTEM,0.4,0.6,True
4.24,4.24,AEROTWIN-4-001,IDLE,0.15,1183.9448011903983,376.63820238098845,23.978262287216985,9.463146969811477,21.55650005163385,2.4942357819808585,-14.587588863803232,10.366626190632866,-0.4678003188039034,-0.21783945100874377,-0.21783945100874377,33.267161908682354,509.3648190436448,24.868488336892288,305.5125633460752,44.310931162588055,0.0010325844880586066,5.162922440293033,322.42705098312484,0.3213810441644638,LUBRICATION,LUBRICATION_SYSTEM,0.4,0.6,True
4.25,4.25,AEROTWIN-4-001,IDLE,0.15,1193.8301600770924,447.67489045241234,23.946022221683457,44.488585565851714,21.305090135043372,2.4796481931170558,20.703847237691285,46.55393455348714,-1.630255879374976,-0.21754655413022167,-0.21754655413022167,33.267813471160785,509.3631034823496,24.868221687542267,305.24106772987847,44.271553981406115,0.0010309133195224266,5.154566597612133,322.42705098312484,0.4266588416935458,LUBRICATION,LUBRICATION_SYSTEM,0.4,0.6,True
4.26,4.26,AEROTWIN-4-001,IDLE,0.15,1184.2531390529177,519.3047000570378,23.991728942396453,4.104635640378414,21.6623495285718,2.500352040354747,-20.05806592854813,5.118263867748233,-0.5777046396669308,-0.21796179385144357,-0.21796179385144357,33.26880459542043,509.3656673924667,24.86795945508468,305.6263009843668,44.327427442170595,0.0010332857660496184,5.166428830248092,322.42705098312484,0.41547593422747514,LUBRICATION,LUBRICATION_SYSTEM,0.4,0.6,True
4.2700000000000005,4.2700000000000005,AEROTWIN-4-001,IDLE,0.15,1191.5267691179154,590.3598884002129,23.947453083658008,39.03033782070414,21.316188661527065,2.480293974426199,15.233855184750876,-0.21755955332854857,40.721972355833714,-0.21755955332854857,-1.2565154284724775,33.26944709789586,509.36406276724915,24.86769318315206,305.2530933764588,44.27329815713483,0.0010309872583909763,5.154936291954882,322.42705098312484,0.33112340735573614,LUBRICATION,LUBRICATION_SYSTEM,0.4,0.6,True
4.28,4.28,AEROTWIN-4-001,IDLE,0.15,1191.750392400965,661.8514945472878,23.981109597371756,24.54272228748791,21.578838949076886,2.4955278296109498,0.46835550880007304,-0.21786531845791657,26.366394570657143,-0.21786531845791657,-1.3879416462534,33.27033719640554,509.3656155276899,24.867430192242164,305.5365948426798,44.314416642792594,0.0010327326026090778,5.163663013045389,322.42705098312484,0.07721274503447649,LUBRICATION,LUBRICATION_SYSTEM,0.4,0.6,True
4.29,4.29,AEROTWIN-4-001,IDLE,0.15,1183.4688875223385,13.356518091345606,23.982141389966248,6.738192379877476,21.58693945299858,2.49599618511975,-17.344743258240854,-0.21787469216188424,-0.21787469216188424,-0.3774835826701821,7.551425346871427,33.27122434909124,509.3672253076695,24.867167420729498,305.5453054269647,44.31568000851611,0.0010327862966347263,5.163931483173632,322.42705098312484,0.3691601566290578,LUBRICATION,LUBRICATION_SYSTEM,0.4,0.6,True
4.3,4.3,AEROTWIN-4-001,IDLE,0.15,1193.8543072944299,84.3646513426859,23.943813055132406,45.51778919071629,21.28796544188901,2.478651441861509,21.751172306965774,-0.21752648413420184,-0.21752648413420184,-1.6235638508103978,47.5764060097951,33.2718101516222,509.36524562677306,24.866901174722276,305.2225051418613,44.26886170076528,0.0010307992040385358,5.15399602019268,322.42705098312484,0.4446947694061877,LUBRICATION,LUBRICATION_SYSTEM,0.4,0.6,True
4.3100000000000005,4.3100000000000005,AEROTWIN-4-001,IDLE,0.15,1184.8717926353984,155.9959097803517,23.991840169438078,5.350693757256854,21.663225852138982,2.500402614168475,-18.812934709050605,-0.21796280433491377,-0.21796280433491377,-0.6650075534024814,6.451626919329164,33.272753483927744,509.36776633208706,24.866639566329702,305.627241220382,44.32756381212177,0.0010332915661936813,5.166457830968407,322.42705098312484,0.3936725696463811,LUBRICATION,LUBRICATION_SYSTEM,0.4,0.6,True
4.32,4.32,AEROTWIN-4-001,IDLE,0.15,1191.050086688121,227.0882173384756,23.950322974774675,36.759844108022826,21.338465623396363,2.4815896794594243,12.939788805167037,-1.1952025685219776,-0.21758562592287675,38.39021792839056,-0.21758562592287675,33.27336989153486,509.36637437062865,24.866374171520054,305.2772199206328,44.27679742284874,0.0010311356223319142,5.155678111659571,322.42705098312484,0.291357491239798,LUBRICATION,LUBRICATION_SYSTEM,0.4,0.6,True
4.33,4.33,AEROTWIN-4-001,IDLE,0.15,1192.3557531761903,298.5512225397629,23.97890960717729,26.79068769999603,21.56157673376007,2.494529468264591,2.73458149797137,-1.4351490028428735,-0.2178453318279245,28.661527366494752,-0.2178453318279245,33.27419556137949,509.367665048515,24.86611158467007,305.5180259955985,44.31172345434962,0.0010326181535687204,5.163090767843602,322.42705098312484,0.11657673265289673,LUBRICATION,LUBRICATION_SYSTEM,0.4,0.6,True
4.34,4.34,AEROTWIN-4-001,IDLE,0.15,1182.8928175598785,370.0925677303343,23.984933625548535,4.287013639826804,21.608875599129522,2.4972640497625624,-19.819126009065283,5.0091982001916495,-0.28638444183364764,-0.21790005926559872,-0.21790005926559872,33.27505711365415,509.3694830308062,24.86584968893253,305.56888382740283,44.31909977255885,0.0010329316596406474,5.164658298203237,322.42705098312484,0.41212232108236324,LUBRICATION,LUBRICATION_SYSTEM,0.4,0.6,True
4.3500000000000005,4.3500000000000005,AEROTWIN-4-001,IDLE,0.15,1193.6538498748964,441.066136783927,23.941137899692762,46.282544359576065,21.26724605855378,2.4774449237534975,22.537853377268785,48.32902496960962,-1.6114762486562848,-0.21750218068863286,-0.21750218068863286,33.27557646961655,509.36720001970457,24.865583801089098,305.20003404951717,44.26560253847387,0.0010306610855051856,5.153305427525928,322.42705098312484,0.45810810796022,LUBRICATION,LUBRICATION_SYSTEM,0.4,0.6,True
4.36,4.36,AEROTWIN-4-001,IDLE,0.15,1185.3292431064826,512.6853677764208,23.990916759081774,6.720918746834002,21.65595161481833,2.499982777130766,-17.435015645115094,7.906933730827705,-0.7501061534542223,-0.21795441526974033,-0.21795441526974033,33.27646690527488,509.3695859548726,24.865322717180515,305.6194357632821,44.326431724234915,0.001033243417187209,5.166217085936045,322.42705098312484,0.36967161231622775,LUBRICATION,LUBRICATION_SYSTEM,0.4,0.6,True
4.37,4.37,AEROTWIN-4-001,IDLE,0.15,1190.3004011101395,583.8051223628097,23.952444187831098,34.24906207718607,21.354945339618943,2.482547761485651,10.411568976081472,-0.21760489687262904,35.813980256434654,-0.21760489687262904,-1.1297083855033248,33.277054396295505,509.3683445530464,24.86505812879145,305.29505816961745,44.27938464680498,0.0010312453371690393,5.156226685845197,322.42705098312484,0.2473949609971412,LUBRICATION,LUBRICATION_SYSTEM,0.4,0.6,True
4.38,4.38,AEROTWIN-4-001,IDLE,0.15,1192.702409689709,655.2231464294181,23.97544802860597,29.058156499278372,21.53444216385996,2.492959330461732,5.03075500495668,-0.21781388382862552,30.97163236380069,-0.21781388382862552,-1.4778480968650685,33.277808983233626,509.3692646825532,24.86479582526432,305.4888194850709,44.307487400475715,0.0010324381766968864,5.162190883484432,322.42705098312484,0.1562961538883951,LUBRICATION,LUBRICATION_SYSTEM,0.4,0.6,True
4.39,4.39,AEROTWIN-4-001,IDLE,0.15,1182.2138478507088,6.78529101080062,23.9865320019566,2.152239767183008,21.62144222846642,2.497990085466689,-21.967192546750102,-0.21791458031116354,-0.21791458031116354,-0.19309800485844092,2.781166932663776,33.27863878812552,509.3711912410707,24.86453469161234,305.5823847904529,44.32105792523771,0.001033014907710733,5.165074538553665,322.42705098312484,0.4495189594727783,LUBRICATION,LUBRICATION_SYSTEM,0.4,0.6,True
4.4,4.4,AEROTWIN-4-001,IDLE,0.15,1193.221649276546,77.71812188184315,23.937983395558938,46.77354694141343,21.242838654103455,2.476022892919939,23.054685394390035,-0.21747352242138707,-0.21747352242138707,-1.5937213880982515,48.802215374354454,33.27909118441661,509.3685745376942,24.864269115704236,305.173546277304,44.26176080496762,0.0010304983134912162,5.152491567456081,322.42705098312484,0.46673619366939206,LUBRICATION,LUBRICATION_SYSTEM,0.4,0.6,True
4.41,4.41,AEROTWIN-4-001,IDLE,0.15,1185.6311731614448,149.3114208384359,23.988925337872537,8.241893570545846,21.64027199253177,2.499077578314329,-15.897456000300252,-0.21793632346234615,-0.21793632346234615,-0.834213682520327,9.511979899990866,33.279923649484246,509.37074088108466,24.864008453538926,305.6026057449346,44.32399073203382,0.001033139610043409,5.165698050217045,322.42705098312484,0.3430070710829384,LUBRICATION,LUBRICATION_SYSTEM,0.4,0.6,True
4.42,4.42,AEROTWIN-4-001,IDLE,0.15,1189.2716017825437,220.4492912281226,23.953843843261787,31.47350189325447,21.36582589629936,2.4831801223140286,7.624495874641081,-1.0588861863073806,-0.2176176125634898,32.96762330468883,-0.2176176125634898,33.280479869662656,509.36960000469816,24.863744603255164,305.306831156606,44.28109217729182,0.001031317756773452,5.15658878386726,322.42705098312484,0.19880692949249054,LUBRICATION,LUBRICATION_SYSTEM,0.4,0.6,True
4.43,4.43,AEROTWIN-4-001,IDLE,0.15,1192.7923674933402,291.8055873350752,23.970694451256822,31.36191207291031,21.49723299335537,2.49080461818867,7.3738744613662695,-1.5164183946476404,-0.21777069818540992,33.313871863928775,-0.21777069818540992,33.28115679293346,509.3700478339161,24.863482459717968,305.4487331748349,44.3016733622117,0.001032191230601478,5.16095615300739,322.42705098312484,0.1966650872704432,LUBRICATION,LUBRICATION_SYSTEM,0.4,0.6,True
4.44,4.44,AEROTWIN-4-001,IDLE,0.15,1181.4880303806674,363.3731293846756,23.98694671340023,0.44713408971400476,21.624703881647353,2.498178492650036,-23.675748284583385,0.9791352299379804,-0.09616444440062992,-0.2179183479116729,-0.2179183479116729,33.281949044126705,509.3719933669939,24.863221975114314,305.5858881791763,44.32156604973137,0.001033036511492396,5.16518255746198,322.42705098312484,0.4793681939587991,LUBRICATION,LUBRICATION_SYSTEM,0.4,0.6,True
4.45,4.45,AEROTWIN-4-001,IDLE,0.15,1192.5993554611612,434.26241120751564,23.934609438119498,46.962770251487,21.216762677437025,2.4745027443654526,23.271504829684524,48.96734456505578,-1.569688572671011,-0.21744287044888252,-0.21744287044888252,33.28233617619994,509.3690455458393,24.86295668935641,305.1452275287611,44.25765351031645,0.0010303243317664411,5.151621658832206,322.42705098312484,0.4700856383065777,LUBRICATION,LUBRICATION_SYSTEM,0.4,0.6,True
4.46,4.46,AEROTWIN-4-001,IDLE,0.15,1185.8337163884642,505.8183725351853,23.986056880052544,9.945558943578625,21.61770603280018,2.497774249195137,-14.16992133841669,11.299574008873142,-0.9181945375158466,-0.2179102638893352,-0.2179102638893352,33.2831073048202,509.3709334166767,24.862696364413154,305.5783712991237,44.32047581648231,0.0010329901591683754,5.164950795841877,322.42705098312484,0.31312454926763694,LUBRICATION,LUBRICATION_SYSTEM,0.4,0.6,True
4.47,4.47,AEROTWIN-4-001,IDLE,0.15,1188.0080291016486,576.9683955184931,23.954782591575732,28.410600660134715,21.373126434713015,2.4836043278567206,4.553869897564979,-0.21762614097204985,29.82741387073909,-0.21762614097204985,-0.981560928660275,33.28363207180483,509.3698745311405,24.862433208278944,305.31472847347374,44.28223758833568,0.0010313663400117392,5.156831700058696,322.42705098312484,0.14519561133762315,LUBRICATION,LUBRICATION_SYSTEM,0.4,0.6,True
4.48,4.48,AEROTWIN-4-001,IDLE,0.15,1192.6699239421182,648.248877264592,23.96485099389734,33.70358458659055,21.451576667084677,2.4881581977542857,9.763849721751589,-0.21771761112147112,35.6897765166523,-0.21771761112147112,-1.550756707818808,33.284226513642075,509.3697739660484,24.86217112084954,305.3994896244803,44.294531176155374,0.0010318879906716552,5.159439953358276,322.42705098312484,0.23770983473592694,LUBRICATION,LUBRICATION_SYSTEM,0.4,0.6,True
4.49,4.49,AEROTWIN-4-001,IDLE,0.15,1181.1543381513013,719.8090727011191,23.986382233491025,0.0,21.620264433999736,2.4979220474760373,-24.118186481475774,-0.21791321968377828,0.004401413551562392,-0.21791321968377828,-0.005446147924624095,33.28497713191794,509.37167387001523,24.86191119145519,305.5811196265032,44.32087442838877,0.001033007106189763,5.165035530948815,322.42705098312484,0.4871795855858002,LUBRICATION,LUBRICATION_SYSTEM,0.4,0.6,True
4.5,4.5,AEROTWIN-4-001,IDLE,0.15,1192.1979146598705,70.67833299019719,23.933057648719508,46.80819611880371,21.204779705357097,2.4738038609945616,23.12961255245205,-0.2174287726403372,-0.2174287726403372,-1.5388671896963377,48.78192085378072,33.285316104234425,509.3685910253297,24.86164636455782,305.1322069084563,44.25576502558868,0.001030244351620919,5.151221758104596,322.42705098312484,0.4673980934779058,LUBRICATION,LUBRICATION_SYSTEM,0.4,0.6,True
4.51,4.51,AEROTWIN-4-001,IDLE,0.15,1186.3435808459044,142.21020786978943,23.98420571759414,11.838800418423606,21.60315501262226,2.4969334735470134,-12.261288067745667,-0.2178934463147822,-0.2178934463147822,-1.0013831563097342,13.275970467362905,33.28603690931834,509.3703182131221,24.861386472117395,305.56273635273095,44.318208155127394,0.0010328937570271608,5.164468785135804,322.42705098312484,0.2799487054014355,LUBRICATION,LUBRICATION_SYSTEM,0.4,0.6,True
4.5200000000000005,4.5200000000000005,AEROTWIN-4-001,IDLE,0.15,1186.9361700970237,213.3908227205437,23.957145073319932,25.11729789785937,21.391509687104826,2.484672185479268,1.241116025275276,-0.8983628137400577,-0.2176476038170221,26.45095591923347,-0.2176476038170221,33.28654402285135,509.3694932210137,24.861124143207757,305.3346072883157,44.28512077188273,0.001031488646694549,5.157443233472745,322.42705098312484,0.08753627963532934,LUBRICATION,LUBRICATION_SYSTEM,0.4,0.6,True
4.53,4.53,AEROTWIN-4-001,IDLE,0.15,1192.719416959065,284.60699292636514,23.95988971247113,36.01120273139354,21.412885526099362,2.485913301504543,12.112403903789634,-1.5797776006888193,-0.2176725385132379,38.02632540910884,-0.2176725385132379,33.28706569788131,509.36894282053,24.860862193858534,305.35770926612264,44.28847143653989,0.0010316308109842762,5.158154054921381,322.42705098312484,0.2781488040174841,LUBRICATION,LUBRICATION_SYSTEM,0.4,0.6,True
4.54,4.54,AEROTWIN-4-001,IDLE,0.15,1181.2029249036457,356.17015794390903,23.986610408784465,0.0,21.622058852211975,2.4980257054083332,-24.12008455762031,-0.10916508276850838,-0.21791529262718265,0.3958657703660734,-0.21791529262718265,33.287783524724695,509.37088471442775,24.860602893784577,305.58304713921746,44.32115399097782,0.001033018992059617,5.165094960298085,322.42705098312484,0.48718502428749755,LUBRICATION,LUBRICATION_SYSTEM,0.4,0.6,True
4.55,4.55,AEROTWIN-4-001,IDLE,0.15,1191.9916095072342,427.0423334381278,23.933283619093363,46.27619807320961,21.206524257337943,2.473905620850713,22.59576819502096,48.21262607469322,-1.5015663503789491,-0.2174308255523287,-0.2174308255523287,33.28809032757368,509.3678424215258,24.86033869030237,305.13410280193904,44.25604000218763,0.0010302559967193476,5.151279983596738,322.42705098312484,0.45808557865888244,LUBRICATION,LUBRICATION_SYSTEM,0.4,0.6,True
4.5600000000000005,4.5600000000000005,AEROTWIN-4-001,IDLE,0.15,1187.1173242149669,498.56183000856186,23.983254162338884,13.88350112303662,21.59567897778272,2.4965013890457337,-10.208679243791831,15.400760627557085,-1.0814899014068742,-0.21788480155679574,-0.21788480155679574,33.28877017323482,509.3694999079193,24.860079314321286,305.5547009601747,44.317042717861824,0.0010328442173948953,5.164221086974476,322.42705098312484,0.24414376794863427,LUBRICATION,LUBRICATION_SYSTEM,0.4,0.6,True
4.57,4.57,AEROTWIN-4-001,IDLE,0.15,1186.0674631122567,569.7888694614599,23.960728499581084,21.70689099358391,21.419422235491492,2.486292709801942,-2.1988239517095223,-0.21768015878702407,22.9533363589931,-0.21768015878702407,-0.811085047835139,33.28927120904727,509.369026977742,24.859817927069635,305.3647710640983,44.28949566559469,0.001031674273405758,5.158371367028791,322.42705098312484,0.10669824869925218,LUBRICATION,LUBRICATION_SYSTEM,0.4,0.6,True
4.58,4.58,AEROTWIN-4-001,IDLE,0.15,1192.9110553360695,640.9529172481953,23.955865782185075,38.19883315501474,21.38155323283463,2.4840938858502324,14.333186036329877,-0.2176359816204192,40.23664097984664,-0.2176359816204192,-1.6025358615910594,33.28972952356392,509.36811593034656,24.859556202558508,305.3238421034723,44.28355941100342,0.0010314224100213462,5.157112050106732,322.42705098312484,0.31647751302925636,LUBRICATION,LUBRICATION_SYSTEM,0.4,0.6,True
4.59,4.59,AEROTWIN-4-001,IDLE,0.15,1181.5981989497093,712.5275805683594,23.98749382856542,0.4338436554170837,21.629007593201067,2.4984270718865624,-23.693591009670545,-0.21792331838308557,1.0822454895402138,-0.21792331838308557,-0.21255519735695905,33.29042167339917,509.37016062723194,24.85929759283792,305.59051037269074,44.32223644343432,0.0010330650154311098,5.16532507715555,322.42705098312484,0.47961381826613275,LUBRICATION,LUBRICATION_SYSTEM,0.4,0.6,True
4.6000000000000005,4.6000000000000005,AEROTWIN-4-001,IDLE,0.15,1191.9457035468424,63.42347250534203,23.935121675536877,45.367216032861634,21.220719601757644,2.4747334808768917,21.671762950227098,-0.21744752406040999,-0.21744752406040999,-1.4585362200626362,47.26064730104509,33.290710389110245,509.36730583967244,24.85903416213642,305.14952612815415,44.258276970575224,0.0010303507382528852,5.151753691264426,322.42705098312484,0.4421576631359734,LUBRICATION,LUBRICATION_SYSTEM,0.4,0.6,True
4.61,4.61,AEROTWIN-4-001,IDLE,0.15,1188.098351716495,134.9402147181526,23.983042406747543,16.032546038140747,21.594015624977114,2.4964052438271187,-8.057874830663486,-0.21788287778428822,-0.21788287778428822,-1.1567035285027862,17.62501532221211,33.29135677843141,509.36895706662926,24.858775371322203,305.55291292816327,44.316783385274945,0.0010328331943277383,5.164165971638692,322.42705098312484,0.20653043616739986,LUBRICATION,LUBRICATION_SYSTEM,0.4,0.6,True
4.62,4.62,AEROTWIN-4-001,IDLE,0.15,1185.4034641672229,206.2261158211423,23.965268882366537,18.299026743063255,21.454838658762828,2.4883473689964553,-5.644159284696029,-0.7216073154151068,-0.2177214075848521,19.456076873648062,-0.2177214075848521,33.291860734100254,509.368918147842,24.85851501575313,305.40300999604386,44.29504176380621,0.0010319096646639477,5.159548323319739,322.42705098312484,0.16644386225435587,LUBRICATION,LUBRICATION_SYSTEM,0.4,0.6,True
4.63,4.63,AEROTWIN-4-001,IDLE,0.15,1193.2119937004925,277.35032367117566,23.952788283778904,40.19446898441692,21.357619763332792,2.4827032097117594,16.35414601137237,-1.6186486480958375,-0.217608022940376,42.24833367839351,-0.217608022940376,33.292264547530976,509.36772525021763,24.858253603387077,305.29795228483584,44.27980440348802,0.001031263139153216,5.1563156957660805,322.42705098312484,0.3514357147859774,LUBRICATION,LUBRICATION_SYSTEM,0.4,0.6,True
4.64,4.64,AEROTWIN-4-001,IDLE,0.15,1182.2633846976457,348.94304329320516,23.988880841010776,1.2082660489696564,21.63992176682683,2.4990573557231315,-22.930713073580307,-0.3134758425586892,-0.217935919214039,1.9576137299564234,-0.217935919214039,33.292936410504346,509.36990868769095,24.85799573062823,305.60222974004313,44.323936197036375,0.0010331372910272532,5.1656864551362665,322.42705098312484,0.4660944918637078,LUBRICATION,LUBRICATION_SYSTEM,0.4,0.6,True
4.65,4.65,AEROTWIN-4-001,IDLE,0.15,1191.9993626558867,419.8788463750639,23.93821359952133,44.111730111668535,21.244618916270923,2.476126642649551,20.390984552748062,45.95749925962783,-1.4108179203693216,-0.21747561379498984,-0.21747561379498984,33.293217899649804,509.36734527822625,24.857733189036782,305.17547889748823,44.2620411083339,0.0010305101884991524,5.152550942495762,322.42705098312484,0.42015180480906666,LUBRICATION,LUBRICATION_SYSTEM,0.4,0.6,True
4.66,4.66,AEROTWIN-4-001,IDLE,0.15,1189.2031323585102,491.3988081344171,23.983289925426913,18.236066498272397,21.59595991105868,2.4965176272022993,-5.8564110399885845,19.897644570598704,-1.22580781940654,-0.21788512645988373,-0.21788512645988373,33.2938356886408,509.36901851598026,24.857475025404323,305.5550029430861,44.31708651685932,0.0010328460791110673,5.164230395555337,322.42705098312484,0.16797472606384128,LUBRICATION,LUBRICATION_SYSTEM,0.4,0.6,True
4.67,4.67,AEROTWIN-4-001,IDLE,0.15,1184.9139650806349,562.7509960759277,23.970377955140833,15.002208038688485,21.494757762653595,2.490661216162311,-8.983210940127421,-0.21776782285861068,16.06936890061061,-0.21776782285861068,-0.6316252162049033,33.29434817593605,509.36945153837723,24.85721575525443,305.44606507457905,44.3012863862868,0.001032174797204083,5.160873986020415,322.42705098312484,0.22425975831356454,LUBRICATION,LUBRICATION_SYSTEM,0.4,0.6,True
4.68,4.68,AEROTWIN-4-001,IDLE,0.15,1193.5688886102223,633.8458339807657,23.95051856068713,41.948492082534386,21.33998462535632,2.481678005222183,18.126829451955885,-0.21758740279591635,44.011897574864555,-0.21758740279591635,-1.6282306867383343,33.294704839506004,509.36803552066664,24.856954729115,305.2788644898022,44.27703594787193,0.0010311457366000336,5.155728683000168,322.42705098312484,0.3821566317912222,LUBRICATION,LUBRICATION_SYSTEM,0.4,0.6,True
4.69,4.69,AEROTWIN-4-001,IDLE,0.15,1183.0512909609129,705.4599672973791,23.990525340878854,2.124668721727679,21.652868892709595,2.4998048346741393,-22.028005005656055,-0.21795085928534838,2.9709551098198936,-0.21795085928534838,-0.4103846695215175,33.29535951849989,509.3703641563401,24.856697616488155,305.61612744291745,44.32595189206586,0.0010332230103525055,5.166115051762528,322.42705098312484,0.45009665440891994,LUBRICATION,LUBRICATION_SYSTEM,0.4,0.6,True
4.7,4.7,AEROTWIN-4-001,IDLE,0.15,1192.0306351075799,56.44304475503384,23.94187393564262,42.55701606428068,21.272944831129525,2.477776829668483,18.806294403482674,-0.21750886748125023,-0.21750886748125023,-1.359436001262859,44.35146980050604,33.295639138168895,509.368127034272,24.856436016535277,305.20621593080267,44.26649914617176,0.0010306990797089187,5.153495398544594,322.42705098312484,0.39290307325578994,LUBRICATION,LUBRICATION_SYSTEM,0.4,0.6,True
4.71,4.71,AEROTWIN-4-001,IDLE,0.15,1190.292784903461,127.96488286148863,23.983434174274535,20.453931246436767,21.597093078564242,2.4965831240719654,-3.639744956199441,-0.21788643694224472,-0.21788643694224472,-1.2883428108983477,22.178046931219605,33.2962285899901,509.36979413060413,24.856178468531684,305.55622099210296,44.31726318025263,0.001032853588398607,5.164267941993035,322.42705098312484,0.12916553023758925,LUBRICATION,LUBRICATION_SYSTEM,0.4,0.6,True
4.72,4.72,AEROTWIN-4-001,IDLE,0.15,1184.4986646423463,199.3824499556963,23.97541285156244,11.89193286752812,21.534166585968272,2.4929433791157662,-12.13517709755592,-0.5421470031189647,-0.2178135642496769,12.86970699914644,-0.2178135642496769,33.29675010937099,509.37067475658336,24.85592027679368,305.48852275137773,44.30744436281432,0.0010324363483939375,5.162181741969687,322.42705098312484,0.27880943335888514,LUBRICATION,LUBRICATION_SYSTEM,0.4,0.6,True
4.73,4.73,AEROTWIN-4-001,IDLE,0.15,1193.8734411961389,270.45236983423706,23.948592221397565,43.44032264878289,21.32502834647086,2.4808082020182103,19.63448610029382,-1.631723407634292,-0.21756990224945186,45.50718586091608,-0.21756990224945186,33.2970632651343,509.3690501725155,24.85565966721439,305.26266880080357,44.274686957530946,0.0010310461378152378,5.155230689076189,322.42705098312484,0.4082853284368697,LUBRICATION,LUBRICATION_SYSTEM,0.4,0.6,True
4.74,4.74,AEROTWIN-4-001,IDLE,0.15,1183.8422586524853,342.08477630600544,23.991928302658216,3.155103348177015,21.663920250698734,2.500442688118504,-21.009259590640223,-0.5028574832891181,-0.21796360501396464,4.093888041494063,-0.21796360501396464,33.297699911792506,509.3714839644295,24.855403290254458,305.6279862469424,44.32767186928403,0.0010332961621598421,5.166480810799211,322.42705098312484,0.43209750356374976,LUBRICATION,LUBRICATION_SYSTEM,0.4,0.6,True
4.75,4.75,AEROTWIN-4-001,IDLE,0.15,1191.9426609558584,413.11531182515455,23.94554629205272,40.74627612845455,21.30139978832748,2.4794334285278636,16.965442911599204,42.48636122099196,-1.3050006317968141,-0.2175422303702996,-0.2175422303702996,33.29797875213954,509.3695578333127,24.855142632433868,305.2370682758258,44.27097390858922,0.0010308887308811882,5.1544436544059415,322.42705098312484,0.3611737822599473,LUBRICATION,LUBRICATION_SYSTEM,0.4,0.6,True
4.76,4.76,AEROTWIN-4-001,IDLE,0.15,1191.2627986482908,484.6318714825061,23.983028371582986,22.66640396641668,21.593905382248437,2.496398871439463,-1.423900287271219,24.446757207807902,-1.3445877408379974,-0.21788275027661042,-0.21788275027661042,33.29853668735413,509.37115145646095,24.85488564588085,305.5527944190988,44.31676619695725,0.001032832463735357,5.164162318676785,322.42705098312484,0.09043758799253114,LUBRICATION,LUBRICATION_SYSTEM,0.4,0.6,True
4.7700000000000005,4.7700000000000005,AEROTWIN-4-001,IDLE,0.15,1184.074090799504,556.1076394014035,23.97989141685215,9.008259329749242,21.56927886963192,2.4949749711521916,-15.055994511034868,-0.21785425144344983,9.897283459019901,-0.21785425144344983,-0.45331562638375933,33.29906407378579,509.3724138694701,24.854628479580448,305.5263122321708,44.31292527352959,0.0010326692234844189,5.163346117422095,322.42705098312484,0.32938038261136243,LUBRICATION,LUBRICATION_SYSTEM,0.4,0.6,True
4.78,4.78,AEROTWIN-4-001,IDLE,0.15,1194.0434464124774,627.1520848493738,23.946622239370505,44.66943206936163,21.309743522892553,2.479918976641157,20.87976956982792,-0.2175520052142901,46.73416093924959,-0.2175520052142901,-1.629624859459381,33.29933448383081,509.3705638473617,24.854368280511363,305.24611029793414,44.27228534539177,0.0010309443224583914,5.154721612291957,322.42705098312484,0.42981690409630596,LUBRICATION,LUBRICATION_SYSTEM,0.4,0.6,True
4.79,4.79,AEROTWIN-4-001,IDLE,0.15,1184.550408911339,698.7946916341224,23.9927113119235,4.288717985751289,21.67009048875975,2.5007987462109846,-19.88217124921945,-0.21797071855315447,5.31597738538459,-0.21797071855315447,-0.5913179625269924,33.299949439049534,509.37303265678304,24.85411257849429,305.63460572252154,44.328631944783076,0.0010333369980941238,5.166684990470619,322.42705098312484,0.4122779209866331,LUBRICATION,LUBRICATION_SYSTEM,0.4,0.6,True
4.8,4.8,AEROTWIN-4-001,IDLE,0.15,1191.6637982819648,49.86771616880276,23.948832266398448,38.706055969119184,21.32689153490286,2.4809165749617654,14.898247859254559,-0.21757208302763265,-0.21757208302763265,-1.2475991332476692,40.38879926842212,33.30022570430444,509.37137130132544,24.853852825806495,305.26468676112654,44.27497963846027,0.001031058546913783,5.155292734568915,322.42705098312484,0.32543296179253556,LUBRICATION,LUBRICATION_SYSTEM,0.4,0.6,True
4.8100000000000005,4.8100000000000005,AEROTWIN-4-001,IDLE,0.15,1192.042310080596,121.36754406572065,23.981741867650527,24.87237057737476,21.58380249730246,2.49581482282102,0.7927532572512788,-0.21787106255266234,-0.21787106255266234,-1.3952121762469187,26.703324878727006,33.30074658152654,509.3728000751989,24.853596314947552,305.5419324476925,44.315190798348425,0.0010327655043402485,5.163827521701243,322.42705098312484,0.08297452415244917,LUBRICATION,LUBRICATION_SYSTEM,0.4,0.6,True
4.82,4.82,AEROTWIN-4-001,IDLE,0.15,1183.5799365959401,192.8900826705564,23.983488025944737,6.3705701278402,21.597516132647375,2.4966075760782713,-17.723553580885447,-0.36454888962335263,-0.217886926177792,7.170892869819137,-0.217886926177792,33.30127435628393,509.37435534906774,24.85334008973561,305.55667572581905,44.31732913392134,0.0010328563918580516,5.164281959290258,322.42705098312484,0.375625633041592,LUBRICATION,LUBRICATION_SYSTEM,0.4,0.6,True
4.83,4.83,AEROTWIN-4-001,IDLE,0.15,1194.0226900804869,263.90487886631286,23.944328610613276,45.642096455611636,21.29196067958012,2.478884022497386,21.87125175353413,-1.622260963792443,-0.2175311678899124,47.6994197551839,-0.2175311678899124,33.30150087771766,509.37224500959644,24.853080268865142,305.2268366454157,44.2694899333778,0.0010308258307532966,5.154129153766483,322.42705098312484,0.4468643429974196,LUBRICATION,LUBRICATION_SYSTEM,0.4,0.6,True
4.84,4.84,AEROTWIN-4-001,IDLE,0.15,1185.1226094482647,335.5462402711421,23.992615717964775,5.529807090189278,21.669337102968996,2.50075527425092,-18.640285287030636,-0.676728914175497,-0.21796985009424621,6.642475704553268,-0.21796985009424621,33.302088735973975,509.374662894391,24.85282515620461,305.6337975454654,44.32851472839921,0.0010333320122769066,5.166660061384533,322.42705098312484,0.39055658181579,LUBRICATION,LUBRICATION_SYSTEM,0.4,0.6,True
4.8500000000000005,4.8500000000000005,AEROTWIN-4-001,IDLE,0.15,1191.144340442974,406.65359683803797,23.951486112067148,36.44149943810425,21.347500545891858,2.482114988963889,12.611883903248504,38.06348933879406,-1.1867975149364918,-0.2175961928766537,-0.2175961928766537,33.30235901917749,509.37320601179476,24.852566248346314,305.28700067516365,44.278216003924385,0.0010311957771150311,5.155978885575156,322.42705098312484,0.2857733834026958,LUBRICATION,LUBRICATION_SYSTEM,0.4,0.6,True
4.86,4.86,AEROTWIN-4-001,IDLE,0.15,1192.5884839712112,478.1222572646164,23.979344671740712,27.08432342532152,21.56498941976188,2.4947268728671377,3.0246071326925046,28.961003233747466,-1.4409812397580852,-0.21784928433392825,-0.21784928433392825,33.302835830339546,509.3743662931183,24.852310105506856,305.52169770581605,44.31225599185615,0.0010326407826801915,5.163203913400958,322.42705098312484,0.1217104935725947,LUBRICATION,LUBRICATION_SYSTEM,0.4,0.6,True
4.87,4.87,AEROTWIN-4-001,IDLE,0.15,1182.9832912552654,549.6775663028891,23.98600675587874,3.9979948076704686,21.617311909490255,2.4977514799998306,-20.117068581819616,-0.21790980851761674,4.708549809221429,-0.21790980851761674,-0.27473538451572704,33.3033572919567,509.3761164860637,24.852054717911454,305.57794790021944,44.32041440755203,0.0010329875483980414,5.164937741990207,322.42705098312484,0.4172057269561029,LUBRICATION,LUBRICATION_SYSTEM,0.4,0.6,True
4.88,4.88,AEROTWIN-4-001,IDLE,0.15,1193.779615513254,620.656563778205,23.94155811918067,46.359902499764885,21.270499438566862,2.477634411418011,22.61176864978001,-0.21750599832902118,48.40456696304197,-0.21750599832902118,-1.6096524666190477,33.30353793085857,509.3737064130215,24.851795228652378,305.2035633538398,44.266114421714214,0.0010306827765629578,5.153413882814789,322.42705098312484,0.45945714258743775,LUBRICATION,LUBRICATION_SYSTEM,0.4,0.6,True
4.89,4.89,AEROTWIN-4-001,IDLE,0.15,1185.5362184107673,692.2833407090003,23.99149611709943,6.895830941207062,21.660515279669507,2.500246180067791,-17.264930518530235,-0.21795967866335042,8.092047269244752,-0.21795967866335042,-0.760296970710989,33.304092491997096,509.3759835879159,24.85154060577363,305.62433288527035,44.32714199301384,0.0010332736253590132,5.166368126795066,322.42705098312484,0.3666244642974834,LUBRICATION,LUBRICATION_SYSTEM,0.4,0.6,True
4.9,4.9,AEROTWIN-4-001,IDLE,0.15,1190.35513256414,43.415513813646385,23.953403696720564,33.93809519487552,21.362403743649764,2.482981249549261,10.092710201676496,-0.2176136138883667,-0.2176136138883667,-1.1217180186035036,35.49504044125576,33.30435290839965,509.3746709489655,24.851282472440225,305.30312870463547,44.28055518106292,0.0010312949809404932,5.156474904702466,322.42705098312484,0.2419422578523694,LUBRICATION,LUBRICATION_SYSTEM,0.4,0.6,True
4.91,4.91,AEROTWIN-4-001,IDLE,0.15,1192.8817422565055,114.83682176749478,23.97570081125685,29.321215493951918,21.536422568851176,2.4930739597509373,5.291718965349805,-0.21781618032673003,-0.21781618032673003,-1.482523997990917,31.239371852596292,33.30477796234085,509.3754563749117,24.851026577123843,305.49095185648633,44.30779667536107,0.0010324513152862595,5.162256576431298,322.42705098312484,0.16089685806906318,LUBRICATION,LUBRICATION_SYSTEM,0.4,0.6,True
4.92,4.92,AEROTWIN-4-001,IDLE,0.15,1182.2870675747045,186.40972630288513,23.98735870872735,1.93687555249866,21.627944638795668,2.4983656787162873,-22.189434765013296,-0.18246229092775462,-0.21792209083661063,2.555182025099636,-0.21792209083661063,33.305286051631874,509.3773049979346,24.850771914797715,305.5893688091744,44.322070873345034,0.001033057975581436,5.16528987790718,322.42705098312484,0.4533075391239071,LUBRICATION,LUBRICATION_SYSTEM,0.4,0.6,True
4.93,4.93,AEROTWIN-4-001,IDLE,0.15,1193.3114048195057,257.3469503573674,23.938323653774134,46.81096423778524,21.245470061191437,2.476176243951274,23.08931793264253,-1.5914629226760568,-0.21747661362382334,48.83738038770895,-0.21747661362382334,33.305419247103494,509.37456683051823,24.850512711980905,305.1764028505774,44.26217511664205,0.0010305158658113593,5.152579329056796,322.42705098312484,0.46738716177310535,LUBRICATION,LUBRICATION_SYSTEM,0.4,0.6,True
4.94,4.94,AEROTWIN-4-001,IDLE,0.15,1185.801676497783,328.94563464653777,23.9893389525604,8.414455073222376,21.643527728657592,2.4992655618839166,-15.728338217319132,-0.8431848435496546,-0.2179400810989694,9.69352007896997,-0.2179400810989694,33.305934548197705,509.3766218332494,24.850258478043845,305.6061009524545,44.32449766994209,0.0010331611671530346,5.165805835765173,322.42705098312484,0.3399971059562395,LUBRICATION,LUBRICATION_SYSTEM,0.4,0.6,True
4.95,4.95,AEROTWIN-4-001,IDLE,0.15,1189.2937979098997,400.09373523640477,23.95463410257025,31.169390700900074,21.371971494734755,2.483537223666598,7.313881982498721,32.655833299250766,-1.0511930144138957,-0.21762479196839615,-0.21762479196839615,33.30618189689122,509.37540700591717,24.850001053449507,305.31347923135155,44.282056400756765,0.0010313586546174033,5.1567932730870165,322.42705098312484,0.19347610515630198,LUBRICATION,LUBRICATION_SYSTEM,0.4,0.6,True
4.96,4.96,AEROTWIN-4-001,IDLE,0.15,1192.9273802121158,471.4513631109987,23.970797048076324,31.59904351728214,21.498035433728674,2.4908511056490963,7.610156977904371,33.5547334971714,-1.5201467193604248,-0.21777163026441412,-0.21777163026441412,33.306547755368726,509.3757191727306,24.849745284199386,305.44959810166074,44.30179880946867,0.0010321965579519095,5.160982789759548,322.42705098312484,0.20081373857126855,LUBRICATION,LUBRICATION_SYSTEM,0.4,0.6,True
4.97,4.97,AEROTWIN-4-001,IDLE,0.15,1181.5553147013484,543.0270059237257,23.987569077434944,0.3104625319186224,21.629599579137302,2.498461262627001,-23.81759830984568,-0.21792400200945639,0.8326193043650928,-0.21792400200945639,-0.08630876842755758,33.30703591270523,509.3775807849318,24.849491236939066,305.5911461234165,44.32232865144808,0.0010330689360399576,5.165344680199788,322.42705098312484,0.4817747817031855,LUBRICATION,LUBRICATION_SYSTEM,0.4,0.6,True
4.98,4.98,AEROTWIN-4-001,IDLE,0.15,1192.6663383237576,613.9203248058066,23.934922286942626,46.96469640608648,21.219179284420548,2.474643664317155,23.270873457348777,-0.21744571264049184,48.96662797292546,-0.21744571264049184,-1.5670401415579918,33.30712262792026,509.37452211446623,24.849232303601514,305.14785286366657,44.25803428364047,0.0010303404591961902,5.151702295980951,322.42705098312484,0.47011581804459707,LUBRICATION,LUBRICATION_SYSTEM,0.4,0.6,True
4.99,4.99,AEROTWIN-4-001,IDLE,0.15,1185.9815712195466,685.480305105232,23.986365702550273,10.117505490833253,21.62013443675736,2.497914537774504,-14.000543483698612,-0.21791306950229242,11.47949947521526,-0.21791306950229242,-0.9261678453774218,33.30759467819838,509.376301778029,24.848978379122762,305.5809799834552,44.32085417484038,0.0010330062450985738,5.165031225492869,322.42705098312484,0.3101228454753001,LUBRICATION,LUBRICATION_SYSTEM,0.4,0.6,True
5.0,5.0,AEROTWIN-4-001,IDLE,0.15,1188.01136801874,36.63919937840478,23.955467778500207,28.113567022406567,21.37845655303178,2.483913994290805,4.251196475083983,-0.2176323658077647,-0.2176323658077647,-0.9740800139998101,29.52291176802191,33.30782818244064,509.37517204981526,24.848721624953686,305.32049327719454,44.283073703937745,0.00103140180643533,5.15700903217665,322.42705098312484,0.13998982600026805,LUBRICATION,LUBRICATION_SYSTEM,0.4,0.6,True
5.01,5.01,AEROTWIN-4-001,IDLE,0.15,1192.7751146961948,107.91988145952918,23.964866442311994,33.91703014837705,21.451697247307823,2.4881651907658893,9.97716771030334,-0.21771775146834557,-0.21771775146834557,-1.5536682109458886,35.90613386225963,33.30812942819496,509.37494047772077,24.848465882924526,305.3996197614882,44.29455005096673,0.0010318887918787777,5.159443959393888,322.42705098312484,0.24144495886277229,LUBRICATION,LUBRICATION_SYSTEM,0.4,0.6,True
5.0200000000000005,5.0200000000000005,AEROTWIN-4-001,IDLE,0.15,1181.257602719278,179.48638834130088,23.98686717907241,0.0,21.624078317733023,2.4981423584761924,-24.122220676209217,-0.21791762535246068,-0.21791762535246068,-0.014650756344307386,0.019420425565918276,33.308593031659484,509.37675630064757,24.84821236234737,305.58521627652755,44.321468598315,0.0010330323681279345,5.165161840639673,322.42705098312484,0.48719114470607555,LUBRICATION,LUBRICATION_SYSTEM,0.4,0.6,True
5.03,5.03,AEROTWIN-4-001,IDLE,0.15,1192.2849090791067,250.36184450445757,23.933537908217858,46.77804417077507,21.208487600361074,2.4740201377999833,23.09553643261401,-1.5358941610209718,-0.21743313573655365,48.74880460326915,-0.21743313573655365,33.30865064836757,509.37359065143966,24.84795388744413,305.13623635487386,44.25634944843819,0.0010302691018200623,5.151345509100311,322.42705098312484,0.46686501703126665,LUBRICATION,LUBRICATION_SYSTEM,0.4,0.6,True
5.04,5.04,AEROTWIN-4-001,IDLE,0.15,1186.5100171094523,321.89893904920393,23.984606922866906,12.00851809871457,21.606307882575987,2.4971156742325973,-12.094905458094015,-1.0084012311355735,-0.21789709121345394,13.45271351227705,-0.21789709121345394,33.30909080586988,509.37523013190184,24.847700387694577,305.566124620557,44.31869958271634,0.0010329146473398835,5.164573236699418,322.42705098312484,0.2769882071298223,LUBRICATION,LUBRICATION_SYSTEM,0.4,0.6,True
5.05,5.05,AEROTWIN-4-001,IDLE,0.15,1186.9649850178705,393.0895400757711,23.95791606536144,24.835415614510403,21.397512286598765,2.4850207687745036,0.9528825591371342,26.161937227687833,-0.8912123968148938,-0.21765460818126847,-0.21765460818126847,33.309324555384,509.3743536716512,24.84744445661205,305.3410960070186,44.28606188266597,0.0010315285738849204,5.157642869424603,322.42705098312484,0.08259468317991588,LUBRICATION,LUBRICATION_SYSTEM,0.4,0.6,True
5.0600000000000005,5.0600000000000005,AEROTWIN-4-001,IDLE,0.15,1192.8362299762036,464.30743917684333,23.96002314022098,36.196605545125585,21.41392520810852,2.485973651333641,12.296706685683425,38.2138703428445,-1.5819172963443067,-0.2176737506873074,-0.2176737506873074,33.30957128308233,509.3736941091533,24.847188844243068,305.3588325514419,44.288634355596024,0.00103163772415752,5.1581886207876,322.42705098312484,0.28139185586940374,LUBRICATION,LUBRICATION_SYSTEM,0.4,0.6,True
5.07,5.07,AEROTWIN-4-001,IDLE,0.15,1181.3175988214398,535.8776129754156,23.987148912006774,0.0,21.626294318791473,2.498270358019324,-24.1245646768108,0.44216663862109673,-0.11749248410186006,-0.2179201848601939,-0.2179201848601939,33.31001948339628,509.37556728355713,24.846935943601142,305.5875963756597,44.32181380313293,0.0010330470453899078,5.165235226949539,322.42705098312484,0.48719786030555334,LUBRICATION,LUBRICATION_SYSTEM,0.4,0.6,True
5.08,5.08,AEROTWIN-4-001,IDLE,0.15,1192.0769305427536,606.756668904702,23.933816918869717,46.21907946975131,21.210642014265588,2.4741457933425135,22.534291662143204,-0.21743567051269788,48.152360599093626,-0.21743567051269788,-1.4984097883169227,33.31006196457764,509.3724570723917,24.846678082709673,305.13857740701224,44.25668898995824,0.0010302834817439777,5.1514174087198885,322.42705098312484,0.4570799877337166,LUBRICATION,LUBRICATION_SYSTEM,0.4,0.6,True
5.09,5.09,AEROTWIN-4-001,IDLE,0.15,1187.2787347867738,678.2812847372672,23.983647712542137,14.046133056722931,21.598770663365947,2.4966800850046567,-10.049317691647673,-0.21788837691013843,15.569403015728366,-0.21788837691013843,-1.0874932051851576,33.3104777097453,509.37403575867165,24.846425082980424,305.55802416835894,44.31752470933044,0.0010328647051487223,5.164323525743612,322.42705098312484,0.2413070869870267,LUBRICATION,LUBRICATION_SYSTEM,0.4,0.6,True
5.1000000000000005,5.1000000000000005,AEROTWIN-4-001,IDLE,0.15,1186.1026201787495,29.518008824473668,23.961475771829463,21.448629457677114,21.425247365263726,2.486630767313009,-2.4632486748996203,-0.21768694765997873,-0.21768694765997873,-0.8044029588614202,22.68840631185849,33.310721370523325,509.3735186081849,24.846170080257455,305.3710630323406,44.290408240084616,0.0010317130001062191,5.1585650005310955,322.42705098312484,0.11123559573126057,LUBRICATION,LUBRICATION_SYSTEM,0.4,0.6,True
5.11,5.11,AEROTWIN-4-001,IDLE,0.15,1193.0198258295934,100.68416603519863,23.95602868460859,38.35434997918774,21.382820823175194,2.484167518638109,14.487361637374434,-0.21763746156813527,-0.21763746156813527,-1.603983851447413,40.393608753771424,33.31092122748229,509.3725103373426,24.845914676853226,305.32521282313866,44.28375821744238,0.0010314308435205959,5.157154217602979,322.42705098312484,0.3191972278665011,LUBRICATION,LUBRICATION_SYSTEM,0.4,0.6,True
5.12,5.12,AEROTWIN-4-001,IDLE,0.15,1181.7290406430575,172.26535558497426,23.987995184116787,0.48424175358119737,21.632952070160364,2.4986548802754838,-23.64736519685465,-0.21792787313424986,-0.21792787313424986,-0.2199742723729632,1.1400717722226603,33.31135941441085,509.37449178997883,24.845662449154677,305.5947462630051,44.32285080849373,0.0010330911381354042,5.165455690677022,322.42705098312484,0.4787438030526071,LUBRICATION,LUBRICATION_SYSTEM,0.4,0.6,True
5.13,5.13,AEROTWIN-4-001,IDLE,0.15,1192.037253800497,243.1690980235577,23.935729978666803,45.28989818839068,21.225419521945568,2.4750075150786293,21.58947115136648,-1.4553195090438291,-0.21745305041666893,47.18012379826784,-0.21745305041666893,33.31139996256866,509.3715847983621,24.84540535536483,305.1546312552943,44.25901740800538,0.0010303821005736957,5.151910502868478,322.42705098312484,0.4407977419415861,LUBRICATION,LUBRICATION_SYSTEM,0.4,0.6,True
5.14,5.14,AEROTWIN-4-001,IDLE,0.15,1188.2608061983763,314.6913332515875,23.983464703540562,16.184556536780416,21.597332912876592,2.4965969862299953,-7.909373362326171,-1.1617270708599112,-0.2178867142967282,17.782057036233784,-0.2178867142967282,33.311798059531334,509.3731682871747,24.84515292863329,305.5564787866262,44.317300570254694,0.0010328551777152722,5.164275888576362,322.42705098312484,0.203880315136036,LUBRICATION,LUBRICATION_SYSTEM,0.4,0.6,True
5.15,5.15,AEROTWIN-4-001,IDLE,0.15,1185.4540353836392,385.98698162349007,23.96602042520855,18.070906874280045,21.46070630933799,2.488687612867669,-5.878487047925614,19.221873167181393,-0.7155098223901356,-0.21772823525560459,-0.21772823525560459,33.31205985205224,509.3730937112232,24.844898947935068,305.4093416104698,44.29596008849932,0.0010319486484075837,5.159743242037919,322.42705098312484,0.1704538391030515,LUBRICATION,LUBRICATION_SYSTEM,0.4,0.6,True
5.16,5.16,AEROTWIN-4-001,IDLE,0.15,1193.321340789089,457.1142237465084,23.953022725655032,40.31949713897985,21.359442102954418,2.482809125819744,16.477245910205685,42.37422860057511,-1.6195111559654896,-0.2176101528148839,-0.2176101528148839,33.31222099874057,509.37181809789274,24.844643845782727,305.2999241966463,44.28009040563319,0.0010312752688330935,5.1563763441654675,322.42705098312484,0.35362107288633554,LUBRICATION,LUBRICATION_SYSTEM,0.4,0.6,True
5.17,5.17,AEROTWIN-4-001,IDLE,0.15,1182.397287339243,528.7135041938537,23.989384738102526,1.2638904829163666,21.643888154825667,2.4992863717299496,-22.879284043639252,2.0196781846294716,-0.3199067076035587,-0.21794049705477314,-0.21794049705477314,33.3126538930698,509.37394607721217,24.844392341974515,305.6064878699007,44.32455378767466,0.0010331635535527125,5.165817767763563,322.42705098312484,0.46513307790309655,LUBRICATION,LUBRICATION_SYSTEM,0.4,0.6,True
5.18,5.18,AEROTWIN-4-001,IDLE,0.15,1192.0880634027749,599.6573414342083,23.938835818638587,44.022152515099705,21.24943150156247,2.4764070876863102,20.296313925850924,-0.21748126657621672,45.864794636880404,-0.21748126657621672,-1.4076795886282685,33.31270193924366,509.3713391198558,24.844136127120137,305.180702866084,44.26279878229109,0.0010305422882475827,5.152711441237914,322.42705098312484,0.4185771851893822,LUBRICATION,LUBRICATION_SYSTEM,0.4,0.6,True
5.19,5.19,AEROTWIN-4-001,IDLE,0.15,1189.355975799668,671.1826252383748,23.983699061869412,18.373806595384593,21.59917408902932,2.496703401612161,-5.722070895256886,-0.21788884341221973,20.039481749978943,-0.21788884341221973,-1.2298974677699106,33.313085980367916,509.37295052617486,24.84388431186115,305.55845778372645,44.31758760003612,0.0010328673784539347,5.164336892269674,322.42705098312484,0.16557402368479918,LUBRICATION,LUBRICATION_SYSTEM,0.4,0.6,True
5.2,5.2,AEROTWIN-4-001,IDLE,0.15,1184.971414189437,22.543983786354943,23.971084442733382,14.808260353389315,21.500283385281254,2.490981330716904,-9.183004362608843,-0.21777424120817504,-0.21777424120817504,-0.6261976569775634,15.87000649278323,33.313370234158896,509.37335075264895,24.84363140278369,305.4520209992427,44.30215022168816,0.0010322114815373394,5.161057407686697,322.42705098312484,0.227670657937036,LUBRICATION,LUBRICATION_SYSTEM,0.4,0.6,True
5.21,5.21,AEROTWIN-4-001,IDLE,0.15,1193.6712214191318,93.64226863772116,23.950784986091683,42.04468594178018,21.34205396178811,2.4817983263542955,18.220833653637776,-0.2175898232366959,-0.2175898232366959,-1.6286274080998824,44.108492996353455,33.31349878896453,509.3718618756282,24.843376673042226,305.281104773435,44.277360874129464,0.0010311595148074875,5.155797574037438,322.42705098312484,0.38383702899939903,LUBRICATION,LUBRICATION_SYSTEM,0.4,0.6,True
5.22,5.22,AEROTWIN-4-001,IDLE,0.15,1183.1787371776695,165.26254192286905,23.99099678699025,2.1811935011608243,21.656581948409464,2.500019160007933,-21.975407607256574,-0.21795514231306978,-0.21795514231306978,-0.4158424863660912,3.032946272153055,33.31392834112109,509.3741387093457,24.84312591320216,305.62011219084087,44.326529831935176,0.001033247589692306,5.1662379484615295,322.42705098312484,0.44911871241847506,LUBRICATION,LUBRICATION_SYSTEM,0.4,0.6,True
5.23,5.23,AEROTWIN-4-001,IDLE,0.15,1192.1105683701192,236.2532661535292,23.942465800361344,42.46235566375388,21.277528406483672,2.4780437524006764,18.706783504869534,-1.356475297510407,-0.21751424449664253,44.25385945025757,-0.21751424449664253,33.31398804302982,509.37186184325964,24.842870626200412,305.21118735399585,44.26722019144885,0.0010307296358642035,5.153648179321018,322.42705098312484,0.3912398512719328,LUBRICATION,LUBRICATION_SYSTEM,0.4,0.6,True
5.24,5.24,AEROTWIN-4-001,IDLE,0.15,1190.4293786816656,307.7799002557364,23.98380286269606,20.575664707771608,21.59998962155715,2.496750535905546,-3.5210754496910877,-1.2916015889790806,-0.21788978642947512,22.303045869609637,-0.21788978642947512,33.31435723402634,509.3734698264796,24.8426194081621,305.5593343304659,44.317714732622115,0.0010328727825296808,5.164363912648404,322.42705098312484,0.12704398024856234,LUBRICATION,LUBRICATION_SYSTEM,0.4,0.6,True
5.25,5.25,AEROTWIN-4-001,IDLE,0.15,1184.5565765424553,379.2056629766363,23.976043707432332,11.732370661480322,21.539109238710505,2.493229460455855,-12.299968037686039,12.70541299383323,-0.5374037413635081,-0.21781929549469867,-0.21781929549469867,33.31466340047884,509.3743171002526,24.842367560681026,305.49384449996154,44.30821621858542,0.0010324691386754627,5.162345693377313,322.42705098312484,0.28161679388328364,LUBRICATION,LUBRICATION_SYSTEM,0.4,0.6,True
5.26,5.26,AEROTWIN-4-001,IDLE,0.15,1193.9641396576912,450.27905756918364,23.94886087780715,43.511197228526726,21.327113622103695,2.480929492418169,19.70315411400486,45.578115132379224,-1.631773217935244,-0.2175723429586272,-0.2175723429586272,33.3147619364941,509.37262627697874,24.84211323123902,305.26492728967725,44.275014524240206,0.0010310600260172223,5.155300130086111,322.42705098312484,0.40952261205224544,LUBRICATION,LUBRICATION_SYSTEM,0.4,0.6,True
5.2700000000000005,5.2700000000000005,AEROTWIN-4-001,IDLE,0.15,1183.9574773799748,521.9169059486451,23.992346053910072,3.2099401687873015,21.667211988007175,2.500632646532174,-20.957904465752048,4.153296460628294,-0.5074214913795053,-0.2179674002307436,-0.2179674002307436,33.31518633329397,509.3750095370504,24.84186318863116,305.63151778704525,44.32818407679747,0.001033317948147297,5.166589740736485,322.42705098312484,0.4311478217666509,LUBRICATION,LUBRICATION_SYSTEM,0.4,0.6,True
5.28,5.28,AEROTWIN-4-001,IDLE,0.15,1192.0107585619494,592.9543545914436,23.946081052976968,40.65197376141124,21.30554635362214,2.479674742066422,16.86675266572268,-0.21754708860501087,42.38934148907033,-0.21754708860501087,-1.3022735504490661,33.31525779488312,509.3730446460727,24.84160882745499,305.24156213293713,44.27162568863694,0.001030916359172109,5.154581795860545,322.42705098312484,0.359517473110791,LUBRICATION,LUBRICATION_SYSTEM,0.4,0.6,True
5.29,5.29,AEROTWIN-4-001,IDLE,0.15,1191.3800763213974,664.4750001051606,23.983342491142693,22.772016540949057,21.59637284199576,2.4965414947321447,-1.3208977957788468,-0.2178856040126993,24.554930726049975,-0.2178856040126993,-1.347142977075518,33.31560807373116,509.37458028359026,24.84135815058652,305.5554468096386,44.31715089437637,0.0010328488155447624,5.164244077723812,322.42705098312484,0.08859685288586741,LUBRICATION,LUBRICATION_SYSTEM,0.4,0.6,True
5.3,5.3,AEROTWIN-4-001,IDLE,0.15,1184.1283477973175,15.957804684444454,23.980432664456362,8.880761884074941,21.573525991856016,2.495220596936366,-15.18798470471744,-0.21785916860882024,-0.21785916860882024,-0.44921911782106816,9.765699339113649,33.31593213521227,509.3758072377811,24.841107309812426,305.53088068061834,44.31358787215552,0.001032697381419211,5.163486907096056,322.42705098312484,0.3316244813455187,LUBRICATION,LUBRICATION_SYSTEM,0.4,0.6,True
5.3100000000000005,5.3100000000000005,AEROTWIN-4-001,IDLE,0.15,1194.12048288321,87.00550555228352,23.946874022079562,44.719207889118906,21.31169649054323,2.4800326122316485,20.927478786344025,-0.21755429262805084,-0.21755429262805084,-1.6294292632534333,46.78374573762844,33.31600049741026,509.37389563446396,24.840853372809537,305.2482264027375,44.27259226100024,0.001030957333194623,5.154786665973115,322.42705098312484,0.43068514811062364,LUBRICATION,LUBRICATION_SYSTEM,0.4,0.6,True
5.32,5.32,AEROTWIN-4-001,IDLE,0.15,1184.6507595929954,158.65273452527612,23.993066092598863,4.340504781810182,21.672886770836275,2.5009600910179923,-19.833342080044083,-0.21797394169028692,-0.21797394169028692,-0.5951010573569949,5.371553722547751,33.31641527078494,509.37631416483805,24.84060398522094,305.6376052215786,44.329066986127316,0.0010333555029506819,5.166777514753409,322.42705098312484,0.4113801134813475,LUBRICATION,LUBRICATION_SYSTEM,0.4,0.6,True
5.33,5.33,AEROTWIN-4-001,IDLE,0.15,1191.719139984578,229.73178010085584,23.949297772769913,38.61561317990453,21.330505156983538,2.4811267489379483,14.803981273983043,-1.2451244489598619,-0.21757631209357522,40.295890253051546,-0.21757631209357522,33.316495882480915,509.3746137791141,24.840350511336677,305.26860025913953,44.27554724438508,0.0010310826129200535,5.155413064600268,322.42705098312484,0.3238449778559283,LUBRICATION,LUBRICATION_SYSTEM,0.4,0.6,True
5.34,5.34,AEROTWIN-4-001,IDLE,0.15,1192.1398512490728,301.23492849993056,23.981997202649293,24.962873619797193,21.58580727770636,2.4959307302119313,0.8811356118789035,-1.3971919931371168,-0.21787338223852148,26.795812377411355,-0.21787338223852148,33.316820958740465,509.3759852089154,24.840100288646056,305.54408810107276,44.31550345000339,0.001032778792516468,5.163893962582341,322.42705098312484,0.08455547414015663,LUBRICATION,LUBRICATION_SYSTEM,0.4,0.6,True
5.3500000000000005,5.3500000000000005,AEROTWIN-4-001,IDLE,0.15,1183.6284457282354,372.7633195748749,23.98393792296153,6.271616622848913,21.60105079434887,2.4968118658238105,-17.826246037323767,7.068429080025471,-0.36103043030707754,-0.21789101343474063,-0.21789101343474063,33.317156731069254,509.37750265779925,24.83985036917394,305.5604748653606,44.317880153522175,0.0010328798142036802,5.164399071018401,322.42705098312484,0.3773680402001686,LUBRICATION,LUBRICATION_SYSTEM,0.4,0.6,True
5.36,5.36,AEROTWIN-4-001,IDLE,0.15,1194.0859696908424,443.78102631856905,23.94455380504893,45.67487861149976,21.29370602126988,2.4789856197864863,21.902186970443392,47.731843006705155,-1.6218979677001935,-0.21753321375260443,-0.21753321375260443,33.3171929863956,509.3753344252378,24.839596791111152,305.2287287336566,44.26976435807209,0.0010308374621580225,5.154187310790112,322.42705098312484,0.4474354959194654,LUBRICATION,LUBRICATION_SYSTEM,0.4,0.6,True
5.37,5.37,AEROTWIN-4-001,IDLE,0.15,1185.2077563297687,515.4261845000196,23.992907149513513,5.578035208501887,21.671633983179714,2.50088780675693,-18.594486581434754,6.693834063680006,-0.6798538597528133,-0.21797249771265254,-0.21797249771265254,33.31759204002549,509.37770219447435,24.83934797208063,305.63626141755543,44.3288720834794,0.001033347212540048,5.166736062700241,322.42705098312484,0.38971954022908123,LUBRICATION,LUBRICATION_SYSTEM,0.4,0.6,True
5.38,5.38,AEROTWIN-4-001,IDLE,0.15,1191.1874781950416,586.5386498798058,23.951880921572844,36.35676164987598,21.35056814139902,2.4822933201754953,12.523900188301463,-0.2175997796705983,37.9765285195934,-0.2175997796705983,-1.1845673103762306,33.3176777098539,509.3762058208967,24.83909532443237,305.29032093558845,44.27869756785588,0.0010312161989560079,5.156080994780039,322.42705098312484,0.2842860342840507,LUBRICATION,LUBRICATION_SYSTEM,0.4,0.6,True
5.39,5.39,AEROTWIN-4-001,IDLE,0.15,1192.667603023692,658.0098985715083,23.979543780225093,27.161334829296536,21.566551416877264,2.494817220363797,3.099966192055475,-0.21785109320908397,29.039537712193518,-0.21785109320908397,-1.4425006964788158,33.31796992373651,509.3773095946007,24.838845447450637,305.52337814282714,44.31249971907936,0.0010326511396197844,5.163255698098922,322.42705098312484,0.12305596713273387,LUBRICATION,LUBRICATION_SYSTEM,0.4,0.6,True
5.4,5.4,AEROTWIN-4-001,IDLE,0.15,1183.0256230866298,9.569954752929789,23.98637153325955,3.923981917637027,21.620180288637677,2.4979171865558523,-20.1941155575565,-0.21791312247354166,-0.21791312247354166,-0.27171316839607906,4.63152133098019,33.31831010291538,509.3790201131744,24.838596345343603,305.5810292376062,44.32086131856392,0.0010330065488179455,5.165032744089728,322.42705098312484,0.41850964698321796,LUBRICATION,LUBRICATION_SYSTEM,0.4,0.6,True
5.41,5.41,AEROTWIN-4-001,IDLE,0.15,1193.8304041170063,80.55149213812757,23.941754726200703,46.37922529482073,21.272021751370787,2.477723070998296,22.629480472451647,-0.21750778447869273,-0.21750778447869273,-1.6091772917717988,48.42341815554991,33.31831156939393,509.3765555916679,24.83834307903665,305.2052146651688,44.266353924606754,0.0010306929257316833,5.1534646286584165,322.42705098312484,0.4597930772963138,LUBRICATION,LUBRICATION_SYSTEM,0.4,0.6,True
5.42,5.42,AEROTWIN-4-001,IDLE,0.15,1185.6074186007077,152.18131638514797,23.991730066504694,6.940530343988817,21.662358384904348,2.500352551470747,-17.222180592386277,-0.21796180406382337,-0.21796180406382337,-0.7628800497539509,8.139334001870415,33.31868809955624,509.37878330364066,24.838094728589812,305.62631048672785,44.32742882037403,0.0010332858246677097,5.166429123338548,322.42705098312484,0.3658478037210993,LUBRICATION,LUBRICATION_SYSTEM,0.4,0.6,True
5.43,5.43,AEROTWIN-4-001,IDLE,0.15,1190.3876327578282,223.31776150119043,23.953733736031847,33.85975725030979,21.36496976036753,2.483130370878361,10.011657119063901,-1.1197091645544353,-0.2176166122533658,35.41469963937096,-0.2176166122533658,33.31877435079307,509.37743118616424,24.83784283673173,305.3059049302571,44.28095783927463,0.0010313120589728443,5.156560294864222,322.42705098312484,0.24056763539016235,LUBRICATION,LUBRICATION_SYSTEM,0.4,0.6,True
5.44,5.44,AEROTWIN-4-001,IDLE,0.15,1192.9448238812154,294.74101946666013,23.975850911627205,29.386509192876222,21.537598600173048,2.493142027997425,5.355768564705748,-1.4836785494967772,-0.21781754396942785,31.305822830311854,-0.21781754396942785,33.31902543145251,509.37816153483493,24.83759318450075,305.4922180749236,44.307980325150766,0.0010324591171963595,5.162295585981798,322.42705098312484,0.1620378184878511,LUBRICATION,LUBRICATION_SYSTEM,0.4,0.6,True
5.45,5.45,AEROTWIN-4-001,IDLE,0.15,1182.3242509587858,366.31770889953305,23.987649482298092,1.8850540278255103,21.630232144610478,2.498497796562131,-22.243675913347097,2.500759255418201,-0.17985576263794933,-0.2179247324773709,-0.2179247324773709,33.31936242667987,509.3799695638417,24.83734478735116,305.5918254421364,44.32242717847657,0.001033073125351992,5.16536562675996,322.42705098312484,0.45422134722255564,LUBRICATION,LUBRICATION_SYSTEM,0.4,0.6,True
5.46,5.46,AEROTWIN-4-001,IDLE,0.15,1193.3520513323324,437.2571639570602,23.938496440848603,46.819631651829134,21.246806438654236,2.476254120648784,23.096571092526116,48.84550058590707,-1.5909125673332756,-0.21747818337233107,-0.21747818337233107,33.31932694010003,509.37718071801373,24.83709178769635,305.1778534988934,44.2623855157725,0.0010305247795425075,5.152623897712538,322.42705098312484,0.46753689436855017,LUBRICATION,LUBRICATION_SYSTEM,0.4,0.6,True
5.47,5.47,AEROTWIN-4-001,IDLE,0.15,1185.8613704154798,508.85828703700014,23.989526251921603,8.455907461161571,21.645002195266407,2.49935069174131,-15.688445425846147,9.737116226897275,-0.8453252003562055,-0.21794178268974904,-0.21794178268974904,33.31967444911769,509.37918779349155,24.836843805075805,305.60768376773365,44.324727238304554,0.0010331709295700034,5.165854647850017,322.42705098312484,0.33927615477812606,LUBRICATION,LUBRICATION_SYSTEM,0.4,0.6,True
5.48,5.48,AEROTWIN-4-001,IDLE,0.15,1189.3181176027088,580.009969261929,23.954910751367212,31.09757992828223,21.374123302822667,2.483662246315464,7.239794379144098,-0.21762730528739024,32.58221309319569,-0.21762730528739024,-1.0493785543386802,33.319757559071924,509.3779344002609,24.836592603662645,305.315806704415,44.28239397279495,0.0010313729734051057,5.156864867025528,322.42705098312484,0.19221630883899662,LUBRICATION,LUBRICATION_SYSTEM,0.4,0.6,True
5.49,5.49,AEROTWIN-4-001,IDLE,0.15,1192.977581421089,651.3690563180915,23.970909458625194,31.65417980230138,21.498914663006186,2.490902040694608,7.664363098600584,-0.2177726514998965,33.61073544132094,-0.2177726514998965,-1.5210103360197709,33.31995954847784,509.3781938049413,24.83634305466166,305.4505457747433,44.30193625807722,0.0010322023950080925,5.161011975040463,322.42705098312484,0.20177736470647264,LUBRICATION,LUBRICATION_SYSTEM,0.4,0.6,True
5.5,5.5,AEROTWIN-4-001,IDLE,0.15,1181.5901810084924,2.947711203356789,23.98780047203054,0.2802708176390002,21.6314200669787,2.4985664037932085,-23.849715653132908,-0.21792610419980973,-0.21792610419980973,-0.08405067740946014,0.8001737034480798,33.32028632205332,509.3800150661411,24.836095252589935,305.59310113226104,44.32261220202088,0.0010330809925123182,5.165404962561591,322.42705098312484,0.4823086527449945,LUBRICATION,LUBRICATION_SYSTEM,0.4,0.6,True
5.51,5.51,AEROTWIN-4-001,IDLE,0.15,1192.7006471703937,73.84312206386632,23.935084396933426,46.96485421185879,21.220431608926884,2.4747166881400755,23.269705914791835,-0.21744718538905786,-0.21744718538905786,-1.5664406879365116,48.966189270573416,33.320214328258984,509.3769104813483,24.835842503777773,305.1492132837596,44.25823159624992,0.0010303488164021813,5.151744082010906,322.42705098312484,0.4701167516288145,LUBRICATION,LUBRICATION_SYSTEM,0.4,0.6,True
5.5200000000000005,5.5200000000000005,AEROTWIN-4-001,IDLE,0.15,1186.0335957601972,145.40516089408993,23.986523876340563,10.15592489935557,21.621378326220427,2.4979863940548674,-13.963439820919724,-0.21791450649097943,-0.21791450649097943,-0.9279392398729669,11.519693152210495,33.32052836306262,509.3786451395305,24.835594810459025,305.58231614896175,44.32104796961311,0.001033014484436887,5.165072422184434,322.42705098312484,0.3094542759800212,LUBRICATION,LUBRICATION_SYSTEM,0.4,0.6,True
5.53,5.53,AEROTWIN-4-001,IDLE,0.15,1188.031387660905,216.56717663970176,23.955708851610538,28.0485207054408,21.380332178763382,2.484022954233948,4.1841655724434705,-0.9724426596890409,-0.21763455592618858,29.45623247698222,-0.21763455592618858,33.32060710174439,509.37747912351085,24.835344262527176,305.32252166009323,44.2833678965366,0.001031414285948012,5.157071429740061,322.42705098312484,0.13884880773107283,LUBRICATION,LUBRICATION_SYSTEM,0.4,0.6,True
5.54,5.54,AEROTWIN-4-001,IDLE,0.15,1192.8167201916956,287.84905989935606,23.964959067846518,33.96300437082306,21.452420235206326,2.488207119806391,10.02237701581034,-1.5542940530691163,-0.21771859295949905,35.95273560981117,-0.21771859295949905,33.320754131776624,509.37719845442064,24.835094718717613,305.40040004178167,44.29466322125993,0.0010318935958052173,5.159467979026086,322.42705098312484,0.24224846926822205,LUBRICATION,LUBRICATION_SYSTEM,0.4,0.6,True
5.55,5.55,AEROTWIN-4-001,IDLE,0.15,1181.298446317118,359.4180631108578,23.987058976046974,0.0,21.625586894116047,2.4982294968222014,-24.12381639093825,-0.016599801030524674,-0.21791936780348337,0.023422120581223786,-0.21791936780348337,33.32106564140807,509.3789756588566,24.834847424404167,305.5868365810682,44.32170360404497,0.0010330423599621223,5.165211799810612,322.42705098312484,0.48719571650493065,LUBRICATION,LUBRICATION_SYSTEM,0.4,0.6,True
5.5600000000000005,5.5600000000000005,AEROTWIN-4-001,IDLE,0.15,1192.3219250083785,430.2959698898849,23.933727851917553,46.7715797134125,21.209954250669877,2.474105680431263,23.08751978231136,48.74172464592159,-1.5352752098074711,-0.21743486135081078,-0.21743486135081078,33.32097417273557,509.3757720300925,24.834595121060076,305.13783007752653,44.256580598784296,0.00103027889123682,5.1513944561841,322.42705098312484,0.46674974658764606,LUBRICATION,LUBRICATION_SYSTEM,0.4,0.6,True
5.57,5.57,AEROTWIN-4-001,IDLE,0.15,1186.563004207156,501.8352853903876,23.984777626712006,12.043387170466438,21.607649491403446,2.4971932002135744,-12.061455521150583,13.48902096656912,-1.0098365120305055,-0.21789864203608889,-0.21789864203608889,33.32126578944194,509.37737284005806,24.834347837584815,305.56756630588336,44.31890868187271,0.0010329235362146775,5.164617681073388,322.42705098312484,0.2763820665294691,LUBRICATION,LUBRICATION_SYSTEM,0.4,0.6,True
5.58,5.58,AEROTWIN-4-001,IDLE,0.15,1186.9899980419345,573.0290656428169,23.958161499966174,24.778849008081263,21.399423467076307,2.4851317446924237,0.8942937963125321,-0.21765683792331203,26.103940161821384,-0.21765683792331203,-0.889777477893496,33.32135393788191,509.37646552085965,24.83409810122073,305.34316173480005,44.28636149169193,0.0010315412854534649,5.157706427267325,322.42705098312484,0.08160201216286848,LUBRICATION,LUBRICATION_SYSTEM,0.4,0.6,True
5.59,5.59,AEROTWIN-4-001,IDLE,0.15,1192.8782301804977,644.248465525333,23.960138960879554,36.23313832416194,21.41482773291246,2.4860260384887365,12.332284552760745,-0.217674802903201,38.250827296161894,-0.217674802903201,-1.5823393661935465,33.3214558132623,509.375763881999,24.8338486702935,305.35980762388635,44.28877577815323,0.0010316437252210473,5.158218626105237,322.42705098312484,0.2820298797405225,LUBRICATION,LUBRICATION_SYSTEM,0.4,0.6,True
5.6000000000000005,5.6000000000000005,AEROTWIN-4-001,IDLE,0.15,1181.3588298626205,715.8211593361629,23.987342519466196,0.0,21.62781728522665,2.498358323041497,-24.12617560826815,-0.21792194375924032,0.4513001081546415,-0.21792194375924032,-0.11909960043000697,33.32176092924568,509.37760331216924,24.833601981994256,305.5892320351156,44.32205103590909,0.0010330571321211606,5.165285660605803,322.42705098312484,0.4872024753809264,LUBRICATION,LUBRICATION_SYSTEM,0.4,0.6,True
5.61,5.61,AEROTWIN-4-001,IDLE,0.15,1192.1122159730348,66.70268912792005,23.934008655628116,46.208194003921285,21.212122652693445,2.474232147433229,22.521839203794613,-0.21743741241666442,-0.21743741241666442,-1.4978148076378694,48.14088363639248,33.32166315462109,509.3744598707347,24.833350278856056,305.14018623136127,44.25692233062418,0.0010302933641271677,5.1514668206358385,322.42705098312484,0.45688732953261263,LUBRICATION,LUBRICATION_SYSTEM,0.4,0.6,True
5.62,5.62,AEROTWIN-4-001,IDLE,0.15,1187.3277918438416,138.22942208630215,23.983810461950167,14.076328850498017,21.60004932781497,2.4967539866370236,-10.020474463953974,-0.21788985546772832,-0.21788985546772832,-1.0886042535886633,15.600712815022137,33.32193910060158,509.37600360938336,24.833103479346487,305.5593985028779,44.317724040060405,0.0010328731781663032,5.164365890831516,322.42705098312484,0.24078253883884698,LUBRICATION,LUBRICATION_SYSTEM,0.4,0.6,True
5.63,5.63,AEROTWIN-4-001,IDLE,0.15,1186.128541422578,209.46908959693263,23.96170286995786,21.40204724069212,21.42701793735637,2.4867335121730694,-2.5117042088373207,-0.8031972520988425,-0.21768901081747621,22.640622514425917,-0.21768901081747621,33.322045592875114,509.37545828708187,24.832854658738416,305.3729752984944,44.29068559134303,0.0010317247704156693,5.158623852078347,322.42705098312484,0.11205618516869871,LUBRICATION,LUBRICATION_SYSTEM,0.4,0.6,True
5.64,5.64,AEROTWIN-4-001,IDLE,0.15,1193.0583863311863,280.6368020822873,23.95614878948978,38.38181048428458,21.38375543938699,2.4842218079642318,14.513833236933355,-1.604241506575585,-0.21763855270564425,40.42132909627145,-0.21763855270564425,33.322109251684026,509.37441263337166,24.832605419053998,305.3262234471545,44.2839047963284,0.0010314370615576696,5.157185307788348,322.42705098312484,0.31967643782352834,LUBRICATION,LUBRICATION_SYSTEM,0.4,0.6,True
5.65,5.65,AEROTWIN-4-001,IDLE,0.15,1181.771079813968,352.2203052621585,23.98817291091856,0.4930066752990041,21.63435052297018,2.4987356412011654,-23.640079488872342,-0.22124928797395432,-0.21792948775954937,1.150114938792057,-0.21792948775954937,33.32241268870198,509.37636305453645,24.832359388639045,305.5962479206033,44.32306860590846,0.001033100399077033,5.165501995385165,322.42705098312484,0.47859465377471166,LUBRICATION,LUBRICATION_SYSTEM,0.4,0.6,True
5.66,5.66,AEROTWIN-4-001,IDLE,0.15,1192.0723551240767,423.1265700509966,23.935925412414665,45.27696582684904,21.226929707241343,2.475095561712293,21.574940557895406,47.16666007742245,-1.4547845987587882,-0.21745482590731263,-0.21745482590731263,33.32232127509964,509.3734272980933,24.832108440580672,305.15627149830175,44.25925530557069,0.0010303921773756712,5.151960886878356,322.42705098312484,0.4405692221720057,LUBRICATION,LUBRICATION_SYSTEM,0.4,0.6,True
5.67,5.67,AEROTWIN-4-001,IDLE,0.15,1188.3071057079703,494.6509113584412,23.983626608703453,16.209355429167584,21.598604863279547,2.496670502270188,-7.885919936382152,17.80767723847674,-1.162545438940236,-0.21788818518445882,-0.21788818518445882,33.32258783458086,509.374979767837,24.831862199491354,305.55784595948336,44.31749886227155,0.0010328636064666035,5.164318032333018,322.42705098312484,0.2034501925788295,LUBRICATION,LUBRICATION_SYSTEM,0.4,0.6,True
5.68,5.68,AEROTWIN-4-001,IDLE,0.15,1185.4823844512832,565.9493377009194,23.966234597794127,18.035080952717,21.462378736014415,2.488784582333806,-5.916082365631222,-0.21773018098619606,19.185092969693766,-0.21773018098619606,-0.7145516550043741,33.32272041305483,509.3748797475159,24.831614389788356,305.4111460881872,44.296221806338494,0.0010319597589694975,5.159798794847488,322.42705098312484,0.17108588810488304,LUBRICATION,LUBRICATION_SYSTEM,0.4,0.6,True
5.69,5.69,AEROTWIN-4-001,IDLE,0.15,1193.358303167203,637.0782807679964,23.953154144465444,40.33861778432258,21.360463698885052,2.4828684999681747,16.495285585469354,-0.21761134673799515,42.393487001549275,-0.21761134673799515,-1.6196465237507016,33.32275353721252,509.3735716328785,24.83136543530986,305.30102959796164,44.28025073082916,0.0010312820685006822,5.156410342503412,322.42705098312484,0.353954207377226,LUBRICATION,LUBRICATION_SYSTEM,0.4,0.6,True
5.7,5.7,AEROTWIN-4-001,IDLE,0.15,1182.4375051234924,708.6797789580286,23.98955505989509,1.2721268358218043,21.645228987240852,2.499363785553644,-22.87246593697269,-0.21794204440650955,2.0288633731875128,-0.21794204440650955,-0.32085244855268935,33.323059572996385,509.3756716148425,24.831120115099825,305.60792721938986,44.32476254804587,0.0010331724311320716,5.165862155660358,322.42705098312484,0.4649930025711368,LUBRICATION,LUBRICATION_SYSTEM,0.4,0.6,True
5.71,5.71,AEROTWIN-4-001,IDLE,0.15,1192.1215380282904,59.62602926543809,23.939022690387553,44.00955947935389,21.250877072513745,2.4764913196166716,20.282191087223474,-0.21748296428219374,-0.21748296428219374,-1.4072400537203233,45.8517654616386,33.32298335350808,509.3730387552386,24.830870033949964,305.18227186685533,44.26302634702496,0.0010305519295833107,5.152759647916554,322.42705098312484,0.418354701401066,LUBRICATION,LUBRICATION_SYSTEM,0.4,0.6,True
5.72,5.72,AEROTWIN-4-001,IDLE,0.15,1189.3978003371446,131.15332154713553,23.983853457971193,18.392577774567695,21.60038714440294,2.496773510703895,-5.7045828805391405,-0.21789024608108903,-0.21789024608108903,-1.2304555617466983,20.058813828476573,33.32324357460909,509.3746220169412,24.830624389542688,305.55976158685576,44.31777670103438,0.001032875416660703,5.164377083303516,322.42705098312484,0.1652492072525931,LUBRICATION,LUBRICATION_SYSTEM,0.4,0.6,True
5.73,5.73,AEROTWIN-4-001,IDLE,0.15,1185.0005302120974,202.51718956736423,23.971277753759992,14.783243470997638,21.501795556973665,2.4910689278233558,-9.209621013799383,-0.6254971874144425,-0.2177759974141672,15.844292653240414,-0.2177759974141672,33.323406032203664,509.3749983809479,24.830377640081412,305.4536507696477,44.30238660032816,0.0010322215201157242,5.161107600578621,322.42705098312484,0.22811305457013922,LUBRICATION,LUBRICATION_SYSTEM,0.4,0.6,True
5.74,5.74,AEROTWIN-4-001,IDLE,0.15,1193.7055202562144,273.6172213800901,23.950920009819,42.05665059072224,21.34310276913234,2.4818593068095565,18.231688514780345,-1.6286817546473258,-0.21759104991001688,44.120514445189606,-0.21759104991001688,33.32341419112068,509.3734807915151,24.830129042008302,305.2822401726408,44.277525550159474,0.0010311664978506355,5.155832489253178,322.42705098312484,0.38404489238951633,LUBRICATION,LUBRICATION_SYSTEM,0.4,0.6,True
5.75,5.75,AEROTWIN-4-001,IDLE,0.15,1183.2155695287352,345.23955259546295,23.991154793087652,2.187816090030479,21.657826522684854,2.500090995324337,-21.97010142797871,-0.4164795095855374,-0.2179565777782883,3.040208755172593,-0.2179565777782883,33.32372427166815,509.37573185183703,24.82988445184069,305.6214477415492,44.32672353753882,0.0010332558280330085,5.1662791401650425,322.42705098312484,0.4490065848841963,LUBRICATION,LUBRICATION_SYSTEM,0.4,0.6,True
5.76,5.76,AEROTWIN-4-001,IDLE,0.15,1192.1418441720737,416.2324867671871,23.942636840427664,42.452119955434384,21.2788531659131,2.4781208938963584,18.695145895624925,44.24330777784219,-1.3561562256602033,-0.21751579837380433,-0.21751579837380433,33.3236668908167,509.373430942482,24.82963528633673,305.21262409073535,44.26742857287207,0.0010307384668136975,5.153692334068488,322.42705098312484,0.39105880043884467,LUBRICATION,LUBRICATION_SYSTEM,0.4,0.6,True
5.7700000000000005,5.7700000000000005,AEROTWIN-4-001,IDLE,0.15,1190.4660701678008,487.76099741751153,23.983947114731635,20.588206188713986,21.601123016189142,2.4968160397919834,-3.509732867267139,22.315927965657814,-1.2919395830622329,-0.21789109694079828,-0.21789109694079828,33.32391950833847,509.37501310213656,24.829390224007113,305.56055248724556,44.31789141164512,0.0010328802927639402,5.1644014638197016,322.42705098312484,0.12682794183746388,LUBRICATION,LUBRICATION_SYSTEM,0.4,0.6,True
5.78,5.78,AEROTWIN-4-001,IDLE,0.15,1184.5854356439963,559.1889616275796,23.976213155179913,11.717371179926113,21.540437018621713,2.493306306924716,-12.316372145620315,-0.217820834905848,12.689970669546033,-0.217820834905848,-0.5369578198082238,33.32411083905775,509.3758375189408,24.829144524374286,305.49527399422203,44.30842354957397,0.001032477946851039,5.162389734255195,322.42705098312484,0.28188331984311416,LUBRICATION,LUBRICATION_SYSTEM,0.4,0.6,True
5.79,5.79,AEROTWIN-4-001,IDLE,0.15,1193.995479144114,630.2640877662194,23.94899475231104,43.517491765418875,21.328152810686507,2.4809899347790956,19.70834901995327,-0.21757355919140015,45.584423244171255,-0.21757355919140015,-1.6317843603695783,33.32409611986183,509.37412105338615,24.828896310480214,305.2660527489035,44.27517775859547,0.0010310669469444042,5.155334734722021,322.42705098312484,0.4096312608437529,LUBRICATION,LUBRICATION_SYSTEM,0.4,0.6,True
5.8,5.8,AEROTWIN-4-001,IDLE,0.15,1183.9902978078483,701.9038165148662,23.992490394815192,3.214244950921958,21.66834945635344,2.500698283799049,-20.95480278923053,-0.2179687115494352,4.157961926501591,-0.2179687115494352,-0.507779552480763,33.32440799245334,509.3764803752561,24.82865242325667,305.6327380450292,44.32836106057495,0.0010333254760448093,5.166627380224047,322.42705098312484,0.43107593042180403,LUBRICATION,LUBRICATION_SYSTEM,0.4,0.6,True
5.8100000000000005,5.8100000000000005,AEROTWIN-4-001,IDLE,0.15,1192.0399532185613,52.943234383337085,23.94623337279186,40.645629939191146,21.30672759003105,2.4797434810098187,16.859158868150278,-0.21754847241107886,-0.21754847241107886,-1.302091031146348,42.382817915159656,33.3243691117048,509.37449277922093,24.82840417109161,305.24284220669074,44.27181134797401,0.001030924229281357,5.154621146406786,322.42705098312484,0.3594047422626379,LUBRICATION,LUBRICATION_SYSTEM,0.4,0.6,True
5.82,5.82,AEROTWIN-4-001,IDLE,0.15,1191.4118021585587,124.46563157645076,23.98347715478429,22.77843686535437,21.59743072910915,2.4966026398779686,-1.315596503632749,-0.2178868274146875,-0.2178868274146875,-1.3473017723471095,24.561512292530853,33.32460965124441,509.3760047254055,24.828159634332064,305.5565839274232,44.31731581966561,0.0010328558259147843,5.164279129573922,322.42705098312484,0.08848770608628047,LUBRICATION,LUBRICATION_SYSTEM,0.4,0.6,True
5.83,5.83,AEROTWIN-4-001,IDLE,0.15,1184.1564867576246,195.95033970596427,23.980579073873788,8.874464992242444,21.57467499090231,2.495287043374336,-15.195497042034201,-0.4490171750097126,-0.217860498719682,9.759203164691522,-0.217860498719682,33.32482544208708,509.3772096653383,24.827914929174614,305.53211651720136,44.313767115421854,0.001032704998771976,5.16352499385988,322.42705098312484,0.33173816478352036,LUBRICATION,LUBRICATION_SYSTEM,0.4,0.6,True
5.84,5.84,AEROTWIN-4-001,IDLE,0.15,1194.1491496170186,266.99972891142176,23.94700459844996,44.72138507983856,21.312709380924705,2.480091546332302,20.928584152581557,-1.6294295460076897,-0.21755547889770216,46.78592558364166,-0.21755547889770216,33.32478725685029,509.3752750608867,24.827667091374526,305.24932385702215,44.272751433574776,0.0010309640809178754,5.154820404589377,322.42705098312484,0.43072177987487387,LUBRICATION,LUBRICATION_SYSTEM,0.4,0.6,True
5.8500000000000005,5.8500000000000005,AEROTWIN-4-001,IDLE,0.15,1184.6796195687302,338.6486778884429,23.99319810788305,4.342010141943261,21.673927366559006,2.5010201304848834,-19.832937355100626,-0.5952121364818227,-0.21797514103228627,5.373172560489656,-0.21797514103228627,33.32509606469163,509.37767139134326,24.827423844433252,305.6387213822628,44.329228871840634,0.0010333623890209395,5.166811945104698,322.42705098312484,0.4113569182798367,LUBRICATION,LUBRICATION_SYSTEM,0.4,0.6,True
5.86,5.86,AEROTWIN-4-001,IDLE,0.15,1191.746831379884,409.7294550625667,23.949431641743526,38.61426545765793,21.331544459672077,2.4811871931297826,14.801533804856069,40.29450912022608,-1.245088606015935,-0.21757752827610632,-0.21757752827610632,33.325072685663116,509.3759494435177,24.827176466731522,305.2697257345616,44.27571048108934,0.001031089534169788,5.1554476708489405,322.42705098312484,0.32381988730121436,LUBRICATION,LUBRICATION_SYSTEM,0.4,0.6,True
5.87,5.87,AEROTWIN-4-001,IDLE,0.15,1192.1673150936665,481.2342649453597,23.982124960880096,24.963458204788925,21.586810447072324,2.4959887269346384,0.8806590307819624,26.796416540051336,-1.3972092494509465,-0.21787454290573444,-0.21787454290573444,33.32529448820779,509.3772993494497,24.82693236799917,305.5451667204712,44.3156598908037,0.0010327854415844789,5.163927207922394,322.42705098312484,0.08456427679008607,LUBRICATION,LUBRICATION_SYSTEM,0.4,0.6,True
5.88,5.88,AEROTWIN-4-001,IDLE,0.15,1183.655789264158,552.7643038509797,23.98406459061869,6.272417446179904,21.60204607142968,2.4968693859654203,-17.826498011215197,-0.21789216419423124,7.069261491422484,-0.21789216419423124,-0.3610597168541183,33.32552820455265,509.3787957150393,24.826688571395117,305.5615445458401,44.31803529783956,0.0010328864091062953,5.164432045531477,322.42705098312484,0.3773570442992417,LUBRICATION,LUBRICATION_SYSTEM,0.4,0.6,True
5.89,5.89,AEROTWIN-4-001,IDLE,0.15,1194.1126061879572,623.7836512068292,23.944680738565243,45.67443890347718,21.29468986369607,2.479042887954205,21.900706151826906,-0.2175343669273915,47.73142229817288,-0.2175343669273915,-1.6219146608409187,33.32546422827286,509.3766068747051,24.826441075883164,305.22979525554206,44.26991904427331,0.0010308440185693999,5.154220092847,322.42705098312484,0.44742637230381876,LUBRICATION,LUBRICATION_SYSTEM,0.4,0.6,True
5.9,5.9,AEROTWIN-4-001,IDLE,0.15,1185.2331079640348,695.4304075781066,23.993029818542716,5.576366855232532,21.67260085301849,2.5009435941060323,-18.59717759189199,-0.21797361214511882,6.692061831349334,-0.21797361214511882,-0.6797477518265646,33.32576352342902,509.3789542483466,24.826198382241788,305.6372985356295,44.329022505010634,0.0010333536108861978,5.16676805443099,322.42705098312484,0.38975166205699346,LUBRICATION,LUBRICATION_SYSTEM,0.4,0.6,True
5.91,5.91,AEROTWIN-4-001,IDLE,0.15,1191.214492905414,46.544394055948715,23.951998467223795,36.36121127319415,21.35148152992675,2.48234641651414,12.52738332675326,-0.21760084755782735,-0.21760084755782735,-1.184685663821608,37.98109863213141,33.32575120331679,509.3774374384082,24.825951817565677,305.2913095007795,44.27884094737406,0.0010312222794134757,5.156111397067379,322.42705098312484,0.28436258149485777,LUBRICATION,LUBRICATION_SYSTEM,0.4,0.6,True
5.92,5.92,AEROTWIN-4-001,IDLE,0.15,1192.691787854732,118.01726363027356,23.979668467155427,27.1564427417465,21.567529635264243,2.494873799840893,3.0940393066413625,-0.21785222597392434,-0.21785222597392434,-1.4424095510313208,29.03455674472567,33.32594627206696,509.37852199940744,24.825708047748375,305.52443049835387,44.31265235062025,0.0010326576256183546,5.163288128091773,322.42705098312484,0.12296896165972625,LUBRICATION,LUBRICATION_SYSTEM,0.4,0.6,True
5.93,5.93,AEROTWIN-4-001,IDLE,0.15,1183.0522644034286,189.57877090155748,23.986483032708808,3.9300542558980034,21.621057122564373,2.4979678391475346,-20.188970705813905,-0.27196240817116957,-0.21791413543180038,4.637844934932773,-0.21791413543180038,33.32619029051572,509.3802125727886,24.825465055198478,305.5819711217195,44.32099792755195,0.0010330123568498624,5.165061784249312,322.42705098312484,0.4184060387062231,LUBRICATION,LUBRICATION_SYSTEM,0.4,0.6,True
5.94,5.94,AEROTWIN-4-001,IDLE,0.15,1193.8557853926498,260.5619067657632,23.941878456561025,46.377600155774516,21.272979838905798,2.4777788684417206,22.626841448426998,-1.6092342590492423,-0.2175089085532167,48.42185223193019,-0.2175089085532167,33.32609747774985,509.37772965749895,24.82521785442503,305.2062539032632,44.26650465362149,0.0010306993130962607,5.153496565481303,322.42705098312484,0.4597632439441146,LUBRICATION,LUBRICATION_SYSTEM,0.4,0.6,True
5.95,5.95,AEROTWIN-4-001,IDLE,0.15,1185.6298545541583,332.1932538893222,23.991846977795213,6.935335943315916,21.66327949418759,2.5004057098901478,-17.228349260761824,-0.7625825211478167,-0.21796286618796892,8.133844196839672,-0.21796286618796892,33.3263801299838,509.37993889551547,24.824975613523442,305.62729877393684,44.32757215957425,0.0010332919212325715,5.166459606162858,322.42705098312484,0.36594149375214885,LUBRICATION,LUBRICATION_SYSTEM,0.4,0.6,True
5.96,5.96,AEROTWIN-4-001,IDLE,0.15,1190.414848455855,403.3310451625717,23.95383773130046,33.870623525370426,21.365778372046147,2.483177360629386,10.021667792694894,35.42584794338893,-1.1199893039443043,-0.21761755703710162,-0.21761755703710162,33.32637406584948,509.3785675036508,24.82472979102273,305.3067797422054,44.281084720249986,0.0010313174404899372,5.156587202449686,322.42705098312484,0.2407566267269605,LUBRICATION,LUBRICATION_SYSTEM,0.4,0.6,True
5.97,5.97,AEROTWIN-4-001,IDLE,0.15,1192.9667758782032,474.755936069923,23.975976602977152,29.376526758251778,21.538583434800454,2.4931990284220804,5.344744295029243,31.29567240838954,-1.483508278419178,-0.21781868585929215,-0.21781868585929215,33.32653381415875,509.3792811082549,24.824486228428054,305.49327840231973,44.30813411291565,0.0010324656505578292,5.162328252789146,322.42705098312484,0.16186171969392854,LUBRICATION,LUBRICATION_SYSTEM,0.4,0.6,True
5.98,5.98,AEROTWIN-4-001,IDLE,0.15,1182.3501588320273,546.3339426226152,23.987750666326733,1.8941812374179394,21.631028210195648,2.4985437727171096,-22.23539074549482,-0.21792565172135053,2.51034933228414,-0.21792565172135053,-0.1803167914234994,33.326780244732255,509.38107055592485,24.824243926920722,305.5926803284082,44.32255116947167,0.001033078397412161,5.165391987060805,322.42705098312484,0.4540640331081394,LUBRICATION,LUBRICATION_SYSTEM,0.4,0.6,True
5.99,5.99,AEROTWIN-4-001,IDLE,0.15,1193.3768215042812,617.2749521525368,23.938616828988764,46.81823427556994,21.247737597088275,2.476308381971615,23.09418829651005,-0.21747927708321166,48.84422501925378,-0.21747927708321166,-1.5910321895174093,33.326656082141824,509.378265288669,24.82399697538473,305.1788642463836,44.26253211256699,0.0010305309903027898,5.1526549515139495,322.42705098312484,0.4675110836591313,LUBRICATION,LUBRICATION_SYSTEM,0.4,0.6,True
6.0,6.0,AEROTWIN-4-001,IDLE,0.15,1185.8813421351442,688.8775614427936,23.989640390157,8.446808056089615,21.645900766630984,2.499402570268125,-15.698495280809492,-0.2179428196210429,9.727552238756473,-0.2179428196210429,-0.8448585434247718,33.32691527999695,509.3802558656684,24.82375508582226,305.6086483373605,44.32486713755409,0.0010331768788648696,5.165884394324348,322.42705098312484,0.33943811570050975,LUBRICATION,LUBRICATION_SYSTEM,0.4,0.6,True
6.01,6.01,AEROTWIN-4-001,IDLE,0.15,1189.3462095535012,40.0304419709023,23.95500330660504,31.115348681191925,21.374843254756293,2.483704074987316,7.256801351448317,-0.21762814613990722,-0.21762814613990722,-1.049829245556646,32.60043421902839,33.32691143463394,509.3789843299418,24.8235099397424,305.3165853989466,44.28250691309241,0.0010313777640570262,5.156888820285131,322.42705098312484,0.19252622231189398,LUBRICATION,LUBRICATION_SYSTEM,0.4,0.6,True
6.0200000000000005,6.0200000000000005,AEROTWIN-4-001,IDLE,0.15,1192.9981754257992,111.39121454411237,23.97103930271883,31.639550606402285,21.49993029301558,2.490960876338764,7.6486594370479395,-0.21777383111690693,-0.21777383111690693,-1.5207883029321716,33.59588657156827,33.32702759841393,509.3792295257876,24.8232664620275,305.4516404377596,44.302095025811774,0.0010322091374876446,5.161045687438223,322.42705098312484,0.2015198997268598,LUBRICATION,LUBRICATION_SYSTEM,0.4,0.6,True
6.03,6.03,AEROTWIN-4-001,IDLE,0.15,1181.6146305259776,182.97110506966033,23.98789539429304,0.2891357562316865,21.632166906514925,2.4986095357758122,-23.84164068605905,-0.08471746684312881,-0.21792696655644364,0.8097071561877026,-0.21792696655644364,33.327269114091884,509.38103371996823,24.823024741039614,305.5939031293294,44.32272852207168,0.0010330859384597851,5.165429692298926,322.42705098312484,0.482155779134269,LUBRICATION,LUBRICATION_SYSTEM,0.4,0.6,True
6.04,6.04,AEROTWIN-4-001,IDLE,0.15,1192.7247928446109,253.867982901219,23.9351980717737,46.96514724830306,21.22130980627454,2.474767895089753,23.26906954693877,-1.566644892766968,-0.21744821811046622,48.96668857729097,-0.21744821811046622,33.32711368905373,509.3779141471944,24.8227780225161,305.15016725481655,44.25836995830408,0.0010303546768080435,5.151773384040217,322.42705098312484,0.4701205979575051,LUBRICATION,LUBRICATION_SYSTEM,0.4,0.6,True
6.05,6.05,AEROTWIN-4-001,IDLE,0.15,1186.0509071494357,325.43147047189564,23.98663519245287,10.14253721546528,21.62225376473534,2.498036964636692,-13.977753513906752,-0.9273256604613241,-0.21791551778364537,11.505693911493895,-0.21791551778364537,33.32734465702479,509.3796340618765,24.82253640505425,305.5832565028956,44.321184356666976,0.001033020283097788,5.16510141548894,322.42705098312484,0.3096912137580937,LUBRICATION,LUBRICATION_SYSTEM,0.4,0.6,True
6.0600000000000005,6.0600000000000005,AEROTWIN-4-001,IDLE,0.15,1188.0602761899866,396.59452490086176,23.955789067606453,28.07342820807363,21.380956319521097,2.484059211122785,4.208412677429747,29.48177033007486,-0.9730715526446883,-0.21763528467826837,-0.21763528467826837,33.32734147739269,509.3784507419651,24.822291898017692,305.32319660926464,44.28346578981453,0.0010314184385842868,5.157092192921434,322.42705098312484,0.13928378807266537,LUBRICATION,LUBRICATION_SYSTEM,0.4,0.6,True
6.07,6.07,AEROTWIN-4-001,IDLE,0.15,1192.836186051849,467.87814147226095,23.96509272485951,33.94437338287187,21.453463534915453,2.488267623800215,10.002642224156205,35.93386148012435,-1.5540484828196834,-0.21771980721639494,-0.21771980721639494,33.32740787047019,509.37815816321165,24.822048406220702,305.4015259888376,44.29482652636903,0.0010319005279447035,5.1595026397235175,322.42705098312484,0.2419209284931016,LUBRICATION,LUBRICATION_SYSTEM,0.4,0.6,True
6.08,6.08,AEROTWIN-4-001,IDLE,0.15,1181.3175557014727,539.4483126353718,23.98714870952634,0.0,21.626292726081633,2.4982702660243707,-24.124562992106004,0.021619837582189796,-0.01573701694712144,-0.21792018302068503,-0.21792018302068503,33.32763913133317,509.3799197174393,24.821807177729934,305.58759466506,44.32181355503097,0.001033047034841112,5.16523517420556,322.42705098312484,0.4871978554790137,LUBRICATION,LUBRICATION_SYSTEM,0.4,0.6,True
6.09,6.09,AEROTWIN-4-001,IDLE,0.15,1192.342333585186,610.3273659774602,23.933816718345746,46.7750269734756,21.210640465821417,2.474145703032265,23.090240804621917,-0.21743566869096323,48.74548027940301,-0.21743566869096323,-1.5355819685454843,33.32746900292059,509.3767006769468,24.821560887088026,305.1385757244766,44.25668874592664,0.001030283471408888,5.15141735704444,322.42705098312484,0.4668090713105908,LUBRICATION,LUBRICATION_SYSTEM,0.4,0.6,True
6.1000000000000005,6.1000000000000005,AEROTWIN-4-001,IDLE,0.15,1186.5745482780408,681.8679059925714,23.98487174149206,12.025603844493183,21.608389199596495,2.497235943836887,-12.0800212989402,-0.21789949705684783,13.470511605237478,-0.21789949705684783,-1.009108766630599,33.32768236283859,509.378287017274,24.821319662103047,305.5683611691919,44.31902396725726,0.001032928437082334,5.164642185411671,322.42705098312484,0.276695517672493,LUBRICATION,LUBRICATION_SYSTEM,0.4,0.6,True
6.11,6.11,AEROTWIN-4-001,IDLE,0.15,1187.0163046929315,33.062378889253864,23.958214970433446,24.8102082533985,21.399839859062624,2.4851559225379467,0.9252124717979293,-0.21765732369567936,-0.21765732369567936,-0.8905750641513853,26.136097964941243,33.327693204296985,509.37736179110414,24.821075952386426,305.3436117835718,44.28642676586569,0.0010315440548835943,5.157720274417972,322.42705098312484,0.08215019867990359,LUBRICATION,LUBRICATION_SYSTEM,0.4,0.6,True
6.12,6.12,AEROTWIN-4-001,IDLE,0.15,1192.8938764234094,104.28335717082976,23.96026076918599,36.21181553642219,21.415776955134895,2.4860811350097447,12.309957446277554,-0.2176759095161108,-0.2176759095161108,-1.5821024191503013,38.22926977460472,33.327719197266944,509.3766490197664,24.820832553811993,305.36083312082457,44.288924514178156,0.0010316500366762842,5.158250183381421,322.42705098312484,0.2816553640299829,LUBRICATION,LUBRICATION_SYSTEM,0.4,0.6,True
6.13,6.13,AEROTWIN-4-001,IDLE,0.15,1181.374189564359,175.85698975623433,23.987414642033084,0.0,21.628384646242363,2.498391092456022,-24.126775738698385,-0.21792259898355087,-0.21792259898355087,-0.11808055398124591,0.4454995265105403,33.3279486761632,509.3784730270251,24.820591915866594,305.5898413607586,44.32213941128171,0.0010330608897271846,5.165304448635923,322.42705098312484,0.4872041946079275,LUBRICATION,LUBRICATION_SYSTEM,0.4,0.6,True
6.140000000000001,6.140000000000001,AEROTWIN-4-001,IDLE,0.15,1192.1310262357172,246.73944113009588,23.934080081334177,46.21600460307143,21.212674244617936,2.4742643167173237,22.529066041736172,-1.4982326872730338,-0.21743806131008334,48.14911341296463,-0.21743806131008334,33.327776763983735,509.3753144254485,24.820346210126218,305.14078555999987,44.25700925605126,0.0010302970456060557,5.151485228030279,322.42705098312484,0.4570232094459389,LUBRICATION,LUBRICATION_SYSTEM,0.4,0.6,True
6.15,6.15,AEROTWIN-4-001,IDLE,0.15,1187.3357836788514,318.2673027042389,23.983897220019497,14.054391841668421,21.600730984796375,2.49679338275906,-10.043132525887014,-1.0878021536627218,-0.21789064365370972,15.577975282638564,-0.21789064365370972,33.327979043168476,509.37684486177045,24.82010545348317,305.560131141698,44.31783030052959,0.0010328776950566815,5.164388475283407,322.42705098312484,0.24116850392172126,LUBRICATION,LUBRICATION_SYSTEM,0.4,0.6,True
6.16,6.16,AEROTWIN-4-001,IDLE,0.15,1186.15392030182,389.50744972497,23.961739865477853,21.438767768056454,21.427306386375403,2.486750250233173,-2.4752888685521213,22.67829644120699,-0.804149979316433,-0.21768934691705127,-0.21768934691705127,33.32801262832059,509.37628193323144,24.819862647311144,305.3732868223215,44.29073077413587,0.0010317266879141637,5.158633439570819,322.42705098312484,0.11141445574411046,LUBRICATION,LUBRICATION_SYSTEM,0.4,0.6,True
6.17,6.17,AEROTWIN-4-001,IDLE,0.15,1193.072430534715,460.67668494307924,23.956266379054142,38.359039428889766,21.384670519892946,2.484274961364621,14.490093947632198,40.398357936535085,-1.6040392656616804,-0.21763962099182102,-0.21763962099182102,33.32800492397025,509.37522656503,24.819619421900956,305.32721292104316,44.28404830764226,0.001031443149518254,5.1572157475912705,322.42705098312484,0.319276623751479,LUBRICATION,LUBRICATION_SYSTEM,0.4,0.6,True
6.18,6.18,AEROTWIN-4-001,IDLE,0.15,1181.7810851318038,532.2610307751621,23.988237639878022,0.48508641174152434,21.634859867716024,2.498765055312253,-23.648538511286752,1.1410453097885982,-0.2200987464193127,-0.2179300758138806,-0.2179300758138806,33.32823713184375,509.3771626568477,24.81937942791862,305.5967948401473,44.323147930025286,0.0010331037720396517,5.165518860198258,322.42705098312484,0.4787348014862909,LUBRICATION,LUBRICATION_SYSTEM,0.4,0.6,True
6.19,6.19,AEROTWIN-4-001,IDLE,0.15,1192.0883929605009,603.1678958830703,23.935971924705978,45.28998069116538,21.227289139082384,2.475116516800966,21.587575035282033,-0.21745524846553987,47.18020996249047,-0.21745524846553987,-1.4553187743940097,33.3280757602073,509.37421119834016,24.819134462788647,305.1566618742294,44.259311924914485,0.00103039457566426,5.1519728783213,322.42705098312484,0.44079645790090044,LUBRICATION,LUBRICATION_SYSTEM,0.4,0.6,True
6.2,6.2,AEROTWIN-4-001,IDLE,0.15,1188.3105413176804,674.6931994607004,23.98370058191847,16.183576144939686,21.599186031394808,2.496704091836248,-7.912313978291371,-0.21788885722167134,17.781054921224733,-0.21788885722167134,-1.161701061841705,33.3282729241582,509.37575094393617,24.818894249184734,305.5584706197055,44.317589461740845,0.001032867457589866,5.16433728794933,322.42705098312484,0.20390309278955096,LUBRICATION,LUBRICATION_SYSTEM,0.4,0.6,True
6.21,6.21,AEROTWIN-4-001,IDLE,0.15,1185.5051598953253,25.991831939761255,23.96625048995954,18.075717505925844,21.462502839393125,2.4887917778579567,-5.875577111325237,-0.2177303253644895,-0.2177303253644895,-0.71564094975597,19.226819106410794,33.32833669113413,509.37563311661677,24.818652442195702,305.4112799871265,44.29624122677285,0.0010319605834213715,5.159802917106858,322.42705098312484,0.17037512651781478,LUBRICATION,LUBRICATION_SYSTEM,0.4,0.6,True
6.22,6.22,AEROTWIN-4-001,IDLE,0.15,1193.3697358802376,97.12214153348079,23.953259723371822,40.31573008560342,21.36128445965775,2.4829162007466317,16.471529425199037,-0.21761230590887784,-0.21761230590887784,-1.6194992315985721,42.370453929019746,33.328302638412694,509.3743159286565,24.818409484142496,305.3019176658708,44.28037953442257,0.0010312875313305343,5.156437656652672,322.42705098312484,0.3535524862468706,LUBRICATION,LUBRICATION_SYSTEM,0.4,0.6,True
6.23,6.23,AEROTWIN-4-001,IDLE,0.15,1182.4435424525893,168.72432568629503,23.989607740599553,1.261265451671286,21.64564372416656,2.4993877301718306,-22.883766002667105,-0.21794252300398265,-0.21794252300398265,-0.31960692401656043,2.0167574216958117,33.32854155631264,509.37640220296015,24.818170186533685,305.6083724180965,44.32482711877588,0.0010331751770385712,5.165875885192857,322.42705098312484,0.46518433282989613,LUBRICATION,LUBRICATION_SYSTEM,0.4,0.6,True
6.24,6.24,AEROTWIN-4-001,IDLE,0.15,1192.1363452188184,239.67093823345039,23.93905074231694,44.028156686172956,21.25109407995044,2.4765039641691637,20.30055864205335,-1.4078877286590374,-0.21748321913039018,45.87101085309278,-0.21748321913039018,33.328399345275855,509.3737536660801,24.81792607558214,305.18250739790545,44.263060507977414,0.0010305533769069792,5.152766884534896,322.42705098312484,0.4186798364389639,LUBRICATION,LUBRICATION_SYSTEM,0.4,0.6,True
6.25,6.25,AEROTWIN-4-001,IDLE,0.15,1189.3984437512206,311.1991189465795,23.98392175239609,18.363480837316725,21.600923739077352,2.496804522811217,-5.734247424571844,-1.229599075895561,-0.21789086652721845,20.02886164626672,-0.21789086652721845,33.32859424065005,509.3753254009505,24.81768644439288,305.56033830975736,44.31786034777059,0.001032878972301628,5.16439486150814,322.42705098312484,0.1657600311027666,LUBRICATION,LUBRICATION_SYSTEM,0.4,0.6,True
6.26,6.26,AEROTWIN-4-001,IDLE,0.15,1185.021695314457,382.56302557165276,23.971280727541128,14.826248605131871,21.501818820110117,2.491070275386645,-9.166640490364891,15.888504745210321,-0.6267040912172706,-0.2177760244305891,-0.2177760244305891,33.32869179625184,509.37568445610583,24.817445687206217,305.45367584137676,44.3023902366816,0.0010322216745462696,5.161108372731348,322.42705098312484,0.22736053550540064,LUBRICATION,LUBRICATION_SYSTEM,0.4,0.6,True
6.2700000000000005,6.2700000000000005,AEROTWIN-4-001,IDLE,0.15,1193.7158470583515,453.6643272905202,23.95101815977607,42.03475765410995,21.343865187337894,2.4819036348962804,18.20898883187578,44.09854476698591,-1.6286032296962665,-0.21759194158984374,-0.21759194158984374,33.32863674317552,509.37415878555225,24.81720306890963,305.2830655167726,44.277645256421664,0.001031171574006392,5.1558578700319595,322.42705098312484,0.3836606626002219,LUBRICATION,LUBRICATION_SYSTEM,0.4,0.6,True
6.28,6.28,AEROTWIN-4-001,IDLE,0.15,1183.21916244742,525.2872781140213,23.991202365249634,2.1741090332684725,21.658201250040722,2.500112623728156,-21.984204840500407,3.0251865456817066,-0.41516349248262385,-0.21795700996530523,-0.21795700996530523,33.328883625435054,509.3763973217956,24.816964488420812,305.62184985186906,44.32678185881539,0.0010332583084680233,5.166291542340116,322.42705098312484,0.4492475927813222,LUBRICATION,LUBRICATION_SYSTEM,0.4,0.6,True
6.29,6.29,AEROTWIN-4-001,IDLE,0.15,1192.15698715158,596.2804278608666,23.94265352477171,42.47644710095689,21.278982395627757,2.4781284188876556,18.719336286441475,-0.2175159499489395,44.268394405751316,-0.2175159499489395,-1.3569154048965475,33.32876403139487,509.3740813155139,24.816721281563186,305.21276424091553,44.26744889997391,0.0010307393282573457,5.153696641286729,322.42705098312484,0.3914843376205807,LUBRICATION,LUBRICATION_SYSTEM,0.4,0.6,True
6.3,6.3,AEROTWIN-4-001,IDLE,0.15,1190.4656443099898,667.8098470899614,23.984016956804982,20.556179380153814,21.60167178887462,2.496847755174097,-3.542340163894901,-0.21789173144711627,22.283052512122335,-0.21789173144711627,-1.2910896690742883,33.3289552100848,509.375653705691,24.81648221879738,305.56114228671265,44.31797695498023,0.001032883929050329,5.164419645251645,322.42705098312484,0.12739007533034644,LUBRICATION,LUBRICATION_SYSTEM,0.4,0.6,True
6.3100000000000005,6.3100000000000005,AEROTWIN-4-001,IDLE,0.15,1184.6060741554452,19.237785748560782,23.976211188520743,11.76147198878202,21.540421607579017,2.493305415010202,-12.272255033807198,-0.21782081703900058,-0.21782081703900058,-0.5382723412666964,12.735385964126719,33.329085378654455,509.37646192489586,24.816242501686414,305.49525740292233,44.30842114320505,0.0010324778446190938,5.162389223095469,322.42705098312484,0.2811115088560285,LUBRICATION,LUBRICATION_SYSTEM,0.4,0.6,True
6.32,6.32,AEROTWIN-4-001,IDLE,0.15,1194.006154292751,90.31415019788749,23.949090490513225,43.49741096088021,21.32889599922701,2.481033159976395,19.687481801676803,-0.21757442896074186,-0.21757442896074186,-1.6317836889059478,45.56434350770765,33.32901121115197,509.3747386942687,24.81600025173421,305.2668576147805,44.275294494732535,0.001031071896448706,5.15535948224353,322.42705098312484,0.40927877007949537,LUBRICATION,LUBRICATION_SYSTEM,0.4,0.6,True
6.33,6.33,AEROTWIN-4-001,IDLE,0.15,1183.9928597904704,161.95451945545256,23.992539560771874,3.1976625956454057,21.66873691826474,2.500720641778072,-20.97179496439741,-0.21796915821587348,-0.21796915821587348,-0.5064052902525673,4.14000620232972,33.32926362745718,509.3770871501803,24.81576236170182,305.63315369924067,44.32842134623047,0.0010333280402767193,5.166640201383596,322.42705098312484,0.4313672941936597,LUBRICATION,LUBRICATION_SYSTEM,0.4,0.6,True
6.34,6.34,AEROTWIN-4-001,IDLE,0.15,1192.0568831170149,232.99409104288077,23.946245262809697,40.675819606956395,21.30681979944354,2.4797488468136746,16.88925096069918,-1.3029638870736946,-0.21754858043037265,42.41388065489084,-0.21754858043037265,33.329166136287974,509.3750854827645,24.81552005726334,305.24294212973024,44.27182584061181,0.0010309248436287713,5.154624218143857,322.42705098312484,0.35993292765972823,LUBRICATION,LUBRICATION_SYSTEM,0.4,0.6,True
6.3500000000000005,6.3500000000000005,AEROTWIN-4-001,IDLE,0.15,1191.4118243168164,304.51750402990166,23.983555244470686,22.74367431259369,21.598044206710505,2.496638097774374,-1.3510079918911884,-1.3464683543976919,-0.21788753684951687,24.525917740690417,-0.21788753684951687,33.32934895144342,509.37658986703127,24.815281506574284,305.55724333624545,44.317411459002365,0.0010328598912244186,5.164299456122094,322.42705098312484,0.08909791156401053,LUBRICATION,LUBRICATION_SYSTEM,0.4,0.6,True
6.36,6.36,AEROTWIN-4-001,IDLE,0.15,1184.1775912505263,376.0022134889107,23.98057917612919,8.918620579581486,21.574675793407728,2.4952870897824826,-15.151342303608725,9.80478094767215,-0.4504393687933465,-0.21786049964865928,-0.21786049964865928,33.329507157458444,509.3777801879198,24.815042774353188,305.53211738034366,44.31376724061028,0.0010327050040921737,5.1635250204608685,322.42705098312484,0.3309654444410777,LUBRICATION,LUBRICATION_SYSTEM,0.4,0.6,True
6.37,6.37,AEROTWIN-4-001,IDLE,0.15,1194.1614524051906,447.0528689639423,23.947102530160574,44.703754727103075,21.31346907432178,2.4801357474788737,20.910149905302422,46.768382181550095,-1.6295147172574491,-0.2175563685947878,-0.2175563685947878,33.329413097785554,509.3758403651863,24.814800885084583,305.25014695494735,44.27287081405166,0.0010309691417973062,5.154845708986532,322.42705098312484,0.4304121469275537,LUBRICATION,LUBRICATION_SYSTEM,0.4,0.6,True
6.38,6.38,AEROTWIN-4-001,IDLE,0.15,1184.6823143265601,518.7025561082537,23.993254763468926,4.322359493140377,21.67437396254899,2.5010458973841763,-19.853060366792793,5.3520922914235864,-0.5937814868011116,-0.2179756557410494,-0.2179756557410494,33.32966602081471,509.3782278356589,24.814563622865954,305.6392003988624,44.329298347450205,0.0010333653442985951,5.166826721492976,322.42705098312484,0.4117021558970003,LUBRICATION,LUBRICATION_SYSTEM,0.4,0.6,True
6.390000000000001,6.390000000000001,AEROTWIN-4-001,IDLE,0.15,1191.7668228671566,589.7834949678473,23.94944414141231,38.65059433163145,21.33164150432598,2.4811928370173835,14.83775999028809,-0.21757764183400105,40.33183318923198,-0.21757764183400105,-1.2460835739325247,33.32958746325143,509.37649313162166,24.81432218214117,305.2698308238955,44.27572572303616,0.0010310901804330785,5.155450902165393,322.42705098312484,0.32445550203346524,LUBRICATION,LUBRICATION_SYSTEM,0.4,0.6,True
6.4,6.4,AEROTWIN-4-001,IDLE,0.15,1192.169037723348,661.2895043398768,23.98221719279807,24.925962110177764,21.58753468825271,2.4960305970076715,0.8423968249173828,-0.21787538082093183,26.758109930887606,-0.21787538082093183,-1.396397059067977,33.32975508946944,509.37783801313134,24.81408405577518,305.5459454143384,44.315772831004814,0.0010327902418228623,5.163951209114312,322.42705098312484,0.08390706454500434,LUBRICATION,LUBRICATION_SYSTEM,0.4,0.6,True
6.41,6.41,AEROTWIN-4-001,IDLE,0.15,1183.6781102900432,12.819646603277647,23.98407253557448,6.315624662242798,21.602108499500236,2.496872993832589,-17.78335683109003,-0.2178922363731401,-0.2178922363731401,-0.362599146408594,7.1140082813976715,33.32993463830525,509.37932165039877,24.813846222285903,305.56161163982716,44.31804502901725,0.0010328868227629916,5.164434113814958,322.42705098312484,0.37660110734868657,LUBRICATION,LUBRICATION_SYSTEM,0.4,0.6,True
6.42,6.42,AEROTWIN-4-001,IDLE,0.15,1194.1275663479166,83.84033322068024,23.944784354749455,45.659872236303435,21.295493009018696,2.4790896370014988,21.885289590283243,-0.21753530826719394,-0.21753530826719394,-1.622095658544233,47.71703851138206,33.3298181758093,509.37712922783453,24.813604659963012,305.2306658731092,44.27004531690402,0.0010308493707103694,5.1542468535518475,322.42705098312484,0.4471702893816412,LUBRICATION,LUBRICATION_SYSTEM,0.4,0.6,True
6.43,6.43,AEROTWIN-4-001,IDLE,0.15,1185.2367644224246,155.48798720155526,23.99309871345272,5.5532668141153305,21.67314389662227,2.500974926591782,-18.62085200909872,-0.21797423804657876,-0.21797423804657876,-0.6782552088149885,6.6674704990234765,33.33006498968287,509.3794699541449,24.813367938256146,305.63788102206416,44.329106987678145,0.0010333572044750599,5.1667860223753,322.42705098312484,0.3901575559287554,LUBRICATION,LUBRICATION_SYSTEM,0.4,0.6,True
6.44,6.44,AEROTWIN-4-001,IDLE,0.15,1191.2385969543318,226.60219306690072,23.952015420609747,36.40417600407778,21.351613269284478,2.4823540745826835,12.570208660210621,-1.185818240430394,-0.21760100157717388,38.02519624766252,-0.21760100157717388,33.33000075170304,509.37794181861517,24.813127299615687,305.2914520808831,44.27886162690712,0.0010312231563981808,5.156115781990905,322.42705098312484,0.28511427373401965,LUBRICATION,LUBRICATION_SYSTEM,0.4,0.6,True
6.45,6.45,AEROTWIN-4-001,IDLE,0.15,1192.69617920098,298.0765088841606,23.979779717697582,27.116079877591925,21.568402475633718,2.494924283242894,3.052753118715313,-1.4416218539061236,-0.21785323667089385,28.993408204839838,-0.21785323667089385,33.33014502874717,509.3790241004159,24.81288948794941,305.52536946530523,44.31278853650894,0.0010326634128174966,5.163317064087483,322.42705098312484,0.12226136783742111,LUBRICATION,LUBRICATION_SYSTEM,0.4,0.6,True
6.46,6.46,AEROTWIN-4-001,IDLE,0.15,1183.076120810142,369.6382796362194,23.98650327793343,3.9709901929220255,21.62121633506811,2.4979770363616094,-20.148203178507693,4.680455137422466,-0.2736363057862788,-0.21791431935708092,-0.21791431935708092,33.33033813724804,509.38070400327734,24.81265244816151,305.58214214335493,44.32102273218791,0.0010330134114423508,5.165067057211754,322.42705098312484,0.4176901423658296,LUBRICATION,LUBRICATION_SYSTEM,0.4,0.6,True
6.47,6.47,AEROTWIN-4-001,IDLE,0.15,1193.8740739564412,440.62284688482794,23.94198925082955,46.366846811171115,21.27383779250799,2.4778288331831018,22.61518018548002,48.41139195969454,-1.6095253183134275,-0.2175099151049985,-0.2175099151049985,33.33019603693898,509.37821902639973,24.812411164978222,305.20718450219016,44.26663962582866,0.0010307050327923652,5.153525163961826,322.42705098312484,0.4595738127055428,LUBRICATION,LUBRICATION_SYSTEM,0.4,0.6,True
6.48,6.48,AEROTWIN-4-001,IDLE,0.15,1185.6348587632244,512.2552913222144,23.99193121721176,6.908215279860059,21.663943214728057,2.500444013368582,-17.25617194823658,8.105161672120495,-0.761019129275812,-0.21796363149231146,-0.21796363149231146,33.33042944106875,509.38042386814965,24.8121748826189,305.62801088501453,44.32767544274074,0.0010332963141492198,5.166481570746099,322.42705098312484,0.366418114264455,LUBRICATION,LUBRICATION_SYSTEM,0.4,0.6,True
6.49,6.49,AEROTWIN-4-001,IDLE,0.15,1190.4437748097946,583.3933828480078,23.953860926598793,33.920916787446984,21.365958730270197,2.4831878414203454,10.071770215756441,-0.2176177677634251,35.47743373615539,-0.2176177677634251,-1.1212814131815532,33.33037454312738,509.3790424966301,24.811934974737895,305.3069748634763,44.281113020248874,0.0010313186408089045,5.156593204044523,322.42705098312484,0.2416364981972657,LUBRICATION,LUBRICATION_SYSTEM,0.4,0.6,True
6.5,6.5,AEROTWIN-4-001,IDLE,0.15,1192.974459757127,654.8200093365955,23.97611019185441,29.33314396739927,21.539630196369767,2.493259611636102,5.3002541593934005,-0.21781989949718358,31.251534364813615,-0.21781989949718358,-1.4827505984199774,33.33048671896325,509.3797566234186,24.811697355300605,305.4944053717943,44.3082975663143,0.0010324725946102284,5.162362973051143,322.42705098312484,0.16110102634938273,LUBRICATION,LUBRICATION_SYSTEM,0.4,0.6,True
6.51,6.51,AEROTWIN-4-001,IDLE,0.15,1182.3750676088532,6.398476922023065,23.987786083469473,1.9305517233759786,21.63130686127027,2.4985598657954955,-22.19931500368979,-0.2179259734815698,-0.2179259734815698,-0.18214663943974438,2.5485503097788627,33.330685334769065,509.3815374763005,24.81146099544518,305.59297956434074,44.32259457005285,0.0010330802428011733,5.1654012140058665,322.42705098312484,0.4534283938930583,LUBRICATION,LUBRICATION_SYSTEM,0.4,0.6,True
6.5200000000000005,6.5200000000000005,AEROTWIN-4-001,IDLE,0.15,1193.3984561798304,77.34098097855426,23.93873257231759,46.81232445172316,21.248632866099506,2.4763605507918056,23.087331034831845,-0.21748032859657435,-0.21748032859657435,-1.5914528755516721,48.838737984467976,33.33051487599576,509.37873121122533,24.811219945304824,305.1798360118088,44.262673055480725,0.001030536961581275,5.152684807906375,322.42705098312484,0.4674063574875938,LUBRICATION,LUBRICATION_SYSTEM,0.4,0.6,True
6.53,6.53,AEROTWIN-4-001,IDLE,0.15,1185.8873688787312,148.9448883493441,23.989740078598675,8.414949033654587,21.646685608897954,2.4994478818266375,-15.731184457070004,-0.21794372527780592,-0.21794372527780592,-0.8432171818659355,9.694053666076133,33.33072787530462,509.38071941216464,24.81098399999095,305.6094908050598,44.324989327384266,0.0010331820750973197,5.1659103754865985,322.42705098312484,0.3399980254319795,LUBRICATION,LUBRICATION_SYSTEM,0.4,0.6,True
6.54,6.54,AEROTWIN-4-001,IDLE,0.15,1189.379983126189,220.09813048206797,23.95503123615631,31.173691384419623,21.375060512625634,2.4837166973695672,7.3149141744244215,-1.051306222858091,-0.21762839987631405,32.660254407030344,-0.21762839987631405,33.33067808833537,509.3794388706657,24.810744756374035,305.3168203803134,44.282540994319895,0.0010313792097059761,5.15689604852988,322.42705098312484,0.1935469058803156,LUBRICATION,LUBRICATION_SYSTEM,0.4,0.6,True
6.55,6.55,AEROTWIN-4-001,IDLE,0.15,1193.0091896774786,291.4609294696393,23.97119540421105,31.593175404988415,21.5011513668502,2.491031611543992,7.600992426594225,-1.5200722291087054,-0.21777524927903055,33.54879813265518,-0.21777524927903055,33.33074971939278,509.3796871773817,24.81050720573517,305.45295649049353,44.3022859034682,0.0010322172436826192,5.161086218413097,322.42705098312484,0.20070658565761923,LUBRICATION,LUBRICATION_SYSTEM,0.4,0.6,True
6.5600000000000005,6.5600000000000005,AEROTWIN-4-001,IDLE,0.15,1181.6382818280365,363.04148085028805,23.987946160769106,0.31602523688471446,21.632566342550046,2.498632603970586,-23.815173709635914,0.8386025596503212,-0.08672246723881444,-0.21792742776339613,-0.21792742776339613,33.33094634213044,509.3814846506661,24.810271414299624,305.59433205873285,44.3227907331345,0.0010330885836984007,5.165442918492004,322.42705098312484,0.48168642343313905,LUBRICATION,LUBRICATION_SYSTEM,0.4,0.6,True
6.57,6.57,AEROTWIN-4-001,IDLE,0.15,1192.7481676141076,433.93977775997024,23.93530803340957,46.96546715872834,21.222159349972628,2.4748174302609502,23.26849037849476,48.967584262371574,-1.567218669447466,-0.21744921709788667,-0.21744921709788667,33.33074735109019,509.3783639408972,24.810030579839623,305.15109007735447,44.25850380263934,0.001030360345910127,5.151801729550635,322.42705098312484,0.47012495647775,LUBRICATION,LUBRICATION_SYSTEM,0.4,0.6,True
6.58,6.58,AEROTWIN-4-001,IDLE,0.15,1186.056047047179,505.5046678168167,23.986742952590408,10.105242650437418,21.623101269798187,2.4980859206394452,-14.015944540000215,11.466685379906147,-0.9256097359272576,-0.21791649677073463,-0.21791649677073463,33.33093493946628,509.38008262849513,24.80979489090927,305.5841668302974,44.321316388732676,0.001033025896646136,5.16512948323068,322.42705098312484,0.3103464372225362,LUBRICATION,LUBRICATION_SYSTEM,0.4,0.6,True
6.59,6.59,AEROTWIN-4-001,IDLE,0.15,1188.0971595025094,576.6680306396474,23.955812884209976,28.140107539917203,21.381141633939883,2.4840699760994447,4.274895929877875,-0.2176355010490702,29.550131530022046,-0.2176355010490702,-0.9747529880067024,33.33088847353045,509.3788902972315,24.809556272996026,305.32339700699754,44.28349485510091,0.0010314196715394755,5.157098357697378,322.42705098312484,0.14045040888390317,LUBRICATION,LUBRICATION_SYSTEM,0.4,0.6,True
6.6000000000000005,6.6000000000000005,AEROTWIN-4-001,IDLE,0.15,1192.8491014086512,647.953860209798,23.96526336663214,33.895584327575484,21.454795600465783,2.4883448720293226,9.952443855080379,-0.2177213574751094,35.884422754702946,-0.2177213574751094,-1.5533957121772397,33.33091314355392,509.3786025367304,24.80931869053586,305.4029635292234,44.295035024351506,0.0010319093785757438,5.159546892878719,322.42705098312484,0.24106520694407502,LUBRICATION,LUBRICATION_SYSTEM,0.4,0.6,True
6.61,6.61,AEROTWIN-4-001,IDLE,0.15,1181.3302345379682,719.524806294317,23.987208245839632,0.0,21.626761043193817,2.4982973158844035,-24.12505835907822,-0.21792072390048886,0.017282929979025936,-0.21792072390048886,-0.013555104326147753,33.33110221986543,509.380358516773,24.809083378062898,305.58809764302157,44.32188650594856,0.0010330501365738833,5.1652506828694165,322.42705098312484,0.4871992746540069,LUBRICATION,LUBRICATION_SYSTEM,0.4,0.6,True
6.62,6.62,AEROTWIN-4-001,IDLE,0.15,1192.3586254377958,70.40462036659517,23.93387567939398,46.7830759124837,21.211095767081094,2.4741722575253253,23.097807887877284,-0.2174362043445575,-0.2174362043445575,-1.5363245851010068,48.754272906273826,33.33089074049277,509.37713394008426,24.808842951680088,305.13907045053105,44.25676050000412,0.0010302865103039539,5.15143255151977,322.42705098312484,0.46694926272846027,LUBRICATION,LUBRICATION_SYSTEM,0.4,0.6,True
6.63,6.63,AEROTWIN-4-001,IDLE,0.15,1186.5701627559863,141.9461378928629,23.984946870817495,11.982921880590249,21.6089797063447,2.4972700654132023,-12.123327891167655,-0.2179001795971759,-0.2179001795971759,-1.0073557813287135,13.426078021113314,33.331063062978565,509.3787164310555,24.808607636687405,305.56899569437854,44.31911599752127,0.001032932349381739,5.164661746908695,322.42705098312484,0.27744424253292677,LUBRICATION,LUBRICATION_SYSTEM,0.4,0.6,True
6.640000000000001,6.640000000000001,AEROTWIN-4-001,IDLE,0.15,1187.0469564675134,213.14034765822208,23.958194657384716,24.883422825608093,21.39968167381187,2.485146737522035,0.9985944142741889,-0.8924352118070846,-0.2176571391542255,26.211172315723633,-0.2176571391542255,33.33103281142532,509.3777785900317,24.808369800372585,305.343440812894,44.286401968620524,0.0010315430027933458,5.15771501396673,322.42705098312484,0.0834316817334124,LUBRICATION,LUBRICATION_SYSTEM,0.4,0.6,True
6.65,6.65,AEROTWIN-4-001,IDLE,0.15,1192.9005622342536,284.3631650462729,23.960402693742175,36.16279157001479,21.416882988877642,2.4861453319363087,12.259763249200839,-1.5815492113162433,-0.21767719888258089,38.1796951790962,-0.21767719888258089,33.33101940805547,509.3770685351956,24.808132290250473,305.362027995465,44.28909781640625,0.0010316573906436273,5.158286953218137,322.42705098312484,0.2807958519901845,LUBRICATION,LUBRICATION_SYSTEM,0.4,0.6,True
6.66,6.66,AEROTWIN-4-001,IDLE,0.15,1181.38075293194,355.9371987803281,23.98744546053203,0.0,21.628627088083494,2.4984050951855097,-24.127032183269005,-0.11579852409844744,-0.2179228789656785,0.43260401212467864,-0.2179228789656785,33.33120897860462,509.37888491991606,24.80789755205898,305.59010173178757,44.322177174975,0.0010330624953964135,5.165312476982068,322.42705098312484,0.48720492924966313,LUBRICATION,LUBRICATION_SYSTEM,0.4,0.6,True
6.67,6.67,AEROTWIN-4-001,IDLE,0.15,1192.1454672432199,426.8200439562445,23.93411060206138,46.232752943241,21.212909948032525,2.4742780630022407,22.545564932206236,48.16676873215,-1.499139111735007,-0.2174383385869927,-0.2174383385869927,33.330997950305544,509.375718833889,24.807657694506155,305.1410416591693,44.257046400162594,0.0010302986187450272,5.151493093725136,322.42705098312484,0.4573159611755173,LUBRICATION,LUBRICATION_SYSTEM,0.4,0.6,True
6.68,6.68,AEROTWIN-4-001,IDLE,0.15,1187.3274209233548,498.3487719908377,23.983963825043833,14.00718532603135,21.601254313525658,2.496823627934447,-10.090892615428755,15.529037849148379,-1.0860700256133284,-0.2178912487518508,-0.2178912487518508,33.33116157178696,509.37724534900315,24.80742283246933,305.56069360131727,44.317911878547854,0.001032881162771812,5.16440581385906,322.42705098312484,0.24199620514172118,LUBRICATION,LUBRICATION_SYSTEM,0.4,0.6,True
6.69,6.69,AEROTWIN-4-001,IDLE,0.15,1186.1826614946017,569.588417246239,23.961701152900392,21.516158744103315,21.427004549783472,2.4867327353190185,-2.397578540999176,-0.21768899521822838,22.757692551255897,-0.21768899521822838,-0.8061558167161255,33.33115630605075,509.3766688242452,24.807185887517875,305.3729608399062,44.29068349429832,0.001031724681419968,5.15862340709984,322.42705098312484,0.11005919302508975,LUBRICATION,LUBRICATION_SYSTEM,0.4,0.6,True
6.7,6.7,AEROTWIN-4-001,IDLE,0.15,1193.077990360761,640.7593769359152,23.956399544695508,38.311585021672265,21.385706858219315,2.484335156778019,14.44154300667493,-0.21764083078466845,40.35047673935894,-0.21764083078466845,-1.6036100561173399,33.331111534737765,509.37561610142245,24.806948532462545,305.3283334799835,44.284210831269846,0.0010314500440727534,5.157250220363768,322.42705098312484,0.31844467612991467,LUBRICATION,LUBRICATION_SYSTEM,0.4,0.6,True
6.71,6.71,AEROTWIN-4-001,IDLE,0.15,1181.7788694469414,712.3440563575608,23.988263264617427,0.46901470554725144,21.635061509015568,2.498776699784694,-23.66482350325301,-0.21793030861136597,1.122627174782652,-0.21793030861136597,-0.21775185201266858,33.33130614532562,509.37754483761296,24.80671442483922,305.5970113545637,44.3231793328432,0.001033105107331939,5.165525536659695,322.42705098312484,0.47901666722556396,LUBRICATION,LUBRICATION_SYSTEM,0.4,0.6,True
6.72,6.72,AEROTWIN-4-001,IDLE,0.15,1192.098517290051,63.2507885243773,23.9359616245559,45.31574131969205,21.2272095423792,2.4751118762814412,21.61341990103141,-0.2174551548899917,-0.2174551548899917,-1.4563816608084834,47.20703329028051,33.331107653169504,509.37458287500704,24.80647529212756,305.1565754252552,44.25929938652816,0.001030394044561159,5.1519702228057955,322.42705098312484,0.44124738502738825,LUBRICATION,LUBRICATION_SYSTEM,0.4,0.6,True
6.73,6.73,AEROTWIN-4-001,IDLE,0.15,1188.2961639910677,134.77669956178036,23.983747279097347,16.132648083153242,21.599552913930186,2.496725296182473,-7.9636301269594165,-0.2178892814595785,-0.2178892814595785,-1.1600271150115795,17.728453761083976,33.3312683118516,509.37611766768475,24.806240957369337,305.5588649529496,44.317646655045905,0.001032869888723772,5.1643494436188595,322.42705098312484,0.20479544664239085,LUBRICATION,LUBRICATION_SYSTEM,0.4,0.6,True
6.74,6.74,AEROTWIN-4-001,IDLE,0.15,1185.5287478386865,206.07446940124441,23.966183984208016,18.15468232465583,21.461983494430992,2.488761666055513,-5.796062835830675,-0.717755232615877,-0.21772972116822928,19.307896999608165,-0.21772972116822928,33.33129526281408,509.3759845105602,24.80600499940728,305.41071964683255,44.2961599561373,0.0010319571332615075,5.159785666307537,322.42705098312484,0.16899165994039858,LUBRICATION,LUBRICATION_SYSTEM,0.4,0.6,True
6.75,6.75,AEROTWIN-4-001,IDLE,0.15,1193.3718381466058,277.2061942715656,23.953369066809447,40.27163004891844,21.362134517165266,2.4829656032196827,16.42652992853349,-1.619208026492533,-0.21761329928004622,42.32606467397106,-0.21761329928004622,33.331226221710665,509.3746686468699,24.80576789309344,305.30283741143444,44.28051293247963,0.0010312931890659998,5.156465945329999,322.42705098312484,0.35277950692509463,LUBRICATION,LUBRICATION_SYSTEM,0.4,0.6,True
6.76,6.76,AEROTWIN-4-001,IDLE,0.15,1182.4358381790983,348.80850456036194,23.989617427565307,1.240807348546463,21.645719987117655,2.4993921331482163,-22.904304771719406,-0.3172515562416806,-0.21794261100882953,1.993944126805803,-0.21794261100882953,33.3314296414721,509.37674700418955,24.805534467914992,305.6084542818855,44.32483899213611,0.0010331756819610249,5.165878409805124,322.42705098312484,0.4655425805960715,LUBRICATION,LUBRICATION_SYSTEM,0.4,0.6,True
6.7700000000000005,6.7700000000000005,AEROTWIN-4-001,IDLE,0.15,1192.145183635775,419.75465485110783,23.939014945051426,44.06251055587953,21.250817155595886,2.476487828376497,20.335205571907146,45.90656393891092,-1.4090875951977861,-0.21748289391680406,-0.21748289391680406,33.3312522887072,509.3740865454473,24.805296176196133,305.1822068352142,44.263016914965796,0.0010305515299684448,5.152757649842224,322.42705098312484,0.41928143251288325,LUBRICATION,LUBRICATION_SYSTEM,0.4,0.6,True
6.78,6.78,AEROTWIN-4-001,IDLE,0.15,1189.3815503003495,491.28336586925434,23.98396251699254,18.30992694721635,21.60124403579366,2.4968230339484037,-5.7881401225257125,19.973726532867843,-1.2280171119147505,-0.21789123686837183,-0.21789123686837183,33.331412808414704,509.3756537462265,24.805062409888848,305.5606825551665,44.317910276436244,0.0010328810946691528,5.164405473345764,322.42705098312484,0.1666981956000545,LUBRICATION,LUBRICATION_SYSTEM,0.4,0.6,True
6.79,6.79,AEROTWIN-4-001,IDLE,0.15,1185.042392224113,562.6462588872753,23.97120264759418,14.904331498870594,21.50120802842433,2.491034893825878,-9.087911423379614,-0.21777531508424136,15.968774614048012,-0.21777531508424136,-0.6288924850089365,33.33147557885298,509.3759973526995,24.804827491610137,305.45301755829144,44.302294760619475,0.0010322176198304992,5.161088099152496,322.42705098312484,0.22599222639484473,LUBRICATION,LUBRICATION_SYSTEM,0.4,0.6,True
6.8,6.8,AEROTWIN-4-001,IDLE,0.15,1193.7173071772202,633.7488024207221,23.951114137032654,41.995257127145436,21.344610753278047,2.4819469824024982,18.16869939146489,-0.21759281353096413,44.05889696439032,-0.21759281353096413,-1.628454210182958,33.331387563687265,509.37447272983525,24.804590708204323,305.28387260063624,44.27776231425108,0.0010311765378906122,5.155882689453062,322.42705098312484,0.3829683244253604,LUBRICATION,LUBRICATION_SYSTEM,0.4,0.6,True
6.8100000000000005,6.8100000000000005,AEROTWIN-4-001,IDLE,0.15,1183.2090289136365,705.3718408513553,23.991209091504,2.149883385409865,21.658254233450005,2.5001156817939636,-22.008486529834105,-0.21795707107246728,2.9986271731738676,-0.21795707107246728,-0.41282964561906793,33.33160101958256,509.37670404323677,24.804357987732175,305.62190670667053,44.32679010492208,0.0010332586591800387,5.166293295900194,322.42705098312484,0.4496717020132322,LUBRICATION,LUBRICATION_SYSTEM,0.4,0.6,True
6.82,6.82,AEROTWIN-4-001,IDLE,0.15,1192.167242560103,56.36438258617352,23.942606467824763,42.51876389739207,21.278617914776778,2.4781071952641294,18.762038787351162,-0.21751552244258537,-0.21751552244258537,-1.3582382707705734,44.31203321304781,33.331448243617835,509.374376025976,24.804120588795296,305.2123689585572,44.26739156901122,0.0010307368986272546,5.153684493136273,322.42705098312484,0.392225411418686,LUBRICATION,LUBRICATION_SYSTEM,0.4,0.6,True
6.83,6.83,AEROTWIN-4-001,IDLE,0.15,1190.449222573097,127.89441713977969,23.98406425608576,20.500700030268654,21.602043442816544,2.49686923405148,-3.598212646599371,-0.21789216115504229,-0.21789216115504229,-1.2896120835677503,22.226096436146488,33.33160714655,509.37594544356665,24.803887378095904,305.5615417207601,44.3180348880956,0.0010328863916887446,5.164431958443723,322.42705098312484,0.12836209110567723,LUBRICATION,LUBRICATION_SYSTEM,0.4,0.6,True
6.84,6.84,AEROTWIN-4-001,IDLE,0.15,1184.626018420403,199.32137049416548,23.976135350608722,11.837008101871357,21.53982733810448,2.493271021404881,-12.196090257638005,-0.540520201968327,-0.21782012806125392,12.813168559962191,-0.21782012806125392,33.33170454417969,509.37673933143736,24.803653491055,305.4946176157995,44.30832834976032,0.0010324739024025985,5.162369512012993,322.42705098312484,0.27978782095320864,LUBRICATION,LUBRICATION_SYSTEM,0.4,0.6,True
6.8500000000000005,6.8500000000000005,AEROTWIN-4-001,IDLE,0.15,1194.009382970139,270.39893159938964,23.949183006808347,43.46316188848104,21.329614200396687,2.4810749311472433,19.652472756937108,-1.6317749669236539,-0.21757526945946928,45.53008739432362,-0.21757526945946928,33.331599388870174,509.37501771318875,24.803417060438594,305.2676354035931,44.275407303666334,0.0010310766794764158,5.155383397382079,322.42705098312484,0.40867837088051995,LUBRICATION,LUBRICATION_SYSTEM,0.4,0.6,True
6.86,6.86,AEROTWIN-4-001,IDLE,0.15,1183.9827880375717,342.03949457759796,23.99255443083814,3.1699301894831207,21.668854106028387,2.5007274039041802,-20.999651320449445,-0.5040997880584215,-0.2179692933085267,4.109968564158596,-0.2179692933085267,33.3318204133413,509.3773605773462,24.803185018899566,305.63327941288054,44.32843957948537,0.001033328815824454,5.16664407912227,322.42705098312484,0.43185296593743605,LUBRICATION,LUBRICATION_SYSTEM,0.4,0.6,True
6.87,6.87,AEROTWIN-4-001,IDLE,0.15,1192.0707848357301,413.07846185985227,23.94619852023531,40.72564593864506,21.306457303826175,2.479727752583731,16.939460882235153,42.465148315427626,-1.3044060652224645,-0.21754815578005307,-0.21754815578005307,33.33169166624434,509.3753477577858,24.80294851220291,305.2425493086422,44.27176886662685,0.0010309224284869717,5.154612142434858,322.42705098312484,0.36080541442261005,LUBRICATION,LUBRICATION_SYSTEM,0.4,0.6,True
6.88,6.88,AEROTWIN-4-001,IDLE,0.15,1191.3981891889325,484.6027089499961,23.983619365827526,22.686534145589796,21.598547960667833,2.496667213465966,-1.4086810285440032,24.467403774404048,-1.3450933900465427,-0.21788811938385588,-0.21788811938385588,33.33184426328593,509.37685154305643,24.802715801305638,305.55778479798437,44.31748999153006,0.0010328632293979795,5.164316146989898,322.42705098312484,0.09009939244875872,LUBRICATION,LUBRICATION_SYSTEM,0.4,0.6,True
6.890000000000001,6.890000000000001,AEROTWIN-4-001,IDLE,0.15,1184.1985431964604,556.086600301332,23.980516252736905,8.990537199765614,21.57418197292659,2.495258532437422,-15.078903305598397,-0.21785992799767528,9.87900802894088,-0.21785992799767528,-0.4527509731799166,33.33197167681649,509.3780294784181,24.80248289087566,305.53158624339943,44.31369020557017,0.001032701730301818,5.16350865150909,322.42705098312484,0.3297054045927445,LUBRICATION,LUBRICATION_SYSTEM,0.4,0.6,True
6.9,6.9,AEROTWIN-4-001,IDLE,0.15,1194.168339182826,627.1385128931197,23.947199752449922,44.675094804749754,21.31422328991503,2.4801796291318237,20.880691885702902,-0.21755725184687186,46.73985421983556,-0.21755725184687186,-1.6296449113920606,33.33184854291743,509.37609240282757,24.802246806168593,305.2509641004747,44.27298933120465,0.0010309741661141327,5.154870830570664,322.42705098312484,0.42990950451371995,LUBRICATION,LUBRICATION_SYSTEM,0.4,0.6,True
6.91,6.91,AEROTWIN-4-001,IDLE,0.15,1184.6741165033147,698.7886132440892,23.993286477544586,4.2910307972801345,21.67462395726114,2.5010603210175266,-19.88465348099853,-0.21797594385937707,5.318476510977568,-0.21797594385937707,-0.5914938259786796,33.33207205716824,509.3784765238352,24.80201538124322,305.6394685393406,44.32933723800888,0.0010333669985880846,5.166834992940423,322.42705098312484,0.4122511644736891,LUBRICATION,LUBRICATION_SYSTEM,0.4,0.6,True
6.92,6.92,AEROTWIN-4-001,IDLE,0.15,1191.7861275010632,49.8690602342881,23.94940611562442,38.70788295124006,21.331346281852543,2.481175667536528,14.895361001850988,-0.21757729637457374,-0.21757729637457374,-1.247653700801126,40.39069124479033,33.331964116745866,509.37673208924076,24.801779728564934,305.26951112756683,44.27567935492004,0.0010310882144123695,5.155441072061848,322.42705098312484,0.3254584804883297,LUBRICATION,LUBRICATION_SYSTEM,0.4,0.6,True
6.93,6.93,AEROTWIN-4-001,IDLE,0.15,1192.1598597703212,121.37622788435189,23.9823062545395,24.867048120876014,21.588234057997447,2.4960710285383794,0.7827430343401875,-0.21787618993548005,-0.21787618993548005,-1.3951160807261747,26.697916581473148,33.332103527607345,509.3780792702245,24.80154742975507,305.5466973519137,44.31588189052685,0.0010327948771535753,5.163974385767877,322.42705098312484,0.0828750745837949,LUBRICATION,LUBRICATION_SYSTEM,0.4,0.6,True
6.94,6.94,AEROTWIN-4-001,IDLE,0.15,1183.7012896619626,192.90581947057117,23.984030205734424,6.383041855054842,21.601775891677608,2.4968537715727197,-17.715587808195487,-0.3649946506756171,-0.21789185181194842,7.183820209354356,-0.21789185181194842,33.332254208155575,509.3795529426561,24.801315409765465,305.56125417132836,44.31799318250112,0.0010328846188538414,5.164423094269208,322.42705098312484,0.37542029774400604,LUBRICATION,LUBRICATION_SYSTEM,0.4,0.6,True
6.95,6.95,AEROTWIN-4-001,IDLE,0.15,1194.1394593151806,263.9278968502889,23.94489195359251,45.63711663841346,21.296327055000443,2.479138183764524,21.861651399648494,-1.6223685951082019,-0.21753628578894343,47.69455780509955,-0.21753628578894343,33.332110510068404,509.377364671802,24.801079637522218,305.23156996644803,44.27017644479369,0.0010308549286877054,5.154274643438527,322.42705098312484,0.4467708553698449,LUBRICATION,LUBRICATION_SYSTEM,0.4,0.6,True
6.96,6.96,AEROTWIN-4-001,IDLE,0.15,1185.2315586760606,335.5762644091997,23.993153482685614,5.517911972063338,21.67357560807707,2.5009998351641722,-18.656663471177904,-0.6759641631623697,-0.2179747356180659,6.629825606461839,-0.2179747356180659,33.332329831883264,509.3797046089992,24.800848741762398,305.6383440837253,44.329174149215355,0.0010333600612982545,5.166800306491273,322.42705098312484,0.39077757192519863,LUBRICATION,LUBRICATION_SYSTEM,0.4,0.6,True
6.97,6.97,AEROTWIN-4-001,IDLE,0.15,1191.264605802944,406.69015792976336,23.951991283844094,36.46935323715131,21.35142571040615,2.4823431716929947,12.635584355052165,38.09209193220635,-1.1875371304595705,-0.21760078229774002,-0.21760078229774002,33.33223801144529,509.37816837606397,24.800613881434288,305.29124908774764,44.27883218518874,0.0010312219078240576,5.156109539120288,322.42705098312484,0.2862551466034683,LUBRICATION,LUBRICATION_SYSTEM,0.4,0.6,True
6.98,6.98,AEROTWIN-4-001,IDLE,0.15,1192.6925643124307,478.16603427794,23.979899757410525,27.055032375936566,21.56934431119912,2.494978756048047,2.9907093086893983,28.93116677093735,-1.440425740568068,-0.2178543272163576,-0.2178543272163576,33.332356009251356,509.3792561405779,24.800381884723397,305.52638262897074,44.31293548374066,0.0010326696573712815,5.163348286856408,322.42705098312484,0.12119169463284463,LUBRICATION,LUBRICATION_SYSTEM,0.4,0.6,True
6.99,6.99,AEROTWIN-4-001,IDLE,0.15,1183.1020065741093,549.7275881366859,23.986486612381505,4.032637582743353,21.621085273746253,2.497969465356736,-20.086417156359634,-0.21791416795266977,4.744613257016707,-0.21791416795266977,-0.2761473383680139,33.33252210377824,509.38092869319735,24.80015064970912,305.58200136098975,44.32100231339523,0.001033012543318011,5.165062716590056,322.42705098312484,0.41661091581008997,LUBRICATION,LUBRICATION_SYSTEM,0.4,0.6,True
7.0,7.0,AEROTWIN-4-001,IDLE,0.15,1193.8917075228333,620.7137085311324,23.94210946759793,46.350548619431656,21.274768747936204,2.4778830482003764,22.597896823295077,-0.21751100725898834,48.39552352033141,-0.21751100725898834,-1.6099528863817794,33.33235451062737,509.3784491929706,24.799915141950226,305.20819425873816,44.26678607889887,0.0010307112390641282,5.1535561953206415,322.42705098312484,0.45928724056067816,LUBRICATION,LUBRICATION_SYSTEM,0.4,0.6,True
7.01,7.01,AEROTWIN-4-001,IDLE,0.15,1185.6330138575195,692.3472109825024,23.9920124385113,6.86809655424201,21.66458317401773,2.5004809450236714,-17.296967564799388,-0.21796436937744632,8.062724936281038,-0.21796436937744632,-0.7586996432841356,33.332562256073196,509.380655837799,24.799684673643675,305.6286974900606,44.32777502656341,0.001033300549748266,5.166502748741331,322.42705098312484,0.367122128904816,LUBRICATION,LUBRICATION_SYSTEM,0.4,0.6,True
7.0200000000000005,7.0200000000000005,AEROTWIN-4-001,IDLE,0.15,1190.4772386818238,43.48519181395352,23.953852375180134,33.99479696174671,21.36589223737283,2.483183977458872,10.145720746915007,-0.2176176900748785,-0.2176176900748785,-1.1231799751259355,35.55321231702241,33.33248148201431,509.3792678763644,24.79945053387759,305.30690292798255,44.281102586868734,0.001031318198286243,5.156590991431215,322.42705098312484,0.24292949732877872,LUBRICATION,LUBRICATION_SYSTEM,0.4,0.6,True
7.03,7.03,AEROTWIN-4-001,IDLE,0.15,1192.976950585813,114.91382613486296,23.97626473240292,29.269555256718675,21.54084118940394,2.493329698205787,5.235384369108946,-0.21782130347833295,-0.21782130347833295,-1.4816352969810045,31.18683316065635,33.33256923359452,509.3799907103189,24.799218716066054,305.49570911594066,44.3084866587578,0.0010324806279807832,5.162403139903915,322.42705098312484,0.15998649506311144,LUBRICATION,LUBRICATION_SYSTEM,0.4,0.6,True
7.04,7.04,AEROTWIN-4-001,IDLE,0.15,1182.4029537074655,186.49244317001174,23.987797564349457,1.983834997846271,21.631397190003554,2.498565082574896,-22.14612727473218,-0.18481030728625922,-0.21792607778389841,2.604497460700327,-0.21792607778389841,33.33274260482134,509.3817667785263,24.798988151495358,305.5930765654538,44.32260863890029,0.001033080841008395,5.165404205041975,322.42705098312484,0.45249621027661013,LUBRICATION,LUBRICATION_SYSTEM,0.4,0.6,True
7.05,7.05,AEROTWIN-4-001,IDLE,0.15,1193.4216129145775,257.43662039245964,23.938862147737606,46.80348000173419,21.249635168118893,2.4764189553001636,23.07742587831513,-1.5920559450238034,-0.21748150577271927,48.83049895830342,-0.21748150577271927,33.33254826425908,509.37896673208064,24.79875286142991,305.18092392654904,44.26283084445882,0.0010305436466315696,5.152718233157848,322.42705098312484,0.4672501195257908,LUBRICATION,LUBRICATION_SYSTEM,0.4,0.6,True
7.0600000000000005,7.0600000000000005,AEROTWIN-4-001,IDLE,0.15,1185.8882137470448,329.0419171673343,23.989846778568744,8.369107743076611,21.64752568275174,2.4994963811784787,-15.777914320853608,-0.8408483506277559,-0.2179446946334091,9.645845482971186,-0.2179446946334091,33.33273732690925,509.38095896931344,24.79852271728613,305.61039253930494,44.32512011311571,0.0010331876369202287,5.165938184601143,322.42705098312484,0.34080279205382613,LUBRICATION,LUBRICATION_SYSTEM,0.4,0.6,True
7.07,7.07,AEROTWIN-4-001,IDLE,0.15,1189.420684733229,400.195209992157,23.955035151493146,31.25719936901043,21.375090969342242,2.4837184668576255,7.398389932810561,32.74587661263296,-1.0534203727292346,-0.21762843544664925,-0.21762843544664925,33.33266324547192,509.3796728009722,24.7982892306997,305.31685332151847,44.2825457720464,0.0010313794123666166,5.156897061833083,322.42705098312484,0.19500825162905236,LUBRICATION,LUBRICATION_SYSTEM,0.4,0.6,True
7.08,7.08,AEROTWIN-4-001,IDLE,0.15,1193.0174978672303,471.5604510761508,23.971383521741178,31.5268876367184,21.502622967852627,2.4911168567904363,7.533147812075336,33.481485434496406,-1.5190438811724631,-0.2177769583027704,-0.2177769583027704,33.33271219824759,509.3799327029764,24.7980574671826,305.45454249758575,44.30251593476484,0.0010322270127784364,5.161135063892183,322.42705098312484,0.19954444321950462,LUBRICATION,LUBRICATION_SYSTEM,0.4,0.6,True
7.09,7.09,AEROTWIN-4-001,IDLE,0.15,1181.6649573760415,543.1415009481846,23.987984454282884,0.35481244479413765,21.632867644657953,2.4986500046025113,-23.776705204466325,-0.21792777565507895,0.8802396903122047,-0.21792777565507895,-0.08957169420790918,33.33288523782766,509.3817275987737,24.797827460428984,305.5946556050985,44.32283765965228,0.001033090579038718,5.16545289519359,322.42705098312484,0.48100856016871496,LUBRICATION,LUBRICATION_SYSTEM,0.4,0.6,True
7.1000000000000005,7.1000000000000005,AEROTWIN-4-001,IDLE,0.15,1192.7744268432484,614.0413983907471,23.935432053258545,46.96560928527717,21.22311754357421,2.474873299398045,23.26761844230491,-0.21745034380237807,48.968534513803256,-0.21745034380237807,-1.5680245409213347,33.3326637640899,509.3786122476798,24.79759236912772,305.1521308949807,44.25865476074621,0.001030366739937311,5.151833699686556,322.42705098312484,0.47012604529286284,LUBRICATION,LUBRICATION_SYSTEM,0.4,0.6,True
7.11,7.11,AEROTWIN-4-001,IDLE,0.15,1186.056759389036,685.607864001342,23.986864008091104,10.052744479501726,21.624053377270208,2.49814091784035,-14.069449815608833,-0.21791759654450044,11.411766458007651,-0.21791759654450044,-0.923186785416924,33.332828956726296,509.3803359815635,24.797362466689318,305.58518948835473,44.32146471301199,0.001033032202936106,5.16516101468053,322.42705098312484,0.3112680407298803,LUBRICATION,LUBRICATION_SYSTEM,0.4,0.6,True
7.12,7.12,AEROTWIN-4-001,IDLE,0.15,1188.1425077615547,36.77126956468419,23.9558161849616,28.233619961105042,21.381167316852167,2.4840714680247413,4.368381176228134,-0.2176355310359772,-0.2176355310359772,-0.9771106328630399,29.646001656040035,33.33275958637483,509.3791376217626,24.797129593113862,305.3234247802393,44.283498883276344,0.001031419842415644,5.15709921207822,322.42705098312484,0.14208683918241746,LUBRICATION,LUBRICATION_SYSTEM,0.4,0.6,True
7.13,7.13,AEROTWIN-4-001,IDLE,0.15,1192.8609708298052,108.05982003037748,23.965473165163242,33.82719923007941,21.456433439911507,2.4884398492009696,9.882325940966933,-0.21772326346797458,-0.21772326346797458,-1.5524757848138766,35.815121541829235,33.33276314127667,509.3788631131163,24.79689778122702,305.40473098171475,44.295291372125945,0.0010319202605578006,5.159601302789003,322.42705098312484,0.23986611575337882,LUBRICATION,LUBRICATION_SYSTEM,0.4,0.6,True
7.140000000000001,7.140000000000001,AEROTWIN-4-001,IDLE,0.15,1181.3418865910112,179.6314782801658,23.987262960152815,0.0,21.627191438642573,2.4983221751419364,-24.12551361378451,-0.21792122097303745,-0.21792122097303745,-0.010512312176702709,0.011803315052349961,33.33293012866973,509.380617665644,24.796668241025987,305.5885598869182,44.32195354887884,0.001033052987122319,5.165264935611596,322.42705098312484,0.4872005788932337,LUBRICATION,LUBRICATION_SYSTEM,0.4,0.6,True
7.15,7.15,AEROTWIN-4-001,IDLE,0.15,1192.3752445368139,250.51199147562647,23.9339298650382,46.793921706680685,21.211514200512585,2.474196661528152,23.10821084463995,-1.5373502860217652,-0.21743669661421605,48.766145385930876,-0.21743669661421605,33.332696993572576,509.3773916039705,24.796433536419162,305.1395251107324,44.256826443010404,0.0010302893031029362,5.151446515514682,322.42705098312484,0.4671384529799404,LUBRICATION,LUBRICATION_SYSTEM,0.4,0.6,True
7.16,7.16,AEROTWIN-4-001,IDLE,0.15,1186.5582886738653,322.0545061478353,23.985023508264213,11.923883084799588,21.609582082623906,2.4973048723727915,-12.183003870197108,-1.0049232446670535,-0.2179008758385932,13.364608081143828,-0.2179008758385932,33.33284793121561,509.3789747758156,24.796203988515476,305.5696429631731,44.31920987609271,0.0010329363402767496,5.164681701383748,322.42705098312484,0.278479247905948,LUBRICATION,LUBRICATION_SYSTEM,0.4,0.6,True
7.17,7.17,AEROTWIN-4-001,IDLE,0.15,1187.083518993147,393.2480034682672,23.958139658162562,24.984415056873658,21.399253380038548,2.4851218685025946,1.1000398083325154,26.31472822784005,-0.894999891979759,-0.21765663949331526,-0.21765663949331526,33.33279565414883,509.37802538728045,24.79597187961043,305.3429778981885,44.286334828397464,0.001031540154195541,5.157700770977705,322.42705098312484,0.08519966322137053,LUBRICATION,LUBRICATION_SYSTEM,0.4,0.6,True
7.18,7.18,AEROTWIN-4-001,IDLE,0.15,1192.9041720415153,464.47301460785604,23.960571982061435,36.09517148811382,21.418202342570513,2.486221908310927,12.19074723723238,38.11130997544446,-1.5807810136399567,-0.21767873684534433,-0.21767873684534433,33.33276215880187,509.37732483216695,24.79574011839309,305.363453276314,44.289304536290025,0.0010316661627679082,5.158330813839541,322.42705098312484,0.27961060091997986,LUBRICATION,LUBRICATION_SYSTEM,0.4,0.6,True
7.19,7.19,AEROTWIN-4-001,IDLE,0.15,1181.384296629287,536.047264930347,23.98746210001013,0.0,21.628757988002103,2.4984126555481594,-24.12717064355026,0.4151165650327655,-0.11266652953867021,-0.21792303013321226,-0.21792303013321226,33.33293065744942,509.3791363565234,24.795511135549617,305.5902423113585,44.322197564354816,0.0010330633623311279,5.165316811655639,322.42705098312484,0.4872053258972065,LUBRICATION,LUBRICATION_SYSTEM,0.4,0.6,True
7.2,7.2,AEROTWIN-4-001,IDLE,0.15,1192.1597176163918,606.9303227281042,23.934127080767496,46.25531163622704,21.213037209705387,2.474285484904609,22.567988941617045,-0.21743848829393353,48.19056148410558,-0.21743848829393353,-1.50037287129067,33.332698975502474,509.3759655033086,24.79527698306496,305.14117993226756,44.25706645501622,0.0010302994681159097,5.151497340579549,322.42705098312484,0.4577105524510188,LUBRICATION,LUBRICATION_SYSTEM,0.4,0.6,True
7.21,7.21,AEROTWIN-4-001,IDLE,0.15,1187.3107028312984,678.4599057850877,23.98402955010081,13.942871396572546,21.60177074005785,2.496853473846226,-10.155752817331532,-0.21789184585560076,15.462357594108061,-0.21789184585560076,-1.0837025058243133,33.3328424123265,509.37749195899005,24.79504787283138,305.5612486346263,44.317992379468926,0.0010328845847183323,5.164422923591662,322.42705098312484,0.24312326514356744,LUBRICATION,LUBRICATION_SYSTEM,0.4,0.6,True
7.22,7.22,AEROTWIN-4-001,IDLE,0.15,1186.2164858884648,29.698547954965647,23.961623761349614,21.621376265746267,21.426401150744077,2.4866977210288943,-2.291722606026704,-0.21768829212587196,-0.21768829212587196,-0.8088806939303229,22.865633543928332,33.332816202614715,509.37690210408584,24.794816642926506,305.3723091628912,44.29058897636742,0.0010317206702202774,5.158603351101387,322.42705098312484,0.10821604592886777,LUBRICATION,LUBRICATION_SYSTEM,0.4,0.6,True
7.23,7.23,AEROTWIN-4-001,IDLE,0.15,1193.0803823323356,100.87153710827354,23.95655625843697,38.24704361052342,21.386926516723356,2.4844059984228677,14.375711095377195,-0.21764225450899827,-0.21764225450899827,-1.6030209479331459,40.285349067474556,33.332752503028146,509.3758580454359,24.794585018703096,305.32965221533715,44.28440209800807,0.0010314581580500612,5.157290790250307,322.42705098312484,0.31731344153571994,LUBRICATION,LUBRICATION_SYSTEM,0.4,0.6,True
7.24,7.24,AEROTWIN-4-001,IDLE,0.15,1181.7709167254634,172.4563600482137,23.988274288966267,0.44744059206729325,21.635148260266426,2.4987817095182447,-23.686489377717376,-0.21793040876616743,-0.21793040876616743,-0.21457640368451658,1.0978778132841447,33.33292723501915,509.37778175815674,24.794356653293974,305.59710450423773,44.323192843085636,0.00103310568180735,5.16552840903675,322.42705098312484,0.4793944770268292,LUBRICATION,LUBRICATION_SYSTEM,0.4,0.6,True
7.25,7.25,AEROTWIN-4-001,IDLE,0.15,1192.1071305919586,243.3626150517415,23.935924654252915,45.35013476787876,21.226923848462015,2.4750952201405276,21.648115699276214,-1.4578093131204624,-0.21745481901950997,47.24285371903824,-0.21745481901950997,33.33270890192102,509.374810464228,24.79412320885471,305.15626513509744,44.25925438266426,0.0010303921382831646,5.151960691415823,322.42705098312484,0.44184968718785805,LUBRICATION,LUBRICATION_SYSTEM,0.4,0.6,True
7.26,7.26,AEROTWIN-4-001,IDLE,0.15,1188.2719381665897,314.88904288725905,23.98378700656935,16.064200146146042,21.599865042734532,2.496743335839804,-8.032408232428294,-1.1577699289618018,-0.2178896423785887,17.65774935986502,-0.2178896423785887,33.3328503939836,509.3763432585903,24.793894609832613,305.5592004325414,44.31769531233494,0.0010328719570210961,5.16435978510548,322.42705098312484,0.20599423223056942,LUBRICATION,LUBRICATION_SYSTEM,0.4,0.6,True
7.2700000000000005,7.2700000000000005,AEROTWIN-4-001,IDLE,0.15,1185.5555612034482,386.18535917725444,23.966071920232924,18.260652731081535,21.46110841133154,2.4887109276073756,-5.689166607857381,19.416699437920293,-0.7205893006761106,-0.21772870308132544,-0.21772870308132544,33.33285732472174,509.3761940791969,24.793664354214815,305.40977546923455,44.296023014506844,0.00103195131975442,5.1597565987721,322.42705098312484,0.1671345117166903,LUBRICATION,LUBRICATION_SYSTEM,0.4,0.6,True
7.28,7.28,AEROTWIN-4-001,IDLE,0.15,1193.36988267928,457.31869284946134,23.953493359513736,40.21239922080187,21.36310083229412,2.4830217609995184,16.366276627508235,42.2664393990916,-1.6188113213629451,-0.2176144284633933,-0.2176144284633933,33.33277030574991,509.3748844677328,24.793432959622095,305.30388291879655,44.280664570776416,0.0010312996204696724,5.156498102348362,322.42705098312484,0.3517415708015271,LUBRICATION,LUBRICATION_SYSTEM,0.4,0.6,True
7.29,7.29,AEROTWIN-4-001,IDLE,0.15,1182.4209468248116,528.9208858102181,23.989608417030656,1.2136394571344393,21.645649049523616,2.4993880376270265,-22.931397630016207,1.9636302302951,-0.31410571486211525,-0.2179425291492728,-0.2179425291492728,33.33295487077175,509.37695659147346,24.793205262592064,305.60837813455953,44.324827947880244,0.0010331752122967675,5.1658760614838375,322.42705098312484,0.4660178038620935,LUBRICATION,LUBRICATION_SYSTEM,0.4,0.6,True
7.3,7.3,AEROTWIN-4-001,IDLE,0.15,1192.1522410463372,599.8661426197068,23.938945753019908,44.107913499613716,21.250281902106,2.4764566399970103,20.381174957510705,-0.21748226531603312,45.95355757656974,-0.21748226531603312,-1.4106795463239588,33.33275858667863,509.3742845110401,24.79297264551174,305.181625885683,44.26293265520769,0.0010305479600845337,5.152739800422669,322.42705098312484,0.4200767636734335,LUBRICATION,LUBRICATION_SYSTEM,0.4,0.6,True
7.3100000000000005,7.3100000000000005,AEROTWIN-4-001,IDLE,0.15,1189.3545393456106,671.395277082487,23.983995067023468,18.23884486705358,21.601499792057492,2.496837814954521,-5.859492739958434,-0.21789153258124638,19.90053839048034,-0.21789153258124638,-1.2259104582642664,33.33290103947533,509.375849787284,24.792744601169733,305.5609574322129,44.31795014405329,0.0010328827893662158,5.164413946831079,322.42705098312484,0.16794290767292372,LUBRICATION,LUBRICATION_SYSTEM,0.4,0.6,True
7.32,7.32,AEROTWIN-4-001,IDLE,0.15,1185.0653083190987,22.756549443223662,23.971077803401347,15.007865318293842,21.500231451039067,2.4909783222145623,-8.983344454959788,-0.2177741808906913,-0.2177741808906913,-0.6317896446491952,16.07520332472442,33.332944817085654,509.37617691660716,24.79251537518616,305.45196502495185,44.302142103288965,0.0010322111367659667,5.161055683829834,322.42705098312484,0.22417741302320188,LUBRICATION,LUBRICATION_SYSTEM,0.4,0.6,True
7.33,7.33,AEROTWIN-4-001,IDLE,0.15,1193.7147651125106,93.86046794236958,23.951220403499065,41.942811200489494,21.34543627624678,2.4819949777596024,18.115379946483113,-0.21759377894824194,-0.21759377894824194,-1.6282503902007686,44.00624914858675,33.33283981848771,509.3746576258287,24.792284286549332,305.284766219187,44.27789192289845,0.00103118203403827,5.15591017019135,322.42705098312484,0.38204932611037057,LUBRICATION,LUBRICATION_SYSTEM,0.4,0.6,True
7.34,7.34,AEROTWIN-4-001,IDLE,0.15,1183.1913431576477,165.48335384912022,23.991197381100623,2.1180689444820797,21.65816198945756,2.500110357706086,-22.040203402681566,-0.21795696468494793,-0.21795696468494793,-0.4097502710698226,2.963733144921798,33.33303551236245,509.3768832273741,24.792057282128614,305.6218077225394,44.32677574846167,0.0010332580485910142,5.166290242955071,322.42705098312484,0.4502281754830402,LUBRICATION,LUBRICATION_SYSTEM,0.4,0.6,True
7.3500000000000005,7.3500000000000005,AEROTWIN-4-001,IDLE,0.15,1192.1763038293127,236.47483443857908,23.942524339863255,42.574109584868815,21.277981804634816,2.478070154303404,18.818057625930596,-1.3599730501916012,-0.21751477632054225,44.3691121877015,-0.21751477632054225,33.33286479497048,509.37454315090014,24.791825546578604,305.2116790823578,44.267291510747015,0.0010307326582761588,5.153663291380794,322.42705098312484,0.3931948857205344,LUBRICATION,LUBRICATION_SYSTEM,0.4,0.6,True
7.36,7.36,AEROTWIN-4-001,IDLE,0.15,1190.423370598678,308.00541266833784,23.98410604753175,20.427925262916194,21.602371824050337,2.4968882119293347,-3.671334773063478,-1.2876674378905368,-0.21789254082499263,22.151377782456713,-0.21789254082499263,33.33300679126503,509.37611227376874,24.791598045641386,305.561894644153,44.31808607539867,0.001032888567581231,5.164442837906155,322.42705098312484,0.12963664543785944,LUBRICATION,LUBRICATION_SYSTEM,0.4,0.6,True
7.37,7.37,AEROTWIN-4-001,IDLE,0.15,1184.6479239183752,379.4308149042585,23.97601596059419,11.936041459797245,21.538891824000252,2.493216877156271,-12.096067241359279,12.915140841425305,-0.5434612947916272,-0.2178190434182172,-0.2178190434182172,33.33308629795087,509.37689091146683,24.791369842594325,305.49361042519763,44.30818226884981,0.0010324676963774729,5.162338481887365,322.42705098312484,0.27805189418763043,LUBRICATION,LUBRICATION_SYSTEM,0.4,0.6,True
7.38,7.38,AEROTWIN-4-001,IDLE,0.15,1194.0094058393486,450.509690339361,23.949284619140542,43.41816573664981,21.33040304030615,2.481120809914912,19.606641886428747,45.485074999787344,-1.6317568779484624,-0.21757619259453204,-0.21757619259453204,33.3329651872237,509.37517489178805,24.791139091440936,305.2684896737856,44.275531205306514,0.001031081932865485,5.155409664327426,322.42705098312484,0.40788979551940135,LUBRICATION,LUBRICATION_SYSTEM,0.4,0.6,True
7.390000000000001,7.390000000000001,AEROTWIN-4-001,IDLE,0.15,1183.9656109056332,522.1502546897219,23.99255453616493,3.1339074692748206,21.668854936088145,2.5007274518013407,-21.035674918614667,4.07093868765071,-0.5010926298450745,-0.21796929426540715,-0.21796929426540715,33.33316958758124,509.37751383628165,24.790912755113798,305.633280303329,44.328439708634235,0.0010333288213177773,5.166644106588887,322.42705098312484,0.4324833660530198,LUBRICATION,LUBRICATION_SYSTEM,0.4,0.6,True
7.4,7.4,AEROTWIN-4-001,IDLE,0.15,1192.0847157353999,593.1881913440599,23.946118801075425,40.79014425156029,21.305839083397444,2.479691776882726,17.004613391280124,-0.21754743154166517,42.531515549227734,-0.21754743154166517,-1.3062764345841142,33.333023938412126,509.3754898236199,24.790681902077132,305.24187936019786,44.271671698644376,0.0010309183095305473,5.154591547652736,322.42705098312484,0.3619350319280625,LUBRICATION,LUBRICATION_SYSTEM,0.4,0.6,True
7.41,7.41,AEROTWIN-4-001,IDLE,0.15,1191.3764728152273,664.7132742881838,23.983683621097164,22.612408664902862,21.599052777943132,2.4966963902740065,-1.483340503314277,-0.21788870313477557,24.39148974559211,-0.21788870313477557,-1.343303674419698,33.333160823325045,509.3769960276303,24.790454889603264,305.55832739503313,44.31756868872082,0.0010328665745865944,5.164332872932972,322.42705098312484,0.09139811952307314,LUBRICATION,LUBRICATION_SYSTEM,0.4,0.6,True
7.42,7.42,AEROTWIN-4-001,IDLE,0.15,1184.2217752817076,16.19586265709745,23.980416034655285,9.083845063841714,21.57339548737975,2.495213049770692,-14.984763473308726,-0.21785901752920098,-0.21785901752920098,-0.4557421581996081,9.975305257099723,33.33327148714765,509.37816104386036,24.790227655761726,305.5307403105492,44.31356751316144,0.001032696516222342,5.16348258111171,322.42705098312484,0.3280701295399842,LUBRICATION,LUBRICATION_SYSTEM,0.4,0.6,True
7.43,7.43,AEROTWIN-4-001,IDLE,0.15,1194.1733369488832,87.2491691739999,23.947307553348168,44.63778990339263,21.315059600198556,2.4802282862973835,20.84250201689669,-0.21755823120426696,-0.21755823120426696,-1.629806526178092,46.70271289197925,33.3331334389702,509.3762306357417,24.789997236270988,305.2518701701913,44.27312074574421,0.0010309797372340776,5.154898686170388,322.42705098312484,0.42925545597946824,LUBRICATION,LUBRICATION_SYSTEM,0.4,0.6,True
7.44,7.44,AEROTWIN-4-001,IDLE,0.15,1184.6597946979523,158.8995693909329,23.993309492489743,4.2507598720247755,21.674805380470985,2.50107078831428,-19.92511629676049,-0.21797615294721495,-0.21797615294721495,-0.5885418575902431,5.275254035509449,33.33334148497041,509.37861344282624,24.789771506310252,305.63966312991954,44.32936546103727,0.0010333681991147494,5.1668409955737475,322.42705098312484,0.41295645458686703,LUBRICATION,LUBRICATION_SYSTEM,0.4,0.6,True
7.45,7.45,AEROTWIN-4-001,IDLE,0.15,1191.8071271598374,229.97915707281004,23.949339683038765,38.78131430096287,21.330830525597445,2.4811456720175196,14.969338103347905,-1.2496689684551157,-0.21757669284301606,40.46613665510402,-0.21757669284301606,33.3332176974156,509.3768594473404,24.7895414983168,305.26895260890154,44.275598348489865,0.0010310847797309686,5.155423898654843,322.42705098312484,0.3267442761709019,LUBRICATION,LUBRICATION_SYSTEM,0.4,0.6,True
7.46,7.46,AEROTWIN-4-001,IDLE,0.15,1192.1443571804575,301.4875847024003,23.982403134769335,24.791402761784294,21.588994848096167,2.4961150101208673,0.7062929035672596,-1.3934655324068155,-0.21787707007999715,26.6206224343511,-0.21787707007999715,33.333342600692696,509.37821244422537,24.78931488686719,305.5475153098804,44.31600052551443,0.0010327999195023736,5.163999597511868,322.42705098312484,0.08155019830968813,LUBRICATION,LUBRICATION_SYSTEM,0.4,0.6,True
7.47,7.47,AEROTWIN-4-001,IDLE,0.15,1183.727448241351,373.01624613322775,23.983958705222346,6.469702529325136,21.60121408565494,2.4968213030244346,-17.628332859354238,7.27354783088566,-0.36806289708267087,-0.21789120223892636,-0.21789120223892636,33.333477680304604,509.3796761433399,24.789088536269887,305.5606503657757,44.31790560775138,0.0010328808962124457,5.1644044810622285,322.42705098312484,0.37390203207849343,LUBRICATION,LUBRICATION_SYSTEM,0.4,0.6,True
7.48,7.48,AEROTWIN-4-001,IDLE,0.15,1194.1511022888926,444.03989302770884,23.945013379666477,45.60771127556694,21.29726831918978,2.4791929701650806,21.831249986212082,47.66549712467886,-1.6227110712532713,-0.2175373889293201,-0.2175373889293201,33.33332009652365,509.3774960032884,24.788858415478035,305.23259025719983,44.27032442572375,0.0010308612010498032,5.154306005249016,322.42705098312484,0.44625489487278847,LUBRICATION,LUBRICATION_SYSTEM,0.4,0.6,True
7.49,7.49,AEROTWIN-4-001,IDLE,0.15,1185.2214973683933,515.6889591650424,23.99320710017048,5.472901657350907,21.673998248999414,2.5010242201512924,-18.7021208117998,6.5818887116751,-0.6730366088720541,-0.2179752227260693,-0.2179752227260693,33.33352509795869,509.37983764704427,24.788633204467708,305.6387974108051,44.32923989886835,0.0010333628580757924,5.166814290378962,322.42705098312484,0.3915665312301316,LUBRICATION,LUBRICATION_SYSTEM,0.4,0.6,True
7.5,7.5,AEROTWIN-4-001,IDLE,0.15,1191.2942577405759,586.802249007146,23.951944633696673,36.55214489271766,21.35106321187187,2.4823220993394925,12.7187595815063,-0.21760035848710765,38.177068220974554,-0.21760035848710765,-1.1897226112826755,33.333418468624394,509.3782937761689,24.78840397996464,305.29085675610537,44.27877528219201,0.0010312194946692603,5.156097473346302,322.42705098312484,0.28770452491438786,LUBRICATION,LUBRICATION_SYSTEM,0.4,0.6,True
7.51,7.51,AEROTWIN-4-001,IDLE,0.15,1192.684590718028,658.2799044715805,23.980036608312467,26.977365533422006,21.570418095829343,2.4950408589209987,2.9119065786716645,-0.21785557048932677,28.851974992187156,-0.21785557048932677,-1.4388983177864976,33.33352315228457,509.3793911136535,24.788177659348825,305.52753770222677,44.313103013255564,0.001032676776640626,5.16338388320313,322.42705098312484,0.11983099506932308,LUBRICATION,LUBRICATION_SYSTEM,0.4,0.6,True
7.5200000000000005,7.5200000000000005,AEROTWIN-4-001,IDLE,0.15,1183.1317298865956,9.84097991466217,23.986449851928526,4.111284010986621,21.62079618468272,2.4979527654996705,-20.00746493919577,-0.21791383398864853,-0.21791383398864853,-0.2793343515418585,4.826446030505776,33.33367477616751,509.38105687469135,24.787952086225634,305.58169082788345,44.32095727429456,0.0010330106284416713,5.1650531422083565,322.42705098312484,0.41523372710958,LUBRICATION,LUBRICATION_SYSTEM,0.4,0.6,True
7.53,7.53,AEROTWIN-4-001,IDLE,0.15,1193.9108674528593,80.82888370785791,23.942247503513492,46.32955596942006,21.275837742054154,2.477945300560475,22.575772926805435,-0.2175122612976549,-0.2175122612976549,-1.6104880884915882,48.37506858050696,33.33349428117115,509.37858690848975,24.787722216064626,305.20935370562097,44.26695424275585,0.001030718365446283,5.153591827231415,322.42705098312484,0.45891831476884803,LUBRICATION,LUBRICATION_SYSTEM,0.4,0.6,True
7.54,7.54,AEROTWIN-4-001,IDLE,0.15,1185.6276433600628,152.46353575502945,23.992100689093288,6.817455640484454,21.665278538975542,2.5005210734872803,-17.34834397197837,-0.21796517112271463,-0.21796517112271463,-0.7557610436966954,8.009147026426579,33.33368881942001,509.3807983218287,24.78749742183453,305.62944352542314,44.32788323004032,0.0010333051519956363,5.166525759978182,322.42705098312484,0.36801044948643463,LUBRICATION,LUBRICATION_SYSTEM,0.4,0.6,True
7.55,7.55,AEROTWIN-4-001,IDLE,0.15,1190.5164213257326,223.60119435663324,23.953827482038925,34.08790403547001,21.365698677968364,2.483172729515302,10.239032627986344,-1.125574059253453,-0.21761746392386933,35.64871302257121,-0.21761746392386933,33.33359422576152,509.3794044966516,24.787268908616824,305.30669352453157,44.28107221541101,0.001031316910109107,5.156584550545535,322.42705098312484,0.24455915081197713,LUBRICATION,LUBRICATION_SYSTEM,0.4,0.6,True
7.5600000000000005,7.5600000000000005,AEROTWIN-4-001,IDLE,0.15,1192.9770935737458,295.0321796361772,23.97644567797066,29.18929084401226,21.542259177034932,2.493411762143288,5.153619904834039,-1.4802217490912708,-0.21782294734571028,31.10515848779495,-0.21782294734571028,33.33366982268893,509.38014070766064,24.787042754995507,305.49723565270443,44.30870806459694,0.0010324900342638286,5.162450171319143,322.42705098312484,0.15857984366425326,LUBRICATION,LUBRICATION_SYSTEM,0.4,0.6,True
7.57,7.57,AEROTWIN-4-001,IDLE,0.15,1182.4354018211686,366.61080525060197,23.987798223417524,2.051500179911145,21.63140237539955,2.498565382048122,-22.07846757753653,2.6755170600370377,-0.18816471258299725,-0.21792608377144762,-0.21792608377144762,33.333829811645366,509.381913087215,24.78681784410204,305.593082133876,44.32260944653311,0.0010330808753489474,5.165404376744737,322.42705098312484,0.45131208530166766,LUBRICATION,LUBRICATION_SYSTEM,0.4,0.6,True
7.58,7.58,AEROTWIN-4-001,IDLE,0.15,1193.4479799218198,437.5569293598721,23.939012917544364,46.79197802428704,21.250801471090103,2.4764869144705854,23.064689638726353,48.81975124293755,-1.592807467656184,-0.21748287549716133,-0.21748287549716133,33.33362345974963,509.3791232893866,24.78658817702664,305.18218981180456,44.26301444592451,0.001030551425360826,5.15275712680413,322.42705098312484,0.46704713605550685,LUBRICATION,LUBRICATION_SYSTEM,0.4,0.6,True
7.59,7.59,AEROTWIN-4-001,IDLE,0.15,1185.8866681154561,509.16380815518124,23.98996826830367,8.311659427056652,21.648482237862833,2.499551604109312,-15.836374414915493,9.585419681040523,-0.8378686572795987,-0.21794579835213743,-0.21794579835213743,33.333800355306316,509.3811229128327,24.78636369527356,305.6114192788244,44.32526902936214,0.0010331939698183276,5.165969849091638,322.42705098312484,0.34181103428238774,LUBRICATION,LUBRICATION_SYSTEM,0.4,0.6,True
7.6000000000000005,7.6000000000000005,AEROTWIN-4-001,IDLE,0.15,1189.4690875093147,580.3170082421086,23.955027988637333,31.361752113687878,21.375035250778055,2.4837152296943965,7.503001633215426,-0.21762837037301885,32.853076880223625,-0.21762837037301885,-1.056068025789709,33.33371335295189,509.37983198348996,24.78613582499032,305.3167930577244,44.28253703150623,0.001031379041612188,5.1568952080609405,322.42705098312484,0.19683800512243324,LUBRICATION,LUBRICATION_SYSTEM,0.4,0.6,True
7.61,7.61,AEROTWIN-4-001,IDLE,0.15,1193.0253205444371,651.6851534926675,23.97160722546749,31.443748359740233,21.504373076683297,2.491218231327612,7.448157051729324,-0.21777899062255843,33.39705443071771,-0.21777899062255843,-1.5177480897323576,33.33375123896206,509.3801086499781,24.785909712562983,305.4564285796509,44.30278948833541,0.0010322386303778697,5.161193151889348,322.42705098312484,0.1980870009943474,LUBRICATION,LUBRICATION_SYSTEM,0.4,0.6,True
7.62,7.62,AEROTWIN-4-001,IDLE,0.15,1181.6962570603062,3.266672725333706,23.988020509784473,0.4042826537575053,21.63315134124373,2.498666388379341,-23.727535075865568,-0.21792810321470682,-0.21792810321470682,-0.0931369867672793,0.9332758469541982,33.33391191106451,509.3819024996763,24.785685350111557,305.59496024370617,44.32288184382666,0.0010330924577782606,5.1654622888913035,322.42705098312484,0.48014369103712684,LUBRICATION,LUBRICATION_SYSTEM,0.4,0.6,True
7.63,7.63,AEROTWIN-4-001,IDLE,0.15,1192.8050387779017,74.16844814895208,23.93557756842333,46.96535874129398,21.22424186510324,2.4749388533034757,23.266178022887267,-0.2174516657890688,-0.2174516657890688,-1.5690245179148432,48.969286590786965,33.33367912313289,509.3787961902102,24.785455865296328,305.15335212962,44.25883188617582,0.0010303742423902501,5.151871211951251,322.42705098312484,0.47012002004299563,LUBRICATION,LUBRICATION_SYSTEM,0.4,0.6,True
7.640000000000001,7.640000000000001,AEROTWIN-4-001,IDLE,0.15,1186.055576529236,145.7367504756262,23.987005126569798,9.987327685589579,21.625163331656186,2.498205031326363,-14.13604067739297,-0.21791887858785944,-0.21791887858785944,-0.920156024887486,11.343321467652784,33.333833029051036,509.3805284449312,24.785231611512106,305.5863816555807,44.32163762256211,0.0010330395545864086,5.165197772932043,322.42705098312484,0.3124161984073655,LUBRICATION,LUBRICATION_SYSTEM,0.4,0.6,True
7.65,7.65,AEROTWIN-4-001,IDLE,0.15,1188.1969695339674,216.90008506738036,23.955810703987733,28.350116681860023,21.381124669802638,2.4840689906489697,4.484923021408415,-0.9800475231296225,-0.2176354812420295,29.765435167473708,-0.2176354812420295,33.33375146253215,509.37932476660615,24.785004342075922,305.32337866214,44.28349219439946,0.0010314195586719045,5.157097793359522,322.42705098312484,0.144125593355003,LUBRICATION,LUBRICATION_SYSTEM,0.4,0.6,True
7.66,7.66,AEROTWIN-4-001,IDLE,0.15,1192.8736776823278,288.1919032394184,23.965725116736234,33.74182906892979,21.458400514011,2.488553913670378,9.794874641248411,-1.5513209814507263,-0.21772555241584257,35.7286011552122,-0.21772555241584257,33.33374487577464,509.3790689200984,24.78477816586807,305.40685361638134,44.29559923481272,0.0010319333295735651,5.159666647867826,322.42705098312484,0.23836931351126114,LUBRICATION,LUBRICATION_SYSTEM,0.4,0.6,True
7.67,7.67,AEROTWIN-4-001,IDLE,0.15,1181.3543607370364,359.7643239003581,23.987321534211624,0.0,21.62765220482157,2.4983487883116267,-24.126000993133196,-0.0067228517191186615,-0.21792175311088222,0.006036442729643969,-0.21792175311088222,33.33390036348023,509.38082377324554,24.78455425853747,305.5890547428041,44.32202532178682,0.0010330560387938185,5.165280193969092,322.42705098312484,0.48720197514552827,LUBRICATION,LUBRICATION_SYSTEM,0.4,0.6,True
7.68,7.68,AEROTWIN-4-001,IDLE,0.15,1192.3937045849739,430.6455855445803,23.933987873137944,46.80693263652942,21.211962160456316,2.474222787318493,23.12074768875461,48.78042543822475,-1.5386183544745409,-0.217437223610395,-0.217437223610395,33.33365595000295,509.37759790494454,24.784325137513967,305.1400118478027,44.25689703838161,0.0010302922929499203,5.151461464749602,322.42705098312484,0.46736548999974764,LUBRICATION,LUBRICATION_SYSTEM,0.4,0.6,True
7.69,7.69,AEROTWIN-4-001,IDLE,0.15,1186.5414460840393,502.1892078196787,23.98510863393677,11.850653188545227,21.610251195834252,2.4973435350072477,-12.256941542296273,13.288350634578837,-1.0018941476446954,-0.21790164919445837,-0.21790164919445837,33.3337958682925,509.3791838307145,24.78410121797936,305.57036192982434,44.319314153577864,0.001032940773268811,5.1647038663440545,322.42705098312484,0.27976279984619534,LUBRICATION,LUBRICATION_SYSTEM,0.4,0.6,True
7.7,7.7,AEROTWIN-4-001,IDLE,0.15,1187.1268042019522,573.3816945847211,23.958061644598516,25.109703650139245,21.39864588137166,2.4850865934649518,1.2259711753026332,-0.21765593075004774,26.443195541951088,-0.21765593075004774,-0.8981800303117472,33.333731529792345,509.3782219975541,24.78387469503231,305.3423212831088,44.286239594259534,0.0010315361136604391,5.157680568302196,322.42705098312484,0.08739308942278158,LUBRICATION,LUBRICATION_SYSTEM,0.4,0.6,True
7.71,7.71,AEROTWIN-4-001,IDLE,0.15,1192.9065259521462,644.6093028368382,23.960772391012934,36.01109782733226,21.419764335889916,2.4863125646402544,12.105020926802087,-0.21768055753507778,38.02627814175537,-0.21768055753507778,-1.579819199352957,33.3336881923344,509.3775350779875,24.78364854707498,305.36514060953596,44.289549263725874,0.0010316765478776808,5.158382739388404,322.42705098312484,0.2781370630856462,LUBRICATION,LUBRICATION_SYSTEM,0.4,0.6,True
7.72,7.72,AEROTWIN-4-001,IDLE,0.15,1181.3866074303592,716.183694393967,23.987472950383076,0.0,21.628843346432042,2.4984175855670565,-24.1272609319991,-0.21792312870746497,0.39377993937929345,-0.21792312870746497,-0.10878372581751573,33.33384550922845,509.3793423550173,24.783425179457037,305.59033398151064,44.32221086001034,0.00103306392764881,5.165319638244051,322.42705098312484,0.48720558454589835,LUBRICATION,LUBRICATION_SYSTEM,0.4,0.6,True
7.73,7.73,AEROTWIN-4-001,IDLE,0.15,1192.1750813785463,67.06689083978858,23.934137826303445,46.28273751968334,21.213120195668903,2.474290324635057,22.595326999379377,-0.2174385859157555,-0.2174385859157555,-1.501892438450287,48.21950712996514,33.33360286719085,509.3761673421834,24.783196593151924,305.14127009839467,44.257079532530966,0.0010303000219804067,5.151500109902034,322.42705098312484,0.45819038422046415,LUBRICATION,LUBRICATION_SYSTEM,0.4,0.6,True
7.74,7.74,AEROTWIN-4-001,IDLE,0.15,1187.287865836264,138.59739572250135,23.984100409488015,13.863452877714842,21.602327522175912,2.4968856516344364,-10.235760296095506,-0.21789248960408522,-0.21789248960408522,-1.08076738220416,15.380005239127172,33.33373584832779,509.3776953363625,24.782973095989146,305.5618470314865,44.318079169752735,0.0010328882740325955,5.164441370162978,322.42705098312484,0.24451477782227476,LUBRICATION,LUBRICATION_SYSTEM,0.4,0.6,True
7.75,7.75,AEROTWIN-4-001,IDLE,0.15,1186.2561326431235,209.8346676726772,23.961518042522176,21.75136986310004,21.425576918452187,2.4866498913383412,-2.1608569466904863,-0.8122441005154789,-0.2176873316838243,22.998988626983166,-0.2176873316838243,33.33369802412115,509.3770906097404,24.782747439350807,305.37141896595443,44.2904598639841,0.0010317151909206535,5.158575954603268,322.42705098312484,0.10593864387085099,LUBRICATION,LUBRICATION_SYSTEM,0.4,0.6,True
7.76,7.76,AEROTWIN-4-001,IDLE,0.15,1193.0811427410817,281.0100356312646,23.956739942956364,38.16711292271231,21.388356165372812,2.4844890343916504,14.29426772294785,-1.6022843565321383,-0.21764392325940166,40.204685125763255,-0.21764392325940166,33.333625017064946,509.37605882991534,24.78252141028418,305.3311979415787,44.28462628705069,0.0010314676687868515,5.157338343934258,322.42705098312484,0.315912591785322,LUBRICATION,LUBRICATION_SYSTEM,0.4,0.6,True
7.7700000000000005,7.7700000000000005,AEROTWIN-4-001,IDLE,0.15,1181.7590813783288,352.5949041957295,23.98827779360706,0.4210892735310976,21.63517583856114,2.498783302114598,-23.71286986714464,-0.21065776489679464,-0.21793044060538155,1.0676079196386554,-0.21793044060538155,33.33378916169607,509.37797784891364,24.782298647086943,305.59713411654957,44.32319713799612,0.0010331058644333679,5.165529322166839,322.42705098312484,0.4798557086502807,LUBRICATION,LUBRICATION_SYSTEM,0.4,0.6,True
7.78,7.78,AEROTWIN-4-001,IDLE,0.15,1192.115504316304,423.50044907842926,23.93586963413749,45.392010590344064,21.226498678489094,2.4750704322474535,21.690441479607518,47.28647999960382,-1.459560770922178,-0.21745431916878702,-0.21745431916878702,33.33356001752644,509.37499658042435,24.782070750998503,305.1558033563355,44.259187407196194,0.001030389301339491,5.151946506697455,322.42705098312484,0.4425831344040658,LUBRICATION,LUBRICATION_SYSTEM,0.4,0.6,True
7.79,7.79,AEROTWIN-4-001,IDLE,0.15,1188.23997854977,495.0273793374075,23.983825628777502,15.980047180989667,21.600168491890013,2.4967608737270615,-8.116882184627407,17.570811039929406,-1.154983872426905,-0.21788999325641797,-0.21788999325641797,33.333691453441695,509.37652831062076,24.78184774863451,305.5595265803594,44.317742616162164,0.0010328739677919823,5.164369838959912,322.42705098312484,0.20746782947667056,LUBRICATION,LUBRICATION_SYSTEM,0.4,0.6,True
7.8,7.8,AEROTWIN-4-001,IDLE,0.15,1185.5864450202791,566.3217780503937,23.965924078065115,18.391050359499026,21.459953996158493,2.488643991542434,-5.557547628201901,-0.21772735995410938,19.550576866896296,-0.21772735995410938,-0.7240717874890515,33.33368708153117,509.376360807948,24.78162305299447,305.40852986882373,44.29584235511446,0.0010319436503947069,5.159718251973534,322.42705098312484,0.16484903595193462,LUBRICATION,LUBRICATION_SYSTEM,0.4,0.6,True
7.8100000000000005,7.8100000000000005,AEROTWIN-4-001,IDLE,0.15,1193.3653109639706,637.4569647516105,23.95363651755823,40.13931904630385,21.36421386774892,2.483086443914232,16.292018734640695,-0.21761572903594714,42.19286503160084,-0.21761572903594714,-1.6183145272251005,33.333591086914716,509.3750602641866,24.7813972339693,305.3050871354628,44.28083922795326,0.0010313070282413246,5.156535141206623,322.42705098312484,0.3504610591748747,LUBRICATION,LUBRICATION_SYSTEM,0.4,0.6,True
7.82,7.82,AEROTWIN-4-001,IDLE,0.15,1182.400639079684,709.0588834094488,23.989587351118917,1.1805065728015642,21.645483203951294,2.4993784626488726,-22.964355093798602,-0.21794233776815464,1.926632276214821,-0.21794233776815464,-0.3102410278769474,33.33376550683027,509.3771260337093,24.78117512488649,305.6082001085287,44.32480212734079,0.001033174114262524,5.165870571312619,322.42705098312484,0.4665971270745798,LUBRICATION,LUBRICATION_SYSTEM,0.4,0.6,True
7.83,7.83,AEROTWIN-4-001,IDLE,0.15,1192.1586605573682,60.00292175422976,23.93885139270296,44.163118472683585,21.24955197321886,2.4764141075550743,20.43715239190965,-0.21748140806460284,-0.21748140806460284,-1.4126247685385551,46.01070605735134,33.33355873443058,509.3744410139007,24.78094804201401,305.1808336266376,44.26281774754026,0.0010305430917515992,5.152715458757997,322.42705098312484,0.42104391395634716,LUBRICATION,LUBRICATION_SYSTEM,0.4,0.6,True
7.84,7.84,AEROTWIN-4-001,IDLE,0.15,1189.319295250902,131.53244138767184,23.98402467479591,18.151830900724498,21.601732432545482,2.496851259946984,-5.946752791767969,-0.2178918015640783,-0.2178918015640783,-1.2233215213269193,19.810936025179576,33.33369168260346,509.3760051287921,24.78072558068082,305.5612074636119,44.31798640810734,0.0010328843308861368,5.164421654430685,322.42705098312484,0.16946635764145712,LUBRICATION,LUBRICATION_SYSTEM,0.4,0.6,True
7.8500000000000005,7.8500000000000005,AEROTWIN-4-001,IDLE,0.15,1185.091294792225,202.89159910272596,23.970914901900866,15.134758292535704,21.498957238949778,2.490904507155216,-8.85510345356929,-0.6353336906552521,-0.2177727009513609,16.205637385093677,-0.2177727009513609,33.33372464716759,509.3763132699655,24.780501904581634,305.4505916644307,44.3019429138257,0.0010322026776602518,5.161013388301259,322.42705098312484,0.221952908656414,LUBRICATION,LUBRICATION_SYSTEM,0.4,0.6,True
7.86,7.86,AEROTWIN-4-001,IDLE,0.15,1193.7094924870858,273.9970767902595,23.951340905675618,41.87833287224442,21.3463724249704,2.4820494037016467,18.049911043572372,-1.6279919823435811,-0.2175948736951286,43.941514601978255,-0.2175948736951286,33.333611110955346,509.37480170741304,24.7802763744378,305.2857795636789,44.27803889635686,0.001031188266605283,5.155941333026415,322.42705098312484,0.3809196007658803,LUBRICATION,LUBRICATION_SYSTEM,0.4,0.6,True
7.87,7.87,AEROTWIN-4-001,IDLE,0.15,1183.1676998783068,345.61964633948463,23.99117309188602,2.079391166611717,21.65797066213767,2.5000993147452193,-22.078678810271175,-0.4059843521161593,-0.21795674402053483,2.9212890067689465,-0.21795674402053483,33.33379723526178,509.3770214472222,24.78005494609811,305.62160241439517,44.32674597097905,0.0010332567821381708,5.166283910690854,322.42705098312484,0.45090445739581586,LUBRICATION,LUBRICATION_SYSTEM,0.4,0.6,True
7.88,7.88,AEROTWIN-4-001,IDLE,0.15,1192.1851363188325,416.60970833218306,23.942414545019933,42.64122678600762,21.277131432893878,2.478020635934948,18.886074717178793,44.43833833950305,-1.3620839957985957,-0.21751377884841078,-0.21751377884841078,33.333616500024256,509.37466778241804,24.77982873347364,305.2107568151571,44.267157746956755,0.0010307269895648218,5.153634947824109,322.42705098312484,0.3943706730666966,LUBRICATION,LUBRICATION_SYSTEM,0.4,0.6,True
7.890000000000001,7.890000000000001,AEROTWIN-4-001,IDLE,0.15,1190.3896914181241,488.140816511313,23.984146783545107,20.339227620680504,21.602691916689196,2.496906710652127,-3.760371006660819,22.06030149930162,-1.2852880568081753,-0.21789291090647225,-0.21789291090647225,33.333749664138146,509.37623757485136,24.77960680386978,305.56223865639,44.31813597024549,0.0010328906885398311,5.1644534426991555,322.42705098312484,0.1311898249329006,LUBRICATION,LUBRICATION_SYSTEM,0.4,0.6,True
7.9,7.9,AEROTWIN-4-001,IDLE,0.15,1184.6725847097584,559.5641979964005,23.97586041931195,12.056939144410942,21.537673094625482,2.4931463396454663,-11.973880289860007,-0.21781763034552967,13.039617144768517,-0.21781763034552967,-0.5470427396665161,33.33381898406006,509.3769986460878,24.779384142814877,305.4922982807857,44.307991958048596,0.0010324596113943376,5.1622980569716885,322.42705098312484,0.2759324808915987,LUBRICATION,LUBRICATION_SYSTEM,0.4,0.6,True
7.91,7.91,AEROTWIN-4-001,IDLE,0.15,1194.0072916309891,630.644553078986,23.949399010339203,43.36302803612615,21.331291118669345,2.481172459355606,19.550564458101203,-0.21757723182396482,45.42990848317957,-0.21757723182396482,-1.631725983405488,33.333689862585736,509.3752905019541,24.779158935058177,305.2694513910778,44.27567069085914,0.001031087847054447,5.155439235272235,322.42705098312484,0.40692359937530714,LUBRICATION,LUBRICATION_SYSTEM,0.4,0.6,True
7.92,7.92,AEROTWIN-4-001,IDLE,0.15,1183.9427050597817,702.2849905768453,23.992544798925604,3.0902804004125897,21.66877819894778,2.5007230238137073,-21.0792208223489,-0.21796920580383122,4.023650608829465,-0.21796920580383122,-0.4974317968092128,33.33388536856041,509.3776256501043,24.77893816456302,305.6331979833043,44.32842776910249,0.0010333283134721586,5.166641567360793,322.42705098312484,0.43324660753481004,LUBRICATION,LUBRICATION_SYSTEM,0.4,0.6,True
7.930000000000001,7.930000000000001,AEROTWIN-4-001,IDLE,0.15,1192.0994487937194,53.32155288043225,23.94601249330515,40.868102626184026,21.30501469535709,2.479643802991358,17.083444127835577,-0.21754646574914702,-0.21754646574914702,-1.3085426366189474,42.61173819430127,33.333730276980106,509.3755890253059,24.778712825075605,305.24098597544634,44.271542123906784,0.0010309128168875803,5.154564084437902,322.42705098312484,0.3633004997196367,LUBRICATION,LUBRICATION_SYSTEM,0.4,0.6,True
7.94,7.94,AEROTWIN-4-001,IDLE,0.15,1191.347988657598,124.84751980805542,23.98375157552106,22.52245948803103,21.5995866696481,2.496727247119194,-1.5738544287362664,-0.21788932049203932,-0.21788932049203932,-1.3411233498677368,24.299361478882844,33.33385908636202,509.37709906344196,24.778491373447252,305.5589012341197,44.31765191719425,0.001032870112403994,5.164350562019971,322.42705098312484,0.09297384943900566,LUBRICATION,LUBRICATION_SYSTEM,0.4,0.6,True
7.95,7.95,AEROTWIN-4-001,IDLE,0.15,1184.2479935684373,196.32839912751132,23.980284581659177,9.19732237077083,21.57236391983454,2.4951533926904577,-14.870194941754168,-0.4593680508685924,-0.217857823295517,10.092406068230458,-0.217857823295517,33.333960278826005,509.3782492962806,24.778269674941217,305.5296307428788,44.313406583685655,0.0010326896772340373,5.163448386170187,322.42705098312484,0.3260811451813032,LUBRICATION,LUBRICATION_SYSTEM,0.4,0.6,True
7.96,7.96,AEROTWIN-4-001,IDLE,0.15,1194.1773096681288,267.3832787416176,23.94742920845228,44.59219763474144,21.31600342768466,2.4802831977487036,20.795911009308075,-1.6299936359739144,-0.21755933642535324,46.65730994356606,-0.21755933642535324,33.33381480662636,509.3763279182601,24.77804478508096,305.25289269986,44.273269051402295,0.0010309860244805584,5.154930122402792,322.42705098312484,0.4284562226878668,LUBRICATION,LUBRICATION_SYSTEM,0.4,0.6,True
7.97,7.97,AEROTWIN-4-001,IDLE,0.15,1184.6405024968751,339.0339173217053,23.99332778698382,4.202186470956647,21.674949594140887,2.5010791087580113,-19.97384223194225,-0.5849643608780368,-0.21797631915035756,5.2231034701354,-0.21797631915035756,33.33401469584996,509.3787099958756,24.777824611568903,305.6398178096602,44.329387895477495,0.0010333691534129214,5.166845767064607,322.42705098312484,0.41380692544181685,LUBRICATION,LUBRICATION_SYSTEM,0.4,0.6,True
7.98,7.98,AEROTWIN-4-001,IDLE,0.15,1191.8304112797407,410.1123474715178,23.949250193819744,38.86975079353012,21.33013578551647,2.481105266526069,15.058509741487583,40.557002845326444,-1.252100292106544,-0.21757587984488846,-0.21757587984488846,33.3338821008555,509.3769453184774,24.77760010877141,305.2682002536852,44.275489228393994,0.0010310801530536982,5.155400765268491,322.42705098312484,0.32829292114990366,LUBRICATION,LUBRICATION_SYSTEM,0.4,0.6,True
7.99,7.99,AEROTWIN-4-001,IDLE,0.15,1192.1235732649502,481.62217214830224,23.982510552357983,24.699999219195995,21.589838416897823,2.496163776267557,0.6139970260306145,26.527218363356916,-1.3914630522507696,-0.21787804595507346,-0.21787804595507346,33.33399973625466,509.3783061474925,24.777379048200128,305.54842224655084,44.316132065795244,0.0010328055104073628,5.164027552036814,322.42705098312484,0.07994943610947627,LUBRICATION,LUBRICATION_SYSTEM,0.4,0.6,True
8.0,8.0,AEROTWIN-4-001,IDLE,0.15,1183.7572002023933,553.1495865441992,23.983862845031865,6.574747904802528,21.60046089852265,2.4967777732935876,-17.522490767013707,-0.21789033136133656,7.382294382943301,-0.21789033136133656,-0.3717658154180997,33.33412610651944,509.379758596633,24.777158226725295,305.55984085704864,44.31778819822462,0.0010328759053802124,5.164379526901063,322.42705098312484,0.37206145366545,LUBRICATION,LUBRICATION_SYSTEM,0.4,0.6,True
8.01,8.01,AEROTWIN-4-001,IDLE,0.15,1194.1631743889723,624.1750185563428,23.94515148300316,45.57181556384552,21.29833890931797,2.479255282526574,21.794221372000976,-0.21753864358049893,47.630008308217676,-0.21753864358049893,-1.6231154572111566,33.33396171086153,509.37758914608963,24.77693362247122,305.2337506989376,44.270492733872516,0.0010308683350755234,5.1543416753776174,322.42705098312484,0.44562516560695775,LUBRICATION,LUBRICATION_SYSTEM,0.4,0.6,True
8.02,8.02,AEROTWIN-4-001,IDLE,0.15,1185.2075314716058,695.8248090196812,23.993262693336103,5.418831310579883,21.674436471596284,2.501049503898575,-18.756654664914976,-0.2179757277828801,6.524286573893154,-0.2179757277828801,-0.6695038077475117,33.33415932084071,509.37993363503267,24.776713958748772,305.6392674452779,44.329308071728214,0.0010333657579402974,5.166828789701487,322.42705098312484,0.39251408822354095,LUBRICATION,LUBRICATION_SYSTEM,0.4,0.6,True
8.03,8.03,AEROTWIN-4-001,IDLE,0.15,1191.3279836510242,46.93726090797759,23.951879878983007,36.65149795835994,21.350560040120484,2.48229284923366,12.818645069005795,-0.21759977019880275,-0.21759977019880275,-1.192348504018819,38.27904600277636,33.33404453615051,509.37838137907323,24.776490231369966,305.2903121674187,44.27869629613807,0.0010312161450250676,5.156080725125339,322.42705098312484,0.28944393140122304,LUBRICATION,LUBRICATION_SYSTEM,0.4,0.6,True
8.040000000000001,8.040000000000001,AEROTWIN-4-001,IDLE,0.15,1192.6730677845053,118.41693992703904,23.980192257820594,26.883888559362227,21.57163944358944,2.4951114943026655,2.817137621470121,-0.21785698454523267,-0.21785698454523267,-1.4370520628494974,28.75665459130219,33.33414278208092,509.37949098044686,24.77626945164039,305.52885146763487,44.31329355916282,0.0010326848740925176,5.163424370462589,322.42705098312484,0.11819340810918283,LUBRICATION,LUBRICATION_SYSTEM,0.4,0.6,True
8.05,8.05,AEROTWIN-4-001,IDLE,0.15,1183.1658335509524,189.97732399410935,23.98639672765444,4.206402230761551,21.62037841489582,2.4979286319241356,-19.911904816058406,-0.28316489888623925,-0.21791335136140208,4.925393832370595,-0.21791335136140208,33.334286470770046,509.3811493064148,24.77604940126922,305.5812420643761,44.32089218653298,0.0010330078611882755,5.165039305941377,322.42705098312484,0.4135678920215664,LUBRICATION,LUBRICATION_SYSTEM,0.4,0.6,True
8.06,8.06,AEROTWIN-4-001,IDLE,0.15,1193.932085664899,260.9672740071665,23.94240587807059,46.30386673359024,21.277064307902037,2.4780167271080775,22.548785698580126,-1.611122064484494,-0.21751370011028276,48.35001619829529,-0.21751370011028276,33.33409976031867,509.37869164527626,24.775825034560594,305.21068401407945,44.26714718803405,0.001030726542095271,5.153632710476356,322.42705098312484,0.45846696974321405,LUBRICATION,LUBRICATION_SYSTEM,0.4,0.6,True
8.07,8.07,AEROTWIN-4-001,IDLE,0.15,1185.6195354393822,332.6031991470604,23.992198418605565,6.7568496495854085,21.66604861749875,2.5005655128066575,-17.40976448072,-0.7522284623928965,-0.21796605898285426,7.945010229944014,-0.21796605898285426,33.33428766568124,509.380909533715,24.77560577810826,305.6302697018734,44.32800305702031,0.0010333102486632536,5.166551243316268,322.42705098312484,0.3690733849906707,LUBRICATION,LUBRICATION_SYSTEM,0.4,0.6,True
8.08,8.08,AEROTWIN-4-001,IDLE,0.15,1190.5616350442326,403.74037127342336,23.953789900297025,34.199271416353014,21.365406460088973,2.4831557483259377,10.350709207938102,35.762945622774055,-1.1284399614239478,-0.2176171224985431,-0.2176171224985431,33.33418554470069,509.3795094534176,24.775382753591195,305.3063773846369,44.281026363112964,0.0010313149653310002,5.156574826655001,322.42705098312484,0.24650850223892465,LUBRICATION,LUBRICATION_SYSTEM,0.4,0.6,True
8.09,8.09,AEROTWIN-4-001,IDLE,0.15,1192.9755127836288,475.17406937607734,23.97665446833065,29.09301565499086,21.543895482289273,2.4935064575338757,5.055613715167713,31.00718358619311,-1.4785182428433161,-0.21782484417946962,-0.21782484417946962,33.33425552710849,509.3802624178154,24.775162130332824,305.49899714471576,44.30896354787529,0.0010325008884599371,5.162504442299686,322.42705098312484,0.1568926922788704,LUBRICATION,LUBRICATION_SYSTEM,0.4,0.6,True
8.1,8.1,AEROTWIN-4-001,IDLE,0.15,1182.4729342453993,546.752600143095,23.98779093714633,2.133358067039935,21.631345048759133,2.4985620712490433,-21.99654905296824,-0.21792601757660424,2.7613921877946663,-0.21792601757660424,-0.19218208560152283,33.33440833688768,509.38203107713446,24.774942735180737,305.593020572683,44.322600517820796,0.001033080495700132,5.16540247850066,322.42705098312484,0.4498793985832051,LUBRICATION,LUBRICATION_SYSTEM,0.4,0.6,True
8.11,8.11,AEROTWIN-4-001,IDLE,0.15,1193.4780034873984,617.700976197819,23.9391873069133,46.77767920669269,21.252150562555553,2.476565522196075,23.04896312194106,-0.21748445980230968,48.80634576358773,-0.21748445980230968,-1.593697637290418,33.33419629105293,509.37925441488267,24.774718557679872,305.1836540405631,44.26322681473519,0.0010305604229977044,5.152802114988522,322.42705098312484,0.4667949417998894,LUBRICATION,LUBRICATION_SYSTEM,0.4,0.6,True
8.120000000000001,8.120000000000001,AEROTWIN-4-001,IDLE,0.15,1185.8834200813724,689.3096564070629,23.990106603165753,8.243127668128725,21.64957147310837,2.499614485318016,-15.906058290297661,-0.217947055106695,9.51331982711968,-0.217947055106695,-0.8342980487775661,33.33436725866029,509.3812636274338,24.774499603184534,305.6125884003466,44.32543859640948,0.0010332011809928753,5.1660059049643765,322.42705098312484,0.3430136384424328,LUBRICATION,LUBRICATION_SYSTEM,0.4,0.6,True
8.13,8.13,AEROTWIN-4-001,IDLE,0.15,1189.5254495378542,40.46266161194524,23.955012936381397,31.486475245897914,21.37491816244267,2.4837084270277185,7.627848656427528,-0.21762823362519576,-0.21762823362519576,-1.059227686176149,32.980959399324455,33.334273282048656,509.3799677882114,24.774277212154775,305.31666641762615,44.282518663879664,0.001031378262498633,5.156891312493165,322.42705098312484,0.1990208290209132,LUBRICATION,LUBRICATION_SYSTEM,0.4,0.6,True
8.14,8.14,AEROTWIN-4-001,IDLE,0.15,1193.0331635653115,111.83418858421649,23.97186770416052,31.344286414926675,21.506411059540238,2.491336275684146,7.346539079702291,-0.21778135703822313,-0.21778135703822313,-1.5161895585066372,33.29603868750976,33.334306324216094,509.3802652147366,24.774056618378538,305.458624785809,44.30310802168416,0.0010322521584727414,5.1612607923637075,322.42705098312484,0.19634350043961057,LUBRICATION,LUBRICATION_SYSTEM,0.4,0.6,True
8.15,8.15,AEROTWIN-4-001,IDLE,0.15,1181.7328019108834,183.41617839813517,23.98805665883542,0.46469648793652785,21.63343577747879,2.4986828147638485,-23.667422104306112,-0.09739478848160535,-0.21792843162421868,0.9979481396665706,-0.21792843162421868,33.334460516326935,509.38205851161047,24.77383776347826,305.5952656741564,44.322926142848296,0.0010330943414061638,5.165471707030819,322.42705098312484,0.479087310697261,LUBRICATION,LUBRICATION_SYSTEM,0.4,0.6,True
8.16,8.16,AEROTWIN-4-001,IDLE,0.15,1192.8404895848378,254.32014651278817,23.935747464485964,46.96445669277228,21.22555463686928,2.475015392659542,23.263886663243458,-1.5702081554085432,-0.2174532092731032,48.96957126672703,-0.2174532092731032,33.33422236444125,509.3789639639249,24.773613752182307,305.1547780092169,44.2590386929008,0.0010303830021477227,5.151915010738614,322.42705098312484,0.4701023186188327,LUBRICATION,LUBRICATION_SYSTEM,0.4,0.6,True
8.17,8.17,AEROTWIN-4-001,IDLE,0.15,1186.0532069147616,325.8905758878784,23.987168547718678,9.909476470272166,21.626448773715246,2.4982792793227855,-14.215251582765866,-0.9165324947290266,-0.2179203632481292,11.261849691497451,-0.2179203632481292,33.33437089315702,509.380707217506,24.773395012882162,305.58776226273824,44.32183786306303,0.001033048068370401,5.165240341852005,322.42705098312484,0.3137824901340037,LUBRICATION,LUBRICATION_SYSTEM,0.4,0.6,True
8.18,8.18,AEROTWIN-4-001,IDLE,0.15,1188.260881293841,397.05376830276407,23.95579972397763,28.48884567036827,21.381039235404977,2.4840640277400197,4.623742407223274,29.907661145201278,-0.9835447118529264,-0.21763538149003978,-0.21763538149003978,33.33428273344308,509.3794980543175,24.773173211072006,305.3232862740578,44.2834787946168,0.0010314189902503,5.1570949512515005,322.42705098312484,0.14655347397570712,LUBRICATION,LUBRICATION_SYSTEM,0.4,0.6,True
8.19,8.19,AEROTWIN-4-001,IDLE,0.15,1192.887733191928,468.34942118039453,23.966020772591786,33.63985274687538,21.460709021876784,2.4886877701472434,9.690455954851348,35.62524190442414,-1.5499326807256881,-0.2177282384115369,-0.2177282384115369,33.334271915478986,509.3792652663712,24.772952539282343,305.4093445372528,44.29596051299407,0.0010319486664282821,5.159743332141411,322.42705098312484,0.23658141369706343,LUBRICATION,LUBRICATION_SYSTEM,0.4,0.6,True
8.2,8.2,AEROTWIN-4-001,IDLE,0.15,1181.3681588388251,539.9226851719102,23.98738632443535,0.0,21.628161880690534,2.4983782261020946,-24.12654010679263,0.0011342309584858748,-0.00220547962918822,-0.21792234172179148,-0.21792234172179148,33.33442148050819,509.3810212346513,24.77273412905779,305.5896021195867,44.322104712220614,0.0010330594143658218,5.165297071829109,322.42705098312484,0.4872035195837383,LUBRICATION,LUBRICATION_SYSTEM,0.4,0.6,True
8.21,8.21,AEROTWIN-4-001,IDLE,0.15,1192.4143286791702,610.8047747022397,23.934052037345246,46.82175337039668,21.21245767057931,2.474251685995302,23.135044013822064,-0.21743780653402497,48.796747119801,-0.21743780653402497,-1.5401181363362728,33.33417125348028,509.3777963432874,24.77251045702583,305.1405502439937,44.25697512628836,0.0010302956001348364,5.1514780006741825,322.42705098312484,0.4676241291657662,LUBRICATION,LUBRICATION_SYSTEM,0.4,0.6,True
8.22,8.22,AEROTWIN-4-001,IDLE,0.15,1186.520159991766,682.3496344229899,23.985203737353423,11.76366745894704,21.61099876051693,2.497386730009124,-12.344718031579015,-0.21790251319685458,13.19775153487008,-0.21790251319685458,-0.9982790495293288,33.33430562155466,509.3793861469963,24.77229203069546,305.5711651773137,44.31943065498722,0.0010329457259509011,5.164728629754506,322.42705098312484,0.28128731668320633,LUBRICATION,LUBRICATION_SYSTEM,0.4,0.6,True
8.23,8.23,AEROTWIN-4-001,IDLE,0.15,1187.1770326780381,33.540844022495776,23.957963047646203,25.258671070483853,21.39787812148165,2.485042011977545,1.375750937024658,-0.21765503500932618,-0.21765503500932618,-0.9019591313067243,26.59594027180923,33.334234374818394,509.37841013331786,24.772070955815312,305.34149143364783,44.28611923455342,0.0010315310071464694,5.157655035732347,322.42705098312484,0.09000112619639626,LUBRICATION,LUBRICATION_SYSTEM,0.4,0.6,True
8.24,8.24,AEROTWIN-4-001,IDLE,0.15,1192.907959195915,104.77146598317808,23.96100493875872,35.91081915000065,21.421576955869025,2.4864177629145696,12.002824431217054,-0.21768267020165336,-0.21768267020165336,-1.5786627246552425,37.924847215059195,33.33418668081344,509.37774003684694,24.771850289015806,305.3670985880491,44.28983324501346,0.00103168859893283,5.15844299466415,322.42705098312484,0.2763795769447121,LUBRICATION,LUBRICATION_SYSTEM,0.4,0.6,True
8.25,8.25,AEROTWIN-4-001,IDLE,0.15,1181.3880144256384,176.34594353493299,23.987479556923986,0.0,21.628895319361863,2.4984205873457865,-24.12731590670765,-0.21792318872704552,-0.21792318872704552,-0.10416525703350986,0.36890285956919905,33.334337984262135,509.3795428041526,24.77163240002537,305.59038979740745,44.322218955436384,0.0010330642718582698,5.165321359291349,322.42705098312484,0.48720574203122646,LUBRICATION,LUBRICATION_SYSTEM,0.4,0.6,True
8.26,8.26,AEROTWIN-4-001,IDLE,0.15,1192.191684474226,247.22922440047128,23.93414436901161,46.31461763312539,21.213170724052343,2.4742932714390786,22.627153637633967,-1.503687203052665,-0.21743864535542373,48.253182126888895,-0.21743864535542373,33.33408944787958,509.37636338308835,24.771409244502156,305.1413249985229,44.257087495135764,0.001030300359216266,5.151501796081329,322.42705098312484,0.4587482124154019,LUBRICATION,LUBRICATION_SYSTEM,0.4,0.6,True
8.27,8.27,AEROTWIN-4-001,IDLE,0.15,1187.2592229097686,318.7607254689249,23.984176983884026,13.76932630749202,21.602929225757666,2.4969204250767127,-10.330523343342358,-1.0772721820782467,-0.21789318527269494,15.282384860115657,-0.21789318527269494,33.33421708938947,509.37789359185723,24.771191225124007,305.5624936969052,44.31817296081174,0.0010328922609600022,5.164461304800011,322.42705098312484,0.24616381760252737,LUBRICATION,LUBRICATION_SYSTEM,0.4,0.6,True
8.28,8.28,AEROTWIN-4-001,IDLE,0.15,1186.3016671285827,389.996278843511,23.96138544381665,21.90563292437915,21.42454316102922,2.4865899017333706,-2.005500138383439,23.157236324549185,-0.816231146086999,-0.2176861270415166,-0.2176861270415166,33.334172444623434,509.3772716333078,24.770971003416104,305.37030244620456,44.290297926192615,0.0010317083186294157,5.158541593147079,322.42705098312484,0.10323588699690284,LUBRICATION,LUBRICATION_SYSTEM,0.4,0.6,True
8.290000000000001,8.290000000000001,AEROTWIN-4-001,IDLE,0.15,1193.0804090340735,461.17437887122594,23.956950898657514,38.071946431410915,21.389998182569197,2.484584401594987,14.19736384724673,40.108635794477124,-1.601397683536184,-0.21764583976500887,-0.21764583976500887,33.334095265672005,509.3762548426731,24.770750437281237,305.33297320273874,44.28488376737882,0.0010314785919933725,5.157392959966862,322.42705098312484,0.31424480931827087,LUBRICATION,LUBRICATION_SYSTEM,0.4,0.6,True
8.3,8.3,AEROTWIN-4-001,IDLE,0.15,1181.743622060736,532.7592034132704,23.988274412031693,0.39021988028679977,21.63514922867739,2.4987817654422337,-23.743711113832823,1.032089698503423,-0.20600899844822074,-0.21793040988420115,-0.21793040988420115,33.334253664474474,509.3781686469066,24.770533139713887,305.59710554407354,44.32319299390134,0.0010331056882202584,5.1655284411012925,322.42705098312484,0.4803958424168121,LUBRICATION,LUBRICATION_SYSTEM,0.4,0.6,True
8.31,8.31,AEROTWIN-4-001,IDLE,0.15,1192.1236776666306,603.6638207369145,23.935797766178364,45.44091900622789,21.225943328344925,2.4750380543284005,21.73993762355456,-0.21745366625755544,47.33745171754213,-0.21745366625755544,-1.46162537879913,33.3340183816462,509.37517598304566,24.77031065547841,305.1552001800242,44.25909992371035,0.0010303855957355564,5.151927978677782,322.42705098312484,0.4434398419655347,LUBRICATION,LUBRICATION_SYSTEM,0.4,0.6,True
8.32,8.32,AEROTWIN-4-001,IDLE,0.15,1188.2005009032707,675.1912413969123,23.983863326560193,15.88056047484514,21.600464681896387,2.496777991951955,-8.216682199003202,-0.21789033573595995,17.46801577574145,-0.21789033573595995,-1.1516746294243887,33.33414452886691,509.37670673104094,24.77009311407783,305.5598449233767,44.31778878799671,0.0010328759304500967,5.164379652250484,322.42705098312484,0.209209745164443,LUBRICATION,LUBRICATION_SYSTEM,0.4,0.6,True
8.33,8.33,AEROTWIN-4-001,IDLE,0.15,1185.621412678472,26.483271451108635,23.965741453229608,18.545459627757964,21.45852806466367,2.488561309752952,-5.401629746658659,-0.2177257008307988,-0.2177257008307988,-0.7281887801401254,19.709099809559685,33.3341332987308,509.37651784886634,24.769873839425728,305.4069912499909,44.29561919691618,0.0010319341769890822,5.159670884945411,322.42705098312484,0.1621425290520409,LUBRICATION,LUBRICATION_SYSTEM,0.4,0.6,True
8.34,8.34,AEROTWIN-4-001,IDLE,0.15,1193.358175519901,97.62055621181696,23.95379860167497,40.052472001029884,21.36547411755704,2.4831596800062936,16.203838203466553,-0.2176172015494506,-0.2176172015494506,-1.6177140912137242,42.10542049534251,33.33403311074645,509.3752283652212,24.76965346321219,305.30645058102147,44.28103697937019,0.0010313154156081628,5.156577078040814,322.42705098312484,0.3489394147034256,LUBRICATION,LUBRICATION_SYSTEM,0.4,0.6,True
8.35,8.35,AEROTWIN-4-001,IDLE,0.15,1182.3750850256345,169.22204674301102,23.98955447170753,1.141656934563478,21.64522435668702,2.49936351820976,-23.0029309403333,-0.2179420390629007,-0.2179420390629007,-0.30566914982500837,1.8832101625142879,33.334201904941736,509.3772868741706,24.76943680523856,305.6079222487002,44.32476182710698,0.0010331724004738008,5.165862002369004,322.42705098312484,0.4672762118193701,LUBRICATION,LUBRICATION_SYSTEM,0.4,0.6,True
8.36,8.36,AEROTWIN-4-001,IDLE,0.15,1192.1643854546126,240.1645518445491,23.938732653247182,44.227656953675265,21.248633492098485,2.476360587269427,20.502662874307354,-1.4149125862355534,-0.21748032933180939,46.07753019857443,-0.21748032933180939,33.33398898296024,509.374586881613,24.769215119503894,305.17983669128773,44.26267315403099,0.0010305369657565373,5.152684828782687,322.42705098312484,0.42217467535981035,LUBRICATION,LUBRICATION_SYSTEM,0.4,0.6,True
8.370000000000001,8.370000000000001,AEROTWIN-4-001,IDLE,0.15,1189.2759306783312,311.69441497182584,23.984051078780123,18.04923761478267,21.601939901567018,2.496863250143734,-6.049565536928084,-1.2202548460279252,-0.21789204144090324,19.705276543692403,-0.21789204144090324,33.33411689917689,509.376149803339,24.768998105549517,305.5614304405026,44.31801874822961,0.0010328857056095746,5.164428528047873,322.42705098312484,0.17126236935807432,LUBRICATION,LUBRICATION_SYSTEM,0.4,0.6,True
8.38,8.38,AEROTWIN-4-001,IDLE,0.15,1185.1202989771955,383.0509708125257,23.970714460781895,15.284668493984519,21.49738949158601,2.490813684606806,-8.703534682208296,16.35972144008207,-0.6395111861587699,-0.2177708799693901,-0.2177708799693901,33.334143203879506,509.3764357428319,24.768779840242644,305.4489018611854,44.30169782814261,0.001032192269589458,5.160961347947291,322.42705098312484,0.21932470938986198,LUBRICATION,LUBRICATION_SYSTEM,0.4,0.6,True
8.39,8.39,AEROTWIN-4-001,IDLE,0.15,1193.7014524017945,454.1581887511574,23.951475398506506,41.801853164672224,21.347417309382926,2.4821101499245977,17.9723257053647,43.86472016533995,-1.6276748095770792,-0.21759609554532333,-0.21759609554532333,33.33402560459949,509.37493354882275,24.76855973566303,305.28691057882503,44.27820293653163,0.0010311952229700647,5.155976114850324,322.42705098312484,0.3795796940472608,LUBRICATION,LUBRICATION_SYSTEM,0.4,0.6,True
8.4,8.4,AEROTWIN-4-001,IDLE,0.15,1183.1381818496848,525.780275895265,23.991136053724478,2.034099279895569,21.657678913858824,2.5000824756299624,-22.12366210959322,2.871554988342825,-0.40154289338012245,-0.21795640753356677,-0.21795640753356677,33.33420640548898,509.37714654684584,24.768343746747156,305.62128934515584,44.32670056404271,0.0010332548509603308,5.166274254801654,322.42705098312484,0.4516961822048568,LUBRICATION,LUBRICATION_SYSTEM,0.4,0.6,True
8.41,8.41,AEROTWIN-4-001,IDLE,0.15,1192.1935899399084,596.7685668062461,23.94227746620355,42.719630957265565,21.276069789408854,2.4779588135203694,18.96560235433634,-0.21751253350486802,44.51921620614156,-0.21751253350486802,-1.364560181866258,33.33401970979529,509.3747771039674,24.768122919895823,305.2096053830079,44.2669907455407,0.0010307199123566137,5.153599561783069,322.42705098312484,0.3957442896529801,LUBRICATION,LUBRICATION_SYSTEM,0.4,0.6,True
8.42,8.42,AEROTWIN-4-001,IDLE,0.15,1190.3482029222628,668.3001822026406,23.98418577193501,20.234953165316032,21.602998281218646,2.4969244158747057,-3.86496953177732,-0.21789326511101595,21.953217617836433,-0.21789326511101595,-1.2824779222983695,33.33414826519865,509.3763477863425,24.767906426475744,305.56256791179106,44.31818372479035,0.0010328927185231861,5.164463592615931,322.42705098312484,0.1330155570145318,LUBRICATION,LUBRICATION_SYSTEM,0.4,0.6,True
8.43,8.43,AEROTWIN-4-001,IDLE,0.15,1184.699881063115,19.72107437797638,23.97566880660235,12.199413629197647,21.536171821393992,2.4930594463429285,-11.829817638539275,-0.21781588956853068,-0.21781588956853068,-0.5512509441822193,13.186296352516928,33.33421130845835,509.37708832150776,24.767689168685184,305.49068187442236,44.30775751770247,0.0010324496517804592,5.162248258902296,322.42705098312484,0.27343461471723857,LUBRICATION,LUBRICATION_SYSTEM,0.4,0.6,True
8.44,8.44,AEROTWIN-4-001,IDLE,0.15,1194.0029195901295,90.80306724176329,23.94952562431769,43.29774208685765,21.332274129799206,2.4812296287043893,19.484238328354056,-0.21757838209579158,-0.21757838209579158,-1.6316775786604545,45.36457642970969,33.334078383420106,509.3753896339257,24.767469371562658,305.270515884893,44.27582508291311,0.0010310943933373913,5.155471966686957,322.42705098312484,0.40577967146005284,LUBRICATION,LUBRICATION_SYSTEM,0.4,0.6,True
8.45,8.45,AEROTWIN-4-001,IDLE,0.15,1183.9140770719437,162.44324241717106,23.9925246629188,3.039311020255942,21.668619512127556,2.500713867032743,-21.13002235890436,-0.21796902287078065,-0.21796902287078065,-0.49312833870808787,3.9683774047055906,33.33426900840332,509.37772043004475,24.767254030792643,305.6330277509307,44.32840307893949,0.0010333272632821128,5.166636316410564,322.42705098312484,0.4341380914648419,LUBRICATION,LUBRICATION_SYSTEM,0.4,0.6,True
8.46,8.46,AEROTWIN-4-001,IDLE,0.15,1192.114746899295,233.4780870414877,23.945879626037968,40.95901095561116,21.303984388189377,2.479583844673839,17.175442722747945,-1.3111930957251323,-0.21754525866699098,42.70529456867027,-0.21754525866699098,33.33410829246132,509.3756691666102,24.76703406801415,305.23986940811704,44.27138017921448,0.0010309059521503318,5.154529760751659,322.42705098312484,0.36489289061719343,LUBRICATION,LUBRICATION_SYSTEM,0.4,0.6,True
8.47,8.47,AEROTWIN-4-001,IDLE,0.15,1191.3126727600002,305.0049718554454,23.983822135346024,22.417040182633272,21.600141044331856,2.496759287396587,-1.679860149095171,-1.3385562139915894,-0.21788996151903905,24.19137631966294,-0.21788996151903905,33.33423303699906,509.3771837575446,24.76681804289459,305.5594970797768,44.31773833745667,0.001032873785914362,5.16436892957181,322.42705098312484,0.09482036870032749,LUBRICATION,LUBRICATION_SYSTEM,0.4,0.6,True
8.48,8.48,AEROTWIN-4-001,IDLE,0.15,1184.277018340059,376.4837322210454,23.9801215965439,9.330724239760126,21.571084971768272,2.4950794272474917,-14.735440159255637,10.230051178530628,-0.4636142535773877,-0.21785634259655687,-0.21785634259655687,33.3343284620672,509.378316737646,24.7666017417126,305.5282550452512,44.313207055253145,0.0010326811980050055,5.163405990025028,322.42705098312484,0.3237427298777394,LUBRICATION,LUBRICATION_SYSTEM,0.4,0.6,True
8.49,8.49,AEROTWIN-4-001,IDLE,0.15,1194.180061986885,447.54035332144895,23.947563883060287,44.53827840948332,21.31704830969672,2.480343987088236,20.740886112698362,46.603600431321524,-1.6302009019842567,-0.2175605599269699,-0.2175605599269699,33.33417953885281,509.37640611277914,24.76638224916648,305.25402467892377,44.273433231381745,0.0010309929847662888,5.154964923831445,322.42705098312484,0.42751112122671026,LUBRICATION,LUBRICATION_SYSTEM,0.4,0.6,True
8.5,8.5,AEROTWIN-4-001,IDLE,0.15,1184.6161855580076,519.191157040662,23.99334046146354,4.145598427003807,21.675049506337462,2.5010848732009343,-20.03053595253459,5.162324281652882,-0.5807729860563001,-0.21797643429638736,-0.21797643429638736,33.334375083511226,509.3787874150969,24.76616749682947,305.6399249724585,44.32940343815544,0.0010333698145556028,5.166849072778014,322.42705098312484,0.41479751850647795,LUBRICATION,LUBRICATION_SYSTEM,0.4,0.6,True
8.51,8.51,AEROTWIN-4-001,IDLE,0.15,1191.8556626582308,590.2681281741425,23.94913739487405,38.97263983331722,21.329260113473573,2.4810543372484,15.162325382595244,-0.21757485508087054,40.66272449893183,-0.21757485508087054,-1.2549349554528686,33.33423729132895,509.3770103806729,24.765948362983305,305.2672519407854,44.275351686987634,0.0010310743213602061,5.1553716068010305,322.42705098312484,0.3300947478615636,LUBRICATION,LUBRICATION_SYSTEM,0.4,0.6,True
8.52,8.52,AEROTWIN-4-001,IDLE,0.15,1192.097375057932,661.7794679336363,23.9826270434206,24.593211205602877,21.5907532768503,2.4962166626309954,0.5062412661215814,-0.21787910426150217,26.418081840171265,-0.21787910426150217,-1.3891124260453844,33.33435148508387,509.3783804051525,24.76573272001897,305.54940580564437,44.31627471923905,0.001032811573708977,5.1640578685448855,322.42705098312484,0.078079344315053,LUBRICATION,LUBRICATION_SYSTEM,0.4,0.6,True
8.53,8.53,AEROTWIN-4-001,IDLE,0.15,1183.7903199562256,13.305310437112212,23.98374201071546,6.697978905469251,21.599511521896023,2.496722903897117,-17.39825552032389,-0.21788923359700177,-0.21788923359700177,-0.3760876052761627,7.509844977939417,33.33447267091983,509.37981977004847,24.76551729061569,305.55882046410164,44.317640202472376,0.0010328696144417718,5.16434807220886,322.42705098312484,0.3699020317085843,LUBRICATION,LUBRICATION_SYSTEM,0.4,0.6,True
8.540000000000001,8.540000000000001,AEROTWIN-4-001,IDLE,0.15,1194.175417220177,84.33272963448576,23.945305215366187,45.5293522131221,21.29953071724877,2.479324648376793,21.75049684749654,-0.21754004021938642,-0.21754004021938642,-1.6235755170985724,47.58800781065944,33.33430522778915,509.3776629843499,24.765298071231356,305.2350424907798,44.27068009277772,0.0010308762766852997,5.154381383426498,322.42705098312484,0.44488032680712114,LUBRICATION,LUBRICATION_SYSTEM,0.4,0.6,True
8.55,8.55,AEROTWIN-4-001,IDLE,0.15,1185.1895637107436,155.98325466769637,23.993319072209847,5.356028460578114,21.6748808963334,2.5010751452242896,-18.819927580979574,-0.21797623997774884,-0.21797623997774884,-0.6653783898957576,6.457359330429369,33.33449908105876,509.3800108742641,24.76508382055524,305.6397441262989,44.329377208590145,0.0010333686988225443,5.1668434941127215,322.42705098312484,0.39361448277,LUBRICATION,LUBRICATION_SYSTEM,0.4,0.6,True
8.56,8.56,AEROTWIN-4-001,IDLE,0.15,1191.3653946435468,227.094628490341,23.95179656808954,36.76679797203221,21.349912695517915,2.48225521764331,12.934630058870983,-1.1954004343227318,-0.2175990133299739,38.39739643301489,-0.2175990133299739,33.33437956576215,509.37844898685495,24.764865454829195,305.28961152743784,44.27859467671653,0.0010312118355675,5.156059177837499,322.42705098312484,0.29146261806200313,LUBRICATION,LUBRICATION_SYSTEM,0.4,0.6,True
8.57,8.57,AEROTWIN-4-001,IDLE,0.15,1192.6578058758982,298.5765521689538,23.980364909774114,26.775003886120466,21.572994283103455,2.4951898477021808,2.70681975531483,-1.4348907245810119,-0.21785855306618385,28.645611716833844,-0.21785855306618385,33.33447503752137,509.37957293131655,24.764650083963435,305.5303087737158,44.31350492392219,0.0010326938563719077,5.163469281859539,322.42705098312484,0.11628599641529595,LUBRICATION,LUBRICATION_SYSTEM,0.4,0.6,True
8.58,8.58,AEROTWIN-4-001,IDLE,0.15,1183.2040711055731,370.1360205215077,23.98632636483233,4.317865958052599,21.61982509288809,2.497896667457496,-19.799855802292985,5.04131266957875,-0.2876212872778545,-0.2179127121241481,-0.2179127121241481,33.334614156230494,509.3812226676947,24.764435420409242,305.58064768422093,44.32080597882403,0.0010330041960215767,5.165020980107884,322.42705098312484,0.41161559967272743,LUBRICATION,LUBRICATION_SYSTEM,0.4,0.6,True
8.59,8.59,AEROTWIN-4-001,IDLE,0.15,1193.9550585091129,441.1282647878421,23.942583445189925,46.27335177001674,21.278439594497137,2.4780968116552025,22.5168153638644,48.32022970530753,-1.6118473087210234,-0.2175153132848877,-0.2175153132848877,33.334424803868714,509.3787795600476,24.76421642624251,305.21217556732717,44.267363519933994,0.001030735709937887,5.1536785496894355,322.42705098312484,0.4579309584258668,LUBRICATION,LUBRICATION_SYSTEM,0.4,0.6,True
8.6,8.6,AEROTWIN-4-001,IDLE,0.15,1185.6085739605805,512.7655682983889,23.99230422803355,6.68665965918246,21.666882392809914,2.500613627019067,-17.48083636064652,7.870709374856949,-0.7481156751784964,-0.2179670202479963,-0.2179670202479963,33.33460955047431,509.3810050961217,24.764002574476653,305.631164195368,44.328132792567786,0.0010333157668185862,5.166578834092931,322.42705098312484,0.37030423320068384,LUBRICATION,LUBRICATION_SYSTEM,0.4,0.6,True
8.61,8.61,AEROTWIN-4-001,IDLE,0.15,1190.6124350303116,583.9020827360237,23.953739091406344,34.32820630834838,21.365011400189257,2.4831327906584204,10.480062117500701,-0.21761666090625922,35.89520080780821,-0.21761666090625922,-1.131761177647315,33.33450315565898,509.3795979289875,24.76378490403869,305.30594997957655,44.28096437313783,0.0010313123360984626,5.156561680492313,322.42705098312484,0.248765433733002,LUBRICATION,LUBRICATION_SYSTEM,0.4,0.6,True
8.620000000000001,8.620000000000001,AEROTWIN-4-001,IDLE,0.15,1192.971978045102,655.3388288378424,23.976889046659544,28.981162218108043,21.545734031268914,2.493612852775921,4.941815334063207,-0.21782697529363343,30.893344436307572,-0.21782697529363343,-1.4765282676122633,33.3345710405232,509.38037045291867,24.76356968048678,305.5009762574934,44.309250594434324,0.0010325130838190707,5.162565419095354,322.42705098312484,0.1549326331997219,LUBRICATION,LUBRICATION_SYSTEM,0.4,0.6,True
8.63,8.63,AEROTWIN-4-001,IDLE,0.15,1182.5153328748756,6.917147520548497,23.9877746445888,2.229425099459978,21.631216863335986,2.4985546681099846,-21.900346431985994,-0.21792586956079954,-0.21792586956079954,-0.19684254395622022,2.8621193825377973,33.33471988986828,509.38213489647217,24.763355666337176,305.5928829182203,44.32258055269284,0.0010330796467836966,5.165398233918483,322.42705098312484,0.44819783712629535,LUBRICATION,LUBRICATION_SYSTEM,0.4,0.6,True
8.64,8.64,AEROTWIN-4-001,IDLE,0.15,1193.5113723903487,77.86806749304102,23.939384300475783,46.76038024839132,21.253674619784054,2.4766543216779984,23.03005130692927,-0.21748624946367,-0.21748624946367,-1.5947172588084402,48.7900700061271,33.334505541391046,509.37937380957817,24.76313684824183,305.1853081003322,44.26346671625598,0.0010305705872792146,5.152852936396073,322.42705098312484,0.4664899904658792,LUBRICATION,LUBRICATION_SYSTEM,0.4,0.6,True
8.65,8.65,AEROTWIN-4-001,IDLE,0.15,1185.8783769742731,149.47874983646196,23.990260348082906,8.163958264114743,21.650782107148604,2.4996843729849276,-15.986508216018787,-0.21794845185963507,-0.21794845185963507,-0.8301513126479093,9.430006480481923,33.33467390417405,509.3813943382203,24.762923289082938,305.6138877828364,44.32562705624703,0.0010332091957064443,5.166045978532221,322.42705098312484,0.3444027688697501,LUBRICATION,LUBRICATION_SYSTEM,0.4,0.6,True
8.66,8.66,AEROTWIN-4-001,IDLE,0.15,1189.5893091425723,220.63145245491836,23.95498956520478,31.63059238754912,21.374736364180716,2.483697864768909,7.772158158599496,-1.0628804361164537,-0.21762802130104053,33.12872886626766,-0.21762802130104053,33.334576041686226,509.3800930698966,24.76270624349822,305.31646978790843,44.28249014509866,0.001031377052797569,5.156885263987845,322.42705098312484,0.20154314153357863,LUBRICATION,LUBRICATION_SYSTEM,0.4,0.6,True
8.67,8.67,AEROTWIN-4-001,IDLE,0.15,1193.0407893097736,292.0068110034727,23.972162819574667,31.228953443502938,21.50872026238228,2.491470022927509,7.22876315819315,-1.5143710824838408,-0.2177840381240763,33.17889260223493,-0.2177840381240763,33.33460761989591,509.38041473278173,24.762491039107026,305.46111311781766,44.30346892438204,0.0010322674863044187,5.161337431522094,322.42705098312484,0.1943218692790668,LUBRICATION,LUBRICATION_SYSTEM,0.4,0.6,True
8.68,8.68,AEROTWIN-4-001,IDLE,0.15,1181.774522736093,363.5892583620591,23.988091806235655,0.5363975876389918,21.633712335726045,2.498698786085702,-23.596013534172755,1.0745782139201352,-0.10232312441342005,-0.21792875093386171,-0.21792875093386171,33.33475841156089,509.38220755988067,24.76227755821085,305.595562642835,44.3229692145915,0.001033096172854041,5.165480864270205,322.42705098312484,0.47783337933511777,LUBRICATION,LUBRICATION_SYSTEM,0.4,0.6,True
8.69,8.69,AEROTWIN-4-001,IDLE,0.15,1192.8805663171406,434.4957297262247,23.93594141776283,46.96259944637193,21.227053390708704,2.475102772551529,23.260443283111698,48.969073645354634,-1.5715642563549879,-0.21745497131385694,-0.21745497131385694,33.33451809967091,509.37912716634196,24.762058890776363,305.1564058303327,44.259274788819795,0.001030393002648417,5.151965013242085,322.42705098312484,0.47006763006296276,LUBRICATION,LUBRICATION_SYSTEM,0.4,0.6,True
8.700000000000001,8.700000000000001,AEROTWIN-4-001,IDLE,0.15,1186.0496854279422,506.06856370525315,23.987353288123575,9.819701733752394,21.627901997286386,2.498363215834641,-14.306563479368634,11.167877139059229,-0.9123313221245992,-0.21792204159111753,-0.21792204159111753,33.33466442175034,509.38088351560503,24.7618455350515,305.5893230134775,44.32206423122875,0.001033057693167748,5.16528846583874,322.42705098312484,0.3153579517381949,LUBRICATION,LUBRICATION_SYSTEM,0.4,0.6,True
8.71,8.71,AEROTWIN-4-001,IDLE,0.15,1188.3338785895064,577.2315448309297,23.955783406535296,28.648971894417787,21.38091227156282,2.4840566523552723,4.784002970499694,-0.2176352332481598,30.07182354230777,-0.2176352332481598,-0.9875811813936602,33.33457258702219,509.37966843575543,24.761629067653974,305.3231489759535,44.28345888117434,0.0010314181455187235,5.1570907275936175,322.42705098312484,0.14935586616615243,LUBRICATION,LUBRICATION_SYSTEM,0.4,0.6,True
8.72,8.72,AEROTWIN-4-001,IDLE,0.15,1192.9029877372534,648.5315775463,23.96635844052158,33.52170633000979,21.463345853342382,2.488840655325772,9.569519821341638,-0.21773130608156105,35.505481246114506,-0.21773130608156105,-1.5483123039415905,33.33456077870336,509.3794626728285,24.761413772244904,305.41218952842036,44.29637314482303,0.001031966183737867,5.159830918689335,322.42705098312484,0.23451006651914877,LUBRICATION,LUBRICATION_SYSTEM,0.4,0.6,True
8.73,8.73,AEROTWIN-4-001,IDLE,0.15,1181.3831340143631,0.10575681053524022,23.987456640941232,0.0,21.628715042360458,2.498410175147114,-24.127125217507572,-0.21792298053826845,-0.21792298053826845,-0.003016822505057925,0.00544366681353675,33.33470735949026,509.38122024360945,24.76120072661342,305.5901961900731,44.32219087501582,0.0010330630779074414,5.1653153895372075,322.42705098312484,0.48720519576527727,LUBRICATION,LUBRICATION_SYSTEM,0.4,0.6,True
8.74,8.74,AEROTWIN-4-001,IDLE,0.15,1192.436770790419,70.98874485139703,23.93412167444453,46.83796123503472,21.212995457700426,2.4742830499296065,23.150682727404686,-0.21743843917817973,-0.21743843917817973,-1.541836298833894,48.814674412224974,33.33445419792297,509.37799679495396,24.760982372205422,305.1411345676894,44.25705987542853,0.0010302991894545646,5.1514959472728235,322.42705098312484,0.4679069814042091,LUBRICATION,LUBRICATION_SYSTEM,0.4,0.6,True
8.75,8.75,AEROTWIN-4-001,IDLE,0.15,1186.4943640853223,142.53495109882218,23.985307222446586,11.663498470904866,21.611812237830495,2.497433732657011,-12.445747499582641,-0.21790345334571157,-0.21790345334571157,-0.9940930315130598,13.093398409109348,33.33458590395977,509.3795912054189,24.76076930707689,305.57203922803495,44.319557425555736,0.001032951115232422,5.1647555761621105,322.42705098312484,0.2830427403234056,LUBRICATION,LUBRICATION_SYSTEM,0.4,0.6,True
8.76,8.76,AEROTWIN-4-001,IDLE,0.15,1187.2337185633237,213.7246129439415,23.95784355914124,25.430436100111244,21.39694771729552,2.484987985157428,1.5485003976582945,-0.9063139260163673,-0.21765394947151648,26.77205792507064,-0.21765394947151648,33.33451037227918,509.3785990098914,24.760553545585726,305.3404857627277,44.28597337405451,0.0010315248187573504,5.157624093786752,322.42705098312484,0.09300835570378613,LUBRICATION,LUBRICATION_SYSTEM,0.4,0.6,True
8.77,8.77,AEROTWIN-4-001,IDLE,0.15,1192.9081951350652,284.95863605774093,23.961267372324496,35.79475512575379,21.423622699698356,2.4865364855550864,11.884595940500345,-1.5773117692531178,-0.21768505437708738,37.80743700376107,-0.21768505437708738,33.33446129290663,509.37794848545695,24.760338230971954,305.36930826579544,44.29015373225444,0.0010317021994055437,5.158510997027719,322.42705098312484,0.2743455120420783,LUBRICATION,LUBRICATION_SYSTEM,0.4,0.6,True
8.78,8.78,AEROTWIN-4-001,IDLE,0.15,1181.3882460437856,356.5331277658448,23.987480644485423,0.0,21.628903875099365,2.4984210814955867,-24.12732495659495,-0.09883593824440945,-0.21792319860740234,0.3408882790968584,-0.21792319860740234,33.334609264400086,509.37974614266415,24.760125687171914,305.59039898576293,44.322220288097085,0.0010330643285216933,5.165321642608467,322.42705098312484,0.48720576795629567,LUBRICATION,LUBRICATION_SYSTEM,0.4,0.6,True
8.790000000000001,8.790000000000001,AEROTWIN-4-001,IDLE,0.15,1192.2090032221063,427.41642252847197,23.934145446064974,46.35041363698973,21.21317904198975,2.4742937565389918,22.662940838460987,48.29103242625627,-1.5057414789859147,-0.21743865514031602,-0.21743865514031602,33.3343574624149,509.376561737402,24.759907830168775,305.14133403612556,44.25708880593158,0.0010303004147317017,5.151502073658509,322.42705098312484,0.45937463033575965,LUBRICATION,LUBRICATION_SYSTEM,0.4,0.6,True
8.8,8.8,AEROTWIN-4-001,IDLE,0.15,1187.2245702273124,498.94896272179835,23.984256857871703,13.661141518697193,21.603556873823173,2.4969566973774526,-10.439372052503433,15.170162051269621,-1.0732327107370805,-0.21789391091767357,-0.21789391091767357,33.33448244615768,509.3780944096336,24.75969515634998,305.5631682339734,44.318270794319034,0.001032896419750104,5.16448209875052,322.42705098312484,0.2480589548522541,LUBRICATION,LUBRICATION_SYSTEM,0.4,0.6,True
8.81,8.81,AEROTWIN-4-001,IDLE,0.15,1186.3524381525388,570.1824369354371,23.961225019859505,22.083220716953065,21.423292537674055,2.4865173253249497,-1.8265891460459396,-0.21768466961035107,23.339405466889176,-0.21768466961035107,-0.8208154107154096,33.33443338905977,509.3774525794902,24.759480234365682,305.3689516550897,44.290102010150896,0.001031700004464018,5.15850002232009,322.42705098312484,0.10012428567006385,LUBRICATION,LUBRICATION_SYSTEM,0.4,0.6,True
8.82,8.82,AEROTWIN-4-001,IDLE,0.15,1193.077740553891,641.3635832245894,23.957186105979424,37.96196025636505,21.391829108680554,2.4846907361789037,14.085440411505596,-0.217647976593494,39.99761624147406,-0.217647976593494,-1.6003600319220233,33.3343548035774,509.3764530242112,24.759265001969347,305.33495260569634,44.28517085602498,0.0010314907714872707,5.157453857436353,322.42705098312484,0.31231741017269304,LUBRICATION,LUBRICATION_SYSTEM,0.4,0.6,True
8.83,8.83,AEROTWIN-4-001,IDLE,0.15,1181.7242897899953,712.9482476578229,23.988262113282318,0.35521695053540636,21.63505244911089,2.4987761765904093,-23.77861167516589,-0.21793029815163356,0.9917354680981179,-0.21793029815163356,-0.2006579212594444,33.3345099526281,509.3783607302718,24.75905303652035,305.59700162642395,44.323177921893276,0.0010331050473362962,5.165525236681481,322.42705098312484,0.48100810049099146,LUBRICATION,LUBRICATION_SYSTEM,0.4,0.6,True
8.84,8.84,AEROTWIN-4-001,IDLE,0.15,1192.1310884177817,63.851705045222616,23.93570789227744,45.496194501599156,21.225248859055572,2.474997564915243,21.795948077628342,-0.21745284976464185,-0.21745284976464185,-1.463984615169133,47.39508481629757,33.33427091113705,509.3753549790679,24.75883583075296,305.15444589045006,44.2589905230591,0.001030380961797425,5.151904808987124,322.42705098312484,0.4444081764436974,LUBRICATION,LUBRICATION_SYSTEM,0.4,0.6,True
8.85,8.85,AEROTWIN-4-001,IDLE,0.15,1188.1533074659396,135.37957035028953,23.983897506818096,15.766481807265007,21.600733238203183,2.4967935129928716,-8.331044943931047,-0.2178906462592384,-0.2178906462592384,-1.1478591867286516,17.350122286512136,33.33439424542052,509.3768844281988,24.75862361764178,305.5601335636165,44.31783065179981,0.0010328777099884252,5.164388549942126,322.42705098312484,0.21120693635816473,LUBRICATION,LUBRICATION_SYSTEM,0.4,0.6,True
8.86,8.86,AEROTWIN-4-001,IDLE,0.15,1185.6597885135113,206.66876879824594,23.965523127690517,18.722872087546197,21.4568235011877,2.4884624680489407,-5.222413881690443,-0.7329102316460515,-0.21772371737115495,19.891229753934557,-0.21772371737115495,33.3343783560657,509.3766708778364,24.75840962809819,305.40515189917926,44.29535242115316,0.0010319228521182872,5.159614260591436,322.42705098312484,0.15903261706426747,LUBRICATION,LUBRICATION_SYSTEM,0.4,0.6,True
8.870000000000001,8.870000000000001,AEROTWIN-4-001,IDLE,0.15,1193.348007585976,277.8083561090566,23.953976478607714,39.95226566800304,21.36685724234027,2.48324005416725,16.102168371495516,-1.617007979286881,-0.21761881753867088,42.00451128236726,-0.21761881753867088,33.33427652668051,509.3753940152534,24.758194564933486,305.3079469076522,44.28125400359206,0.0010313246205210067,5.1566231026050335,322.42705098312484,0.3471838053135762,LUBRICATION,LUBRICATION_SYSTEM,0.4,0.6,True
8.88,8.88,AEROTWIN-4-001,IDLE,0.15,1182.344031042555,349.4092365642151,23.989507618576486,1.0975231478379592,21.64485550468944,2.4993422225387456,-23.046674579390228,-0.30042089354321183,-0.217941613408188,1.833827268197547,-0.217941613408188,33.3344420063949,509.3774440252661,24.75798322427087,305.6075263007472,44.324704399607775,0.001033169958346201,5.165849791731005,322.42705098312484,0.4680474359996722,LUBRICATION,LUBRICATION_SYSTEM,0.4,0.6,True
8.89,8.89,AEROTWIN-4-001,IDLE,0.15,1192.1687853346668,420.34987842676844,23.938588354724054,44.30073017509706,21.24751735552212,2.4762955479593556,20.57691727161558,46.15320966281737,-1.4175214509240075,-0.21747901839815276,-0.21747901839815276,33.33422511599602,509.37472679508124,24.757766801693155,305.178625182474,44.262497439215664,0.0010305295213170244,5.1526476065851226,322.42705098312484,0.4234550827676536,LUBRICATION,LUBRICATION_SYSTEM,0.4,0.6,True
8.9,8.9,AEROTWIN-4-001,IDLE,0.15,1189.2242256808634,491.88000554684845,23.984071371531037,17.93190050053348,21.602099352933056,2.4968724652309713,-6.167071317630548,19.584413477363942,-1.216728525234553,-0.21789222579795403,-0.21789222579795403,33.33435031412771,509.3762881046334,24.757555102463805,305.5616018096466,44.318043603267526,0.001032886762156651,5.164433810783255,322.42705098312484,0.17331625243910626,LUBRICATION,LUBRICATION_SYSTEM,0.4,0.6,True
8.91,8.91,AEROTWIN-4-001,IDLE,0.15,1185.151597971948,563.2334590877002,23.970475459615855,15.456534156356819,21.495520289867116,2.490705393913341,-8.529691527423639,-0.21776870867431555,16.536359773914203,-0.21776870867431555,-0.6442882002087533,33.334371997768024,509.37654842730933,24.757342111946752,305.44688703742986,44.30140560213475,0.0010321798598075156,5.1608992990375775,322.42705098312484,0.21631137189617086,LUBRICATION,LUBRICATION_SYSTEM,0.4,0.6,True
8.92,8.92,AEROTWIN-4-001,IDLE,0.15,1193.6901211486318,634.3425549660171,23.951620529075953,41.71376171899306,21.348544893689546,2.482175702385917,17.8830411229176,-0.2175974140380145,43.77625201341898,-0.2175974140380145,-1.6272954663498889,33.3342527102458,509.37505683004315,24.757127302954267,305.2881310736272,44.27837995465674,0.001031202729761267,5.156013648806335,322.42705098312484,0.3780364623767183,LUBRICATION,LUBRICATION_SYSTEM,0.4,0.6,True
8.93,8.93,AEROTWIN-4-001,IDLE,0.15,1183.102514569462,705.963962234935,23.99108385379355,1.9826951212773536,21.65726774324758,2.5000587435088346,-22.174631365479062,-0.21795593330385987,2.8150668831885546,-0.21795593330385987,-0.39645989530348114,33.334430353979506,509.37726188978434,24.756916619810372,305.6208481219054,44.32663656990491,0.001033252129269173,5.166260646345865,322.42705098312484,0.452594510231211,LUBRICATION,LUBRICATION_SYSTEM,0.4,0.6,True
8.94,8.94,AEROTWIN-4-001,IDLE,0.15,1192.2009425242588,56.950113109102745,23.942111826769086,42.80837407782814,21.274787017681195,2.4778841121433555,19.055702948003592,-0.21751102869175704,-0.21751102869175704,-1.367376618649422,44.61077275386108,33.33423972398253,509.3748742773552,24.756701044647777,305.20821407466826,44.26678895296173,0.0010307113608594304,5.153556804297152,322.42705098312484,0.3972991595157447,LUBRICATION,LUBRICATION_SYSTEM,0.4,0.6,True
8.950000000000001,8.950000000000001,AEROTWIN-4-001,IDLE,0.15,1190.2986434463796,128.48216966055827,23.984219682100914,20.116038688346986,21.603264745253053,2.496939815091359,-3.9841658719974262,-0.2178935731805431,-0.2178935731805431,-1.2792561821741506,21.831082016882224,33.33436585959336,509.3764456815032,24.756489855190495,305.56285428314334,44.31822525951854,0.0010328944841149718,5.164472420574859,322.42705098312484,0.13509736846035575,LUBRICATION,LUBRICATION_SYSTEM,0.4,0.6,True
8.96,8.96,AEROTWIN-4-001,IDLE,0.15,1184.7290280595653,199.90008826734106,23.975439910486426,12.362359026858904,21.53437856599744,2.4929556492193616,-11.664975188357896,-0.5560476166626962,-0.2178138100765461,13.354034263674691,-0.2178138100765461,33.33442454471256,509.37716252951407,24.756277865004993,305.488751005075,44.30747746827407,0.0010324377547619808,5.162188773809905,322.42705098312484,0.27057761987887297,LUBRICATION,LUBRICATION_SYSTEM,0.4,0.6,True
8.97,8.97,AEROTWIN-4-001,IDLE,0.15,1193.995690624548,270.983829950915,23.949660819592708,43.2226671779614,21.333323812300154,2.481290674031004,19.40805269163024,-1.63160651181202,-0.21757961032760156,45.28943291042863,-0.21757961032760156,33.33429004583656,509.3754744783017,24.756063348664526,305.2716525440365,44.275989941681964,0.001031101383480571,5.155506917402856,322.42705098312484,0.4044643402909659,LUBRICATION,LUBRICATION_SYSTEM,0.4,0.6,True
8.98,8.98,AEROTWIN-4-001,IDLE,0.15,1183.8794209190899,342.62357138838786,23.99249136882313,2.981590133271123,21.668357132148586,2.5006987267226344,-21.1874657256001,-0.48821973534165136,-0.21796872039817294,3.905747309409121,-0.21796872039817294,33.33447784342243,509.3778000551833,24.755853304480965,305.6327462793699,44.32836225486725,0.001033325526843577,5.166627634217885,322.42705098312484,0.4351474129596702,LUBRICATION,LUBRICATION_SYSTEM,0.4,0.6,True
8.99,8.99,AEROTWIN-4-001,IDLE,0.15,1192.1297734035666,413.6563366435332,23.945718777184176,41.0617462611722,21.30273716366947,2.4795112609970342,17.279497836505698,42.81103262123368,-1.3141987653100822,-0.21754379737569363,-0.21754379737569363,33.33431340858706,509.3757319484833,24.755638584620662,305.23851771916515,44.27118413295227,0.0010308976419582635,5.154488209791317,322.42705098312484,0.3666925685201054,LUBRICATION,LUBRICATION_SYSTEM,0.4,0.6,True
9.0,9.0,AEROTWIN-4-001,IDLE,0.15,1191.2702047291552,485.1841230477472,23.983891441654205,22.29719992059486,21.60068558361909,2.49679075883354,-1.8002764218577694,24.06860347012663,-1.33562236721577,-0.21789059115799891,-0.21789059115799891,33.33443618064775,509.3772514098013,24.755427854549342,305.5600823453504,44.31782322320493,0.0010328773942148463,5.164386971074231,322.42705098312484,0.0969192248426435,LUBRICATION,LUBRICATION_SYSTEM,0.4,0.6,True
9.01,9.01,AEROTWIN-4-001,IDLE,0.15,1184.3079939233849,556.6603353314965,23.97992559805381,9.482917331857832,21.5695470628807,2.494990482411682,-14.581620213434551,-0.2178545619753022,10.387063931471221,-0.2178545619753022,-0.46843747566278476,33.33452766596594,509.37836449801165,24.75521681572562,305.5266007321877,44.31296711699504,0.0010326710016403287,5.163355008201644,322.42705098312484,0.32107468180955745,LUBRICATION,LUBRICATION_SYSTEM,0.4,0.6,True
9.02,9.02,AEROTWIN-4-001,IDLE,0.15,1194.1809016678535,627.7188149668996,23.94770760613515,44.47634193711551,21.318163448522107,2.480408862198247,20.677769626395154,-0.2175618656327525,46.54188655966622,-0.2175618656327525,-1.6304208912852067,33.33437740203953,509.37646595438565,24.75500259104786,305.2552327343953,44.27360844533123,0.0010310004129050723,5.155002064525362,322.42705098312484,0.4264256161938399,LUBRICATION,LUBRICATION_SYSTEM,0.4,0.6,True
9.03,9.03,AEROTWIN-4-001,IDLE,0.15,1184.5864995043428,699.3696690669708,23.9933443282049,4.081697717902609,21.675079987725557,2.5010866318246427,-20.094468901647588,-0.21797646942523888,5.093659676352995,-0.21797646942523888,-0.576009019599908,33.33457056712331,509.37884612052653,24.754793127539653,305.6399576658138,44.329408179934305,0.001033370016257929,5.166850081289645,322.42705098312484,0.4159158731403911,LUBRICATION,LUBRICATION_SYSTEM,0.4,0.6,True
9.040000000000001,9.040000000000001,AEROTWIN-4-001,IDLE,0.15,1191.8819074685794,50.44485903723137,23.94899968739733,39.08864999294194,21.328191119761637,2.480992162922995,15.279466710257307,-0.21757360402602888,-0.21757360402602888,-1.2581390610738452,40.781936262067845,33.33442938709256,509.3770548958724,24.754579229433354,305.26609423766627,44.27518377604264,0.0010310672020777479,5.155336010388739,322.42705098312484,0.3321264743242709,LUBRICATION,LUBRICATION_SYSTEM,0.4,0.6,True
9.05,9.05,AEROTWIN-4-001,IDLE,0.15,1192.0653669432827,121.95777348534614,23.982748115055205,24.472212404419103,21.59170414947957,2.4962716296332523,0.3842366253062828,-0.2178802041818425,-0.2178802041818425,-1.386434508179003,26.294407320961792,33.33454215585329,509.37843505524785,24.754368873621672,305.5504280551964,44.31642298426957,0.0010328178755787604,5.164089377893802,322.42705098312484,0.07596051259061441,LUBRICATION,LUBRICATION_SYSTEM,0.4,0.6,True
9.06,9.06,AEROTWIN-4-001,IDLE,0.15,1183.8258810792972,193.48169550194308,23.98359437600466,6.8382686593127975,21.598351632823142,2.4966558662585583,-17.256738839768904,-0.3809792217520265,-0.2178878923545062,7.655023665773836,-0.2178878923545062,33.33465991408968,509.37985933612805,24.754158702257886,305.557573775201,44.3174593852076,0.0010328619284165137,5.164309642082569,322.42705098312484,0.36744344296944176,LUBRICATION,LUBRICATION_SYSTEM,0.4,0.6,True
9.07,9.07,AEROTWIN-4-001,IDLE,0.15,1194.1870316182024,264.5112483667009,23.94547027555588,45.48055248576139,21.300810414501115,2.4793991274187897,21.700342943841488,-1.6240808315974617,-0.21754153977013263,47.53971639689912,-0.21754153977013263,33.334491433241006,509.3777168017588,24.7539447389098,305.23642949692714,44.27088126137532,0.001030884803748845,5.1544240187442245,322.42705098312484,0.4440244739852884,LUBRICATION,LUBRICATION_SYSTEM,0.4,0.6,True
9.08,9.08,AEROTWIN-4-001,IDLE,0.15,1185.167210240989,336.162470263793,23.993372556627577,5.285332266112164,21.67530251264613,2.501099470362631,-18.8910697168966,-0.6607057514112776,-0.2179767258768543,6.381991469277149,-0.2179767258768543,33.334683422989784,509.38006832383695,24.753735769921583,305.64019633804276,44.329442796477046,0.0010333714887528675,5.1668574437643375,322.42705098312484,0.3948529418164903,LUBRICATION,LUBRICATION_SYSTEM,0.4,0.6,True
9.09,9.09,AEROTWIN-4-001,IDLE,0.15,1191.4053602679078,407.27250287825234,23.9516929204449,36.896466620796744,21.34910735577862,2.4822084006457343,13.065150864372388,38.53050147217717,-1.198838707971712,-0.21759807170435747,-0.21759807170435747,33.334560906257245,509.37849542013004,24.753522633395928,305.28873986691093,44.27846825281703,0.0010312064742431706,5.156032371215853,322.42705098312484,0.2937329844446929,LUBRICATION,LUBRICATION_SYSTEM,0.4,0.6,True
9.1,9.1,AEROTWIN-4-001,IDLE,0.15,1192.638319868249,478.7568244943268,23.980549345916067,26.65201978555349,21.574441685640206,2.4952735515101065,2.582304548403179,28.5201758086671,-1.4324355658236434,-0.2178602286449822,-0.2178602286449822,33.334655559609764,509.37963533188446,24.75331254212296,305.53186558269664,44.313730720383155,0.0010327034520749064,5.163517260374532,322.42705098312484,0.11413171309130925,LUBRICATION,LUBRICATION_SYSTEM,0.4,0.6,True
9.11,9.11,AEROTWIN-4-001,IDLE,0.15,1183.2454630868888,550.3151236864218,23.986236526218665,4.444621251739509,21.619118636042664,2.49785585605851,-19.672353240361666,-0.21791189595181476,5.173092951345759,-0.21791189595181476,-0.2926479077026205,33.33479180713881,509.3812751571023,24.753103132437865,305.57988879289917,44.32069591074451,0.001032999516445966,5.16499758222983,322.42705098312484,0.40939524071585254,LUBRICATION,LUBRICATION_SYSTEM,0.4,0.6,True
9.120000000000001,9.120000000000001,AEROTWIN-4-001,IDLE,0.15,1193.978877619376,621.309851471635,23.942775654988143,46.238122717777955,21.279928386162695,2.478183502818148,22.480010828797113,-0.21751705948636055,48.2858063684344,-0.21751705948636055,-1.6126495316837253,33.334601734158696,509.3788484766406,24.752889382711352,305.2137901561594,44.26759769666905,0.0010307456341550408,5.153728170775204,322.42705098312484,0.4573122857528915,LUBRICATION,LUBRICATION_SYSTEM,0.4,0.6,True
9.13,9.13,AEROTWIN-4-001,IDLE,0.15,1185.5943475552776,692.9485841287976,23.992413933269074,6.607891710931997,21.66774689940082,2.5006635136469453,-17.56051870211577,-0.21796801690605236,7.787300114683312,-0.21796801690605236,-0.7434723699392101,33.33478515411611,509.38108249799,24.752680805379875,305.63209163628386,44.32826730674334,0.0010333214882726023,5.166607441363011,322.42705098312484,0.3716852886076485,LUBRICATION,LUBRICATION_SYSTEM,0.4,0.6,True
9.14,9.14,AEROTWIN-4-001,IDLE,0.15,1190.6675276129163,44.08424498211434,23.953673148223793,34.472845136563286,21.364498675341302,2.4831029949448298,10.625243466277155,-0.21761606182086626,-0.21761606182086626,-1.135491181462693,36.043568441667716,33.33467614319138,509.37966729877826,24.75246835741113,305.3053952687894,44.28088391899468,0.001031308923744438,5.15654461872219,322.42705098312484,0.25129735416681903,LUBRICATION,LUBRICATION_SYSTEM,0.4,0.6,True
9.15,9.15,AEROTWIN-4-001,IDLE,0.15,1192.965909662703,115.52429663888933,23.97714343655991,28.855176373137244,21.547728026224657,2.493728238411107,4.81372010850148,-0.21782928639339433,-0.21782928639339433,-1.4742729269893224,30.765107872913354,33.334743835344725,509.38046169957147,24.752258405593047,305.5031225861217,44.30956189364592,0.0010325263098051561,5.162631549025781,322.42705098312484,0.1527250355082077,LUBRICATION,LUBRICATION_SYSTEM,0.4,0.6,True
9.16,9.16,AEROTWIN-4-001,IDLE,0.15,1182.5616228711058,187.10225121865153,23.98774667368465,2.3388514558478004,21.6309967975436,2.4985419585196085,-21.79068730021541,-0.20208318573091405,-0.2179256154487071,2.976785872476129,-0.2179256154487071,33.3348903723562,509.3822212612233,24.752049640660566,305.5926465950567,44.322546276853835,0.0010330781893787679,5.165390946893839,322.42705098312484,0.4462822091074595,LUBRICATION,LUBRICATION_SYSTEM,0.4,0.6,True
9.17,9.17,AEROTWIN-4-001,IDLE,0.15,1193.5470991255777,258.05594859091786,23.939599366963957,46.74001755416424,21.255338618122035,2.476751271219393,23.007927664822812,-1.5958471346698533,-0.21748820331525248,48.770841095464604,-0.21748820331525248,33.33467555872678,509.3794778537804,24.75183605461167,305.1871139569643,44.26372863409019,0.0010305816845290426,5.152908422645213,322.42705098312484,0.46613122021748504,LUBRICATION,LUBRICATION_SYSTEM,0.4,0.6,True
9.18,9.18,AEROTWIN-4-001,IDLE,0.15,1185.871143979062,329.66877453845257,23.99042495219682,8.07535465541979,21.652078321587677,2.499759198884216,-16.076482865052103,-0.8254823003886373,-0.2179499472669911,9.33673685034241,-0.2179499472669911,33.33484309261791,509.3815110927754,24.751627761677174,305.61527897107817,44.325828831407236,0.0010332177767865378,5.166088883932689,322.42705098312484,0.3459572568609173,LUBRICATION,LUBRICATION_SYSTEM,0.4,0.6,True
9.19,9.19,AEROTWIN-4-001,IDLE,0.15,1189.6592396819221,400.8210431771963,23.9549560453142,31.79192742778432,21.37447562429832,2.4836827160191635,7.933769087466835,33.29415483783108,-1.066971976492527,-0.21762771677711493,-0.21762771677711493,33.33474293255032,509.3802038057327,24.751415930752987,305.3161877746077,44.28244924245355,0.001031375317805122,5.15687658902561,322.42705098312484,0.20436688127635616,LUBRICATION,LUBRICATION_SYSTEM,0.4,0.6,True
9.200000000000001,9.200000000000001,AEROTWIN-4-001,IDLE,0.15,1193.0475468050877,472.20059755811167,23.972485974199124,31.09931946545156,21.51124913618299,2.4916164851066305,7.096453844161941,33.04720612357167,-1.512312710234961,-0.2177869739425747,-0.2177869739425747,33.334774905590436,509.3805526704531,24.75120598911115,305.4638379771897,44.303864132535644,0.0010322842714978412,5.161421357489206,322.42705098312484,0.19204965678949604,LUBRICATION,LUBRICATION_SYSTEM,0.4,0.6,True
9.21,9.21,AEROTWIN-4-001,IDLE,0.15,1181.8206133428882,543.7834503664169,23.98812295166502,0.6190358880110743,21.633957407185573,2.4987129389507925,-23.513634458125292,-0.2179290338861104,1.1627454335499128,-0.2179290338861104,-0.10785147776661767,33.33492389678762,509.3823449451796,24.750997751602,305.595825799048,44.323007382242324,0.0010330977957795973,5.165488978897987,322.42705098312484,0.4763879515601192,LUBRICATION,LUBRICATION_SYSTEM,0.4,0.6,True
9.22,9.22,AEROTWIN-4-001,IDLE,0.15,1192.9243307456202,614.6926871669903,23.936155678301493,46.95947983460235,21.228709183469807,2.4751993044926675,23.255571346639876,-0.217456917843491,48.96746135438909,-0.217456917843491,-1.5730676840997566,33.33468317337348,509.3792808701257,24.75078430125587,305.1582041338206,44.25953561116108,0.0010304040506722892,5.152020253361447,322.42705098312484,0.47001062125104653,LUBRICATION,LUBRICATION_SYSTEM,0.4,0.6,True
9.23,9.23,AEROTWIN-4-001,IDLE,0.15,1186.0447696513804,686.2681470117275,23.9875550211113,9.719424809735925,21.629488996287048,2.498454875839307,-14.40851906239043,-0.21792387430955099,11.06288222256907,-0.21792387430955099,-0.9076096642140443,33.334829005851425,509.3810521329778,24.75057620103482,305.59102736610555,44.322311427125214,0.0010330682036742858,5.1653410183714294,322.42705098312484,0.31711760676704726,LUBRICATION,LUBRICATION_SYSTEM,0.4,0.6,True
9.24,9.24,AEROTWIN-4-001,IDLE,0.15,1188.4145406930843,37.43083319081029,23.95576062832762,28.828018258881038,21.380735038566776,2.484046356776917,4.963236863537345,-0.21763502631105172,-0.21763502631105172,-0.9920945863217456,30.255382897824887,33.33473500899389,509.3798307309325,24.75036493793315,305.32295731620343,44.28343108322751,0.0010314169663268446,5.157084831634223,322.42705098312484,0.15248943337897944,LUBRICATION,LUBRICATION_SYSTEM,0.4,0.6,True
9.25,9.25,AEROTWIN-4-001,IDLE,0.15,1192.918832058872,108.73570563239534,23.96673154215419,33.38903511371503,21.466259743816572,2.4890095936404544,9.433765776258006,-0.2177346956622506,-0.2177346956622506,-1.5464774860787023,35.370981991118235,33.33472402031612,509.3796554800991,24.75015489350656,305.41533320659084,44.296829097617525,0.0010319855406424386,5.159927703212193,322.42705098312484,0.23218413846799743,LUBRICATION,LUBRICATION_SYSTEM,0.4,0.6,True
9.26,9.26,AEROTWIN-4-001,IDLE,0.15,1181.3986881615308,180.31083555592767,23.98752967517837,0.0,21.629289598039666,2.4984433594167124,-24.127732957456377,-0.008866894561772927,-0.21792364404498682,0.02742973857298428,-0.21792364404498682,33.334869165213945,509.3814150211218,24.749947082911966,305.5908132271011,44.32228036883229,0.0010330668831001807,5.1653344155009036,322.42705098312484,0.4872069367427321,LUBRICATION,LUBRICATION_SYSTEM,0.4,0.6,True
9.27,9.27,AEROTWIN-4-001,IDLE,0.15,1192.4601501550528,251.1947568456195,23.934194003022526,46.85494149501505,21.213554044014696,2.474315626459256,23.167071824541097,-1.543741097472707,-0.21743909627407493,48.83356078503591,-0.21743909627407493,33.33461458617558,509.3781933690916,24.74973391769652,305.1417414809938,44.25714790092038,0.0010303029175548347,5.151514587774174,322.42705098312484,0.4682033202166828,LUBRICATION,LUBRICATION_SYSTEM,0.4,0.6,True
9.28,9.28,AEROTWIN-4-001,IDLE,0.15,1186.4639755471549,322.7423658549227,23.985415027514854,11.551783671214238,21.612659704806266,2.497482698283797,-12.558358731875824,-0.9893951467200818,-0.21790443274099075,12.9769876834163,-0.21790443274099075,33.334745152792266,509.3797928849308,24.74952608459652,305.5729497783736,44.31968948995575,0.0010329567296092344,5.164783648046172,322.42705098312484,0.2850003186500503,LUBRICATION,LUBRICATION_SYSTEM,0.4,0.6,True
9.290000000000001,9.290000000000001,AEROTWIN-4-001,IDLE,0.15,1187.2954803194314,393.930204387752,23.95770279422332,25.622275554700266,21.39585169247602,2.484924339551921,1.7414995226723269,26.968755374645223,-0.9111744786645312,-0.217652670640212,-0.217652670640212,33.33466664337906,509.3787826237563,24.749315504950555,305.3393010393329,44.285801544142764,0.001031517528639898,5.1575876431994905,322.42705098312484,0.09636712655656486,LUBRICATION,LUBRICATION_SYSTEM,0.4,0.6,True
9.3,9.3,AEROTWIN-4-001,IDLE,0.15,1192.9066711195878,465.1679332069179,23.961553292295548,35.664568107954935,21.425851738439217,2.4866658390745937,11.752050530441124,37.67572405132705,-1.5757806395250908,-0.21768765192351422,-0.21768765192351422,33.334617804471264,509.3781539782993,24.749105416173116,305.3717157825133,44.29050291366417,0.001031717017867676,5.15858508933838,322.42705098312484,0.27206403140775703,LUBRICATION,LUBRICATION_SYSTEM,0.4,0.6,True
9.31,9.31,AEROTWIN-4-001,IDLE,0.15,1181.3867499391993,536.7423334740931,23.987473619533105,0.0,21.628848610556222,2.498417889605035,-24.127266500161255,0.31046941304768955,-0.09287836819409608,-0.21792313478660755,-0.21792313478660755,33.3347638194266,509.37994584503593,24.74889808707502,305.59033963487684,44.32221167996327,0.0010330639625123848,5.165319812561924,322.42705098312484,0.48720560049695116,LUBRICATION,LUBRICATION_SYSTEM,0.4,0.6,True
9.32,9.32,AEROTWIN-4-001,IDLE,0.15,1192.22604190827,607.6255384704451,23.934138488988115,46.38917595001695,21.213125313481004,2.474290623104874,22.70176001343107,-0.2174385919361611,48.3320698892393,-0.2174385919361611,-1.5080167553500265,33.33451010094056,509.37675580602684,24.7486853992581,305.14127565900645,44.25708033903098,0.001030300056137654,5.15150028068827,322.42705098312484,0.4600530492773748,LUBRICATION,LUBRICATION_SYSTEM,0.4,0.6,True
9.33,9.33,AEROTWIN-4-001,IDLE,0.15,1187.183812436475,679.1591009849413,23.984335439183766,13.54074605332862,21.604174381080632,2.496992383118305,-10.560420710870318,-0.21789462481885935,15.045244372686783,-0.21789462481885935,-1.0687090697204435,33.33463381981246,509.37829092883686,24.748477941529067,305.5638318611806,44.31836704548191,0.001032900511300319,5.164502556501595,322.42705098312484,0.2501677481504764,LUBRICATION,LUBRICATION_SYSTEM,0.4,0.6,True
9.34,9.34,AEROTWIN-4-001,IDLE,0.15,1186.4069550791355,30.390129731129832,23.9610363269957,22.28120734419363,21.42182162625566,2.4864319624074347,-1.6270462444694664,-0.21768295535977825,-0.21768295535977825,-0.8259193456906889,23.54249260060387,33.33458152060877,509.3776267180887,24.748268187170197,305.3673628715518,44.28987157616413,0.0010316902255727413,5.158451127863707,322.42705098312484,0.09665503256039792,LUBRICATION,LUBRICATION_SYSTEM,0.4,0.6,True
9.35,9.35,AEROTWIN-4-001,IDLE,0.15,1193.0724580927058,101.57454703587796,23.957438656852855,37.83879699113023,21.393795208358174,2.484804916162965,13.960196866609092,-0.21765027098592996,-0.21765027098592996,-1.599181795620858,39.873279328722944,33.33450302382097,509.37664617374185,24.74805816186888,305.337078030784,44.28547912342886,0.0010315038497069693,5.157519248534847,322.42705098312484,0.3101592173363048,LUBRICATION,LUBRICATION_SYSTEM,0.4,0.6,True
9.36,9.36,AEROTWIN-4-001,IDLE,0.15,1181.7007953721677,173.15889452144032,23.9882377668906,0.31687127224164835,21.634860867174673,2.4987651130295743,-23.8167547079626,-0.21793007696777367,-0.21793007696777367,-0.19469271097088622,0.9474241371480819,33.334656186563855,509.37854678715235,24.747851397905805,305.5967959133293,44.32314808567745,0.0010331037786581961,5.16551889329098,322.42705098312484,0.48167856945545096,LUBRICATION,LUBRICATION_SYSTEM,0.4,0.6,True
9.370000000000001,9.370000000000001,AEROTWIN-4-001,IDLE,0.15,1192.1368276389844,244.06094224377037,23.935598667173608,45.55652811544296,21.22440488908338,2.4749483583216114,21.857174868037966,-1.4665928671514519,-0.21745185746852091,47.45802469753145,-0.21745185746852091,33.334414571615156,509.37552631549016,24.747639340242433,305.1535292025513,44.258857568479634,0.0010303753302152022,5.1518766510760114,322.42705098312484,0.44546524619920197,LUBRICATION,LUBRICATION_SYSTEM,0.4,0.6,True
9.38,9.38,AEROTWIN-4-001,IDLE,0.15,1188.0984853831067,315.58915190210945,23.9839239774242,15.639862512204928,21.600941221512752,2.49680553318965,-8.457884242497475,-1.143598035579059,-0.21789088674131474,17.21924232126662,-0.21789088674131474,33.334536358463744,509.37705394087675,24.74743232552228,305.56035709943933,44.31786307298848,0.001032879088145016,5.16439544072508,322.42705098312484,0.2134234048145594,LUBRICATION,LUBRICATION_SYSTEM,0.4,0.6,True
9.39,9.39,AEROTWIN-4-001,IDLE,0.15,1185.7001969392809,386.8750610250959,23.965269500769917,18.92022756437449,21.454843486302142,2.488347648947152,-5.022963570874805,20.093821905725655,-0.7381515149452322,-0.21772141320296784,-0.21772141320296784,33.33451685089911,509.376812657519,24.747223488382726,305.4030152057308,44.29504251940879,0.0010319096967391001,5.159548483695501,322.42705098312484,0.15557286259267059,LUBRICATION,LUBRICATION_SYSTEM,0.4,0.6,True
9.4,9.4,AEROTWIN-4-001,IDLE,0.15,1193.3342051155391,458.0170728414528,23.954163771246563,39.840267694603554,21.368313673242184,2.4833246853762776,15.988629335985092,41.891710858395015,-1.6162021256547117,-0.21762051906837873,-0.21762051906837873,33.33441473987065,509.3755495683407,24.74701361108216,305.30952247732404,44.281482521066124,0.001031334313041544,5.15667156520772,322.42705098312484,0.3452217364998312,LUBRICATION,LUBRICATION_SYSTEM,0.4,0.6,True
9.41,9.41,AEROTWIN-4-001,IDLE,0.15,1182.307341604997,529.6171251483852,23.989444017171067,1.0490591947387624,21.644354811264556,2.4993133147122624,-23.094608931238056,1.7795296965944276,-0.29458843066058266,-0.21794103559754124,-0.21794103559754124,33.33457805899069,509.37758977418173,24.74680745683149,305.6069888197865,44.3246264444442,0.0010331666432847892,5.165833216423946,322.42705098312484,0.4688940387815294,LUBRICATION,LUBRICATION_SYSTEM,0.4,0.6,True
9.42,9.42,AEROTWIN-4-001,IDLE,0.15,1192.170930407506,600.555565644685,23.938417865555692,44.3806694940253,21.246198708249384,2.4762187057810245,20.658252079994888,-0.21747746952582855,46.23602335229473,-0.21747746952582855,-1.4203989192177773,33.33435826269465,509.37485317622935,24.74659616650275,305.17719380951496,44.26228983574443,0.001030520725965801,5.152603629829005,322.42705098312484,0.42485594206980676,LUBRICATION,LUBRICATION_SYSTEM,0.4,0.6,True
9.43,9.43,AEROTWIN-4-001,IDLE,0.15,1189.1643313144757,672.0858214691353,23.984081264827978,17.80204763300489,21.60217709044614,2.4968769578610193,-6.2970064153022705,-0.21789231567729345,19.450634604400314,-0.21789231567729345,-1.2128023400408363,33.33448191654561,509.37641224556967,24.746389652097807,305.56168535717296,44.318055720833655,0.0010328872772551701,5.164436386275851,322.42705098312484,0.1755889133810922,LUBRICATION,LUBRICATION_SYSTEM,0.4,0.6,True
9.44,9.44,AEROTWIN-4-001,IDLE,0.15,1185.183851300318,23.435681348003868,23.97019859212721,15.647237238212888,21.493355133592708,2.4905799514457168,-8.336697846825537,-0.21776619336853542,-0.21776619336853542,-0.6495737193766686,16.732343344326626,33.33449993124141,509.37664379570805,24.746181803563594,305.4445530710708,44.301067088321965,0.0010321654846222616,5.160827423111308,322.42705098312484,0.21296747847150804,LUBRICATION,LUBRICATION_SYSTEM,0.4,0.6,True
9.450000000000001,9.450000000000001,AEROTWIN-4-001,IDLE,0.15,1193.6748734365578,94.54671242602296,23.951770081188602,41.615505320230746,21.349706890178936,2.4822432535988916,17.783555176452918,-0.21759877269986105,-0.21759877269986105,-1.6268549787161162,43.67755784434658,33.33438020858976,509.3751636370869,24.74597216275691,305.2893887756349,44.27856236924053,0.0010312104654835975,5.156052327417988,322.42705098312484,0.37631529437364225,LUBRICATION,LUBRICATION_SYSTEM,0.4,0.6,True
9.46,9.46,AEROTWIN-4-001,IDLE,0.15,1183.0606211932065,166.16720483221644,23.99101361111139,1.9263033592570304,21.656714464523173,2.5000268087753446,-22.230437914041488,-0.21795529515806203,-0.21795529515806203,-0.39083080921390884,2.7530447587870635,33.33455577144378,509.3773594919183,24.745766654612403,305.62025439586586,44.32655045706759,0.0010332484668790604,5.166242334395302,322.42705098312484,0.45357969108264046,LUBRICATION,LUBRICATION_SYSTEM,0.4,0.6,True
9.47,9.47,AEROTWIN-4-001,IDLE,0.15,1192.206148662159,237.15084210380883,23.94191726751317,42.905424684783945,21.273280374146182,2.477796370861303,19.15434793977646,-1.3704739671026207,-0.217509261145761,44.71091717417809,-0.217509261145761,33.33436218321966,509.3749514851317,24.745556200143845,305.2065798882232,44.26655193382811,0.0010307013166768555,5.153506583384278,322.42705098312484,0.3989997361298066,LUBRICATION,LUBRICATION_SYSTEM,0.4,0.6,True
9.48,9.48,AEROTWIN-4-001,IDLE,0.15,1190.2411293722273,308.6832110235384,23.98424369272681,19.984877363060253,21.603453421200054,2.4969507188010795,-4.1155267769408805,-1.2756814006890715,-0.21789379131401332,21.696346346377346,-0.21789379131401332,33.33448701058811,509.3765231902872,24.74535018512124,305.56305705364,44.31825466894584,0.001032895734277323,5.1644786713866155,322.42705098312484,0.13739326384150588,LUBRICATION,LUBRICATION_SYSTEM,0.4,0.6,True
9.49,9.49,AEROTWIN-4-001,IDLE,0.15,1184.7586499458394,380.097678785872,23.97517426428867,12.542654708193659,21.532297575768293,2.4928351920241387,-11.482478059598773,13.539612836348748,-0.5613353347255704,-0.21781139671476077,-0.21781139671476077,33.334542233293874,509.3772134516895,24.74514333005906,305.48651019925904,44.30715246628014,0.00103242394832584,5.1621197416291995,322.42705098312484,0.2674161201424701,LUBRICATION,LUBRICATION_SYSTEM,0.4,0.6,True
9.5,9.5,AEROTWIN-4-001,IDLE,0.15,1193.9848712768294,451.18319778262236,23.949798214524613,43.139096106844725,21.334390623658688,2.4813527139645397,19.323352769221497,45.205766321729335,-1.631508497798577,-0.21758085854301346,-0.21758085854301346,33.334407332544465,509.3755368225169,24.744933967195166,305.2728077169519,44.27615748565127,0.0010311084875497757,5.1555424377488785,322.42705098312484,0.40300030158851813,LUBRICATION,LUBRICATION_SYSTEM,0.4,0.6,True
9.51,9.51,AEROTWIN-4-001,IDLE,0.15,1183.838641583727,522.8222900592322,23.992441538334525,2.918426729640305,21.6679644398969,2.5006760667337615,-21.250213776990353,3.8371679765806554,-0.4828047115512568,-0.217968267694547,-0.217968267694547,33.33459332685911,509.37785620392975,24.744729089284586,305.63232500979007,44.32830115476993,0.0010333229279788638,5.16661463989432,322.42705098312484,0.4362515841256747,LUBRICATION,LUBRICATION_SYSTEM,0.4,0.6,True
9.52,9.52,AEROTWIN-4-001,IDLE,0.15,1192.1432842129097,593.8526085542558,23.945529503511473,41.17389832411886,21.301269621475576,2.479425852956771,17.39320284968651,-0.21754207784854618,42.92647537871713,-0.21754207784854618,-1.3174928989011794,33.33442609065015,509.3757692166531,24.74451948162918,305.2369271984707,44.27095344701179,0.0010308878635534547,5.154439317767274,322.42705098312484,0.3686573596174473,LUBRICATION,LUBRICATION_SYSTEM,0.4,0.6,True
9.53,9.53,AEROTWIN-4-001,IDLE,0.15,1191.2205861258042,665.3812056070303,23.983953756486947,22.165499903308508,21.60117520212354,2.4968190558064576,-1.9324943546214888,-0.21789115728029718,23.93366121132676,-0.21789115728029718,-1.3323789934576595,33.3345479613333,509.37729353661376,24.744313917743884,305.5606085750382,44.31789954650639,0.0010328806385608014,5.164403192804007,322.42705098312484,0.0992254601052424,LUBRICATION,LUBRICATION_SYSTEM,0.4,0.6,True
9.540000000000001,9.540000000000001,AEROTWIN-4-001,IDLE,0.15,1184.3394529028967,16.854440774578507,23.979696590179014,9.650825117866638,21.56775027738743,2.494886561451836,-14.411811720972626,-0.2178524814680025,-0.2178524814680025,-0.47373321040620087,10.560263291208845,33.3346363693089,509.37838430653807,24.744108009439767,305.524667858527,44.312686776865036,0.0010326590885520613,5.163295442760307,322.42705098312484,0.31813084037538375,LUBRICATION,LUBRICATION_SYSTEM,0.4,0.6,True
9.55,9.55,AEROTWIN-4-001,IDLE,0.15,1194.1789170036861,87.9148079487523,23.947853568648362,44.40749619233953,21.31929601974153,2.4804747497308632,20.607725422867137,-0.21756319168354657,-0.21756319168354657,-1.6306434604177122,46.473266036124336,33.33448587556414,509.3764987501187,24.743898925680575,305.2564596359705,44.273786392681885,0.001031007957006106,5.155039785030531,322.42705098312484,0.4252191737476852,LUBRICATION,LUBRICATION_SYSTEM,0.4,0.6,True
9.56,9.56,AEROTWIN-4-001,IDLE,0.15,1184.5512740337438,159.56554296897346,23.993335188797584,4.012002133476903,21.67500794216065,2.5010824751537304,-20.16408828383748,-0.21797638639489045,-0.21797638639489045,-0.5707749632836586,5.018729869550342,33.33467765120724,509.3788772457959,24.74369462139709,305.63988039201627,44.32939697229725,0.0010333695395157428,5.166847697578714,322.42705098312484,0.4171353278862682,LUBRICATION,LUBRICATION_SYSTEM,0.4,0.6,True
9.57,9.57,AEROTWIN-4-001,IDLE,0.15,1191.9076309603379,230.6386194109981,23.948836279676822,39.21495899198616,21.326922686601073,2.480918386869893,15.407117918515192,-1.2616374548544786,-0.2175721194877542,40.91174068581615,-0.2175721194877542,33.33453396150491,509.3770701463797,24.74348582886221,305.2647204996441,44.274984531827386,0.0010310587543848383,5.155293771924192,322.42705098312484,0.33433871955702515,LUBRICATION,LUBRICATION_SYSTEM,0.4,0.6,True
9.58,9.58,AEROTWIN-4-001,IDLE,0.15,1192.0273717298458,302.1530772686184,23.982866779404116,24.33974614059731,21.592636154594853,2.496325504788408,0.2507844812140485,-1.3834850558123497,-0.2178812822322997,26.158993760874257,-0.2178812822322997,33.33464635093604,509.37846094884605,24.743280632222007,305.5514299947387,44.316568303576915,0.0010328240522975466,5.164120261487733,322.42705098312484,0.07364102719730724,LUBRICATION,LUBRICATION_SYSTEM,0.4,0.6,True
9.59,9.59,AEROTWIN-4-001,IDLE,0.15,1183.8622888527893,373.6747195724092,23.983419121619182,6.992641528544247,21.596974827616453,2.496576289269622,-17.10090958834183,7.814741981227544,-0.3863278523017108,-0.217886300190793,-0.217886300190793,33.33476152532144,509.3798682987234,24.74307558791521,305.5560938851931,44.317244744920636,0.001032852804779195,5.164264023895975,322.42705098312484,0.3647377416129317,LUBRICATION,LUBRICATION_SYSTEM,0.4,0.6,True
9.6,9.6,AEROTWIN-4-001,IDLE,0.15,1194.1968741598146,444.7064569035765,23.94563926093041,45.426300850993506,21.302120619014108,2.4794753796812805,21.64470485229812,47.48600156979335,-1.6246145688384812,-0.2175430749806819,-0.2175430749806819,33.33459307094977,509.3777411436208,24.74286675420205,305.23784951672104,44.27108721820618,0.001030893533881914,5.15446766940957,322.42705098312484,0.4430731686706074,LUBRICATION,LUBRICATION_SYSTEM,0.4,0.6,True
9.61,9.61,AEROTWIN-4-001,IDLE,0.15,1185.1401906199935,516.3582693531654,23.993417881256622,5.208506246503952,21.675659811696388,2.5011200845335786,-18.968273649726015,6.300053488397281,-0.6555929666026862,-0.2179771376453215,-0.2179771376453215,33.33478416513916,509.3800962753845,24.74266293817961,305.64057956108195,44.3294983783802,0.0010333738530644036,5.166869265322018,322.42705098312484,0.39619847819086235,LUBRICATION,LUBRICATION_SYSTEM,0.4,0.6,True
9.620000000000001,9.620000000000001,AEROTWIN-4-001,IDLE,0.15,1191.446036806104,587.466680790365,23.95156763463077,37.03721910604791,21.348133926529368,2.4821518108838525,13.206933368634687,-0.21759693349873427,38.67499126238458,-0.21759693349873427,-1.202578289339202,33.334659497519645,509.3785110930513,24.74245490139679,305.28768624814614,44.27831543805862,0.0010311999938025784,5.155999969012893,322.42705098312484,0.29619756121620144,LUBRICATION,LUBRICATION_SYSTEM,0.4,0.6,True
9.63,9.63,AEROTWIN-4-001,IDLE,0.15,1192.6142058035782,658.9534429987312,23.98073705704867,26.51788105595239,21.575914884622613,2.495358744252487,2.4466074270772906,-0.21786193397665238,28.38334569791039,-0.21786193397665238,-1.4297407740046928,33.334754362500576,509.3796680457848,24.742249962767996,305.53345007367744,44.31396053178603,0.0010327132185347125,5.1635660926735625,322.42705098312484,0.11178218722923516,LUBRICATION,LUBRICATION_SYSTEM,0.4,0.6,True
9.64,9.64,AEROTWIN-4-001,IDLE,0.15,1183.2882858127548,10.510295346945895,23.9861253484801,4.583888604544477,21.618244406955984,2.497805351679564,-19.53216115409107,-0.2179108859162566,-0.2179108859162566,-0.2981220330085334,5.317832409385523,33.33488857217115,509.381296718556,24.742045676954838,305.5789496563844,44.32055970026268,0.0010329937254613519,5.164968627306759,322.42705098312484,0.4069554121276632,LUBRICATION,LUBRICATION_SYSTEM,0.4,0.6,True
9.65,9.65,AEROTWIN-4-001,IDLE,0.15,1194.0021394700102,81.50759249571118,23.9429745023018,46.19878451186859,21.281468693829876,2.4782731905254733,22.43904262751324,-0.2175188659888136,-0.2175188659888136,-1.613504007436635,48.24732625128285,33.3346988051183,509.37888785165467,24.741837045936613,305.2154605425642,44.267839966172424,0.001030755901485237,5.153779507426186,322.42705098312484,0.4566216282369088,LUBRICATION,LUBRICATION_SYSTEM,0.4,0.6,True
9.66,9.66,AEROTWIN-4-001,IDLE,0.15,1185.5764611586012,153.1477208639118,23.992521069966326,6.522604040484218,21.668591197087054,2.5007122331529867,-17.646699389755824,-0.21796899022926625,-0.21796899022926625,-0.7384110196794379,7.696953040622189,33.3348818510924,509.3811308579933,24.741633615305723,305.6329973756984,44.32839867337654,0.0010333270758927328,5.166635379463664,322.42705098312484,0.3731803779227813,LUBRICATION,LUBRICATION_SYSTEM,0.4,0.6,True
9.67,9.67,AEROTWIN-4-001,IDLE,0.15,1190.7247062677955,224.28230853342785,23.95359023899237,34.62937892817585,21.363854051796373,2.483065533763231,10.78245934261625,-1.1395332026389546,-0.2176153086010858,36.20414274801697,-0.2176153086010858,33.33477105274975,509.3797067841829,24.741426261141864,305.3046978470695,44.28078276634327,0.001031304633514614,5.15652316757307,322.42705098312484,0.25403762710462957,LUBRICATION,LUBRICATION_SYSTEM,0.4,0.6,True
9.68,9.68,AEROTWIN-4-001,IDLE,0.15,1192.9566509025747,295.7257909094956,23.97740744757591,28.71821952606842,21.549797621068084,2.493847993105847,4.674573911894489,-1.4718043793273756,-0.21783168489976215,30.625687275195325,-0.21783168489976215,33.33483957260965,509.3805247029788,24.74122145524186,305.50535016415324,44.30988497710846,0.0010325400367228493,5.162700183614247,322.42705098312484,0.15032533781586213,LUBRICATION,LUBRICATION_SYSTEM,0.4,0.6,True
9.69,9.69,AEROTWIN-4-001,IDLE,0.15,1182.6100143702627,367.3031899636501,23.987703997169962,2.4592387245140634,21.630661037012842,2.4985225670177416,-21.66994487951652,3.1028588183358576,-0.20776963834575285,-0.21792522773802062,-0.21792522773802062,33.33498462392635,509.38227872150543,24.74101781058096,305.59228602742087,44.32249398084507,0.0010330759657639422,5.16537982881971,322.42705098312484,0.4441744145686132,LUBRICATION,LUBRICATION_SYSTEM,0.4,0.6,True
9.700000000000001,9.700000000000001,AEROTWIN-4-001,IDLE,0.15,1193.5835428393966,438.2597908258658,23.939824189099557,46.71683513322742,21.257078229362747,2.476852622138225,22.982904281726448,48.748868667818705,-1.5970530429999978,-0.21749024579564605,-0.21749024579564605,33.33477033808337,509.3795546167693,24.7408093315571,305.1890017819187,44.26400244044593,0.0010305932856744975,5.152966428372488,322.42705098312484,0.4657229949437335,LUBRICATION,LUBRICATION_SYSTEM,0.4,0.6,True
9.71,9.71,AEROTWIN-4-001,IDLE,0.15,1185.861260914687,509.8748033962296,23.99059285501507,7.979726672967698,21.653400588959308,2.499835526419951,-16.17350944241156,9.236038983991389,-0.8204093657383804,-0.21795147264265477,-0.21795147264265477,33.33493798344813,509.38160155542414,24.74060617814633,305.61669806966785,44.32603465462849,0.0010332265301288353,5.166132650644177,322.42705098312484,0.34763475010913975,LUBRICATION,LUBRICATION_SYSTEM,0.4,0.6,True
9.72,9.72,AEROTWIN-4-001,IDLE,0.15,1189.7326933126478,581.0264790511108,23.95491024390218,31.96609042602231,21.374119355509098,2.4836620169775396,8.10830905353567,-0.21762730067713523,33.472736870693446,-0.21762730067713523,-1.0713918433168672,33.33483633369363,509.3802877712163,24.740399434017576,305.3158024349874,44.2823933535657,0.0010313729471390011,5.156864735695006,322.42705098312484,0.2074152482500186,LUBRICATION,LUBRICATION_SYSTEM,0.4,0.6,True
9.73,9.73,AEROTWIN-4-001,IDLE,0.15,1193.0525452549562,652.4104406498697,23.9728253907402,30.958757549064988,21.51390557439242,2.4917703260310753,6.953081648641492,-0.21779005749850908,32.90440121748271,-0.21779005749850908,-1.5100635534207012,33.33486971534181,509.380666016927,24.740194630491295,305.4667000801228,44.30427924622085,0.001032301902543553,5.161509512717765,322.42705098312484,0.18958602356501394,LUBRICATION,LUBRICATION_SYSTEM,0.4,0.6,True
9.74,9.74,AEROTWIN-4-001,IDLE,0.15,1181.8694298850205,3.993593365167044,23.988145989515573,0.7110000323079112,21.634138684919844,2.4987234076797167,-23.421862060291648,-0.2179292431820409,-0.2179292431820409,-0.11383249971375503,1.260691018385748,33.3350177266511,509.3824576001845,24.73999150848932,305.5960204528037,44.32303561443374,0.001033098996242159,5.165494981210795,322.42705098312484,0.4747791282397789,LUBRICATION,LUBRICATION_SYSTEM,0.4,0.6,True
9.75,9.75,AEROTWIN-4-001,IDLE,0.15,1192.9700608602857,74.90575915826827,23.93638260267531,46.95487166883877,21.230462975149592,2.4753015456194247,23.249107148069754,-0.2174589794224503,-0.2174589794224503,-1.5746728954616782,48.96446252314535,33.334777550399345,509.3794116301306,24.739783150863254,305.16010877902085,44.25981185709163,0.0010304157522058781,5.152078761029391,322.42705098312484,0.4699274200778207,LUBRICATION,LUBRICATION_SYSTEM,0.4,0.6,True
9.76,9.76,AEROTWIN-4-001,IDLE,0.15,1186.0381115796379,146.4839628098854,23.987765807751558,9.611457367142425,21.631147337801487,2.4985506527674946,-14.518240623426557,-0.21792578927926162,-0.21792578927926162,-0.9024912274245506,10.949800173125498,33.334923821321254,509.3811992226032,24.73958018045246,305.59280825663944,44.32256972392647,0.0010330791863454112,5.165395931727057,322.42705098312484,0.31901206178546376,LUBRICATION,LUBRICATION_SYSTEM,0.4,0.6,True
9.77,9.77,AEROTWIN-4-001,IDLE,0.15,1188.500146492037,217.64624950466367,23.955729776720165,29.021001264771286,21.38049499017759,2.484032412144068,5.15647386244963,-0.9969594814919875,-0.21763474602813757,30.453230238319552,-0.21763474602813757,33.33482844682207,509.37997128985796,24.739373994505527,305.32269772637176,44.28339343283751,0.0010314153691964242,5.157076845982122,322.42705098312484,0.1558669824954178,LUBRICATION,LUBRICATION_SYSTEM,0.4,0.6,True
9.78,9.78,AEROTWIN-4-001,IDLE,0.15,1192.9342802421017,288.9562582941859,23.967127485695475,33.24536933540494,21.469352439906643,2.4891888860065174,9.286828009491778,-1.5444724457095977,-0.21773829275876375,35.22531836663207,-0.21773829275876375,33.33481928520241,509.37982921325096,24.739169077589207,305.41866951080794,44.297312988508565,0.0010320060842045897,5.160030421022949,322.42705098312484,0.22966554989903717,LUBRICATION,LUBRICATION_SYSTEM,0.4,0.6,True
9.790000000000001,9.790000000000001,AEROTWIN-4-001,IDLE,0.15,1181.4138534217184,360.532315108712,23.987600882567296,0.0,21.629849796073852,2.4984757140160094,-24.128325510089862,0.06147093468341942,-0.015184721036260309,-0.2179242909550225,-0.2179242909550225,33.33496380725684,509.3815910315949,24.738966375174613,305.59141483544335,44.32236762490303,0.0010330705931656799,5.165352965828399,322.42705098312484,0.48720863418341837,LUBRICATION,LUBRICATION_SYSTEM,0.4,0.6,True
9.8,9.8,AEROTWIN-4-001,IDLE,0.15,1192.483129984751,431.4171463140151,23.934264522409773,46.87188468071336,21.21409867155601,2.4743473885059193,23.18343862065143,48.85253860082397,-1.5457744462432,-0.21743973693370322,-0.21743973693370322,33.33470860782126,509.37837147870005,24.738758273404652,305.1423332186275,44.2572337253633,0.0010303065524543565,5.151532762271783,322.42705098312484,0.468499030644477,LUBRICATION,LUBRICATION_SYSTEM,0.4,0.6,True
9.81,9.81,AEROTWIN-4-001,IDLE,0.15,1186.4292155094583,502.96613411310017,23.98552098840093,11.43173470519715,21.613492705430705,2.497530827126571,-12.679288827360127,12.851857345948602,-0.9843118499872305,-0.2179053953821102,-0.2179053953821102,33.334838828103805,509.37997639029743,24.738555545689497,305.57384476464443,44.3198192969745,0.0010329622480625329,5.164811240312664,322.42705098312484,0.28710370095971793,LUBRICATION,LUBRICATION_SYSTEM,0.4,0.6,True
9.82,9.82,AEROTWIN-4-001,IDLE,0.15,1187.3599307752424,574.1518870436677,23.957541775777198,25.828735067679077,21.394598034999262,2.484851538299211,1.9492854943806033,-0.21765120780819,27.180439375681637,-0.21765120780819,-0.91640189238618,33.33475798416852,509.37894664432974,24.73835001955806,305.3379458818138,44.28560499480651,0.0010315091898599185,5.1575459492995925,322.42705098312484,0.09998197587458152,LUBRICATION,LUBRICATION_SYSTEM,0.4,0.6,True
9.83,9.83,AEROTWIN-4-001,IDLE,0.15,1192.9027361056474,645.3934828901822,23.961851644994077,35.52380309978161,21.42817793846898,2.4868008237935912,11.608824337519039,-0.21769036241968262,37.533290215251974,-0.21769036241968262,-1.5741063906309978,33.3347102653089,509.3783415199823,24.73814503232003,305.3742280799314,44.29086729225709,0.0010317324815959654,5.158662407979827,322.42705098312484,0.26959729664503396,LUBRICATION,LUBRICATION_SYSTEM,0.4,0.6,True
9.84,9.84,AEROTWIN-4-001,IDLE,0.15,1181.3828869911335,716.9676470565211,23.987455481040797,0.0,21.628705917615555,2.4984096481311107,-24.127115565746667,-0.21792297000072108,0.27879276701820216,-0.21792297000072108,-0.08646067586207071,33.33485501914923,509.38012701174233,24.737942790267102,305.59018639058576,44.322189453717776,0.0010330630174753526,5.165315087376763,322.42705098312484,0.4872051681158671,LUBRICATION,LUBRICATION_SYSTEM,0.4,0.6,True
9.85,9.85,AEROTWIN-4-001,IDLE,0.15,1192.241479463167,67.85062027598906,23.934120525751144,46.42945201144578,21.212986586569716,2.474282532565364,22.7421828923107,-0.21743842874244704,-0.21743842874244704,-1.5104426371657438,48.37477150609642,33.33460006726337,509.3769307880164,24.7377351451154,305.1411249289813,44.25705847744959,0.001030299130246812,5.15149565123406,322.42705098312484,0.4607580829467032,LUBRICATION,LUBRICATION_SYSTEM,0.4,0.6,True
9.86,9.86,AEROTWIN-4-001,IDLE,0.15,1187.1373541912783,139.3851090437791,23.984406635298576,13.41170361259885,21.604733868586457,2.4970247154576746,-10.690054971445283,-0.21789527162647113,-0.21789527162647113,-1.0638271327646542,14.911321288616445,33.334723227653086,509.3784681523716,24.73753277652462,305.5644331254705,44.318454251651985,0.0010329042183763852,5.164521091881926,322.42705098312484,0.2524276875342149,LUBRICATION,LUBRICATION_SYSTEM,0.4,0.6,True
9.870000000000001,9.870000000000001,AEROTWIN-4-001,IDLE,0.15,1186.4628549703955,210.61335029525577,23.96082123608054,22.493811847936925,21.420145052235377,2.486334660486229,-1.4126678647846806,-0.8313922489567789,-0.2176810012862798,23.760566099466264,-0.2176810012862798,33.334668240283264,509.3777796003586,24.73732806097538,305.36555186472555,44.28960891135606,0.001031679079072706,5.158395395363531,322.42705098312484,0.09292933895842677,LUBRICATION,LUBRICATION_SYSTEM,0.4,0.6,True
9.88,9.88,AEROTWIN-4-001,IDLE,0.15,1193.0638889303536,281.8011215934795,23.957697603457426,37.70590646620766,21.39581127711858,2.4849219926214445,13.825173196467635,-1.5978913790774711,-0.21765262348276668,39.73910309225066,-0.21765262348276668,33.3345906235436,509.37681919105125,24.737123118168174,305.33925735256446,44.285795207901245,0.0010315172598176878,5.15758629908844,322.42705098312484,0.3078307257865924,LUBRICATION,LUBRICATION_SYSTEM,0.4,0.6,True
9.89,9.89,AEROTWIN-4-001,IDLE,0.15,1181.673107321769,353.3849549293007,23.988198272177502,0.27650003880415486,21.634550086436764,2.498747165817912,-23.85679721345052,-0.18828799500788648,-0.21792971816334838,0.9006474701387381,-0.21792971816334838,33.334742423377314,509.3787118065308,24.73692142786525,305.5964622069582,44.32309968557281,0.0010331017206220954,5.165508603110477,322.42705098312484,0.48238412450937584,LUBRICATION,LUBRICATION_SYSTEM,0.4,0.6,True
9.9,9.9,AEROTWIN-4-001,IDLE,0.15,1192.1398511002658,424.28534136860685,23.93546994345252,45.619797572650306,21.22341029635756,2.474890368604462,21.921496907688283,47.52406659473305,-1.4693676460228458,-0.21745068802995204,-0.21745068802995204,33.33449881488678,509.37567534307686,24.73671439101683,305.152448885905,44.25870088151389,0.0010303686934541698,5.151843467270849,322.42705098312484,0.44657391309342026,LUBRICATION,LUBRICATION_SYSTEM,0.4,0.6,True
9.91,9.91,AEROTWIN-4-001,IDLE,0.15,1188.0368577888466,495.8137324346228,23.983937922275203,15.504573557880326,21.601050788956236,2.4968118655121496,-8.59328909658806,17.07936983719849,-1.1390142524611537,-0.2178910134285054,-0.2178910134285054,33.33461968244567,509.3772005385429,24.736512447420694,305.56047485956475,44.31788015268155,0.0010328798141679473,5.164399070839736,322.42705098312484,0.21579129382076376,LUBRICATION,LUBRICATION_SYSTEM,0.4,0.6,True
9.92,9.92,AEROTWIN-4-001,IDLE,0.15,1185.7406119351324,567.0959439019537,23.964984376420883,19.13159029163321,21.452617785127515,2.4882185764155618,-4.809246069909868,-0.2177188228846654,20.31078028774576,-0.2177188228846654,-0.7437523503432208,33.334597034291775,509.3769291784174,24.736308633446193,305.4006132435884,44.29469414362357,0.0010318949084235744,5.159474542117872,322.42705098312484,0.15186723210172057,LUBRICATION,LUBRICATION_SYSTEM,0.4,0.6,True
9.93,9.93,AEROTWIN-4-001,IDLE,0.15,1193.3163225035746,638.2403806180616,23.954351088578004,39.71971083263501,21.369770390595765,2.4834093303456517,15.866531111693593,-0.21762222082241564,41.77027056677409,-0.21762222082241564,-1.6153152924942495,33.33449534756096,509.3756804969292,24.736103817004707,305.31109829242905,44.28171107413733,0.001031344007205695,5.156720036028475,322.42705098312484,0.34310988693478084,LUBRICATION,LUBRICATION_SYSTEM,0.4,0.6,True
9.94,9.94,AEROTWIN-4-001,IDLE,0.15,1182.265357545896,709.8393599682761,23.989361613586237,0.9978950940901553,21.64370611671353,2.4992758614573454,-23.145086884080722,-0.2179402869714955,1.7221247159365278,-0.2179402869714955,-0.2883490479033815,33.33465706539677,509.3777097655789,24.73590272116736,305.6062924524934,44.324525444724735,0.0010331623482712515,5.165811741356258,322.42705098312484,0.4697874458734686,LUBRICATION,LUBRICATION_SYSTEM,0.4,0.6,True
9.950000000000001,9.950000000000001,AEROTWIN-4-001,IDLE,0.15,1192.1698333866045,60.77528142102983,23.938222767416264,44.46470628543791,21.24468981831318,2.476130774573265,20.74388569255147,-0.21747569708414463,-0.21747569708414463,-1.4234516016861554,46.32310928129236,33.33443486986539,509.3749521746734,24.735696435414066,305.17555586544177,44.26205227161194,0.0010305106614338492,5.152553307169247,322.42705098312484,0.42632878453255996,LUBRICATION,LUBRICATION_SYSTEM,0.4,0.6,True
9.96,9.96,AEROTWIN-4-001,IDLE,0.15,1189.0972386398464,132.30547142422608,23.98407620525658,17.663784605370576,21.602137334353664,2.4968746602658163,-6.435227389248904,-0.2178922697117334,-0.2178922697117334,-1.20859420201523,19.308163346809273,33.334557554366896,509.37650829890083,24.73549497857914,305.5616426297779,44.31804952373773,0.0010328870138264037,5.164435069132018,322.42705098312484,0.17800839579356073,LUBRICATION,LUBRICATION_SYSTEM,0.4,0.6,True
9.97,9.97,AEROTWIN-4-001,IDLE,0.15,1185.215204541099,203.65130574261687,23.969888434741208,15.850856120120385,21.490929890984024,2.4904394328765673,-8.130513203740206,-0.6552000740327778,-0.21776337562828868,16.94158294540974,-0.21776337562828868,33.334572330236234,509.37670869370254,24.735292142758347,305.4419385727937,44.30068788672085,0.0010321493819537336,5.160746909768668,322.42705098312484,0.2093967664398347,LUBRICATION,LUBRICATION_SYSTEM,0.4,0.6,True
9.98,9.98,AEROTWIN-4-001,IDLE,0.15,1193.6552859272426,274.7642180150828,23.951915456262046,41.51001052797356,21.350836489361416,2.482308919672827,17.676865118939318,-1.6263620122908662,-0.21760009341383985,43.57157272709212,-0.21760009341383985,33.334452813273856,509.3752403497347,24.73508754497966,305.290611372627,44.27873969226307,0.001031217985367945,5.156089926839726,322.42705098312484,0.3744675014824053,LUBRICATION,LUBRICATION_SYSTEM,0.4,0.6,True
9.99,9.99,AEROTWIN-4-001,IDLE,0.15,1183.0130020376237,346.3835351707174,23.99092337478416,1.8668422503131925,21.656003722217534,2.4999857847917664,-22.28914725669611,-0.3848336266493828,-0.21795447537255172,2.6875848277076786,-0.21795447537255172,33.33462681267299,509.377425892103,24.734887083964228,305.6194916815509,44.32643983450878,0.001033243762114957,5.166218810574785,322.42705098312484,0.4546181087593282,LUBRICATION,LUBRICATION_SYSTEM,0.4,0.6,True
10.0,10.0,AEROTWIN-4-001,TAKEOFF,0.15,1192.2080840601009,417.3643152929748,23.941696109345127,43.007399266331184,21.271567874816235,2.4776966375350704,19.258134753979878,44.81616240490129,-1.3737486346660241,-0.21750725195204482,-0.21750725195204482,33.33443072604712,509.3749958171023,24.734681622495696,305.20472233520826,44.266282518053934,0.0010306898997939312,5.153449498969656,322.42705098312484,0.4007867819369303,LUBRICATION,LUBRICATION_SYSTEM,0.4,0.6,True
10.01,10.01,AEROTWIN-4-001,TAKEOFF,0.15399999999999991,1190.4292930713736,488.8968003365809,24.62383268855994,20.374987199597605,21.603523562279722,2.49695477228905,-3.7254911349711675,22.128177768485884,-1.3057818175488067,-0.22370437566973622,-0.22370437566973622,33.33888104315142,509.40256724341475,24.73453388837039,305.5631324341572,44.31826560198529,0.0010391067643367934,5.195533821683967,322.47059779288526,0.1417592056368195,LUBRICATION,LUBRICATION_SYSTEM,0.4,0.6,True
10.02,10.02,AEROTWIN-4-001,TAKEOFF,0.15799999999999984,1185.3665625095514,560.3225579208633,25.254765622040058,13.42897732845724,21.539106140720158,2.493229281154079,-10.603358093416997,-0.22943632080430573,14.48548262563218,-0.22943632080430573,-0.5976326555663286,33.3475281096534,509.45468704507425,24.734438407539166,305.4938411645883,44.30821573482955,0.0010448674710904866,5.224337355452433,322.5125841201264,0.27430380822099415,LUBRICATION,LUBRICATION_SYSTEM,0.4,0.6,True
10.03,10.03,AEROTWIN-4-001,TAKEOFF,0.16199999999999973,1196.174855334627,631.4445516714364,25.868826583114046,46.47575153803027,21.35629005689997,2.482625923060662,22.63683555806964,-0.23501498622400843,48.707833730876295,-0.23501498622400843,-1.7620522203980056,33.3601560638909,509.5293341100229,24.73439285063429,305.2965133763677,44.279595707081626,0.0010497546312893322,5.248773156446661,322.5529834453841,0.42782641798673654,LUBRICATION,LUBRICATION_SYSTEM,0.4,0.6,True
10.040000000000001,10.040000000000001,AEROTWIN-4-001,TAKEOFF,0.16600000000000037,1186.0724739634031,703.2150429915141,26.562788242618378,3.094407954105524,21.74752326188652,2.505262758618732,-21.158378066399727,-0.24131953928614305,4.099709758640654,-0.24131953928614305,-0.522662725962844,33.37747099843223,509.6327471238443,24.734407729354825,305.71758018699666,44.34066639516162,0.0010587929716917507,5.293964858458754,322.5917702515785,0.47821707485960535,LUBRICATION,LUBRICATION_SYSTEM,0.4,0.6,True
10.05,10.05,AEROTWIN-4-001,TAKEOFF,0.17000000000000026,1197.1280659713404,54.379391429318275,27.15000753394254,47.02061603313957,21.381733897105725,2.484104380552332,23.15477775548151,-0.246654351563678,-0.246654351563678,-1.5037738720729552,49.01769860833988,33.39837379727621,509.75524522030395,24.734468433698336,305.3240374693078,44.283587746473465,0.0010622800936275936,5.311400468137968,322.6289200401316,0.41496137828893165,LUBRICATION,LUBRICATION_SYSTEM,0.4,0.6,True
10.06,10.06,AEROTWIN-4-001,TAKEOFF,0.17400000000000018,1197.5139096382109,126.2070753875987,27.848004854900246,25.0975657516625,21.782197507172278,2.507259158307814,0.8081090861824092,-0.25299556809478835,-0.25299556809478835,-1.531041969526061,27.13459885737814,33.42396111244284,509.9054189752126,24.73459095296338,305.75467853124434,44.34604706481461,0.001071530642495191,5.357653212475955,322.6644093464406,0.11568103866996197,LUBRICATION,LUBRICATION_SYSTEM,0.4,0.6,True
10.07,10.07,AEROTWIN-4-001,TAKEOFF,0.1780000000000001,1191.9830495108645,198.05790996589135,28.490292290653176,12.720501817242354,21.796240912584093,2.5080672673939963,-11.583806362735736,-0.6017387651801215,-0.25883066743260913,13.839901917287692,-0.25883066743260913,33.45360534785684,510.0780037478201,24.734767253043398,305.76969363843415,44.34822482593121,0.0010778827704048463,5.389413852024232,322.6982157546991,0.3435310014125709,LUBRICATION,LUBRICATION_SYSTEM,0.4,0.6,True
10.08,10.08,AEROTWIN-4-001,TAKEOFF,0.18200000000000002,1205.8850975010507,269.57689293654323,29.099633808388997,53.20823349562971,21.595368810717083,2.4964834610312603,29.11638122388137,-1.9826943679881477,-0.2643664573122273,55.719660778242314,-0.2643664573122273,33.48687603807728,510.2699035324864,24.73499190627435,305.5543675503202,44.31699436076334,0.0010825151564849804,5.412575782424902,322.730317912055,0.4892983344081968,LUBRICATION,LUBRICATION_SYSTEM,0.4,0.6,True
10.09,10.09,AEROTWIN-4-001,TAKEOFF,0.18599999999999994,1196.0285189544502,341.9299987866063,29.818280908308687,3.9840680693862285,22.102038061485217,2.525599842255142,-20.643569834354132,-0.6301946177183334,-0.2708952744483627,5.156053236001288,-0.2708952744483627,33.5250213697874,510.48896384310325,24.735283256273686,306.0952208528811,44.395438642060164,0.001092868510504671,5.464342552523354,322.7606955420976,0.5199047516408384,LUBRICATION,LUBRICATION_SYSTEM,0.4,0.6,True
10.1,10.1,AEROTWIN-4-001,TAKEOFF,0.18999999999999984,1209.3555793673822,413.6917099238733,30.402339035454645,52.15928886671847,21.74220253615496,2.5049562724207877,27.912130058142722,54.3810028492152,-1.6693112465907298,-0.2762013679529991,-0.2762013679529991,33.5663660904947,510.72432339800616,24.735618277112096,305.7118843458751,44.339840281757034,0.0010961642828010436,5.480821414005218,322.78932945766473,0.44826275533061544,LUBRICATION,LUBRICATION_SYSTEM,0.4,0.6,True
10.11,10.11,AEROTWIN-4-001,TAKEOFF,0.19399999999999976,1210.9052288275839,486.2530446859162,31.121244429308508,28.00788506526876,22.229438422916928,2.5328684024789307,3.2455782398729003,30.283344430390628,-1.7099943018087789,-0.28273253165654394,-0.28273253165654394,33.612558700826526,510.9855105613563,24.73602108765392,306.23004351894105,44.41499305190017,0.0011065456203476294,5.532728101738147,322.81620157296163,0.1223924531647407,LUBRICATION,LUBRICATION_SYSTEM,0.4,0.6,True
10.120000000000001,10.120000000000001,AEROTWIN-4-001,TAKEOFF,0.1980000000000004,1206.3065471414106,558.9073584155713,31.772224239814385,15.191101416611115,22.286443836878906,2.5361139807188033,-9.631456400986593,-0.2886466001090346,16.469890110874683,-0.2886466001090346,-0.7014954940454994,33.662699484973295,511.26683218110566,24.736479661418223,306.2902199214723,44.4237209169705,0.001113358819251046,5.566794096255229,322.84129491498425,0.35812423887383654,LUBRICATION,LUBRICATION_SYSTEM,0.4,0.6,True
10.13,10.13,AEROTWIN-4-001,TAKEOFF,0.2020000000000003,1222.3645208846865,631.2857512440559,32.38588405623649,58.27571390838631,22.11748982179273,2.526482524317817,33.631741562275764,-0.2942216211807986,61.0702637172399,-0.2942216211807986,-2.2061065664919903,33.71624016130174,511.56514989678146,24.73698675963556,306.11159763249674,44.39781389742206,0.0011181981059548065,5.590990529774033,322.86459363423995,0.5208904977474327,LUBRICATION,LUBRICATION_SYSTEM,0.4,0.6,True
10.14,10.14,AEROTWIN-4-001,TAKEOFF,0.2060000000000002,1211.8587357653555,704.627622497137,33.12717533775118,3.267100578525061,22.710251213366977,2.560114265880092,-22.00326490072201,-0.3009561578152075,4.467369321411317,-0.3009561578152075,-0.5983564272558409,33.77489633606993,511.8888916583125,24.737567830806974,306.7347337749045,44.4881923172446,0.0011298141551074532,5.6490707755372656,322.88608301475824,0.5908473289629999,LUBRICATION,LUBRICATION_SYSTEM,0.4,0.6,True
10.15,10.15,AEROTWIN-4-001,TAKEOFF,0.21000000000000013,1228.8884848667935,57.33914664305837,33.70387988581956,60.52668993967489,22.321555825658514,2.53811100097937,35.667023113037004,-0.3061954449929291,-0.3061954449929291,-1.9333479659656265,63.07242879562637,33.83632121834927,512.2260373964684,24.7381897115747,306.32723910340763,44.429090105080036,0.0011326718434428898,5.663359217214449,322.9057494833859,0.5373820526214577,LUBRICATION,LUBRICATION_SYSTEM,0.4,0.6,True
10.16,10.16,AEROTWIN-4-001,TAKEOFF,0.21400000000000005,1229.3515779834465,131.072455735066,34.45549667787814,26.49699292401027,22.953314944448017,2.573778024092407,0.9698999554698471,-0.3130237875721276,-0.3130237875721276,-1.7698662256513638,28.89290672480589,33.902987150865336,512.588052955071,24.738888956673996,306.98743027581105,44.52484291234308,0.00114486977839499,5.72434889197495,322.9235806183597,0.20776565538540034,LUBRICATION,LUBRICATION_SYSTEM,0.4,0.6,True
10.17,10.17,AEROTWIN-4-001,TAKEOFF,0.21799999999999997,1229.022473249772,204.83355041407282,35.10254103108422,24.856090194493117,22.970617612827375,2.5747479240478772,-0.6892753423821358,-1.0045023355385179,-0.31890210289758236,26.498396735826798,-0.31890210289758236,33.9733365901787,512.9672165931871,24.739643783692912,307.0053573182373,44.5274430147225,0.001151478534744515,5.757392673722575,322.93956515715274,0.2478186688520634,LUBRICATION,LUBRICATION_SYSTEM,0.4,0.6,True
10.18,10.18,AEROTWIN-4-001,TAKEOFF,0.22199999999999986,1245.0007304884605,278.57489880905916,35.74444149647508,58.99716287116372,22.958320516970307,2.5740586487054946,33.46478370548791,-2.408278107786151,-0.32473368665907737,62.05490835226803,-0.32473368665907737,34.04724698490535,513.3627600954645,24.740453040824786,306.9926173098166,44.525595229381175,0.0011578100119111361,5.789050059555681,322.9536930035876,0.47541849638055705,LUBRICATION,LUBRICATION_SYSTEM,0.4,0.6,True
10.19,10.19,AEROTWIN-4-001,TAKEOFF,0.22599999999999978,1232.7221144358443,353.2749426383668,36.495709883286004,0.45040343887862666,23.559153331233198,2.607523432410982,-25.716273324765552,-0.2912041865343464,-0.33155886402109,1.4047253534551531,-0.33155886402109,34.12637090167499,513.7812628347158,24.741341835412612,307.61036987574136,44.61519282603778,0.0011700799616233275,5.850399808116638,322.96595523421377,0.6997727830087634,LUBRICATION,LUBRICATION_SYSTEM,0.4,0.6,True
10.200000000000001,10.200000000000001,AEROTWIN-4-001,TAKEOFF,0.23000000000000043,1254.7019227636174,427.23826950451746,37.05791868705089,71.71295830856134,23.096748236246135,2.5818071590862166,46.03440291322899,74.71464728366625,-2.3283560566792647,-0.33666645921282823,-0.33666645921282823,34.20771027295002,514.2100407414632,24.742266706971616,307.1357952877904,44.546361476950544,0.0011720748879830223,5.8603744399151125,322.97634410394346,0.6750705869856474,LUBRICATION,LUBRICATION_SYSTEM,0.4,0.6,True
10.21,10.21,AEROTWIN-4-001,TAKEOFF,0.23400000000000032,1250.8175128657076,502.5203848703345,37.854313879169176,18.420087663906493,23.92773516777689,2.6278415619994457,-8.135489065869844,20.67731800998827,-1.5694271304044694,-0.34390160783865403,-0.34390160783865403,34.29495576185218,514.6635191183967,24.743283016783074,307.9846638901423,44.66947968129846,0.0011868477639936515,5.934238819968258,322.9848530509439,0.40937581895060776,LUBRICATION,LUBRICATION_SYSTEM,0.4,0.6,True
10.22,10.22,AEROTWIN-4-001,TAKEOFF,0.23800000000000024,1260.4142956501053,577.569435642277,38.47428747734054,46.49897051848456,23.77980958317793,2.619706072933576,20.099454862373058,-0.3495339888113805,48.79642884706701,-0.3495339888113805,-1.5983903509596906,34.38522109025656,515.1299957888078,24.744348848245206,307.8348642683028,44.6477530437461,0.001191966262162927,5.959831310814636,322.99147670078185,0.2095896403688966,LUBRICATION,LUBRICATION_SYSTEM,0.4,0.6,True
10.23,10.23,AEROTWIN-4-001,TAKEOFF,0.24200000000000016,1271.3767019164786,653.1942933812833,39.18885827822038,49.74552174571018,24.146106223176805,2.639805527795949,22.959609994737423,-0.3560257732912562,52.91194707309484,-0.3560257732912562,-2.4543737808021446,34.480029779721235,515.6149234493663,24.74548764210839,308.20478931417426,44.7014062325492,0.0012023093072088932,6.011546536044467,322.99621086981807,0.254194396762857,LUBRICATION,LUBRICATION_SYSTEM,0.4,0.6,True
10.24,10.24,AEROTWIN-4-001,TAKEOFF,0.24600000000000005,1261.442072906914,9.476895496271936,39.91485169394117,6.423679286416088,24.56795249035092,2.6627651377906862,-20.807038341725516,-0.36262133076836706,-0.36262133076836706,-0.4477916707531244,7.596713618705946,34.579553537766635,516.1184260925249,24.746702971308803,308.62666629253795,44.76259442573712,0.0012133261827749916,6.066630913874959,322.9990525678499,0.6558881544971097,LUBRICATION,LUBRICATION_SYSTEM,0.4,0.6,True
10.25,10.25,AEROTWIN-4-001,TAKEOFF,0.25,1285.2035884007419,85.16341987068678,40.49184272689433,76.59346088154243,24.185501106380343,2.641958099448961,49.76600167571312,-0.3678632206246846,-0.3678632206246846,-2.749150089377832,80.07833741216963,34.68120259203168,516.6310834714576,24.747956552560648,308.2443733539955,44.707147422516805,0.0012160245905430689,6.080122952715344,323.0,0.7012628414202154,LUBRICATION,LUBRICATION_SYSTEM,0.4,0.6,True
10.26,10.26,AEROTWIN-4-001,TAKEOFF,0.2539999999999999,1274.4747276870326,162.2756351747313,41.31377042905295,5.3264877438072755,25.105236975733877,2.6917241011246738,-22.470473333051277,-0.3753303288438887,-0.3753303288438887,-0.8569865301994707,6.9341349316945236,34.78918735870614,517.1671079225572,24.749312834243245,309.1577441525756,44.839620896401264,0.0012324649450030532,6.1623247250152655,322.9990525678499,0.7000029359343072,LUBRICATION,LUBRICATION_SYSTEM,0.4,0.6,True
10.27,10.27,AEROTWIN-4-001,TAKEOFF,0.2579999999999998,1297.8643180807744,238.74411883595326,41.8849761798183,76.3441274260711,24.68783023064383,2.6692536277916226,48.98704356763565,-2.4396788262389917,-0.3805196601502736,79.54484557261063,-0.3805196601502736,34.89906150993722,517.7111336792162,24.75070530781452,308.7457585750658,44.779867332210394,0.0012347840957364555,6.173920478682278,322.99621086981807,0.6729243610728477,LUBRICATION,LUBRICATION_SYSTEM,0.4,0.6,True
10.28,10.28,AEROTWIN-4-001,TAKEOFF,0.26199999999999973,1297.1168945759011,316.6159779207997,42.709234930574404,26.755144627189758,25.6023040838506,2.718240671359258,-1.565400128020102,-1.9988758936040016,-0.3880079456483259,29.53003641209041,-0.3880079456483259,35.01531082212728,518.2775829021276,24.752203136473454,309.6430294873817,44.91000571079086,0.0012514765866758189,6.257382933379094,322.99147670078185,0.34982252057225915,LUBRICATION,LUBRICATION_SYSTEM,0.4,0.6,True
10.290000000000001,10.290000000000001,AEROTWIN-4-001,TAKEOFF,0.26600000000000035,1306.1612003858409,394.44299159535376,43.355663581827386,47.231849558206505,25.572824494091453,2.7166752712312383,18.942349792883814,49.690411220360964,-1.6708003273541354,-0.393880667400158,-0.393880667400158,35.134682159795936,518.855550570107,24.75375771057678,309.6144071505941,44.905854384307865,0.0012580460076911104,6.290230038455552,322.9848530509439,0.13843544525840065,LUBRICATION,LUBRICATION_SYSTEM,0.4,0.6,True
10.3,10.3,AEROTWIN-4-001,TAKEOFF,0.27000000000000024,1319.4140361720717,472.8126636185042,44.07642759432109,56.422979042233536,25.930687057705853,2.7356176210241223,27.75667436350356,59.99213277259814,-2.768296297531181,-0.40042871641671207,-0.40042871641671207,35.2585073392939,519.4489451774482,24.755390277170175,309.9605349758737,44.95605607183077,0.0012689076466620725,6.344538233310363,322.97634410394346,0.2869551452126725,LUBRICATION,LUBRICATION_SYSTEM,0.4,0.6,True
10.31,10.31,AEROTWIN-4-001,TAKEOFF,0.2740000000000002,1310.5185851630156,551.9775057888285,44.830766477639585,10.592348193498482,26.459562925057384,2.763374295387626,-18.630589026946527,-0.4072817888474133,12.040828533372736,-0.4072817888474133,-0.633916762179426,35.38739035994078,520.0591847063714,24.757111281182866,310.4668601773329,45.02949246640001,0.001281771841159912,6.40885920579956,322.96595523421377,0.6704888922032597,LUBRICATION,LUBRICATION_SYSTEM,0.4,0.6,True
10.32,10.32,AEROTWIN-4-001,TAKEOFF,0.27800000000000014,1336.0202588311586,630.6086208986094,45.41633329282749,82.25931055689604,26.10398641714673,2.7447437063606794,53.41058043338863,-0.41260158859026097,86.17885106366046,-0.41260158859026097,-3.0943373295838996,35.51808888856915,520.6763559109248,24.758871252681278,310.1271219433752,44.98021751242325,0.001284774091555706,6.42387045777853,322.9536930035876,0.7157822118606814,LUBRICATION,LUBRICATION_SYSTEM,0.4,0.6,True
10.33,10.33,AEROTWIN-4-001,TAKEOFF,0.28200000000000003,1322.459176452042,710.7698364284789,46.26875905245119,1.5256873538407678,27.129797585019432,2.7981542867940683,-28.402264517972736,-0.4203457677671287,2.872057518211277,-0.4203457677671287,-0.5056786288362518,35.65568650802165,521.3150271240794,24.760750249346422,311.0998687659109,45.12130276607019,0.0013034832696726707,6.517416348363354,322.93956515715274,0.8548602869543429,LUBRICATION,LUBRICATION_SYSTEM,0.4,0.6,True
10.34,10.34,AEROTWIN-4-001,TAKEOFF,0.2859999999999999,1352.1115608568587,70.11738701560148,46.81829935706377,91.45539920189168,26.581838507887234,2.7697520222760956,62.10380867172836,-0.4253382712617544,-0.4253382712617544,-2.9998833147990855,95.30595905921427,35.79426220068889,521.9579196644569,24.762656736022578,310.5830558919314,45.04634526045395,0.0013042919751479363,6.521459875739682,322.9235806183597,0.8525643281830462,LUBRICATION,LUBRICATION_SYSTEM,0.4,0.6,True
10.35,10.35,AEROTWIN-4-001,TAKEOFF,0.2899999999999998,1344.4760948818623,151.244080667013,47.70816530631151,14.627420093227249,27.787246804801605,2.831855830947824,-15.99168254252218,-0.4334225897804839,-0.4334225897804839,-1.5638299092474406,17.058095182035657,35.9404706059103,522.6234480560698,24.764696099366002,311.71174963508037,45.210048743572784,0.001325399179303059,6.626995896515295,322.9057494833859,0.6512992331432942,LUBRICATION,LUBRICATION_SYSTEM,0.4,0.6,True
10.36,10.36,AEROTWIN-4-001,TAKEOFF,0.29399999999999976,1368.5596137089033,231.91264635992474,48.30542612824499,80.73056800453425,27.4742999763805,2.8158641484053017,50.440403879748445,-2.5905383570528953,-0.4388486280813653,84.19880361774986,-0.4388486280813653,36.088446073881414,523.2950658953317,24.766777163544653,311.4215893592438,45.167964477486,0.0013289725684754226,6.644862842377114,322.88608301475824,0.639574055933537,LUBRICATION,LUBRICATION_SYSTEM,0.4,0.6,True
10.370000000000001,10.370000000000001,AEROTWIN-4-001,TAKEOFF,0.2980000000000004,1369.8361210652035,314.0262231824589,49.15558268523979,34.00722199753934,28.467406690049256,2.86630455228505,2.673510755205034,-2.4082135361486285,-0.4465721918421122,37.3085799173722,-0.4465721918421122,36.24326799156625,523.9862147966809,24.76898133450992,312.3356928912756,45.30054422556483,0.001347924496081383,6.739622480406915,322.86459363423995,0.33803045998914644,LUBRICATION,LUBRICATION_SYSTEM,0.4,0.6,True
10.38,10.38,AEROTWIN-4-001,TAKEOFF,0.30200000000000027,1382.38641785932,396.2163904463712,49.825637970480855,57.67479491452318,28.52053671230453,2.868978063040255,26.285280139178397,60.58597241161594,-2.0058583799992467,-0.452659558546756,-0.452659558546756,36.4012121663355,524.6866320500775,24.771250783533862,312.38405322198787,45.30755831121068,0.0013559114645555924,6.779557322777961,322.84129491498425,0.21033719752369945,LUBRICATION,LUBRICATION_SYSTEM,0.4,0.6,True
10.39,10.39,AEROTWIN-4-001,TAKEOFF,0.3060000000000002,1393.70293322391,479.15957551793036,50.587054278941324,55.64205284726588,29.045535148332377,2.8952633431794332,23.70125435575407,59.571203722205894,-3.0099970179777626,-0.45957692848113013,-0.45957692848113013,36.56413996847627,525.4009175707653,24.77361622418495,312.8590414283046,45.37644965067844,0.0013695777262515167,6.847888631257584,322.81620157296163,0.16186237953688698,LUBRICATION,LUBRICATION_SYSTEM,0.4,0.6,True
10.4,10.4,AEROTWIN-4-001,TAKEOFF,0.31000000000000016,1393.584438161244,562.781751511365,51.34003326970636,32.19381684319447,29.523027724564923,2.9189645975351874,-0.24817547890564118,-0.46641764646163275,34.48120578952224,-0.46641764646163275,-1.3545536534045115,36.731842733092925,526.1281958885921,24.776075640110445,313.28659594275786,45.438461302345715,0.001382787876029923,6.913939380149616,322.78932945766473,0.40884337357918576,LUBRICATION,LUBRICATION_SYSTEM,0.4,0.6,True
10.41,10.41,AEROTWIN-4-001,TAKEOFF,0.31400000000000006,1414.2497308308123,646.3968178010396,52.001517521471264,75.71801191772312,29.518007739000243,2.918716422056282,43.28128775666659,-0.47242714642161177,80.06196649337258,-0.47242714642161177,-3.3991002828062387,36.90232564847411,526.863241464875,24.77859786961065,313.28212263184975,45.43781250227822,0.001390246545629089,6.951232728145445,322.7606955420976,0.4888191938072873,LUBRICATION,LUBRICATION_SYSTEM,0.4,0.6,True
10.42,10.42,AEROTWIN-4-001,TAKEOFF,0.31799999999999995,1403.709060697897,11.251801650888297,52.833300718084224,11.285606257619882,30.39993645012723,2.961997709812948,-22.076327902320294,-0.4799837905494501,-0.4799837905494501,-0.7024124637967673,12.94798630251555,37.07922595223637,527.6147674557521,24.781242990026687,314.0611153333682,45.55079604572106,0.001408580450056539,7.042902250282695,322.730317912055,0.8015757016436977,LUBRICATION,LUBRICATION_SYSTEM,0.4,0.6,True
10.43,10.43,AEROTWIN-4-001,TAKEOFF,0.32199999999999984,1431.828502289104,95.47434529276212,53.41081158428617,91.78161437330682,29.948472240740006,2.939921381910628,58.89322075065619,-0.4852304030244535,-0.4852304030244535,-3.622629556047639,96.37470473540337,37.25695893982858,528.3689878668002,24.783921202025248,313.6640639474465,45.493208506809744,0.0014106472827849442,7.053236413924722,322.6982157546991,0.7456163850578864,LUBRICATION,LUBRICATION_SYSTEM,0.4,0.6,True
10.44,10.44,AEROTWIN-4-001,TAKEOFF,0.3259999999999998,1415.5186976004568,181.3840554301084,54.30753870032537,0.0,31.16036045823123,2.998814602661284,-34.159175060892515,-0.08937762791915643,-0.49337705436735635,0.5833513189235268,-0.49337705436735635,37.44250593956541,529.1424039568255,24.786747630371494,314.7219685287305,45.64664487147001,0.001433337600346611,7.166688001733055,322.6644093464406,1.0254855949287647,LUBRICATION,LUBRICATION_SYSTEM,0.4,0.6,True
10.450000000000001,10.450000000000001,AEROTWIN-4-001,TAKEOFF,0.3300000000000004,1448.7041921870696,266.3151772861358,54.83769326379762,102.92270771254555,30.45451495224759,2.964655427600391,69.50353733269756,-3.7287263576110905,-0.4981934408791572,107.64782095191497,-0.4981934408791572,37.62768385790659,529.9154947283051,24.789589099104695,314.10887543605617,45.557723075494714,0.0014322355860006786,7.161177930003393,322.62892004013156,0.9160227714235765,LUBRICATION,LUBRICATION_SYSTEM,0.4,0.6,True
10.46,10.46,AEROTWIN-4-001,TAKEOFF,0.3340000000000003,1432.360875564637,353.23742881735996,55.78066943499986,0.7040046378853424,31.89920796383648,3.0341589649330887,-34.229362290884225,-0.4475527302197236,-0.506760258982508,2.165077886070082,-0.506760258982508,37.82170124652862,530.7094805853205,24.79259847450372,315.3548651091673,45.738438925703406,0.0014581844042517878,7.290922021258939,322.5917702515785,1.0395405380694271,LUBRICATION,LUBRICATION_SYSTEM,0.4,0.6,True
10.47,10.47,AEROTWIN-4-001,TAKEOFF,0.33800000000000024,1468.3715570803208,439.17908135123815,56.31110695356559,109.60406105903475,31.18353645610324,2.999929602642205,75.4205950002893,114.39583981374815,-3.768620322502996,-0.5115792161052015,-0.5115792161052015,38.015176994860866,531.5026125173581,24.795621702979947,314.7419570689941,45.649543969372765,0.0014569474983071496,7.284737491535749,322.5529834453841,1.0077490357581382,LUBRICATION,LUBRICATION_SYSTEM,0.4,0.6,True
10.48,10.48,AEROTWIN-4-001,TAKEOFF,0.34200000000000014,1453.110135273011,527.2813747760574,57.28142524372452,3.8831067830106756,32.77120367415416,3.075350197642494,-31.963447088785976,5.783183863389977,-0.8592882126435805,-0.5203944338678602,-0.5203944338678602,38.218136200407805,532.3173493003158,24.798826758112174,316.09060211758816,45.84514874993075,0.001485068387284291,7.4253419364214555,322.5125841201264,1.010871981588727,LUBRICATION,LUBRICATION_SYSTEM,0.4,0.6,True
10.49,10.49,AEROTWIN-4-001,TAKEOFF,0.3460000000000001,1490.5014737276742,614.467982892438,57.822365122696844,113.44915597701653,32.093533095089896,3.043386750553708,78.31223613137293,-0.5253088035937635,118.29571134716184,-0.5253088035937635,-3.7959377629577844,38.42059748618271,533.1311770543534,24.802048289058426,315.5198598787618,45.762369437095856,0.0014843504107225894,7.421752053612947,322.47059779288526,1.0493242978922248,LUBRICATION,LUBRICATION_SYSTEM,0.4,0.6,True
10.5,10.5,AEROTWIN-4-001,TAKEOFF,0.35,1475.9135183667995,703.8980713160985,58.807183784725034,6.335197537364369,33.76644081242584,3.121698986685081,-30.552942261746555,-0.5342557553832498,8.515015759634817,-0.5342557553832498,-1.1113067115039486,38.63292336406256,533.9666839738779,24.805461610022924,316.9161089315576,45.96487860721525,0.0015139157123411425,7.569578561705712,322.42705098312484,0.9954629590412732,LUBRICATION,LUBRICATION_SYSTEM,0.4,0.6,True
10.51,10.51,AEROTWIN-4-001,TAKEOFF,0.35399999999999987,1514.2003904172639,72.45288241810647,59.355817213050386,116.38769545533128,33.1087121024607,3.091146044423334,80.18783730844724,-0.5392400200226083,-0.5392400200226083,-3.8561161981373853,121.32229169351388,38.84472276829174,534.8010512395454,24.80889301398457,316.37221571450357,45.88599342280017,0.0015135236095230255,7.567618047615127,322.3819711959435,1.0747311841015221,LUBRICATION,LUBRICATION_SYSTEM,0.4,0.6,True
10.52,10.52,AEROTWIN-4-001,TAKEOFF,0.3579999999999998,1499.3703218771702,163.3049058431423,60.3503446152402,6.96005847554444,34.848747512340196,3.1713338817317815,-31.060022918527537,-0.5482751744767189,-0.5482751744767189,-1.1813075518235991,9.237916376321477,39.066674409460724,535.6569679830212,24.81252491497897,317.79743065702604,46.09270374763374,0.0015442986936486129,7.7214934682430645,322.33538690470107,1.0124051440447548,LUBRICATION,LUBRICATION_SYSTEM,0.4,0.6,True
10.53,10.53,AEROTWIN-4-001,TAKEOFF,0.3619999999999997,1538.603041441661,253.26712515577253,60.89929237625783,119.47856305066706,34.169473482418496,3.1402738588132544,82.16881570943531,-3.9737682175868554,-0.5532622947884486,124.55885585783082,-0.5532622947884486,39.28788838368875,536.5111310642502,24.816173509503344,317.2462518887032,46.01276188143374,0.001543712883936508,7.71856441968254,322.28732753303433,1.1026651310322764,LUBRICATION,LUBRICATION_SYSTEM,0.4,0.6,True
10.540000000000001,10.540000000000001,AEROTWIN-4-001,TAKEOFF,0.3660000000000003,1522.4592089911548,345.5833076422722,61.90339021755865,5.391913035702519,35.98103397937683,3.2224426745226897,-33.811563618197006,-1.0501350122799444,-0.5623843954597988,7.566816838902061,-0.5623843954597988,39.51955112115304,537.386754091119,24.820031709077256,318.70204512502517,46.2239072208434,0.0015757560468571334,7.878780234285668,322.23782343627255,1.0679381892841173,LUBRICATION,LUBRICATION_SYSTEM,0.4,0.6,True
10.55,10.55,AEROTWIN-4-001,TAKEOFF,0.3700000000000003,1562.46360870884,436.9308601817415,62.44378596097697,122.20358132615199,35.229931372348084,3.1886311109044927,83.78501884289942,127.48266688635967,-4.144497916640324,-0.5672938217836765,-0.5672938217836765,39.75003686235281,538.2595677569801,24.82390127969554,318.10391197767973,46.13715518541871,0.0015743174389915703,7.871587194957852,322.1869058822642,1.124178647989036,LUBRICATION,LUBRICATION_SYSTEM,0.4,0.6,True
10.56,10.56,AEROTWIN-4-001,TAKEOFF,0.37400000000000017,1544.2084729180494,530.6786767042719,63.455669398865,2.144620021383127,37.10567088539007,3.272416129747392,-38.233466993754334,3.997899572001767,-0.7003062434069386,-0.5764866536058508,-0.5764866536058508,39.991229033355346,539.1537058239309,24.82798907474521,319.5837936690771,46.35179426617561,0.0016075408291407484,8.037704145703744,322.13460703162787,1.1528367420064158,LUBRICATION,LUBRICATION_SYSTEM,0.4,0.6,True
10.57,10.57,AEROTWIN-4-001,TAKEOFF,0.3780000000000001,1583.777312192709,623.3311850793549,63.98076162363028,122.35064927081876,36.24368342383478,3.2341826627536383,82.87278318423034,-0.581257049416927,127.84309536980776,-0.581257049416927,-4.329932000155137,40.23062289584212,540.0436668095832,24.832079583927868,318.90943372949823,46.25398644925897,0.0016047101610835717,8.023550805417859,322.0809599174384,1.10067197024823,LUBRICATION,LUBRICATION_SYSTEM,0.4,0.6,True
10.58,10.58,AEROTWIN-4-001,TAKEOFF,0.382,1563.9902365261,718.3578238109175,64.99042967648865,0.0,38.12489892089134,3.3170554459378683,-41.44195436682921,-0.5904297547489973,0.30087932870032424,-0.5904297547489973,-0.12690161684067364,40.48071574836947,540.9543368445691,24.8363923612401,320.36914954989084,46.46570071241707,0.0016383544504698173,8.191772252349088,322.0259984243631,1.2180470161705883,LUBRICATION,LUBRICATION_SYSTEM,0.4,0.6,True
10.59,10.59,AEROTWIN-4-001,TAKEOFF,0.3859999999999999,1600.4382109870546,92.19723800248346,65.50465828649226,116.79028827519895,37.17821558045207,3.2756134915710393,76.33645920317583,-0.5951014560071779,-0.5951014560071779,-4.459979377849767,122.44047056506307,40.72850258191431,541.8597599533946,24.84070084301982,319.6401169505832,46.359963282278684,0.0016344308872821628,8.172154436410814,321.9697572672589,0.9774503467609257,LUBRICATION,LUBRICATION_SYSTEM,0.4,0.6,True
10.6,10.6,AEROTWIN-4-001,TAKEOFF,0.3899999999999998,1584.2610579028553,188.22353066170675,66.49017853778919,8.401844517758,38.93124475719608,3.3519499507742148,-33.881350190212295,-0.6480091770366067,-0.6040547816455822,10.25796325808577,-0.6040547816455822,40.9863751464803,542.7841680449827,24.845224773787134,320.98158960827465,46.55452779360494,0.0016667234748538773,8.333617374269387,321.9122719692461,1.0979099571936575,LUBRICATION,LUBRICATION_SYSTEM,0.4,0.6,True
10.61,10.61,AEROTWIN-4-001,TAKEOFF,0.39399999999999974,1613.6562974428837,283.2791941358781,67.03611831572951,103.03150638719346,38.14819206029884,3.3180686005840028,61.565245726310614,-4.445482157236668,-0.6090145748151546,108.69501769406043,-0.6090145748151546,41.24257815371551,543.7045328686737,24.849757406469863,320.38694972271327,46.46828241388289,0.0016650072638995522,8.32503631949776,321.853578839271,0.7106525536945474,LUBRICATION,LUBRICATION_SYSTEM,0.4,0.6,True
10.620000000000001,10.620000000000001,AEROTWIN-4-001,TAKEOFF,0.39800000000000035,1610.123760099083,380.09857198245106,67.96452221418788,35.55807483464551,39.57696990021243,3.379633846310313,-7.398528911877236,38.384306982561895,-1.5913341365535525,-0.6174490056814134,-0.6174490056814134,41.50733425683191,544.6404865315752,24.854481982103536,321.46656793610555,46.62486808031688,0.001693259109646472,8.46629554823236,321.79371494917257,0.6489971554229352,LUBRICATION,LUBRICATION_SYSTEM,0.4,0.6,True
10.63,10.63,AEROTWIN-4-001,TAKEOFF,0.40200000000000025,1628.0265596603967,476.70599758839603,68.6179319700548,80.27165067716729,39.403879639425824,3.372235317398436,37.49553572034303,85.69505947944896,-4.176638502527226,-0.6233851498772205,-0.6233851498772205,41.7731458247247,545.5775274083283,24.859266104830485,321.33703539660945,46.60608093985344,0.0016998726084299079,8.49936304214954,321.7327181102668,0.285684957245925,LUBRICATION,LUBRICATION_SYSTEM,0.4,0.6,True
10.64,10.64,AEROTWIN-4-001,TAKEOFF,0.40600000000000025,1643.2178429707874,574.3875911680199,69.45123410922692,75.51128667777883,40.28500646031055,3.409730853118779,31.8165493643495,-0.6309555934042496,79.44587035044903,-0.6309555934042496,-2.6726724858616984,42.04489087372521,546.5248148915459,24.864198816188104,321.9929197304081,46.701209091858935,0.0017209278389476914,8.604639194738457,321.67062684946455,0.18850566050834822,LUBRICATION,LUBRICATION_SYSTEM,0.4,0.6,True
10.65,10.65,AEROTWIN-4-001,TAKEOFF,0.41000000000000014,1646.0950543722918,672.9806617462671,70.26205491933077,50.5078860044039,41.04032113406044,3.441547402483128,6.026017467860331,-0.6383217969274152,55.28692395950004,-0.6383217969274152,-3.502394361241306,42.32191608739607,547.4809307376734,24.869270563258212,322.5483344915276,46.78176533798218,0.0017403729712251379,8.70186485612569,321.607480384937,0.42876119943314955,LUBRICATION,LUBRICATION_SYSTEM,0.4,0.6,True
10.66,10.66,AEROTWIN-4-001,TAKEOFF,0.41400000000000003,1681.2713711507945,51.746365008604585,70.97149188848333,118.30484601490394,41.1841670138256,3.4475734199509884,73.67310558112736,-0.644766941201606,-0.644766941201606,-3.7974080244424306,123.3917879217496,42.601327183954425,548.4403767782483,24.87443016545677,322.6534134904593,46.797005785829235,0.0017515311128127869,8.757655564063935,321.54331860134454,0.9115128269433271,LUBRICATION,LUBRICATION_SYSTEM,0.4,0.6,True
10.67,10.67,AEROTWIN-4-001,TAKEOFF,0.4179999999999999,1668.7390448343099,152.62264727765225,71.9463106250746,20.23675229592074,42.96314862922698,3.521246525532116,-26.247642858838354,-0.6536230449454243,-0.6536230449454243,-2.2542584065557207,23.798256792367308,42.89066506474898,549.4169122321424,24.879818146693566,323.93514587547753,46.98290568748751,0.0017852138189965493,8.926069094982747,321.47818202464487,0.9895295983942898,LUBRICATION,LUBRICATION_SYSTEM,0.4,0.6,True
10.68,10.68,AEROTWIN-4-001,TAKEOFF,0.4219999999999998,1714.7852049695896,252.74698996771087,72.53221465121415,142.25888571697573,42.32503456296005,3.494998882673278,96.43885227134241,-4.719721636487505,-0.6589459082067081,148.29649916987663,-0.6589459082067081,43.17862849827711,550.3896633026964,24.885228444764888,323.47912168137077,46.91676485042265,0.0017858333689703791,8.929166844851895,321.412111796496,1.304314988545781,LUBRICATION,LUBRICATION_SYSTEM,0.4,0.6,True
10.69,10.69,AEROTWIN-4-001,TAKEOFF,0.4259999999999998,1691.731063791272,355.63410226588627,73.59245745658897,0.0,44.69304263880507,3.5914377349446203,-48.28448037374969,-0.381719164726337,-0.668578078707318,1.4787531368435196,-0.668578078707318,43.47911546758196,551.383829665116,24.89092048133914,325.1513206710604,47.159297247489256,0.0018278439450101678,9.13921972505084,321.3451496482701,1.3738739846639714,LUBRICATION,LUBRICATION_SYSTEM,0.4,0.6,True
10.700000000000001,10.700000000000001,AEROTWIN-4-001,TAKEOFF,0.4300000000000004,1728.8041345910706,457.1379660933626,74.09777519616168,124.6881958926736,43.49938472432837,3.543153254570871,77.64565791377437,131.0441708791821,-5.009637334817507,-0.6731688258454951,-0.6731688258454951,43.77554454537839,552.3692615222558,24.896587705048873,324.31523105648625,47.03803248197065,0.0018209880074439929,9.104940037219965,321.2773378746952,0.9703766967872814,LUBRICATION,LUBRICATION_SYSTEM,0.4,0.6,True
10.71,10.71,AEROTWIN-4-001,TAKEOFF,0.4340000000000003,1725.1968660274104,560.8662141688268,75.08579082006226,41.492543509250034,45.426790209512205,3.620798912484645,-7.555045612746817,-0.6821448216253603,44.67911684769185,-0.6821448216253603,-1.8222836951910955,44.08237719123885,553.3719460418813,24.90250187050339,325.65863607680797,47.232877259308076,0.0018572743601168425,9.286371800584213,321.208719307141,0.6744789349079386,LUBRICATION,LUBRICATION_SYSTEM,0.4,0.6,True
10.72,10.72,AEROTWIN-4-001,TAKEOFF,0.4380000000000003,1736.311464160783,664.3780261304714,75.7491121219096,72.12901951422975,45.2374157517538,3.613243866871898,23.278359895604055,-0.6881710109507588,77.76512346609447,-0.6881710109507588,-4.259761929963201,44.3897065963853,554.3740174762746,24.90847911058431,325.5281755335804,47.21395552303943,0.0018643889464268733,9.321944732134366,321.1393372865654,0.149796162183999,LUBRICATION,LUBRICATION_SYSTEM,0.4,0.6,True
10.73,10.73,AEROTWIN-4-001,TAKEOFF,0.44200000000000017,1770.3838262670542,48.55671398011839,76.52973077533521,120.81968893261615,45.822178383507165,3.6365222267675024,71.36098832234148,-0.6952628317371248,-0.6952628317371248,-3.9088262786641543,126.11904087475455,44.70109718010061,555.3818005240081,24.91458773135894,325.929971937917,47.27223126993161,0.0018822858160062648,9.411429080031324,321.06923563613975,0.8619899106166142,LUBRICATION,LUBRICATION_SYSTEM,0.4,0.6,True
10.74,10.74,AEROTWIN-4-001,TAKEOFF,0.44600000000000006,1754.8736846111956,154.77974355614163,77.48906213806443,18.86171734445656,47.63819885082142,3.707883215089844,-32.4843647214547,-0.7039782346670447,-0.7039782346670447,-2.2497340030368616,22.519407816827513,45.02212547834056,556.4049914364509,24.920937203061218,327.1585123729714,47.45041631755103,0.0019173570833241563,9.586785416620781,320.998458633569,1.1143572142021128,LUBRICATION,LUBRICATION_SYSTEM,0.4,0.6,True
10.75,10.75,AEROTWIN-4-001,TAKEOFF,0.44999999999999996,1803.1017789856166,260.0721646328134,78.06303534389049,151.49123250359972,46.80714899768735,3.6753988503683894,101.00868465554397,-5.239297739187699,-0.7091927079492699,158.14891565868592,-0.7091927079492699,45.34053148616754,557.4219553725159,24.92729435919256,326.5998581196437,47.369390221956884,0.0019157719625080083,9.578859812540042,320.92705098312484,1.372702613343167,LUBRICATION,LUBRICATION_SYSTEM,0.4,0.6,True
10.76,10.76,AEROTWIN-4-001,TAKEOFF,0.45399999999999985,1782.5137135513057,368.2582713719504,79.12808372893906,10.072108783230725,49.4152446615789,3.7764075350239334,-43.119543413372114,12.284258610732735,-0.7744127544468603,-0.7188685365275741,-0.7188685365275741,45.67205873751113,558.4601643934825,24.933965064881267,328.33377343520664,47.6208738314955,0.0019620773563232175,9.810386781616087,320.8550577874099,1.2982898802280316,LUBRICATION,LUBRICATION_SYSTEM,0.4,0.6,True
10.77,10.77,AEROTWIN-4-001,TAKEOFF,0.45799999999999985,1803.791056398132,475.20909418502873,79.66847314722051,96.5896775680166,48.293226926072045,3.733287991610562,44.56316265033399,102.9485701795512,-4.911336800757819,-0.723777905388391,-0.723777905388391,45.999535164566026,559.4895947323103,24.94061869221718,327.5947324091632,47.51368479916022,0.001956654154874038,9.78327077437019,320.7825245188697,0.3850274668210556,LUBRICATION,LUBRICATION_SYSTEM,0.4,0.6,True
10.78,10.78,AEROTWIN-4-001,TAKEOFF,0.46199999999999974,1832.8785394452566,583.4365575689167,80.52762610713751,114.15156531519821,49.45303212609509,3.777851154260896,60.92068203484224,-0.7315832003209031,119.38723721369992,-0.7315832003209031,-3.7725054978599064,46.33341117101107,560.5284081738874,24.947459415875624,328.3584868397381,47.62445821426193,0.0019830831648173196,9.915415824086597,320.7094969910712,0.6782596974693305,LUBRICATION,LUBRICATION_SYSTEM,0.4,0.6,True
10.790000000000001,10.790000000000001,AEROTWIN-4-001,TAKEOFF,0.4660000000000003,1817.0568507199525,693.4092699356321,81.44206488176525,21.76273077502071,51.06082631659094,3.8387718362957384,-33.13686737786597,-0.7398907598204173,25.7264055721564,-0.7398907598204173,-2.4838932774948534,46.67557038673384,561.5797173435882,24.954528138017118,329.3996808565437,47.775470912071384,0.002015812519280686,10.07906259640343,320.63602132976615,1.1355243926683434,LUBRICATION,LUBRICATION_SYSTEM,0.4,0.6,True
10.8,10.8,AEROTWIN-4-001,TAKEOFF,0.4700000000000003,1866.5203778656855,82.43268097882924,82.02312491104871,157.5849052652275,50.183101295194106,3.805634968917872,103.59616900111551,-0.7451696159888108,-0.7451696159888108,-5.5400984797528805,164.61534297695798,47.01466489088544,562.623963060307,24.96160195212354,328.833752695368,47.693389823430785,0.0020139169483054664,10.069584741527331,320.5621439437572,1.4127600818970876,LUBRICATION,LUBRICATION_SYSTEM,0.4,0.6,True
10.81,10.81,AEROTWIN-4-001,TAKEOFF,0.4740000000000002,1851.9420092638043,194.42390365077037,83.08400904168604,26.328802567981448,52.952435230725214,3.909231137918988,-30.532863800662753,-1.4101351066836993,-0.7548076128475377,29.248552900360227,-0.7548076128475377,47.36714657548185,563.6893012885989,24.969010688116864,330.5997882259783,47.949532084719436,0.0020630900924790627,10.315450462395313,320.4879114955846,1.085876092730498,LUBRICATION,LUBRICATION_SYSTEM,0.4,0.6,True
10.82,10.82,AEROTWIN-4-001,TAKEOFF,0.4780000000000001,1861.9484252330767,305.54042420659863,83.6801628165826,76.96458741788322,52.12850054521197,3.8786982741183254,20.957388598552928,-4.639486518786039,-0.7602235937674514,83.12452112420416,-0.7602235937674514,47.71671258970295,564.7477581889256,24.976430984294876,330.0802689170054,47.87418204318463,0.002062217067590187,10.311085337950935,320.4133708720539,0.20951876383245602,LUBRICATION,LUBRICATION_SYSTEM,0.4,0.6,True
10.83,10.83,AEROTWIN-4-001,TAKEOFF,0.482,1907.2757748312547,417.25732972058324,84.4533324215806,151.52637867269263,52.693344007087774,3.899655662716879,94.93337900288797,157.90091196927818,-4.8400378147854575,-0.7672477409000484,-0.7672477409000484,48.069611035431535,565.8100421307308,24.983988566818198,330.43694832709093,47.925914111464614,0.0020807624511621635,10.403812255810818,320.3385691546205,1.2662295576176597,LUBRICATION,LUBRICATION_SYSTEM,0.4,0.6,True
10.84,10.84,AEROTWIN-4-001,TAKEOFF,0.4859999999999999,1879.9861340623263,531.6938762104585,85.47290454326377,2.129408755574933,55.29010968636879,3.9945890417197667,-57.155289972513614,4.5237512411176155,-0.8413216386772708,-0.7765104234327058,-0.7765104234327058,48.43474881997548,566.8911949809617,24.991868658290315,332.04788186109295,48.1595606893692,0.0021277799416485376,10.638899708242688,320.26355358965225,1.5530544523815935,LUBRICATION,LUBRICATION_SYSTEM,0.4,0.6,True
10.85,10.85,AEROTWIN-4-001,TAKEOFF,0.48999999999999977,1914.2830486298833,644.493044254198,85.98575696281928,129.4879511129023,53.71922746366563,3.9374337517472533,71.83128989748941,-0.7811696221763961,136.72262484878695,-0.7811696221763961,-5.672334491531852,48.79352698334332,567.9596234496072,24.99969309314738,331.0789375188366,48.01902693985702,0.0021166347508025487,10.583173754012744,320.18837155858796,0.8545661265766562,LUBRICATION,LUBRICATION_SYSTEM,0.4,0.6,True
10.86,10.86,AEROTWIN-4-001,TAKEOFF,0.4939999999999998,1938.6644731869821,39.35002717199109,86.92781833494753,110.77072561684811,55.697124393445755,4.009265041644743,51.06433618175761,-0.7897281294469737,-0.7897281294469737,-3.755490724558744,116.10567260030079,49.16171437302976,569.0420398842084,25.007786726468872,332.29623303332426,48.19558104668728,0.0021553425790984725,10.776712895492363,320.11307054800983,0.5121220560896486,LUBRICATION,LUBRICATION_SYSTEM,0.4,0.6,True
10.870000000000001,10.870000000000001,AEROTWIN-4-001,TAKEOFF,0.49800000000000033,1919.0258099477737,155.66989556321005,87.79540594265463,20.05415095664656,57.12494168456783,4.0603293778265,-41.13112010574777,-0.797610052077608,-0.797610052077608,-2.4645742194643807,24.113945280266158,49.536638861068674,570.1338450898976,25.01609934348138,333.1589460131551,48.32070721185599,0.0021863043677278595,10.931521838639297,320.03769811965003,1.2814934309032722,LUBRICATION,LUBRICATION_SYSTEM,0.4,0.6,True
10.88,10.88,AEROTWIN-4-001,TAKEOFF,0.5020000000000002,1966.654442225843,270.81144416007646,88.36820884773633,159.74582524440476,55.97345280980907,4.019198257720753,99.75317417687495,-6.020500375214535,-0.8028138933270106,167.3719534062733,-0.8028138933270106,49.90697197316192,571.2159385954849,25.024395240524637,332.46422236855295,48.21994588389018,0.002181214142928377,10.906070714641885,319.9623018803499,1.3442020835855226,LUBRICATION,LUBRICATION_SYSTEM,0.4,0.6,True
10.89,10.89,AEROTWIN-4-001,TAKEOFF,0.5060000000000002,1973.6174935715267,388.810710693627,89.38802366416425,77.48869358072838,58.786361512718706,4.118951431897627,14.583380636112047,82.04801333709531,-2.9351621949460553,-0.8120787807104334,-0.8120787807104334,50.289976343784005,572.3173920344088,25.03303936203771,334.14667360957293,48.46396524698524,0.0022318302758122547,11.159151379061274,319.88692945199017,0.30559823191065805,LUBRICATION,LUBRICATION_SYSTEM,0.4,0.6,True
10.9,10.9,AEROTWIN-4-001,TAKEOFF,0.5100000000000001,1959.9595431543767,507.22776030791863,90.13888586095113,34.731761660999325,59.20337131087419,4.13353481253374,-28.605144462408603,39.694097993684615,-3.3245357969093927,-0.8189002678879456,-0.8189002678879456,50.675056695500544,573.4202933022221,25.041812468658964,334.39195217148284,48.49953995904753,0.0022489697548248484,11.244848774124241,319.81162844141204,1.0673205838370938,LUBRICATION,LUBRICATION_SYSTEM,0.4,0.6,True
10.91,10.91,AEROTWIN-4-001,TAKEOFF,0.514,2012.2675708675245,624.8253328971812,90.7578530831557,172.04540759038534,58.3868008640493,4.104929668071331,109.55367705826471,-0.8245235060635214,179.85317752586343,-0.8245235060635214,-6.158722923351062,51.056906021872585,574.5157686310184,25.05060091846452,333.9106770774249,48.429736781955555,0.0022488234589558525,11.244117294779262,319.73644641034775,1.5195702619679707,LUBRICATION,LUBRICATION_SYSTEM,0.4,0.6,True
10.92,10.92,AEROTWIN-4-001,TAKEOFF,0.5179999999999999,2013.172865928122,25.561387149232587,91.79149690206452,67.65540797325461,61.5448790869885,4.2144833451295955,1.8960455411365142,-0.8339140281686082,-0.8339140281686082,-2.6986159680238813,72.02185199761571,51.452449731164656,575.6322748027576,25.059771616086692,335.75030385189103,48.69655257007057,0.0023044311913488114,11.522155956744058,319.6614308453796,0.5219638514798683,LUBRICATION,LUBRICATION_SYSTEM,0.4,0.6,True
10.93,10.93,AEROTWIN-4-001,TAKEOFF,0.5219999999999998,1999.5668993292707,146.35175910491992,92.50572526565135,37.3203777331529,61.60026815044258,4.216379390670732,-28.49626980796041,-0.8404027016494038,-0.8404027016494038,-3.492457146112318,42.49364028256403,51.848321213435746,576.7472563038007,25.069040207454826,335.78205742845074,48.701158045307636,0.0023168192415022157,11.58409620751108,319.5866291279461,1.0653705000404687,LUBRICATION,LUBRICATION_SYSTEM,0.4,0.6,True
10.94,10.94,AEROTWIN-4-001,TAKEOFF,0.5259999999999998,2052.003718024858,266.3257730646761,93.13152498081836,174.78173422481615,60.770434842835336,4.187883120862772,109.82341626111804,-6.332616875834722,-0.8460880121510779,182.80652712495305,-0.8460880121510779,52.240802176215595,577.8545321387753,25.078324441153843,335.30452092031675,48.6318971052409,0.0023167597724509177,11.58379886225459,319.5120885044154,1.527837042809471,LUBRICATION,LUBRICATION_SYSTEM,0.4,0.6,True
10.950000000000001,10.950000000000001,AEROTWIN-4-001,TAKEOFF,0.5300000000000004,2059.503856466385,389.4459961461676,94.149593874906,84.0054850818869,63.999525325557656,4.29770653712389,15.708253219205357,88.86980601126608,-3.153646853273219,-0.8553370380529824,-0.8553370380529824,52.646818417188136,578.9825990001738,25.087999883481697,337.1413965034204,48.89831386606309,0.0023735507085812222,11.867753542906112,319.4378560562428,0.2790817315364609,LUBRICATION,LUBRICATION_SYSTEM,0.4,0.6,True
10.96,10.96,AEROTWIN-4-001,TAKEOFF,0.5340000000000003,2039.0879615538918,513.0162275341507,94.90198711776509,26.022685361695448,64.46822088705272,4.313414790343096,-42.75895031570037,30.681034024268524,-2.9340037933959673,-0.8621724345885557,-0.8621724345885557,53.054659221655605,580.1116785350836,25.097812819524446,337.403356090473,48.93630796065002,0.002391923024481681,11.959615122408403,319.36397867023385,1.307325202789993,LUBRICATION,LUBRICATION_SYSTEM,0.4,0.6,True
10.97,10.97,AEROTWIN-4-001,TAKEOFF,0.5380000000000003,2085.334939915108,635.3615052273842,95.49647800086525,164.32650783846498,63.196407018221734,4.270655840027395,96.85944498021584,-0.86757330834884,172.53998680753563,-0.86757330834884,-6.478332352372966,53.45718672804788,581.2297814123724,25.10760242213551,336.6898345357068,48.83282022138984,0.0023860156335195,11.9300781675975,319.2905030089288,1.3054383349941667,LUBRICATION,LUBRICATION_SYSTEM,0.4,0.6,True
10.98,10.98,AEROTWIN-4-001,TAKEOFF,0.5420000000000001,2112.261622520794,40.48160162229067,96.46447933047475,126.85815999299747,66.09553253494576,4.367515285007611,56.3951121730441,-0.8763674768207682,-0.8763674768207682,-4.2670584785474155,132.87795342518643,53.87146312787427,582.3657518513124,25.117755230975217,338.3041116403421,49.06695174409194,0.002438428119751692,12.192140598758462,319.2174754811303,0.6351378419406467,LUBRICATION,LUBRICATION_SYSTEM,0.4,0.6,True
10.99,10.99,AEROTWIN-4-001,TAKEOFF,0.546,2080.953239591912,167.21729897353828,97.31506819055647,6.665243322990345,67.81345679591094,4.423910397180655,-65.57212387010125,-0.8840949679998573,-0.8840949679998573,-1.4670720512365287,9.900505310226588,54.2923043089347,583.51086303611,25.128161139369556,339.24069967529164,49.202792599504946,0.002474217774329906,12.37108887164953,319.1449422125901,1.6910043739004585,LUBRICATION,LUBRICATION_SYSTEM,0.4,0.6,True
11.0,11.0,AEROTWIN-4-001,TAKEOFF,0.5499999999999999,2108.2299783733365,292.074493349053,97.86469103324454,127.30467121483703,65.81806482845154,4.358338273310554,57.12826811307494,-6.17935890249281,-0.8890882213423592,135.26220656001456,-0.8890882213423592,54.70489437997393,584.6399285628895,25.13847968839942,338.15147527778794,49.04481367133981,0.0024587177776396185,12.293588888198093,319.07294901687516,0.6182245476925796,LUBRICATION,LUBRICATION_SYSTEM,0.4,0.6,True
11.01,11.01,AEROTWIN-4-001,TAKEOFF,0.5539999999999998,2159.62848029539,418.5682920514532,98.7204637038642,179.61907189458503,67.55483465726529,4.415466541423629,107.64877069589612,187.1522419075566,-5.739444399415092,-0.8968628067782461,-0.8968628067782461,55.12420203854087,585.7784574824059,25.14905598759402,339.10062011225534,49.18247573984129,0.0024951546283709263,12.475773141854633,319.00154136643107,1.5201497287463335,LUBRICATION,LUBRICATION_SYSTEM,0.4,0.6,True
11.02,11.02,AEROTWIN-4-001,TAKEOFF,0.5579999999999998,2129.537836530198,548.1460008691766,99.68008147839801,12.390370801562446,70.88895241911982,4.523115312119525,-63.02169692967689,-0.9055808117228379,15.163911559966207,-0.9055808117228379,-0.9623791349580854,55.55606255126294,586.9365511083295,25.160034851303976,340.8824906930945,49.44091468514504,0.002553361955521026,12.76680977760513,318.93076436386025,1.6346800818189446,LUBRICATION,LUBRICATION_SYSTEM,0.4,0.6,True
11.03,11.03,AEROTWIN-4-001,TAKEOFF,0.5619999999999997,2125.3167518378445,675.9182710609884,100.2533275150912,64.5467619786701,68.92728746993134,4.460093615189847,-8.840619106451086,-0.9107886787663457,71.12049601570249,-0.9107886787663457,-4.752156679499696,55.97986685808238,588.0787964034199,25.17093266002772,339.84035820460645,49.28976587327971,0.002538874767589536,12.69437383794768,318.8606627134346,0.7303946690981494,LUBRICATION,LUBRICATION_SYSTEM,0.4,0.6,True
11.040000000000001,11.040000000000001,AEROTWIN-4-001,TAKEOFF,0.5660000000000003,2182.527492382267,83.4372761712591,100.94594728399244,192.9274562563742,68.65430845976499,4.451252996083396,119.82189480052581,-0.9170810409237021,-0.9170810409237021,-6.833037853744469,201.59465619196607,56.402216366341264,589.2166765298364,25.181902506258403,339.6939341876641,49.26852882671043,0.0025474175844624643,12.737087922312321,318.791280692859,1.7149862596163856,LUBRICATION,LUBRICATION_SYSTEM,0.4,0.6,True
11.05,11.05,AEROTWIN-4-001,TAKEOFF,0.5700000000000003,2198.6907333110994,214.3889257141951,101.92467394799344,110.82351193624285,72.40022440521068,4.571074890883922,33.85221264014825,-3.9224723095430094,-0.9259726476890205,116.59792954116391,-0.9259726476890205,56.838469791524005,590.3766285418972,25.193317341791907,341.67360879872365,49.55565687294928,0.002611854013842458,13.059270069212289,318.7226621253048,0.26405733322299035,LUBRICATION,LUBRICATION_SYSTEM,0.4,0.6,True
11.06,11.06,AEROTWIN-4-001,TAKEOFF,0.5740000000000002,2165.2665035892005,346.3103697128611,102.70741935219075,8.07793439640439,73.47655032369008,4.60492710352407,-70.00354303080977,-1.6561932085677398,-0.9330837897345748,11.600295184441277,-0.9330837897345748,57.27807026354777,591.5405088569116,25.204930293701203,342.2310189636487,49.63650252844968,0.0026392895854196723,13.196447927098362,318.6548503517299,1.76521077375583,LUBRICATION,LUBRICATION_SYSTEM,0.4,0.6,True
11.07,11.07,AEROTWIN-4-001,TAKEOFF,0.5780000000000001,2187.4372997216055,476.2263599282131,103.27870567987186,122.22889773518553,71.25956733882596,4.534923560493261,46.434406835866305,130.41807089696658,-6.312625455637138,-0.9382738530719502,-0.9382738530719502,57.708719023383914,592.68696749417,25.2164386457983,341.07742889706344,49.46918813237229,0.0026214040276635,13.1070201383175,318.587888203504,0.43903708380348383,LUBRICATION,LUBRICATION_SYSTEM,0.4,0.6,True
11.08,11.08,AEROTWIN-4-001,TAKEOFF,0.582,2246.795736143406,607.4725979115094,104.09161962693398,201.62770995283313,72.72633345796687,4.581357967329127,124.32001852753714,-0.9456590724771015,210.07029224659186,-0.9456590724771015,-6.551264148804519,58.14434534145452,593.8402664352678,25.228183371430404,341.84301685652486,49.580227478836655,0.0026545371090946263,13.272685545473133,318.52181797535513,1.8154719718078884,LUBRICATION,LUBRICATION_SYSTEM,0.4,0.6,True
11.09,11.09,AEROTWIN-4-001,TAKEOFF,0.5859999999999999,2238.379345327083,22.28034208011377,105.03836239207673,63.80532966760842,76.72689938728594,4.7056779858566635,-17.627247705534185,-0.9542601096054318,-0.9542601096054318,-2.713477044795516,68.4273269316148,58.59382331216384,595.0161722327333,25.2403951628227,343.88516404782064,49.87641642316781,0.0027221872039176723,13.610936019588364,318.45668139865546,0.8333914328408755,LUBRICATION,LUBRICATION_SYSTEM,0.4,0.6,True
11.1,11.1,AEROTWIN-4-001,TAKEOFF,0.5899999999999999,2210.554269936067,156.58310279973875,105.72529645908583,22.56449445734248,76.15314534185596,4.68805073815113,-58.27670162266462,-0.9605008178871258,-0.9605008178871258,-2.862906173382711,27.348402266499445,59.04038112178368,596.1850733606266,25.252657324184117,343.5962722223081,49.83451613057912,0.0027275104881910282,13.63755244095514,318.392519615063,1.566665162707083,LUBRICATION,LUBRICATION_SYSTEM,0.4,0.6,True
11.11,11.11,AEROTWIN-4-001,TAKEOFF,0.5939999999999998,2242.9464793975085,289.2163589959028,106.33501175031259,146.74346732383577,74.27160843556982,4.629774036528465,67.8420848517375,-6.841609545576241,-0.9660400034511807,155.51715687631437,-0.9660400034511807,59.47934241796623,597.338826928012,25.264846954889528,342.63962674528454,49.69576618388258,0.0027145275200160138,13.57263760008007,318.32937315053545,0.8169832808672588,LUBRICATION,LUBRICATION_SYSTEM,0.4,0.6,True
11.120000000000001,11.120000000000001,AEROTWIN-4-001,TAKEOFF,0.5980000000000003,2301.424896117344,423.7931477597533,107.17551178445308,203.63875007575626,76.46422438064432,4.697616121380202,122.47690957373173,212.13800708880123,-6.551905335175235,-0.9736758389348722,-0.9736758389348722,59.92549622349166,598.5036190316964,25.277342022177717,343.75306557723013,49.8572571251903,0.0027579366021281914,13.789683010640958,318.26728188973317,1.7997084118460713,LUBRICATION,LUBRICATION_SYSTEM,0.4,0.6,True
11.13,11.13,AEROTWIN-4-001,TAKEOFF,0.6020000000000003,2291.22516393159,561.8786415267939,108.08095612675046,63.961197401119435,80.50337350573061,4.820093030953934,-21.362269135565107,-0.9819016851651968,68.66923345978773,-0.9819016851651968,-2.7442326883379073,60.384716317713995,599.6903535113829,25.29030707271803,345.7550878180303,50.147626426951476,0.002825956579909841,14.129782899549207,318.20628505082743,0.8869515722185682,LUBRICATION,LUBRICATION_SYSTEM,0.4,0.6,True
11.14,11.14,AEROTWIN-4-001,TAKEOFF,0.6060000000000002,2259.6847343220525,699.3521513626893,108.76950448576711,18.53199510334724,79.79138564312187,4.798730761818368,-66.05812130159299,-0.9881570590836447,23.121662830906725,-0.9881570590836447,-2.613353609392197,60.840446940504904,600.8690483152833,25.30331247625399,345.40663710172106,50.09708783195942,0.0028298272054806347,14.149136027403173,318.146421160729,1.6934386111535724,LUBRICATION,LUBRICATION_SYSTEM,0.4,0.6,True
11.15,11.15,AEROTWIN-4-001,TAKEOFF,0.6100000000000001,2284.0987665569205,114.93323542201244,109.38588691098246,133.47503164965013,77.60972946675574,4.732672640516776,51.13262954237762,-0.9937568147086354,-0.9937568147086354,-6.758537357756193,142.22108263682358,61.28767609070068,602.0307584221107,25.316220570482336,344.3271586688606,49.9405224390142,0.0028132295331643785,14.066147665821893,318.0877280307539,0.5340846259698858,LUBRICATION,LUBRICATION_SYSTEM,0.4,0.6,True
11.16,11.16,AEROTWIN-4-001,TAKEOFF,0.614,2347.0600034493523,251.97916141542768,110.18356201636571,215.9453187244803,79.29580726629545,4.783805270059154,131.8657061881257,-7.139238168007005,-1.0010035911830368,225.08656407485338,-1.0010035911830368,61.73986127953329,603.1998889329394,25.329388454983302,345.16299581388944,50.0617505868549,0.0028498205180746998,14.249102590373498,318.03024273274116,1.9647136873967421,LUBRICATION,LUBRICATION_SYSTEM,0.4,0.6,True
11.17,11.17,AEROTWIN-4-001,TAKEOFF,0.6179999999999999,2359.113447525416,392.8027616223888,111.07007509703207,113.8879854895107,83.72764027338438,4.915670976247279,25.24467423987904,120.00601728373066,-4.099916895582271,-1.0090574493188442,-1.0090574493188442,62.205685132065774,604.3927745682371,25.34306316240726,347.31035011579974,50.37319856009536,0.0029232708952158914,14.616354476079458,317.9740015756369,0.16676678688623314,LUBRICATION,LUBRICATION_SYSTEM,0.4,0.6,True
11.18,11.18,AEROTWIN-4-001,TAKEOFF,0.6219999999999999,2316.6184854576163,534.3495684739138,111.81487044218716,0.5294986863209855,84.58982346701828,4.940915650487159,-89.00124043118444,3.3112727193491933,-0.7501263931802485,-1.0158238199239797,-1.0158238199239797,62.67298824498065,605.5870038243992,25.356920922254798,347.72012266703734,50.43263115138176,0.0029484860573749864,14.742430286874932,317.9190400825616,2.0656419599108653,LUBRICATION,LUBRICATION_SYSTEM,0.4,0.6,True
11.19,11.19,AEROTWIN-4-001,TAKEOFF,0.6259999999999998,2313.4349706123476,673.3466776013707,112.43253610341797,79.75419598802165,81.56981947829303,4.851914410055974,-6.667537900327352,-1.0214352335843102,87.3680799009305,-1.0214352335843102,-5.571013445740228,63.12931211991764,606.7591652225567,25.370610914918082,346.27357037310674,50.22282609977466,0.0029214396080862143,14.607198040431072,317.86539296837213,0.6875859055765451,LUBRICATION,LUBRICATION_SYSTEM,0.4,0.6,True
11.200000000000001,11.200000000000001,AEROTWIN-4-001,TAKEOFF,0.6300000000000003,2368.642554193484,92.15277583811167,113.14223293024705,201.81752531809593,81.34578577864457,4.845246872155647,115.62649266729572,-1.02788273863231,-1.02788273863231,-7.703679572592388,211.57697036795295,63.58386133168413,607.9266582222552,25.384384756162845,346.16498911612,50.20707769142381,0.0029318968619432757,14.659484309716378,317.8130941177358,1.6673520824598307,LUBRICATION,LUBRICATION_SYSTEM,0.4,0.6,True
11.21,11.21,AEROTWIN-4-001,TAKEOFF,0.6340000000000003,2419.682151629502,234.27132908972075,113.99140471312509,197.1325229003098,85.27456663737063,4.960873364822943,106.89708289811622,-6.305167861676856,-1.0355973558459552,205.5088854736786,-1.0355973558459552,64.04997669278649,609.1146242899247,25.398624467007238,348.04378072689155,50.4795738690669,0.002999154702344813,14.995773511724066,317.76217656372745,1.5736691709231148,LUBRICATION,LUBRICATION_SYSTEM,0.4,0.6,True
11.22,11.22,AEROTWIN-4-001,TAKEOFF,0.6380000000000002,2402.1033849661503,379.4522581874909,114.7916194040747,57.24004782378927,88.98916018190432,5.067770447721059,-36.816882805836116,61.930509560595,-2.6047273285438615,-1.0428672041309381,-1.0428672041309381,64.52602150247756,610.3207653190892,25.413301492836116,349.77295065402507,50.730369216958486,0.0030623127973522725,15.311563986761364,317.71267246696567,1.1288446869192525,LUBRICATION,LUBRICATION_SYSTEM,0.4,0.6,True
11.23,11.23,AEROTWIN-4-001,TAKEOFF,0.6420000000000001,2363.992067542952,523.57846128546,115.48767361107028,12.91165792915083,87.70086092113449,5.030953564915222,-79.82015655689888,17.23460242832197,-2.2245629637314894,-1.0491907677198258,-1.0491907677198258,64.9967771043005,611.5152190653832,25.427973273565243,349.1782310799391,50.64411227937221,0.0030594954793342543,15.297477396671272,317.66461309529893,1.9157345683772538,LUBRICATION,LUBRICATION_SYSTEM,0.4,0.6,True
11.24,11.24,AEROTWIN-4-001,TAKEOFF,0.646,2372.263530841417,665.4179853380372,116.13952876562693,107.21489245509662,84.94004682480902,4.951133408358324,17.323712221929277,-1.055112788561242,115.77406697688859,-1.055112788561242,-6.448948944669489,65.45776449781434,612.689478046267,25.44250159012324,347.88585859365105,50.456669158705964,0.003036197836843009,15.180989184215047,317.6180288040565,0.2746112394596602,LUBRICATION,LUBRICATION_SYSTEM,0.4,0.6,True
11.25,11.25,AEROTWIN-4-001,TAKEOFF,0.6499999999999999,2432.662939538531,87.75379718852219,116.87532781389628,217.0041696243513,85.53548674108958,4.968457120580252,126.50022576268147,-1.06179742895794,-1.06179742895794,-7.957361864724974,227.08512634699215,65.91945045381172,613.863925465471,25.45719140916087,348.16669962037173,50.49740177953947,0.0030582391015998495,15.291195507999248,317.57294901687516,1.8711645389453326,LUBRICATION,LUBRICATION_SYSTEM,0.4,0.6,True
11.26,11.26,AEROTWIN-4-001,TAKEOFF,0.6539999999999999,2483.7158126030063,233.71357356083405,117.68514119786784,201.96636025673146,89.94651560105153,5.094957346342934,106.924887309337,-6.463588186948063,-1.0691544801433355,210.56825740396621,-1.0691544801433355,66.3930767376015,615.060897160065,25.472389119791966,350.21155812091985,50.793983966741976,0.003131780790505764,15.65890395252882,317.52940220711474,1.597384790396288,LUBRICATION,LUBRICATION_SYSTEM,0.4,0.6,True
11.27,11.27,AEROTWIN-4-001,TAKEOFF,0.6579999999999998,2471.8248264941826,382.7365223170144,118.43794891111982,74.05889961241407,93.76144044770746,5.201882233652271,-24.90442306894566,79.32987522165925,-3.118988325066178,-1.075993642089503,-1.075993642089503,66.87582425604813,616.2758243650361,25.48803034946183,351.9320719694979,51.043523854312035,0.0031959454642315486,15.979727321157743,317.4874158798736,0.9021702309449942,LUBRICATION,LUBRICATION_SYSTEM,0.4,0.6,True
11.28,11.28,AEROTWIN-4-001,TAKEOFF,0.6619999999999997,2426.748718345726,531.0460119066654,119.15382243119588,3.635606575168257,92.86580890565791,5.176977810583326,-94.40718014107298,7.064210238635224,-1.2636091402531118,-1.0824972616069275,-1.0824972616069275,67.35449384681574,617.4812822529791,25.503704554042166,351.53197529490336,50.985494632822196,0.0031988871463374488,15.994435731687245,317.4470165546159,2.146384099597295,LUBRICATION,LUBRICATION_SYSTEM,0.4,0.6,True
11.290000000000001,11.290000000000001,AEROTWIN-4-001,TAKEOFF,0.6660000000000004,2417.3790576882293,676.650935007409,119.8379920887088,74.96849563784369,89.50969639954937,5.082570630442253,-19.623771392147933,-1.0887128555813461,82.75095257419541,-1.0887128555813461,-5.605031225189032,67.82223366159793,618.66328536166,25.51918843971438,350.0117808716538,50.765008674062926,0.003168664118338165,15.843320591690826,317.4082297484215,0.9073277308533145,LUBRICATION,LUBRICATION_SYSTEM,0.4,0.6,True
11.3,11.3,AEROTWIN-4-001,TAKEOFF,0.6700000000000003,2463.2910118161385,101.69367846870273,120.54623724766807,190.0405567859083,88.81983806006386,5.062946859050105,96.15777186679435,-1.0951471724121173,-1.0951471724121173,-8.04313191245424,200.27398304318677,68.28667846407389,619.8377228237706,25.534717143409978,349.69508238537946,50.71907535901067,0.0031734635292798496,15.867317646399247,317.3710799598684,1.3377063654932813,LUBRICATION,LUBRICATION_SYSTEM,0.4,0.6,True
11.31,11.31,AEROTWIN-4-001,TAKEOFF,0.6740000000000002,2529.75630635695,249.49113917767104,121.30932344533085,236.5893814501859,92.22568945387252,5.159104630916899,139.2045873653965,-7.741707876466496,-1.1020797130766604,246.5352487528057,-1.1020797130766604,68.75948013791246,621.0284759010975,25.550665205681653,351.24460030599244,50.943814339180534,0.0032338513591785648,16.169256795892824,317.3355906535594,2.141700638867341,LUBRICATION,LUBRICATION_SYSTEM,0.4,0.6,True
11.32,11.32,AEROTWIN-4-001,TAKEOFF,0.678,2559.0495510094215,401.27651755908806,122.03294309712929,163.91969653545854,97.26975918383432,5.298309218282297,61.35162813334192,171.62229301514932,-5.4852890692674725,-1.1086537052116512,-1.1086537052116512,69.24399857128121,622.243945277723,25.567166826809945,353.47760714971866,51.2676851857809,0.0033144321507885964,16.572160753942985,317.3017842453009,0.8613814541856937,LUBRICATION,LUBRICATION_SYSTEM,0.4,0.6,True
11.33,11.33,AEROTWIN-4-001,TAKEOFF,0.682,2528.3320446678995,554.8194906196534,122.73204599892382,40.56053261350198,99.53546660650176,5.359660846415639,-64.33459483941542,-1.1150049658034886,44.929467437561605,-1.1150049658034886,-2.138924892452651,69.73228502725765,623.4675821676411,25.583973535150008,354.4580223960335,51.40988265227591,0.0033581194393257816,16.79059719662891,317.269682087945,1.5681900712390233,LUBRICATION,LUBRICATION_SYSTEM,0.4,0.6,True
11.34,11.34,AEROTWIN-4-001,TAKEOFF,0.6859999999999999,2483.9095680325286,706.5194132997274,123.47352698885516,9.417372333619673,97.16026358334089,5.295326251576223,-93.03821750129745,-1.121741225914638,13.622072535636798,-1.121741225914638,-1.9612177501878496,70.21298697121388,624.6734634897364,25.60068964413379,353.42988085816273,51.2607630599062,0.003342682367706405,16.713411838532025,317.2393044579024,2.1242577627290036,LUBRICATION,LUBRICATION_SYSTEM,0.4,0.6,True
11.35,11.35,AEROTWIN-4-001,TAKEOFF,0.6899999999999998,2475.3728357364976,135.55398738167912,124.19790004058696,81.09906745837144,93.77606973554529,5.202288034074926,-17.87929031124878,-1.128322062591819,-1.128322062591819,-5.925695470042361,89.28140705359743,70.68341007105771,625.8561595745069,25.61721617093391,351.9385880927793,51.044468939800524,0.0033126626359270303,16.563313179635152,317.21067054233527,0.8797782241744477,LUBRICATION,LUBRICATION_SYSTEM,0.4,0.6,True
11.36,11.36,AEROTWIN-4-001,TAKEOFF,0.6939999999999997,2518.886545670063,284.07635752586896,124.91505217092696,189.4519055032421,93.13259578766198,5.184408743763677,91.13490097181644,-8.255706924203446,-1.134837298120221,199.97728702368602,-1.134837298120221,71.15074714828891,627.0316296576027,25.63379381137194,351.6513955727359,51.00281511107847,0.003318486011621415,16.592430058107077,317.18379842703837,1.254425186489827,LUBRICATION,LUBRICATION_SYSTEM,0.4,0.6,True
11.370000000000001,11.370000000000001,AEROTWIN-4-001,TAKEOFF,0.6980000000000004,2587.9736887980625,435.2095502660727,125.6370732414729,246.40698284047434,96.43566499011885,5.275543644735493,144.69577420561998,256.96660893102637,-8.276832555854735,-1.1413967673486616,-1.1413967673486616,71.62528575854688,628.2223617214498,25.65078139141641,353.1132306902326,51.21483675284996,0.003377570579430856,16.887852897154282,317.15870508501575,2.2411647171248634,LUBRICATION,LUBRICATION_SYSTEM,0.4,0.6,True
11.38,11.38,AEROTWIN-4-001,TAKEOFF,0.7020000000000003,2635.274334423555,590.4879715939564,126.29613408762883,206.28469887470732,101.79821891769835,5.420239418941113,99.06624053806786,-1.1473842509781365,215.21844231824596,-1.1473842509781365,-6.638974941582358,72.11099997940563,629.4389342593271,25.66834849095099,355.423884046822,51.549969294382976,0.0034621594394952603,17.3107971974763,317.13540636576005,1.5318114080258456,LUBRICATION,LUBRICATION_SYSTEM,0.4,0.6,True
11.39,11.39,AEROTWIN-4-001,TAKEOFF,0.7060000000000002,2634.277505753268,28.604431659369766,126.92813352378981,108.9849292204656,105.55337664595967,5.519305659479182,-2.0877530849732526,-1.1531258851533759,-1.1531258851533759,-4.140527091214188,115.43170808198654,72.60295205858644,630.6713641890254,25.686343222142835,356.99875706326304,51.77838572694154,0.0035243811999638207,17.621905999819106,317.11391698524176,0.4490428608306819,LUBRICATION,LUBRICATION_SYSTEM,0.4,0.6,True
11.4,11.4,AEROTWIN-4-001,TAKEOFF,0.7100000000000001,2586.569266554286,186.66108200456586,127.64951566858068,11.070853107539417,105.47353772329681,5.517217906394207,-99.9199025221516,-1.0088873042003834,-1.1596795498229182,14.399099511385637,-1.1596795498229182,73.0927714554518,631.8985561581941,25.704446670367638,356.9656263364683,51.77358051258869,0.003538828530624827,17.694142653124135,317.0942505166141,2.1750990598466013,LUBRICATION,LUBRICATION_SYSTEM,0.4,0.6,True
11.41,11.41,AEROTWIN-4-001,TAKEOFF,0.7140000000000001,2543.687877998211,341.855237997823,128.45709979060132,17.294490529659704,101.68776270145011,5.417298003872056,-89.81057017566248,-2.7257322793193812,-1.1670163484481524,22.354255505875386,-1.1670163484481524,73.5726276271297,633.1006219399053,25.722344404785485,355.377036324625,51.54317459445096,0.003506240406639848,17.53120203319924,317.0764193816403,2.0772681996666806,LUBRICATION,LUBRICATION_SYSTEM,0.4,0.6,True
11.42,11.42,AEROTWIN-4-001,TAKEOFF,0.718,2536.162693687238,494.4765106777156,129.223890845414,87.91083223239679,98.3440539642087,5.327487433696393,-15.760709165508306,96.54140371276125,-6.282606385830837,-1.1739825472668155,-1.1739825472668155,74.04317936006255,634.2802583391211,25.740058917613514,353.9441642945601,51.33535370095441,0.003477261434603379,17.386307173016895,317.06043484284726,0.8522072770013731,LUBRICATION,LUBRICATION_SYSTEM,0.4,0.6,True
11.43,11.43,AEROTWIN-4-001,TAKEOFF,0.7219999999999999,2576.8803581567777,646.6462722989498,129.94890096690307,188.35364112889582,97.76303735847125,5.311726724530884,85.27887704589368,-1.1805691716413917,199.19797948053744,-1.1805691716413917,-8.483200008358839,74.51093953524075,635.4531787493662,25.757832107593178,353.69221556638104,51.298811561316775,0.0034843174170140086,17.421587085070044,317.0463069964124,1.1508436206983534,LUBRICATION,LUBRICATION_SYSTEM,0.4,0.6,True
11.44,11.44,AEROTWIN-4-001,TAKEOFF,0.7259999999999998,2646.590830782314,81.2590937883565,130.62955782321754,252.32565274487294,100.92737469085816,5.397005601576779,146.001272452438,-1.1867528522654847,-1.1867528522654847,-8.797271102969688,263.49642955237357,74.98467266635353,636.6402265769849,25.776002785808245,355.0537017844,51.49627879940581,0.003541699548402122,17.70849774201061,317.03404476578623,2.260991608642286,LUBRICATION,LUBRICATION_SYSTEM,0.4,0.6,True
11.450000000000001,11.450000000000001,AEROTWIN-4-001,TAKEOFF,0.7300000000000004,2708.7469389585785,240.05454363529532,131.21559916817213,242.18432125939862,106.46186583717929,5.543006874029216,130.17944854819012,-7.747019053334446,-1.1920769630506682,252.31549423883442,-1.1920769630506682,75.46849514766905,637.8534741257527,25.794766445890996,357.37469814268223,51.832911469218345,0.003628501542879602,18.14250771439801,317.02365589605654,2.077721326705619,LUBRICATION,LUBRICATION_SYSTEM,0.4,0.6,True
11.46,11.46,AEROTWIN-4-001,TAKEOFF,0.7340000000000003,2740.1295101084593,402.57935997281004,131.74402177362376,182.92186380999897,111.52117417060398,5.673186322577407,65.72750331681758,191.38927105605364,-6.073652016164664,-1.1968776149450115,-1.1968776149450115,75.95980620213723,639.0890288178769,25.81406155558409,359.433876471185,52.13157057562773,0.003706588153806798,18.53294076903399,317.0151469490561,1.0354568476282087,LUBRICATION,LUBRICATION_SYSTEM,0.4,0.6,True
11.47,11.47,AEROTWIN-4-001,TAKEOFF,0.7380000000000002,2733.0696862777495,566.9871305793176,132.33976527627397,105.07308540819878,114.12023203710318,5.738913825894224,-14.786060454798625,-1.2022898685939565,111.56957175116031,-1.2022898685939565,-4.091906605773615,76.45337380862522,640.3331443160479,25.83367974122169,360.4699555032283,52.28184140627722,0.0037535586447873526,18.767793223936764,317.00852329921815,0.619105384207649,LUBRICATION,LUBRICATION_SYSTEM,0.4,0.6,True
11.48,11.48,AEROTWIN-4-001,TAKEOFF,0.7420000000000001,2689.156138740804,10.971311755982583,133.086192542691,27.284746884483756,113.53293800913332,5.724127765439426,-91.97231889008899,-1.2090710649953709,-1.2090710649953709,-1.7258050644263294,31.428694078900826,76.94391909045972,641.56913128798,25.853369623816555,360.237086963256,52.24806661897672,0.003762564771950914,18.81282385975457,317.00378913018193,1.9929906448559782,LUBRICATION,LUBRICATION_SYSTEM,0.4,0.6,True
11.49,11.49,AEROTWIN-4-001,TAKEOFF,0.7460000000000001,2635.249630373044,172.32068008043083,133.9662338338693,2.6444996192346872,109.91387128524042,5.632155446549336,-112.90152711255506,-1.2170661277500854,-1.2170661277500854,-1.219760368537164,6.298392243272022,77.4263981223469,642.7813984938123,25.872883146007602,358.7858801108252,52.03758647951386,0.003734239208215501,18.671196041077508,317.0009474321501,2.436680072085012,LUBRICATION,LUBRICATION_SYSTEM,0.4,0.6,True
11.5,11.5,AEROTWIN-4-001,TAKEOFF,0.75,2602.938838241288,330.4356579028135,134.83872767740957,43.39908678555419,105.55139766131134,5.519253919436782,-67.67156479519393,-4.533091105831108,-1.2249926229067694,50.38216313719883,-1.2249926229067694,77.89900367239416,643.9662562301983,25.892139755292135,356.9979360265324,51.7782666454162,0.0036941467964321565,18.470733982160784,317.0,1.7352289068039743,LUBRICATION,LUBRICATION_SYSTEM,0.4,0.6,True
11.51,11.51,AEROTWIN-4-001,TAKEOFF,0.7539999999999999,2608.802456089919,486.61198819729077,135.62608039133553,120.71124919622717,102.97893433710794,5.451582354641588,12.28073250447764,130.59329772759867,-7.417757287825745,-1.2321456217728846,-1.2321456217728846,78.36491571596652,645.1336450408324,25.911280544395005,355.9227658218534,51.62232610926997,0.0036753540149079135,18.376770074539568,317.0009474321501,0.3939722879016401,LUBRICATION,LUBRICATION_SYSTEM,0.4,0.6,True
11.52,11.52,AEROTWIN-4-001,TAKEOFF,0.7579999999999998,2657.0798258872114,643.1401355626859,136.33451929899613,210.0191663755635,103.44341642854297,5.463863087146065,101.11188685987445,-1.2385816987858669,221.54246875414327,-1.2385816987858669,-9.046138981008047,78.83046192817677,646.3003621102788,25.93057644287448,356.11808023298937,51.650654120832314,0.003696884462506175,18.484422312530878,317.00378913018193,1.4228182657366732,LUBRICATION,LUBRICATION_SYSTEM,0.4,0.6,True
11.53,11.53,AEROTWIN-4-001,TAKEOFF,0.7619999999999997,2728.721330742805,82.56492511591864,136.93898477227907,262.91799136008655,107.30739948844754,5.564974974005941,150.04561689763307,-1.2440731904242703,-1.2440731904242703,-9.252098899630417,274.6582366405655,79.30223039925036,647.4846015543307,25.950330466878324,357.7228621076077,51.8834084743632,0.003763574534758109,18.817872673790546,317.00852329921815,2.341082491218918,LUBRICATION,LUBRICATION_SYSTEM,0.4,0.6,True
11.540000000000001,11.540000000000001,AEROTWIN-4-001,TAKEOFF,0.7660000000000003,2798.3782672774555,246.28820496048692,137.40894836955326,264.77612744496554,113.17196012817557,5.715020590903573,145.8891467258864,-8.57218080087977,-1.2483427496941628,275.8449937452337,-1.2483427496941628,79.78251138935555,648.6959385143622,25.970698012600764,360.0935964398571,52.22725504044399,0.003853924880636011,19.269624403180057,317.0151469490561,2.370100165666867,LUBRICATION,LUBRICATION_SYSTEM,0.4,0.6,True
11.55,11.55,AEROTWIN-4-001,TAKEOFF,0.7700000000000002,2852.404391018257,414.19090099713424,137.79415502190028,238.0366198325497,119.02366113089698,5.86090973762946,113.15204896402325,248.15436215413493,-7.614057715700583,-1.2518423029423116,-1.2518423029423116,80.26931968989898,649.9328450231935,25.9916953989938,362.3867484796235,52.559849225987634,0.003940663185941084,19.703315929705422,317.02365589605654,1.900131961861109,LUBRICATION,LUBRICATION_SYSTEM,0.4,0.6,True
11.56,11.56,AEROTWIN-4-001,TAKEOFF,0.7740000000000001,2888.15317526301,585.3351644582297,138.19007404068688,204.50996073239145,123.66382030707653,5.974061786593483,74.87207863872143,-1.2554391766716633,213.71764390461672,-1.2554391766716633,-6.696804818881939,80.75951347430917,651.1879829223358,26.013244160144776,362.44,52.56757272,0.004010495713494967,20.05247856747484,317.03404476578623,1.3102250882464652,LUBRICATION,LUBRICATION_SYSTEM,0.4,0.6,True
11.57,11.57,AEROTWIN-4-001,TAKEOFF,0.7780000000000001,2907.3373677954746,38.624354974010316,138.662117174802,173.01117988772108,126.78296713912721,6.048933865232205,40.17927888336167,-1.2597276282682122,-1.2597276282682122,-5.8975258556179515,181.42816099987547,81.25059215169446,652.453063281533,26.035221251701245,362.44,52.56757272,0.004061836574902329,20.309182874511645,317.0463069964124,0.7532485415223918,LUBRICATION,LUBRICATION_SYSTEM,0.4,0.6,True
11.58,11.58,AEROTWIN-4-001,TAKEOFF,0.782,2911.9383721800928,213.0645970417388,139.23474779401988,144.198274818928,128.47284062557895,6.089113144115567,9.636321049233493,-5.175943577129042,-1.2649299043225417,151.90407820470213,-1.2649299043225417,81.74091113271011,653.7207384285499,26.057520785147595,362.44,52.56757272,0.004097062739095154,20.48531369547577,317.06043484284726,0.24036307685646274,LUBRICATION,LUBRICATION_SYSTEM,0.4,0.6,True
11.59,11.59,AEROTWIN-4-001,TAKEOFF,0.7859999999999999,2902.650453596118,387.78089937254435,139.9121177393844,115.52596983106908,128.8797915596081,6.098749465164801,-19.452571193703818,122.51144929745026,-4.443312018820426,-1.2710837237803718,-1.2710837237803718,82.22937140093207,654.9846935559134,26.080051768364996,362.44,52.56757272,0.004118345929240009,20.591729646200047,317.0764193816403,0.5805867934980673,LUBRICATION,LUBRICATION_SYSTEM,0.4,0.6,True
11.6,11.6,AEROTWIN-4-001,TAKEOFF,0.7899999999999998,2878.5188164476085,561.9399265883114,140.6943990502869,83.59706699969078,128.05895276228654,6.0792968939710965,-50.54118265656685,-1.2781906495976045,89.73526688269237,-1.2781906495976045,-3.5818185838063865,82.71506788199099,656.2390692685567,26.10272695532451,362.44,52.56757272,0.004126256201121541,20.631281005607708,317.0942505166141,1.1523712250376166,LUBRICATION,LUBRICATION_SYSTEM,0.4,0.6,True
11.61,11.61,AEROTWIN-4-001,TAKEOFF,0.7939999999999997,2837.4575706341884,14.651055575167902,141.58272152944662,45.968811235065594,125.9385276535417,6.028755711314529,-85.99847212979064,-1.2862609458876757,-1.2862609458876757,-2.4400200225892807,50.98135314943023,83.19695935883153,657.4777434581774,26.12544958333125,362.44,52.56757272,0.004119429715171523,20.597148575857613,317.11391698524176,1.8247030698656632,LUBRICATION,LUBRICATION_SYSTEM,0.4,0.6,True
11.620000000000001,11.620000000000001,AEROTWIN-4-001,TAKEOFF,0.7980000000000004,2779.4142812835194,184.8985098132192,142.57176292672222,6.7483761838051235,122.37119988745329,5.942757239184739,-121.56558094283291,-0.8295178931016602,-1.2952462606876682,10.16838659828212,-1.2952462606876682,83.67352971992125,658.6938531162805,26.148102219755632,362.44,52.56757272,0.004094936463140424,20.474682315702122,317.13540636576005,2.5254949675743052,LUBRICATION,LUBRICATION_SYSTEM,0.4,0.6,True
11.63,11.63,AEROTWIN-4-001,TAKEOFF,0.8020000000000003,2722.2990155167586,351.6633666902304,143.62396583922438,3.6151923601309655,117.41593359567857,5.821191658241907,-119.6219328937895,-1.418866711885212,-1.304805389788173,7.643669851592524,-1.304805389788173,84.14266599709097,659.8806843374949,26.170555503965268,361.76358422537396,52.46946672887979,0.004051354679482443,20.256773397412214,317.15870508501575,2.5947471327862095,LUBRICATION,LUBRICATION_SYSTEM,0.4,0.6,True
11.64,11.64,AEROTWIN-4-001,TAKEOFF,0.8060000000000002,2682.3419209887848,515.0013076212359,144.61179448609678,34.65549089896537,112.63986425886647,5.701569725348117,-83.68594308524922,41.447051121734845,-4.164000848958256,-1.3137796869056133,-1.3137796869056133,84.60371158786177,661.0393668071362,26.19279586078411,359.8815840409526,52.19650518613168,0.004006444225328529,20.032221126642646,317.18379842703837,2.06498117314072,LUBRICATION,LUBRICATION_SYSTEM,0.4,0.6,True
11.65,11.65,AEROTWIN-4-001,TAKEOFF,0.8100000000000002,2672.1271955074135,675.941822880563,145.48341927166356,93.58175479364414,109.35754203185705,5.617883782262867,-21.39367102047578,-1.321698286781581,103.11835396392925,-1.321698286781581,-6.8932025967219515,85.05832797579566,662.177957745953,26.21493262846467,358.5602681452203,52.00486417124646,0.003978423662222776,19.89211831111388,317.21067054233527,1.0463806571134273,LUBRICATION,LUBRICATION_SYSTEM,0.4,0.6,True
11.66,11.66,AEROTWIN-4-001,TAKEOFF,0.8140000000000001,2700.186288718861,116.26945461100786,146.236502134178,172.8895484344291,108.52623092353537,5.5964901112423915,58.76682739965133,-1.3285399484236633,-1.3285399484236633,-8.934987599110578,184.481615930387,85.51046803848006,663.3097061718073,26.237181385400817,358.22185388317774,51.95578124350833,0.003982709981486795,19.913549907433975,317.2393044579024,0.6038601112621936,LUBRICATION,LUBRICATION_SYSTEM,0.4,0.6,True
11.67,11.67,AEROTWIN-4-001,TAKEOFF,0.818,2760.776174112794,278.28063193413954,146.85465621093044,243.37180722299362,110.8173910607343,5.655256938642042,126.89915922361727,-9.90184948711907,-1.33415579927664,255.94196830866596,-1.33415579927664,85.96531780058139,664.4511862126774,26.259829302839808,359.15083527472353,52.09051884657535,0.0040297253858673845,20.148626929336924,317.269682087945,1.8283277671248035,LUBRICATION,LUBRICATION_SYSTEM,0.4,0.6,True
11.68,11.68,AEROTWIN-4-001,TAKEOFF,0.8219999999999998,2836.7505869935753,443.92720238090715,147.30289610754306,280.74907981296803,115.84648547039461,5.782156097865659,159.12043824470777,293.40592265279906,-9.980386836831018,-1.3382280014999999,-1.3382280014999999,86.426291136059,665.616096346266,26.283113311509915,361.1502993693891,52.38051711993745,0.004112276873739174,20.56138436869587,317.3017842453009,2.478637419949617,LUBRICATION,LUBRICATION_SYSTEM,0.4,0.6,True
11.69,11.69,AEROTWIN-4-001,TAKEOFF,0.8259999999999997,2913.776501984359,614.1322376005216,147.5789090996422,289.5742028842887,122.31022723412583,5.941276536110366,161.3226991140525,-1.340735544288128,301.9280281232285,-1.340735544288128,-9.672354150363525,86.89334821760008,666.810444189178,26.307129023862505,362.44,52.56757272,0.004209805427227379,21.049027136136896,317.33559065355934,2.6334542195106,LUBRICATION,LUBRICATION_SYSTEM,0.4,0.6,True
11.700000000000001,11.700000000000001,AEROTWIN-4-001,TAKEOFF,0.8300000000000004,2986.6020054006012,68.95882771958327,147.72953975882422,287.67052779978445,129.04255088026417,6.102599235224419,152.52537768429585,-1.3421040045922255,-1.3421040045922255,-9.39462064897864,299.74935645794756,87.36432758648573,668.0339444424419,26.3318612209555,362.44,52.56757272,0.0043059662413698855,21.529831206849426,317.37107995986844,2.6029276193312882,LUBRICATION,LUBRICATION_SYSTEM,0.4,0.6,True
11.71,11.71,AEROTWIN-4-001,TAKEOFF,0.8340000000000003,3055.9326586999846,248.1549480436193,147.7986520469955,287.0345186221102,135.5736132932518,6.255124612908714,145.20578071594971,-9.347362848011914,-1.3427318809050648,299.06734523193234,-1.3427318809050648,87.8367202770186,669.2840681194097,26.357258266652593,362.44,52.56757272,0.004395273835120694,21.97636917560347,317.4082297484215,2.5958496022726245,LUBRICATION,LUBRICATION_SYSTEM,0.4,0.6,True
11.72,11.72,AEROTWIN-4-001,TAKEOFF,0.8380000000000002,3123.320331310232,431.51090756561837,147.79550827800605,289.477795866484,141.94105399628035,6.400330393624664,141.13641147657896,301.7136905442559,-9.550488037441406,-1.342703320165235,-1.342703320165235,88.3082934660171,670.5586518415815,26.3832747167493,362.44,52.56757272,0.004478655880950275,22.393279404751375,317.4470165546159,2.6437917603229653,LUBRICATION,LUBRICATION_SYSTEM,0.4,0.6,True
11.73,11.73,AEROTWIN-4-001,TAKEOFF,0.8420000000000001,3186.790523776518,618.9101274442323,147.71442681724295,287.74320734361123,148.27008028916666,6.541466805101243,132.93166024934334,-1.3419667054477855,300.30394872550954,-1.3419667054477855,-9.876807971002721,88.77700453990393,671.8562514018178,26.409875295945763,362.44,52.56757272,0.00455771285423159,22.788564271157952,317.4874158798736,2.6199542293172717,LUBRICATION,LUBRICATION_SYSTEM,0.4,0.6,True
11.74,11.74,AEROTWIN-4-001,TAKEOFF,0.8460000000000001,3238.1250143030043,90.11755887082336,147.58921686712978,268.5465202472333,154.3574162393603,6.674398465350586,107.51470554252238,-1.3408291890395168,-1.3408291890395168,-10.056197750269584,281.2843763755819,89.24104213318115,673.1746124841051,26.437014809416336,362.44,52.56757272,0.0046308248321788115,23.154124160894057,317.52940220711474,2.2911075092632207,LUBRICATION,LUBRICATION_SYSTEM,0.4,0.6,True
11.75,11.75,AEROTWIN-4-001,TAKEOFF,0.85,3265.049682927293,284.4050597290036,147.55616221249366,222.5432170535163,159.37040978235328,6.781913170893108,56.390894100269904,-9.73788199792843,-1.3405288917230156,234.96215683489075,-1.3405288917230156,89.69959722376981,674.5080150352752,26.46461142440758,362.44,52.56757272,0.0046916619776041415,23.45830988802071,317.57294901687516,1.4906667692067308,LUBRICATION,LUBRICATION_SYSTEM,0.4,0.6,True
11.76,11.76,AEROTWIN-4-001,TAKEOFF,0.8539999999999999,3259.7567168254404,480.30804070464114,147.84424670128297,157.78446639572243,162.03172461158167,6.838304064993378,-11.08556228085261,169.1675430319435,-8.696784431186826,-1.3431461025171207,-1.3431461025171207,90.15397418209446,675.8456216663621,26.492537150622574,362.44,52.56757272,0.004731681884679373,23.658409423396865,317.6180288040565,0.35449118463616347,LUBRICATION,LUBRICATION_SYSTEM,0.4,0.6,True
11.77,11.77,AEROTWIN-4-001,TAKEOFF,0.8579999999999998,3225.1138654245215,675.8934437141676,148.61812619053018,95.77821195199128,161.50681175629856,6.827218502712525,-72.5558183070198,-1.3501766988574742,105.52643674534684,-1.3501766988574742,-7.047871395640613,90.60723338437103,677.1735197176283,26.52063910388015,362.44,52.56757272,0.004745854970425094,23.72927485212547,317.66461309529893,1.1048129545159233,LUBRICATION,LUBRICATION_SYSTEM,0.4,0.6,True
11.78,11.78,AEROTWIN-4-001,TAKEOFF,0.8619999999999997,3170.859934854858,149.40027563963883,149.83222238807235,51.21774276476915,158.09224655104714,6.754662684405505,-113.62916647068349,-1.3612066077798313,-1.3612066077798313,-5.196786766196363,59.13694274652518,91.06201481324388,678.4793733812982,26.548773666596524,362.44,52.56757272,0.004735812694668787,23.679063473343934,317.71267246696567,1.903116978448053,LUBRICATION,LUBRICATION_SYSTEM,0.4,0.6,True
11.790000000000001,11.790000000000001,AEROTWIN-4-001,TAKEOFF,0.8660000000000003,3106.7112153954367,339.65187173093034,151.29849666769525,25.106294892974336,152.81802523564645,6.641033517934821,-134.35276386060693,-3.5846648889343933,-1.3745275223763644,31.44001482666146,-1.3745275223763644,91.5190396204969,679.7553290188464,26.576827786527662,362.44,52.56757272,0.004707471507268444,23.53735753634222,317.76217656372745,2.3814780542388534,LUBRICATION,LUBRICATION_SYSTEM,0.4,0.6,True
11.8,11.8,AEROTWIN-4-001,TAKEOFF,0.8700000000000002,3039.5158070292428,526.0545446546565,152.8354791885295,12.470285787405718,146.6973392187989,6.506680754074215,-140.7337341854674,17.75694456405041,-2.509677152014065,-1.388490812315313,-1.388490812315313,91.97737762361643,680.9978934571161,26.604723181762978,362.44,52.56757272,0.004667312053794448,23.33656026897224,317.8130941177358,2.624574409938406,LUBRICATION,LUBRICATION_SYSTEM,0.4,0.6,True
11.81,11.81,AEROTWIN-4-001,TAKEOFF,0.8740000000000001,2973.530144648332,708.4254930764112,154.3294836385088,8.585999160144276,140.4201002590054,6.365947019888747,-138.2000481187499,-1.4020636519685692,13.499973413618116,-1.4020636519685692,-2.109846949536702,92.435361750774,682.2065957522722,26.632412150886967,362.44,52.56757272,0.004620651786192634,23.10325893096317,317.86539296837213,2.713637382549101,LUBRICATION,LUBRICATION_SYSTEM,0.4,0.6,True
11.82,11.82,AEROTWIN-4-001,TAKEOFF,0.8780000000000001,2911.795542392549,166.83730175531105,155.72571851110914,11.320542432378542,134.38944407331263,6.227746971769997,-129.29664861270408,-1.4147482674958867,-1.4147482674958867,-2.4162165693858664,16.56625553675618,92.89128628296208,683.3828009204575,26.659871991032745,362.44,52.56757272,0.004571523668438816,22.85761834219408,317.9190400825616,2.6853585183712423,LUBRICATION,LUBRICATION_SYSTEM,0.4,0.6,True
11.83,11.83,AEROTWIN-4-001,TAKEOFF,0.882,2857.7663546753215,341.54503429886404,157.00184050336202,21.80713301393407,128.86714883201986,6.098450323157293,-113.15846614124308,-3.386411618222479,-1.4263416728428933,28.046227977842335,-1.4263416728428933,93.34378944893592,684.5291432727571,26.6871035001145,362.44,52.56757272,0.004523486374821181,22.617431874105907,317.9740015756369,2.519726400828627,LUBRICATION,LUBRICATION_SYSTEM,0.4,0.6,True
11.84,11.84,AEROTWIN-4-001,TAKEOFF,0.8859999999999999,2816.3534771390355,513.0110155793834,158.14691108516132,43.37954896535085,124.129184996341,5.985291857016049,-86.7349278880062,51.14320459552775,-4.890166644456184,-1.4367444928603557,-1.4367444928603557,93.79211954134395,685.6496717000847,26.71413816731144,362.44,52.56757272,0.004481048852173223,22.405244260866116,318.0302427327411,2.1584308191935926,LUBRICATION,LUBRICATION_SYSTEM,0.4,0.6,True
11.85,11.85,AEROTWIN-4-001,TAKEOFF,0.8899999999999998,2793.860150491417,681.9922242077255,159.15296395074785,79.34629813878485,120.55765437695979,5.898556929128042,-47.109913167302985,-1.4458843546776974,88.91554120767091,-1.4458843546776974,-6.677474359530671,94.23642265955857,686.7504385406421,26.74105259369581,362.44,52.56757272,0.004450783182289247,22.25391591144624,318.0877280307539,1.543741307728044,LUBRICATION,LUBRICATION_SYSTEM,0.4,0.6,True
11.86,11.86,AEROTWIN-4-001,TAKEOFF,0.8939999999999997,2796.1354126662404,129.62383323721042,160.0125027544491,129.25637747733566,118.63963250576457,5.851447015960739,4.765297955610356,-1.4536931549517196,-1.4536931549517196,-8.397782142718867,140.56154592995796,94.67795402738275,687.840046213051,26.76798181918146,362.238358181787,52.538326993970024,0.004441184873506953,22.205924367534767,318.146421160729,0.6838116357025943,LUBRICATION,LUBRICATION_SYSTEM,0.4,0.6,True
11.870000000000001,11.870000000000001,AEROTWIN-4-001,TAKEOFF,0.8980000000000004,2824.869226535793,297.3919579971848,160.7142719372329,184.8691178919166,118.83294653653091,5.85621231391635,60.17995904146934,-9.72274273869973,-1.4600686383658772,197.51199790734807,-1.4600686383658772,95.11886787450386,688.9293888060103,26.79511493043833,362.3130915120244,52.549166166720994,0.004460132382436927,22.300661912184637,318.20628505082743,0.5684449868106327,LUBRICATION,LUBRICATION_SYSTEM,0.4,0.6,True
11.88,11.88,AEROTWIN-4-001,TAKEOFF,0.9020000000000002,2875.233755263909,466.8841115893324,161.24094845845815,232.68742650830458,121.28781193283943,5.916392272957819,105.48322230250733,246.12995604185727,-10.512822678936727,-1.4648534273079878,-1.4648534273079878,95.561290006282,690.029812325804,26.822655857476224,362.44,52.56757272,0.004509862728226713,22.54931364113357,318.2672818897332,1.398026257468585,LUBRICATION,LUBRICATION_SYSTEM,0.4,0.6,True
11.89,11.89,AEROTWIN-4-001,TAKEOFF,0.9060000000000001,2938.2335576045934,639.3981369051669,161.58045880703554,263.6195941939748,125.65124122464421,6.021875495260327,131.9464774740703,-1.467937835471515,277.41722785547506,-1.467937835471515,-10.861757990557214,96.00614180554724,691.1503100556291,26.850763707426097,362.44,52.56757272,0.004583956576567253,22.91978288283627,318.32937315053545,1.9369130629131803,LUBRICATION,LUBRICATION_SYSTEM,0.4,0.6,True
11.9,11.9,AEROTWIN-4-001,TAKEOFF,0.9100000000000001,3005.0000478981483,95.69215036144249,161.74562814461615,277.2071359293942,131.21790368185648,6.153821972734396,139.83541027480334,-1.4694383778123676,-1.4694383778123676,-10.966446176210196,291.11245886122913,96.45273743789109,692.2957952574975,26.879517858160792,362.44,52.56757272,0.004670820335161367,23.354101675806838,318.392519615063,2.1762892405891314,LUBRICATION,LUBRICATION_SYSTEM,0.4,0.6,True
11.91,11.91,AEROTWIN-4-001,TAKEOFF,0.914,3068.3586577966953,275.9921532353314,161.7799692434935,276.24069672652325,137.24907707755702,6.293657383009199,132.69796226595705,-10.962899567662392,-1.4697503623105297,290.14309701880677,-1.4697503623105297,96.89933719965701,693.467257539445,26.90892438593417,362.44,52.56757272,0.0047596188249812215,23.798094124906108,318.45668139865546,2.163634469171811,LUBRICATION,LUBRICATION_SYSTEM,0.4,0.6,True
11.92,11.92,AEROTWIN-4-001,TAKEOFF,0.9179999999999999,3121.706228621818,460.09367270313305,161.75410706170837,261.2549654832693,143.0977190772819,6.426355345275157,111.73089106071224,275.0447791128554,-10.850782814203185,-1.469515407691447,-1.469515407691447,97.34401012735111,694.6625869543003,26.938937752362325,362.44,52.56757272,0.004842458663196409,24.212293315982045,318.52181797535513,1.9065485920043685,LUBRICATION,LUBRICATION_SYSTEM,0.4,0.6,True
11.93,11.93,AEROTWIN-4-001,TAKEOFF,0.9219999999999998,3158.270186327084,647.3960464204422,161.7708321556897,231.2343308893507,148.11687071099408,6.538086236335869,76.57937394202075,-1.46966735303458,244.6920119498021,-1.46966735303458,-10.518346354382217,97.78542640762542,695.8768963784236,26.969474674218173,362.44,52.56757272,0.004913167532280003,24.565837661400014,318.587888203504,1.3849383679755929,LUBRICATION,LUBRICATION_SYSTEM,0.4,0.6,True
11.94,11.94,AEROTWIN-4-001,TAKEOFF,0.9259999999999997,3172.78016234957,116.8922576000673,161.9632184622786,188.61120926313725,151.60692093552265,6.61466561027789,30.389622717336714,-1.4714151580634403,-1.4714151580634403,-9.842207624236758,201.3962472035009,98.22348788265481,697.1025183345317,27.000421213570764,362.44,52.56757272,0.004966293177248065,24.831465886240327,318.6548503517299,0.6384786623192205,LUBRICATION,LUBRICATION_SYSTEM,0.4,0.6,True
11.950000000000001,11.950000000000001,AEROTWIN-4-001,TAKEOFF,0.9300000000000004,3164.2053214280395,307.2590673410415,162.45170358968974,141.68912050985728,153.00317010671588,6.645055232995227,-17.959104829853835,-8.809804066209713,-1.475852983069546,153.4506305422061,-1.475852983069546,98.65942921469022,698.3297183028897,27.031644175942393,362.44,52.56757272,0.0049980576674075565,24.990288337037782,318.7226621253048,0.5366088850227698,LUBRICATION,LUBRICATION_SYSTEM,0.4,0.6,True
11.96,11.96,AEROTWIN-4-001,TAKEOFF,0.9340000000000003,3136.264621940214,497.11138662672386,163.27629169898324,100.28549867701163,152.1772667135876,6.627096128165373,-58.51886416474136,110.82364290143013,-7.571455702922791,-1.4833442607478537,-1.4833442607478537,99.09506596908469,699.5485633402152,27.063009644703527,362.44,52.56757272,0.00500796320209818,25.039816010490902,318.791280692859,1.2749371878782199,LUBRICATION,LUBRICATION_SYSTEM,0.4,0.6,True
11.97,11.97,AEROTWIN-4-001,TAKEOFF,0.9380000000000002,3095.174034172527,685.2872639431367,164.37619932366573,70.01025969035007,149.50160820145098,6.5685772640006315,-86.05992577510155,-1.4933367810669302,79.37492529612335,-1.4933367810669302,-6.377992043639421,99.531718403794,700.7509626661127,27.094400833557486,362.44,52.56757272,0.0049989024218565934,24.994512109282965,318.8606627134346,1.8218466674054787,LUBRICATION,LUBRICATION_SYSTEM,0.4,0.6,True
11.98,11.98,AEROTWIN-4-001,TAKEOFF,0.9420000000000002,3047.168481636496,150.99770599348835,165.6374791755478,51.54972577405058,145.60980255496733,6.48251733822553,-100.54259411914228,-1.5047953474639146,-1.5047953474639146,-5.471939664623891,60.0312561336023,99.96968160437865,701.9316917569624,27.125728279707147,362.44,52.56757272,0.004975686007949008,24.87843003974504,318.93076436386025,2.1638430596504765,LUBRICATION,LUBRICATION_SYSTEM,0.4,0.6,True
11.99,11.99,AEROTWIN-4-001,TAKEOFF,0.9460000000000001,2997.4513930949765,333.82781489167814,166.95064821697116,43.38281766073658,141.12806966323686,6.381974744106388,-104.12722674660667,-5.017367740547397,-1.516725320521964,51.433636042327905,-1.516725320521964,100.40838874957409,703.0883288123111,27.15693269175365,362.44,52.56757272,0.00494351319057239,24.717565952861953,319.001541366431,2.3261337990869073,LUBRICATION,LUBRICATION_SYSTEM,0.4,0.6,True
12.0,12.0,AEROTWIN-4-001,TAKEOFF,0.95,2950.3398031440875,513.6748984773767,168.23655190647153,44.167959406739406,136.56039514847853,6.27784751735978,-98.6702832590989,52.308226555585996,-5.083451966167784,-1.5284075913394042,-1.5284075913394042,100.8468650971754,704.2207426176155,27.187984635125176,362.44,52.56757272,0.004907302187781381,24.536510938906908,319.07294901687516,2.3312172853244997,LUBRICATION,LUBRICATION_SYSTEM,0.4,0.6,True
12.01,12.01,AEROTWIN-4-001,TAKEOFF,0.95,2909.7534275958824,690.695286666022,168.73519572580628,53.47670248338319,132.30143142133352,6.179177234100681,-85.003906172051,-1.532937706764436,62.16984876573834,-1.532937706764436,-5.627270868826275,101.27323541321087,705.3046553963798,27.218736798994584,362.44,52.56757272,0.0048547293111905416,24.27364655595271,319.07294901687516,2.1736094066895424,LUBRICATION,LUBRICATION_SYSTEM,0.4,0.6,True
12.02,12.02,AEROTWIN-4-001,TAKEOFF,0.95,2879.8052448689414,145.280492321775,169.12502621949753,72.05730282769603,128.68645672864923,6.0941733279286305,-62.72332722888183,-1.536479267020762,-1.536479267020762,-6.563371668194172,81.69363302993173,101.68740715214008,706.3440761947256,27.24922444381448,362.44,52.56757272,0.004808189203947026,24.04094601973513,319.07294901687516,1.852358608451293,LUBRICATION,LUBRICATION_SYSTEM,0.4,0.6,True
12.030000000000001,12.030000000000001,AEROTWIN-4-001,TAKEOFF,0.95,2864.5230132464662,318.0688070139115,169.3890876010369,100.07553720636017,126.05111826941054,6.031450000699748,-32.00703106375012,-7.712523081436401,-1.538878230953099,110.86581674970277,-1.538878230953099,102.08971588619339,707.3446765376584,27.279519390392075,362.44,52.56757272,0.004773129270949237,23.865646354746186,319.07294901687516,1.3645374778053079,LUBRICATION,LUBRICATION_SYSTEM,0.4,0.6,True
12.040000000000001,12.040000000000001,AEROTWIN-4-001,TAKEOFF,0.95,2866.8023477004194,489.94018780869953,169.51611613721767,135.4901096393068,124.71683975259477,5.999442969635997,4.773826917076046,147.42591849639848,-8.855744319124545,-1.5400322689835702,-1.5400322689835702,102.48092843310997,708.3137123441797,27.309730202605163,362.44,52.56757272,0.004755008832442228,23.77504416221114,319.07294901687516,0.7459305271022394,LUBRICATION,LUBRICATION_SYSTEM,0.4,0.6,True
12.05,12.05,AEROTWIN-4-001,TAKEOFF,0.95,2886.8952597616303,661.9483286707248,169.49750089471803,173.00210942350355,124.91539601313484,6.004216796553074,42.08249661381564,-1.5398631518825086,185.88143610136467,-1.5398631518825086,-9.799600374096093,102.86201309979003,709.2594991131612,27.339991363601186,362.44,52.56757272,0.00475772121828936,23.7886060914468,319.07294901687516,0.21196602518167285,LUBRICATION,LUBRICATION_SYSTEM,0.4,0.6,True
12.06,12.06,AEROTWIN-4-001,TAKEOFF,0.95,2921.6547851986743,115.16204425642252,169.32838281884412,205.51903139896132,126.67255226893725,6.046299293166889,72.80017983685718,-1.53832673575849,-1.53832673575849,-10.44264929207104,219.03833416254935,103.2336994891566,710.1902524609443,27.37043805471207,362.44,52.56757272,0.004781483649697049,23.907418248485246,319.07294901687516,0.7853873408561429,LUBRICATION,LUBRICATION_SYSTEM,0.4,0.6,True
12.07,12.07,AEROTWIN-4-001,TAKEOFF,0.95,2965.3849155896187,290.461331368343,169.01452658954184,227.44857640999717,129.74130601918355,6.119099473003748,91.58817091780988,-10.7894976291534,-1.5354753919927102,241.309024823136,-1.5354753919927102,103.59607956331845,711.1126339145059,27.40117530358459,362.44,52.56757272,0.004821953835604614,24.10976917802307,319.07294901687516,1.1771191373747965,LUBRICATION,LUBRICATION_SYSTEM,0.4,0.6,True
12.08,12.08,AEROTWIN-4-001,TAKEOFF,0.95,3011.509794540016,468.38442630372015,168.5813411616928,236.46860931701056,133.65420110089707,6.210687643921557,96.60372057219193,250.4319857950109,-10.900296562608911,-1.5315399576957083,-1.5315399576957083,103.94856462164405,712.0306973161817,27.43225774321862,362.44,52.56757272,0.004871690204355862,24.35845102177931,319.07294901687516,1.3457027971785482,LUBRICATION,LUBRICATION_SYSTEM,0.4,0.6,True
12.09,12.09,AEROTWIN-4-001,TAKEOFF,0.95,3053.74062517278,649.0750139761212,168.07814999806214,232.59970410742906,137.84436789567937,6.307291364493749,88.44804484725594,-1.5269685302284148,246.47707871675988,-1.5269685302284148,-10.823437548873976,104.29024672984447,712.94557693808,27.46368712362906,362.44,52.56757272,0.004922680582388909,24.613402911944547,319.07294901687516,1.290178518252008,LUBRICATION,LUBRICATION_SYSTEM,0.4,0.6,True
12.1,12.1,AEROTWIN-4-001,TAKEOFF,0.95,3086.5889343323774,112.29945148648801,167.57577114943265,216.930574417064,141.73749718196478,6.395739409341005,68.79733782575822,-1.5224044825391791,-1.5224044825391791,-10.564117146693183,230.53950052883553,104.62044525605086,713.8556834968449,27.495421262622198,362.44,52.56757272,0.0049679981917433065,24.839990958716534,319.07294901687516,1.027896793581475,LUBRICATION,LUBRICATION_SYSTEM,0.4,0.6,True
12.11,12.11,AEROTWIN-4-001,TAKEOFF,0.95,3105.937358692445,297.49478754643064,167.1574658078247,191.79094747261982,144.80316550670162,6.464536747166764,40.52324521875144,-10.103116439820628,-1.518604231925586,204.93127237629164,-1.518604231925586,104.93917941492477,714.7571152384234,27.52738618900732,362.44,52.56757272,0.00500231614552538,25.0115807276269,319.07294901687516,0.5977434546385236,LUBRICATION,LUBRICATION_SYSTEM,0.4,0.6,True
12.120000000000001,12.120000000000001,AEROTWIN-4-001,TAKEOFF,0.95,3109.8821985212417,483.8510290679773,166.8997959748755,161.391379282755,146.6242660732125,6.505059992385514,8.262053217156971,173.868202565483,-9.444296613935936,-1.516263334396031,-1.516263334396031,105.24734761627761,715.644303368331,27.559488830722632,362.44,52.56757272,0.005022140165963486,25.11070082981743,319.07294901687516,0.2645219477380852,LUBRICATION,LUBRICATION_SYSTEM,0.4,0.6,True
12.13,12.13,AEROTWIN-4-001,TAKEOFF,0.95,3099.183567531777,670.4439609792519,166.84623499568977,131.103118200583,146.99695650162755,6.513322045602672,-22.407160346647224,-1.5157767397395228,142.7864313006388,-1.5157767397395228,-8.651759620576774,105.54648446896562,716.5110024406317,27.591630347651325,362.44,52.56757272,0.005026146013534785,25.130730067673923,319.07294901687516,0.7939294494900335,LUBRICATION,LUBRICATION_SYSTEM,0.4,0.6,True
12.14,12.14,AEROTWIN-4-001,TAKEOFF,0.95,3076.766367814297,136.39497503115854,166.99068851986166,105.5277385926625,145.9872970050665,6.490914885256025,-46.95047329766002,-1.517089081560834,-1.517089081560834,-7.847329716116513,116.40924647190069,105.8382178844841,717.3514489085582,27.62371873479458,362.44,52.56757272,0.005015253567049478,25.07626783524739,319.07294901687516,1.2432131190556874,LUBRICATION,LUBRICATION_SYSTEM,0.4,0.6,True
12.15,12.15,AEROTWIN-4-001,TAKEOFF,0.95,3046.627143096654,321.0009571000163,167.28507658709353,87.20352676545879,143.8830069920602,6.443964411958365,-63.12344463855976,-7.172988510734525,-1.5197635595601633,97.41604239531364,-1.5197635595601633,106.12377126855142,718.1612768434788,27.65567828429602,362.44,52.56757272,0.0049921408673626235,24.96070433681312,319.07294901687516,1.5673433416595857,LUBRICATION,LUBRICATION_SYSTEM,0.4,0.6,True
12.16,12.16,AEROTWIN-4-001,TAKEOFF,0.95,3012.8984559956793,503.7985856858155,167.6631829589896,76.81757436792246,141.07793047503566,6.380840967319805,-70.641197074433,86.61127211928516,-6.747300536028556,-1.5231986076670756,-1.5231986076670756,106.4037635349483,718.9379422694333,27.68745493746417,362.44,52.56757272,0.004960458192084277,24.802290960421388,319.07294901687516,1.753454521148409,LUBRICATION,LUBRICATION_SYSTEM,0.4,0.6,True
12.17,12.17,AEROTWIN-4-001,TAKEOFF,0.95,2979.4191382123417,684.5724930455563,168.06226381885187,74.1628028248595,137.97152225150245,6.310199770245372,-70.11891919688833,-1.526824206318853,83.8543855603628,-1.526824206318853,-6.637934322865593,106.67829181741551,719.6807359081241,27.719018530685258,362.44,52.56757272,0.0049241917831980295,24.620958915990148,319.07294901687516,1.8043943278782277,LUBRICATION,LUBRICATION_SYSTEM,0.4,0.6,True
12.18,12.18,AEROTWIN-4-001,TAKEOFF,0.95,2949.683654006759,143.33764133829675,168.4332667151406,78.88450864429548,134.92228028071008,6.240080851048483,-62.277852487463086,-1.5301947202569406,-1.5301947202569406,-6.8525747581899505,88.79747284299931,106.9471421062582,720.3906114267977,27.750363629365033,362.44,52.56757272,0.004887366897867131,24.436834489335656,319.07294901687516,1.7258004711517811,LUBRICATION,LUBRICATION_SYSTEM,0.4,0.6,True
12.19,12.19,AEROTWIN-4-001,TAKEOFF,0.95,2926.8711374024174,320.3186605787023,168.74179059824138,90.64197081465187,132.24259086548733,6.17780299856102,-47.77842304939648,-7.341340099881471,-1.532997620338386,101.04930615521012,-1.532997620338386,107.20999795004712,721.0699962785592,27.78151001580938,362.44,52.56757272,0.004853985988657001,24.269929943285003,319.07294901687516,1.5232852175440166,LUBRICATION,LUBRICATION_SYSTEM,0.4,0.6,True
12.200000000000001,12.200000000000001,AEROTWIN-4-001,TAKEOFF,0.95,2913.6918336424683,495.93092882284736,168.96509756610763,108.73235781966564,130.20500249194444,6.130024575511624,-27.602669247790427,119.80977993364652,-8.007369442727722,-1.5350263356265805,-1.5350263356265805,107.46658376774873,721.7226197161963,27.81250252676219,362.44,52.56757272,0.004827956335215397,24.139781676076982,319.07294901687516,1.2089697780724407,LUBRICATION,LUBRICATION_SYSTEM,0.4,0.6,True
12.21,12.21,AEROTWIN-4-001,TAKEOFF,0.95,2911.9420646900408,670.7524388413955,169.0888098232789,131.47276594987966,129.03505156789882,6.102421906263834,-3.6647075242829947,-1.536150245685718,143.2727485925986,-1.536150245685718,-8.72768215134749,107.71671790402075,722.3532792948524,27.843408446545887,362.44,52.56757272,0.004812754888993109,24.063774444965546,319.07294901687516,0.8122350547408312,LUBRICATION,LUBRICATION_SYSTEM,0.4,0.6,True
12.22,12.22,AEROTWIN-4-001,TAKEOFF,0.95,2921.9169235107174,125.46896272279798,169.1049429383153,155.8701710740286,128.8801184142,6.098757198739551,20.89129546108904,-1.536296812975728,-1.536296812975728,-9.384046222963944,168.32681092294402,107.96027099743006,722.9674224830626,27.874310080423257,362.44,52.56757272,0.004810727731451356,24.053638657256784,319.07294901687516,0.3854379760508699,LUBRICATION,LUBRICATION_SYSTEM,0.4,0.6,True
12.23,12.23,AEROTWIN-4-001,TAKEOFF,0.95,2942.0681725132026,300.783978133441,169.01205712659905,178.08891421687443,129.76458850476254,6.119648494200639,42.20467721791125,-9.893342368390723,-1.5354529572372095,191.05316249973956,-1.5354529572372095,108.19706042435278,723.570487031062,27.905291755890186,362.44,52.56757272,0.004822255925708784,24.11127962854392,319.07294901687516,0.3133870216255131,LUBRICATION,LUBRICATION_SYSTEM,0.4,0.6,True
12.24,12.24,AEROTWIN-4-001,TAKEOFF,0.95,2969.2222636708593,477.3080684842332,168.81762938615464,194.59387426566184,131.56062556370875,6.161853171418551,56.871395530534535,207.88195705306305,-10.220709575316326,-1.53368660604245,-1.53368660604245,108.42676066540876,724.167111214934,27.936424208961697,362.44,52.56757272,0.004845336730650595,24.226683653252973,319.07294901687516,0.6070732461878884,LUBRICATION,LUBRICATION_SYSTEM,0.4,0.6,True
12.25,12.25,AEROTWIN-4-001,TAKEOFF,0.95,2999.2606355881403,655.4614043044849,168.5412904427185,203.1312781994982,134.00033460513117,6.218724566949086,62.912219027417954,-1.5311761020280472,216.56208601031315,-1.5311761020280472,-10.368455606758838,108.64892054307491,724.7604572618482,27.96775199373393,362.44,52.56757272,0.004875990579972246,24.379952899861227,319.07294901687516,0.7632792451446089,LUBRICATION,LUBRICATION_SYSTEM,0.4,0.6,True
12.26,12.26,AEROTWIN-4-001,TAKEOFF,0.95,3027.8821338026814,115.41704243977324,168.21641389946865,202.95166133304988,136.7252988633836,6.281636785976503,59.94472568368977,-1.5282246401172777,-1.5282246401172777,-10.352281595423767,216.36039220870822,108.86311627021774,725.351843245554,27.99928802179494,362.44,52.56757272,0.004909289386050923,24.546446930254614,319.07294901687516,0.7680165977634501,LUBRICATION,LUBRICATION_SYSTEM,0.4,0.6,True
12.27,12.27,AEROTWIN-4-001,TAKEOFF,0.95,3051.2190380032944,297.0899704679341,167.88811215874873,194.56552765363418,139.3472482791903,6.341581511660194,48.876697862783686,-10.184337136717282,-1.525242060724868,207.80034891180122,-1.525242060724868,109.06918045504383,725.9407109360449,28.031015170510997,362.44,52.56757272,0.004940407242585654,24.70203621292827,319.07294901687516,0.6291168554405135,LUBRICATION,LUBRICATION_SYSTEM,0.4,0.6,True
12.280000000000001,12.280000000000001,AEROTWIN-4-001,TAKEOFF,0.95,3066.3416806755904,480.16311274813177,167.6068861933979,179.5667649399624,141.50351798234058,6.390458209522977,31.672788748098853,192.48598665483667,-9.873847397393428,-1.5226871587404116,-1.5226871587404116,109.26739712141809,726.5248584646451,28.062892366953854,362.44,52.56757272,0.004965329784961269,24.826648924806346,319.07294901687516,0.3732971142021083,LUBRICATION,LUBRICATION_SYSTEM,0.4,0.6,True
12.290000000000001,12.290000000000001,AEROTWIN-4-001,TAKEOFF,0.95,3071.6824346960652,664.1436135886672,167.41815276569815,160.51743118861714,142.90965112677648,6.422130998271077,11.185649063569581,-1.5209725396498102,173.0004330945853,-1.5209725396498102,-9.441056826668536,109.45855593534526,727.1008834376042,28.094862782759748,362.44,52.56757272,0.0049812606443606165,24.906303221803086,319.07294901687516,0.28589468436604104,LUBRICATION,LUBRICATION_SYSTEM,0.4,0.6,True
12.3,12.3,AEROTWIN-4-001,TAKEOFF,0.95,3067.237318591223,128.4445596704311,167.35027867102409,140.53139333686883,143.40790608908526,6.433316647334646,-9.309829399551074,-1.5203559121667838,-1.5203559121667838,-8.930686316022186,152.5027914772246,109.6438144470284,727.6647966808196,28.126862722832055,362.44,52.56757272,0.0049868451866515225,24.93422593325761,319.07294901687516,0.6348639584042927,LUBRICATION,LUBRICATION_SYSTEM,0.4,0.6,True
12.31,12.31,AEROTWIN-4-001,TAKEOFF,0.95,3054.400551561865,312.4787987859045,167.40681482265876,122.53189218426266,142.99314736317734,6.424006817935094,-26.885261996849778,-8.41262074058033,-1.5208695358850801,133.98625199661316,-1.5208695358850801,109.82441870009819,728.2127070431953,28.15883008021802,362.44,52.56757272,0.004982198688070503,24.910993440352513,319.07294901687516,0.9505104698685687,LUBRICATION,LUBRICATION_SYSTEM,0.4,0.6,True
12.32,12.32,AEROTWIN-4-001,TAKEOFF,0.95,3035.5060273098547,495.74283187961635,167.5676045623622,108.62328645850175,141.79876395802341,6.397121555938245,-39.572599055459904,119.6359767980164,-7.968029759237704,-1.522330290138465,-1.522330290138465,110.0014158887521,728.7414181749277,28.190711293669185,362.44,52.56757272,0.004968695748088756,24.843478740443782,319.07294901687516,1.1957626614630448,LUBRICATION,LUBRICATION_SYSTEM,0.4,0.6,True
12.33,12.33,AEROTWIN-4-001,TAKEOFF,0.95,3013.3161573335906,677.8731935182076,167.79757671159078,99.9330495370479,140.0498555811942,6.357548956882785,-46.47435500102909,-1.5244195577482353,110.65094261178275,-1.5244195577482353,-7.6690539592383775,110.17548105144797,729.248813875116,28.22246621888456,362.44,52.56757272,0.004948593978628684,24.74296989314342,319.07294901687516,1.3504573501483916,LUBRICATION,LUBRICATION_SYSTEM,0.4,0.6,True
12.34,12.34,AEROTWIN-4-001,TAKEOFF,0.95,2990.645457871961,138.672162958223,168.05747692199623,96.83945369635731,138.00978101474126,6.311074601881756,-47.48140192026571,-1.5267807179721755,-1.5267807179721755,-7.561762325923205,107.45477745822487,110.34689131849186,729.7340147385239,28.254071015394842,362.44,52.56757272,0.004924646066561766,24.62323033280883,319.07294901687516,1.4074999892737545,LUBRICATION,LUBRICATION_SYSTEM,0.4,0.6,True
12.35,12.35,AEROTWIN-4-001,TAKEOFF,0.95,2970.1443546040196,318.1108904305406,168.31165145655535,99.26714114093086,135.94095821900225,6.26359319996149,-42.937410278032885,-7.657197332635608,-1.529089861162184,109.98251819589082,-1.529089861162184,110.51560322040476,730.1973695662916,28.28551953505142,362.44,52.56757272,0.004899805560423878,24.499027802119386,319.07294901687516,1.3677968111931043,LUBRICATION,LUBRICATION_SYSTEM,0.4,0.6,True
12.36,12.36,AEROTWIN-4-001,TAKEOFF,0.95,2954.1558054993143,496.3195517067818,168.53161749404794,106.81789189256347,134.0835750421478,6.220655789683457,-33.48633893926779,117.81074934002446,-7.930680998411891,-1.531088224524549,-1.531088224524549,110.68136682732252,730.6403543362503,28.31682357126661,362.44,52.56757272,0.0048770223748685945,24.38511187434297,319.07294901687516,1.2380117182772368,LUBRICATION,LUBRICATION_SYSTEM,0.4,0.6,True
12.370000000000001,12.370000000000001,AEROTWIN-4-001,TAKEOFF,0.95,2944.54193293623,673.5689000367406,168.6966509871443,118.69581487893748,132.64389303934973,6.187169450744189,-20.13524761115644,-1.5325875327356084,130.089217089554,-1.5325875327356084,-8.32822714514531,110.84382737833207,731.0654122516295,28.348011848893808,362.44,52.56757272,0.004859046310007554,24.295231550037773,319.07294901687516,1.0318763036058476,LUBRICATION,LUBRICATION_SYSTEM,0.4,0.6,True
12.38,12.38,AEROTWIN-4-001,TAKEOFF,0.95,2942.440610995385,130.24141601291444,168.79313647975744,133.5479929606305,131.78195713895295,6.167034203133032,-4.4009983814554845,-1.5334640911154191,-1.5334640911154191,-8.779035106051643,145.39395624891296,111.0025902948366,731.4757234880257,28.37912715770194,362.44,52.56757272,0.004848150734151869,24.240753670759347,319.07294901687516,0.7729572833580256,LUBRICATION,LUBRICATION_SYSTEM,0.4,0.6,True
12.39,12.39,AEROTWIN-4-001,TAKEOFF,0.95,2948.0140882188903,306.78785267263754,168.81395058167428,149.4296329814623,131.59393637650268,6.162633204751577,11.673063400208045,-9.211792219806194,-1.533653184573506,161.7087315704155,-1.533653184573506,111.15724714007035,731.8748763769659,28.410221010979598,362.44,52.56757272,0.00484576066719968,24.2288033359984,319.07294901687516,0.4952413549331164,LUBRICATION,LUBRICATION_SYSTEM,0.4,0.6,True
12.4,12.4,AEROTWIN-4-001,TAKEOFF,0.95,2960.326183899125,483.66869796577095,168.75852783187034,164.05362976006452,132.09293059903163,6.174306268151785,25.786392892881107,176.6897396451081,-9.569810533106214,-1.5331496759686676,-1.5331496759686676,111.30737899178796,732.2664390767784,28.44134597060891,362.44,52.56757272,0.004852093251874828,24.26046625937414,319.07294901687516,0.23875351704440242,LUBRICATION,LUBRICATION_SYSTEM,0.4,0.6,True
12.41,12.41,AEROTWIN-4-001,TAKEOFF,0.95,2977.4561521935425,661.2882689997184,168.6336369995288,175.2755956652174,133.19858130419587,6.200092661044667,35.87692169997686,-1.5320150587046044,188.15867622651413,-1.5320150587046044,-9.819050443887534,111.45256724528778,732.65348932153,28.472547068755905,362.44,52.56757272,0.004866005125645746,24.330025628228732,319.07294901687516,0.2735428209158211,LUBRICATION,LUBRICATION_SYSTEM,0.4,0.6,True
12.42,12.42,AEROTWIN-4-001,TAKEOFF,0.95,2996.8337620080483,119.93563813133096,168.45424270937232,181.56489282124787,134.74455214691534,6.2359695827446435,40.58437109158788,-1.5303852844860355,-1.5303852844860355,-9.946584440583724,194.57224783080366,111.59243980874773,733.0382047251461,28.503854610908572,362.44,52.56757272,0.0048851826307441705,24.425913153720856,319.07294901687516,0.3879903990586609,LUBRICATION,LUBRICATION_SYSTEM,0.4,0.6,True
12.43,12.43,AEROTWIN-4-001,TAKEOFF,0.95,3015.677725214246,299.7456638518139,168.24340979009614,182.2473820427953,136.5041238402207,6.276553953836232,39.46670424873836,-9.9530485960416,-1.5284698943364259,195.25737042750978,-1.5284698943364259,111.72675817916036,733.4216069335923,28.53528022872681,362.44,52.56757272,0.00490662326248579,24.533116312428948,319.07294901687516,0.40504109724400644,LUBRICATION,LUBRICATION_SYSTEM,0.4,0.6,True
12.44,12.44,AEROTWIN-4-001,TAKEOFF,0.95,3031.4237981988367,480.68632736466867,168.03033983449825,177.52070404231588,138.22618524337886,6.31602065808497,32.978498140852054,190.41962110489308,-9.845848700582218,-1.5265341809974886,-1.5265341809974886,111.85551985154486,733.8035000710586,28.56681668178473,362.44,52.56757272,0.00492721204614339,24.63606023071695,319.07294901687516,0.3274402978288907,LUBRICATION,LUBRICATION_SYSTEM,0.4,0.6,True
12.450000000000001,12.450000000000001,AEROTWIN-4-001,TAKEOFF,0.95,3042.087694823634,662.5717552565989,167.84621555507297,168.35683535977373,139.67342334014523,6.348999156225822,22.33441286340267,-1.524861435430402,181.04426830601238,-1.524861435430402,-9.637710075377843,111.97903017457735,734.1825941970816,28.598440697744877,362.44,52.56757272,0.004944215759191107,24.72107879595554,319.07294901687516,0.17146070671638067,LUBRICATION,LUBRICATION_SYSTEM,0.4,0.6,True
12.46,12.46,AEROTWIN-4-001,TAKEOFF,0.95,3046.528985612841,125.09701694601688,167.71837382672044,156.33098511571936,140.65783386941024,6.3713335690892245,9.301817677219894,-1.5237000096528897,-1.5237000096528897,-9.349952594003895,168.72833772902902,112.09790016832905,734.5567812113646,28.630117705023164,362.44,52.56757272,0.004955626631781488,24.778133158907437,319.07294901687516,0.3625972315404459,LUBRICATION,LUBRICATION_SYSTEM,0.4,0.6,True
12.47,12.47,AEROTWIN-4-001,TAKEOFF,0.95,3044.5665437808525,307.8887560827873,167.66438123156473,143.3393468332545,141.06884000813662,6.380635386766444,-4.110128561648566,-9.01592976217779,-1.5232094938204088,155.40169558307312,-1.5232094938204088,112.21295406867104,734.9235169606288,28.66180739774129,362.44,52.56757272,0.004960353882169418,24.80176941084709,319.07294901687516,0.5893371492379296,LUBRICATION,LUBRICATION_SYSTEM,0.4,0.6,True
12.48,12.48,AEROTWIN-4-001,TAKEOFF,0.95,3036.9122147957955,490.5627487096385,167.6882928833615,131.23249380673042,140.88715768693476,6.376525258204796,-16.031189138409136,142.95938623596788,-8.680038972990253,-1.5234267281236178,-1.5234267281236178,112.3250722686089,735.280243269662,28.69346926079146,362.44,52.56757272,0.004958266914184438,24.79133457092219,319.07294901687516,0.8014791626921829,LUBRICATION,LUBRICATION_SYSTEM,0.4,0.6,True
12.49,12.49,AEROTWIN-4-001,TAKEOFF,0.95,3024.9549323155293,672.7774815973862,167.78073611664493,121.49686104557267,140.17964084110838,6.3604940690663865,-25.043273864602096,-1.5242665630935883,132.93644549969844,-1.5242665630935883,-8.39105132793859,112.43502683388465,735.6247709942616,28.725067378883153,362.44,52.56757272,0.004950099243785883,24.75049621892942,319.07294901687516,0.9729004970136736,LUBRICATION,LUBRICATION_SYSTEM,0.4,0.6,True
12.5,12.5,AEROTWIN-4-001,TAKEOFF,0.95,3010.483009426788,134.27477753631797,167.92252842810967,115.10347731204709,139.07795093723544,6.335450795201784,-30.309924420390136,-1.525554728137275,-1.525554728137275,-8.192230231718087,126.34681700003974,112.5433651292627,735.9555609761117,28.75657412058733,362.44,52.56757272,0.004937252452130629,24.686262260653148,319.07294901687516,1.0863785252560754,LUBRICATION,LUBRICATION_SYSTEM,0.4,0.6,True
12.51,12.51,AEROTWIN-4-001,TAKEOFF,0.95,2995.427242288333,314.9037581019253,168.08986864338308,112.52280276560735,137.7503868523789,6.305140870781393,-31.53272495755295,-8.112130110726001,-1.5270749926247595,123.68908286158288,-1.5270749926247595,112.65036618054502,736.2718789557489,28.7879725808307,362.44,52.56757272,0.004921562280685386,24.607811403426933,319.07294901687516,1.1333992604126757,LUBRICATION,LUBRICATION_SYSTEM,0.4,0.6,True
12.52,12.52,AEROTWIN-4-001,TAKEOFF,0.95,2981.657447617695,494.62939263922533,168.25899532665187,113.8102391415388,136.3760215148582,6.27360814582384,-28.839390519143233,125.02641540601438,-8.158953290583854,-1.5286114869458616,-1.5286114869458616,112.75605997942276,736.5738365142645,28.819257848620495,362.44,52.56757272,0.00490507612545885,24.525380627294254,319.07294901687516,1.1127216132049043,LUBRICATION,LUBRICATION_SYSTEM,0.4,0.6,True
12.530000000000001,12.530000000000001,AEROTWIN-4-001,TAKEOFF,0.95,2970.8180477543874,673.528839496287,168.40924366624677,118.66786180576247,135.12507903705117,6.244768755304697,-22.701985986593392,-1.5299764739253296,130.0473808292905,-1.5299764739253296,-8.31956607567736,112.86028227491514,736.862343793244,28.850437169292523,362.44,52.56757272,0.004889854155922396,24.449270779611986,319.07294901687516,1.0293347678841984,LUBRICATION,LUBRICATION_SYSTEM,0.4,0.6,True
12.540000000000001,12.540000000000001,AEROTWIN-4-001,TAKEOFF,0.95,2964.1744666450923,131.77792236155028,168.52453829031154,126.45219109727783,134.14440806561933,6.222066769318103,-13.914283737659602,-1.5310239108625725,-1.5310239108625725,-8.563010352282523,138.0772492712855,112.96273798813351,737.1389929331648,28.881528947971937,362.44,52.56757272,0.004877775836986537,24.388879184932687,319.07294901687516,0.8943366049335575,LUBRICATION,LUBRICATION_SYSTEM,0.4,0.6,True
12.55,12.55,AEROTWIN-4-001,TAKEOFF,0.95,2962.4624562795116,309.6283903602558,168.59390648372383,136.16763635047855,133.54510998981758,6.2081524855804435,-3.5856261249194734,-8.847568976655634,-1.531654112041849,148.07851355121787,-1.531654112041849,113.06305650030022,737.4058785955407,28.91256044433436,362.44,52.56757272,0.0048703315317414056,24.351657658707026,319.07294901687516,0.725047444907842,LUBRICATION,LUBRICATION_SYSTEM,0.4,0.6,True
12.56,12.56,AEROTWIN-4-001,TAKEOFF,0.95,2965.7682834102297,487.3761377370265,168.6116224971075,146.51916696150812,133.39089195011738,6.204566859455524,6.923708151935217,158.7124245089195,-9.12962742788895,-1.5318150597612181,-1.5318150597612181,113.16083398435127,737.6653583976291,28.943564106902397,362.44,52.56757272,0.004868408108584473,24.342040542922366,319.07294901687516,0.5440814470346093,LUBRICATION,LUBRICATION_SYSTEM,0.4,0.6,True
12.57,12.57,AEROTWIN-4-001,TAKEOFF,0.95,2973.4901423403294,665.3222347416403,168.5773547072597,156.0728753148462,133.68876122266585,6.211490567607459,16.17262352457288,-1.5315037412662285,168.50768960092014,-1.5315037412662285,-9.37180680354151,113.25566771803716,737.9197679877213,28.974572855947855,362.44,52.56757272,0.004872120300408069,24.360601502040346,319.07294901687516,0.37653183643926175,LUBRICATION,LUBRICATION_SYSTEM,0.4,0.6,True
12.58,12.58,AEROTWIN-4-001,TAKEOFF,0.95,2984.417919965886,123.73164328206008,168.4963599381693,163.50057539899592,134.38582826885647,6.227663191132032,22.887083939007418,-1.5307679141315556,-1.5307679141315556,-9.547945575249555,176.11005680250858,113.34719225033548,738.1711267061742,29.00561510111378,362.44,52.56757272,0.004880761139103721,24.403805695518606,319.07294901687516,0.24569125343465786,LUBRICATION,LUBRICATION_SYSTEM,0.4,0.6,True
12.59,12.59,AEROTWIN-4-001,TAKEOFF,0.95,2996.925593663126,302.7967184800133,168.37946231363415,167.8219581471295,135.37539733822558,6.250550275071039,26.196010533832872,-9.644003717053526,-1.5297059141397322,180.52537369246247,-1.5297059141397322,113.43512501843882,738.4208847899338,29.036710551063447,362.44,52.56757272,0.004892916700758666,24.46458350379333,319.07294901687516,0.1688185717425683,LUBRICATION,LUBRICATION_SYSTEM,0.4,0.6,True
12.6,12.6,AEROTWIN-4-001,TAKEOFF,0.95,3009.231049394014,482.61225409980085,168.24239067402422,168.56172223189785,136.512489730806,6.2767462856048715,25.772486215486964,181.2747373047642,-9.65609380127226,-1.5284606357970472,-1.5284606357970472,113.51931981864278,738.669759353184,29.067867700643628,362.44,52.56757272,0.004906724225117365,24.533621125586826,319.07294901687516,0.16556662488262208,LUBRICATION,LUBRICATION_SYSTEM,0.4,0.6,True
12.61,12.61,AEROTWIN-4-001,TAKEOFF,0.95,3019.667291504803,663.1661170634417,168.1041253390991,165.79597217764433,137.63583904159785,6.302518771820359,21.857614364226123,-1.5272045128848506,178.43841524672345,-1.5272045128848506,-9.588034043309417,113.59981514122688,738.9176858190947,29.09908335582727,362.44,52.56757272,0.0049201976883282246,24.600988441641125,319.07294901687516,0.20127600492101377,LUBRICATION,LUBRICATION_SYSTEM,0.4,0.6,True
12.620000000000001,12.620000000000001,AEROTWIN-4-001,TAKEOFF,0.95,3026.9198117476826,124.34615455372989,167.98421224162942,160.10617683873716,138.59215757585764,6.324376386184585,15.18964287669493,-1.5261151177064736,-1.5261151177064736,-9.450209327722812,172.6086164018729,113.67685770913884,739.163886798548,29.130344004596072,362.44,52.56757272,0.004931537608927481,24.657688044637407,319.07294901687516,0.2995193814042957,LUBRICATION,LUBRICATION_SYSTEM,0.4,0.6,True
12.63,12.63,AEROTWIN-4-001,TAKEOFF,0.95,3030.1964610561645,305.9613432585909,167.89944767672893,152.46085191161404,139.25868761860832,6.33956602906128,6.8625982639444425,-9.259760166054617,-1.525345042458245,164.77130216258513,-1.525345042458245,113.75088463663222,739.4070409764762,29.161628510542993,362.44,52.56757272,0.0049393708019593325,24.696854009796667,319.07294901687516,0.43236616319666094,LUBRICATION,LUBRICATION_SYSTEM,0.4,0.6,True
12.64,12.64,AEROTWIN-4-001,TAKEOFF,0.95,3029.3044707164177,487.7731309219607,167.86076622817185,144.0385950831829,139.5603466548053,6.346428627325224,-1.8681801989476128,156.12922893677944,-9.04064660072159,-1.5249936264374777,-1.5249936264374777,113.82246078139946,739.6455205782312,29.19291151308231,362.44,52.56757272,0.004942897002981401,24.714485014907005,319.07294901687516,0.5793217573956408,LUBRICATION,LUBRICATION_SYSTEM,0.4,0.6,True
12.65,12.65,AEROTWIN-4-001,TAKEOFF,0.95,3024.625450584966,669.5313991649458,167.87132009239602,136.0230383807972,139.47819478098376,6.344560447126277,-9.79971684731283,-1.525089506946293,147.8952030851389,-1.525089506946293,-8.821985690449104,113.8921855277719,739.8776559083682,29.224166965176412,362.44,52.56757272,0.004941937868697574,24.70968934348787,319.07294901687516,0.7197125084383157,LUBRICATION,LUBRICATION_SYSTEM,0.4,0.6,True
12.66,12.66,AEROTWIN-4-001,TAKEOFF,0.95,3017.0051044211586,131.0089262000438,167.92639029279002,129.4224005580105,139.04765551174972,6.334760730278965,-15.960015684018181,-1.5255898126847605,-1.5255898126847605,-8.63415978709769,141.10773997047772,113.96059565856739,740.1019825609097,29.255371353360864,362.44,52.56757272,0.0049368969553499195,24.6844847767496,319.07294901687516,0.8358405442320248,LUBRICATION,LUBRICATION_SYSTEM,0.4,0.6,True
12.67,12.67,AEROTWIN-4-001,TAKEOFF,0.95,3007.5949506285756,312.0292324653133,168.01503206285204,124.95811585984424,138.3478951612028,6.318800714594946,-19.70858001595352,-8.503585364018763,-1.5263951118467873,136.51449144755657,-1.5263951118467873,114.02809069269605,740.317435184496,29.28650629300267,362.44,52.56757272,0.004928652518127832,24.64326259063916,319.07294901687516,0.9149530106967589,LUBRICATION,LUBRICATION_SYSTEM,0.4,0.6,True
12.68,12.68,AEROTWIN-4-001,TAKEOFF,0.95,2997.684504035989,492.48492950302784,168.1227036475089,123.02891768804244,137.48621635950522,6.299092134578992,-20.75639080604177,134.53143245686044,-8.447768179929149,-1.5273732944444225,-1.5273732944444225,114.09489523506744,740.5234685694387,29.31756033865005,362.44,52.56757272,0.00491841266740625,24.592063337031245,319.07294901687516,0.9499040386218448,LUBRICATION,LUBRICATION_SYSTEM,0.4,0.6,True
12.69,12.69,AEROTWIN-4-001,TAKEOFF,0.95,2988.5468974651385,672.3459997451872,168.2339613381002,123.72221379466505,136.58163650047587,6.27833574377295,-19.137758449583764,-1.5283840563565494,135.2510882809923,-1.5283840563565494,-8.472106373614146,114.16105788677432,740.7201037855039,29.34852995195392,362.44,52.56757272,0.004907558360832544,24.53779180416272,319.07294901687516,0.938989611223227,LUBRICATION,LUBRICATION_SYSTEM,0.4,0.6,True
12.700000000000001,12.700000000000001,AEROTWIN-4-001,TAKEOFF,0.95,2981.3033891985624,131.6588135930956,168.33459917421055,126.83867313614604,135.75024338848465,6.259197985323366,-15.170768237661973,-1.5292983382468046,-1.5292983382468046,-8.569226522445932,138.4664963350856,114.22647618641776,740.9079070040656,29.379419608727318,362.44,52.56757272,0.004897487271155581,24.487436355777906,319.07294901687516,0.8855429410744781,LUBRICATION,LUBRICATION_SYSTEM,0.4,0.6,True
12.71,12.71,AEROTWIN-4-001,TAKEOFF,0.95,2976.8049159008638,310.5370169450093,168.41305111055425,131.91543672504352,135.09298995090492,6.244027217085704,-9.421580442947107,-8.720904934074703,-1.5300110640706768,143.69636378725954,-1.5300110640706768,114.29093453155716,741.0879107814776,29.410241027180817,362.44,52.56757272,0.004889460957737348,24.44730478868674,319.07294901687516,0.7975429851968072,LUBRICATION,LUBRICATION_SYSTEM,0.4,0.6,True
12.72,12.72,AEROTWIN-4-001,TAKEOFF,0.95,2975.534087967967,489.1453118990612,168.46118265087634,138.25860513304406,134.68561529504572,6.234605636642757,-2.661615798644422,150.22151598571926,-8.902014186738395,-1.5304483329684135,-1.5304483329684135,114.35414504026143,741.2614865473267,29.441011519332896,362.44,52.56757272,0.004884457373541451,24.422286867707257,319.07294901687516,0.6870516474681656,LUBRICATION,LUBRICATION_SYSTEM,0.4,0.6,True
12.73,12.73,AEROTWIN-4-001,TAKEOFF,0.95,2977.5417919783067,667.6773571771392,168.47469803310113,145.00751202366536,134.57064255650872,6.2319440208441135,4.204925446312527,-1.530571118490098,157.15410691395385,-1.530571118490098,-9.085452653308304,114.41578646596405,741.430178278487,29.471751562011406,362.44,52.56757272,0.004883041227497953,24.415206137489765,319.07294901687516,0.5690896707813632,LUBRICATION,LUBRICATION_SYSTEM,0.4,0.6,True
12.74,12.74,AEROTWIN-4-001,TAKEOFF,0.95,2982.4379520136963,126.32986469583773,168.4533293787637,151.24294604724858,134.75230350230598,6.236148946290426,10.254493598652177,-1.5303769869940829,-1.5303769869940829,-9.246762645624171,163.5504626668609,114.4755408142455,741.595513160944,29.502481858420087,362.44,52.56757272,0.004885277981961911,24.426389909809554,319.07294901687516,0.4597419751134826,LUBRICATION,LUBRICATION_SYSTEM,0.4,0.6,True
12.75,12.75,AEROTWIN-4-001,TAKEOFF,0.95,2989.448836780694,305.27614181665945,168.4008404532322,156.12579747015093,135.1958313108183,6.246403439889077,14.683562719443545,-9.367327696669287,-1.529900131808129,168.55292543043646,-1.529900131808129,114.53312943282472,741.7588130256406,29.53322034666028,362.44,52.56757272,0.004890720624228317,24.453603121141587,319.07294901687516,0.3737308375624324,LUBRICATION,LUBRICATION_SYSTEM,0.4,0.6,True
12.76,12.76,AEROTWIN-4-001,TAKEOFF,0.95,2997.5361341698344,484.6430720235011,168.32474853784547,159.03127726994003,135.83219422391858,6.26108700260852,16.937996043412937,171.52540205405234,-9.43570709116571,-1.5292088464732911,-1.5292088464732911,114.58834928279043,741.9210350586199,29.563979695201855,362.44,52.56757272,0.004898484037229758,24.49242018614879,319.07294901687516,0.32206600450748113,LUBRICATION,LUBRICATION_SYSTEM,0.4,0.6,True
12.77,12.77,AEROTWIN-4-001,TAKEOFF,0.95,3005.5561327610826,664.4952400736911,168.2356103169569,159.64318743637895,136.5681166670157,6.278024998651934,16.797045770711332,-1.5283990371188987,172.14747741760772,-1.5283990371188987,-9.447491906990965,114.64110649996312,742.08266752537,29.594765734972334,362.44,52.56757272,0.00490739531701847,24.53697658509235,319.07294901687516,0.31039053766301805,LUBRICATION,LUBRICATION_SYSTEM,0.4,0.6,True
12.780000000000001,12.780000000000001,AEROTWIN-4-001,TAKEOFF,0.95,3012.4292803086096,124.82860803935603,168.14577126029906,157.98978714432747,137.29987853833927,6.294822044422645,14.395086561565549,-1.5275828607610347,-1.5275828607610347,-9.40453501416544,170.44948788001497,114.69144036693024,742.2436963227047,29.625577045238966,362.44,52.56757272,0.0049161855295780255,24.58092764789013,319.07294901687516,0.33834238734188354,LUBRICATION,LUBRICATION_SYSTEM,0.4,0.6,True
12.790000000000001,12.790000000000001,AEROTWIN-4-001,TAKEOFF,0.95,3017.2914065715536,305.57436485787264,168.06763596987366,154.42098565577086,137.92855509245956,6.30921713098421,10.183213432327092,-9.314243705645763,-1.5268730116248963,166.78897538466643,-1.5268730116248963,114.73952917765251,742.4036450347694,29.656405645189416,362.44,52.56757272,0.0049236813645422315,24.618406822711158,319.07294901687516,0.39993552542162325,LUBRICATION,LUBRICATION_SYSTEM,0.4,0.6,True
12.8,12.8,AEROTWIN-4-001,TAKEOFF,0.95,3019.6035434270484,486.6118492521659,168.01172517338875,149.5360822212134,138.37415377058608,6.319400344416538,4.842528106210791,161.77784474007223,-9.18903238050228,-1.526365069178282,-1.526365069178282,114.78567202694279,742.5616787974309,29.687238545357918,362.44,52.56757272,0.0049289630430483945,24.64481521524197,319.07294901687516,0.4848018834855651,LUBRICATION,LUBRICATION_SYSTEM,0.4,0.6,True
12.81,12.81,AEROTWIN-4-001,TAKEOFF,0.95,3019.205296903086,667.7880618577888,167.9849520953161,144.07646331361053,138.58630601041887,6.324242872522749,-0.8340855693310836,-1.5261218391827425,156.17421465432093,-1.5261218391827425,-9.04550766234492,114.83024702584649,742.716752631821,29.718059818546003,362.44,52.56757272,0.004931468584366194,24.65734292183097,319.07294901687516,0.5800476013469148,LUBRICATION,LUBRICATION_SYSTEM,0.4,0.6,True
12.82,12.82,AEROTWIN-4-001,TAKEOFF,0.95,3016.3076593967594,128.94037967197391,167.98957204918793,138.80436393536786,138.54975295017675,6.323408786953418,-6.068797801762311,-1.5261638108737297,-1.5261638108737297,-8.902881090944016,150.75957264805933,114.87365418031497,742.8677789432696,29.74885284222864,362.44,52.56757272,0.004931037306714808,24.65518653357404,319.07294901687516,0.6723607414797816,LUBRICATION,LUBRICATION_SYSTEM,0.4,0.6,True
12.83,12.83,AEROTWIN-4-001,TAKEOFF,0.95,3011.4336414454274,309.9188392357795,168.02308013355423,134.39315908892797,138.28393842602253,6.317339989151655,-10.208119326246212,-8.780484107518557,-1.5264682275414296,146.22657965152942,-1.5264682275414296,114.91625632493312,743.0137877522865,29.779602412368135,362.44,52.56757272,0.00492789581255386,24.6394790627693,319.07294901687516,0.7499290700703746,LUBRICATION,LUBRICATION_SYSTEM,0.4,0.6,True
12.84,12.84,AEROTWIN-4-001,TAKEOFF,0.95,3005.3243690240315,490.6048577225052,168.0790199378309,131.34929817823627,137.83739654696794,6.30713186982541,-12.79523023855708,143.0980395820156,-8.694788536739065,-1.5269764335201281,-1.5269764335201281,114.9583314207477,743.1540574762416,29.81029650431921,362.44,52.56757272,0.004922597668384665,24.612988341923327,319.07294901687516,0.8038158358153055,LUBRICATION,LUBRICATION_SYSTEM,0.4,0.6,True
12.85,12.85,AEROTWIN-4-001,TAKEOFF,0.95,2998.8302854269664,670.9243198639471,168.14838760712158,129.97186424228602,137.27870448292367,6.294336639586852,-13.601176880224507,-1.5276066299378266,141.68374344669036,-1.5276066299378266,-8.6566659445287,115.00004460389773,743.2882021974888,29.840927536169076,362.44,52.56757272,0.004915932166122611,24.579660830613058,319.07294901687516,0.8286847657791083,LUBRICATION,LUBRICATION_SYSTEM,0.4,0.6,True
12.86,12.86,AEROTWIN-4-001,TAKEOFF,0.95,2992.8025809481082,130.85413698956506,168.22121059423907,130.34240622892614,136.68606550541472,6.280735462706628,-12.624394739195207,-1.5282682174767594,-1.5282682174767594,-8.669605652426812,142.06854831630645,115.04144159336028,743.4162101220203,29.871493054853463,362.44,52.56757272,0.004908816922617078,24.544084613085392,319.07294901687516,0.8229972365659638,LUBRICATION,LUBRICATION_SYSTEM,0.4,0.6,True
12.870000000000001,12.870000000000001,AEROTWIN-4-001,TAKEOFF,0.95,2987.9936774400016,310.42229184645157,168.28796084062438,132.33350180140974,136.13713468870228,6.268111067967433,-10.071743955259969,-8.729332428801767,-1.528874634941591,144.12058350009468,-1.528874634941591,115.08245969638963,743.5384345465189,29.901995809633437,362.44,52.56757272,0.004902185227586397,24.510926137931982,319.07294901687516,0.7888789591682521,LUBRICATION,LUBRICATION_SYSTEM,0.4,0.6,True
12.88,12.88,AEROTWIN-4-001,TAKEOFF,0.95,2984.9720891207685,489.70191249285165,168.34063224183757,135.62962921352124,135.69998966675865,6.258039324012173,-6.328399777249586,147.5132181784918,-8.824882669178931,-1.5293531478958118,-1.5293531478958118,115.12295030460307,743.6555424017588,29.932443211219105,362.44,52.56757272,0.004896875597105243,24.48437798552622,319.07294901687516,0.7317663025843695,LUBRICATION,LUBRICATION_SYSTEM,0.4,0.6,True
12.89,12.89,AEROTWIN-4-001,TAKEOFF,0.95,2984.0575125843584,668.8002378400978,168.37346314738457,139.7619033545011,135.42567704888702,6.2517109242349225,-1.9154846186208463,-1.52965141248041,151.76204198009867,-1.52965141248041,-8.940835800636759,115.16270716779039,743.7684275941951,29.96284621824256,362.44,52.56757272,0.004893530851315774,24.46765425657887,319.07294901687516,0.6598050519611343,LUBRICATION,LUBRICATION_SYSTEM,0.4,0.6,True
12.9,12.9,AEROTWIN-4-001,TAKEOFF,0.95,2985.284220154237,127.84368859515928,168.38336022800456,144.16170838941275,135.34270262337384,6.249795439616301,2.5692103264226116,-1.5297413261940487,-1.5297413261940487,-9.060131281412536,156.2813223232134,115.20149656743276,743.8780986954479,29.9932177611165,362.44,52.56757272,0.004892517165567647,24.462585827838236,319.07294901687516,0.5829148162171258,LUBRICATION,LUBRICATION_SYSTEM,0.4,0.6,True
12.91,12.91,AEROTWIN-4-001,TAKEOFF,0.95,2988.400901529408,306.96074180441354,168.37008114869874,148.2339276332535,135.45400077543204,6.252364649942725,6.5275622078787405,-9.166798927890609,-1.5296206874542089,160.45996793605252,-1.5296206874542089,115.23908739630046,743.9855537509849,30.023570900850938,362.44,52.56757272,0.0048938766690971025,24.469383345485515,319.07294901687516,0.5115082605011312,LUBRICATION,LUBRICATION_SYSTEM,0.4,0.6,True
12.92,12.92,AEROTWIN-4-001,TAKEOFF,0.95,2992.9106651302195,486.26479589617804,168.33619197746154,151.44109943194223,135.73698042130195,6.258892212150603,9.445226798489681,163.7477687881285,-9.248043738864341,-1.529312808660949,-1.529312808660949,115.27528010468194,744.0916581507229,30.05391699606914,362.44,52.56757272,0.004897325870519867,24.486629352599337,319.07294901687516,0.45501766993346676,LUBRICATION,LUBRICATION_SYSTEM,0.4,0.6,True
12.93,12.93,AEROTWIN-4-001,TAKEOFF,0.95,2998.1469673131305,665.8394358039913,168.28677107136988,153.38219105664854,136.14696797115948,6.268337438949093,10.96688564653996,-1.5288638260398397,165.73534590365324,-1.5288638260398397,-9.295427194925027,115.30993315334607,744.1970426962963,30.084264174246556,362.44,52.56757272,0.0049023043739475905,24.51152186973795,319.07294901687516,0.4205139982100751,LUBRICATION,LUBRICATION_SYSTEM,0.4,0.6,True
12.94,12.94,AEROTWIN-4-001,TAKEOFF,0.95,3003.3733044961496,125.72825384277917,168.22881837855354,153.84910092923414,136.62378160506796,6.279304324595633,10.946014999570547,-1.5283373332257912,-1.5283373332257912,-9.305232229955303,166.21100782564102,115.34298439532638,744.3020367577374,30.114616350242496,362.44,52.56757272,0.004908066459645807,24.540332298229036,319.07294901687516,0.41171303786442326,LUBRICATION,LUBRICATION_SYSTEM,0.4,0.6,True
12.950000000000001,12.950000000000001,AEROTWIN-4-001,TAKEOFF,0.95,3007.88981420628,305.93065211254816,168.17036532838054,152.85012510140803,137.1005189450043,6.290250339595204,9.459355816808525,-9.27830453205695,-1.52780629472905,165.1840422229231,-1.52780629472905,115.37446365406578,744.4066458264351,30.144972920104866,362.44,52.56757272,0.004913797712953815,24.568988564769075,319.07294901687516,0.4285562595576531,LUBRICATION,LUBRICATION_SYSTEM,0.4,0.6,True
12.96,12.96,AEROTWIN-4-001,TAKEOFF,0.95,3011.1294343075733,486.40404096492495,168.11935981472405,150.59793005318596,137.51317588401196,6.2997096954120115,6.785044473761993,162.8722527338407,-9.219636848353616,-1.5273429161505585,-1.5273429161505585,115.40449277255183,744.510575315434,30.175329122502067,362.44,52.56757272,0.004918734515043857,24.593672575219284,319.07294901687516,0.46740952451351925,LUBRICATION,LUBRICATION_SYSTEM,0.4,0.6,True
12.97,12.97,AEROTWIN-4-001,TAKEOFF,0.95,3012.7291237919426,667.0718070233793,168.0824937754603,147.4664265693763,137.80955000807703,6.306494739885774,3.350381821413497,-1.5270079928914044,159.6582184945456,-1.5270079928914044,-9.137775939386481,115.43327120354256,744.6132949758229,30.205676946848374,362.44,52.56757272,0.004922266411129315,24.611332055646578,319.07294901687516,0.5218044471695736,LUBRICATION,LUBRICATION_SYSTEM,0.4,0.6,True
12.98,12.98,AEROTWIN-4-001,TAKEOFF,0.95,3012.5667979741993,127.83555445089587,168.06420327185361,143.9258847426985,137.95601401866435,6.309845121707188,-0.3399743976730214,-1.526841826001718,-1.526841826001718,-9.04395584046662,156.02352423516857,115.4610484969105,744.7141322259096,30.23600639951776,362.44,52.56757272,0.004924007584466431,24.620037922332155,319.07294901687516,0.5835618408725918,LUBRICATION,LUBRICATION_SYSTEM,0.4,0.6,True
12.99,12.99,AEROTWIN-4-001,TAKEOFF,0.95,3010.761233558653,308.5895623293478,168.06606187572737,140.46908815993467,137.94114828160104,6.3095051473095145,-3.7815652689758883,-8.950836404132726,-1.5268587111805791,152.47364198642856,-1.5268587111805791,115.48808859612349,744.8123789765365,30.266306918932564,362.44,52.56757272,0.00492383098747255,24.619154937362747,319.07294901687516,0.6440763303805337,LUBRICATION,LUBRICATION_SYSTEM,0.4,0.6,True
13.0,13.0,AEROTWIN-4-001,TAKEOFF,0.95,3007.6389342206216,489.235236342867,168.0866956115731,137.54224451986073,137.775849379599,6.305723582040539,-6.539328441778817,149.46720362385093,-8.870866771918301,-1.5270461660359416,-1.5270461660359416,115.51463311607078,744.9073957450768,30.296568745707706,362.44,52.56757272,0.004921865379120092,24.60932689560046,319.07294901687516,0.6955240149886355,LUBRICATION,LUBRICATION_SYSTEM,0.4,0.6,True
13.01,13.01,AEROTWIN-4-001,TAKEOFF,0.95,3003.6769252879526,669.6935723961043,168.12220498489685,135.49140978300434,137.49023763362544,6.29918425359876,-8.298012104219858,-1.5273687641582683,147.36064448291586,-1.5273687641582683,-8.814497171594969,115.54087072672927,744.9986989661159,30.326784090773664,362.44,52.56757272,0.004918460680137866,24.59230340068933,319.07294901687516,0.731804940016463,LUBRICATION,LUBRICATION_SYSTEM,0.4,0.6,True
13.02,13.02,AEROTWIN-4-001,TAKEOFF,0.95,2999.4323252924673,129.9141879133815,168.16695078487857,134.5292570217015,137.12824022236865,6.2908862414945395,-8.889869442161675,-1.5277752740373498,-1.5277752740373498,-8.788599323136605,146.3734068929128,115.56691756108735,745.0860216028007,30.35694798896472,362.44,52.56757272,0.004914130054870431,24.570650274352158,319.07294901687516,0.7491340294863,LUBRICATION,LUBRICATION_SYSTEM,0.4,0.6,True
13.030000000000001,13.030000000000001,AEROTWIN-4-001,TAKEOFF,0.95,2995.4685862289502,309.8801274309295,168.2144990869849,134.72131341028762,136.74095272003058,6.281996372052378,-8.301635681795334,-8.795454524371575,-1.528207244290372,146.57318242323993,-1.528207244290372,115.59281034639197,745.1693420592845,30.387058768393064,362.44,52.56757272,0.004909477839409628,24.547389197048144,319.07294901687516,0.7462931282076232,LUBRICATION,LUBRICATION_SYSTEM,0.4,0.6,True
13.040000000000001,13.040000000000001,AEROTWIN-4-001,TAKEOFF,0.95,2992.286121561532,489.60824260466654,168.25853782793854,135.98814248388342,136.3797861604931,6.273694736370583,-6.665338412980258,147.87789718624805,-8.83254004110771,-1.5286073306284704,-1.5286073306284704,115.61851109080719,745.2488807590433,30.417118103679645,362.44,52.56757272,0.004905121623246579,24.525608116232892,319.07294901687516,0.7246033313913867,LUBRICATION,LUBRICATION_SYSTEM,0.4,0.6,True
13.05,13.05,AEROTWIN-4-001,TAKEOFF,0.95,2990.2633290475146,669.1454098983585,168.29364232114688,138.12065581384843,136.09015315040662,6.267029397957603,-4.236526734515794,-1.528926250466649,150.07165676646537,-1.528926250466649,-8.893148451683649,115.64392048900649,745.3250670778793,30.447130656708666,362.44,52.56757272,0.004901615793006625,24.508078965033125,319.07294901687516,0.6876653402037198,LUBRICATION,LUBRICATION_SYSTEM,0.4,0.6,True
13.06,13.06,AEROTWIN-4-001,TAKEOFF,0.95,2989.6133446739327,128.56120964120942,168.31583735253574,140.80768959083497,135.906220808275,6.262792871223087,-1.3613240886631273,-1.5291278894926534,-1.5291278894926534,-8.967677607117885,152.83362297693816,115.66889682705525,745.398481827667,30.477103347780066,362.44,52.56757272,0.004899383657776577,24.49691828888289,319.07294901687516,0.6408824810589021,LUBRICATION,LUBRICATION_SYSTEM,0.4,0.6,True
13.07,13.07,AEROTWIN-4-001,TAKEOFF,0.95,2990.361519494446,307.9380103216454,168.32294988634396,143.6755494193462,135.84714419239492,6.261431547134424,1.5669736798168517,-9.045285202726022,-1.5291925059540763,155.7792196339804,-1.5291925059540763,115.69327761847603,745.4697826439784,30.50704434545011,362.44,52.56757272,0.0048986657775975375,24.493328887987687,319.07294901687516,0.5907718096090216,LUBRICATION,LUBRICATION_SYSTEM,0.4,0.6,True
13.08,13.08,AEROTWIN-4-001,TAKEOFF,0.95,2992.3473299639436,487.3597014913121,168.31476207112138,146.33721662692622,135.91514638451454,6.262998520814241,4.159071721597437,158.51100326261042,-9.11555039428757,-1.5291181206983107,-1.5291181206983107,115.7169018760085,745.5396215862337,30.53696190930442,362.44,52.56757272,0.004899492078432466,24.49746039216233,319.07294901687516,0.5441041311992088,LUBRICATION,LUBRICATION_SYSTEM,0.4,0.6,True
13.09,13.09,AEROTWIN-4-001,TAKEOFF,0.95,2995.2514882771416,666.9005412891487,168.29296928926246,148.4453333040127,136.09572076373985,6.267157592535839,6.082454947737019,-1.528920136057921,160.67301335802725,-1.528920136057921,-9.169839781898695,115.7396313410912,745.6085656165624,30.566863252463957,362.44,52.56757272,0.004901683289867342,24.508416449336714,319.07294901687516,0.506976191494634,LUBRICATION,LUBRICATION_SYSTEM,0.4,0.6,True
13.1,13.1,AEROTWIN-4-001,TAKEOFF,0.95,2998.644856059925,126.61563058577724,168.2609397377591,149.74031141482746,136.36001850246376,6.273240047483576,7.107052864880124,-1.5286291516724817,-1.5286291516724817,-9.202211354289457,161.99978107246187,115.761368982464,745.6770306854099,30.596753594302754,362.44,52.56757272,0.004904882699517176,24.524413497585883,319.07294901687516,0.4839664831373414,LUBRICATION,LUBRICATION_SYSTEM,0.4,0.6,True
13.11,13.11,AEROTWIN-4-001,TAKEOFF,0.95,3002.0517217516303,306.5343219493727,168.22327611995237,150.08483228303047,136.66916236346347,6.280347100348457,7.135322819218538,-9.209844003026829,-1.5282869825141105,162.35125025108553,-1.5282869825141105,115.78207280196641,745.7452384280147,30.626635541457667,362.44,52.56757272,0.004908613305965237,24.543066529826184,319.07294901687516,0.47752730966990453,LUBRICATION,LUBRICATION_SYSTEM,0.4,0.6,True
13.120000000000001,13.120000000000001,AEROTWIN-4-001,TAKEOFF,0.95,3005.0174224739008,486.6574252544706,168.1852039670429,149.4787195340457,136.97988804299112,6.287482423167675,6.211349067886899,161.72768283698122,-9.193081099202523,-1.5279411018664981,-1.5279411018664981,115.80176285409664,745.8132010623507,30.656508873515353,362.44,52.56757272,0.004912350331365316,24.56175165682658,319.07294901687516,0.48771834949669907,LUBRICATION,LUBRICATION_SYSTEM,0.4,0.6,True
13.13,13.13,AEROTWIN-4-001,TAKEOFF,0.95,3007.1698169678375,666.9584706029046,168.1518508351103,148.0523224586692,137.25066419991475,6.293693772235562,4.507964486518896,-1.527638092921872,160.26278923397666,-1.527638092921872,-9.155190589463704,115.82051982134135,745.8807356454236,30.686370736497814,362.44,52.56757272,0.004915596552630955,24.57798276315478,319.07294901687516,0.5123147634371684,LUBRICATION,LUBRICATION_SYSTEM,0.4,0.6,True
13.14,13.14,AEROTWIN-4-001,TAKEOFF,0.95,3008.265647965149,127.38865962097486,168.1275213600271,146.04065563903868,137.4473508284959,6.29820173672208,2.2951030738206954,-1.5274170627474593,-1.5274170627474593,-9.10189531933068,158.19738508386425,115.83847467954034,745.9475043187027,30.71621618195208,362.44,52.56757272,0.0049179485161908384,24.58974258095419,319.07294901687516,0.5472516232774896,LUBRICATION,LUBRICATION_SYSTEM,0.4,0.6,True
13.15,13.15,AEROTWIN-4-001,TAKEOFF,0.95,3008.215875847182,307.8845984988838,168.11509494320686,143.74379674367322,137.54754238398374,6.300496839795901,-0.104242480106425,-9.040676735263556,-1.5273041703374213,155.83908181961164,-1.5273041703374213,115.85579072845913,746.0130734170059,30.746038945136306,362.44,52.56757272,0.0049191446504898,24.595723252449005,319.07294901687516,0.5873099088027838,LUBRICATION,LUBRICATION_SYSTEM,0.4,0.6,True
13.16,13.16,AEROTWIN-4-001,TAKEOFF,0.95,3007.087943132819,488.3775510497147,168.115659926518,141.48104678480485,137.54299094027994,6.300392597315795,-2.362336752790884,153.5155197811708,-8.979854390088647,-1.5273093031386582,-1.5273093031386582,115.87264098799616,746.0769819569439,30.775832336362015,362.44,52.56757272,0.004919090341698474,24.59545170849237,319.07294901687516,0.6269142535191519,LUBRICATION,LUBRICATION_SYSTEM,0.4,0.6,True
13.17,13.17,AEROTWIN-4-001,TAKEOFF,0.95,3005.0867943495214,668.8028276376839,168.12844870961078,139.54670063934572,137.43986658968169,6.298030260563004,-4.1911962108989735,-1.5274254876000106,151.529052382287,-1.5274254876000106,-8.927500767741254,115.88918500973266,746.1388093836487,30.80559012179707,362.44,52.56757272,0.004917859113023615,24.589295565118075,319.07294901687516,0.6609060348753706,LUBRICATION,LUBRICATION_SYSTEM,0.4,0.6,True
13.18,13.18,AEROTWIN-4-001,TAKEOFF,0.95,3002.5194475251656,129.10803529865518,168.1510683075727,138.1738016812742,137.2570012319973,6.293839064352105,-5.377038615075199,-1.5276309837591169,-1.5276309837591169,-8.890330571027063,150.1193942198195,115.90554911882678,746.198233489493,30.83530728732959,362.44,52.56757272,0.004915672409437324,24.57836204718662,319.07294901687516,0.6851802881019449,LUBRICATION,LUBRICATION_SYSTEM,0.4,0.6,True
13.19,13.19,AEROTWIN-4-001,TAKEOFF,0.95,2999.7494406481046,309.2592021501651,168.17995683467032,137.50954804808404,137.02257485925855,6.288462025737029,-5.801488836911542,-8.872756193194489,-1.5278934323389186,149.43809110595635,-1.5278934323389186,115.92181304348941,746.255071701195,30.864980604469142,362.44,52.56757272,0.004912862724619123,24.564313623095615,319.07294901687516,0.6971214153909762,LUBRICATION,LUBRICATION_SYSTEM,0.4,0.6,True
13.200000000000001,13.200000000000001,AEROTWIN-4-001,TAKEOFF,0.95,2997.1476203429766,489.24416858905136,168.21096064743156,137.60328898949277,136.76986815695997,6.282660536900117,-5.449239704367322,149.53593385225292,-8.87629466672243,-1.528175098018866,-1.528175098018866,115.93800427732096,746.3093018118,30.894608945455886,362.44,52.56757272,0.0049098258612976335,24.549129306488172,319.07294901687516,0.6958199279731365,LUBRICATION,LUBRICATION_SYSTEM,0.4,0.6,True
13.21,13.21,AEROTWIN-4-001,TAKEOFF,0.95,2995.045063817373,669.0730258096299,168.23992592022407,138.40634469277498,136.53271748530938,6.277211297195751,-4.403584089730148,-1.528438243823506,150.36266637138823,-1.528438243823506,-8.899445190966238,115.95409994954152,746.3610611037948,30.924193323213494,362.44,52.56757272,0.0049069683029892485,24.53484151494624,319.07294901687516,0.682082290151309,LUBRICATION,LUBRICATION_SYSTEM,0.4,0.6,True
13.22,13.22,AEROTWIN-4-001,TAKEOFF,0.95,2993.6930534160033,128.77572963867226,168.2632225827983,139.78238778850616,136.34122403841226,6.272807713106021,-2.8316439630121284,-1.5286498910281583,-1.5286498910281583,-8.93805401000507,151.77774158056755,115.97003487787947,746.410625317836,30.953736660390284,362.44,52.56757272,0.00490465549063676,24.523277453183802,319.07294901687516,0.6582549550343593,LUBRICATION,LUBRICATION_SYSTEM,0.4,0.6,True
13.23,13.23,AEROTWIN-4-001,TAKEOFF,0.95,2993.234226957902,308.39731284363245,168.27815091595116,141.52717086237067,136.21815867992413,6.269976069143008,-0.9609638866964714,-8.986078042187527,-1.5287855130285994,153.5708199306154,-1.5287855130285994,115.985713972796,746.4583709934969,30.983243321132093,362.44,52.56757272,0.004903166585788082,24.51583292894041,319.07294901687516,0.6278833521385309,LUBRICATION,LUBRICATION_SYSTEM,0.4,0.6,True
13.24,13.24,AEROTWIN-4-001,TAKEOFF,0.95,2993.688131601288,487.99136646110657,168.28320780722208,143.39607786843126,136.17640710111374,6.269015105256313,0.9506556620612114,155.49032159655084,-9.036580819639425,-1.528831454240063,-1.528831454240063,116.00102711636119,746.5047263873557,31.012718468542953,362.44,52.56757272,0.00490266100107291,24.513305005364554,319.07294901687516,0.5952323388769896,LUBRICATION,LUBRICATION_SYSTEM,0.4,0.6,True
13.25,13.25,AEROTWIN-4-001,TAKEOFF,0.95,2994.9530488088817,667.6126543571838,168.27820518598799,145.1369129437374,136.21771077830243,6.269965760918374,2.6492364045165937,-1.5287860060649539,157.27724952354134,-1.5287860060649539,-9.082764567674023,116.0158648077744,746.5501174269295,31.042167336081864,362.44,52.56757272,0.004903161163208106,24.515805816040533,319.07294901687516,0.5647134545980433,LUBRICATION,LUBRICATION_SYSTEM,0.4,0.6,True
13.26,13.26,AEROTWIN-4-001,TAKEOFF,0.95,2996.8239609760885,127.30983728571675,168.26423986874707,146.52389098190608,136.33284670457778,6.272614997322891,3.9184292800054115,-1.528659132941102,-1.528659132941102,-9.118865518621442,158.70007476640973,116.03013303658092,746.5949157978887,31.071594516006463,362.44,52.56757272,0.004904554200887153,24.522771004435764,319.07294901687516,0.5402897026368964,LUBRICATION,LUBRICATION_SYSTEM,0.4,0.6,True
13.27,13.27,AEROTWIN-4-001,TAKEOFF,0.95,2999.024141422339,307.11927494428204,168.2435185474485,147.3878115561002,136.503230978488,6.276533426602896,4.608047151009288,-9.14080182064688,-1.5284708823830844,159.58555514151325,-1.5284708823830844,116.043765926492,746.6393960290741,31.10100336638163,362.44,52.56757272,0.00490661248655912,24.5330624327956,319.07294901687516,0.5249457358557026,LUBRICATION,LUBRICATION_SYSTEM,0.4,0.6,True
13.280000000000001,13.280000000000001,AEROTWIN-4-001,TAKEOFF,0.95,3001.2456428433557,487.0607234296224,168.21905038194194,147.6375810790144,136.70373790912393,6.281141473753905,4.652701696136575,159.84061449638486,-9.146536232922672,-1.5282485922238855,-1.5282485922238855,116.05673474661393,746.6837071889568,31.130395618052695,362.44,52.56757272,0.00490902976567033,24.54514882835165,319.07294901687516,0.5203081103624644,LUBRICATION,LUBRICATION_SYSTEM,0.4,0.6,True
13.290000000000001,13.290000000000001,AEROTWIN-4-001,TAKEOFF,0.95,3003.1925350864394,667.1354620002237,168.19423541196568,147.2696929161127,136.9063371618616,6.285794175450042,4.077561578801061,-1.528023151390364,159.46190920927955,-1.528023151390364,-9.136169990386128,116.06905206837196,746.7278626418799,31.159771228082178,362.44,52.56757272,0.004911466898376473,24.557334491882365,319.07294901687516,0.5264751109266463,LUBRICATION,LUBRICATION_SYSTEM,0.4,0.6,True
13.3,13.3,AEROTWIN-4-001,TAKEOFF,0.95,3004.6204536954992,127.32701410541006,168.17239729765168,146.36451309103091,137.08401561257025,6.289871737028843,2.990625741431817,-1.527824754910409,-1.527824754910409,-9.111805643875043,158.53196824472676,116.08077030636046,746.77174859087,31.189128484793248,362.44,52.56757272,0.004913599811653443,24.567999058267212,319.07294901687516,0.5420767336501359,LUBRICATION,LUBRICATION_SYSTEM,0.4,0.6,True
13.31,13.31,AEROTWIN-4-001,TAKEOFF,0.95,3005.3668873499123,307.60424132714,168.1563266487365,145.07059377644438,137.21440442361043,6.292862362770275,1.5633269900636764,-9.077212901173786,-1.5276787551171334,157.20316418785245,-1.5276787551171334,116.09197465892183,746.8151493562534,31.218464331203588,362.44,52.56757272,0.004915162407337092,24.57581203668546,319.07294901687516,0.5645441302132591,LUBRICATION,LUBRICATION_SYSTEM,0.4,0.6,True
13.32,13.32,AEROTWIN-4-001,TAKEOFF,0.95,3005.3684131700993,487.9262545681347,168.14790771383608,143.58021021705196,137.28258885696516,6.294425689760338,0.003195670326455513,155.67273864699902,-9.037323889609839,-1.5276022701686072,-1.5276022701686072,116.10277142955321,746.8577850026398,31.24777484541024,362.44,52.56757272,0.004915978649974413,24.579893249872065,319.07294901687516,0.5905334424497951,LUBRICATION,LUBRICATION_SYSTEM,0.4,0.6,True
13.33,13.33,AEROTWIN-4-001,TAKEOFF,0.95,3004.6633758852777,668.2483593583406,168.14789049154996,142.10053050241854,137.2827282533227,6.294428885430665,-1.4766266363348164,-1.5276021137063367,154.15332635704064,-1.5276021137063367,-8.997591627209419,116.11327359603379,746.8993554117897,31.27705580157141,362.44,52.56757272,0.0049159803180776175,24.579901590388086,319.07294901687516,0.6164276483675211,LUBRICATION,LUBRICATION_SYSTEM,0.4,0.6,True
13.34,13.34,AEROTWIN-4-001,TAKEOFF,0.95,3003.380811262595,128.52816191145723,168.15584287176182,140.82507997006962,137.21832477552505,6.2929522587943305,-2.686197064249755,-1.5276743600650935,-1.5276743600650935,-8.963271279606221,152.84369996980604,116.12358601085813,746.9395844018743,31.306303233042495,362.44,52.56757272,0.004915209354780683,24.576046773903418,319.07294901687516,0.6388353140741397,LUBRICATION,LUBRICATION_SYSTEM,0.4,0.6,True
13.35,13.35,AEROTWIN-4-001,TAKEOFF,0.95,3001.718280287425,308.73101058721295,168.17028093151325,139.90947362603586,137.10120429627906,6.2902660617300805,-3.4819967319732834,-8.9387152490224,-1.5278055279942873,151.90379993104682,-1.5278055279942873,116.13379259172446,746.9782579966543,31.335513927224603,362.44,52.56757272,0.004913805930636545,24.569029653182724,319.07294901687516,0.6550167355698587,LUBRICATION,LUBRICATION_SYSTEM,0.4,0.6,True
13.36,13.36,AEROTWIN-4-001,TAKEOFF,0.95,2999.912427792395,488.83410740445845,168.1889416617501,139.4540761376666,136.94946069390247,6.286784064998108,-3.7821686212339847,151.4368173544498,-8.926791100091929,-1.5279750583456335,-1.5279750583456335,116.14394732170943,747.0152522382897,31.364685796337405,362.44,52.56757272,0.0049119849491310605,24.559924745655305,319.07294901687516,0.6631905054577272,LUBRICATION,LUBRICATION_SYSTEM,0.4,0.6,True
13.370000000000001,13.370000000000001,AEROTWIN-4-001,TAKEOFF,0.95,2998.206486465699,668.8288530720022,168.20914112888946,139.4948176922929,136.78473095551826,6.283001896376874,-3.5729151596022177,-1.5281585679252518,151.4796570782795,-1.5281585679252518,-8.928522250136092,116.15407002908726,747.0505476871006,31.393818086659724,362.44,52.56757272,0.004910004704947313,24.550023524736567,319.07294901687516,0.6626983079905203,LUBRICATION,LUBRICATION_SYSTEM,0.4,0.6,True
13.38,13.38,AEROTWIN-4-001,TAKEOFF,0.95,2996.8188016570584,128.72124225994412,168.2281561312809,140.00227487830807,136.62920616397452,6.279428981217271,-2.9063602668837154,-1.5283313167938841,-1.5283313167938841,-8.943014041017356,152.0019515529132,116.16414702853241,747.0842296319797,31.422911408829943,362.44,52.56757272,0.004908131840818093,24.540659204090467,319.07294901687516,0.6540252746064328,LUBRICATION,LUBRICATION_SYSTEM,0.4,0.6,True
13.39,13.39,AEROTWIN-4-001,TAKEOFF,0.95,2995.9159904874905,308.5303703593676,168.2435757970761,140.8884403011841,136.50276097216116,6.276522620950388,-1.8908432919274532,-8.96767249931691,-1.5284714024886408,152.91305560547826,-1.5284714024886408,116.17413599719312,747.1164748061761,31.451967592486337,362.44,52.56757272,0.004906606814021948,24.533034070109743,319.07294901687516,0.6386853560348273,LUBRICATION,LUBRICATION_SYSTEM,0.4,0.6,True
13.4,13.4,AEROTWIN-4-001,TAKEOFF,0.95,2995.5937041665466,488.2853297886171,168.25358455476092,142.02016555562716,136.42052867012274,6.274631777658461,-0.6749948921540367,154.0759561689409,-8.99866595176545,-1.5285623307741532,-1.5285623307741532,116.18397402659792,747.147526931945,31.48098938898539,362.44,52.56757272,0.00490561389914763,24.528069495738148,319.07294901687516,0.6189890686733139,LUBRICATION,LUBRICATION_SYSTEM,0.4,0.6,True
13.41,13.41,AEROTWIN-4-001,TAKEOFF,0.95,2995.8671255593335,668.02095203861,168.25715308060555,143.23778852085576,136.39117931214702,6.273956782766306,0.5726524259424357,-1.5285947503757737,155.32651460976334,-1.5285947503757737,-9.031536588156028,116.19358761122986,747.1776646318606,31.509980064678214,362.44,52.56757272,0.004905259304296166,24.52629652148083,319.07294901687516,0.5977194713112407,LUBRICATION,LUBRICATION_SYSTEM,0.4,0.6,True
13.42,13.42,AEROTWIN-4-001,TAKEOFF,0.95,2996.672236315171,127.77297957217002,168.2541257624822,144.37682798777382,136.41607852867057,6.274529435192249,1.6862200239110061,-1.528567247577192,-1.528567247577192,-9.061850711596193,156.4958131945244,116.20290331804813,747.2071660698753,31.53894294175268,362.44,52.56757272,0.004905560140458129,24.527800702290648,319.07294901687516,0.5777533620860555,LUBRICATION,LUBRICATION_SYSTEM,0.4,0.6,True
13.43,13.43,AEROTWIN-4-001,TAKEOFF,0.95,2997.8775344551614,307.57331375108026,168.24520188958044,145.28999560098873,136.48940942445412,6.276215655216159,2.524370521318449,-9.085785038415622,-1.528486175331401,157.43275299006717,-1.528486175331401,116.2118579391022,747.2362750194063,31.5678809508969,362.44,52.56757272,0.004906445661167065,24.53222830583533,319.07294901687516,0.5616758385226264,LUBRICATION,LUBRICATION_SYSTEM,0.4,0.6,True
13.44,13.44,AEROTWIN-4-001,TAKEOFF,0.95,2999.3044311924955,487.44596581838994,168.23181526707654,145.86645248094473,136.59922691691463,6.278740025737478,2.988485538292621,158.02375685842892,-9.100575258333492,-1.5283645595753392,-1.5283645595753392,116.22040701843311,747.2651728015448,31.59679625759926,362.44,52.56757272,0.004907770458243928,24.538852291219637,319.07294901687516,0.5514420493074,LUBRICATION,LUBRICATION_SYSTEM,0.4,0.6,True
13.450000000000001,13.450000000000001,AEROTWIN-4-001,TAKEOFF,0.95,3000.753282359226,667.4042316899397,168.21592552055859,146.0454871536562,136.7292918546841,6.281728511275771,3.034466787696333,-1.5282202032572425,158.20671692462886,-1.5282202032572425,-9.104789364458181,116.22853077966873,747.2939596663031,31.62569001135745,362.44,52.56757272,0.004909337459862191,24.546687299310953,319.07294901687516,0.5481356559632928,LUBRICATION,LUBRICATION_SYSTEM,0.4,0.6,True
13.46,13.46,AEROTWIN-4-001,TAKEOFF,0.95,3002.0312013960083,127.44942863149322,168.19974476312194,145.82265166732103,136.8614213173649,6.284762978063468,2.676467371892671,-1.5280732031421098,-1.5280732031421098,-9.098419235220284,157.97721730882552,116.2362367132274,747.3226477956566,31.654562246615374,362.44,52.56757272,0.004910927056471641,24.554635282358205,319.07294901687516,0.5518585609510833,LUBRICATION,LUBRICATION_SYSTEM,0.4,0.6,True
13.47,13.47,AEROTWIN-4-001,TAKEOFF,0.95,3002.977639562828,307.57130071525376,168.18543406060763,145.24767031949625,136.9780154127572,6.287439445435361,1.9822154613036886,-9.08280288591947,-1.5279431922371525,157.38635958989005,-1.5279431922371525,116.24355845516234,747.3511664013635,31.68341194011582,362.44,52.56757272,0.00491232784767907,24.561639238395355,319.07294901687516,0.5617642287448186,LUBRICATION,LUBRICATION_SYSTEM,0.4,0.6,True
13.48,13.48,AEROTWIN-4-001,TAKEOFF,0.95,3003.4842286454414,487.7499590890234,168.17481191778396,144.4148173853966,137.0643980309471,6.289421660896664,1.060997693552821,156.5309091463156,-9.06039837806703,-1.527846691425979,-1.527846691425979,116.25055109520798,747.3793776582849,31.712237206395457,362.44,52.56757272,0.004913364519028073,24.566822595140366,319.07294901687516,0.5762228598724647,LUBRICATION,LUBRICATION_SYSTEM,0.4,0.6,True
13.49,13.49,AEROTWIN-4-001,TAKEOFF,0.95,3003.5064364916493,667.9590128077499,168.16911810530004,143.44764091327602,137.11064625035402,6.290482658590218,0.04651200433177749,-1.527794963866626,155.53766652800965,-1.527794963866626,-9.03443568700038,116.25728361038631,747.4071007433901,31.741035595311303,362.44,52.56757272,0.004913919137812556,24.569595689062776,319.07294901687516,0.5930860652896682,LUBRICATION,LUBRICATION_SYSTEM,0.4,0.6,True
13.5,13.5,AEROTWIN-4-001,TAKEOFF,0.95,3003.0659559126548,128.1693989972489,168.1688683688727,142.48066266098883,137.11267385773976,6.290529170594549,-0.9225403673454871,-1.5277926950430731,-1.5277926950430731,-9.008481419765126,154.5447294708401,116.26382960125832,747.434140269016,31.769804444946637,362.44,52.56757272,0.004913943446901045,24.56971723450523,319.07294901687516,0.6100054478150709,LUBRICATION,LUBRICATION_SYSTEM,0.4,0.6,True
13.51,13.51,AEROTWIN-4-001,TAKEOFF,0.95,3002.244157348386,308.3533563520082,168.1738196979127,141.64089590785812,137.07246016578807,6.289606630227204,-1.721170888157153,-8.9859642908174,-1.5278376772351487,153.6825355531458,-1.5278376772351487,116.27025777800077,747.4603150291103,31.798541240314606,362.44,52.56757272,0.004913461222121324,24.567306110606623,319.07294901687516,0.6247556169654849,LUBRICATION,LUBRICATION_SYSTEM,0.4,0.6,True
13.52,13.52,AEROTWIN-4-001,TAKEOFF,0.95,3001.1681333280108,488.4880057929114,168.18304574014752,141.03171582095058,136.99744979994406,6.287885459339046,-2.25361943833253,153.0572806464785,-8.969721836226425,-1.5279214946507456,-1.5279214946507456,116.27662362689139,747.4854832208176,31.827243931928972,362.44,52.56757272,0.004912561163732106,24.562805818660532,319.07294901687516,0.6355172937532835,LUBRICATION,LUBRICATION_SYSTEM,0.4,0.6,True
13.530000000000001,13.530000000000001,AEROTWIN-4-001,TAKEOFF,0.95,2999.991683883887,668.558093792592,168.19510307692045,140.72094771268561,136.89926582677063,6.285631839900714,-2.46394995398573,-1.5280310340156829,152.73864327838484,-1.5280310340156829,-8.961633497667872,116.28296339797886,747.5095610545807,31.85591117687583,362.44,52.56757272,0.004911381925838732,24.55690962919366,319.07294901687516,0.6410876392557855,LUBRICATION,LUBRICATION_SYSTEM,0.4,0.6,True
13.540000000000001,13.540000000000001,AEROTWIN-4-001,TAKEOFF,0.95,2998.8739910670406,128.5575948256252,168.20825613348762,140.73423613910154,136.79195861073768,6.2831678899467285,-2.3408903615828685,-1.5281505278550345,-1.5281505278550345,-8.962396520410469,152.7529337152221,116.28929108547415,747.5325327498807,31.884542476791847,362.44,52.56757272,0.004910091664629473,24.550458323147367,319.07294901687516,0.640998820555297,LUBRICATION,LUBRICATION_SYSTEM,0.4,0.6,True
13.55,13.55,AEROTWIN-4-001,TAKEOFF,0.95,2997.9587593924716,308.4900342896476,168.22072363868082,141.05401998536865,136.690049722557,6.280826999585146,-1.9168567367734974,-8.971478759927544,-1.5282637935476941,153.0820263323916,-1.5282637935476941,116.29559855394561,747.554451141591,31.913138200706577,362.44,52.56757272,0.004908864911353914,24.54432455676957,319.07294901687516,0.6355386839039633,LUBRICATION,LUBRICATION_SYSTEM,0.4,0.6,True
13.56,13.56,AEROTWIN-4-001,TAKEOFF,0.95,2997.356347082311,488.36755985319587,168.23091197678218,141.6238498473334,136.60662909650583,6.278910142848372,-1.26168939202081,153.66781393474142,-8.98725138081131,-1.5283563532983593,-1.5283563532983593,116.3018585101915,747.5754293313623,31.94169949488973,362.44,52.56757272,0.004907859698256416,24.539298491282082,319.07294901687516,0.6256777512206768,LUBRICATION,LUBRICATION_SYSTEM,0.4,0.6,True
13.57,13.57,AEROTWIN-4-001,TAKEOFF,0.95,2997.1309504360775,668.2089406781345,168.2376078071443,142.35731373594837,136.55173491445882,6.277648453456351,-0.4720696319668036,-1.5284171840621843,154.42142066100115,-1.5284171840621843,-9.0072725569284,116.30802969730807,747.5956248896849,31.970228095563094,362.44,52.56757272,0.004907197727358894,24.535988636794468,319.07294901687516,0.6129150858956586,LUBRICATION,LUBRICATION_SYSTEM,0.4,0.6,True
13.58,13.58,AEROTWIN-4-001,TAKEOFF,0.95,2997.294262253578,128.03679770429915,168.2401110137644,143.15041457493095,136.53119872037152,6.277176383824384,0.3420394707350445,-1.5284399253746848,-1.5284399253746848,-9.028668743959777,155.23596316964012,116.31406350401822,747.6152189604868,31.998726072293316,362.44,52.56757272,0.004906949978707313,24.534749893536567,319.07294901687516,0.5990630827905469,LUBRICATION,LUBRICATION_SYSTEM,0.4,0.6,True
13.59,13.59,AEROTWIN-4-001,TAKEOFF,0.95,2997.80622411278,307.8744534395138,168.23829742111175,143.89584696123538,136.54607812741537,6.277518423295119,1.0722504105248891,-9.048548416015246,-1.5284234491170197,156.00124227548466,-1.5284234491170197,116.31991111313525,747.6343931702976,32.02719553852257,362.44,52.56757272,0.004907129489418795,24.535647447093975,319.07294901687516,0.5859982654299372,LUBRICATION,LUBRICATION_SYSTEM,0.4,0.6,True
13.6,13.6,AEROTWIN-4-001,TAKEOFF,0.95,2998.582581881774,487.74282688628057,168.23260817718287,144.49731902091582,136.59272843812423,6.278590673705644,1.6259999090859552,156.6184481891815,-9.06438564214086,-1.5283717630624056,-1.5283717630624056,116.32553032422948,747.6533074370885,32.055638369483184,362.44,52.56757272,0.004907692107222809,24.538460536114044,319.07294901687516,0.5754105254264609,LUBRICATION,LUBRICATION_SYSTEM,0.4,0.6,True
13.61,13.61,AEROTWIN-4-001,TAKEOFF,0.95,2999.508040777296,667.657781799187,168.22396962916193,144.881979136918,136.66348588505542,6.28021667361473,1.9382765782478533,-1.5282932829567226,157.01289020676379,-1.5282932829567226,-9.074324503932324,116.33089125645184,747.6720815719677,32.08405596569079,362.44,52.56757272,0.004908544918203914,24.54272459101957,319.07294901687516,0.5685848030064903,LUBRICATION,LUBRICATION_SYSTEM,0.4,0.6,True
13.620000000000001,13.620000000000001,AEROTWIN-4-001,TAKEOFF,0.95,3000.453049188309,127.62826424582477,168.2136544418612,145.00923232311936,136.74785638518128,6.282154950192978,1.979220987745106,-1.5281995707972789,-1.5281995707972789,-9.077374328999582,157.1430057937135,116.33598026742021,747.6907829787159,32.112449092390946,362.44,52.56757272,0.004909560940885515,24.547804704427577,319.07294901687516,0.5662453277313002,LUBRICATION,LUBRICATION_SYSTEM,0.4,0.6,True
13.63,13.63,AEROTWIN-4-001,TAKEOFF,0.95,3001.291764870608,307.6554471971233,168.20310161570217,144.87477219354355,136.83403600505528,6.284134171180723,1.7566020173075447,-9.073484138149173,-1.5281036997191524,157.004463731131,-1.5281036997191524,116.34080162393086,747.7094218539002,32.140817813070036,362.44,52.56757272,0.004910597783295958,24.552988916479787,319.07294901687516,0.5684831342802259,LUBRICATION,LUBRICATION_SYSTEM,0.4,0.6,True
13.64,13.64,AEROTWIN-4-001,TAKEOFF,0.95,3001.918666520453,487.7329530893598,168.19371904436687,144.5094155638918,136.91054504557633,6.285890773198031,1.3129797451174339,156.62895153253407,-9.063499048128925,-1.5280184602566655,-1.5280184602566655,116.34537673434549,747.7279542067829,32.16916152071953,362.44,52.56757272,0.004911517459197741,24.557587295988704,319.07294901687516,0.5747743181476624,LUBRICATION,LUBRICATION_SYSTEM,0.4,0.6,True
13.65,13.65,AEROTWIN-4-001,TAKEOFF,0.95,3002.2615809860804,667.848073080587,168.18669574046788,143.97314815278634,136.96774602249266,6.287203752943149,0.718198377350526,-1.5279546544375742,156.07806886655686,-1.5279546544375742,-9.049011404895374,116.34974108160544,747.7462919229793,32.19747905657858,362.44,52.56757272,0.004912204540323355,24.561022701616775,319.07294901687516,0.5840821727485569,LUBRICATION,LUBRICATION_SYSTEM,0.4,0.6,True
13.66,13.66,AEROTWIN-4-001,TAKEOFF,0.95,3002.2895326077664,127.98376793975194,168.1828502876328,143.34550363522067,136.99903994433723,6.287921951320499,0.05854173956294062,-1.5279197189896072,-1.5279197189896072,-9.032127139718108,155.433470212918,116.35393933135073,747.7643181596131,32.225768894816525,362.44,52.56757272,0.0049125802517304374,24.562901258652186,319.07294901687516,0.5950238676498453,LUBRICATION,LUBRICATION_SYSTEM,0.4,0.6,True
13.67,13.67,AEROTWIN-4-001,TAKEOFF,0.95,3002.0146567994416,308.121139896218,168.1825367215665,142.7138728763639,137.00159093002486,6.287980493060062,-0.5756985467210294,-9.015175240181984,-1.5279168702819355,154.78488185710972,-1.5279168702819355,116.35801936398013,747.7819057195976,32.25402936446316,362.44,52.56757272,0.004912610872916653,24.563054364583266,319.07294901687516,0.6060739736698965,LUBRICATION,LUBRICATION_SYSTEM,0.4,0.6,True
13.68,13.68,AEROTWIN-4-001,TAKEOFF,0.95,3001.488298449051,488.2420193041845,168.18561956736718,142.16150805184094,136.97650560849027,6.287404794513341,-1.102402351162672,154.2177932802573,-9.000395473331597,-1.5279448775423747,-1.5279448775423747,116.36202612905505,747.7989357866645,32.28225887730258,362.44,52.56757272,0.004912309719918016,24.56154859959008,319.07294901687516,0.6157740984560603,LUBRICATION,LUBRICATION_SYSTEM,0.4,0.6,True
13.69,13.69,AEROTWIN-4-001,TAKEOFF,0.95,3000.7921913915825,668.3313172111275,168.19151818414323,141.7568554384231,136.9284762581641,6.2863023921621775,-1.4579232119031857,-1.5279984657225698,153.80249697022734,-1.5279984657225698,-8.9896446003591,116.36599621019441,747.8153145199046,32.310456132082955,362.44,52.56757272,0.004911732889842543,24.558664449212714,319.07294901687516,0.6229200511814484,LUBRICATION,LUBRICATION_SYSTEM,0.4,0.6,True
13.700000000000001,13.700000000000001,AEROTWIN-4-001,TAKEOFF,0.95,3000.0261851990617,128.37884869462243,168.19930958093374,141.54549539710317,136.86497054617067,6.284844468950275,-1.604319618017775,-1.5280692495675,-1.5280692495675,-8.984161367068719,153.5857952633069,116.36995382582779,747.8309854532177,32.33862027045061,362.44,52.56757272,0.004910969724170503,24.554848620852518,319.07294901687516,0.626704039350709,LUBRICATION,LUBRICATION_SYSTEM,0.4,0.6,True
13.71,13.71,AEROTWIN-4-001,TAKEOFF,0.95,2999.294304483035,308.3804198065661,168.2078708384465,141.54549773468645,136.7951049725366,6.283240149332256,-1.5328473871823984,-8.984423532076638,-1.5281470274987854,153.58621532176068,-1.5281470274987854,116.37390872157935,747.8459363248297,32.36675096750218,362.44,52.56757272,0.004910129518000417,24.550647590002086,319.07294901687516,0.6267975347673932,LUBRICATION,LUBRICATION_SYSTEM,0.4,0.6,True
13.72,13.72,AEROTWIN-4-001,TAKEOFF,0.95,2998.6909988870084,488.3380780755482,168.2160384505696,141.74651558000915,136.72836856362937,6.281707301945074,-1.263560285565303,153.7930743449493,-8.990116306516237,-1.5282212292119723,-1.5282212292119723,116.37785609912899,747.8601997614874,32.39484844877491,362.44,52.56757272,0.004909326344041398,24.546631720206992,319.07294901687516,0.623368890947923,LUBRICATION,LUBRICATION_SYSTEM,0.4,0.6,True
13.73,13.73,AEROTWIN-4-001,TAKEOFF,0.95,2998.2893020318993,668.2595380087687,168.22276219980878,142.11250031247317,136.6733684968001,6.280443741659509,-0.8413119259864299,-1.5282823136152304,154.1692783454309,-1.5282823136152304,-9.000213405727271,116.38177843619658,747.8738480526874,32.4229134349278,362.44,52.56757272,0.004908663976909586,24.54331988454793,319.07294901687516,0.6170375141321197,LUBRICATION,LUBRICATION_SYSTEM,0.4,0.6,True
13.74,13.74,AEROTWIN-4-001,TAKEOFF,0.95,2998.1323033879694,128.15689613068264,168.22723454192172,142.5875393694654,136.63675413066005,6.279602429733522,-0.3288171909281843,-1.528322944272237,-1.528322944272237,-9.013153534573652,154.65733879258352,116.38564882459423,747.8869829808125,32.450947024378124,362.44,52.56757272,0.004908222808576455,24.541114042882278,319.07294901687516,0.6087730990528298,LUBRICATION,LUBRICATION_SYSTEM,0.4,0.6,True
13.75,13.75,AEROTWIN-4-001,TAKEOFF,0.95,2998.228882989079,308.0448343339608,168.2289815263973,143.10399461166338,136.62244515556694,6.279273612542594,0.20227584355385098,-9.027080712551221,-1.5283388154031188,155.18775295502084,-1.5283388154031188,116.3894353047257,747.8997222506013,32.47895053178555,362.44,52.56757272,0.004908050351080753,24.540251755403766,319.07294901687516,0.5997541768276612,LUBRICATION,LUBRICATION_SYSTEM,0.4,0.6,True
13.76,13.76,AEROTWIN-4-001,TAKEOFF,0.95,2998.5541020446776,487.93856731330555,168.22790691308296,143.59186049036828,136.6312474047317,6.279475888386148,0.6811371972504183,155.6886279004814,-9.04010930475637,-1.5283290526783793,-1.5283290526783793,116.3931056029244,747.9121844299029,32.50692530555313,362.44,52.56757272,0.004908156442500343,24.540782212501718,319.07294901687516,0.5912048095582001,LUBRICATION,LUBRICATION_SYSTEM,0.4,0.6,True
13.77,13.77,AEROTWIN-4-001,TAKEOFF,0.95,2999.0540349110383,667.8518134359862,168.22428676272241,143.98810387405103,136.66088990163638,6.2801570255833985,1.0470569468312556,-1.5282961640746238,156.09527099496765,-1.5282961640746238,-9.050574792767367,116.39663167182135,747.9244744343174,32.53487254963131,362.44,52.56757272,0.004908513641503708,24.542568207518542,319.07294901687516,0.5842310785463078,LUBRICATION,LUBRICATION_SYSTEM,0.4,0.6,True
13.780000000000001,13.780000000000001,AEROTWIN-4-001,TAKEOFF,0.95,2999.6542427418726,127.79505553064848,168.21871719254668,144.24473960080354,136.7064631769567,6.28120408253023,1.2570723413166078,-1.5282455652407756,-1.5282455652407756,-9.05723790973353,156.35846864101862,116.39999348396181,747.9366714455642,32.56279317344923,362.44,52.56757272,0.00490906258461931,24.545312923096553,319.07294901687516,0.5796792009695806,LUBRICATION,LUBRICATION_SYSTEM,0.4,0.6,True
13.790000000000001,13.790000000000001,AEROTWIN-4-001,TAKEOFF,0.95,3000.2706124038937,307.77431009516084,168.21202312152934,144.33457018923096,136.76118743295834,6.282461154871547,1.2909216014010747,-9.059420110186958,-1.5281847504603732,156.45035980033867,-1.5281847504603732,116.4031816304516,747.9488207634573,32.59068768892971,362.44,52.56757272,0.004909721392946411,24.548606964732056,319.07294901687516,0.5780341068376623,LUBRICATION,LUBRICATION_SYSTEM,0.4,0.6,True
13.8,13.8,AEROTWIN-4-001,TAKEOFF,0.95,3000.8209945084595,487.79054683939444,168.2051404249091,144.25386631019418,136.8173966494731,6.283752076472949,1.1527175842481387,156.36717034033884,-9.057059586063753,-1.5281222220404547,-1.5281222220404547,116.40619842680461,747.9609305068298,32.618556166081184,362.44,52.56757272,0.00491039766829396,24.5519883414698,319.07294901687516,0.5793712612645042,LUBRICATION,LUBRICATION_SYSTEM,0.4,0.6,True
13.81,13.81,AEROTWIN-4-001,TAKEOFF,0.95,3001.2360208014284,667.839806509902,168.1989874076463,144.02173178622405,136.86759795680825,6.284904794057196,0.8692290353586021,-1.528066322664323,156.1285516177887,-1.528066322664323,-9.050687186236011,116.40905741987585,747.9729733846626,32.64639824989603,362.44,52.56757272,0.004911001308998432,24.55500654499216,319.07294901687516,0.5833663812248823,LUBRICATION,LUBRICATION_SYSTEM,0.4,0.6,True
13.82,13.82,AEROTWIN-4-001,TAKEOFF,0.95,3001.467669155269,127.91396775798773,168.19434313130753,143.67639651627297,136.9054593154196,6.285774023092555,0.4851631777608265,-1.5280241300068298,-1.5280241300068298,-9.041329957130353,155.77377473341699,116.411781404423,747.984893058961,32.67421323268931,362.44,52.56757272,0.004911456350111789,24.557281750558946,319.07294901687516,0.5893589757944027,LUBRICATION,LUBRICATION_SYSTEM,0.4,0.6,True
13.83,13.83,AEROTWIN-4-001,TAKEOFF,0.95,3001.4945344078046,308.00202790730384,168.19174923960352,143.2691196794991,136.92659403989387,6.286259186270315,0.05626645333492686,-9.030356849512804,-1.5280005648319221,155.35547765867577,-1.5280005648319221,116.41439926511417,747.9966140192678,32.702000168891765,362.44,52.56757272,0.004911710278325732,24.558551391628658,319.07294901687516,0.5964579540649011,LUBRICATION,LUBRICATION_SYSTEM,0.4,0.6,True
13.84,13.84,AEROTWIN-4-001,TAKEOFF,0.95,3001.3232809866977,488.0916999717721,168.1914483373065,142.85668835633118,136.9290452300422,6.28631545272365,-0.3586723264346654,154.93197083231314,-9.019286813636025,-1.527997831172977,-1.527997831172977,116.41694212312672,748.0080534692465,32.72975801456333,362.44,52.56757272,0.0049117397249397055,24.55869862469853,319.07294901687516,0.6036722111782509,LUBRICATION,LUBRICATION_SYSTEM,0.4,0.6,True
13.85,13.85,AEROTWIN-4-001,TAKEOFF,0.95,3000.986307790865,668.171096830974,168.19336617259526,142.49362218440803,136.91342041500027,6.285956780397215,-0.7057550109894644,-1.52801525446168,154.55923654323587,-1.52801525446168,-9.009583849904498,116.4194393537054,748.0191335386526,32.75748577190818,362.44,52.56757272,0.0049115520075406665,24.557760037703332,319.07294901687516,0.6100468435115552,LUBRICATION,LUBRICATION_SYSTEM,0.4,0.6,True
13.86,13.86,AEROTWIN-4-001,TAKEOFF,0.95,3000.536160182288,128.2302752984258,168.19713796038786,142.22514234521918,136.88267826659097,6.285251025386226,-0.942786946758015,-1.5280495206721427,-1.5280495206721427,-9.002465712929547,154.28370709949303,116.4219150352573,748.0297921892395,32.78518261978257,362.44,52.56757272,0.0049111825760154975,24.55591288007749,319.07294901687516,0.6147864802395121,LUBRICATION,LUBRICATION_SYSTEM,0.4,0.6,True
13.870000000000001,13.870000000000001,AEROTWIN-4-001,TAKEOFF,0.95,3000.037611946886,308.262444909363,168.20217256828377,142.08176782967072,136.84161657376345,6.2843082384394675,-1.044156982532189,-8.998751758798143,-1.5280952594419899,154.13671010735283,-1.5280952594419899,116.42438529596562,748.0399914531581,32.812848014195325,362.44,52.56757272,0.004910688939755545,24.553444698777728,319.07294901687516,0.617350559438726,LUBRICATION,LUBRICATION_SYSTEM,0.4,0.6,True
13.88,13.88,AEROTWIN-4-001,TAKEOFF,0.95,2999.5585748159992,488.26470162617613,168.20774322384824,142.0761181082016,136.7961470475376,6.283264081456935,-1.0032930207929391,154.13118007603134,-8.998770231556842,-1.5281458681364557,-1.5281458681364557,116.426856864052,748.0497220719493,32.840481747526184,362.44,52.56757272,0.004910142054749644,24.55071027374822,319.07294901687516,0.6175102845005017,LUBRICATION,LUBRICATION_SYSTEM,0.4,0.6,True
13.89,13.89,AEROTWIN-4-001,TAKEOFF,0.95,2999.1610657689307,668.2382161151361,168.21309063745665,142.20218391434037,136.75246412724078,6.282260788436142,-0.8325410013365602,-1.5281944487062578,154.26090928776094,-1.5281944487062578,-9.002336476008056,116.42932693728183,748.0590041236431,32.868083960969486,362.44,52.56757272,0.004909616402163024,24.54808201081512,319.07294901687516,0.6153625204351739,LUBRICATION,LUBRICATION_SYSTEM,0.4,0.6,True
13.9,13.9,AEROTWIN-4-001,TAKEOFF,0.95,2998.893383953395,128.18788006127193,168.21752407522564,142.43701773186075,136.71622096788312,6.281428247434806,-0.5606314834571746,-1.5282347259222675,-1.5282347259222675,-9.008802606719879,154.50228979042515,116.43178430097097,748.0678837630245,32.89565511086798,362.44,52.56757272,0.004909180084487593,24.545900422437963,319.07294901687516,0.6113013152753047,LUBRICATION,LUBRICATION_SYSTEM,0.4,0.6,True
13.91,13.91,AEROTWIN-4-001,TAKEOFF,0.95,2998.784441552249,308.12148309847566,168.22050755510384,142.7445167861009,136.6918176015536,6.280867615951348,-0.22816843140405485,-9.017168226259619,-1.5282618304559896,154.8182086732725,-1.5282618304559896,116.43421146829238,748.0764266906432,32.923195895448785,362.44,52.56757272,0.004908886204273476,24.54443102136738,319.07294901687516,0.6059526326818714,LUBRICATION,LUBRICATION_SYSTEM,0.4,0.6,True
13.92,13.92,AEROTWIN-4-001,TAKEOFF,0.95,2998.840883945717,488.0485495916106,168.2217213275419,143.0807385486279,136.6818864286617,6.2806394475199445,0.11821267244624867,155.16351733675475,-9.026233073279696,-1.5282728574235984,-1.5282728574235984,116.43658750700484,748.084709355471,32.95070715334144,362.44,52.56757272,0.004908766584609038,24.543832923045194,319.07294901687516,0.6000819920215563,LUBRICATION,LUBRICATION_SYSTEM,0.4,0.6,True
13.93,13.93,AEROTWIN-4-001,TAKEOFF,0.95,2999.047257678082,667.9790026283536,168.22109251253733,143.40001745823747,136.68703166371657,6.280757660192391,0.43222813432851304,-1.5282671447195777,155.49131932133247,-1.5282671447195777,-9.03476757365584,116.43889115732483,748.0928091432752,32.97818974854176,362.44,52.56757272,0.004908828559904647,24.544142799523232,319.07294901687516,0.5944877519876882,LUBRICATION,LUBRICATION_SYSTEM,0.4,0.6,True
13.94,13.94,AEROTWIN-4-001,TAKEOFF,0.95,2999.3690819056133,127.92183808903849,168.21879273255718,143.6610622960989,136.70584532179976,6.281189888326719,0.6740270859724147,-1.5282462515121251,-1.5282462515121251,-9.041676710913102,155.75923151003624,116.44110383467205,748.1007948822696,33.00564445773725,362.44,52.56757272,0.00490905514420437,24.545275721021852,319.07294901687516,0.5898943779905068,LUBRICATION,LUBRICATION_SYSTEM,0.4,0.6,True
13.950000000000001,13.950000000000001,AEROTWIN-4-001,TAKEOFF,0.95,2999.758300056554,307.8839830033753,168.2152045013083,143.832226886868,136.73518638236249,6.281863915412692,0.8151765890928226,-9.04613590541396,-1.5282136528894235,155.93479009806083,-1.5282136528894235,116.44321214421656,748.1087189024581,33.03307187494452,362.44,52.56757272,0.00490940842347986,24.5470421173993,319.07294901687516,0.5868598415934154,LUBRICATION,LUBRICATION_SYSTEM,0.4,0.6,True
13.96,13.96,AEROTWIN-4-001,TAKEOFF,0.95,3000.160285692674,487.8694810067685,168.21086176004596,143.89527186523281,136.7706760257096,6.282679092001785,0.8419167475214246,155.99930370663068,-9.047683442118656,-1.5281741996395952,-1.5281741996395952,116.4452096068187,748.116611629921,33.060472345384206,362.44,52.56757272,0.004909835583106724,24.549177915533622,319.07294901687516,0.5857091479603507,LUBRICATION,LUBRICATION_SYSTEM,0.4,0.6,True
13.97,13.97,AEROTWIN-4-001,TAKEOFF,0.95,3000.5213948437195,667.8790981483289,168.2063730124608,143.8471609126487,136.80733466651984,6.283521008749306,0.7563052373795482,-1.5281334199409682,155.94968871256194,-1.5281334199409682,-9.046260960031313,116.44709740216986,748.1244793187554,33.08784593593485,362.44,52.56757272,0.004910276639114021,24.551383195570104,319.07294901687516,0.5865020697856614,LUBRICATION,LUBRICATION_SYSTEM,0.4,0.6,True
13.98,13.98,AEROTWIN-4-001,TAKEOFF,0.95,3000.7960232096393,127.91038183895205,168.2023376323221,143.69972742778705,136.8402698092389,6.284277313986685,0.5751803045614778,-1.5280967590277004,-1.5280967590277004,-9.042200439587031,155.79812138542948,116.44888406539732,748.1323050764339,33.11519244412037,362.44,52.56757272,0.0049106727454423975,24.553363727211988,319.07294901687516,0.5890380701007703,LUBRICATION,LUBRICATION_SYSTEM,0.4,0.6,True
13.99,13.99,AEROTWIN-4-001,TAKEOFF,0.95,3000.952242565307,307.9581432315304,168.19926672173042,143.47735762957245,136.86532008187118,6.284852494291246,0.3271850534100311,-9.03616232722175,-1.5280688601971109,155.56965767718845,-1.5280688601971109,116.45058421360079,748.1400528880415,33.142511442249514,362.44,52.56757272,0.00491097392608788,24.5548696304394,319.07294901687516,0.5928959818422843,LUBRICATION,LUBRICATION_SYSTEM,0.4,0.6,True
14.0,14.0,AEROTWIN-4-001,TAKEOFF,0.95,3000.9753328784345,488.01527778544886,168.19751911604004,143.21311059777815,136.87957067970683,6.2851796793446555,0.04836023872666839,155.2982512236339,-9.0290346590106,-1.5280529834225716,-1.5280529834225716,116.45221650950683,748.1476739555113,33.16980234881857,362.44,52.56757272,0.004911145224916797,24.555726124583988,319.07294901687516,0.5975012024837595,LUBRICATION,LUBRICATION_SYSTEM,0.4,0.6,True
14.01,14.01,AEROTWIN-4-001,TAKEOFF,0.95,3000.868851390344,668.0737977581549,168.19726076146256,142.9438908130737,136.88167708064333,6.285228039583383,-0.22301430715301773,-1.5280506363042252,155.02179924029184,-1.5280506363042252,-9.021807154609686,116.45380116990727,748.1551143921429,33.19706451617837,362.44,52.56757272,0.004911170542574133,24.555852712870667,319.07294901687516,0.60220972448715,LUBRICATION,LUBRICATION_SYSTEM,0.4,0.6,True
14.02,14.02,AEROTWIN-4-001,TAKEOFF,0.95,3000.6532331947033,128.1259288415755,168.19845207013114,142.70537883358458,136.87196350124498,6.28500502527623,-0.45158969293663187,-1.528061459191357,-1.528061459191357,-9.015436991717824,154.7769387436851,116.455357379646,748.1623231829352,33.22429732204525,362.44,52.56757272,0.004911053786406223,24.55526893203112,319.07294901687516,0.6063967064956237,LUBRICATION,LUBRICATION_SYSTEM,0.4,0.6,True
14.030000000000001,14.030000000000001,AEROTWIN-4-001,TAKEOFF,0.95,3000.3622464397286,308.16512283325767,168.20086361833006,142.5274073815943,136.85229518049167,6.284553435583294,-0.6094412344806726,-9.01072391025923,-1.5280833677988048,154.59429802745115,-1.5280833677988048,116.45690096903012,748.1692593461596,33.251500252723936,362.44,52.56757272,0.004910817337358096,24.55408668679048,319.07294901687516,0.6095375636434699,LUBRICATION,LUBRICATION_SYSTEM,0.4,0.6,True
14.040000000000001,14.040000000000001,AEROTWIN-4-001,TAKEOFF,0.95,3000.037886126989,488.1868576196414,168.20411646822933,142.4303594539867,136.82575411004987,6.283943994348813,-0.6793386504119736,154.49479630281272,-9.008211009776472,-1.5281129195247716,-1.5281129195247716,116.45844265618595,748.175897396694,33.278672967710975,362.44,52.56757272,0.004910498184742748,24.55249092371374,319.07294901687516,0.6112714450128481,LUBRICATION,LUBRICATION_SYSTEM,0.4,0.6,True
14.05,14.05,AEROTWIN-4-001,TAKEOFF,0.95,2999.7244561595967,668.1891307872608,168.20774016175272,142.42299051879306,136.79617205174642,6.283264655698401,-0.6564461886517687,-1.5281458403177093,154.48740615511244,-1.5281458403177093,-9.008123955683976,116.4599870588143,748.1822304844026,33.30581533831516,362.44,52.56757272,0.004910142355562606,24.550711777813035,319.07294901687516,0.6114399838725775,LUBRICATION,LUBRICATION_SYSTEM,0.4,0.6,True
14.06,14.06,AEROTWIN-4-001,TAKEOFF,0.95,2999.4626487802443,128.17259815683656,168.21123951109453,142.50187000912527,136.7675898927006,6.282608209509751,-0.548328093085094,-1.528177631459635,-1.528177631459635,-9.0103556620368,154.56858093408135,116.46153256112275,748.1882709177895,33.33292745663577,362.44,52.56757272,0.004909798444438608,24.54899222219304,319.07294901687516,0.6100978048095477,LUBRICATION,LUBRICATION_SYSTEM,0.4,0.6,True
14.07,14.07,AEROTWIN-4-001,TAKEOFF,0.95,2999.284386555613,308.1403570836512,168.21416082827463,142.6524259167949,136.743717565587,6.282059881416664,-0.3733515302087582,-9.014496749930682,-1.5282041712531829,154.72333100923194,-1.5282041712531829,116.46307200170385,748.1940481371792,33.36000961521144,362.44,52.56757272,0.004909511121432402,24.547555607162014,319.07294901687516,0.6074949672540929,LUBRICATION,LUBRICATION_SYSTEM,0.4,0.6,True
14.08,14.08,AEROTWIN-4-001,TAKEOFF,0.95,2999.209057307596,488.09742027698803,168.21614905008622,142.85138163283008,136.72746431105782,6.281686529886456,-0.15776920811418815,154.92773149728862,-9.019905396469628,-1.5282222339944576,-1.5282222339944576,116.46459404380008,748.1996045279878,33.38706226141659,362.44,52.56757272,0.004909315457322829,24.546577286614145,319.07294901687516,0.604034942023651,LUBRICATION,LUBRICATION_SYSTEM,0.4,0.6,True
14.09,14.09,AEROTWIN-4-001,TAKEOFF,0.95,2999.2415666984625,668.0499637154438,168.2169890105765,143.0702126440001,136.72059637430914,6.281528760678342,0.06808750901261273,-1.5282298649282544,155.15247717141267,-1.5282298649282544,-9.025804797556058,116.46608501212484,748.2049897250629,33.41408593378961,362.44,52.56757272,0.00490923276751808,24.5461638375904,319.07294901687516,0.6002145656326697,LUBRICATION,LUBRICATION_SYSTEM,0.4,0.6,True
14.1,14.1,AEROTWIN-4-001,TAKEOFF,0.95,2999.3723821682756,128.00445771735167,168.216626529421,143.27913643482046,136.7235603073401,6.281596848187355,0.2739792792929947,-1.528226571833243,-1.528226571833243,-9.031393256010354,155.3669828344973,116.46753093579744,748.210254224807,33.441081189546686,362.44,52.56757272,0.004909268453966357,24.546342269831786,319.07294901687516,0.596554443701369,LUBRICATION,LUBRICATION_SYSTEM,0.4,0.6,True
14.11,14.11,AEROTWIN-4-001,TAKEOFF,0.95,2999.5794761803945,307.96680064744817,168.21516769251375,143.45109479934683,136.73548728716364,6.281870827466649,0.4337366847165489,-9.035951233681702,-1.528213318486225,155.543472670001,-1.528213318486225,116.468919526137,748.2154431758304,33.46804853330844,362.44,52.56757272,0.004909412045919492,24.547060229597463,319.07294901687516,0.5935292513885491,LUBRICATION,LUBRICATION_SYSTEM,0.4,0.6,True
14.120000000000001,14.120000000000001,AEROTWIN-4-001,TAKEOFF,0.95,2999.8318299095176,487.94156921827187,168.21285742585889,143.56520293486054,136.75436995636323,6.282304564151365,0.5285284143459377,155.6605189711686,-9.03893137629074,-1.5281923300086717,-1.5281923300086717,116.47024183930783,748.2205911576548,33.49498835645638,362.44,52.56757272,0.004909639340937731,24.548196704688657,319.07294901687516,0.5915071417629525,LUBRICATION,LUBRICATION_SYSTEM,0.4,0.6,True
14.13,14.13,AEROTWIN-4-001,TAKEOFF,0.95,3000.0939634774863,667.9314790128429,168.21004096322554,143.60922548671138,136.7773811332195,6.282833092565711,0.5490112609261635,-1.528166742805292,155.7055799001766,-1.528166742805292,-9.04002092785463,116.47149342344235,748.2257185915317,33.52190089466006,362.44,52.56757272,0.004909916268366173,24.54958134183087,319.07294901687516,0.5907059974643645,LUBRICATION,LUBRICATION_SYSTEM,0.4,0.6,True
14.14,14.14,AEROTWIN-4-001,TAKEOFF,0.95,3000.3308423317153,127.93711682149217,168.20711384395545,143.58078616220092,136.8012861462169,6.2833821038266375,0.49611791215737533,-1.5281401503004979,-1.5281401503004979,-9.039170325660576,155.6762367884625,116.47267482231231,748.2308301825195,33.54878620828331,362.44,52.56757272,0.004910203878913377,24.551019394566886,319.07294901687516,0.5911717196106314,LUBRICATION,LUBRICATION_SYSTEM,0.4,0.6,True
14.15,14.15,AEROTWIN-4-001,TAKEOFF,0.95,3000.5124866868396,307.9569673613951,168.20446741186547,143.48720314654219,136.82288987705343,6.283878221738795,0.3804350477499634,-9.03658639559661,-1.5281161078028926,155.5800217577446,-1.5281161078028926,116.47379139492506,748.2359155032416,33.57564418704191,362.44,52.56757272,0.004910463737211201,24.552318686056005,319.07294901687516,0.5927805143996505,LUBRICATION,LUBRICATION_SYSTEM,0.4,0.6,True
14.16,14.16,AEROTWIN-4-001,TAKEOFF,0.95,3000.6176826916385,487.98771656260544,168.2024372156516,143.3440379426281,136.83945728859936,6.2842586567865455,0.22032199724218327,155.4329261953125,-9.032692925225318,-1.5280976637295327,-1.5280976637295327,116.47485250206081,748.2409515385264,33.60247457695261,362.44,52.56757272,0.004910662975086321,24.55331487543161,319.07294901687516,0.5952637242097111,LUBRICATION,LUBRICATION_SYSTEM,0.4,0.6,True
14.17,14.17,AEROTWIN-4-001,TAKEOFF,0.95,3000.636345779086,668.0247775241038,168.20126112769134,143.1726193182248,136.8490524604965,6.284478978783787,0.039087878944521925,-1.5280869791205927,155.2568584102212,-1.5280869791205927,-9.02806513375522,116.4758701943878,748.245906756931,33.629277024757286,362.44,52.56757272,0.004910778349074052,24.55389174537026,319.07294901687516,0.5982506987393182,LUBRICATION,LUBRICATION_SYSTEM,0.4,0.6,True
14.18,14.18,AEROTWIN-4-001,TAKEOFF,0.95,3000.5702922303444,128.06295827084898,168.2010524491578,142.99693063686152,136.85075479917867,6.2845180666627325,-0.13834222897988546,-1.5280850833027624,-1.5280850833027624,-9.023347435765443,155.0764482392325,116.47685760011782,748.2507460933417,33.65605113298488,362.44,52.56757272,0.004910798817021626,24.55399408510813,319.07294901687516,0.6013229702410273,LUBRICATION,LUBRICATION_SYSTEM,0.4,0.6,True
14.19,14.19,AEROTWIN-4-001,TAKEOFF,0.95,3000.4324015023412,308.09717580466963,168.20179098212108,142.84031188386732,136.84472982482856,6.2843797244337525,-0.2887976653949993,-9.019165675452285,-1.5280917927804278,154.91566114488046,-1.5280917927804278,116.47782724357398,748.2554361376783,33.68279651783239,362.44,52.56757272,0.004910726374461334,24.553631872306674,319.07294901687516,0.6040718688555465,LUBRICATION,LUBRICATION_SYSTEM,0.4,0.6,True
14.200000000000001,14.200000000000001,AEROTWIN-4-001,TAKEOFF,0.95,3000.2443661500192,488.1231198948101,168.20333239974195,142.72242336425606,136.83215275846715,6.284090926768357,-0.39382032097944375,154.79468041731175,-9.016045460330307,-1.5281057963626843,-1.5281057963626843,116.47878952490247,748.2599498348802,33.70951286214644,362.44,52.56757272,0.004910575136054414,24.55287568027207,319.07294901687516,0.6061517603167391,LUBRICATION,LUBRICATION_SYSTEM,0.4,0.6,True
14.21,14.21,AEROTWIN-4-001,TAKEOFF,0.95,3000.033400141599,668.1377818638113,168.2054336768727,142.6568538447575,136.8150029131179,6.283697106447378,-0.44184617480776556,-1.5281248861970975,154.72745081056866,-1.5281248861970975,-9.014347193416954,116.4797515570035,748.2642701030725,33.73619995686883,362.44,52.56757272,0.004910368876771467,24.55184438385734,319.07294901687516,0.6073221828573008,LUBRICATION,LUBRICATION_SYSTEM,0.4,0.6,True
14.22,14.22,AEROTWIN-4-001,TAKEOFF,0.95,2999.8283905924245,128.13978587230713,168.20779026187913,142.6496472113369,136.79576294679921,6.283255260272569,-0.4293709957348719,-1.52814629547096,-1.52814629547096,-9.014225921458475,154.7201657237373,116.4807164957918,748.2683919505564,33.76285772616652,362.44,52.56757272,0.004910137433818023,24.550687169090118,319.07294901687516,0.6074740389187561,LUBRICATION,LUBRICATION_SYSTEM,0.4,0.6,True
14.23,14.23,AEROTWIN-4-001,TAKEOFF,0.95,2999.6560229000834,308.1294893078526,168.2100793582225,142.69888734058904,136.77706750196154,6.282825889276835,-0.361006050649336,-9.015620475852222,-1.5281670916189365,154.77084199967913,-1.5281670916189365,116.4816834251024,748.2723228906178,33.78948623382239,362.44,52.56757272,0.0049099124944467,24.549562472233504,319.07294901687516,0.6066373342637404,LUBRICATION,LUBRICATION_SYSTEM,0.4,0.6,True
14.24,14.24,AEROTWIN-4-001,TAKEOFF,0.95,2999.537384697476,488.1088506818576,168.21200325559664,142.79533936881148,136.76134975608178,6.282464883226186,-0.24847527049648743,154.86998063716504,-9.018272128391748,-1.5281845699809113,-1.5281845699809113,116.48264778006026,748.2760816853096,33.81608567100516,362.44,52.56757272,0.00490972334651828,24.5486167325914,319.07294901687516,0.60497042931328,LUBRICATION,LUBRICATION_SYSTEM,0.4,0.6,True
14.25,14.25,AEROTWIN-4-001,TAKEOFF,0.95,2999.485467415628,668.0810937637061,168.21332706093207,142.92401308960615,136.75053198248332,6.282216407955689,-0.10873530083286376,-1.5281965965833422,155.00217509618415,-1.5281965965833422,-9.021768813411306,116.48360222341425,748.27969566519,33.84265632794751,362.44,52.56757272,0.004909593146162795,24.547965730813974,319.07294901687516,0.6027330906883805,LUBRICATION,LUBRICATION_SYSTEM,0.4,0.6,True
14.26,14.26,AEROTWIN-4-001,TAKEOFF,0.95,2999.503849084744,128.05022180864376,168.21390627270145,143.06640429994812,136.74579814952256,6.282107672654856,0.038498477770705364,-1.5282018586483055,-1.5282018586483055,-9.02560756930985,155.1484155865546,116.48453783629948,748.2831970453099,33.869198554044424,362.44,52.56757272,0.004909536165944934,24.54768082972467,319.07294901687516,0.6002475670036431,LUBRICATION,LUBRICATION_SYSTEM,0.4,0.6,True
14.27,14.27,AEROTWIN-4-001,TAKEOFF,0.95,2999.5866764391158,308.02045275372836,168.21370120569264,143.20309356259762,136.74747418612546,6.282146171132626,0.1734732053395307,-9.02926574164544,-1.5281999956407162,155.28875929552447,-1.5281999956407162,116.48544545295702,748.2866187687848,33.895712712199504,362.44,52.56757272,0.004909556340405405,24.547781702027027,319.07294901687516,0.5978532664971123,LUBRICATION,LUBRICATION_SYSTEM,0.4,0.6,True
14.280000000000001,14.280000000000001,AEROTWIN-4-001,TAKEOFF,0.95,2999.7198897265553,487.9956533400753,168.2127770851195,143.31634739486887,136.75502649374428,6.282319644337966,0.27900125678662224,155.40500149839363,-9.032270903278139,-1.5281916001233138,-1.5281916001233138,116.48631695992536,748.2899904466105,33.92219913373865,362.44,52.56757272,0.004909647242985238,24.54823621492619,319.07294901687516,0.5958612366749503,LUBRICATION,LUBRICATION_SYSTEM,0.4,0.6,True
14.290000000000001,14.290000000000001,AEROTWIN-4-001,TAKEOFF,0.95,2999.8834723623886,667.9788467236685,168.21129047770106,143.3923788116665,136.76717349474458,6.282598645594753,0.34260667132716804,-1.5281780944847472,155.48299532108092,-1.5281780944847472,-9.034260320444936,116.48714639350375,748.2933349238995,33.948658079836214,362.44,52.56757272,0.004909793433390363,24.548967166951815,319.07294901687516,0.5945144572187202,LUBRICATION,LUBRICATION_SYSTEM,0.4,0.6,True
14.3,14.3,AEROTWIN-4-001,TAKEOFF,0.95,3000.0543807582126,127.97185506541189,168.20946441822534,143.4229814101498,136.78209045071407,6.28294125226608,0.3579497071696425,-1.5281615049675865,-1.5281615049675865,-9.03502282591834,155.5143272460033,116.48793070229257,748.2966658961002,33.97508971423666,362.44,52.56757272,0.004909972933946644,24.549864669733225,319.07294901687516,0.593958973226053,LUBRICATION,LUBRICATION_SYSTEM,0.4,0.6,True
14.31,14.31,AEROTWIN-4-001,TAKEOFF,0.95,3000.209733787165,307.9751179109046,168.20755594348756,143.4063461301137,136.79767630515877,6.28329920197325,0.32537062298166575,-9.034518725037852,-1.5281441667182938,155.49715318858816,-1.5281441667182938,116.48867009001144,748.2999868404512,34.00149409029867,362.44,52.56757272,0.004910160452321725,24.550802261608627,319.07294901687516,0.5942292487239188,LUBRICATION,LUBRICATION_SYSTEM,0.4,0.6,True
14.32,14.32,AEROTWIN-4-001,TAKEOFF,0.95,3000.329825560005,487.9877019381345,168.20582060410788,143.34698856421522,136.8118443707464,6.283624572596231,0.2515196208725925,155.43612178516446,-9.032876418185982,-1.528128401381621,-1.528128401381621,116.48936791161347,748.303291341063,34.02787115331222,362.44,52.56757272,0.004910330885117668,24.55165442558834,319.07294901687516,0.595249051882341,LUBRICATION,LUBRICATION_SYSTEM,0.4,0.6,True
14.33,14.33,AEROTWIN-4-001,TAKEOFF,0.95,3000.4005696047975,668.0074914717347,168.20447877400954,143.25483921535485,136.8227971422002,6.283876092217105,0.14816598093755662,-1.528116211026521,155.34143903286707,-1.528116211026521,-9.03036739545919,116.49003015562134,748.3065646970621,34.0542207569502,362.44,52.56757272,0.004910462621890482,24.552313109452413,319.07294901687516,0.5968470073231298,LUBRICATION,LUBRICATION_SYSTEM,0.4,0.6,True
14.34,14.34,AEROTWIN-4-001,TAKEOFF,0.95,3000.4150782966553,128.03152564802258,168.2036881736883,143.14366063232555,136.82924944095834,6.284024258198042,0.030386933169171293,-1.528109028523557,-1.528109028523557,-9.02736384845749,155.22724253783014,116.49066459961226,748.3097865380375,34.0805426909049,362.44,52.56757272,0.004910540220896031,24.552701104480157,319.07294901687516,0.5987839951748866,LUBRICATION,LUBRICATION_SYSTEM,0.4,0.6,True
14.35,14.35,AEROTWIN-4-001,TAKEOFF,0.95,3000.3742123573793,308.0564303458219,168.20352601793851,143.02903796513434,136.83057274307822,6.284054645131212,-0.08558942307509732,-9.024285119116689,-1.5281075553592762,155.10953819496956,-1.5281075553592762,116.49127976636807,748.3129340509995,34.10683671545312,362.44,52.56757272,0.004910556135001848,24.55278067500924,319.07294901687516,0.6007881202147253,LUBRICATION,LUBRICATION_SYSTEM,0.4,0.6,True
14.36,14.36,AEROTWIN-4-001,TAKEOFF,0.95,3000.2860811202377,488.07888308726467,168.20398274226432,142.92623290185375,136.8268454775825,6.283969055708136,-0.18458163143689355,155.00399669344458,-9.021540382307926,-1.5281117046414554,-1.5281117046414554,116.49188382973239,748.3159853621634,34.133102598030696,362.44,52.56757272,0.004910511310108212,24.552556550541063,319.07294901687516,0.6025921987073379,LUBRICATION,LUBRICATION_SYSTEM,0.4,0.6,True
14.370000000000001,14.370000000000001,AEROTWIN-4-001,TAKEOFF,0.95,3000.164614075262,668.096047954479,168.20496758422124,142.84819194215953,136.81880745218317,6.2837844740766995,-0.25439998410033393,-1.528120651804876,154.9239084496829,-1.528120651804876,-9.019475203913602,116.49248361904634,748.3189226200179,34.159340146916975,362.44,52.56757272,0.004910414636876738,24.55207318438369,319.07294901687516,0.603968674575637,LUBRICATION,LUBRICATION_SYSTEM,0.4,0.6,True
14.38,14.38,AEROTWIN-4-001,TAKEOFF,0.95,3000.027439640466,128.1059247989947,168.2063246602062,142.80396202505355,136.8077294153706,6.2835300740925994,-0.28729746440965087,-1.5281329806669095,-1.5281329806669095,-9.018328876835595,154.87855686322294,116.49308385009412,748.3217343891212,34.18554923778155,362.44,52.56757272,0.004910281387547182,24.55140693773591,319.07294901687516,0.6047575221749596,LUBRICATION,LUBRICATION_SYSTEM,0.4,0.6,True
14.39,14.39,AEROTWIN-4-001,TAKEOFF,0.95,2999.8933847629587,308.10757117742264,168.20785682891287,142.79769827024955,136.79521937252437,6.28324277662819,-0.2807638789030067,-9.018207783643257,-1.5281469002239616,154.87219985434072,-1.5281469002239616,116.49368667299971,748.3244170749533,34.21172983000437,362.44,52.56757272,0.004910130894303684,24.55065447151842,319.07294901687516,0.6048838723920659,LUBRICATION,LUBRICATION_SYSTEM,0.4,0.6,True
14.4,14.4,AEROTWIN-4-001,TAKEOFF,0.95,2999.7799415556506,488.10117426320016,168.20935374771003,142.8283614948622,136.7829943798992,6.2829620127492865,-0.23759489778628673,154.9037601756421,-9.019077681699702,-1.5281604995400866,-1.5281604995400866,116.49429157998446,748.3269752415493,34.23788197117088,362.44,52.56757272,0.004909983810278769,24.549919051393843,319.07294901687516,0.6043636132404845,LUBRICATION,LUBRICATION_SYSTEM,0.4,0.6,True
14.41,14.41,AEROTWIN-4-001,TAKEOFF,0.95,2999.701033606344,668.0879707565392,168.2106201935142,142.8901094687469,136.7726494734628,6.2827244178515,-0.16526442256737806,-1.5281720050385006,154.9672285790483,-1.5281720050385006,-9.020775100224396,116.49489566574616,748.329420835463,34.264005789762365,362.44,52.56757272,0.004909859331012308,24.54929665506154,319.07294901687516,0.6032968523498716,LUBRICATION,LUBRICATION_SYSTEM,0.4,0.6,True
14.42,14.42,AEROTWIN-4-001,TAKEOFF,0.95,2999.665359276921,128.07003277291983,168.21150092859955,142.97329708670043,136.7654540740962,6.282559153428934,-0.07471614082470435,-1.5281800064042868,-1.5281800064042868,-9.023035396880388,155.0526924963894,116.4954941874376,748.3317714718363,34.290101477599684,362.44,52.56757272,0.004909772741164972,24.54886370582486,319.07294901687516,0.6018506850824464,LUBRICATION,LUBRICATION_SYSTEM,0.4,0.6,True
14.43,14.43,AEROTWIN-4-001,TAKEOFF,0.95,2999.675501208024,308.0499543295351,168.21189906379178,143.06592674013754,136.76220109201867,6.282484437288109,0.02124121083076158,-9.025532849984339,-1.5281836234116688,155.14782683694523,-1.5281836234116688,116.49608133537834,748.3340480533019,34.31616926486394,362.44,52.56757272,0.00490973359235814,24.548667961790706,319.07294901687516,0.6002340128187973,LUBRICATION,LUBRICATION_SYSTEM,0.4,0.6,True
14.44,14.44,AEROTWIN-4-001,TAKEOFF,0.95,2999.7278827228865,488.0304844020166,168.21178587998165,143.15533915197045,136.763125885287,6.28250567849894,0.10970758818451554,155.23963111303803,-9.027926770765172,-1.5281825951512067,-1.5281825951512067,116.49665110338661,748.3362720667728,34.342209391357905,362.44,52.56757272,0.004909744722150016,24.54872361075008,319.07294901687516,0.5986680599346564,LUBRICATION,LUBRICATION_SYSTEM,0.4,0.6,True
14.450000000000001,14.450000000000001,AEROTWIN-4-001,TAKEOFF,0.95,2999.8135373251343,668.0141573653898,168.21120126643007,143.2299123156455,136.76790235011288,6.282615386087124,0.17939457944549186,-1.5281772840117418,155.31617404754306,-1.5281772840117418,-9.029907163874068,116.49719814065058,748.3384629291276,34.36822207799118,362.44,52.56757272,0.004909802204622612,24.54901102311306,319.07294901687516,0.5973566468883439,LUBRICATION,LUBRICATION_SYSTEM,0.4,0.6,True
14.46,14.46,AEROTWIN-4-001,TAKEOFF,0.95,2999.9195519557534,128.00296960489788,168.2102451704175,143.2805443407553,136.7757130369398,6.28279478066657,0.22203652314893763,-1.528168598001555,-1.528168598001555,-9.031233930439418,155.36811546719784,116.49771847522923,748.3406357290387,34.39420750224661,362.44,52.56757272,0.004909896196044113,24.54948098022056,319.07294901687516,0.5964601472789143,LUBRICATION,LUBRICATION_SYSTEM,0.4,0.6,True
14.47,14.47,AEROTWIN-4-001,TAKEOFF,0.95,3000.030961738863,307.9981427222431,168.20906158425294,143.3017335477266,136.78538062643278,6.2830168171897185,0.23333610410409733,-9.03176484122271,-1.5281578452723863,155.38981407949404,-1.5281578452723863,116.49821002086217,748.3427996437938,34.42016578066755,362.44,52.56757272,0.004910012521757188,24.550062608785943,319.07294901687516,0.5960764118825547,LUBRICATION,LUBRICATION_SYSTEM,0.4,0.6,True
14.48,14.48,AEROTWIN-4-001,TAKEOFF,0.95,3000.1328240302705,488.00000042657484,168.20781749412106,143.29213061145919,136.79554057392363,6.283250153293823,0.21333988424173178,155.37989296119787,-9.031469263993857,-1.5281465428724008,-1.5281465428724008,116.49867281068244,748.3449572077299,34.44609696031399,362.44,52.56757272,0.004910134758547828,24.550673792739143,319.07294901687516,0.5962308768309723,LUBRICATION,LUBRICATION_SYSTEM,0.4,0.6,True
14.49,14.49,AEROTWIN-4-001,TAKEOFF,0.95,3000.212188346784,668.007969868391,168.20667977626147,143.25451390289143,136.80483017390165,6.283463493178065,0.16622023581171774,-1.5281362068509257,155.3412129510715,-1.5281362068509257,-9.030426634478227,116.49910893945412,748.3471044878353,34.47200101983938,362.44,52.56757272,0.004910246512099903,24.55123256049952,319.07294901687516,0.596876743132839,LUBRICATION,LUBRICATION_SYSTEM,0.4,0.6,True
14.5,14.5,AEROTWIN-4-001,TAKEOFF,0.95,3000.259706223969,128.020701169198,168.20579318162376,143.195219153072,136.8120682304067,6.283629713413876,0.09952120925141816,-1.5281281522518544,-1.5281281522518544,-9.028810653022068,155.28028611059779,116.499522235115,748.3492320992166,34.497877879527564,362.44,52.56757272,0.00491033357779489,24.551667888974453,319.07294901687516,0.5979047170315488,LUBRICATION,LUBRICATION_SYSTEM,0.4,0.6,True
14.51,14.51,AEROTWIN-4-001,TAKEOFF,0.95,3000.270685701328,308.03628354263617,168.20526228259325,143.12312656913872,136.81640197090877,6.283729234623128,0.022995363606820085,-9.026861945066853,-1.5281233291019547,155.2062351724095,-1.5281233291019547,116.49991771549128,748.3513268851178,34.523727418479695,362.44,52.56757272,0.004910385704532265,24.551928522661328,319.07294901687516,0.5991605379012642,LUBRICATION,LUBRICATION_SYSTEM,0.4,0.6,True
14.52,14.52,AEROTWIN-4-001,TAKEOFF,0.95,3000.2454789419344,488.0525246847158,168.20513960592814,143.04836265101292,136.81740333444623,6.283752229986735,-0.052792913420038445,155.1294603419615,-9.024853261748348,-1.528122214600117,-1.528122214600117,116.50030091236448,748.3533740068618,34.54954949630006,362.44,52.56757272,0.004910397748698816,24.551988743494082,319.07294901687516,0.6004675663536129,LUBRICATION,LUBRICATION_SYSTEM,0.4,0.6,True
14.530000000000001,14.530000000000001,AEROTWIN-4-001,TAKEOFF,0.95,3000.1891857112455,668.067253421232,168.20542124385204,142.98090357304315,136.81510440262258,6.283699437073315,-0.11790026665274489,-1.5281247732446925,155.06020520168877,-1.5281247732446925,-9.02305208215624,116.50067715916673,748.3553591476654,34.575343976187284,362.44,52.56757272,0.004910370097488173,24.551850487440863,319.07294901687516,0.6016511767972559,LUBRICATION,LUBRICATION_SYSTEM,0.4,0.6,True
14.540000000000001,14.540000000000001,AEROTWIN-4-001,TAKEOFF,0.95,3000.110746706143,128.07860456390665,168.20605016313968,142.9292696300852,136.8099703614021,6.283581536806662,-0.1642822681235545,-1.5281304868961116,-1.5281304868961116,-9.021685628420919,155.00721623229836,116.50105093888637,748.3572705342785,34.60111074632637,362.44,52.56757272,0.004910308343494422,24.55154171747211,319.07294901687516,0.6025616407577437,LUBRICATION,LUBRICATION_SYSTEM,0.4,0.6,True
14.55,14.55,AEROTWIN-4-001,TAKEOFF,0.95,3000.021577060675,308.0852493662752,168.20692638145064,142.89947753319007,136.80281674740206,6.283417254538539,-0.1867564687505352,-9.020912803132093,-1.5281384472275792,154.9766672307773,-1.5281384472275792,116.50142537583832,748.35910051951,34.62684973686989,362.44,52.56757272,0.004910222291614837,24.55111145807419,319.07294901687516,0.603092573120091,LUBRICATION,LUBRICATION_SYSTEM,0.4,0.6,True
14.56,14.56,AEROTWIN-4-001,TAKEOFF,0.95,2999.9339426949064,488.08654398991575,168.20792230158446,142.894374240946,136.7946847293445,6.283230498069789,-0.18354098646829176,154.97147570232875,-9.020806471313081,-1.5281474950348224,-1.5281474950348224,116.50180193132272,748.3608465395482,34.65256093051838,362.44,52.56757272,0.0049101244621977125,24.55062231098856,319.07294901687516,0.6031927579529642,LUBRICATION,LUBRICATION_SYSTEM,0.4,0.6,True
14.57,14.57,AEROTWIN-4-001,TAKEOFF,0.95,2999.8593052612086,668.0825805516101,168.20890090142046,142.9134196414194,136.7866929599269,6.283046957083321,-0.1563202755908213,-1.5281563854893716,154.99108039964253,-1.5281563854893716,-9.021347987244363,116.50218033281857,748.3625113515002,34.67824436564963,362.44,52.56757272,0.0049100283115227775,24.550141557613887,319.07294901687516,0.602870150546341,LUBRICATION,LUBRICATION_SYSTEM,0.4,0.6,True
14.58,14.58,AEROTWIN-4-001,TAKEOFF,0.95,2999.8068540880245,128.07413886728273,168.20973423120893,142.95292377948513,136.77988662290883,6.28289063680773,-0.10985348023143082,-1.5281639561840887,-1.5281639561840887,-9.022434131198974,155.0316858230523,116.50255873385619,748.3641025556818,34.70390013197321,362.44,52.56757272,0.004909946416415698,24.549732082078492,319.07294901687516,0.602187928023888,LUBRICATION,LUBRICATION_SYSTEM,0.4,0.6,True
14.59,14.59,AEROTWIN-4-001,TAKEOFF,0.95,2999.7824083531373,308.0625501125642,168.21031977611324,143.0066853526293,136.7751035967253,6.282780783327499,-0.051199027423510124,-9.023894929822369,-1.5281692757847742,155.0869188340212,-1.5281692757847742,116.50293407158419,748.3656315006847,34.72952835966532,362.44,52.56757272,0.004909888862515091,24.549444312575453,319.07294901687516,0.601253494188522,LUBRICATION,LUBRICATION_SYSTEM,0.4,0.6,True
14.6,14.6,AEROTWIN-4-001,TAKEOFF,0.95,2999.78781558926,488.0494946137525,168.21059265798704,143.06692889015997,136.7728744170075,6.282729584300076,0.011324888852395354,155.1487918330067,-9.025519433083216,-1.5281717548817522,-1.5281717548817522,116.5033025650502,748.3671117453189,34.75512920374613,362.44,52.56757272,0.00490986203788605,24.54931018943025,319.07294901687516,0.6002022118242996,LUBRICATION,LUBRICATION_SYSTEM,0.4,0.6,True
14.61,14.61,AEROTWIN-4-001,TAKEOFF,0.95,2999.820901783167,668.0367635491081,168.21053229945704,143.12540396703253,136.77336749536653,6.282740909188927,0.0692955624770697,-1.5281712065322148,155.2088319810879,-1.5281712065322148,-9.027085600990956,116.50366028196905,748.3685573012242,34.78070282599973,362.44,52.56757272,0.004909867971355395,24.549339856776975,319.07294901687516,0.5991782389426263,LUBRICATION,LUBRICATION_SYSTEM,0.4,0.6,True
14.620000000000001,14.620000000000001,AEROTWIN-4-001,TAKEOFF,0.95,2999.8759534146934,128.02601765609813,168.21016295902388,143.17449467103594,136.77638459883684,6.282810204751404,0.11529986744769882,-1.5281678511215417,-1.5281678511215417,-9.028390117312588,155.25922049059162,116.50400369658489,748.3699808980292,34.80624937694667,362.44,52.56757272,0.004909904277040536,24.549521385202684,319.07294901687516,0.5983151188288726,LUBRICATION,LUBRICATION_SYSTEM,0.4,0.6,True
14.63,14.63,AEROTWIN-4-001,TAKEOFF,0.95,2999.944642668541,308.0185748609798,168.20954836472265,143.2081927281467,136.78140478668453,6.282925504618852,0.1438624368433281,-9.029274199783455,-1.5281622676107949,155.29379146315173,-1.5281622676107949,116.50433016619549,748.3713924984705,34.83176898024522,362.44,52.56757272,0.004909964683771078,24.549823418855393,319.07294901687516,0.5977186918344755,LUBRICATION,LUBRICATION_SYSTEM,0.4,0.6,True
14.64,14.64,AEROTWIN-4-001,TAKEOFF,0.95,3000.0172526159745,488.0152534210922,168.20878142561054,143.22281201117116,136.78766872582463,6.283069367055695,0.1520739182908315,155.3087648455264,-9.029642234221477,-1.5281553000668948,-1.5281553000668948,116.50463826787917,748.3727982471524,34.857261721454826,362.44,52.56757272,0.0049100400516195256,24.55020025809763,319.07294901687516,0.5974544793536158,LUBRICATION,LUBRICATION_SYSTEM,0.4,0.6,True
14.65,14.65,AEROTWIN-4-001,TAKEOFF,0.95,3000.084026107111,668.0162885780508,168.20797059603396,143.21736187221228,136.79429035843225,6.283221440973987,0.139850072806043,-1.5281479337837292,155.30312891983928,-1.5281479337837292,-9.029471180059547,116.5049279578385,748.3741999706662,34.88272764241576,362.44,52.56757272,0.004910119717634476,24.55059858817238,319.07294901687516,0.59754100184231,LUBRICATION,LUBRICATION_SYSTEM,0.4,0.6,True
14.66,14.66,AEROTWIN-4-001,TAKEOFF,0.95,3000.1364540437403,128.02133014447736,168.20722483777033,143.19354598415717,136.80037987940437,6.283361291046792,0.1098048137060017,-1.5281411586651328,-1.5281411586651328,-9.028810003879935,155.27863830536737,116.5052005406718,748.3755952683025,34.90816674168874,362.44,52.56757272,0.004910192976633531,24.550964883167655,319.07294901687516,0.5979496350039819,LUBRICATION,LUBRICATION_SYSTEM,0.4,0.6,True
14.67,14.67,AEROTWIN-4-001,TAKEOFF,0.95,3000.168335651312,308.0295173871018,168.20663922772576,143.15540500697745,136.80516122836215,6.283471095860498,0.06677268275479609,-9.027769719852015,-1.5281358384726564,155.23944640377476,-1.5281358384726564,116.50545846147239,748.3769781526137,34.933578980671946,362.44,52.56757272,0.004910250494463748,24.55125247231874,319.07294901687516,0.5986107059187953,LUBRICATION,LUBRICATION_SYSTEM,0.4,0.6,True
14.68,14.68,AEROTWIN-4-001,TAKEOFF,0.95,3000.176481882836,488.03961752618056,168.20628308623785,143.10866811982032,136.80806882387017,6.283537868543252,0.017061427406897423,155.19143911811554,-9.026505792349813,-1.5281326029727158,-1.5281326029727158,116.50570495654001,748.3783401283632,34.958964294284044,362.44,52.56757272,0.004910285470274987,24.551427351374933,319.07294901687516,0.5994247114091813,LUBRICATION,LUBRICATION_SYSTEM,0.4,0.6,True
14.69,14.69,AEROTWIN-4-001,TAKEOFF,0.95,3000.160986867699,668.0502064391508,168.2061920830755,143.0599140094825,136.80881176332647,6.283554929970659,-0.032452683814636174,-1.5281317762206064,155.14137311714825,-1.5281317762206064,-9.025195555224547,116.50594361567414,748.3796715459611,34.9843226045612,362.44,52.56757272,0.004910294407003559,24.5514720350178,319.07294901687516,0.6002769143177904,LUBRICATION,LUBRICATION_SYSTEM,0.4,0.6,True
14.700000000000001,14.700000000000001,AEROTWIN-4-001,TAKEOFF,0.95,3000.1250532886665,128.0598656512127,168.20636517968035,143.01566197905186,136.8073986137016,6.283522477286844,-0.07525911193658175,-1.528133348781158,-1.528133348781158,-9.024013828497045,155.09594250511122,116.5061779183478,748.3809630373981,35.00965383522398,362.44,52.56757272,0.0049102774083359365,24.551387041679686,319.07294901687516,0.6010532155676063,LUBRICATION,LUBRICATION_SYSTEM,0.4,0.6,True
14.71,14.71,AEROTWIN-4-001,TAKEOFF,0.95,3000.074417155941,308.06736884853274,168.20676657720716,142.98151663932975,136.80412148953934,6.283447218174908,-0.10605206838449455,-9.023110013427816,-1.5281369954264332,155.0609006436104,-1.5281369954264332,116.50641080655336,748.382206841444,35.034957925249564,362.44,52.56757272,0.004910237987052355,24.551189935261775,319.07294901687516,0.6016551433255525,LUBRICATION,LUBRICATION_SYSTEM,0.4,0.6,True
14.72,14.72,AEROTWIN-4-001,TAKEOFF,0.95,3000.0164678185697,488.0718338778893,168.20733216126374,142.96147592430097,136.79950356657199,6.283341166106524,-0.1213688083775395,155.04034980918107,-9.02258961750935,-1.5281421336853658,-1.5281421336853658,116.50664434909852,748.383397849189,35.06023483972154,362.44,52.56757272,0.004910182434593754,24.550912172968772,319.07294901687516,0.6020120332301981,LUBRICATION,LUBRICATION_SYSTEM,0.4,0.6,True
14.73,14.73,AEROTWIN-4-001,TAKEOFF,0.95,2999.9591941334884,668.0728219470035,168.20797936043436,142.9574848600842,136.79421878831718,6.2832197972981465,-0.11995372553112027,-1.5281480134071876,155.0362833394934,-1.5281480134071876,-9.022502452594823,116.50687953715673,748.3845342463101,35.085484576678326,362.44,52.56757272,0.004910118856592776,24.55059428296388,319.07294901687516,0.6020889452726494,LUBRICATION,LUBRICATION_SYSTEM,0.4,0.6,True
14.74,14.74,AEROTWIN-4-001,TAKEOFF,0.95,2999.91010382485,128.07037359501282,168.20861893997963,142.9692810690932,136.78899572750723,6.283099843572615,-0.10281450198664377,-1.5281538239056864,-1.5281538239056864,-9.022838764772153,155.04842748167673,116.50711623138825,748.385617687638,35.11070716927217,362.44,52.56757272,0.004910056017469702,24.55028008734851,319.07294901687516,0.6018894964115253,LUBRICATION,LUBRICATION_SYSTEM,0.4,0.6,True
14.75,14.75,AEROTWIN-4-001,TAKEOFF,0.95,2999.875259198001,308.0649798245039,168.20916707683554,142.99453764048238,136.78451902723035,6.2829970290706285,-0.07297841581859643,-9.023533436345959,-1.5281588036590288,155.0743886841464,-1.5281588036590288,116.5073532598592,748.3866530042292,35.13590268320005,362.44,52.56757272,0.004910002155024122,24.55001077512061,319.07294901687516,0.6014534922508387,LUBRICATION,LUBRICATION_SYSTEM,0.4,0.6,True
14.76,14.76,AEROTWIN-4-001,TAKEOFF,0.95,2999.8585500884565,488.05749537638394,168.20955611535257,143.02927005357802,136.7813414801179,6.2829240506548105,-0.034995477194695646,155.1100720393269,-9.02447730970029,-1.5281623380242781,-1.5281623380242781,116.50758864620465,748.387647504494,35.16107120998946,362.44,52.56757272,0.004909963922038796,24.54981961019398,319.07294901687516,0.6008499232738906,LUBRICATION,LUBRICATION_SYSTEM,0.4,0.6,True
14.77,14.77,AEROTWIN-4-001,TAKEOFF,0.95,2999.8612880089454,668.0490083816914,168.20974266210564,143.06844110049903,136.7798177580589,6.282889055177616,0.005734287262516347,-1.5281640327777088,155.1503029392682,-1.5281640327777088,-9.025533773213736,116.50781993151276,748.3886099812053,35.18621285723631,362.44,52.56757272,0.004909945587789949,24.549727938949747,319.07294901687516,0.6001664669673664,LUBRICATION,LUBRICATION_SYSTEM,0.4,0.6,True
14.780000000000001,14.780000000000001,AEROTWIN-4-001,TAKEOFF,0.95,2999.8821593400703,128.04068566222804,168.2097120953637,143.10667503460803,136.78006743145525,6.282894789464879,0.04371281368790125,-1.5281637550827618,-1.5281637550827618,-9.026558140541518,155.1895606853151,116.50804454306521,748.3895495693932,35.21132773723776,362.44,52.56757272,0.004909948592016354,24.549742960081776,319.07294901687516,0.5994970393464244,LUBRICATION,LUBRICATION_SYSTEM,0.4,0.6,True
14.790000000000001,14.790000000000001,AEROTWIN-4-001,TAKEOFF,0.95,2999.917526462321,308.0336152226323,168.20947907776457,143.13898194403728,136.78197071413103,6.282938502278567,0.0740727276276818,-9.027417114380997,-1.5281616381476284,155.22272233471352,-1.5281616381476284,116.50826015933453,748.3904746127328,35.23641595560043,362.44,52.56757272,0.004909971493234088,24.54985746617044,319.07294901687516,0.5989291239617807,LUBRICATION,LUBRICATION_SYSTEM,0.4,0.6,True
14.8,14.8,AEROTWIN-4-001,TAKEOFF,0.95,2999.962020448788,488.02866681037153,168.20908419995564,143.16139647863093,136.78519591628188,6.283012575006194,0.09318798734286116,155.24571834342228,-9.028005763325014,-1.5281580507331576,-1.5281580507331576,116.5084650236157,748.3913916873269,35.261477601327385,362.44,52.56757272,0.00491001029933899,24.550051496694948,319.07294901687516,0.5985325575588045,LUBRICATION,LUBRICATION_SYSTEM,0.4,0.6,True
14.81,14.81,AEROTWIN-4-001,TAKEOFF,0.95,3000.0093331320163,668.0263880372988,168.20858738002278,143.1714506853837,136.7892534703554,6.283105762993537,0.0990914520347621,-1.5281535371875083,155.2560176700634,-1.5281535371875083,-9.02825991030469,116.50865816765096,748.3923049039074,35.286512739613684,362.44,52.56757272,0.004910059118481645,24.55029559240823,319.07294901687516,0.5983511834721249,LUBRICATION,LUBRICATION_SYSTEM,0.4,0.6,True
14.82,14.82,AEROTWIN-4-001,TAKEOFF,0.95,3000.0530943802737,128.02694802521978,168.2080590380101,143.1684263352174,136.7935681367469,6.283204854445572,0.09165334402491965,-1.528148737267789,-1.528148737267789,-9.02816254713557,155.25288635688855,116.50883952018346,748.3932155669378,35.31152140815793,362.44,52.56757272,0.004910111028739693,24.550555143698467,319.07294901687516,0.5983983396320872,LUBRICATION,LUBRICATION_SYSTEM,0.4,0.6,True
14.83,14.83,AEROTWIN-4-001,TAKEOFF,0.95,3000.0877146127104,308.0301336880362,168.2075703104602,143.15336394468298,136.79755899163524,6.283296507789596,0.07250844525814149,-9.027743741858147,-1.5281442972404053,155.23739628102194,-1.5281442972404053,116.50900989162594,748.394122218213,35.33650361728977,362.44,52.56757272,0.004910159041004674,24.550795205023373,319.07294901687516,0.5986565938798849,LUBRICATION,LUBRICATION_SYSTEM,0.4,0.6,True
14.84,14.84,AEROTWIN-4-001,TAKEOFF,0.95,3000.109083007244,488.0353965647988,168.20718363987444,143.12883913992673,136.80071626283427,6.283369016234855,0.04475386085759947,155.21219508601314,-9.027074377311369,-1.5281407843875092,-1.5281407843875092,116.50917084274556,748.3950210404489,35.36145935369299,362.44,52.56757272,0.004910197023297998,24.55098511648999,319.07294901687516,0.5990815548148416,LUBRICATION,LUBRICATION_SYSTEM,0.4,0.6,True
14.85,14.85,AEROTWIN-4-001,TAKEOFF,0.95,3000.1150363464612,668.0419415452335,168.2069449646377,143.09854743517664,136.8026650205815,6.283413770095713,0.012468644499442405,-1.5281386160534607,155.1810795087195,-1.5281386160534607,-9.026254841435946,116.50932446022723,748.3959065500122,35.38638858704158,362.44,52.56757272,0.004910220466397642,24.55110233198821,319.07294901687516,0.5996090528056816,LUBRICATION,LUBRICATION_SYSTEM,0.4,0.6,True
14.86,14.86,AEROTWIN-4-001,TAKEOFF,0.95,3000.105548020096,128.04884372602123,168.2068784667331,143.06676189096345,136.8032079564923,6.283426238740212,-0.01987230426905029,-1.5281380119284886,-1.5281380119284886,-9.025400390634799,155.14843830545522,116.50947307325447,748.3967724732676,35.41129127851945,362.44,52.56757272,0.004910226997700666,24.551134988503332,319.07294901687516,0.6001645735206069,LUBRICATION,LUBRICATION_SYSTEM,0.4,0.6,True
14.870000000000001,14.870000000000001,AEROTWIN-4-001,TAKEOFF,0.95,3000.0826262061773,308.055176607227,168.20698444953848,143.03774166701152,136.80234263538523,6.283406366435943,-0.04800733480965658,-9.024625260911964,-1.5281389747687424,155.11864487746098,-1.5281389747687424,116.5096189514615,748.397612682016,35.43616739000282,362.44,52.56757272,0.00491021658821364,24.551082941068202,319.07294901687516,0.6006735850117031,LUBRICATION,LUBRICATION_SYSTEM,0.4,0.6,True
14.88,14.88,AEROTWIN-4-001,TAKEOFF,0.95,3000.0499491587034,488.06013417959764,168.20724047355503,143.01517192260218,136.80025221169032,6.2833583591011335,-0.06843864818927603,155.0954821963863,-9.024027672355619,-1.5281413007142401,-1.5281413007142401,116.50976402513338,748.3984220619111,35.46101689266339,362.44,52.56757272,0.004910191440797737,24.550957203988688,319.07294901687516,0.6010713518547054,LUBRICATION,LUBRICATION_SYSTEM,0.4,0.6,True
14.89,14.89,AEROTWIN-4-001,TAKEOFF,0.95,3000.0122987195446,668.0631311291198,168.20760543785997,143.0017071828482,136.7972721577732,6.283289920452944,-0.07885489537792978,-1.528144616368347,155.08167407631163,-1.528144616368347,-9.02367766072672,116.50990966355471,748.3991972028599,35.485839773893254,362.44,52.56757272,0.0049101555902992325,24.550777951496165,319.07294901687516,0.6013109708600177,LUBRICATION,LUBRICATION_SYSTEM,0.4,0.6,True
14.9,14.9,AEROTWIN-4-001,TAKEOFF,0.95,2999.9748765978775,128.0638690522925,168.2080259195489,142.99867294212257,136.7938385849056,6.283211065557566,-0.07837670834058486,-1.5281484363907982,-1.5281484363907982,-9.023609211366422,155.0785790262706,116.51005653788675,748.3999368293825,35.51063604173119,362.44,52.56757272,0.0049101142824517375,24.550571412258687,319.07294901687516,0.6013686623188612,LUBRICATION,LUBRICATION_SYSTEM,0.4,0.6,True
14.91,14.91,AEROTWIN-4-001,TAKEOFF,0.95,2999.942599097421,308.06236164816517,168.20844382000524,143.0059567263758,136.79042587640095,6.283132688849226,-0.06760183887435733,-9.023817533787692,-1.5281522329630806,155.0860787260897,-1.5281522329630806,116.51020458241906,748.4006419271899,35.53540572634059,362.44,52.56757272,0.004910073224078631,24.550366120393154,319.07294901687516,0.6012457599779246,LUBRICATION,LUBRICATION_SYSTEM,0.4,0.6,True
14.92,14.92,AEROTWIN-4-001,TAKEOFF,0.95,2999.9194640328087,488.0589175940104,168.20880424430493,143.0220934865561,136.78748236556308,6.2830650870103515,-0.048453966017342864,155.10266609366298,-9.024261592363235,-1.5281555073718196,-1.5281555073718196,116.51035305434885,748.4013155643377,35.5601488784995,362.44,52.56757272,0.004910037809403365,24.55018904701683,319.07294901687516,0.600967302724434,LUBRICATION,LUBRICATION_SYSTEM,0.4,0.6,True
14.93,14.93,AEROTWIN-4-001,TAKEOFF,0.95,2999.908069492585,668.0540854359789,168.20906256596092,143.04452457230903,136.78537260850226,6.283016633044334,-0.02386466923756192,-1.528157854191078,155.12571158264848,-1.528157854191078,-9.024871301957303,116.51050067927214,748.401962445529,35.584865565457214,362.44,52.56757272,0.004910012425286163,24.550062126430817,319.07294901687516,0.6005775796727802,LUBRICATION,LUBRICATION_SYSTEM,0.4,0.6,True
14.94,14.94,AEROTWIN-4-001,TAKEOFF,0.95,2999.9093403065576,128.048569605534,168.209189790799,143.06998786656237,136.78433351162727,6.282992768375096,0.0026615865600083666,-1.5281590100124862,-1.5281590100124862,-9.02555820410842,155.15186409069574,116.5106458589843,748.4025882713162,35.60955586483975,362.44,52.56757272,0.004909999922893761,24.549999614468806,319.07294901687516,0.6001333613321826,LUBRICATION,LUBRICATION_SYSTEM,0.4,0.6,True
14.950000000000001,14.950000000000001,AEROTWIN-4-001,TAKEOFF,0.95,2999.9224881096247,308.04313002392746,168.20917560176972,143.09498152447708,136.78444940016456,6.282995429961657,0.027536694350859037,-9.026228035861973,-1.528158881106967,155.177527322553,-1.528158881106967,116.51078691121948,748.4031989960932,35.63421985750776,362.44,52.56757272,0.00491000131726931,24.55000658634655,319.07294901687516,0.599695817373746,LUBRICATION,LUBRICATION_SYSTEM,0.4,0.6,True
14.96,14.96,AEROTWIN-4-001,TAKEOFF,0.95,2999.9451989453223,488.03847931050495,168.20902880038335,143.11623681207237,136.78564838236053,6.283022966656007,0.047565463055831536,155.19934534152787,-9.02679343458526,-1.5281575474351174,-1.5281575474351174,116.51092230830173,748.4038000875236,35.65885762036217,362.44,52.56757272,0.004910015743367763,24.55007871683882,319.07294901687516,0.599322246750534,LUBRICATION,LUBRICATION_SYSTEM,0.4,0.6,True
14.97,14.97,AEROTWIN-4-001,TAKEOFF,0.95,2999.9740126871625,668.0351912472242,168.20877521415903,143.13113734654686,136.7877194546348,6.283070532119062,0.060347359792991995,-1.5281552436366508,155.2146329307838,-1.5281552436366508,-9.027185096963633,116.5110508834483,748.4043958848835,35.68346922004806,362.44,52.56757272,0.004910040661968586,24.55020330984293,319.07294901687516,0.5990587181527038,LUBRICATION,LUBRICATION_SYSTEM,0.4,0.6,True
14.98,14.98,AEROTWIN-4-001,TAKEOFF,0.95,3000.0048349756,128.033632008454,168.20845346710283,143.13803202203624,136.79034709260944,6.283130879478855,0.06455404994795,-1.5281523206057304,-1.5281523206057304,-9.02736000342059,155.2216966666683,116.51117197920964,748.4049891360559,35.70805470833923,362.44,52.56757272,0.004910072276210974,24.550361381054874,319.07294901687516,0.5989345476576242,LUBRICATION,LUBRICATION_SYSTEM,0.4,0.6,True
14.99,14.99,AEROTWIN-4-001,TAKEOFF,0.95,3000.0335077231266,308.03392210698996,168.2081092711951,143.13640542127447,136.7931579257531,6.283195433528803,0.06005206199257884,-9.0273057776504,-1.5281491936298601,155.22000958618463,-1.5281491936298601,116.51128552132978,748.4055807655011,35.732614119723046,362.44,52.56757272,0.004910106093548339,24.550530467741698,319.07294901687516,0.5989592542292473,LUBRICATION,LUBRICATION_SYSTEM,0.4,0.6,True
15.0,15.0,AEROTWIN-4-001,TAKEOFF,0.95,3000.0563600747096,488.03593257037755,168.2077890603985,143.1268900966458,136.79577275782162,6.283255485590795,0.04786185323339076,155.210223470453,-9.027040804695858,-1.5281462845556621,-1.5281462845556621,116.51139201189531,748.4061698925307,35.75714747138706,362.44,52.56757272,0.004910137551849966,24.550687759249833,319.07294901687516,0.5991222753039767,LUBRICATION,LUBRICATION_SYSTEM,0.4,0.6,True
