timestamp,simulation_time,engine_id,operating_mode,throttle,rpm,crank_angle,mean_torque,instant_torque,load_torque,friction_torque,net_torque,cylinder_1_torque,cylinder_2_torque,cylinder_3_torque,cylinder_4_torque,cht,egt,oil_temperature,oil_pressure,oil_pressure_psi,fuel_flow,fuel_flow_lph,fuel_pressure,vibration,gt_degradation_type,gt_target_component,gt_active_severity,gt_current_health,gt_is_degraded
0.0,0.0,AEROTWIN-4-001,IDLE,0.15,911.8385674849607,54.0,22.48604081632653,38.99093788192605,12.311344529918863,1.8849555921538759,24.794637759853313,-0.20428280949283495,-0.20428280949283495,-0.9916095872301798,40.39111308814191,25.07229836145782,617.1107142857143,24.999579506279403,367.3392958486187,53.278156791291956,0.0009648312881527473,4.824156440763737,322.42705098312484,0.3487540659949304,CYLINDER,CYLINDER_3,0.4,0.6,True
0.01,0.01,AEROTWIN-4-001,IDLE,0.15,920.0407078663113,108.71031404909765,22.552592204756767,31.72563355812699,12.637360684371448,1.909750229913729,17.178522643841813,-0.2048874203585373,-0.2048874203585373,-1.1643578529028515,33.29976625174692,25.14500990290639,614.298734386065,24.99916225844558,367.94820315773757,53.366471489591945,0.000967493737242941,4.837468686214705,322.42705098312484,0.2207092388654445,CYLINDER,CYLINDER_3,0.4,0.6,True
0.02,0.02,AEROTWIN-4-001,IDLE,0.15,914.1788527416952,163.91275652107632,22.59841130778195,2.5156216450286726,12.865733556405608,1.926928752557571,-12.277040663934505,-0.20530368105871488,-0.20530368105871488,-0.34133880600441957,3.267567813150522,25.217778890831255,611.5605691869275,24.99874735431772,368.36914623133896,53.42752423110094,0.0009693437219875613,4.846718609937807,322.42705098312484,0.411813817924278,CYLINDER,CYLINDER_3,0.4,0.6,True
0.03,0.03,AEROTWIN-4-001,IDLE,0.15,917.8674424435197,218.763487685578,22.565689782891464,22.34232884940827,12.702312931275312,1.9146517118936366,7.72536420623932,-0.9626696798363382,-0.20500641018341412,23.715011349611437,-0.20500641018341412,25.289280136979695,608.8883458941436,24.998331036006025,368.06838615570797,53.38390259125157,0.0009680211422278429,4.8401057111392145,322.42705098312484,0.06414215888452886,CYLINDER,CYLINDER_3,0.4,0.6,True
0.04,0.04,AEROTWIN-4-001,IDLE,0.15,925.7620218527713,273.8355342321892,22.58629403419653,31.26176952899588,12.805024002705077,1.922377076099876,16.534368450190925,-1.5355049942119867,-0.20519359717548963,33.20766171755885,-0.20519359717548963,25.360420330307218,606.2845090078373,24.997915857958304,368.25768515687554,53.41135813978291,0.0009688531206654086,4.8442656033270435,322.42705098312484,0.21213691065161486,CYLINDER,CYLINDER_3,0.4,0.6,True
0.05,0.05,AEROTWIN-4-001,IDLE,0.15,921.4604882716926,329.3812555433555,22.630231463202676,5.956043928240776,13.02624334868204,1.9389114445500668,-9.009110864991332,-0.7853483944891028,-0.205592763107482,7.152577848944843,-0.205592763107482,25.43158854032709,603.749151434864,24.997502970497095,368.6623260582174,53.47004644683173,0.0009706367241320805,4.853183620660403,322.42705098312484,0.3522925919161794,CYLINDER,CYLINDER_3,0.4,0.6,True
0.06,0.06,AEROTWIN-4-001,IDLE,0.15,921.9691851019551,384.66888483965704,22.60631845013153,15.900786739445545,12.905472255856143,1.9299023336850756,1.0654121499043263,16.913350114252083,-0.6428874452194556,-0.1643004131498155,-0.20537551643726937,25.501653915897514,601.2753342868231,24.997089069347716,368.44193459877886,53.43808131033769,0.0009696643928503099,4.84832196425155,322.42705098312484,0.17774381838328113,CYLINDER,CYLINDER_3,0.4,0.6,True
0.07,0.07,AEROTWIN-4-001,IDLE,0.15,935.8536758075553,439.9870359457743,22.609149791038025,43.93030232771992,12.919725248851657,1.9309677458349799,29.079609333033286,45.8170694846588,-1.517044927084736,-0.1643209910462886,-0.20540123880786076,25.571072023927464,598.8635805804105,24.996675460664285,368.46800867371957,53.44186304201894,0.0009697793183615126,4.848896591807564,322.42705098312484,0.4335286654524748,CYLINDER,CYLINDER_3,0.4,0.6,True
0.08,0.08,AEROTWIN-4-001,IDLE,0.15,935.4959208614628,496.1382564942276,22.686076699814667,14.52255437176153,13.311787223546393,1.960047355168013,-0.7492802069528763,15.964617097440689,-1.07108252776732,-0.16488008796081813,-0.20610010995102265,25.6410662867745,596.5180712126748,24.996265822755834,369.17857603536333,53.544922311017025,0.0009729224958012629,4.864612479006315,322.42705098312484,0.20358599301671573,CYLINDER,CYLINDER_3,0.4,0.6,True
0.09,0.09,AEROTWIN-4-001,IDLE,0.15,930.8882193918075,552.2680117459154,22.684103094314427,5.610562283407328,13.30161159978229,1.9592980749610602,-9.650347391336023,-0.20608217999706976,6.309930293831626,-0.16486574399765583,-0.3284200864295733,25.710326689732813,594.2310462555843,24.995856240252905,369.16029377653183,53.542270688760624,0.0009728413537079775,4.864206768539888,322.42705098312484,0.35950311869636525,CYLINDER,CYLINDER_3,0.4,0.6,True
0.1,0.1,AEROTWIN-4-001,IDLE,0.15,944.6964236443339,608.1213049094238,22.658643718454062,44.04038558341172,13.170902496505636,1.949647727569724,28.91983535933636,-0.20585088481837768,45.84360055494448,-0.16468070785470215,-1.4326833788596793,25.77847843519207,591.9992221932197,24.995445534371463,368.92470238149394,53.50810098400712,0.0009717970070269288,4.858985035134644,322.42705098312484,0.434791334191891,CYLINDER,CYLINDER_3,0.4,0.6,True
0.11,0.11,AEROTWIN-4-001,IDLE,0.15,947.5019878059306,664.8030903280838,22.73471550727395,21.419065470152127,13.56453806772502,1.9785675629290602,5.875959839498048,-0.20654198730592582,23.062806783240944,-0.16523358984474068,-1.2719657359381522,25.847187709006505,589.8291115342367,24.995038850514064,369.6300220616051,53.610399139771076,0.000974930663658771,4.874653318293856,322.42705098312484,0.08395185115387349,CYLINDER,CYLINDER_3,0.4,0.6,True
0.12,0.12,AEROTWIN-4-001,IDLE,0.15,940.0393704257214,1.6532095964396376,22.750089658619007,0.0,13.645225769376266,1.9844435227685582,-15.629669292144824,-0.20668165950771497,-0.20668165950771497,-0.03577652968697767,0.3189846347864128,25.915454130551932,587.7144560263691,24.994633120446203,369.7730767514397,53.63114750587531,0.0009755688202545296,4.877844101272649,322.42705098312484,0.45911954882456146,CYLINDER,CYLINDER_3,0.4,0.6,True
0.13,0.13,AEROTWIN-4-001,IDLE,0.15,952.4354176251943,58.055571821982916,22.70913414026527,41.362164381192194,13.431129984104835,1.9688138534764137,25.962220543610947,-0.2063095838532288,-0.2063095838532288,-1.050398432357211,42.82518198125586,25.98236775993248,585.6494686416066,24.994225429576684,369.39237283646685,53.57593097145548,0.0009738724473725885,4.869362236862943,322.42705098312484,0.3872485273952055,CYLINDER,CYLINDER_3,0.4,0.6,True
0.14,0.14,AEROTWIN-4-001,IDLE,0.15,958.2213153322847,115.20169687949458,22.7770569346113,27.900422838395645,13.787690943697704,1.9947760740200247,12.117955820677917,-0.2069266537665564,-0.2069266537665564,-1.1233813487408748,29.43765749466963,26.04970250427384,583.6414185331201,24.99382142642746,370.0244253131399,53.667602598567186,0.0009766921652601564,4.883460826300782,322.42705098312484,0.15076665708863682,CYLINDER,CYLINDER_3,0.4,0.6,True
0.15,0.15,AEROTWIN-4-001,IDLE,0.15,950.8012100206215,172.69497579943166,22.808574639191235,0.42197774274241984,13.955715936890535,2.0068940298407028,-15.540632223988817,-0.20721298808805597,-0.20721298808805597,-0.15808476068487406,0.9944884796034058,26.116862531371677,581.6860493477917,24.99341925602953,370.31887396352204,53.71030884192131,0.0009780115255044349,4.890057627522174,322.42705098312484,0.45300856514692117,CYLINDER,CYLINDER_3,0.4,0.6,True
0.16,0.16,AEROTWIN-4-001,IDLE,0.15,957.1626472115473,229.74304840066895,22.768133482214765,29.055133441775602,13.740417147301716,1.9913533976167137,13.323362896857173,-1.183912878977354,-0.20684558534100161,30.652737491434955,-0.20684558534100161,26.182688195421534,579.7763843469629,24.99301509172111,369.94119455053846,53.655530975221,0.0009763198887613304,4.881599443806652,322.42705098312484,0.1710921679573352,CYLINDER,CYLINDER_3,0.4,0.6,True
0.17,0.17,AEROTWIN-4-001,IDLE,0.15,961.8777539058783,287.1728072333618,22.80281654704976,25.80486881588787,13.924895687506135,2.0046767605135707,9.875296367868163,-1.4844387245238322,-0.20716067655622217,27.703628893524144,-0.20716067655622217,26.24839866705717,577.9171873013795,24.992612924080944,370.2650241922619,53.702498578797275,0.0009777699638015972,4.888849819007986,322.42705098312484,0.11375420449916102,CYLINDER,CYLINDER_3,0.4,0.6,True
0.18,0.18,AEROTWIN-4-001,IDLE,0.15,954.9556947176208,344.8854724677145,22.828431596009803,1.5794504594715266,14.062425264952342,2.014552056881439,-14.497526862362253,-0.40558260015022507,-0.20739338600514637,2.3998198316320445,-0.20739338600514637,26.313846995649595,576.1064909419475,24.99221229091173,370.50476943440304,53.73727074922695,0.0009788463593276842,4.894231796638421,322.42705098312484,0.4331862574011629,CYLINDER,CYLINDER_3,0.4,0.6,True
0.19,0.19,AEROTWIN-4-001,IDLE,0.15,962.3630918384878,402.1828141507718,22.790800232312897,31.37482657781194,13.860755796367657,2.0000545300190766,15.514016251425206,32.79027990771294,-1.0427606121327648,-0.1656412078969954,-0.20705150987124427,26.37803034768169,574.3380953947064,24.9918097910151,370.1527279443132,53.6862113555873,0.000977266612628767,4.8863330631438355,322.42705098312484,0.21138707793039996,CYLINDER,CYLINDER_3,0.4,0.6,True
0.2,0.2,AEROTWIN-4-001,IDLE,0.15,972.3497437916915,459.92459966108106,22.8310637677588,37.008183383103265,14.07661989673742,2.0155685462705017,20.915994940095345,38.91388491519093,-1.5323503939787857,-0.1659338391594996,-0.2074172989493745,26.442193043829224,572.6170843349124,24.99140961166119,370.5294336633159,53.74084799966001,0.000978957232254075,4.894786161270376,322.42705098312484,0.30944011637709473,CYLINDER,CYLINDER_3,0.4,0.6,True
0.21,0.21,AEROTWIN-4-001,IDLE,0.15,966.5774477682929,518.2655842885825,22.885040767809347,4.317304098274191,14.370288078033434,2.036484541210597,-12.089468520969842,5.26895696446531,-0.5774190546069488,-0.16632613848185304,-0.2079076731023163,26.506549511285865,570.9433785453075,24.99101255345968,371.0363919963823,53.814376222371294,0.0009812417901335145,4.906208950667573,322.42705098312484,0.3865125022179073,CYLINDER,CYLINDER_3,0.4,0.6,True
0.22,0.22,AEROTWIN-4-001,IDLE,0.15,971.4997149598877,576.2602311546801,22.85388489536616,26.53374516823025,14.200177796793595,2.0243950726896274,10.30917229874703,-0.20762462597957546,27.828472056518248,-0.16609970078366035,-0.9210025615247613,26.569752307140522,569.3090415592898,24.99061392896335,370.74349721064516,53.77189534843755,0.00097992057989887,4.899602899494351,322.42705098312484,0.12583761962247994,CYLINDER,CYLINDER_3,0.4,0.6,True
0.23,0.23,AEROTWIN-4-001,IDLE,0.15,982.6791768241612,634.5502140522734,22.88046012885368,39.79408844916199,14.345174028247904,2.034704244988374,23.41421017592571,-0.20786605858232235,41.72232913545926,-0.16629284686585788,-1.5540817808490943,26.632720042201083,567.7176725410046,24.99021692700998,370.9932821648455,53.80812365862486,0.0009810471030334783,4.905235515167392,322.42705098312484,0.35754537351764615,CYLINDER,CYLINDER_3,0.4,0.6,True
0.24,0.24,AEROTWIN-4-001,IDLE,0.15,977.6157692224951,693.510964661723,22.940500442647433,6.130568081880187,14.677225709065521,2.0581184551643,-10.604776082349632,-0.2084115171663748,7.202886824898046,-0.16672921373309985,-0.6971780121183845,26.695976829936285,566.1708789461185,24.98982346070523,371.55965679963964,53.890269502906136,0.0009836110396233457,4.918055198116729,322.42705098312484,0.3559982044509428,CYLINDER,CYLINDER_3,0.4,0.6,True
0.25,0.25,AEROTWIN-4-001,IDLE,0.15,980.7261059894498,32.16791081507279,22.91336155786185,23.088149772371192,14.526362001785992,2.04751367908195,6.51427409150325,-0.20816496386355968,-0.20816496386355968,-0.6649649981995803,24.16944469829789,26.758151965931063,564.6605851592751,24.989428609815025,371.30329464530917,53.85308724876635,0.0009824488603135048,4.912244301567524,322.42705098312484,0.06476164182206642,CYLINDER,CYLINDER_3,0.4,0.6,True
0.26,0.26,AEROTWIN-4-001,IDLE,0.15,992.6679334578961,91.01147717443978,22.930043072287773,41.683874751039845,14.618941834328117,2.0540279531734535,25.010904963538273,-0.20831651329199655,-0.20831651329199655,-1.2497043193859045,43.350212097009745,26.819940569447215,563.1893817185744,24.989034858591765,371.46080349044325,53.87593201664691,0.000983162581147585,4.915812905737925,322.42705098312484,0.3899694873777844,CYLINDER,CYLINDER_3,0.4,0.6,True
0.27,0.27,AEROTWIN-4-001,IDLE,0.15,988.102939395939,150.57155318191354,22.99377313382502,7.495262569994856,14.977124917674962,2.079038858136992,-9.560901205817098,-0.20889549276314148,-0.20889549276314148,-0.6158275590532414,8.52888111457438,26.882075136876807,561.7600762899491,24.98864493622153,372.06461843466155,53.96350812852644,0.000985908130490478,4.92954065245239,322.42705098312484,0.3332899302888511,CYLINDER,CYLINDER_3,0.4,0.6,True
0.28,0.28,AEROTWIN-4-001,IDLE,0.15,987.8876448993685,209.85772954566988,22.969470465939175,16.458256902028477,14.839690684286262,2.0694779569311748,-0.4509117391889599,-0.7791622064870964,-0.20867470612869374,17.65476852077296,-0.20867470612869374,26.94318162233436,560.3645470710129,24.98825375541114,371.8339709873733,53.93005548406664,0.0009848576053786107,4.924288026893054,322.42705098312484,0.1759015118848808,CYLINDER,CYLINDER_3,0.4,0.6,True
0.29,0.29,AEROTWIN-4-001,IDLE,0.15,995.7328496587282,269.130988239632,22.968322487503972,33.33321011656137,14.833224646094823,2.069027045191986,16.430958425274557,-1.5648020747838285,-0.20866427689119943,35.31534074512759,-0.20866427689119943,27.003631547409583,559.0038138134802,24.987862663089558,371.82308792430865,53.928477026365876,0.000984808090480755,4.9240404524037755,322.42705098312484,0.24333559880170633,CYLINDER,CYLINDER_3,0.4,0.6,True
0.3,0.3,AEROTWIN-4-001,IDLE,0.15,990.5196725231128,328.8749592191557,23.010048600222827,6.236758411885932,15.069753069009717,2.0854580036172603,-10.918452660741046,-0.8104205879557215,-0.20904335329709267,7.465265706435837,-0.20904335329709267,27.064088139855414,557.680461117997,24.987474162344842,372.2193550355124,53.98595081564065,0.000986614127843721,4.933070639218606,322.42705098312484,0.3556731975761751,CYLINDER,CYLINDER_3,0.4,0.6,True
0.31,0.31,AEROTWIN-4-001,IDLE,0.15,991.7201154047444,388.3061395705425,22.982345587325863,19.501111460441745,14.91237021749317,2.074539550956519,2.5142016919920565,20.61947674883053,-0.7425402734564277,-0.16703333996993694,-0.20879167496242118,27.12348672828787,556.3879580211284,24.987084193139175,371.95610350758517,53.947769340533135,0.0009854136079236722,4.927068039618361,322.42705098312484,0.12293542442441445,CYLINDER,CYLINDER_3,0.4,0.6,True
0.32,0.32,AEROTWIN-4-001,IDLE,0.15,1003.9818608234591,447.80934649482714,22.988733278209548,42.70653099406733,14.94853768967073,2.0770537526485113,25.68093955174809,44.64768850309033,-1.565228037649826,-0.16707976505474578,-0.20884970631843225,27.182359519654824,555.1282819772022,24.986694751446585,372.01674717546194,53.95656497683465,0.0009856899128161034,4.928449564080517,322.42705098312484,0.4071044247699405,CYLINDER,CYLINDER_3,0.4,0.6,True
0.33,0.33,AEROTWIN-4-001,IDLE,0.15,999.740687611138,508.0482581442347,23.053688335404313,8.540516176650144,15.320473888736435,2.1027346922002597,-8.882692404286551,9.748782001923484,-0.8312741587796775,-0.1675518517749613,-0.2094398147187016,27.241597458728325,553.905352868125,24.98630931444605,372.63534587782834,54.04628529542847,0.0009885169620678833,4.942584810339417,322.42705098312484,0.3163231198418208,CYLINDER,CYLINDER_3,0.4,0.6,True
0.34,0.34,AEROTWIN-4-001,IDLE,0.15,1000.6983063533285,568.032699400903,23.031281233041206,19.290793126176354,15.191309122776849,2.093851999795973,2.005632003603532,-0.20923624905497634,20.404937540888977,-0.16738899924398107,-0.7375191664136673,27.29986980120654,552.7111793411124,24.98592269153312,372.42155273981456,54.01527716627722,0.0009875381443742598,4.937690721871299,322.42705098312484,0.12769709014521888,CYLINDER,CYLINDER_3,0.4,0.6,True
0.35000000000000003,0.35000000000000003,AEROTWIN-4-001,IDLE,0.15,1012.8201948317482,628.0745977821027,23.036346099497926,42.70430706501506,15.220425572256817,2.0958576317995767,25.38802386095867,-0.20928226271998462,44.64974593127727,-0.1674258101759877,-1.568730793366245,27.35760304740996,551.5472705603074,24.985536525282054,372.46984113478703,54.02228081850724,0.0009877590624832579,4.938795312416289,322.42705098312484,0.4064513222068162,CYLINDER,CYLINDER_3,0.4,0.6,True
0.36,0.36,AEROTWIN-4-001,IDLE,0.15,1008.2739491672872,688.8438094720076,23.100179469824813,8.191013052934336,15.591402051197377,2.1212456556605357,-9.521634653923577,-0.20986218073829155,9.383092405618267,-0.16788974459063324,-0.8143274273550074,27.41568391615912,550.4176545940848,24.985154377333586,373.08029799732446,54.110820260935945,0.000990560048565229,4.952800242826145,322.42705098312484,0.32347128674936726,CYLINDER,CYLINDER_3,0.4,0.6,True
0.37,0.37,AEROTWIN-4-001,IDLE,0.15,1009.7460440566973,29.340246422044856,23.076299853728003,20.64661829885081,15.451745951205798,2.111724021006612,3.083148326638401,-0.20964523747532618,-0.20964523747532618,-0.6163505840787528,21.682259357880216,27.47278805602805,549.3143306360187,24.984770925835253,372.8515217823675,54.07763901627102,0.0009895085761219343,4.947542880609672,322.42705098312484,0.10496779076018022,CYLINDER,CYLINDER_3,0.4,0.6,True
0.38,0.38,AEROTWIN-4-001,IDLE,0.15,1021.5774325855033,89.92500906544669,23.08404016087994,42.391307802975994,15.49689844440039,2.1148071693332504,24.779602189242354,-0.20971555717741383,-0.20971555717741383,-1.2582922652994026,44.06903118263022,27.529400457714793,548.2392206747139,24.98438809998688,372.925623096968,54.08838652273805,0.0009898489196699107,4.949244598349553,322.42705098312484,0.4003619234120461,CYLINDER,CYLINDER_3,0.4,0.6,True
0.39,0.39,AEROTWIN-4-001,IDLE,0.15,1016.4481501825916,151.21965502057688,23.14597232511394,7.259029158781001,15.862186330708564,2.139586771522493,-10.742743943450057,-0.21027820298113878,-0.21027820298113878,-0.6074344719612449,8.287020036704524,27.58633178171213,547.1960590575255,24.984009255187512,373.520402169657,54.17465208988271,0.0009925887296699314,4.962943648349658,322.42705098312484,0.3408005313385978,CYLINDER,CYLINDER_3,0.4,0.6,True
0.4,0.4,AEROTWIN-4-001,IDLE,0.15,1016.6612728880477,212.20654403153236,23.119183382229576,18.278507114969766,15.7032999368748,2.128844027579043,0.446363150515924,-0.8395715710016537,-0.21003482885581082,19.53814834368304,-0.21003482885581082,27.642254451161996,546.1767782168799,24.983628896756716,373.26271666704037,54.1372778999542,0.0009913999712557492,4.956999856278746,322.42705098312484,0.14736285723226641,CYLINDER,CYLINDER_3,0.4,0.6,True
0.41000000000000003,0.41000000000000003,AEROTWIN-4-001,IDLE,0.15,1023.5310826177143,273.2062204048152,23.120298315594912,32.22727201622114,15.709885773304471,2.129290390729559,14.388095852187114,-1.5728713055990975,-0.21004495788306507,34.22023323758637,-0.21004495788306507,27.69759555867305,545.1830707355529,24.983248761632147,373.2734287212433,54.138831554871686,0.0009914493351329886,4.957246675664943,322.42705098312484,0.2220283680522694,CYLINDER,CYLINDER_3,0.4,0.6,True
0.42,0.42,AEROTWIN-4-001,IDLE,0.15,1016.9775666030897,334.61808536187806,23.156151345117223,4.340940219628888,15.92291357753275,2.143678486581746,-13.725651844485608,-0.6763153943320642,-0.21037067807807286,5.437996970117099,-0.21037067807807286,27.752871060217135,544.2171501454287,24.98287101983041,373.6184817738806,54.18887735952009,0.0009930418912743953,4.965209456371977,322.42705098312484,0.39209414421136735,CYLINDER,CYLINDER_3,0.4,0.6,True
0.43,0.43,AEROTWIN-4-001,IDLE,0.15,1021.0098635542037,395.63673935806344,23.121952684089514,26.294838126526884,15.719662305981338,2.1299528347372605,8.445222985808286,27.590872900915933,-0.9179267966917937,-0.16804799008766902,-0.21005998760958627,27.807053237109695,543.2725689203372,24.982491294703078,373.28932556803073,54.14113720173604,0.000991522600360534,4.95761300180267,322.42705098312484,0.11818969978519205,CYLINDER,CYLINDER_3,0.4,0.6,True
0.44,0.44,AEROTWIN-4-001,IDLE,0.15,1031.096313730629,456.89733117131567,23.14301262106078,39.10797567535455,15.844565767593696,2.138398057723069,21.125011850037787,41.05190088435238,-1.5654728429918716,-0.16820105155820084,-0.21025131444775105,27.860960874837733,542.3533303531377,24.982113036805735,373.4919013232233,54.17051838411766,0.0009924571181506433,4.962285590753217,322.42705098312484,0.34215168375391614,CYLINDER,CYLINDER_3,0.4,0.6,True
0.45,0.45,AEROTWIN-4-001,IDLE,0.15,1024.3548766473352,518.7631099951534,23.195441171104314,4.199455971215381,16.15916571198394,2.159523069573107,-14.119232810341662,5.151246425777283,-0.5724807365277103,-0.16858209690408502,-0.21072762113010626,27.915050971307426,541.4613955144796,24.981738252818268,373.99792867637314,54.243911579363804,0.0009947986845697107,4.973993422848554,322.42705098312484,0.39544802191465495,CYLINDER,CYLINDER_3,0.4,0.6,True
0.46,0.46,AEROTWIN-4-001,IDLE,0.15,1030.176491549514,580.2244025939935,23.16043948982782,30.286720738894427,15.9485551629895,2.145403836762765,12.192761739142163,-0.2104096353252,31.684550220091136,-0.16832770826016,-1.019092137611348,27.968050186363097,540.5888698594665,24.981361397501683,373.65982769584593,54.1948740893501,0.0009932330389989552,4.966165194994776,322.42705098312484,0.18755852896043515,CYLINDER,CYLINDER_3,0.4,0.6,True
0.47000000000000003,0.47000000000000003,AEROTWIN-4-001,IDLE,0.15,1038.8277330219503,642.0349920869644,23.19067487726826,36.40706234666277,16.130347978669153,2.157596598501907,18.11911776949171,-0.21068431995923095,38.331695908997375,-0.16854745596738477,-1.5454017864079934,28.02091343342368,539.7406523236439,24.98098661698038,373.95182325682924,54.237224541524,0.0009945849159028353,4.972924579514176,322.42705098312484,0.2942818452500112,CYLINDER,CYLINDER_3,0.4,0.6,True
0.48,0.48,AEROTWIN-4-001,IDLE,0.15,1031.107691500246,704.3646560682814,23.235385558712434,2.4093037753168876,16.402405212375214,2.1757157162713985,-16.168817153329726,-0.21109051079088342,3.215955417327349,-0.16887240863270675,-0.42668872258687107,28.07384893842505,538.9173479011336,24.98061487531186,374.3851361920825,54.30007138302726,0.000996597308186674,4.9829865409333705,322.42705098312484,0.4276706727469182,CYLINDER,CYLINDER_3,0.4,0.6,True
0.49,0.49,AEROTWIN-4-001,IDLE,0.15,1039.1746554664944,46.231117558296205,23.1955001092452,35.21447905609596,16.15952233488447,2.159546899118069,16.89540982209342,-0.2107281565755902,-0.2107281565755902,-0.9130463629212898,36.54898173216843,28.12563755623685,538.1113174999624,24.980240709895877,373.9984989273027,54.24399428741813,0.000994801329078274,4.97400664539137,322.42705098312484,0.2733506997919818,CYLINDER,CYLINDER_3,0.4,0.6,True
0.5,0.5,AEROTWIN-4-001,IDLE,0.15,1045.9453572726698,108.5815968862859,23.237172992310285,32.77032940671994,16.41336239516168,2.1764423089401626,14.180524702618095,-0.21110674939687607,-0.21110674939687607,-1.2006115523097136,34.39315445782341,28.177459310697124,537.3288951290918,24.97986939275529,374.40249733776176,54.30258940887429,0.0009966780917135447,4.983390458567724,322.42705098312484,0.2300533062060127,CYLINDER,CYLINDER_3,0.4,0.6,True
0.51,0.51,AEROTWIN-4-001,IDLE,0.15,1037.2935787972658,171.33831832264607,23.271972414106358,0.698320771261275,16.627940403495238,2.1906228336427804,-18.120242465876743,-0.21142289770022996,-0.21142289770022996,-0.1910413506177758,1.3122079172795107,28.229213762868298,536.5689350468385,24.979500514843856,374.74109413851204,54.35169881166151,0.0009982559994887357,4.991279997443678,322.42705098312484,0.45843484281591446,CYLINDER,CYLINDER_3,0.4,0.6,True
0.52,0.52,AEROTWIN-4-001,IDLE,0.15,1043.4827244455446,233.57593305048204,23.227476113309507,31.48901334247315,16.3539944175428,2.172502591176904,12.962516333753445,-1.2734624382155662,-0.21101865448938337,33.18451308966748,-0.21101865448938337,28.279771502983994,535.8242660615807,24.979128871907733,374.30834813556055,54.28893419688543,0.0009962401468325843,4.981200734162922,322.42705098312484,0.20775214194237243,CYLINDER,CYLINDER_3,0.4,0.6,True
0.53,0.53,AEROTWIN-4-001,IDLE,0.15,1044.8862179160158,296.1848965172147,23.25933391035484,21.674668014053857,16.549733055747858,2.185465107510657,2.9394698507953425,-1.4221689613484922,-0.21130807850750344,23.519453132417357,-0.21130807850750344,28.330228115491547,535.1008662919464,24.978759467085567,374.6179909237471,54.33384416759843,0.000997681799330633,4.988408996653165,322.42705098312484,0.09106458620016063,CYLINDER,CYLINDER_3,0.4,0.6,True
0.54,0.54,AEROTWIN-4-001,IDLE,0.15,1035.918145643091,358.8780695921757,23.266539414994913,0.0,16.59428206896037,2.1884045773614527,-18.782686646321824,-0.03104040763536596,-0.21137353959706168,0.04865600586107053,-0.21137353959706168,28.380235079406965,534.3961530137547,24.978390690783108,374.6881565087602,54.34402084371756,0.0009980090052699715,4.990045026349858,322.42705098312484,0.47053326272229873,CYLINDER,CYLINDER_3,0.4,0.6,True
0.55,0.55,AEROTWIN-4-001,IDLE,0.15,1047.7533653189466,421.0331583307611,23.22037790962002,43.26790096571764,16.31065295014259,2.169621890715131,24.787626124859916,45.031847188541015,-1.384228720035917,-0.16876333457220766,-0.21095416821525956,28.429053477673126,533.7052141079721,24.978019044326942,374.23948513275906,54.27894644468511,0.000995920045313182,4.9796002265659105,322.42705098312484,0.4139719768017812,CYLINDER,CYLINDER_3,0.4,0.6,True
0.56,0.56,AEROTWIN-4-001,IDLE,0.15,1049.493398515186,483.8983602498979,23.28123769636271,22.52420230817207,16.685475787126798,2.1944095168399906,3.6443170042052833,24.22159136593145,-1.3166763288678363,-0.16920565728512932,-0.21150707160641166,28.478184960742045,533.0366209118381,24.977651549974038,374.8314367677422,54.3648019259198,0.0009986777705294366,4.9933888526471835,322.42705098312484,0.07669041049175057,CYLINDER,CYLINDER_3,0.4,0.6,True
0.5700000000000001,0.5700000000000001,AEROTWIN-4-001,IDLE,0.15,1041.4910463206347,546.867964160809,23.290143750159825,2.178908464643559,16.74094187469339,2.198053833844196,-16.760087243894027,-0.2115879819679124,2.749532273141713,-0.1692703855743299,-0.18976544095591147,28.526901893756033,532.3854882741201,24.977284802048796,374.91835338801314,54.37740813869065,0.0009990838490698604,4.995419245349303,322.42705098312484,0.43293359374380347,CYLINDER,CYLINDER_3,0.4,0.6,True
0.58,0.58,AEROTWIN-4-001,IDLE,0.15,1054.239416380914,609.3574269400472,23.24909675526546,45.36803451138324,16.486616947038026,2.181293746600302,26.700123817744913,-0.2112150752607356,47.23063123867516,-0.1689720602085885,-1.4824095918225935,28.57452007575826,531.7472043728332,24.9769154875221,374.51838750585733,54.31939788707454,0.0009972176475358675,4.986088237679338,322.42705098312484,0.45036349562470673,CYLINDER,CYLINDER_3,0.4,0.6,True
0.59,0.59,AEROTWIN-4-001,IDLE,0.15,1053.24885284667,672.6117919229021,23.314381129210894,17.026058424387703,16.892695968699705,2.207993870418047,-2.0746314147300495,-0.2118081754616332,18.57642717607528,-0.16944654036930656,-1.1691140358566396,28.62251424756425,531.130341156247,24.976550673350815,375.15527601108613,54.41177092209591,0.0010001922635451193,5.000961317725596,322.42705098312484,0.17365488097176712,CYLINDER,CYLINDER_3,0.4,0.6,True
0.6,0.6,AEROTWIN-4-001,IDLE,0.15,1048.248425838183,15.806723093702203,23.309328992109982,8.594015524955687,16.860966122402232,2.205919239003317,-10.472869836449862,-0.21176227744119697,-0.21176227744119697,-0.34609556528730384,9.363635645125385,28.669910779684823,530.5284749928466,24.976185671119044,375.10584443039977,54.404601464496324,0.0009999608227242625,4.9998041136213125,322.42705098312484,0.32110165685098985,CYLINDER,CYLINDER_3,0.4,0.6,True
0.61,0.61,AEROTWIN-4-001,IDLE,0.15,1061.0433090032946,78.70162864399317,23.283772663301523,45.69423419888172,16.70124719301185,2.195446369166867,26.79754063670301,-0.21153010145735174,-0.21153010145735174,-1.2445841778675277,47.36187857966395,28.7164384003137,529.9395124433846,24.975819108280632,374.85616853526267,54.36838897201743,0.0009987932883772583,4.9939664418862915,322.42705098312484,0.4556380739617012,CYLINDER,CYLINDER_3,0.4,0.6,True
0.62,0.62,AEROTWIN-4-001,IDLE,0.15,1057.3689999204184,142.36422718419084,23.34898927796029,11.638234063442821,17.111445101493633,2.22224390980357,-7.6954549478543814,-0.21212258607378234,-0.21212258607378234,-0.7771828513686629,12.839662086959049,28.763342206397965,529.3707574790157,24.975457105456965,375.4945566971282,54.460979514238076,0.001001783358089507,5.008916790447536,322.42705098312484,0.26872368037953315,CYLINDER,CYLINDER_3,0.4,0.6,True
0.63,0.63,AEROTWIN-4-001,IDLE,0.15,1054.746737390392,205.80636717941593,23.33032010027451,13.715633790880853,16.993139136101796,2.2145484548557155,-5.4920538000766586,-0.6920230017074739,-0.21195297897844154,14.83156275054521,-0.21195297897844154,28.80947351962189,528.8146466848633,24.975093981092996,375.3113890225801,54.43441324105697,0.0010009238168363695,5.004619084181848,322.42705098312484,0.23194716390817724,CYLINDER,CYLINDER_3,0.4,0.6,True
0.64,0.64,AEROTWIN-4-001,IDLE,0.15,1061.781213325916,269.09117142283947,23.31696726117483,33.850986432570814,16.90895808425055,2.209056401055639,14.732971947264625,-1.588537663358523,-0.21183167014029305,35.86318743620992,-0.21183167014029305,28.854916164732266,528.2713148337662,24.974730103305383,375.1805889921733,54.41544226624683,0.0010003108169280674,5.001554084640338,322.42705098312484,0.24796767035700942,CYLINDER,CYLINDER_3,0.4,0.6,True
0.65,0.65,AEROTWIN-4-001,IDLE,0.15,1054.9087945738738,332.7980442223944,23.352732831657704,4.965482940171012,17.13525374304044,2.2237893730029037,-14.393560175872333,-0.7273708587294546,-0.21215659578109552,6.117166990462658,-0.21215659578109552,28.900338224223162,527.7445810543473,24.974368814946864,375.53132659543394,54.46631254674855,0.0010019560631729528,5.009780315864765,322.42705098312484,0.3855815181414888,CYLINDER,CYLINDER_3,0.4,0.6,True
0.66,0.66,AEROTWIN-4-001,IDLE,0.15,1058.6330228716977,396.0925718968269,23.317793176555217,26.923555777044378,16.914154457060842,2.2093958128270312,7.800005507156504,28.240811372706375,-0.935945083405088,-0.1694713387808478,-0.21183917347605974,28.944791262100182,527.2280702970918,24.974005296376042,375.1886743858114,54.416614955569315,0.0010003486901447416,5.0017434507237075,322.42705098312484,0.1267273667110416,CYLINDER,CYLINDER_3,0.4,0.6,True
0.67,0.67,AEROTWIN-4-001,IDLE,0.15,1067.5852360196122,459.61055326912873,23.336747977507823,38.00045922445206,17.033792033545776,2.2171958183341873,18.749471372572096,39.9498486507912,-1.5677689505789976,-0.16960910033784593,-0.2120113754223074,28.989005794813853,526.7260684066096,24.97364321860303,375.3744160669492,54.443554557518176,0.0010012194334470801,5.0060971672354,322.42705098312484,0.32033785143925225,CYLINDER,CYLINDER_3,0.4,0.6,True
0.68,0.68,AEROTWIN-4-001,IDLE,0.15,1059.5024657562008,523.6656674303055,23.382110986849778,2.6305297243649024,17.323098888116792,2.2359452897067595,-16.92851445345865,3.4609597349398435,-0.4480677239496369,-0.16993879405569048,-0.21242349256961313,29.033334012955006,526.240453226167,24.9732844170628,375.82036419440914,54.50823398202871,0.00100331547026174,5.0165773513087,322.42705098312484,0.4271086504955309,CYLINDER,CYLINDER_3,0.4,0.6,True
0.6900000000000001,0.6900000000000001,AEROTWIN-4-001,IDLE,0.15,1067.4720930993426,587.2358153756775,23.34116604431761,35.972348080913484,17.06178283028451,2.219016775253301,16.691548475375672,-0.21205151299511546,37.52162999834997,-0.16964121039609237,-1.1675891940452796,29.076628698962857,525.7635143808369,24.972922943700944,375.41775971932043,54.449841034170795,0.0010014228183578859,5.00711409178943,322.42705098312484,0.28479114043565396,CYLINDER,CYLINDER_3,0.4,0.6,True
0.7000000000000001,0.7000000000000001,AEROTWIN-4-001,IDLE,0.15,1072.9240511916732,651.2841409616381,23.381539427962263,30.97368992171473,17.319427270956268,2.2357083237286766,11.418554327029785,-0.21241830003010445,32.84051498757444,-0.16993464002408357,-1.48447212580552,29.11997511703705,525.3019145612157,24.972564406760874,375.8147327387732,54.50741720696619,0.0010032889534693323,5.016444767346662,322.42705098312484,0.19681565408408727,CYLINDER,CYLINDER_3,0.4,0.6,True
0.71,0.71,AEROTWIN-4-001,IDLE,0.15,1063.4970243596474,715.6595840331385,23.409029510595,0.0,17.496791949068534,2.247126878055706,-19.74391882712424,-0.21266804392051528,0.4662568173721261,-0.17013443513641222,-0.12071375393652244,29.163201501621614,524.8541912905531,24.972207943131135,376.0859572785664,54.546755071768715,0.0010045674532317781,5.0228372661588905,322.42705098312484,0.473753926879807,CYLINDER,CYLINDER_3,0.4,0.6,True
0.72,0.72,AEROTWIN-4-001,IDLE,0.15,1074.8321890555867,59.46940549471731,23.36143010131351,43.15837512829343,17.190678745069402,2.2273829592285823,23.740313423995445,-0.2122356093653328,-0.2122356093653328,-1.0968650717722195,44.67971141879631,29.20532358445828,524.4136209473005,24.971848314861283,375.61680600229545,54.47871030896093,0.0010023577550978486,5.011788775489243,322.42705098312484,0.41029583496180355,CYLINDER,CYLINDER_3,0.4,0.6,True
0.73,0.73,AEROTWIN-4-001,IDLE,0.15,1076.2784124778848,123.95933683805251,23.41862603673427,22.839168026049485,17.559081500769448,2.2511232726525776,3.0289632526274595,-0.21275522713507555,-0.21275522713507555,-1.0587988032964242,24.32347728361606,29.247722720032733,523.9889227903561,24.971492831240482,376.18081833494597,54.56051352966389,0.0010050152769966005,5.025076384983003,322.42705098312484,0.07428660785592282,CYLINDER,CYLINDER_3,0.4,0.6,True
0.74,0.74,AEROTWIN-4-001,IDLE,0.15,1067.938310012788,188.5360415867256,23.42589092003492,2.393048458184698,17.606365978635246,2.254152235905205,-17.467469756355754,-0.2369203320565855,-0.21282122767218287,3.055611245585649,-0.21282122767218287,29.289742566076246,523.5754618973734,24.97113801239423,376.2526933654423,54.57093814033703,0.0010053548170934875,5.026774085467437,322.42705098312484,0.43225892946400235,CYLINDER,CYLINDER_3,0.4,0.6,True
0.75,0.75,AEROTWIN-4-001,IDLE,0.15,1075.9246317934962,252.61234018749286,23.38389430425575,36.29775703471878,17.334559044918883,2.236684766148849,16.726513223651047,-1.520491507304372,-0.21243969378052818,38.24312792958421,-0.21243969378052818,29.330749872067248,523.1687631970874,24.970780393622924,375.83793695726825,54.51078270040827,0.0010033982228583034,5.016991114291517,322.42705098312484,0.28995780881158834,CYLINDER,CYLINDER_3,0.4,0.6,True
0.76,0.76,AEROTWIN-4-001,IDLE,0.15,1071.7866564927167,317.16781809510263,23.424114438074955,11.181649270817184,17.594793195221122,2.2534112793725005,-8.666555203776438,-1.0850718425461825,-0.21280508856042196,12.692331290484212,-0.21280508856042196,29.3718176175462,522.7756546736431,24.97042575203124,376.2351128071985,54.56838829133046,0.0010052717476602736,5.026358738301369,322.42705098312484,0.2784180034470107,CYLINDER,CYLINDER_3,0.4,0.6,True
0.77,0.77,AEROTWIN-4-001,IDLE,0.15,1068.836451763469,381.4750174846656,23.403303146223617,13.525565695883106,17.459715307707707,2.244744724168724,-6.178894335993325,14.49205780317942,-0.5837832701597555,-0.17009281650513708,-0.21261602063142135,29.412159433582367,522.3906004452989,24.97006979302392,376.0293968551376,54.538551661075445,0.0010043006049218041,5.021503024609021,322.42705098312484,0.23692644583445902,CYLINDER,CYLINDER_3,0.4,0.6,True
0.78,0.78,AEROTWIN-4-001,IDLE,0.15,1080.5595202324625,445.60520459047376,23.38842868580399,44.15503123293681,17.363728216624143,2.2385658298327304,24.552737186479934,46.1264178373954,-1.588921005954405,-0.16998471044630595,-0.21248088805788243,29.451862633179477,522.0139081992079,24.969712942359173,375.88263292354446,54.51726531396504,0.0010036087560481351,5.018043780240676,322.42705098312484,0.42740425511300784,CYLINDER,CYLINDER_3,0.4,0.6,True
0.79,0.79,AEROTWIN-4-001,IDLE,0.15,1074.6285132848684,510.43877580442154,23.44735317934545,7.587956735379122,17.746710071661248,2.2631185670192107,-12.421871903301335,8.759577802108154,-0.7881918895256661,-0.17041296764594072,-0.2130162095574259,29.49187132405534,521.6516574314702,24.969360409296375,376.46534460388233,54.601780650657886,0.0010063605457185751,5.031802728592876,322.42705098312484,0.34183668932163525,CYLINDER,CYLINDER_3,0.4,0.6,True
0.8,0.8,AEROTWIN-4-001,IDLE,0.15,1077.5790165587136,574.9164866015136,23.417602309956337,25.98264370190307,17.552427400450668,2.2506966951159093,6.179519606336491,-0.2127459267080214,27.27887566491957,-0.17019674136641713,-0.9132892949420653,29.531054180556858,521.2959210728055,24.9690059104771,376.1706944160337,54.5590451767127,0.0010049674671588345,5.024837335794172,322.42705098312484,0.10902895629659655,CYLINDER,CYLINDER_3,0.4,0.6,True
0.81,0.81,AEROTWIN-4-001,IDLE,0.15,1086.3032696608625,639.5712275950365,23.432418007404404,38.17785289522789,17.64894371132628,2.256876214722246,18.272032969179367,-0.21288052542746738,40.13541651126738,-0.1703044203419739,-1.5743786702700429,29.569985351417376,520.9503426245105,24.968652613477452,376.3173148483103,54.58031071096923,0.001005660259989101,5.028301299945506,322.42705098312484,0.3222635987441883,CYLINDER,CYLINDER_3,0.4,0.6,True
0.8200000000000001,0.8200000000000001,AEROTWIN-4-001,IDLE,0.15,1077.762298382645,704.7494237746882,23.476046496324418,2.322857770104638,17.9358779371927,2.2751482476914253,-17.88816841477949,-0.2132768846782269,3.1275102679721924,-0.17062150774258153,-0.4207541054467463,29.60902995065855,520.6171426030381,24.96830259831157,376.75038375541334,54.64312215911764,0.001007711334634358,5.038556673171791,322.42705098312484,0.43463045324365285,CYLINDER,CYLINDER_3,0.4,0.6,True
0.8300000000000001,0.8300000000000001,AEROTWIN-4-001,IDLE,0.15,1086.3110766961495,49.41516167764689,23.433337328499654,37.81672743246895,17.654947921943673,2.2572600792766457,17.904519431248634,-0.21288887734222628,-0.21288887734222628,-0.970062431179643,39.21256761833305,29.64709909446242,520.2886121658405,24.967949666291737,376.32642008791646,54.581631316711224,0.0010057033100727324,5.028516550363662,322.42705098312484,0.31593265218862643,CYLINDER,CYLINDER_3,0.4,0.6,True
0.84,0.84,AEROTWIN-4-001,IDLE,0.15,1090.5850870664378,114.59382627941585,23.47608541776039,29.16276672677294,17.93613574095531,2.275164598707894,8.951466387109734,-0.21327723827450268,-0.21327723827450268,-1.1635735901906692,30.752894793512617,29.68527474335534,519.9719587517071,24.967599955345623,376.7507709816765,54.6431783216404,0.0010077131717839542,5.038565858919771,322.42705098312484,0.16396678113652877,CYLINDER,CYLINDER_3,0.4,0.6,True
0.85,0.85,AEROTWIN-4-001,IDLE,0.15,1080.8631075694664,180.02893150340213,23.497360932990233,0.0,18.077550178928917,2.284116065095004,-20.361666244023922,-0.000808439509447361,-0.21347052361361868,0.0006103949956433231,-0.21347052361361868,29.723285927418683,519.6650533916572,24.967251941858475,376.9626769979883,54.673912746434226,0.0010087193873114728,5.043596936557364,322.42705098312484,0.47576760202690105,CYLINDER,CYLINDER_3,0.4,0.6,True
0.86,0.86,AEROTWIN-4-001,IDLE,0.15,1088.2568558569546,244.8807179575701,23.448872684058802,35.50586808536337,17.756683484868965,2.26375439885098,15.485430201643423,-1.4466218349385978,-0.2130300140637157,37.3785499484294,-0.2130300140637157,29.760266103840394,519.361654102967,24.966900568228585,376.4804179928289,54.60396686484392,0.0010064319004480238,5.032159502240119,322.42705098312484,0.2753027059388061,CYLINDER,CYLINDER_3,0.4,0.6,True
0.87,0.87,AEROTWIN-4-001,IDLE,0.15,1085.5299286034715,310.1761293089874,23.485779262958886,14.56842374202276,18.000446997247515,2.2792398290526235,-5.711263084277378,-1.2226870156578127,-0.21336530562028902,16.217841368921153,-0.21336530562028902,29.797285611048874,519.0690085457601,24.966552011109208,376.8472636146851,54.6571734201467,0.0010081711469929547,5.040855734964773,322.42705098312484,0.22055539081213318,CYLINDER,CYLINDER_3,0.4,0.6,True
0.88,0.88,AEROTWIN-4-001,IDLE,0.15,1079.807088211573,375.3079250251957,23.47218999264225,8.19798954344765,17.9103498660497,2.2735285659683457,-11.985888888570397,9.004054068223594,-0.4222291968734404,-0.1705934790677802,-0.21324184883472522,29.833720115347607,518.7825104443747,24.966202617173597,376.71202354612245,54.63755847108251,0.001007529367321533,5.037646836607665,322.42705098312484,0.3317275922596058,CYLINDER,CYLINDER_3,0.4,0.6,True
0.89,0.89,AEROTWIN-4-001,IDLE,0.15,1092.0064839743245,440.09635031789,23.443585731870012,45.53390076082047,17.72200334607719,2.2615426770797753,25.550354737663508,47.490829864290504,-1.5735615344692941,-0.17038558622255237,-0.21298198277819047,29.86939603492133,518.5007221496417,24.96585131239116,376.4279820141036,54.596361655361555,0.0010061837152526767,5.0309185762633835,322.42705098312484,0.4508578601219631,CYLINDER,CYLINDER_3,0.4,0.6,True
0.9,0.9,AEROTWIN-4-001,IDLE,0.15,1086.982142329054,505.6167393563495,23.50442220332413,9.888839565104103,18.12470306789102,2.287093031817439,-10.522956534604354,11.177616214394826,-0.9044142354554626,-0.17082773948233848,-0.2135346743529231,29.905411118213912,518.2312068747467,24.96550456836774,377.0331132227072,54.684128675595005,0.0010090542231482357,5.045271115741179,322.42705098312484,0.3028744695693643,CYLINDER,CYLINDER_3,0.4,0.6,True
0.91,0.91,AEROTWIN-4-001,IDLE,0.15,1087.9643751961312,570.8356678960928,23.47943016590245,22.292056362586646,17.95830258108795,2.276570075282834,2.0571837062158624,-0.21330762488427038,23.49603523517784,-0.1706460999074163,-0.8200251477995054,29.940714837649963,517.9662761924476,24.965156148735375,376.78405352653544,54.64800555538165,0.0010078710981681702,5.039355490840851,322.42705098312484,0.0852467580201767,CYLINDER,CYLINDER_3,0.4,0.6,True
0.92,0.92,AEROTWIN-4-001,IDLE,0.15,1097.424067388156,636.1135304078607,23.484322980942903,40.081732928551276,17.990772672438556,2.2786272589890504,19.81233299712367,-0.2133520754841317,42.0568069465367,-0.17068166038730537,-1.5910402821139926,29.975679318304483,517.708389734149,24.964808234606533,376.83276148653886,54.655070060484626,0.0010081022941794203,5.040511470897102,322.42705098312484,0.3549485493692188,CYLINDER,CYLINDER_3,0.4,0.6,True
0.93,0.93,AEROTWIN-4-001,IDLE,0.15,1089.103806699715,701.9589744511501,23.53127055268352,3.1775134489841794,18.304987093503158,2.2984395919861735,-17.425913236505153,-0.21377858817849077,4.058865757920545,-0.1710228705427926,-0.4965508502150822,30.010816063117865,517.4610045911045,24.964463920838284,377.3014095142404,54.723041833126395,0.001010331348453435,5.051656742267176,322.42705098312484,0.4209377646251396,CYLINDER,CYLINDER_3,0.4,0.6,True
0.9400000000000001,0.9400000000000001,AEROTWIN-4-001,IDLE,0.15,1096.8073943216127,47.30520285313298,23.489994589827308,36.44384595506742,18.02847609015833,2.2810136787496686,16.13435618615942,-0.2134036013266184,-0.2134036013266184,-0.9410793741527684,37.811732531873425,30.0450570148655,517.2162382506267,24.964116717691198,376.8892537548196,54.663263586091524,0.001008370551562257,5.041852757811285,322.42705098312484,0.29121664911743017,CYLINDER,CYLINDER_3,0.4,0.6,True
0.9500000000000001,0.9500000000000001,AEROTWIN-4-001,IDLE,0.15,1101.4068043274474,113.11364651242975,23.5282196771903,30.21455053718291,18.28442071212904,2.297148034935828,9.63298179011804,-0.2137508713642122,-0.2137508713642122,-1.179556001497948,31.82160828140928,30.079368428795206,516.9808926062132,24.963772476722504,377.27088324811615,54.71861436454027,0.0010101859028772075,5.050929514386038,322.42705098312484,0.18174123650177146,CYLINDER,CYLINDER_3,0.4,0.6,True
0.96,0.96,AEROTWIN-4-001,IDLE,0.15,1091.5018570961931,179.1980547720766,23.55094210426108,0.0,18.438091953875713,2.306781016725946,-20.74487297060166,-0.2139573017126417,-0.2139573017126417,-0.017967442243250066,0.037202385689890816,30.113562558214294,516.7534017786268,24.963430076502796,377.4984786015821,54.75162433941627,0.001011271146224916,5.056355731124581,322.42705098312484,0.47699573517500315,CYLINDER,CYLINDER_3,0.4,0.6,True
0.97,0.97,AEROTWIN-4-001,IDLE,0.15,1098.7366578478086,244.6881661978482,23.50191611420645,35.546523137905375,18.10795573317587,2.2860361437553447,15.15253126097416,-1.4476015438129628,-0.2135119068533005,37.42114849542494,-0.2135119068533005,30.14678347000006,516.5273532443451,24.963084191105157,377.00810892851416,54.680502102773836,0.001008935337662264,5.04467668831132,322.42705098312484,0.2753689041887447,CYLINDER,CYLINDER_3,0.4,0.6,True
0.98,0.98,AEROTWIN-4-001,IDLE,0.15,1095.7441534740353,310.61236566871673,23.53775988508687,14.38250335764626,18.348801186950944,2.3011886750163186,-6.267486504321001,-1.217480049528651,-0.213837542934729,16.02765849304437,-0.213837542934729,30.18005221128115,516.3100565523141,24.96274110552959,377.3663733435809,54.73246405700629,0.0010106409918776151,5.053204959388076,322.42705098312484,0.22499930241345847,CYLINDER,CYLINDER_3,0.4,0.6,True
0.99,0.99,AEROTWIN-4-001,IDLE,0.15,1090.2747161004975,376.35701487715886,23.522956341057075,9.088746541560953,18.248988201032773,2.2949211885119976,-11.455162847983818,9.924787622527253,-0.4513755826367343,-0.1709624437020289,-0.21370305462753614,30.21276774305411,516.0969097757094,24.962397068969477,377.21824312626376,54.710979546547044,0.0010099351758137455,5.049675879068728,322.42705098312484,0.31730057251002947,CYLINDER,CYLINDER_3,0.4,0.6,True
1.0,1.0,AEROTWIN-4-001,IDLE,0.15,1102.1989197744335,441.7734978431887,23.495818112406898,45.32472201839816,18.06726221810366,2.283466025664014,24.973993774630486,47.29339427359205,-1.584450542079758,-0.1707652058285019,-0.21345650728562737,30.24479478609498,515.8867476239311,24.962051180559857,376.94729436317226,54.671681679845776,0.0010086462871300203,5.043231435650101,322.42705098312484,0.4465613157822106,CYLINDER,CYLINDER_3,0.4,0.6,True
1.01,1.01,AEROTWIN-4-001,IDLE,0.15,1096.479346489043,507.9054330296547,23.554847855232424,8.79401603813161,18.464622295393504,2.308440019438644,-11.979046276700537,10.031940090274441,-0.8527370392121733,-0.17119422796918154,-0.21399278496147695,30.277148867639916,515.6869498989505,24.96170981977882,377.5376561176838,54.75730656799662,0.0010114581522698053,5.0572907613490266,322.42705098312484,0.3231901787431654,CYLINDER,CYLINDER_3,0.4,0.6,True
1.02,1.02,AEROTWIN-4-001,IDLE,0.15,1098.5885759909283,573.6941938189973,23.526596174990416,24.98750576108495,18.273484849351696,2.2964609731619436,4.41755993857131,-0.21373612205403705,26.2615228511812,-0.17098889764322966,-0.8892920703989833,30.308804311913615,515.4896958714006,24.961366498675524,377.25464297674864,54.71625890806167,0.001010108538683581,5.050542693417905,322.42705098312484,0.09028755396820992,CYLINDER,CYLINDER_3,0.4,0.6,True
1.03,1.03,AEROTWIN-4-001,IDLE,0.15,1107.0313138106922,639.609508378453,23.537028085403126,38.32716288705079,18.343855613446824,2.300878533100515,17.68242874050345,-0.21383089462804833,40.29328720152073,-0.17106471570243867,-1.5812287041394473,30.340221030967424,515.2982771500402,24.961024102145185,377.35904512905324,54.73140118742762,0.001010606054768231,5.053030273841155,322.42705098312484,0.3236056879181946,CYLINDER,CYLINDER_3,0.4,0.6,True
1.04,1.04,AEROTWIN-4-001,IDLE,0.15,1097.9726421349237,706.0313872070946,23.578627426024028,1.9730102654477601,18.62688689552396,2.3185609618410186,-18.972437591917217,-0.2142088193256197,2.7463956585060894,-0.17136705546049574,-0.38780951827221366,30.37176322562692,515.1152622129224,24.96068498036462,377.77654141365593,54.79195401355383,0.001012599664214674,5.062998321073371,322.42705098312484,0.44310464720507353,CYLINDER,CYLINDER_3,0.4,0.6,True
1.05,1.05,AEROTWIN-4-001,IDLE,0.15,1107.0248933277705,51.90974573518997,23.533983397259924,39.581871162853695,18.32329207467352,2.299588524249101,18.958990563931074,-0.21380323402505455,-0.21380323402505455,-1.0096301394532907,41.019107770357095,30.402428667376522,514.9329403613715,24.960342651839373,377.3285619254365,54.72697996454146,0.0010104607483619192,5.052303741809596,322.42705098312484,0.3455997982188307,CYLINDER,CYLINDER_3,0.4,0.6,True
1.06,1.06,AEROTWIN-4-001,IDLE,0.15,1109.8079685577122,118.3312393348562,23.57859588631316,26.774077480309025,18.62667083431431,2.3185475148130323,5.828859131181682,-0.21420853279137386,-0.21420853279137386,-1.131302183705024,28.3337967295968,30.43325837645787,514.7590560923348,24.960003824560744,377.7762241610792,54.7919079998746,0.0010125981468138586,5.0629907340692935,322.42705098312484,0.12092710072489533,CYLINDER,CYLINDER_3,0.4,0.6,True
1.07,1.07,AEROTWIN-4-001,IDLE,0.15,1100.1361895147697,184.91971744831895,23.592253722402475,0.7882936686303681,18.72044395365393,2.324376373944214,-20.25652665896778,-0.1378584064249022,-0.21433261248822702,1.3548173000317243,-0.21433261248822702,30.463892651548353,514.5907116765512,24.95966618295493,377.9137086091767,54.81184846925777,0.0010132560778461936,5.066280389230968,322.42705098312484,0.4641510200480429,CYLINDER,CYLINDER_3,0.4,0.6,True
1.08,1.08,AEROTWIN-4-001,IDLE,0.15,1107.664888059495,250.92788881920512,23.54467235438575,36.46776426456794,18.395575057815368,2.304119847285246,15.768069359467326,-1.5161920508866844,-0.21390034183563125,38.41175699912589,-0.21390034183563125,30.493631678632788,514.4224308230009,24.959325094019793,377.4356230449256,54.74250789518992,0.0010109712378260996,5.054856189130498,322.42705098312484,0.29097410396467904,CYLINDER,CYLINDER_3,0.4,0.6,True
1.09,1.09,AEROTWIN-4-001,IDLE,0.15,1102.97989803411,317.38778210277485,23.58173905459956,11.155881764894003,18.648214012176727,2.3198879166447135,-9.812220163927437,-1.0878417122427304,-0.21423708807389333,12.67219765328452,-0.21423708807389333,30.523453221256236,514.26158357588,24.958986948638028,377.8078461375702,54.79649438810091,0.0010127494113353554,5.063747056676777,322.42705098312484,0.28247603119319237,CYLINDER,CYLINDER_3,0.4,0.6,True
1.1,1.1,AEROTWIN-4-001,IDLE,0.15,1100.469446062372,383.56657598482144,23.558696524864445,15.542995673907155,18.49079829182767,2.3100756964807863,-5.2578783144013,16.57003093896566,-0.6417853157179668,-0.17122219970690672,-0.21402774963363339,30.55267205953562,514.102749657069,24.95864720761123,377.57627728317647,54.76290810459735,0.0010116425588777723,5.0582127943888615,322.42705098312484,0.2051714749586995,CYLINDER,CYLINDER_3,0.4,0.6,True
1.11,1.11,AEROTWIN-4-001,IDLE,0.15,1111.1543807467879,449.59474274856376,23.54631733368594,43.090014321755525,18.406721631157584,2.3048178181663848,22.378474872431557,45.07938635229284,-1.6043245152647823,-0.17113222901001612,-0.21391528626252015,30.581418333997604,513.9468106782405,24.958306683606892,377.4521101892063,54.7448991576221,0.0010110498901111976,5.055249450555988,322.42705098312484,0.40684367282244416,CYLINDER,CYLINDER_3,0.4,0.6,True
1.12,1.12,AEROTWIN-4-001,IDLE,0.15,1103.5669732177157,516.264005593371,23.598851385390457,5.202061685935259,18.76589456164595,2.327196293038816,-15.891029168749508,6.235202672365257,-0.6472343938848089,-0.17151404113119484,-0.21439255141399355,30.61042773085383,513.7993494316045,24.957970287079263,377.98019687309085,54.82149179407935,0.001013574509026879,5.067872545134395,322.42705098312484,0.3870621551427449,CYLINDER,CYLINDER_3,0.4,0.6,True
1.1300000000000001,1.1300000000000001,AEROTWIN-4-001,IDLE,0.15,1109.226644669496,582.478023986434,23.561588221793635,32.675380892612594,18.5104874589794,2.3113052638700666,11.853588169763126,-0.21405402033098386,34.14482006438344,-0.17124321626478708,-1.0841419351750725,30.638686132016915,513.6523229700505,24.95763120573519,377.60530589605884,54.76711835655258,0.0010117812000973302,5.058906000486651,322.42705098312484,0.22440394395619193,CYLINDER,CYLINDER_3,0.4,0.6,True
1.1400000000000001,1.1400000000000001,AEROTWIN-4-001,IDLE,0.15,1114.8090252800284,649.0316226666038,23.589403154336246,32.71570679695901,18.70083733452518,2.3231588520398296,11.691710610394003,-0.21430671544134466,34.62090219401881,-0.17144537235307572,-1.51944330926538,30.666932103872863,513.5113977435147,24.957294382470604,377.8849968007928,54.807684165993386,0.0010131186195924042,5.065593097962021,322.42705098312484,0.22477623720603815,CYLINDER,CYLINDER_3,0.4,0.6,True
1.1500000000000001,1.1500000000000001,AEROTWIN-4-001,IDLE,0.15,1104.6751245118166,715.9201641834055,23.61672757655295,0.0,18.889541574431448,2.3348505626502236,-21.224392137081672,-0.2145549543280296,0.428604262600624,-0.17164396346242367,-0.11448610930719537,30.69515982051765,513.3763880964755,24.95695980166126,378.16058866643823,54.847655459002866,0.001014439282050279,5.0721964102513954,322.42705098312484,0.47851068152248244,CYLINDER,CYLINDER_3,0.4,0.6,True
1.16,1.16,AEROTWIN-4-001,IDLE,0.15,1115.9929872335772,62.20067165411456,23.567043218271667,44.565383311627734,18.547680887100658,2.313626170513142,23.704076254013934,-0.2141035782774187,-0.2141035782774187,-1.136358735690205,46.129949203872776,30.72251084797062,513.240410590283,24.956621571877495,377.6600913061314,54.77506432285868,0.0010120429420332519,5.060214710166259,322.42705098312484,0.43241348792820294,CYLINDER,CYLINDER_3,0.4,0.6,True
1.17,1.17,AEROTWIN-4-001,IDLE,0.15,1115.2101269711259,129.16025088812918,23.622508662371317,19.62739699192896,18.929685444698308,2.3373302467671557,-1.639618699536502,-0.2146074747544818,-0.2146074747544818,-0.9984176350003456,21.05502957643827,30.75016310904542,513.1126830343403,24.956287732267878,378.21900317634766,54.85612778269111,0.0010147195711153099,5.0735978555765495,322.42705098312484,0.13516474420279662,CYLINDER,CYLINDER_3,0.4,0.6,True
1.18,1.18,AEROTWIN-4-001,IDLE,0.15,1108.3637124443358,196.07285850639673,23.61868664189585,6.899730284503899,18.903136710298686,2.3356906280676193,-14.339097053862405,-0.44554877540124804,-0.2145727521865097,7.774424564278166,-0.2145727521865097,30.77745436042486,512.9878131557551,24.955953743829884,378.1803796768091,54.850525907565036,0.0010145342306984411,5.072671153492205,322.42705098312484,0.35781063781312183,CYLINDER,CYLINDER_3,0.4,0.6,True
1.19,1.19,AEROTWIN-4-001,IDLE,0.15,1115.4430187876994,262.57468125305684,23.585169499772984,35.81996776921643,18.6717517043208,2.321351531013757,14.826864533881874,-1.593535740690455,-0.214268253230248,37.84204001636738,-0.214268253230248,30.804062881155943,512.8631308464802,24.95561732946114,377.84237069910904,54.801501761457374,0.0010129146029403439,5.06457301470172,322.42705098312484,0.27915146096909776,CYLINDER,CYLINDER_3,0.4,0.6,True
1.2,1.2,AEROTWIN-4-001,IDLE,0.15,1108.245535821979,329.5012623803188,23.61982387434838,6.1728380256125215,18.911032703028567,2.336178395547639,-15.074373072963686,-0.8167880504696664,-0.21458308379812366,7.418792243678435,-0.21458308379812366,30.83074594797455,512.74459958337,24.95528372279593,378.1918702848605,54.8521924823756,0.0010145893642740285,5.0729468213701425,322.42705098312484,0.37055751514670054,CYLINDER,CYLINDER_3,0.4,0.6,True
1.21,1.21,AEROTWIN-4-001,IDLE,0.15,1111.1847655272616,395.9959945296375,23.58458950588701,27.144782577135256,18.66777025510823,2.3211040224746755,6.15590829955235,28.4749197262131,-0.944463777770102,-0.17141038724788435,-0.21426298405985544,30.8567375269667,512.6259469662809,24.95494755637859,377.83653263397025,54.80065502016578,0.0010128866661076104,5.064433330538052,322.42705098312484,0.1273426624325914,CYLINDER,CYLINDER_3,0.4,0.6,True
1.22,1.22,AEROTWIN-4-001,IDLE,0.15,1118.6250169408893,462.6670804612732,23.599000202540648,36.67700694341728,18.76692089136687,2.3272599307742277,15.582826121276186,38.631733757919115,-1.5688177883839913,-0.17151512271904,-0.2143939033988,30.882587366937802,512.5115203344927,24.95461263938121,377.981697142407,54.82170939014042,0.0010135816961355224,5.0679084806776125,322.42705098312484,0.29398428020787015,CYLINDER,CYLINDER_3,0.4,0.6,True
1.23,1.23,AEROTWIN-4-001,IDLE,0.15,1108.9212859738527,529.7845814777265,23.635342708037086,1.0384768605510741,19.019080715958218,2.3428427568955037,-20.323446612302646,1.7105893729205461,-0.2856091856125184,-0.17177925633642385,-0.21472407042052982,30.90853496255745,512.4031430476765,24.954280677038373,378.34881831560364,54.87495591085852,0.001015342911273263,5.076714556366316,322.42705098312484,0.460767461659895,CYLINDER,CYLINDER_3,0.4,0.6,True
1.24,1.24,AEROTWIN-4-001,IDLE,0.15,1118.89864445801,596.3198586361577,23.587905326194335,41.90959250942529,18.690542455101905,2.322519310283201,20.89653074404018,-0.21429310786393846,43.63274435906148,-0.17143448629115077,-1.337424255481108,30.93367083183934,512.2933164511877,24.953945201413724,377.8699138129057,54.805496559596214,0.0010130464218136269,5.065232109068135,322.42705098312484,0.3856871553206548,CYLINDER,CYLINDER_3,0.4,0.6,True
1.25,1.25,AEROTWIN-4-001,IDLE,0.15,1119.7541487686005,663.4537773036384,23.636675541841118,23.16356626998565,19.028386390781737,2.3434158410272414,1.7917640381766726,-0.2147361790454451,24.89379898379448,-0.17178894323635607,-1.343707591527028,30.959043139690227,512.19051153039,24.95361363620657,378.3623104740904,54.876912786541126,0.0010154077329210009,5.077038664605005,322.42705098312484,0.07360921850118463,CYLINDER,CYLINDER_3,0.4,0.6,True
1.26,1.26,AEROTWIN-4-001,IDLE,0.15,1111.7641857088386,10.63902622975445,23.640840981830515,4.668563637516269,19.057495533118377,2.345207605065418,-16.734139500667528,-0.21477402153584874,-0.21477402153584874,-0.23791053677942064,5.336022217367387,30.9841674215604,512.0906433773168,24.953282541492666,378.4044898401137,54.88303039743041,0.001015610422458399,5.078052112291995,322.42705098312484,0.3973681109175543,CYLINDER,CYLINDER_3,0.4,0.6,True
1.27,1.27,AEROTWIN-4-001,IDLE,0.15,1123.868877997145,77.34487737228477,23.601837436461885,46.46697948581296,18.78649777564255,2.3284734655647505,25.35200824460566,-0.21441967930667782,-0.21441967930667782,-1.2552639730139579,48.151082817440276,31.00858427876417,511.9898476581877,24.9529485703531,378.01030484041235,54.825858593443726,0.001013718758592011,5.068593792960056,322.42705098312484,0.46527491979782554,CYLINDER,CYLINDER_3,0.4,0.6,True
1.28,1.28,AEROTWIN-4-001,IDLE,0.15,1118.6028512664907,144.77701005211347,23.660839487117673,10.52249784145331,19.197812961398057,2.3538254738093563,-11.029140593754104,-0.21495570540270145,-0.21495570540270145,-0.7438673085506965,11.696276560809409,31.033350891266593,511.89675955730326,24.952619335088112,378.60727050077,54.912441298890684,0.0010165857816752462,5.082928908376231,322.42705098312484,0.29538727987990876,CYLINDER,CYLINDER_3,0.4,0.6,True
1.29,1.29,AEROTWIN-4-001,IDLE,0.15,1117.214825673607,211.89318112810292,23.635234727948742,18.4540493226709,19.01832699318715,2.342796333215602,-2.9070740037318497,-0.8508466192065716,-0.2147230894352156,19.7343421207479,-0.2147230894352156,31.057556908088905,511.80374179034203,24.952288240471127,378.34772533086823,54.87479738653847,0.0010153376604373882,5.076688302186941,322.42705098312484,0.15599244670087067,CYLINDER,CYLINDER_3,0.4,0.6,True
1.3,1.3,AEROTWIN-4-001,IDLE,0.15,1121.670564029593,278.92607066851934,23.62846950954478,30.643124097258934,18.971158247724635,2.33988925921187,9.33207659032243,-1.5904645512119238,-0.21466162828989066,32.662911905050635,-0.21466162828989066,31.08141178766568,511.7124545994436,24.95195676470791,378.279273448582,54.864869262435434,0.001015008896732774,5.07504448366387,322.42705098312484,0.18804015691811904,CYLINDER,CYLINDER_3,0.4,0.6,True
1.31,1.31,AEROTWIN-4-001,IDLE,0.15,1112.0599668523373,346.22630451029494,23.650162617489794,1.3436173417823607,19.122783665098243,2.3492213358021927,-20.128387659118076,-0.3836639297581668,-0.2148587074055001,2.156998686351528,-0.2148587074055001,31.105221057008155,511.6253591904702,24.951627128431696,378.49895246154483,54.89673106711754,0.0010160645923963274,5.080322961981637,322.42705098312484,0.4557703976825593,CYLINDER,CYLINDER_3,0.4,0.6,True
1.32,1.32,AEROTWIN-4-001,IDLE,0.15,1121.1245034876292,412.9499025214352,23.603285324958286,40.11030935773852,18.796495275176152,2.3290929481430744,18.984721134419296,41.779844260166335,-1.2835558026880034,-0.17154626655102526,-0.21443283318878156,31.12826249163489,511.53632233935946,24.951293992703143,378.0249072856679,54.8279765028987,0.001013788732124214,5.06894366062107,322.42705098312484,0.3540159087762128,CYLINDER,CYLINDER_3,0.4,0.6,True
1.33,1.33,AEROTWIN-4-001,IDLE,0.15,1122.981429508535,480.217372730693,23.647507843799485,25.341383620394204,19.10416918742511,2.348077669277494,3.8891367636915994,27.12041098010525,-1.3923250992851113,-0.171867671300417,-0.21483458912552122,31.15150178069496,511.4533962109416,24.950964440267303,378.4720397120032,54.892827695749524,0.0010159351642859053,5.079675821429527,322.42705098312484,0.09503368509841228,CYLINDER,CYLINDER_3,0.4,0.6,True
1.34,1.34,AEROTWIN-4-001,IDLE,0.15,1113.969209350456,547.596258501205,23.656531338846325,2.644323368804246,19.167506323533328,2.3519668060411854,-18.875149760770267,-0.2149165664257792,3.2442495244006477,-0.17193325314062335,-0.2130763360299994,31.17456700383294,511.37333906117175,24.950635741478262,378.5635481483671,54.906099896342866,0.0010163753528807096,5.081876764403548,322.42705098312484,0.4331555246719122,CYLINDER,CYLINDER_3,0.4,0.6,True
1.35,1.35,AEROTWIN-4-001,IDLE,0.15,1125.9907397018756,614.4344110622324,23.612623900671203,46.372018232002176,18.861092284437333,2.3330916562804154,25.177834291284427,-0.21451767295665705,48.308025057572856,-0.17161413836532563,-1.5498750142486948,31.196908195836734,511.29142096007837,24.95030376102811,378.11914616794985,54.84164472190711,0.001014240505910447,5.071202529552235,322.42705098312484,0.463484430178466,CYLINDER,CYLINDER_3,0.4,0.6,True
1.36,1.36,AEROTWIN-4-001,IDLE,0.15,1121.3186599775233,681.993855444345,23.671128876447675,11.843460838806813,19.270372240908916,2.3582694905716997,-9.785180892673804,-0.21504918319087535,13.223666894275475,-0.17203934655270026,-0.9931175257250866,31.219600125000976,511.21670289594863,24.949976505414057,378.71178130685416,54.927599337183516,0.0010170890595872341,5.085445297936171,322.42705098312484,0.27250894754721766,CYLINDER,CYLINDER_3,0.4,0.6,True
1.37,1.37,AEROTWIN-4-001,IDLE,0.15,1121.1445786852282,29.272975042996336,23.648451891735075,21.0946759891596,19.110786685481695,2.348484309679026,-0.3645950060011205,-0.21484316568046719,-0.21484316568046719,-0.6303125485469834,22.154674869067517,31.24179288736375,511.14185046354027,24.949647607246902,378.4816090702727,54.894215616334215,0.0010159811819508743,5.0799059097543715,322.42705098312484,0.1100872685466682,CYLINDER,CYLINDER_3,0.4,0.6,True
1.3800000000000001,1.3800000000000001,AEROTWIN-4-001,IDLE,0.15,1130.2008746975928,96.54164976411003,23.647605461681195,40.420435092513536,19.104853363721183,2.348119714673025,18.967462014119327,-0.21483547597151137,-0.21483547597151137,-1.2806204835245432,42.1307265279811,31.26372021386368,511.068794735674,24.949318787498978,378.4730291702541,54.892971204795316,0.0010159399222920455,5.079699611460228,322.42705098312484,0.35891592873934486,CYLINDER,CYLINDER_3,0.4,0.6,True
1.3900000000000001,1.3900000000000001,AEROTWIN-4-001,IDLE,0.15,1120.9963153110596,164.35370224596562,23.691497771145176,2.5038504754020208,19.414747397557218,2.367087176687144,-19.27798409884234,-0.21523423199822467,-0.21523423199822467,-0.34828947020775214,3.2826084096062225,31.28584823886295,511.00144667072396,24.94899358612457,378.91903204079404,54.95765856913268,0.0010180882688856272,5.090441344428136,322.42705098312484,0.4364248972734709,CYLINDER,CYLINDER_3,0.4,0.6,True
1.4000000000000001,1.4000000000000001,AEROTWIN-4-001,IDLE,0.15,1125.6193481275657,231.6134811646292,23.646884481017914,31.130067218321035,19.099800736639388,2.3478091925883016,9.682457289093346,-1.262935622748538,-0.2148289259542501,32.822660692978076,-0.2148289259542501,31.307258670481424,510.93183749623205,24.948664997786,378.4657215412467,54.89191132089934,0.001015904782957918,5.079523914789591,322.42705098312484,0.19634303756330634,CYLINDER,CYLINDER_3,0.4,0.6,True
1.41,1.41,AEROTWIN-4-001,IDLE,0.15,1125.0700620845068,299.15064205228316,23.669329060668407,20.464731888054196,19.257662236572287,2.357491649877395,-1.150421998395486,-1.408479066481889,-0.21503283209434565,22.303276618724773,-0.21503283209434565,31.32865143280976,510.8659498508809,24.94833832395047,378.6934915218049,54.92494662333954,0.001017000955183935,5.085004775919676,322.42705098312484,0.121594967870289,CYLINDER,CYLINDER_3,0.4,0.6,True
1.42,1.42,AEROTWIN-4-001,IDLE,0.15,1115.757978488217,366.65484577735356,23.666666251574846,2.0920308490649147,19.23887189833101,2.3563412278789992,-19.503182277145093,2.665923301869649,-0.18687689933997714,-0.17200691265100346,-0.21500864081375434,31.349768736543094,510.80147398835936,24.948011583674262,378.6664388201526,54.921022953597294,0.0010168706610584825,5.084353305292413,322.42705098312484,0.44305549886554213,CYLINDER,CYLINDER_3,0.4,0.6,True
1.43,1.43,AEROTWIN-4-001,IDLE,0.15,1127.7576538941842,433.6003244866466,23.621361547675836,46.39061320417225,18.921713758004998,2.3368380456018545,25.132061400565394,48.32088511516373,-1.5439972149363654,-0.17167764269116204,-0.21459705336395252,31.37018207500387,510.73461912943105,24.947681431646423,378.2074092624906,54.85444622461311,0.0010146639302637107,5.0733196513185534,322.42705098312484,0.4637057717424845,CYLINDER,CYLINDER_3,0.4,0.6,True
1.44,1.44,AEROTWIN-4-001,IDLE,0.15,1123.245291524888,501.2657837202977,23.679684929042168,12.24219861530728,19.330898154782524,2.3619701070024197,-9.450669646477664,13.638977772914846,-1.0095507127025076,-0.17210153106891454,-0.21512691383614319,31.39095020419836,510.67457836000705,24.947356014614645,378.7987793682361,54.94021736201023,0.001017508308677463,5.0875415433873155,322.42705098312484,0.26572952876689415,CYLINDER,CYLINDER_3,0.4,0.6,True
1.45,1.45,AEROTWIN-4-001,IDLE,0.15,1122.7107224062122,568.6605012117909,23.657812555929695,20.409435284682704,19.176514791371503,2.352519437355942,-1.1195989440447405,-0.2149282061193784,21.56943294539418,-0.17194256489550272,-0.7731268896965958,31.41125545583374,510.6141047402318,24.947029008226803,378.5765486871327,54.90798546848435,0.0010164379151011314,5.082189575505658,322.42705098312484,0.12229574491946925,CYLINDER,CYLINDER_3,0.4,0.6,True
1.46,1.46,AEROTWIN-4-001,IDLE,0.15,1131.7392159571873,636.0231445561636,23.65521662937338,40.41889887185189,19.158266358289318,2.3513998384118975,18.909232675150673,-0.2149046224580975,42.40861414865787,-0.171923697966478,-1.6028869563814068,31.431299402339604,510.5549138599001,24.94670194120772,378.5502097158001,54.90416531676022,0.001016311171066305,5.0815558553315245,322.42705098312484,0.3587988804622213,CYLINDER,CYLINDER_3,0.4,0.6,True
1.47,1.47,AEROTWIN-4-001,IDLE,0.15,1122.547700432213,703.9274975135949,23.698924768977292,2.5872790174447076,19.467635045434694,2.370309071087048,-19.250665099077032,-0.21530170532514936,3.421874852922678,-0.1722413642601195,-0.4470527658927015,31.451551960425384,510.5010721059557,24.94637849476463,378.99472084921473,54.968636322528404,0.001018453574713564,5.0922678735678195,322.42705098312484,0.4351374780347025,CYLINDER,CYLINDER_3,0.4,0.6,True
1.48,1.48,AEROTWIN-4-001,IDLE,0.15,1131.0887328919075,51.28035953952758,23.654424776177386,39.39205801124379,19.15270305229061,2.351058405987971,17.88829655296521,-0.21489742857292649,-0.21489742857292649,-1.0059985167839667,40.82785138517361,31.471121439732354,510.4446371749206,24.946051652070352,378.5421768951184,54.90300025251418,0.0010162725219232745,5.081362609616373,322.42705098312484,0.3408385408758537,CYLINDER,CYLINDER_3,0.4,0.6,True
1.49,1.49,AEROTWIN-4-001,IDLE,0.15,1133.2568145073526,119.14568351304203,23.695785303195557,26.355029100914514,19.44526288139673,2.3689467025409363,4.540819516976848,-0.21527318367941198,-0.21527318367941198,-1.128097153703756,27.913672621977092,31.49087832527477,510.3932735596441,24.945728242610166,378.962718572172,54.96399477627068,0.001018299092892701,5.091495464463505,322.42705098312484,0.11220242019487793,CYLINDER,CYLINDER_3,0.4,0.6,True
1.5,1.5,AEROTWIN-4-001,IDLE,0.15,1123.634821833971,187.14109238348317,23.706243445064757,1.7411132468331818,19.519880055168382,2.3734875220579132,-20.152254330393113,-0.20079822838469052,-0.21536819456285589,2.372647864343584,-0.21536819456285589,31.51051013332858,510.34412321258475,24.945405816416503,379.0693689242747,54.97946313003896,0.0010188140617122773,5.0940703085613865,322.42705098312484,0.4501155459093875,CYLINDER,CYLINDER_3,0.4,0.6,True
1.51,1.51,AEROTWIN-4-001,IDLE,0.15,1130.8902696566174,254.55918169352142,23.659703523328254,36.73892720042116,19.189817547273996,2.3533352677275197,15.195774385419643,-1.553903557010695,-0.21494538531672988,38.722721528065314,-0.21494538531672988,31.52944928444332,510.2920779130561,24.945079819791783,378.59573981359546,54.91076891108426,0.0010165302794877657,5.082651397438829,322.42705098312484,0.29434627409816083,CYLINDER,CYLINDER_3,0.4,0.6,True
1.52,1.52,AEROTWIN-4-001,IDLE,0.15,1124.7691827883089,322.41259787291847,23.694827150990033,8.986996349477348,19.438439665673286,2.3685310421129397,-12.819974358308878,-0.9847880825131289,-0.2152644789889747,10.402313389968425,-0.2152644789889747,31.54851722371983,510.244443223654,24.944756764708323,378.95295390276226,54.96257852814883,0.001018251964173524,5.09125982086762,322.42705098312484,0.32304719578570484,CYLINDER,CYLINDER_3,0.4,0.6,True
1.53,1.53,AEROTWIN-4-001,IDLE,0.15,1124.7699287404546,389.89874884021697,23.665207208722556,21.585856495655463,19.228583109379862,2.3557110677546307,0.0015623185209703294,22.776611893754534,-0.8037637040267173,-0.17199630847660138,-0.2149953855957517,31.567070194113036,510.19537607854335,24.94443149060031,378.6516191956871,54.918873544904066,0.0010167992965533672,5.083996482766836,322.42705098312484,0.10187972786092246,CYLINDER,CYLINDER_3,0.4,0.6,True
1.54,1.54,AEROTWIN-4-001,IDLE,0.15,1133.4370827176135,457.38494456464423,23.665210826435498,39.73676608588196,19.228608614359565,2.355712630073152,18.152444841449242,41.722848028942764,-1.5990901898288192,-0.17199633476976947,-0.21499541846221185,31.585408072786386,510.14753593175425,24.94410636041706,378.65165593808103,54.9188788739474,0.0010167994734779145,5.083997367389572,322.42705098312484,0.3467433279700944,CYLINDER,CYLINDER_3,0.4,0.6,True
1.55,1.55,AEROTWIN-4-001,IDLE,0.15,1124.012922437925,525.3911695277011,23.707112255603832,2.1620405808276915,19.52609063986109,2.373865074914601,-19.737915133947997,2.957131290611136,-0.4074137521112532,-0.17230087007652947,-0.21537608759566185,31.60394569249887,510.1046062831965,24.943784725023455,379.0782346800455,54.980749001524444,0.0010188568892636695,5.094284446318348,322.42705098312484,0.4427695251715957,CYLINDER,CYLINDER_3,0.4,0.6,True
1.56,1.56,AEROTWIN-4-001,IDLE,0.15,1132.8856832772492,592.8319448739766,23.661538493669802,40.13992838787188,19.202734381504644,2.3541271597806532,18.583066846586586,-0.21496205578796887,41.811581165655696,-0.1719696446303751,-1.2847210773654658,31.62182018851474,510.05871095001856,24.943459589083233,378.614366556197,54.9134704965777,0.0010166199404838914,5.083099702419457,322.42705098312484,0.35384208906454595,CYLINDER,CYLINDER_3,0.4,0.6,True
1.57,1.57,AEROTWIN-4-001,IDLE,0.15,1134.3785053713545,660.8050858706115,23.7044544010002,25.006366493976916,19.507096984711254,2.3727102266272397,3.1265592826384228,-0.21535194132597885,26.78126668219064,-0.17228155306078308,-1.3872666938269624,31.63990683824087,510.01776561195834,24.943138026958312,379.0511154621148,54.97681568439421,0.0010187258942317254,5.093629471158628,322.42705098312484,0.08849893066433208,CYLINDER,CYLINDER_3,0.4,0.6,True
1.58,1.58,AEROTWIN-4-001,IDLE,0.15,1125.5579191256247,8.867796192892797,23.711647621356544,3.460584653940448,19.55854050132414,2.375836785909878,-18.47379263329357,-0.21541729081438804,-0.21541729081438804,-0.199246001045522,4.090665236614746,31.657853083063866,509.9784836882471,24.942817188070006,379.1245301281191,54.98746360072214,0.0010190805737296997,5.095402868648499,322.42705098312484,0.4201505153189476,CYLINDER,CYLINDER_3,0.4,0.6,True
1.59,1.59,AEROTWIN-4-001,IDLE,0.15,1137.523560206953,76.40127134043028,23.669031320208088,46.67370344837773,19.255560377372337,2.3573629932765847,25.060780077728808,-0.2150301271602832,-0.2150301271602832,-1.254012116616233,48.357775819314526,31.67517523501784,509.9364035613805,24.942493074531892,378.6904662338955,54.92450784163174,0.0010169863831370782,5.084931915685392,322.42705098312484,0.46809458627529205,CYLINDER,CYLINDER_3,0.4,0.6,True
1.6,1.6,AEROTWIN-4-001,IDLE,0.15,1132.064475037089,144.65268495284747,23.72677646871767,10.616085149243043,19.667142619198785,2.3824237733543137,-11.433481243310055,-0.2155547344608069,-0.2155547344608069,-0.7482310892140615,11.795425707378719,31.692857596099422,509.9005035695775,24.942173748764915,379.2791358366415,55.00988730347481,0.0010198281412605317,5.099140706302658,322.42705098312484,0.2952815044176537,CYLINDER,CYLINDER_3,0.4,0.6,True
1.61,1.61,AEROTWIN-4-001,IDLE,0.15,1130.7098782607047,212.57655345507283,23.700494026951837,19.012755992644788,19.478826554711212,2.3709902921110033,-2.837060854177427,-0.8694878276329573,-0.2153159618334639,20.312875743944677,-0.2153159618334639,31.710077326383317,509.8631614696397,24.941852438780057,379.01072147131066,54.970957020755954,0.0010185308271072019,5.0926541355360095,322.42705098312484,0.1477281091796509,CYLINDER,CYLINDER_3,0.4,0.6,True
1.62,1.62,AEROTWIN-4-001,IDLE,0.15,1134.6557387847163,280.4191461507151,23.69395612654328,30.064582990531235,19.432238803057587,2.368153231256826,8.264190956216822,-1.587804152629971,-0.2152565658431002,32.082900274847404,-0.2152565658431002,31.727033211834595,509.8261723807247,24.941530745453072,378.94407809584766,54.96129119886555,0.001018209128520176,5.09104564260088,322.42705098312484,0.17714113128872397,CYLINDER,CYLINDER_3,0.4,0.6,True
1.6300000000000001,1.6300000000000001,AEROTWIN-4-001,IDLE,0.15,1124.6032035840856,348.4984904777981,23.7129826158952,0.8905385157077949,19.56810158433097,2.3764174222130428,-21.053980490836217,-0.3221646005075303,-0.21542941906930146,1.643561954353928,-0.21542941906930146,31.743975128779713,509.79179910211434,24.94121072949784,379.13816190765476,54.98944072676243,0.0010191464528596327,5.095732264298164,322.42705098312484,0.46515738782132554,CYLINDER,CYLINDER_3,0.4,0.6,True
1.6400000000000001,1.6400000000000001,AEROTWIN-4-001,IDLE,0.15,1134.2925508288058,415.9746826928432,23.664402195267833,41.871593362565434,19.222908506114123,2.3553634417222065,20.293321414729103,43.59492227116727,-1.3363503787294801,-0.1719904577210485,-0.21498807215131063,31.760254049251564,509.7539769260975,24.940886957237247,378.6434436528647,54.91768778052419,0.0010167599303370068,5.083799651685034,322.42705098312484,0.38411236418907435,CYLINDER,CYLINDER_3,0.4,0.6,True
1.6500000000000001,1.6500000000000001,AEROTWIN-4-001,IDLE,0.15,1134.731746856116,484.0322357425715,23.71123365933155,22.851083391591434,19.55557661986558,2.3756567631369356,0.9198500085889187,24.577713569593833,-1.338885823962348,-0.17233082401780103,-0.2154135300222513,31.776791218093738,509.7212528818717,24.940567086103574,379.1203035420362,54.986850585129844,0.0010190601490198768,5.095300745099384,322.42705098312484,0.08080715528788943,CYLINDER,CYLINDER_3,0.4,0.6,True
1.6600000000000001,1.6600000000000001,AEROTWIN-4-001,IDLE,0.15,1126.998229494148,552.1161405539385,23.71334857912497,5.750259045557944,19.570723319590627,2.3765766131455246,-16.197040887178208,-0.21543274379851277,6.477173289756175,-0.1723461950388102,-0.33913530536090797,31.793155583694745,509.6895351656204,24.94024752851289,379.14189916645586,54.989982771304426,0.0010191645153153402,5.095822576576701,322.42705098312484,0.3801207950495429,CYLINDER,CYLINDER_3,0.4,0.6,True
1.67,1.67,AEROTWIN-4-001,IDLE,0.15,1138.6378464002848,619.7360343235874,23.67600886406991,46.04320854179508,19.304872327591024,2.3603795722583465,24.377956641945712,-0.21509351725528017,48.01776266681595,-0.17207481380422412,-1.5873857939613585,31.808973893884133,509.65529602769163,24.939925107527536,378.7613907139257,54.93479458636636,0.0010173280965152817,5.086640482576409,322.42705098312484,0.45697854549426736,CYLINDER,CYLINDER_3,0.4,0.6,True
1.68,1.68,AEROTWIN-4-001,IDLE,0.15,1132.2868544465293,688.0543051076045,23.732128218262943,8.788963339871527,19.705692254255567,2.384757528900292,-13.301486443284332,-0.21560335442204154,10.032642038727028,-0.1724826835376332,-0.8555926608958265,31.825141818343116,509.6269012754566,24.93960736300661,379.33389178860824,55.017828997236165,0.0010200931111762819,5.100465555881409,322.42705098312484,0.32738084837497317,CYLINDER,CYLINDER_3,0.4,0.6,True
1.69,1.69,AEROTWIN-4-001,IDLE,0.15,1134.943553584603,35.99151637439627,23.70156671281412,27.42211373869577,19.486480032924785,2.371456042457008,5.564177663313978,-0.2153257070475476,-0.2153257070475476,-0.759236880175754,28.61200203296662,31.84082978696528,509.596494538333,24.939287279141215,379.02166055643335,54.97254360378398,0.0010185836473208926,5.092918236604463,322.42705098312484,0.13080843239071357,CYLINDER,CYLINDER_3,0.4,0.6,True
1.7,1.7,AEROTWIN-4-001,IDLE,0.15,1141.7796717702706,104.08812958947246,23.714368277465713,36.27258273213646,19.578030064572893,2.377020220120322,14.317532447443249,-0.21544200762772947,-0.21544200762772947,-1.2537722600117949,37.957239007403714,31.85645595038328,509.5679865549823,24.938968373667116,379.1523132773397,54.9914932131188,0.0010192148501780064,5.096074250890032,322.42705098312484,0.2855413676892677,CYLINDER,CYLINDER_3,0.4,0.6,True
1.71,1.71,AEROTWIN-4-001,IDLE,0.15,1131.3960708493503,172.5949098956887,23.74719435621585,0.45856433394204443,19.81458949535552,2.391337752567765,-21.74736291398124,-0.2157402283614943,-0.2157402283614943,-0.16683238703616102,1.056877177701194,31.872211178477382,509.5431210361522,24.938652289958736,379.48822322309474,55.04021291983121,0.0010208405203728232,5.104202601864117,322.42705098312484,0.473514219090214,CYLINDER,CYLINDER_3,0.4,0.6,True
1.72,1.72,AEROTWIN-4-001,IDLE,0.15,1137.5700173491055,240.47867414664972,23.697268812934652,34.75610530125137,19.455831600072617,2.369590389653784,12.930683311524966,-1.4050237530919778,-0.21528666117595696,36.59170237669526,-0.21528666117595696,31.887310092900982,509.51442704061236,24.938332283222028,378.9778393543826,54.96618786428094,0.0010183720794895588,5.091860397447794,322.42705098312484,0.25920380673901205,CYLINDER,CYLINDER_3,0.4,0.6,True
1.73,1.73,AEROTWIN-4-001,IDLE,0.15,1134.4192681821019,308.73287518759605,23.72699968287966,15.452356536447457,19.668749087723853,2.382521072965309,-6.598913624241705,-1.2611226955995596,-0.21555676233296556,17.14459275671295,-0.21555676233296556,31.902512244320786,509.4890963720324,24.938014830714202,379.2814189518594,55.010218441939784,0.00101983918733273,5.099195936663651,322.42705098312484,0.21065195560588987,CYLINDER,CYLINDER_3,0.4,0.6,True
1.74,1.74,AEROTWIN-4-001,IDLE,0.15,1128.499609789295,376.79803127852216,23.71184392829177,9.537764775219589,19.55994616161404,2.375922159341067,-12.398103545735518,10.392438179304392,-0.4669190704567126,-0.17233525939026195,-0.21541907423782744,31.91739430995747,509.46304864909536,24.937696286516246,379.1265345085615,54.98775431205274,0.001019090259998032,5.09545129999016,322.42705098312484,0.31380443100761396,CYLINDER,CYLINDER_3,0.4,0.6,True
1.75,1.75,AEROTWIN-4-001,IDLE,0.15,1139.6276953728216,444.50800786587985,23.683274471875972,45.02647426039557,19.356342259449935,2.3635240557953314,23.3066079451503,47.02005029979091,-1.6062888955213706,-0.1721276194995413,-0.21515952437442665,31.931836950681628,509.4351151227777,24.937375576950757,378.8353031349006,54.94551469607971,0.001017684401411098,5.08842200705549,322.42705098312484,0.4391000130659654,CYLINDER,CYLINDER_3,0.4,0.6,True
1.76,1.76,AEROTWIN-4-001,IDLE,0.15,1132.2177284396396,512.8856695882491,23.736878642004253,6.607400749181881,19.73996853919339,2.386830663740482,-15.519398453751993,7.732699580630811,-0.7371351109016905,-0.1725172091321061,-0.21564651141513264,31.946610556892836,509.41264911415374,24.93705935892245,379.38252391543404,55.02488250364672,0.001020328538127531,5.1016426906376555,322.42705098312484,0.3656689400720744,CYLINDER,CYLINDER_3,0.4,0.6,True
1.77,1.77,AEROTWIN-4-001,IDLE,0.15,1136.8209232306417,580.8187332946275,23.701233290144643,31.496320700897524,19.484100809974485,2.3713112652867303,9.640908625636309,-0.21532267794517135,32.93952322320233,-0.1722581423561371,-1.0556217020034964,31.96087936253018,509.38756905563116,24.936740379637747,379.0182602189655,54.97205042563832,0.0010185672280637569,5.092836140318784,322.42705098312484,0.2021109723566613,CYLINDER,CYLINDER_3,0.4,0.6,True
1.78,1.78,AEROTWIN-4-001,IDLE,0.15,1142.0157856001729,649.0279886884659,23.723399557601468,32.90390020496221,19.642853726697055,2.3809521739123665,10.880094304352792,-0.21552405565452615,34.81995123420989,-0.1724192445236209,-1.5281077290695257,31.975187141802856,509.36508879633925,24.936423343018703,379.244602786063,55.00487869888501,0.0010196610879138002,5.098305439569001,322.42705098312484,0.2264835998369147,CYLINDER,CYLINDER_3,0.4,0.6,True
1.79,1.79,AEROTWIN-4-001,IDLE,0.15,1131.409086947971,717.5489358244763,23.748325197250868,0.0,19.82278544151468,2.3918322682167195,-22.2146177097314,-0.2157505019078963,0.2005338215006386,-0.17260040152631703,-0.06920104555352734,31.98955936673799,509.34539691311653,24.936108490685886,379.4998180742091,55.04189461384714,0.0010208967075890122,5.104483537945061,322.42705098312484,0.48156548753833894,CYLINDER,CYLINDER_3,0.4,0.6,True
1.8,1.8,AEROTWIN-4-001,IDLE,0.15,1142.836138006521,65.43348104135453,23.697331633842165,45.758656682574994,19.4562792602441,2.3696176505069877,23.932759771823907,-0.2152872318958799,-0.2152872318958799,-1.1747955686364535,47.364026715003206,32.00329168971457,509.3216515989806,24.935789617963316,378.9784797179124,54.966280741326585,0.0010183751706479389,5.091875853239695,322.42705098312484,0.4517477171939891,CYLINDER,CYLINDER_3,0.4,0.6,True
1.81,1.81,AEROTWIN-4-001,IDLE,0.15,1140.1786863194657,134.0036493217458,23.752252656056918,16.679071170145246,19.851274558081432,2.3935504102788117,-5.565753798214997,-0.21578618236963787,-0.21578618236963787,-0.9312842498517262,18.04192778473625,32.01737047324393,509.3033972252946,24.93547537287678,379.54009942614385,55.04773694056905,0.001021091943683143,5.105459718415714,322.42705098312484,0.18977342422794805,CYLINDER,CYLINDER_3,0.4,0.6,True
1.82,1.82,AEROTWIN-4-001,IDLE,0.15,1135.05988580525,202.41437050091372,23.739521427671768,11.426254972747262,19.7590610433681,2.3879846564805964,-10.720790727101434,-0.6167674146785869,-0.2156705207854552,12.47436342899676,-0.2156705207854552,32.0311660998191,509.28446030308487,24.9351602203403,379.4095909116602,55.02880824664537,0.0010204596058057266,5.102298029028633,322.42705098312484,0.28140062137020555,CYLINDER,CYLINDER_3,0.4,0.6,True
1.83,1.83,AEROTWIN-4-001,IDLE,0.15,1140.8005942782288,270.5179636492287,23.71492826683263,33.98261935972876,19.582043783900776,2.377263865753495,12.023311710074488,-1.6157871858427537,-0.21544709505962087,36.02930073569076,-0.21544709505962087,32.04457424093737,509.26380303228143,24.93484319692849,379.15803293330197,54.99232278058025,0.0010192424968520786,5.096212484260394,322.42705098312484,0.24546044242401974,CYLINDER,CYLINDER_3,0.4,0.6,True
1.84,1.84,AEROTWIN-4-001,IDLE,0.15,1131.7162097552239,338.9659993059224,23.742503075141926,3.1436187190228395,19.780621994797695,2.3892871774635696,-19.026290453238424,-0.5806394591943409,-0.21569760867198426,4.155653395561149,-0.21569760867198426,32.05807834562115,509.24612249687937,24.934528571970063,379.44013850772694,55.0332388088837,0.001020607559504601,5.1030377975230055,322.42705098312484,0.42641630475337655,CYLINDER,CYLINDER_3,0.4,0.6,True
1.85,1.85,AEROTWIN-4-001,IDLE,0.15,1138.6014842146665,406.86897189123584,23.698813758206793,36.25758956368125,19.46684357018132,2.370260887010331,14.420485106489597,37.8235665023221,-1.1784356843891988,-0.17224055744517977,-0.21530069680647473,32.07102580333911,509.2249906672096,24.934210520451785,378.9935890595334,54.968472170016604,0.0010184481106874105,5.092240553437053,322.42705098312484,0.28546161634383643,CYLINDER,CYLINDER_3,0.4,0.6,True
1.86,1.86,AEROTWIN-4-001,IDLE,0.15,1141.820886591704,475.18506094411583,23.731953645248797,28.83181562241212,19.704433679195134,2.3846813721168205,6.742700571100165,30.683195614900814,-1.4632968092813958,-0.1724814147587999,-0.21560176844849988,32.08412327913023,509.20733796519283,24.93389531153581,379.33210512235036,55.01756986273545,0.0010200844635957515,5.100422317978758,322.42705098312484,0.15512203365981742,CYLINDER,CYLINDER_3,0.4,0.6,True
1.87,1.87,AEROTWIN-4-001,IDLE,0.15,1131.5127533035009,543.6943141396181,23.747391764201748,0.6181402147287209,19.816020015669395,2.391424072687921,-21.589303873628594,-0.21574202178783847,1.1107330961170636,-0.17259361743027077,-0.10425724217023352,32.09720816798331,509.1915063246023,24.933581513086335,379.4902471954944,55.04050647274012,0.0010208503279440226,5.104251639720113,322.42705098312484,0.47072624828382365,CYLINDER,CYLINDER_3,0.4,0.6,True
1.8800000000000001,1.8800000000000001,AEROTWIN-4-001,IDLE,0.15,1143.274562012757,611.5850793378281,23.697831947884666,46.4635541458483,19.45984482108198,2.3698347688142922,24.633874555952026,-0.21529177718506912,48.38308558759062,-0.17223342174805528,-1.5320062428091976,32.10969081154599,509.1716527036173,24.933263802388144,378.9835798228432,54.96702045034553,0.001018399790371837,5.091998951859185,322.42705098312484,0.46407753982218153,CYLINDER,CYLINDER_3,0.4,0.6,True
1.8900000000000001,1.8900000000000001,AEROTWIN-4-001,IDLE,0.15,1138.7952140255754,680.1815530585935,23.754350649455986,12.879452648450622,19.866508491348768,2.3944686433702445,-9.38152448626839,-0.2158052423717681,14.304345103484383,-0.17264419389741448,-1.0364430187645786,32.122538960386,509.1573361983181,24.932950861389454,379.56162476847277,55.050858933169756,0.0010211962968978932,5.105981484489466,322.42705098312484,0.25631573612957914,CYLINDER,CYLINDER_3,0.4,0.6,True
1.9000000000000001,1.9000000000000001,AEROTWIN-4-001,IDLE,0.15,1138.005358573644,28.50926590012807,23.73288367851681,20.44195728532861,19.71113955656861,2.385087118883976,-1.6542693901239778,-0.2156102176819805,-0.2156102176819805,-0.6174656755916075,21.490643396284177,32.13504159000871,509.1414578850854,24.932636290893225,379.34162395976,55.01895045587567,0.0010201305367162309,5.1006526835811545,322.42705098312484,0.12347106338472277,CYLINDER,CYLINDER_3,0.4,0.6,True
1.9100000000000001,1.9100000000000001,AEROTWIN-4-001,IDLE,0.15,1146.7739062414885,96.7895874145467,23.729091011369736,40.43204233310965,19.683806192980715,2.3834328494938517,18.364803290635084,-0.21557576178524862,-0.21557576178524862,-1.2843835863845032,42.14757744306465,32.14736361893793,509.1256380202041,24.93232154946369,379.30281269323547,55.01332134740149,0.0010199427027977198,5.099713513988599,322.42705098312484,0.3581594791036198,CYLINDER,CYLINDER_3,0.4,0.6,True
1.92,1.92,AEROTWIN-4-001,IDLE,0.15,1137.1087835808605,165.596021789036,23.77107178825268,2.147521846787465,19.98830975845151,2.401797652784487,-20.242585564448532,-0.21595715178255367,-0.21595715178255367,-0.32232529815643757,2.9017614485090095,32.15992078277902,509.1139716009454,24.93201041895786,379.7333732725356,55.07576899270202,0.0010220295172090987,5.1101475860454935,322.42705098312484,0.44451527163322935,CYLINDER,CYLINDER_3,0.4,0.6,True
1.93,1.93,AEROTWIN-4-001,IDLE,0.15,1141.998175644722,233.82254880388763,23.72478324046394,32.27467658431969,19.652802724867993,2.381555067220038,10.240318792231662,-1.304846907158294,-0.21553662623664424,34.01059674395127,-0.21553662623664424,32.171913008522935,509.0984546467421,24.931695603398726,379.25875100051474,55.006930727612655,0.001019729524563982,5.09864762281991,322.42705098312484,0.2154559872198848,CYLINDER,CYLINDER_3,0.4,0.6,True
1.94,1.94,AEROTWIN-4-001,IDLE,0.15,1140.3775866499825,302.34243934257097,23.74824086310458,18.81981584146194,19.82217410902431,2.39179538601227,-3.3941536535746413,-1.367096803425694,-0.2157497357429462,20.618412116373523,-0.2157497357429462,32.18397510637739,509.08542107013557,24.93138285899527,379.49895331798234,55.04176919133352,0.001020892516919984,5.10446258459992,322.42705098312484,0.1522167419584508,CYLINDER,CYLINDER_3,0.4,0.6,True
1.95,1.95,AEROTWIN-4-001,IDLE,0.15,1132.0732550594857,370.7650945415699,23.740475174800938,4.761805268501364,19.76595544792823,2.3884012323586954,-17.39255141178556,5.452166608388298,-0.3021388060655284,-0.17254334836506902,-0.21567918545633627,32.19582604157653,509.0720187948036,24.931069613315618,379.419361091047,55.03022529392327,0.0010205069228610717,5.102534614305359,322.42705098312484,0.39805073609657277,CYLINDER,CYLINDER_3,0.4,0.6,True
1.96,1.96,AEROTWIN-4-001,IDLE,0.15,1143.718577261843,438.68948984513906,23.70053638222786,46.24004316951471,19.479128702160224,2.3710086809469098,24.389905786407578,48.21112226518993,-1.5835096717488863,-0.17225307730059047,-0.2153163466257381,32.20718349877435,509.0553925771019,24.930753237248886,379.01115337831453,54.97101966368398,0.0010185329125208457,5.092664562604229,322.42705098312484,0.4601343057753279,CYLINDER,CYLINDER_3,0.4,0.6,True
1.97,1.97,AEROTWIN-4-001,IDLE,0.15,1137.4534012056884,507.31260448084964,23.75647470779133,9.155587198099312,19.88194265900757,2.3953985867333176,-13.121754047641577,10.418250077236692,-0.8741787086304512,-0.17265963133641285,-0.21582453917051606,32.2189051588296,509.04417286721514,24.930441596538653,379.5834229419885,55.05402049666013,0.0010213019897698135,5.106509948849068,322.42705098312484,0.3215329867335759,CYLINDER,CYLINDER_3,0.4,0.6,True
1.98,1.98,AEROTWIN-4-001,IDLE,0.15,1139.776435087478,575.5598085531909,23.726439359025598,26.91234429206314,19.664716674663854,2.3822768326856756,4.865350784713609,-0.21555167186230115,28.240496837011452,-0.17244133748984092,-0.9401595355961702,32.23022203372747,509.0305485746229,24.93012761613798,379.2756878689405,55.00938721713539,0.0010198114598054988,5.0990572990274945,322.42705098312484,0.12159578824547602,CYLINDER,CYLINDER_3,0.4,0.6,True
1.99,1.99,AEROTWIN-4-001,IDLE,0.15,1146.4568489921612,643.9463946584395,23.737592166095027,36.1236899886183,19.74512164121959,2.3871421834703894,13.991426163928322,-0.21565299369038485,38.081584607530644,-0.17252239495230787,-1.5697192302696494,32.241505150999345,509.0182604752948,24.92981469345708,379.38983089460345,55.02594229329149,0.001020363918419951,5.101819592099755,322.42705098312484,0.2826639403265743,CYLINDER,CYLINDER_3,0.4,0.6,True
2.0,2.0,AEROTWIN-4-001,IDLE,0.15,1135.9794371259127,712.7338055979692,23.769558552536413,0.4345521594155005,19.977258648208302,2.4011336096343174,-21.94384009842712,-0.2159434042293019,1.0280931474927677,-0.1727547233834415,-0.20484286046452382,32.252939947248954,509.0091426129805,24.929504562068544,379.7178163629481,55.07351264964927,0.0010219540008259234,5.109770004129617,322.42705098312484,0.4744568564502409,CYLINDER,CYLINDER_3,0.4,0.6,True
2.0100000000000002,2.0100000000000002,AEROTWIN-4-001,IDLE,0.15,1146.6706770011217,60.89257182552399,23.719353038989702,44.38465502222825,19.613784819543604,2.3791897695358903,22.391680433148757,-0.2154872935496528,-0.2154872935496528,-1.129639338865765,45.945268948193316,32.26379633709834,508.9957623778528,24.929190417894844,379.2032399903738,54.998879521723836,0.001019461052573678,5.097305262868391,322.42705098312484,0.4274442044810367,CYLINDER,CYLINDER_3,0.4,0.6,True
2.02,2.02,AEROTWIN-4-001,IDLE,0.15,1145.2480247761664,129.6928124455913,23.770579139579283,19.40669693940824,19.984711341794636,2.401581449969039,-2.9795958523554367,-0.21595267613226393,-0.21595267613226393,-0.9970271769766883,20.835629468649454,32.2749776999152,508.98729860854985,24.92888065189302,379.7283082629362,55.07503437383974,0.0010220049296758014,5.110024648379007,322.42705098312484,0.14246818717435095,CYLINDER,CYLINDER_3,0.4,0.6,True
2.0300000000000002,2.0300000000000002,AEROTWIN-4-001,IDLE,0.15,1138.6649554214641,198.4076939321613,23.763785881595577,8.546206450005746,19.935152811091957,2.398601854116684,-13.787548215202895,-0.5112996131071003,-0.21589096025093754,9.489287983614723,-0.21589096025093754,32.28596719349862,508.978436725383,24.928570458268464,379.6584956161157,55.06490888717019,0.0010216661256305497,5.108330628152748,322.42705098312484,0.3323679629702144,CYLINDER,CYLINDER_3,0.4,0.6,True
2.04,2.04,AEROTWIN-4-001,IDLE,0.15,1144.8850085110225,266.72759125744915,23.73225836426864,35.11869361643397,19.706630583136132,2.384814305901481,13.02724872739636,-1.614397324608638,-0.2156045367818845,37.164300014606376,-0.2156045367818845,32.29655024976197,508.9669750738576,24.928257791059476,379.33522379059366,55.01802218814012,0.0010200995582273365,5.100497791136683,322.42705098312484,0.265138835860301,CYLINDER,CYLINDER_3,0.4,0.6,True
2.05,2.05,AEROTWIN-4-001,IDLE,0.15,1136.2332699104204,335.4206917681105,23.76205131204763,4.200199481970732,19.922516879628933,2.397841554628877,-18.120158952287078,-0.6734535690867547,-0.2158752019080879,5.305403454873663,-0.2158752019080879,32.30727064042444,508.95846570065873,24.927947732187693,379.64067883954283,55.06232477752961,0.0010215796880082002,5.107898440041001,322.42705098312484,0.40838255007997776,CYLINDER,CYLINDER_3,0.4,0.6,True
2.06,2.06,AEROTWIN-4-001,IDLE,0.15,1141.8633579904479,403.59468796273575,23.720573927139327,33.79390143293532,19.62255113640685,2.37972139567659,11.79162890085188,35.29627924291548,-1.1144807166874986,-0.172398708130074,-0.2154983851625925,32.317502574023486,508.94646117381814,24.927634381526723,379.2157176492588,55.000689256413196,0.0010195213894694402,5.097606947347201,322.42705098312484,0.24209171351858902,CYLINDER,CYLINDER_3,0.4,0.6,True
2.07,2.07,AEROTWIN-4-001,IDLE,0.15,1146.0193534994814,472.1064894421626,23.7475951845902,30.913303868662055,19.817494204397086,2.391513024577442,8.704296639687527,32.80077041776544,-1.4991275833984257,-0.17259509586887364,-0.21574386983609206,32.3278499742887,508.93716965504,24.927323400293552,379.4923328604523,55.04080897341428,0.0010208604346135445,5.1043021730677225,322.42705098312484,0.1913654357874357,CYLINDER,CYLINDER_3,0.4,0.6,True
2.08,2.08,AEROTWIN-4-001,IDLE,0.15,1135.3421742290586,540.8676506521315,23.767469912839513,0.0,19.962014650130094,2.40021732121713,-22.362231971347224,-0.2159244292043615,0.12673723687924746,-0.1727395433634892,-0.024522723973786784,32.338249655036506,508.9298915651638,24.927014212506514,379.69634854973964,55.07039900095714,0.0010218498059800726,5.109249029900363,322.42705098312484,0.48201268704932865,CYLINDER,CYLINDER_3,0.4,0.6,True
2.09,2.09,AEROTWIN-4-001,IDLE,0.15,1146.9253874654314,608.988181105875,23.71628692252587,46.22946523167224,19.591785070191417,2.3778550892457826,24.259825072235046,-0.21545943827310232,48.125788088934726,-0.17236755061848186,-1.5084958683708956,32.34808244456598,508.9182194935615,24.926700925668076,379.1719115987181,54.99433571445488,0.001019309586053994,5.0965479302699705,322.42705098312484,0.4597643165641411,CYLINDER,CYLINDER_3,0.4,0.6,True
2.1,2.1,AEROTWIN-4-001,IDLE,0.15,1143.0317478717786,677.8037043538009,23.771794645465437,14.240885972293988,19.993590753406078,2.4021149143180174,-8.154819695430108,-0.21596371884802731,15.717547660213956,-0.17277097507842185,-1.0879269939935197,32.358281726252265,508.91180345799336,24.92639237889893,379.74080563190967,55.07684696724091,0.001022065598447691,5.110327992238456,322.42705098312484,0.23289830395698277,CYLINDER,CYLINDER_3,0.4,0.6,True
2.11,2.11,AEROTWIN-4-001,IDLE,0.15,1141.2079088508003,26.38560922610759,23.753188793034067,18.432191280077692,19.858070698546268,2.3939600946225874,-3.819839513091163,-0.2157946870545366,-0.2157946870545366,-0.57540815045584,19.439188804642605,32.368198969889,508.9038791206314,24.926082417979504,379.5497035050645,55.04912989696754,0.001021138501463289,5.105692507316446,322.42705098312484,0.15911567986419958,CYLINDER,CYLINDER_3,0.4,0.6,True
2.12,2.12,AEROTWIN-4-001,IDLE,0.15,1150.3955272656722,94.85808375715561,23.744455146567862,41.42739283733851,19.794749571463786,2.3901402551094963,19.242503010765226,-0.21571534299162187,-0.21571534299162187,-1.2896423377672017,43.14846586108895,32.37792417195926,508.89537124640884,24.925771870349337,379.460143652032,55.036140315003415,0.0010207044703167644,5.103522351583822,322.42705098312484,0.375398619685102,CYLINDER,CYLINDER_3,0.4,0.6,True
2.13,2.13,AEROTWIN-4-001,IDLE,0.15,1140.9099384857038,163.88181539309593,23.788331736407407,2.6575711523549694,20.11475907831574,2.409382758120261,-19.866570684081033,-0.21611395620755447,-0.21611395620755447,-0.35998478497320685,3.449783849743285,32.387915982321175,508.89101361979107,24.925465130126323,379.91101280907867,55.10153347580315,0.0010228924301727864,5.114462150863932,322.42705098312484,0.4359933290268711,CYLINDER,CYLINDER_3,0.4,0.6,True
2.14,2.14,AEROTWIN-4-001,IDLE,0.15,1145.4146681649395,232.3364117022382,23.743027169091448,31.608614033949927,19.7844140687177,2.3895161874361803,9.434683777796044,-1.280644385678996,-0.21570236999859224,33.32066315962611,-0.21570236999859224,32.397397575169684,508.88269968150445,24.925154740003414,379.44550905895017,55.03401774289201,0.0010206335746194262,5.103167873097131,322.42705098312484,0.20358665365831463,CYLINDER,CYLINDER_3,0.4,0.6,True
2.15,2.15,AEROTWIN-4-001,IDLE,0.15,1144.0678727310305,301.06129179213457,23.764581983803236,19.519183814366823,19.940954703856594,2.398950871213976,-2.8207217607037474,-1.3870636068692204,-0.21589819273783697,21.338043806711713,-0.21589819273783697,32.406953557966396,508.87652419010897,24.924846283681823,379.66667406703164,55.06609507333413,0.0010217058069880917,5.108529034940458,322.42705098312484,0.1403594650514319,CYLINDER,CYLINDER_3,0.4,0.6,True
2.16,2.16,AEROTWIN-4-001,IDLE,0.15,1135.3455347925014,369.70536415599645,23.758145161696383,4.022196826236619,19.8940885366572,2.3961301494532723,-18.268021859873855,4.68360794830421,-0.27289963501190323,-0.17267177202474976,-0.21583971503093718,32.41634164960722,508.8699258879553,24.92453742805638,379.600569819576,55.05650744549166,0.0010213851418995538,5.106925709497769,322.42705098312484,0.41140633624705975,CYLINDER,CYLINDER_3,0.4,0.6,True
2.17,2.17,AEROTWIN-4-001,IDLE,0.15,1146.9968412182477,437.82609624354654,23.71630309524306,46.37220229418455,19.591901052026007,2.3778621275933984,24.40243911456514,48.339637094053245,-1.5796075465083936,-0.17236766816013827,-0.21545958520017283,32.425262195789145,508.8597543985246,24.92422524499911,379.17207681612757,54.99435967725751,0.001019310384753851,5.096551923769256,322.42705098312484,0.4622620255738018,CYLINDER,CYLINDER_3,0.4,0.6,True
2.18,2.18,AEROTWIN-4-001,IDLE,0.15,1140.8327090530734,506.64590671664143,23.772135589408535,9.488218392378311,19.99608204291598,2.4022645667079634,-12.910128217245632,10.767516721161806,-0.8905580594791095,-0.17277345302417121,-0.215966816280214,32.43455524002507,508.8548306133693,24.923917838349006,379.7443114105986,55.0773554383704,0.0010220826183388301,5.11041309169415,322.42705098312484,0.3160779601778,CYLINDER,CYLINDER_3,0.4,0.6,True
2.19,2.19,AEROTWIN-4-001,IDLE,0.15,1142.9031916069318,575.0958692598258,23.74265700773484,26.507498661310485,19.781735702427795,2.389354438490718,4.336408520391972,-0.2156990071299347,27.825871914664855,-0.17255920570394775,-0.9301150405204882,32.44348661017641,508.84738815191497,24.92360810908099,379.44171586801764,55.03346758606554,0.00102061520017831,5.103076000891551,322.42705098312484,0.11432145469323142,CYLINDER,CYLINDER_3,0.4,0.6,True
2.2,2.2,AEROTWIN-4-001,IDLE,0.15,1149.619587484041,643.6700607562417,23.75257357201844,36.31408157100202,19.85360409323941,2.39369084701111,14.0667866307515,-0.21578909785016945,38.275074833987816,-0.17263127828013555,-1.5725728868554885,32.45239766375098,508.84101910166294,24.923299343331433,379.5433916696767,55.04821444098657,0.0010211079031478276,5.105539515739138,322.42705098312484,0.2858210149461144,CYLINDER,CYLINDER_3,0.4,0.6,True
2.21,2.21,AEROTWIN-4-001,IDLE,0.15,1139.0941360388838,712.6472360052842,23.784637650306426,0.4509371659070853,20.08763348947967,2.4077576336418614,-22.044453957214447,-0.21608039590703818,1.0472833981740737,-0.17286431672563055,-0.20740151963431958,32.4614782679423,508.8376877330431,24.922993404350695,379.8729625977099,55.09601474924665,0.0010227075000341758,5.113537500170879,322.42705098312484,0.4745229241414004,CYLINDER,CYLINDER_3,0.4,0.6,True
2.22,2.22,AEROTWIN-4-001,IDLE,0.15,1149.7622044326058,60.99288416761726,23.734318445373304,44.45035223236454,19.721488856873364,2.3857131796846467,22.343150195806526,-0.21562325235566118,-0.21562325235566118,-1.1314521691654242,46.01305090624128,32.47002330071603,508.82992874087654,24.92268339636172,379.3563107389516,55.02108059695606,0.001020201630156509,5.101008150782546,322.42705098312484,0.4284187804653038,CYLINDER,CYLINDER_3,0.4,0.6,True
2.23,2.23,AEROTWIN-4-001,IDLE,0.15,1148.2028857078421,129.97861643357362,23.78531677886532,19.23484460216057,20.09261777249491,2.4080563298804534,-3.2658295002147937,-0.21608656570327536,-0.21608656570327536,-0.9935024394080383,20.66052017297516,32.47890169558875,508.82693575282576,24.92237779178504,379.8799565733265,55.09702914148213,0.0010227414879960604,5.113707439980303,322.42705098312484,0.14582044423610932,CYLINDER,CYLINDER_3,0.4,0.6,True
2.24,2.24,AEROTWIN-4-001,IDLE,0.15,1141.7259852475077,198.87078957604416,23.777887553852583,8.877757017809,20.03815512024147,2.404790500380239,-13.565188602812709,-0.5240110369222644,-0.21601907214269914,9.833806199016664,-0.21601907214269914,32.487611857321625,508.82334931002276,24.922071698407517,379.8034777129044,55.08593680052423,0.0010223699259779442,5.111849629889721,322.42705098312484,0.3268955888715523,CYLINDER,CYLINDER_3,0.4,0.6,True
2.25,2.25,AEROTWIN-4-001,IDLE,0.15,1147.8203499867684,267.37434869089464,23.74693720312816,34.967959147571534,19.81272617368869,2.391225311777426,12.764007662105417,-1.6163355152678598,-0.21573789215852945,37.015770447156456,-0.21573789215852945,32.495957005600204,508.81707671380684,24.92176315048509,379.48558677000136,55.03983053394746,0.0010208277451228688,5.1041387256143445,322.42705098312484,0.26232957658354755,CYLINDER,CYLINDER_3,0.4,0.6,True
2.2600000000000002,2.2600000000000002,AEROTWIN-4-001,IDLE,0.15,1138.9963121774158,336.24356969010074,23.776063689171107,3.947773253447217,20.024805505248416,2.4039893194395314,-18.48102157124073,-0.652623609915964,-0.21600250256496378,5.032401868493109,-0.21600250256496378,32.504450577424585,508.81357280309885,24.921457179746646,379.78471256759406,55.08321514137871,0.0010222787900942055,5.111393950471028,322.42705098312484,0.4131276322885609,CYLINDER,CYLINDER_3,0.4,0.6,True
2.27,2.27,AEROTWIN-4-001,IDLE,0.15,1144.9577971782644,404.58334842074566,23.7338489447706,34.58931497945891,19.718101692822696,2.3855082978682907,12.485704988767925,36.11257594387377,-1.1351467878101116,-0.17249518960211027,-0.21561898700263782,32.512488271357846,508.80637475966887,24.92114781852851,379.35150449510843,55.02038350896154,0.0010201783639926221,5.100891819963111,322.42705098312484,0.2558561160048466,CYLINDER,CYLINDER_3,0.4,0.6,True
2.2800000000000002,2.2800000000000002,AEROTWIN-4-001,IDLE,0.15,1148.694298931051,473.28081625144154,23.76239914915556,30.148755172740373,19.925050198763625,2.3979940028570588,7.825710971119689,32.02459581969987,-1.4872595954246648,-0.17270268957103746,-0.21587836196379684,32.52067153083821,508.8019115894678,24.92084097617375,379.64425138550604,55.06284293245103,0.001021597019206775,5.107985096033875,322.42705098312484,0.17781341437990938,CYLINDER,CYLINDER_3,0.4,0.6,True
2.29,2.29,AEROTWIN-4-001,IDLE,0.15,1137.9992325988198,542.2024741873046,23.780229770513046,0.06143600454774123,20.055310836714497,2.4058197138281785,-22.399694545994937,-0.21604035088197335,0.5125784216570541,-0.17283228070557868,-0.06226978552176086,32.52890901556214,508.7991613564158,24.92053577096962,379.8275819682655,55.08943283351329,0.0010224870105938046,5.112435052969023,322.42705098312484,0.48123601652557685,CYLINDER,CYLINDER_3,0.4,0.6,True
2.3000000000000003,2.3000000000000003,AEROTWIN-4-001,IDLE,0.15,1149.6334174551655,610.4824281432337,23.729061587537117,46.43359407726097,19.683594274511766,2.3834200192821835,24.36657978346702,-0.21557549447348653,48.34554241711803,-0.17246039557878923,-1.5239124498047882,32.53662034504841,508.7918962793335,24.920226423955327,379.30251165908095,55.013277686009786,0.0010199412461031172,5.099706230515586,322.42705098312484,0.4631869788158266,CYLINDER,CYLINDER_3,0.4,0.6,True
2.31,2.31,AEROTWIN-4-001,IDLE,0.15,1145.2430266772799,679.4604331905437,23.784703510474905,13.300690458777632,20.088116802508058,2.4077865990656506,-9.195212942796076,-0.2160809942382589,14.742987351581831,-0.17286479539060712,-1.0533511031753338,32.54470747691256,508.7897989084024,24.919921872966764,379.87364083101477,55.09611311884872,0.0010227107959038324,5.113553979519162,322.42705098312484,0.24965378343975914,CYLINDER,CYLINDER_3,0.4,0.6,True
2.32,2.32,AEROTWIN-4-001,IDLE,0.15,1144.200107746986,28.1750147911805,23.763762002762675,20.149285895546438,19.93497880922425,2.3985913861228547,-2.184284299800668,-0.2158907433147898,-0.2158907433147898,-0.6116181385332917,21.19268552070931,32.552523141787546,508.7858723756969,24.919615694597685,379.65825031794145,55.064873309613596,0.0010216649354955005,5.108324677477503,322.42705098312484,0.12931351461285073,CYLINDER,CYLINDER_3,0.4,0.6,True
2.33,2.33,AEROTWIN-4-001,IDLE,0.15,1152.874758773917,96.82702125599967,23.758777443820495,40.46324137451726,19.89868764691951,2.396407101823054,18.168146625774696,-0.21584545923329634,-0.21584545923329634,-1.2858901161071452,42.18082240909099,32.56020518078764,508.7815970410532,24.919309235382002,379.60706094927264,55.057448905960605,0.00102141662276613,5.10708311383065,322.42705098312484,0.35835906433700826,CYLINDER,CYLINDER_3,0.4,0.6,True
2.34,2.34,AEROTWIN-4-001,IDLE,0.15,1143.0482617605546,165.99950678243468,23.800120606053376,2.0355596593925425,20.201551629411266,2.4145752484488283,-20.58056721846755,-0.21622105658292487,-0.21622105658292487,-0.31386248325749444,2.781864255815887,32.568143819976996,508.78114629735853,24.919006405021133,380.03255395122653,55.119161559978,0.0010234834860435077,5.117417430217539,322.42705098312484,0.447154757906377,CYLINDER,CYLINDER_3,0.4,0.6,True
2.35,2.35,AEROTWIN-4-001,IDLE,0.15,1148.0123761345808,234.58240248806794,23.753267817952757,32.649456013385944,19.858644499475826,2.3939946812303607,10.396816832679757,-1.3189682308067299,-0.21579540498583194,34.40001505416434,-0.21579540498583194,32.57559636830586,508.7764954663934,24.918699757247783,379.5505142911024,55.04924749175291,0.0010211424320700747,5.1057121603503735,322.42705098312484,0.22168197907780104,CYLINDER,CYLINDER_3,0.4,0.6,True
2.36,2.36,AEROTWIN-4-001,IDLE,0.15,1146.0111598822,303.4631450561428,23.77697930140068,18.244560199441114,20.031506219193894,2.404391498063041,-4.19133751781582,-1.3515376011578646,-0.21601082078515163,20.02811944216928,-0.21601082078515163,32.58315885150228,508.77408838379125,24.91839524009476,379.7941324940638,55.084581388674025,0.0010223245378740895,5.1116226893704475,322.42705098312484,0.16295528223235156,CYLINDER,CYLINDER_3,0.4,0.6,True
2.37,2.37,AEROTWIN-4-001,IDLE,0.15,1138.1248773261425,372.2238146490748,23.76743078939326,5.844937808060376,19.961729209010787,2.400200160545225,-16.516991561495637,6.576484848460407,-0.34288370760890374,-0.17273925901827847,-0.21592407377284809,32.59055261268174,508.770883814146,24.918090054840683,379.6959464750023,55.07034068484138,0.0010218478546528582,5.109239273264292,322.42705098312484,0.3797253607885239,CYLINDER,CYLINDER_3,0.4,0.6,True
2.38,2.38,AEROTWIN-4-001,IDLE,0.15,1149.5587129976325,440.51130728864337,23.72966504859009,46.01859358550442,19.687940984583733,2.3836831689837292,23.946969431936957,48.00137507778826,-1.594735733971676,-0.17246478147207572,-0.21558097684009464,32.59754732704612,508.7643795233607,24.917781848729643,379.30868585308656,55.01417317875997,0.0010199711234853443,5.099855617426722,322.42705098312484,0.4559174114742291,CYLINDER,CYLINDER_3,0.4,0.6,True
2.39,2.39,AEROTWIN-4-001,IDLE,0.15,1142.702865374912,509.4848300685013,23.78434774985819,8.134282645642706,20.085506191006786,2.4076301384156666,-14.358853683779746,9.34610044428163,-0.8228778266816509,-0.17286220975878752,-0.2160777621984844,32.604912401649166,508.7629380551328,24.91747836736429,379.8699772427855,55.095581759339126,0.0010226929929199012,5.1134649645995065,322.42705098312484,0.34005759117636813,CYLINDER,CYLINDER_3,0.4,0.6,True
2.4,2.4,AEROTWIN-4-001,IDLE,0.15,1146.012395524897,578.047001990996,23.75161477127446,29.171379909729488,19.846644887646477,2.393271284731887,6.931463737351125,-0.21578038726784307,30.55718797036694,-0.17262430981427446,-0.9974033635553323,32.61191937520355,508.75859440320085,24.91717226518613,379.53355580062447,55.04678786621097,0.0010210602239926303,5.105301119963151,322.42705098312484,0.16083490835401648,CYLINDER,CYLINDER_3,0.4,0.6,True
2.41,2.41,AEROTWIN-4-001,IDLE,0.15,1151.7555907775188,646.8077457224898,23.76743668943999,34.3904950126239,19.96177225497592,2.400202748469238,12.028520009178745,-0.21592412737401923,36.329407978935684,-0.17273930189921538,-1.5502495370385516,32.61897460723121,508.75577771263147,24.91686762914171,379.6960071101281,55.07034947923876,0.0010218481489235763,5.109240744617882,322.42705098312484,0.2519852889499639,CYLINDER,CYLINDER_3,0.4,0.6,True
2.42,2.42,AEROTWIN-4-001,IDLE,0.15,1140.9770227424672,715.9130811691409,23.794801590269955,0.0,20.162348834945597,2.412231268478417,-22.574580103424015,-0.21617273400373677,0.4329629585307745,-0.17293818720298942,-0.11554927229213471,32.6261737083777,508.75549280872036,24.91656544685355,379.9776946561529,55.1112048775391,0.0010232166394239023,5.1160831971195115,322.42705098312484,0.48265238628956836,CYLINDER,CYLINDER_3,0.4,0.6,True
2.43,2.43,AEROTWIN-4-001,IDLE,0.15,1152.1462684254293,64.3717025336889,23.743348687459523,45.56921088514033,19.786740740943348,2.389656688374993,23.392813455821987,-0.21570529095191038,-0.21570529095191038,-1.166903953311275,47.167525420355425,32.632863216628124,508.75059564110626,24.916259061488383,379.4488039190457,55.03449562281055,0.001020649535537695,5.103247677688475,322.42705098312484,0.44789334641565404,CYLINDER,CYLINDER_3,0.4,0.6,True
2.44,2.44,AEROTWIN-4-001,IDLE,0.15,1149.4875823372631,133.50047863921466,23.796658846927258,17.02073974753571,20.176029367560798,2.413049501830815,-5.568339121855902,-0.2161896069433086,-0.2161896069433086,-0.940902941845806,18.394021903268136,32.63991357549601,508.75060772226095,24.915957311566043,379.9968460752944,55.113982561068546,0.0010233097835726165,5.116548917863083,322.42705098312484,0.1848329641231885,CYLINDER,CYLINDER_3,0.4,0.6,True
2.45,2.45,AEROTWIN-4-001,IDLE,0.15,1144.2345480651786,202.46973357945046,23.784008990233225,11.48857253713847,20.083020626586737,2.407481162708959,-11.001929252157225,-0.6193705329879496,-0.21607468461054904,12.540092439347516,-0.21607468461054904,32.646775849451814,508.7494800644918,24.915654622237547,379.8664888732207,55.095075813194185,0.0010226760418465606,5.113380209232804,322.42705098312484,0.2813495873407611,CYLINDER,CYLINDER_3,0.4,0.6,True
2.46,2.46,AEROTWIN-4-001,IDLE,0.15,1149.749135914658,271.1238064633612,23.758942110183128,33.846090579413286,19.89988556229031,2.3964792334568017,11.549725783666172,-1.6185407766304158,-0.21584695520617406,35.89632526645605,-0.21584695520617406,32.65335108679699,508.7461292977646,24.915349951693557,379.608751525055,55.05769410369093,0.0010214248220176074,5.107124110088037,322.42705098312484,0.24255700883584522,CYLINDER,CYLINDER_3,0.4,0.6,True
2.47,2.47,AEROTWIN-4-001,IDLE,0.15,1140.3590336239135,340.10875461824065,23.785254550791397,2.833605729027964,20.092161018493634,2.408028959240468,-19.666584248706137,-0.5514015675297647,-0.2160860003691699,3.8171792972960685,-0.2160860003691699,32.66006504566416,508.74522569499817,24.91504764130226,379.8793156967204,55.09693619002094,0.0010227383735158238,5.113691867579119,322.42705098312484,0.4328406675506948,CYLINDER,CYLINDER_3,0.4,0.6,True
2.48,2.48,AEROTWIN-4-001,IDLE,0.15,1147.688484775674,408.5302966356755,23.74038621707111,37.50444127123665,19.76531230076734,2.388362374991762,15.350766595477548,39.10473060640624,-1.2120682560534928,-0.17254270182937612,-0.21567837728672015,32.66633292835175,508.74032035274774,24.91474168664031,379.41844976261655,55.03009311667038,0.0010205025091446552,5.102512545723276,322.42705098312484,0.3067944580466847,CYLINDER,CYLINDER_3,0.4,0.6,True
2.49,2.49,AEROTWIN-4-001,IDLE,0.15,1150.0606864204176,477.3916057222159,23.775434858865342,27.39224539251799,20.02020474429081,2.403713141587239,4.9683275066399375,29.219388369891515,-1.4383487558740462,-0.17279743177754683,-0.21599678972193354,32.67281305822211,508.73867883740434,24.91443881722197,379.77824367959295,55.0822769068008,0.00102224737584469,5.11123687922345,322.42705098312484,0.1294230274991664,CYLINDER,CYLINDER_3,0.4,0.6,True
2.5,2.5,AEROTWIN-4-001,IDLE,0.15,1140.2459427812594,546.395246907441,23.78673788999913,1.9557818037583634,20.103051343762402,2.4086814690938794,-20.555951009097917,-0.21609947631645923,2.5252900800718963,-0.1728795810531674,-0.18052921894390633,32.679309477251365,508.73809501779226,24.914137042833183,379.89459365315906,55.09915207426688,0.001022812624089355,5.114063120446775,322.42705098312484,0.44823731823308854,CYLINDER,CYLINDER_3,0.4,0.6,True
2.5100000000000002,2.5100000000000002,AEROTWIN-4-001,IDLE,0.15,1151.9272899441962,614.8100034743165,23.73984394479567,46.614873998786905,19.7613921932925,2.3881255180847814,24.465356287409623,-0.2156734508123425,48.5641235132474,-0.17253876064987397,-1.5610373029982827,32.68534732976252,508.73331947496797,24.913831449659202,379.41289465319375,55.02928741470991,0.001020475605466344,5.102378027331721,322.42705098312484,0.4662333623941828,CYLINDER,CYLINDER_3,0.4,0.6,True
2.52,2.52,AEROTWIN-4-001,IDLE,0.15,1146.340117212425,683.9256408709683,23.795617903469427,10.87920439814058,20.16836072941527,2.4125908743721913,-11.701747205646882,-0.216180150104916,12.22303648610898,-0.1729441200839328,-0.9547078177795506,32.69176859597039,508.7336696123556,24.913530705067675,379.9861116854699,55.11242566663718,0.0010232575745709473,5.116287872854737,322.42705098312484,0.29228543815531416,CYLINDER,CYLINDER_3,0.4,0.6,True
2.5300000000000002,2.5300000000000002,AEROTWIN-4-001,IDLE,0.15,1147.334494561849,32.70604790371385,23.769001331379673,24.456698880010716,19.973190702279727,2.4008891271665442,2.0826190505644453,-0.21593834194624648,-0.21593834194624648,-0.700066676555068,25.588642240458277,32.69789654306625,508.73161649370917,24.913227835127884,379.71208851898183,55.07268189461609,0.0010219261989004534,5.109630994502267,322.42705098312484,0.07812567441937708,CYLINDER,CYLINDER_3,0.4,0.6,True
2.54,2.54,AEROTWIN-4-001,IDLE,0.15,1154.7217410019175,101.54611757742478,23.77374646992583,37.88264119392127,20.007856683452832,2.4029717462171085,15.471812764251332,-0.2159814509240145,-0.2159814509240145,-1.2696649918648812,39.58426908763418,32.70399091400361,508.7300408647501,24.912925502716213,379.76087730997546,55.07975812328422,0.001022163048601513,5.110815243007565,322.42705098312484,0.3130245528831222,CYLINDER,CYLINDER_3,0.4,0.6,True
2.5500000000000003,2.5500000000000003,AEROTWIN-4-001,IDLE,0.15,1144.2840154102962,170.82942203753984,23.808889009528908,0.8240541440106279,20.266331944245252,2.41844355898136,-21.860721359215983,-0.21630071640883108,-0.21630071640883108,-0.20683660083468955,1.4634921776629797,32.710300552564675,508.73167058927504,24.912626302195115,380.1230659060854,55.13228923288681,0.0010239239888339895,5.119619944169948,322.42705098312484,0.4685617403401515,CYLINDER,CYLINDER_3,0.4,0.6,True
2.56,2.56,AEROTWIN-4-001,IDLE,0.15,1150.1251455056681,239.48646296215762,23.75917861658483,34.53182331794233,19.901606216132055,2.396582837622144,12.233634264188133,-1.3946699520076022,-0.21584910383663314,36.3581914776232,-0.21584910383663314,32.71613080825939,508.728786259719,24.91232300851482,379.61117971639646,55.05804628370671,0.0010214365988664132,5.1071829943320655,322.42705098312484,0.25455457910547274,CYLINDER,CYLINDER_3,0.4,0.6,True
2.57,2.57,AEROTWIN-4-001,IDLE,0.15,1146.8307086930124,308.49397169249767,23.787044746743213,15.61426904179168,20.10530489547513,2.408816471886332,-6.899852325569782,-1.2685316079004565,-0.21610226407079558,17.315005177833726,-0.21610226407079558,32.72211831211487,508.7284773798713,24.912022212416055,379.89775452396026,55.099610520646145,0.0010228279869023147,5.114139934511574,322.42705098312484,0.20922097708552245,CYLINDER,CYLINDER_3,0.4,0.6,True
2.58,2.58,AEROTWIN-4-001,IDLE,0.15,1140.913003900902,377.30381421407844,23.771342854838927,9.998194630527447,19.990289944971426,2.4019166195607626,-12.394011934004741,10.868682105185,-0.48176016875937666,-0.172767691510301,-0.21595961438787625,32.72790782162014,508.7267643205287,24.911720217745977,379.73616028274967,55.07617321508945,0.001022043046836779,5.110215234183896,322.42705098312484,0.30713483687730375,CYLINDER,CYLINDER_3,0.4,0.6,True
2.59,2.59,AEROTWIN-4-001,IDLE,0.15,1151.7056777942335,445.75859444813256,23.743041861219716,44.77816633457219,19.784520383025253,2.3895226076267577,22.60412334392018,46.7797690177808,-1.613338176954144,-0.17256200277976116,-0.21570250347470146,32.73340149414881,508.722557928473,24.91141597241885,379.44565961843125,55.034039579738035,0.0010206343039491617,5.103171519745809,322.42705098312484,0.4340536474567725,CYLINDER,CYLINDER_3,0.4,0.6,True
2.6,2.6,AEROTWIN-4-001,IDLE,0.15,1143.698339041522,514.8609351157866,23.79456426834989,5.802197008191208,20.160601344102297,2.412126730970678,-16.770531066881766,6.880050667539745,-0.688746619012622,-0.172936462371518,-0.21617057796439748,32.739246119855224,508.72308212788727,24.911116226284324,379.9752477769098,55.11084998706744,0.0010232047398135587,5.116023699067794,322.42705098312484,0.3811083776845746,CYLINDER,CYLINDER_3,0.4,0.6,True
2.61,2.61,AEROTWIN-4-001,IDLE,0.15,1149.1792704723541,583.4828354582779,23.756377908309837,33.755831184298096,19.88123903910683,2.3953561999037962,11.479235945287469,-0.21582365975958734,35.25818600153235,-0.17265892780766987,-1.113872229667,32.74471355947688,508.7201615057079,24.91081337294929,379.5824294177996,55.05387639789881,0.0010212971720941627,5.106485860470813,322.42705098312484,0.24100732078766804,CYLINDER,CYLINDER_3,0.4,0.6,True
2.62,2.62,AEROTWIN-4-001,IDLE,0.15,1153.1239447379853,652.4335916866191,23.78254044932681,30.740790763195562,20.072248864871913,2.4068354358490835,8.261706462474566,-0.21606134310393754,32.62752881990761,-0.17284907448315,-1.4978276391249596,32.75032719614966,508.7196628696962,24.910512872451573,379.8513682314927,55.09288274555924,0.0010226025709753766,5.113012854876883,322.42705098312484,0.18794015186841795,CYLINDER,CYLINDER_3,0.4,0.6,True
2.63,2.63,AEROTWIN-4-001,IDLE,0.15,1142.3211203124386,1.6210283708983297,23.801304298943315,0.0,20.21028542656704,2.4150971423115584,-22.6253825688786,-0.21623181028167995,-0.21623181028167995,-0.03670125183487059,0.3240315244539597,32.75602638548306,508.72086727427006,24.910214110335207,380.0447670805533,55.12093292782929,0.0010235429077609225,5.117714538804613,322.42705098312484,0.48280480276532134,CYLINDER,CYLINDER_3,0.4,0.6,True
2.64,2.64,AEROTWIN-4-001,IDLE,0.15,1154.0077094679727,70.16029558964465,23.749787272526294,46.702193535615834,19.833386684841,2.3924717597426794,24.476335091032155,-0.2157637846750759,-0.2157637846750759,-1.2177437960583424,48.35146490102433,32.761243982384215,508.71741178683294,24.909911105478336,379.5148114470487,55.04406922265705,0.0010209693708032816,5.104846854016408,322.42705098312484,0.4676454468519673,CYLINDER,CYLINDER_3,0.4,0.6,True
2.65,2.65,AEROTWIN-4-001,IDLE,0.15,1149.6416256004745,139.40075815772303,23.805500627158555,13.513919418769216,20.24127599266187,2.4169480948337116,-9.144304668726365,-0.2162699333876712,-0.2162699333876712,-0.8444443425274818,14.79090362807204,32.7668479920485,508.71905122479126,24.909612974961377,380.08807799803503,55.12721465667901,0.0010237536753953417,5.118768376976709,322.42705098312484,0.24640961555715854,CYLINDER,CYLINDER_3,0.4,0.6,True
2.66,2.66,AEROTWIN-4-001,IDLE,0.15,1146.504649232834,208.3792556937515,23.784742598439504,15.926139503002844,20.08840365354739,2.4078037901649854,-6.570067940709533,-0.7702852202200532,-0.216081349347426,17.12858742191775,-0.216081349347426,32.77221817632175,508.71877849800023,24.909313202061732,379.87404336452687,55.09617150150425,0.0010227127520201938,5.11356376010097,322.42705098312484,0.20370934030050852,CYLINDER,CYLINDER_3,0.4,0.6,True
2.67,2.67,AEROTWIN-4-001,IDLE,0.15,1150.8962787235687,277.16953464772155,23.769786713939265,31.577965561153547,19.97892454200853,2.401233722224276,9.19780729692074,-1.6069278245353817,-0.21594547704651207,33.61678433978195,-0.21594547704651207,32.77740510496588,508.71716817093574,24.909012291492278,379.7201618115604,55.073852828825096,0.0010219653855517371,5.109826927758686,322.42705098312484,0.20273871648803568,CYLINDER,CYLINDER_3,0.4,0.6,True
2.68,2.68,AEROTWIN-4-001,IDLE,0.15,1140.778576616298,346.22331137113565,23.790714581513683,1.3522400378169366,20.132274249236787,2.4104315295211967,-21.190465740941047,-0.3860262755151613,-0.2161356040510709,2.1705375214342397,-0.2161356040510709,32.782698652775416,508.7174802289724,24.90871329896459,379.9355657249844,55.105094581620286,0.0010230117887554677,5.115058943777338,322.42705098312484,0.4588924340377105,CYLINDER,CYLINDER_3,0.4,0.6,True
2.69,2.69,AEROTWIN-4-001,IDLE,0.15,1149.9231914467875,414.6700259681136,23.742397537946065,41.32153604088823,19.77985846285844,2.3892410637802555,19.15243651424954,43.029586866064406,-1.3197968553921036,-0.17255731990402906,-0.2156966498800363,32.78754453953156,508.71344832751225,24.908410343459597,379.43905707556405,55.03308196012566,0.0010206023211398844,5.103011605699423,322.42705098312484,0.37357013719985577,CYLINDER,CYLINDER_3,0.4,0.6,True
2.7,2.7,AEROTWIN-4-001,IDLE,0.15,1150.239136873632,483.6654174549208,23.786083297775207,23.168352863984687,20.098244809083734,2.4083935002945047,0.6617145546064478,24.906213001553915,-1.3488917845957815,-0.17287482354375372,-0.21609352942969215,32.792681187963304,508.7134363442302,24.908111226088067,379.88785121370665,55.098174164333585,0.001022779854934877,5.1138992746743845,322.42705098312484,0.07700199703493203,CYLINDER,CYLINDER_3,0.4,0.6,True
2.71,2.71,AEROTWIN-4-001,IDLE,0.15,1142.4471985871226,552.6797656673388,23.787587365489227,6.19894828211801,20.109290452684235,2.4090552148491113,-16.319397385415336,-0.2161071936928142,6.943710413292574,-0.17288575495425135,-0.35576918252749773,32.79776923526493,508.7135600657132,24.90781237184592,379.90334421538694,55.10042123831129,0.0010228551554114305,5.114275777057153,322.42705098312484,0.3740017970854754,CYLINDER,CYLINDER_3,0.4,0.6,True
2.72,2.72,AEROTWIN-4-001,IDLE,0.15,1153.7609846686091,621.2265975825661,23.75039089418144,45.926038934435276,19.837764958381737,2.392735817463696,23.695538158589844,-0.21576926850073425,47.91375823462112,-0.1726154148005874,-1.5993346168845237,32.80250147722157,508.7103412920363,24.907510492555037,379.5210022504838,55.044967124405666,0.0010209993759993895,5.104996879996948,322.42705098312484,0.4540557052133347,CYLINDER,CYLINDER_3,0.4,0.6,True
2.73,2.73,AEROTWIN-4-001,IDLE,0.15,1146.6220799873101,690.4522566626827,23.804329395408217,7.697366174803806,20.23262182014574,2.4164313556222856,-14.95168700096422,-0.21625929289677814,8.886492719619039,-0.17300743431742252,-0.7998598176010323,32.80760763678966,508.71205175316476,24.907213344741166,380.0759873510662,55.12546105342394,0.0010236948309191,5.1184741545955,322.42705098312484,0.34817182872478314,CYLINDER,CYLINDER_3,0.4,0.6,True
2.74,2.74,AEROTWIN-4-001,IDLE,0.15,1150.453090882317,39.24958146192125,23.770347203382688,30.40814755918564,19.983017434847447,2.4014796686213216,8.02365045571687,-0.21595056902153464,-0.21595056902153464,-0.8197911247530271,31.659839821981734,32.81238225196283,508.71065992218735,24.906913424311586,379.7259237873782,55.074688534273754,0.001021993354819418,5.10996677409709,322.42705098312484,0.18226039023856505,CYLINDER,CYLINDER_3,0.4,0.6,True
2.75,2.75,AEROTWIN-4-001,IDLE,0.15,1155.809897393271,108.27676691486027,23.788605700078662,33.74554477777602,20.116772137688912,2.4095033190770385,11.219269321010067,-0.2161164451325244,-0.2161164451325244,-1.2312837519325004,35.40906141997357,32.81724579540836,508.7109447487965,24.90661519632442,379.91383538514407,55.101942856590526,0.001022906150407712,5.11453075203856,322.42705098312484,0.2404530744432222,CYLINDER,CYLINDER_3,0.4,0.6,True
2.7600000000000002,2.7600000000000002,AEROTWIN-4-001,IDLE,0.15,1144.9593808825068,177.62536075845654,23.814049315099496,0.0,20.304546050182598,2.4207225883980485,-22.725268638580648,-0.2163475971260019,-0.2163475971260019,-0.053784111083117335,0.19175211418258198,32.82225532528128,508.71351822895946,24.90631929074574,380.17637780212993,55.14002148366532,0.0010241835831600028,5.120917915800015,322.42705098312484,0.48310377957235023,CYLINDER,CYLINDER_3,0.4,0.6,True
2.77,2.77,AEROTWIN-4-001,IDLE,0.15,1151.6107971218282,246.32292361140696,23.762406717036757,36.253796234784915,19.92510531941249,2.397997319759468,13.930693595612954,-1.482798784969161,-0.21587843071703117,38.168351881188144,-0.21587843071703117,32.82679468822361,508.71137715075656,24.90601909694779,379.64432911490627,55.06285420616778,0.001021597396294122,5.107986981470611,322.42705098312484,0.2846515449345216,CYLINDER,CYLINDER_3,0.4,0.6,True
2.7800000000000002,2.7800000000000002,AEROTWIN-4-001,IDLE,0.15,1146.6503691372131,315.4195714387166,23.794113113741215,12.180111646271381,20.157279709668213,2.4119280133550807,-10.389096076751912,-1.1379702668683327,-0.2161664792823872,13.75041487170449,-0.2161664792823872,32.831531836166185,508.7121402064684,24.90572174375275,379.9705963926122,55.110175359591686,0.001023182119891002,5.11591059945501,322.42705098312484,0.269484300309876,CYLINDER,CYLINDER_3,0.4,0.6,True
2.79,2.79,AEROTWIN-4-001,IDLE,0.15,1143.7424794947024,384.2185935869494,23.770482218408233,16.29527256992011,19.98400347821621,2.4015389172783292,-6.090269825574427,17.348392295173905,-0.6644064931453489,-0.17276143649264095,-0.2159517956158012,32.83602575225491,508.7107582880798,24.905422504358047,379.7273118336937,55.074889853735264,0.0010220000927276996,5.110000463638498,322.42705098312484,0.19691584724498098,CYLINDER,CYLINDER_3,0.4,0.6,True
2.8000000000000003,2.8000000000000003,AEROTWIN-4-001,IDLE,0.15,1153.21266889893,452.8431423566316,23.756589030397794,42.1125406356538,19.882773681250896,2.3954486474527545,19.834318306950152,44.11772601504213,-1.616699339390097,-0.172660462221438,-0.2158255777767975,32.840357394859865,508.70816467923265,24.905122219127087,379.5845963334473,55.054190683010525,0.0010213076796815007,5.106538398407503,322.42705098312484,0.3872472779009681,CYLINDER,CYLINDER_3,0.4,0.6,True
2.81,2.81,AEROTWIN-4-001,IDLE,0.15,1143.930966308626,522.0359024905674,23.801725707050625,3.1891261220039646,20.21339560324737,2.4152829657597046,-19.43955244700311,4.078537338273828,-0.5001870665729208,-0.172988510976419,-0.21623563872052376,32.844994736189925,508.70969456320853,24.90482592470581,380.0491155112577,55.121563615521794,0.00102356406588415,5.11782032942075,322.42705098312484,0.4270049759184266,CYLINDER,CYLINDER_3,0.4,0.6,True
2.82,2.82,AEROTWIN-4-001,IDLE,0.15,1151.8955682921155,590.671760469085,23.757490478256997,38.96619431580366,19.889327515759515,2.3958434133127016,16.681023386731447,-0.21583376731548926,40.60684596684312,-0.1726670138523914,-1.2521508698715749,32.849228029262,508.7072083275463,24.904525983126927,379.59384922258374,55.055532703545104,0.0010213525497523327,5.106762748761664,322.42705098312484,0.3321757219204926,CYLINDER,CYLINDER_3,0.4,0.6,True
2.83,2.83,AEROTWIN-4-001,IDLE,0.15,1153.429470374313,659.785494566612,23.79546709633686,25.792371401537554,20.167249956333194,2.4125244366994334,3.212597008504927,-0.21617878004137375,27.588640731918986,-0.172943024033099,-1.4071475263069593,32.853710765602685,508.7081976486257,24.904229419008292,379.9845566468751,55.11220012694947,0.0010232500116489612,5.116250058244806,322.42705098312484,0.10119313228286131,CYLINDER,CYLINDER_3,0.4,0.6,True
2.84,2.84,AEROTWIN-4-001,IDLE,0.15,1144.3190925249828,8.991262789070788,23.802755319907078,3.5560027516567456,20.22099646653712,2.4157370337079382,-19.080730748588312,-0.21624499262184965,-0.21624499262184965,-0.20277359678407228,4.191266333684517,32.858198273620395,508.7098196232848,24.903933616050924,380.0597408156505,55.12310468842032,0.0010236157681745095,5.118078840872547,322.42705098312484,0.42060877659492735,CYLINDER,CYLINDER_3,0.4,0.6,True
2.85,2.85,AEROTWIN-4-001,IDLE,0.15,1155.9922632289586,77.65040834056975,23.759346317185845,46.74771422535944,19.90282637059371,2.3966563029593497,24.448231551806376,-0.2158506273751791,-0.2158506273751791,-1.2651361285504028,48.444551608660205,32.86229087106668,508.70749660092764,24.903634231758257,379.61290152533235,55.05829601143115,0.0010214449498538569,5.107224749269284,322.42705098312484,0.46833071821569744,CYLINDER,CYLINDER_3,0.4,0.6,True
2.86,2.86,AEROTWIN-4-001,IDLE,0.15,1149.6550820128048,147.00994413430726,23.814913730252325,9.459497166181102,20.310953933760626,2.4211045345111564,-13.272561302090681,-0.21635545022728506,-0.21635545022728506,-0.7068247776878307,10.599032844323503,32.86677330822834,508.710234441574,24.90333974825231,380.18531144402016,55.141317201217795,0.0010242270940828563,5.1211354704142815,322.42705098312484,0.31758286880159586,CYLINDER,CYLINDER_3,0.4,0.6,True
2.87,2.87,AEROTWIN-4-001,IDLE,0.15,1149.219207167547,215.98924905507556,23.7848066786342,21.58381175288034,20.088873920835244,2.4078319732090656,-0.9128941411639695,-0.9523272630614643,-0.21608193150781219,22.968302878957427,-0.21608193150781219,32.87096462123524,508.7101879013973,24.90304280304887,379.8747032756887,55.09626721369934,0.0010227159588788244,5.113579794394123,322.42705098312484,0.10470157619168688,CYLINDER,CYLINDER_3,0.4,0.6,True
2.88,2.88,AEROTWIN-4-001,IDLE,0.15,1151.8693014309868,284.9424014851284,23.782730693374898,28.03090753056878,20.073644005272428,2.406919079067902,5.55034444622845,-1.5656775904707707,-0.21606307144682146,30.028711263933193,-0.21606307144682146,32.8750901519297,508.7099557212199,24.902745813482998,379.8533269059056,55.09316682777874,0.0010226120876708471,5.1130604383542355,322.42705098312484,0.14051498999117218,CYLINDER,CYLINDER_3,0.4,0.6,True
2.89,2.89,AEROTWIN-4-001,IDLE,0.15,1141.0926910388257,354.05455957098764,23.795342219007168,0.008319610460809923,20.166330212688425,2.41246942351413,-22.570480025741745,-0.16793985493613073,-0.2161776455467795,0.6086147564904997,-0.2161776455467795,32.87926617908959,508.7108651002313,24.90245004081452,379.9832690030809,55.11201336966885,0.0010232437492654822,5.116218746327411,322.42705098312484,0.4825194616199177,CYLINDER,CYLINDER_3,0.4,0.6,True
2.9,2.9,AEROTWIN-4-001,IDLE,0.15,1151.87500159153,422.5201210333172,23.743903019924982,44.763070124256004,19.79075276670116,2.3898989434883884,22.582418414066453,46.58664144143575,-1.4352927285949124,-0.17256826159325947,-0.21571032699157436,32.88299111514067,508.7071331974564,24.902150011799936,379.45448490543794,55.03531958171491,0.0010206770562173702,5.103385281086851,322.42705098312484,0.4337794144834528,CYLINDER,CYLINDER_3,0.4,0.6,True
2.91,2.91,AEROTWIN-4-001,IDLE,0.15,1149.6835753971175,491.632621128809,23.79536931879095,17.989298877158852,20.166529804090096,2.4124813619024548,-4.589712288833699,19.59023662524836,-1.2118175429487694,-0.17294231339588376,-0.2161778917448547,32.887073957107646,508.7081155824878,24.90185450994764,379.98354843462084,55.11205389786054,0.0010232451082601004,5.116225541300502,322.42705098312484,0.16785295949539625,CYLINDER,CYLINDER_3,0.4,0.6,True
2.92,2.92,AEROTWIN-4-001,IDLE,0.15,1145.1276685488504,560.613635652636,23.784942363630208,12.955892369749709,20.089869710106754,2.407891649613621,-9.541868989970666,-0.21608316418867482,13.915406000644891,-0.17286653135093985,-0.5705639353555684,32.891026730808775,508.7081342252386,24.901558244577416,379.87610060458104,55.09646987948722,0.0010227227492930473,5.113613746465237,322.42705098312484,0.2556933421199034,CYLINDER,CYLINDER_3,0.4,0.6,True
2.93,2.93,AEROTWIN-4-001,IDLE,0.15,1155.2798977761995,629.321295765567,23.76321084523359,43.59209194006037,19.93096298730368,2.3983497806236502,21.26277917213304,-0.21588573611901735,45.599715689195115,-0.17270858889521387,-1.6190294241205165,32.89476334816694,508.7061998704143,24.90126025375674,379.65258867812065,55.064052156697265,0.0010216374670128094,5.108187335064048,322.42705098312484,0.4130623666363191,CYLINDER,CYLINDER_3,0.4,0.6,True
2.94,2.94,AEROTWIN-4-001,IDLE,0.15,1146.5187509638122,698.638089632139,23.81153644801507,4.356238500026076,20.28592891544201,2.4196125597957834,-18.349302975211717,-0.2163247680494169,5.336607878266698,-0.17305981443953353,-0.5909847957516717,32.89883416881226,508.70866482984377,24.900966550346766,380.1504128584966,55.13625558017063,0.0010240571381130925,5.120285690565463,322.42705098312484,0.40681063215763325,CYLINDER,CYLINDER_3,0.4,0.6,True
2.95,2.95,AEROTWIN-4-001,IDLE,0.15,1153.483612265673,47.429214689967694,23.769854023164143,36.96785067323403,19.97941601694841,2.4012632568205716,14.587171399465051,-0.2159460885422251,-0.2159460885422251,-0.9541907785282316,38.35393362884671,32.902530536777654,508.7073133880822,24.900669391796995,379.7208537475487,55.07395318583697,0.001021968744222605,5.109843721113025,322.42705098312484,0.29706092398412043,CYLINDER,CYLINDER_3,0.4,0.6,True
2.96,2.96,AEROTWIN-4-001,IDLE,0.15,1156.1300629589605,116.63823142590807,23.803012419539478,28.181458654121528,20.222894855154692,2.415850428220037,5.542713370746799,-0.21624732833918003,-0.21624732833918003,-1.1597628767893098,29.773716187589198,32.90644232306226,508.70898067292256,24.900375217151574,380.062394213471,55.12348953193341,0.001023628680125944,5.11814340062972,322.42705098312484,0.1429149451512936,CYLINDER,CYLINDER_3,0.4,0.6,True
2.97,2.97,AEROTWIN-4-001,IDLE,0.15,1145.865665780329,186.00603520344572,23.815566824004403,1.239486507031339,20.315796545385098,2.4213931415907837,-21.497703179944544,-0.16978941151440297,-0.2163613835006268,1.8419986855469956,-0.2163613835006268,32.91040646434022,508.7117404687962,24.900082263440012,380.1920617179424,55.14229624744693,0.001024259972886216,5.121299864431081,322.42705098312484,0.46144838582226316,CYLINDER,CYLINDER_3,0.4,0.6,True
2.98,2.98,AEROTWIN-4-001,IDLE,0.15,1152.810463863971,254.75797515026545,23.766736034740315,36.90170750143305,19.956660969532354,2.399895438410839,14.545151093489858,-1.5624196720993917,-0.2159177620155418,38.89596269756353,-0.2159177620155418,32.91394237966965,508.71003224241076,24.899785235327247,379.6888067361871,55.0693051514031,0.0010218132054276748,5.1090660271383745,322.42705098312484,0.2959396511652559,CYLINDER,CYLINDER_3,0.4,0.6,True
2.99,2.99,AEROTWIN-4-001,IDLE,0.15,1146.020295627286,323.9266029821037,23.799815154324307,8.392443933417848,20.19929844325243,2.414440589504329,-14.221295099338912,-0.9548542070421802,-0.21621828159297052,9.77973470364597,-0.21621828159297052,32.917694091205234,508.7113430637208,24.899491183072612,380.0294026364888,55.11870449959106,0.0010234681545106144,5.117340772553072,322.42705098312484,0.33590212247518053,CYLINDER,CYLINDER_3,0.4,0.6,True
3.0,3.0,AEROTWIN-4-001,IDLE,0.15,1146.9484903686005,392.6878207197409,23.767474411360848,24.306273285856676,19.962047471175772,2.40021929440499,1.9440065202759138,25.569530916862607,-0.8745935848747936,-0.1727395760582827,-0.21592447007285337,32.92114993560959,508.70971104239663,24.89919448323777,379.6963947815167,55.070405706321615,0.001021850030349987,5.109250151749936,322.42705098312484,0.07551097031987683,CYLINDER,CYLINDER_3,0.4,0.6,True
3.0100000000000002,3.0100000000000002,AEROTWIN-4-001,IDLE,0.15,1154.2217262074594,461.50473014185695,23.771904883701104,37.62958905712332,19.994396236741668,2.402163300925266,15.233029519456384,39.60551762487677,-1.587192071126464,-0.1727717762786573,-0.21596472034832165,32.924599373645975,508.7085176193518,24.898898295616856,379.7419391483986,55.07701137020544,0.0010220711014072169,5.110355507036084,322.42705098312484,0.30861752413152727,CYLINDER,CYLINDER_3,0.4,0.6,True
3.02,3.02,AEROTWIN-4-001,IDLE,0.15,1143.7960960978717,530.7580337143045,23.80651641601797,0.8307920784822245,20.248784388920967,2.4173963304447224,-21.835388640883465,1.4806095880921473,-0.2605150185503742,-0.1730233293597994,-0.21627916169974926,32.92827736784974,508.71047113295697,24.89860522362888,380.09856538130344,55.12873572577349,0.0010238047210962653,5.119023605481327,322.42705098312484,0.468388169293602,CYLINDER,CYLINDER_3,0.4,0.6,True
3.0300000000000002,3.0300000000000002,AEROTWIN-4-001,IDLE,0.15,1153.9843375617907,599.3857994801767,23.756845467304288,43.618401828565155,19.884637862729974,2.395560941803839,21.33820302403134,-0.21582790747334765,45.399978925944204,-0.17266232597867812,-1.3930868639270257,32.931526712278966,508.7079076815321,24.898308013807,379.58722842385396,55.05457243613893,0.0010213204431742257,5.106602215871128,322.42705098312484,0.41359686296837617,CYLINDER,CYLINDER_3,0.4,0.6,True
3.04,3.04,AEROTWIN-4-001,IDLE,0.15,1152.6758515626743,668.6248597338841,23.805389687165242,19.91686859200345,20.24045611527448,2.4168991448278705,-2.7404866680989004,-0.21626892551199825,21.57335291868018,-0.1730151404095986,-1.267200260755131,32.93511388686398,508.7097747055917,24.89801511056249,380.0869326895872,55.127048543432345,0.0010237481010224596,5.1187405051122985,322.42705098312484,0.13435540305926513,CYLINDER,CYLINDER_3,0.4,0.6,True
3.0500000000000003,3.0500000000000003,AEROTWIN-4-001,IDLE,0.15,1146.8875555337258,17.78541082764457,23.799175592099015,10.485761226678227,20.19458142275038,2.414158658159771,-12.122978854231926,-0.21621247125182172,-0.21621247125182172,-0.396256300058194,11.314442469240065,32.938610182940444,508.71103427433593,24.897721801169364,380.02280471063693,55.11774754962136,0.0010234360559383967,5.117180279691984,322.42705098312484,0.29925407733905646,CYLINDER,CYLINDER_3,0.4,0.6,True
3.06,3.06,AEROTWIN-4-001,IDLE,0.15,1157.6087129133275,86.59866415966812,23.77161412186277,44.848646964265946,19.992271777135898,2.4020356793055395,22.454339507824507,-0.21596207881414878,-0.21596207881414878,-1.2934898983228413,46.57406102021709,32.94185169495041,508.7097816555634,24.897426249830392,379.7389494432775,55.07657774935408,0.0010220565871821026,5.110282935910512,322.42705098312484,0.434954414313951,CYLINDER,CYLINDER_3,0.4,0.6,True
3.0700000000000003,3.0700000000000003,AEROTWIN-4-001,IDLE,0.15,1149.3147481214908,156.05518693446777,23.822570584395248,5.421446944212251,20.367796164843295,2.424490018813364,-17.370839239444408,-0.21642501176944223,-0.21642501176944223,-0.5270250299761852,6.381321997727321,32.94545076358322,508.7131551339943,24.89713523980133,380.26448491754235,55.152800363470504,0.00102461282901689,5.12306414508445,322.42705098312484,0.38842853634254343,CYLINDER,CYLINDER_3,0.4,0.6,True
3.08,3.08,AEROTWIN-4-001,IDLE,0.15,1151.7790271328126,225.01407182175723,23.78318579328411,27.645274882107067,20.076981810290622,2.4071191795739195,5.161173892242525,-1.1461507895367804,-0.21606720597138332,29.223560083586616,-0.21606720597138332,32.948700944725886,508.7128897191251,24.896840946289604,379.85801260698753,55.093846432492256,0.0010226348548448272,5.113174274224136,322.42705098312484,0.13376114342480458,CYLINDER,CYLINDER_3,0.4,0.6,True
3.09,3.09,AEROTWIN-4-001,IDLE,0.15,1152.1171542753236,294.120813449726,23.794913020386513,23.283621570113198,20.16316938538575,2.412280353466162,0.7081718312612857,-1.479740291175583,-0.21617374633211678,25.195709353953017,-0.21617374633211678,32.952003482855766,508.7136870592039,24.896547797365855,379.97884356696363,55.11137151326527,0.00102322222685589,5.116111134279451,322.42705098312484,0.07519161989826884,CYLINDER,CYLINDER_3,0.4,0.6,True
3.1,3.1,AEROTWIN-4-001,IDLE,0.15,1141.5407579886073,363.24784270624536,23.796520458673044,0.43684564587623465,20.175009704447024,2.4129885252974232,-22.15115258386821,0.917846125608922,-0.09186145026604484,-0.17295067976295225,-0.21618834970369033,32.95527943345767,508.71460937741324,24.896254919634966,379.9954189145779,55.113775568532546,0.001023302842034158,5.11651421017079,322.42705098312484,0.4750478676383376,CYLINDER,CYLINDER_3,0.4,0.6,True
3.11,3.11,AEROTWIN-4-001,IDLE,0.15,1153.177060287356,431.7402881855618,23.7460499050079,46.568149999856445,19.80629808267676,2.390837372713555,24.371014544466128,48.49296602937528,-1.536502333415697,-0.17258386493472735,-0.21572983116840921,32.95812898893571,508.7109758964016,24.895957842575143,379.47649038651457,55.0385112126793,0.0010207836694280546,5.103918347140273,322.42705098312484,0.4653432655637173,CYLINDER,CYLINDER_3,0.4,0.6,True
3.12,3.12,AEROTWIN-4-001,IDLE,0.15,1148.3364851951364,500.93091180280317,23.801556582185952,12.489278955546274,20.21214733419937,2.4152083872580214,-10.138076765911116,13.900623310528033,-1.022122970944854,-0.1729872817941795,-0.21623410224272438,32.961371507685776,508.7124202391147,24.895665667264478,380.0473703173325,55.12131049608527,0.0010235555742275795,5.117777871137898,322.42705098312484,0.26424833600545544,CYLINDER,CYLINDER_3,0.4,0.6,True
3.13,3.13,AEROTWIN-4-001,IDLE,0.15,1147.9436219767988,569.8311009145114,23.778524411697944,21.625077992587986,20.04281848249278,2.40507031049211,-0.8228108003969044,-0.21602485791490156,22.81987625206101,-0.17281988633192125,-0.8059535152262011,32.96439796607167,508.7117539410776,24.895371633154642,379.81003109067836,55.08688728932981,0.0010224017564606702,5.112008782303351,322.42705098312484,0.1038323737617343,CYLINDER,CYLINDER_3,0.4,0.6,True
3.14,3.14,AEROTWIN-4-001,IDLE,0.15,1155.956209076166,638.7077182331193,23.776651485222082,39.21487760592178,20.029106927816407,2.404247499691713,16.781523178413657,-0.2160078426170291,41.205076937045334,-0.17280627409362329,-1.6013852144129008,32.96737435330808,508.7109359305407,24.895077569994083,379.79075976507255,55.084092214806596,0.0010223081578837252,5.111540789418626,322.42705098312484,0.33630497212331256,CYLINDER,CYLINDER_3,0.4,0.6,True
3.15,3.15,AEROTWIN-4-001,IDLE,0.15,1145.799030633986,708.0650907776893,23.814742842653743,1.4575712394271876,20.309686999992902,2.421029022870127,-21.27314478343584,-0.2163538977352732,2.1825736925265375,-0.17308311818821856,-0.3355654371758583,32.970609647405595,508.713572336167,24.894786939172242,380.18354526445285,55.141061038065715,0.0010242184917554297,5.121092458777149,322.42705098312484,0.4576125613091391,CYLINDER,CYLINDER_3,0.4,0.6,True
3.16,3.16,AEROTWIN-4-001,IDLE,0.15,1155.5128275026175,56.8130326157285,23.766417817687508,42.69862443622705,19.954339970836283,2.399755878086691,20.344528587304076,-0.21591487105425133,-0.21591487105425133,-1.0841804780117146,44.214634656347265,32.973434472766954,508.7117897551774,24.894492259361577,379.6855367318222,55.06883087651003,0.0010217973366741218,5.108986683370609,322.42705098312484,0.3973893964603821,CYLINDER,CYLINDER_3,0.4,0.6,True
3.17,3.17,AEROTWIN-4-001,IDLE,0.15,1155.0594055741064,126.14380226588555,23.812640950904804,21.764565655382178,20.294109915099305,2.420100406673995,-0.9496446663911224,-0.21633480231713223,-0.21633480231713223,-1.0481930133053148,23.245428273321757,32.976581631971186,508.71421479451334,24.89420170974933,380.1618244944815,55.137910701030606,0.00102411270796937,5.12056353984685,322.42705098312484,0.10219082658417364,CYLINDER,CYLINDER_3,0.4,0.6,True
3.18,3.18,AEROTWIN-4-001,IDLE,0.15,1147.3440509042086,195.44736660033195,23.810490744918447,6.538335996447934,20.278186268300633,2.4191507620076043,-16.159001033860303,-0.4321217310754153,-0.2163152679703137,7.403088263463976,-0.2163152679703137,32.9796748500288,508.7163848841823,24.893911103957116,380.1396101346776,55.13468877471337,0.001024004537669673,5.120022688348365,322.42705098312484,0.36859938847054263,CYLINDER,CYLINDER_3,0.4,0.6,True
3.19,3.19,AEROTWIN-4-001,IDLE,0.15,1153.7193188231013,264.28800965458447,23.77379205558502,35.7635116492079,20.00818998246116,2.402991760973744,13.352329905772994,-1.6118209800653829,-0.21598186506390726,37.8072963594011,-0.21598186506390726,32.98244927898879,508.71519414103665,24.89361745083448,379.76134614766863,55.079826122565564,0.0010221653250315095,5.110826625157548,322.42705098312484,0.2759392566167099,CYLINDER,CYLINDER_3,0.4,0.6,True
3.2,3.2,AEROTWIN-4-001,IDLE,0.15,1145.2088563706902,333.51116878397056,23.804131581533152,4.823233734004378,20.23116052255577,2.416344090879517,-17.824270879430905,-0.723419200743777,-0.21625749578298276,5.97916792631412,-0.21625749578298276,32.98542388938629,508.71676542414923,24.893326555096625,380.0739454824685,55.12516490488627,0.0010236848937771627,5.118424468885814,322.42705098312484,0.398464507433292,CYLINDER,CYLINDER_3,0.4,0.6,True
3.21,3.21,AEROTWIN-4-001,IDLE,0.15,1150.181773105781,402.223700166212,23.76359874892257,32.74756151240711,19.933789237823696,2.398519820000086,10.415252454583328,34.22428770911035,-1.0881255283891402,-0.17271140813959912,-0.2158892601744989,32.98805288040762,508.7146500841329,24.893032288443408,379.6565732918005,55.06463007709616,0.001021656798975967,5.108283994879835,322.42705098312484,0.22327857274518192,CYLINDER,CYLINDER_3,0.4,0.6,True
3.22,3.22,AEROTWIN-4-001,IDLE,0.15,1154.4922341607087,471.23460655255883,23.7873143097007,31.544028350093956,20.107284755142064,2.4089350724546694,9.027808522497223,33.443759301215124,-1.5107424676926493,-0.17288377041267433,-0.21610471301584291,32.99083197480834,508.71471887764636,24.892740197297055,379.90053133412727,55.10001326363915,0.0010228414833561034,5.114207416780517,322.42705098312484,0.20194149298669536,CYLINDER,CYLINDER_3,0.4,0.6,True
3.23,3.23,AEROTWIN-4-001,IDLE,0.15,1143.665127314429,540.5041406022013,23.80780009833706,0.0,20.25827667095948,2.4179628809771665,-22.676239551936646,-0.21629082378970016,0.05623131033989305,-0.17303265903176013,-0.014273247534102921,32.99373561621868,508.7166332917741,24.892450016993905,380.11182042623415,55.13065821098015,0.0010238692435602917,5.119346217801459,322.42705098312484,0.4829571423584992,CYLINDER,CYLINDER_3,0.4,0.6,True
3.24,3.24,AEROTWIN-4-001,IDLE,0.15,1155.1485896394108,609.124048241067,23.756219053368124,46.326278291139296,19.880084397754896,2.39528664142523,24.05090725195917,-0.21582221658272666,48.22716611434749,-0.1726577732661813,-1.5124078333592843,32.996210826331165,508.7138596569002,24.89215551064056,379.5807989973423,55.05363992497653,0.001021289266136183,5.106446330680916,322.42705098312484,0.46099199490713993,CYLINDER,CYLINDER_3,0.4,0.6,True
3.25,3.25,AEROTWIN-4-001,IDLE,0.15,1150.947051406152,678.4329636194317,23.81091372861261,13.900974264854721,20.28131781443235,2.419337548677189,-8.799681098254817,-0.21631911072316284,15.366799949502727,-0.17305528857853028,-1.0764512853463128,32.99907474167286,508.7160768467517,24.891865866015443,380.1439796396705,55.135322518978526,0.0010240258130908998,5.120129065454499,322.42705098312484,0.23976314385020292,CYLINDER,CYLINDER_3,0.4,0.6,True
3.2600000000000002,3.2600000000000002,AEROTWIN-4-001,IDLE,0.15,1149.5014642288434,27.489786703800746,23.79095613590443,19.516957753566853,20.134050590225865,2.410537867578934,-3.027630704237946,-0.2161377985418659,-0.2161377985418659,-0.598602915588712,20.547836266239297,33.001751548735726,508.7164379476141,24.891574615448636,379.93805509898397,55.10545563544644,0.001023023891500305,5.1151194575015255,322.42705098312484,0.14101553228446495,CYLINDER,CYLINDER_3,0.4,0.6,True
3.27,3.27,AEROTWIN-4-001,IDLE,0.15,1158.1935588039833,96.45987455753134,23.784075104114873,40.695696242960864,20.083505698374623,2.407510236874696,18.204680307711545,-0.21607528524672148,-0.21607528524672148,-1.2882203977571196,42.41606721121143,33.00434417395008,508.71617048359326,24.891282899889585,379.86716966838003,55.0951745543625,0.001022679350007929,5.113396750039645,322.42705098312484,0.36213321012895894,CYLINDER,CYLINDER_3,0.4,0.6,True
3.2800000000000002,3.2800000000000002,AEROTWIN-4-001,IDLE,0.15,1148.280036230283,165.95148808577034,23.825338632349503,2.051263549323987,20.388381757963952,2.425714917182408,-20.76283312582237,-0.21645015913164464,-0.21645015913164464,-0.3152510217465283,2.7994148893338044,33.0072228937082,508.71963488956226,24.89099491289086,380.29312513691053,55.15695428360723,0.0010247524196066043,5.123762098033022,322.42705098312484,0.4474717709283143,CYLINDER,CYLINDER_3,0.4,0.6,True
3.29,3.29,AEROTWIN-4-001,IDLE,0.15,1153.223174213258,234.84829025958732,23.7782553317716,32.79868410075037,20.040848034697117,2.4049520840565854,10.35288398199667,-1.3246987550945926,-0.21602241335813052,34.55542768256123,-0.21602241335813052,33.00970663972535,508.71876403285046,24.890702954781922,379.8072621511141,55.08648568787329,0.0010223883072264534,5.111941536132267,322.42705098312484,0.22400297743596548,CYLINDER,CYLINDER_3,0.4,0.6,True
3.3000000000000003,3.3000000000000003,AEROTWIN-4-001,IDLE,0.15,1150.9918348610952,304.0416807123828,23.801775601707252,17.955762634201193,20.213763877109386,2.4153049680385825,-4.673306210946776,-1.3438487544210362,-0.216236092007108,19.732083572636444,-0.216236092007108,33.01234056738752,508.7200334352635,24.890413168818352,380.04963037933663,55.121638290958224,0.0010235665711181118,5.117832855590559,322.42705098312484,0.16859000680330505,CYLINDER,CYLINDER_3,0.4,0.6,True
3.31,3.31,AEROTWIN-4-001,IDLE,0.15,1143.3433369828042,373.10119080404854,23.791169188603508,6.527272621075257,20.135617456205335,2.4106316618276358,-16.018976496957713,7.283769606489021,-0.36744546403658734,-0.17291178727874523,-0.21613973409843154,33.01486228452602,508.72031481432236,24.890122590922225,379.9402508041762,55.1057740961361,0.0010230345666809,5.1151728334045,322.42705098312484,0.3683400128368494,CYLINDER,CYLINDER_3,0.4,0.6,True
3.3200000000000003,3.3200000000000003,AEROTWIN-4-001,IDLE,0.15,1154.5997863753385,441.70179102301677,23.754679697283805,45.83896391105826,19.86889874766697,2.394612685330678,23.57545247806061,47.82903461201497,-1.601615883844033,-0.17264658538341324,-0.21580823172926653,33.017077591988006,508.71731123124266,24.88982899496701,379.5650012694642,55.051348654120545,0.001021212667429767,5.106063337148835,322.42705098312484,0.4524819205111302,CYLINDER,CYLINDER_3,0.4,0.6,True
3.33,3.33,AEROTWIN-4-001,IDLE,0.15,1147.333520496942,510.9777782055371,23.80831041043757,7.461807828400034,20.26205135899177,2.4181881378087384,-15.218431668400473,8.638155776298383,-0.7870161200604026,-0.17303636792797578,-0.2162954599099697,33.01967431601303,508.7192069303367,24.889540173656872,380.11709037388033,55.13142255364686,0.0010238948981725106,5.119474490862553,322.42705098312484,0.3523874768186933,CYLINDER,CYLINDER_3,0.4,0.6,True
3.34,3.34,AEROTWIN-4-001,IDLE,0.15,1151.310839082056,579.8177894353536,23.773741823423848,30.740868982357373,20.007822710896654,2.402969706140338,8.33007656532038,-0.21598140871113733,32.16691032912925,-0.17278512696890985,-1.0372748110918317,33.02197703388481,508.7179411230056,24.889248479245055,379.7608295219467,55.0797511922041,0.0010221628165683464,5.110814082841732,322.42705098312484,0.18804359312528657,CYLINDER,CYLINDER_3,0.4,0.6,True
3.35,3.35,AEROTWIN-4-001,IDLE,0.15,1156.3373068717576,648.896439780277,23.792686613877954,33.08548971858884,20.14678041479457,2.411299782705658,10.527409521088611,-0.21615351971328442,35.00834628268242,-0.1729228157706275,-1.533780228609667,33.02439646029994,508.7184115259656,24.888958557758798,379.95589089020837,55.10804250293404,0.0010231106113523301,5.115553056761651,322.42705098312484,0.2288548704326996,CYLINDER,CYLINDER_3,0.4,0.6,True
3.36,3.36,AEROTWIN-4-001,IDLE,0.15,1145.4774133184578,718.2766781925825,23.816548918306918,0.0,20.323080678315797,2.421827192226747,-22.744907870542544,-0.21637030570195798,0.11853613029438516,-0.1730962445615664,-0.04880195157235312,33.02696959135053,508.72102436933295,24.888670850990763,380.20221348986706,55.14376864014334,0.0010243094225374887,5.121547112687443,322.42705098312484,0.4831624546491069,CYLINDER,CYLINDER_3,0.4,0.6,True
3.37,3.37,AEROTWIN-4-001,IDLE,0.15,1156.8884092653955,67.00532299169004,23.7648817096214,46.241355780693404,19.943139471642333,2.3990822843562043,23.899134024694867,-0.21590091570862188,-0.21590091570862188,-1.1924740632128998,47.86563167532355,33.02911944337484,508.71891765152185,24.888378782477023,379.6697533843988,55.06654169136643,0.0010217207482753413,5.108603741376706,322.42705098312484,0.4594050534407733,CYLINDER,CYLINDER_3,0.4,0.6,True
3.38,3.38,AEROTWIN-4-001,IDLE,0.15,1153.3057737116083,136.41862754761377,23.8191597636263,15.261984035851976,20.342456974983232,2.4229814183808993,-7.503454357512156,-0.21639402489829632,-0.21639402489829632,-0.8950715620442166,16.589843647692785,33.03165657372701,508.7217540284904,24.888091567023967,380.22920728125996,55.14768376565938,0.0010244409280894375,5.122204640447188,322.42705098312484,0.21613903390738884,CYLINDER,CYLINDER_3,0.4,0.6,True
3.39,3.39,AEROTWIN-4-001,IDLE,0.15,1149.112730936375,205.61697397031026,23.80216789184005,13.85024931002533,20.21665959857509,2.415477964023387,-8.781888252573149,-0.7011888162153062,-0.21623965591287153,14.98391743806638,-0.21623965591287153,33.0340337700365,508.7229840807974,24.88780299324523,380.0536785686981,55.122225432246836,0.0010235862690394849,5.117931345197424,322.42705098312484,0.24044568792881715,CYLINDER,CYLINDER_3,0.4,0.6,True
3.4,3.4,AEROTWIN-4-001,IDLE,0.15,1153.9657228459741,274.56373782649274,23.782223466423456,32.64070305710653,20.069924493917647,2.406696075770814,10.164082487418067,-1.61530077169506,-0.21605846335473725,34.68812075551106,-0.21605846335473725,33.036231400226626,508.72238636346447,24.887512813626724,379.8481048043735,55.092409424616726,0.0010225867151267896,5.1129335756339485,322.42705098312484,0.22119229163368911,CYLINDER,CYLINDER_3,0.4,0.6,True
3.41,3.41,AEROTWIN-4-001,IDLE,0.15,1144.0541389489642,343.8016811972512,23.805301326864576,1.897890517557459,20.23980313015586,2.4168601582582316,-20.75877277085663,-0.45248091663402995,-0.21626812276994975,2.7829076797313883,-0.21626812276994975,33.03857832797486,508.72388344274043,24.887224774831257,380.08602049745866,55.12691624091041,0.0010237436612920087,5.118718306460043,322.42705098312484,0.44968544699352875,CYLINDER,CYLINDER_3,0.4,0.6,True
3.42,3.42,AEROTWIN-4-001,IDLE,0.15,1152.5448944355683,412.44492953418904,23.758079490041553,40.07270900088559,19.89361090863711,2.396101385487375,17.782996706761104,41.7445467779473,-1.2833273639195004,-0.1726712947298711,-0.21583911841233888,33.04054046946499,508.7210952733643,24.886932768841817,379.5998956494452,55.056409665204235,0.001021381872376808,5.10690936188404,322.42705098312484,0.3515328720256431,CYLINDER,CYLINDER_3,0.4,0.6,True
3.43,3.43,AEROTWIN-4-001,IDLE,0.15,1153.483811878337,481.59762320032314,23.79855333480394,24.57034148961226,20.189993013731662,2.4138843821941367,1.966464093686462,26.340667785448122,-1.3811540232131037,-0.1729654544990034,-0.21620681812375428,33.04278506776995,508.72201570343117,24.88664440206029,380.01638579265267,55.11681656259476,0.0010234048297199346,5.117024148599673,322.42705098312484,0.07977192210126187,CYLINDER,CYLINDER_3,0.4,0.6,True
3.44,3.44,AEROTWIN-4-001,IDLE,0.15,1144.9684649783965,550.8066519130234,23.803013367406386,4.804251858254445,20.22290185438073,2.4158508462878228,-17.83450084241411,-0.21624733695042989,5.497587348341337,-0.1729978695603439,-0.3040902835761183,33.04503700700054,508.7233155159361,24.88635655502902,380.06240399608663,55.123490950784415,0.0010236287277305242,5.118143638652621,322.42705098312484,0.39877046809504113,CYLINDER,CYLINDER_3,0.4,0.6,True
3.45,3.45,AEROTWIN-4-001,IDLE,0.15,1156.3910396644685,619.5047598117272,23.762450126081234,46.246822316500804,19.925421491825922,2.398016345445409,23.923384479229473,-0.21587882508265716,48.22740806425926,-0.1727030600661257,-1.592003862609672,33.04695599211324,508.7209333987428,24.886065314664307,379.64477496877726,55.06291887192152,0.0010215995592617883,5.107997796308942,322.42705098312484,0.4595289964237096,CYLINDER,CYLINDER_3,0.4,0.6,True
3.46,3.46,AEROTWIN-4-001,IDLE,0.15,1149.5524541904545,688.8882221915953,23.81680352431438,8.424209277770018,20.32496947191744,2.421939729924638,-14.322699924072062,-0.21637261876502423,9.652193128816684,-0.17309809501201937,-0.8385131372696225,33.04926354623775,508.7235062236304,24.885778938350143,380.20484551286603,55.14415038349507,0.001024322243815235,5.121611219076176,322.42705098312484,0.33574476955880717,CYLINDER,CYLINDER_3,0.4,0.6,True
3.47,3.47,AEROTWIN-4-001,IDLE,0.15,1152.7563251671384,37.86136944302257,23.784317943017687,29.20307619157753,20.085287479310406,2.407617030000566,6.710171682266559,-0.21607749140714458,-0.21607749140714458,-0.7957092982125012,30.43094047260432,33.051297296086965,508.72308390554986,24.885489850995402,379.86967030188066,55.095537241244166,0.0010226915013810565,5.1134575069052834,322.42705098312484,0.16100954500206618,CYLINDER,CYLINDER_3,0.4,0.6,True
3.48,3.48,AEROTWIN-4-001,IDLE,0.15,1158.463417473825,107.02674895305088,23.799557941343142,34.564634652175066,20.1974012744623,2.4143272016828328,11.952906176029932,-0.21621594484588108,-0.21621594484588108,-1.2404328075394337,36.23749934940626,33.05342228981187,508.72404523298275,24.885202222567106,380.02674908543634,55.11831963385352,0.001023455244933711,5.117276224668555,322.42705098312484,0.2546604401360425,CYLINDER,CYLINDER_3,0.4,0.6,True
3.49,3.49,AEROTWIN-4-001,IDLE,0.15,1147.5656819331973,176.5345540014804,23.82661545398124,0.0,20.397883835607942,2.4262801078588625,-22.824163943466804,-0.21646175889312702,-0.21646175889312702,-0.07850622807899482,0.3383930309710434,33.05572801822286,508.7274284239327,24.884917101168785,380.30633928654345,55.15887083744169,0.001024816834330656,5.124084171653281,322.42705098312484,0.4833988825625305,CYLINDER,CYLINDER_3,0.4,0.6,True
3.5,3.5,AEROTWIN-4-001,IDLE,0.15,1154.09825435687,245.38849491747223,23.774849189453708,36.101164277679985,20.015920643595884,2.4034559439153957,13.681787690168704,-1.4727688815080886,-0.21599146899011504,38.00591609716831,-0.21599146899011504,33.05761422243506,508.72605657702,24.88462757904058,379.7722192289045,55.08140313252185,0.0010222181212225514,5.111090606112757,322.42705098312484,0.28183590581152074,CYLINDER,CYLINDER_3,0.4,0.6,True
3.5100000000000002,3.5100000000000002,AEROTWIN-4-001,IDLE,0.15,1149.2760847709014,314.6343901788844,23.80593040058899,12.562061796799261,20.24445242895524,2.4171377316055644,-10.099528363761541,-1.1542607232942825,-0.21627383782440737,14.14887019574236,-0.21627383782440737,33.05971277798415,508.727518700176,24.884340897568165,380.0925149832642,55.127858188142675,0.0010237752712503765,5.118876356251883,322.42705098312484,0.2630772040035804,CYLINDER,CYLINDER_3,0.4,0.6,True
3.52,3.52,AEROTWIN-4-001,IDLE,0.15,1146.044213032479,383.5909552651385,23.78300162810519,15.713852902341,20.075631039614052,2.407038203241803,-6.768816340514856,16.751298640178753,-0.6485277787001076,-0.1728524262833996,-0.2160655328542495,33.061613298953844,508.72687762614487,24.88405234256407,379.8561164148352,55.09357141257487,0.001022625641414599,5.113128207072996,322.42705098312484,0.20738359885221613,CYLINDER,CYLINDER_3,0.4,0.6,True
3.5300000000000002,3.5300000000000002,AEROTWIN-4-001,IDLE,0.15,1155.5874012781333,452.3536080470873,23.767588612395322,42.35035680421041,19.96288069439486,2.400269386901288,19.987206722914266,44.357097878506615,-1.6180751606617965,-0.17274040605973506,-0.21592550757466883,33.063375725073875,508.7248674910766,24.883762579611677,379.6975684457914,55.070575932240686,0.0010218557263486517,5.109278631743259,322.42705098312484,0.39128110464115473,CYLINDER,CYLINDER_3,0.4,0.6,True
3.54,3.54,AEROTWIN-4-001,IDLE,0.15,1146.3181940318045,521.6888521237753,23.812994523346532,3.303603791016195,20.296729457170645,2.4202565936242024,-19.413382259778654,4.202775717117835,-0.5097635000419309,-0.1730704115820931,-0.21633801447761639,33.065459629683524,508.72699754720463,24.883476909170728,380.16547789735785,55.13844058327699,0.001024130499479703,5.120652497398515,322.42705098312484,0.42526595710548803,CYLINDER,CYLINDER_3,0.4,0.6,True
3.5500000000000003,3.5500000000000003,AEROTWIN-4-001,IDLE,0.15,1154.186634894134,590.4679437656836,23.768896675340308,38.852893971944546,19.972426755046826,2.400843211364424,16.479624005533296,-0.21593739115949276,40.49067422239323,-0.1727499129275942,-1.2490929463615967,33.06718656059044,508.7251018345381,24.88318751770723,379.7110127701417,55.07252587015581,0.0010219209775401625,5.1096048877008124,322.42705098312484,0.33006030455141094,CYLINDER,CYLINDER_3,0.4,0.6,True
3.56,3.56,AEROTWIN-4-001,IDLE,0.15,1155.7070060612505,659.7191418593316,23.8063498729904,25.84913393883843,20.247553177239634,2.417322835369957,3.1842579262288395,-0.21627764867761023,27.64715699068138,-0.1730221189420882,-1.4087232842232527,33.06917495697486,508.7266257036293,24.882901523055672,380.0968458412908,55.12848632712914,0.0010237963512352804,5.118981756176402,322.42705098312484,0.10206072264011498,CYLINDER,CYLINDER_3,0.4,0.6,True
3.5700000000000003,3.5700000000000003,AEROTWIN-4-001,IDLE,0.15,1146.579404158997,9.061562223006604,23.813561557817092,3.60463352245758,20.30093114983563,2.420507093296186,-19.11680472067424,-0.21634316591337474,-0.21634316591337474,-0.20443859278250454,4.241758447066834,33.07119442730267,508.7287630636362,24.88261629160968,380.17133729113664,55.13929041803188,0.0010241590348174397,5.120795174087199,322.42705098312484,0.4200112449109432,CYLINDER,CYLINDER_3,0.4,0.6,True
3.58,3.58,AEROTWIN-4-001,IDLE,0.15,1158.2127477626223,77.85632647254644,23.770143520022295,46.747738133559544,19.981529977094464,2.401390288575512,24.364817867889567,-0.21594871858421452,-0.21594871858421452,-1.2666988270289499,48.44633439775692,33.0728631510244,508.7269351602563,24.882327394491014,379.72382982580376,55.07438483027492,0.0010219831903606632,5.109915951803316,322.42705098312484,0.46820559141088064,CYLINDER,CYLINDER_3,0.4,0.6,True
3.59,3.59,AEROTWIN-4-001,IDLE,0.15,1151.7581153051644,147.34909133830377,23.825429432346006,9.29626185304694,20.389057353251566,2.4257551064434013,-13.518550606648027,-0.2164509840380183,-0.2164509840380183,-0.7006766551731021,10.429840476296079,33.074928978157104,508.73013867314813,24.88204346995932,380.29406478157136,55.157090567789545,0.0010247569998672454,5.123784999336227,322.42705098312484,0.32068643389177254,CYLINDER,CYLINDER_3,0.4,0.6,True
3.6,3.6,AEROTWIN-4-001,IDLE,0.15,1151.4492172393734,216.45457825661362,23.794813593441432,21.927719182262454,20.16243722255704,2.4122365558367536,-0.6469545961313381,-0.9633504990134394,-0.21617284305101692,23.323415367377926,-0.21617284305101692,33.07673870442263,508.7304958271645,24.881756979972373,379.9778184152585,55.11122282731227,0.0010232172412921918,5.11608620646096,322.42705098312484,0.09891758186303586,CYLINDER,CYLINDER_3,0.4,0.6,True
3.61,3.61,AEROTWIN-4-001,IDLE,0.15,1153.9240619312588,285.541531290976,23.79334473342197,27.746515865782538,20.15162366267324,2.411589601240622,5.183302601868674,-1.5619196153298083,-0.21615949864530415,29.740754478402955,-0.21615949864530415,33.07851598977786,508.7307116674451,24.881470490513856,379.9626750020193,55.10902645694288,0.001023143599536098,5.115717997680491,322.42705098312484,0.13541521277403848,CYLINDER,CYLINDER_3,0.4,0.6,True
3.62,3.62,AEROTWIN-4-001,IDLE,0.15,1143.1070414826506,354.77697500685156,23.80510356647926,0.0,20.238341746209272,2.4167729038424905,-22.655114650051765,-0.14765493813759195,-0.21626632614210187,0.5010307790395524,-0.21626632614210187,33.08036083479187,508.73198275944384,24.881185161371373,380.0839789429515,55.1266201379278,0.0010237337249491218,5.118668624745609,322.42705098312484,0.4828938929118026,CYLINDER,CYLINDER_3,0.4,0.6,True
3.63,3.63,AEROTWIN-4-001,IDLE,0.15,1153.989988189139,423.3633974958106,23.753549092336517,45.0479950311161,19.86068696024845,2.394117789192439,22.793190281675212,46.88314306084315,-1.4467117011372028,-0.17263836826215315,-0.2157979603276914,33.08179813723262,508.72858620823604,24.880895469798983,379.55340019306766,55.049666057202145,0.001021156422816073,5.105782114080365,322.42705098312484,0.438653135050527,CYLINDER,CYLINDER_3,0.4,0.6,True
3.64,3.64,AEROTWIN-4-001,IDLE,0.15,1151.475028431663,492.6027967871589,23.805416509311545,17.39024591626493,20.24065433556424,2.416910979474114,-5.267319398773424,18.9734401182064,-1.1939096974034813,-0.17301533535021793,-0.21626916918777242,33.08360648697996,508.72993869082546,24.880610427683557,380.0872095913138,55.127088704704974,0.001023749448736759,5.118747243683795,322.42705098312484,0.17857192896412108,CYLINDER,CYLINDER_3,0.4,0.6,True
3.65,3.65,AEROTWIN-4-001,IDLE,0.15,1147.3623943938003,561.6912984930588,23.79346748267942,13.950690194364054,20.152527121124194,2.411643660075341,-8.613480586835482,-0.2161606138066338,14.938985673517768,-0.17292849104530703,-0.5992063743017746,33.08530353312053,508.7301795214541,24.880324465478246,379.96394040055395,55.10920998781555,0.0010231497528003825,5.115748764001912,322.42705098312484,0.23848404835492748,CYLINDER,CYLINDER_3,0.4,0.6,True
3.66,3.66,AEROTWIN-4-001,IDLE,0.15,1157.2564300012002,630.5330421566867,23.77387955678681,43.13387965937114,20.00882976084031,2.403030179488505,20.722019719042322,-0.21598266000115218,45.14244829627571,-0.17278612800092175,-1.6197998489024965,33.08683394740893,508.72865177387223,24.880036921927786,379.7622460838691,55.07995664751221,0.0010221696946718804,5.110848473359402,322.42705098312484,0.40491968094709196,CYLINDER,CYLINDER_3,0.4,0.6,True
3.67,3.67,AEROTWIN-4-001,IDLE,0.15,1148.235380664894,699.9684279567588,23.82090266391025,3.8855120665617084,20.35540141576126,2.4237521992075477,-18.8936415484071,-0.2164098589248188,4.83101414564665,-0.17312788713985502,-0.5559643330202676,33.088699600397895,508.73140252095453,24.879753633604768,380.24723203639803,55.150298040095095,0.0010245287536285166,5.122643768142583,322.42705098312484,0.4152682225325275,CYLINDER,CYLINDER_3,0.4,0.6,True
3.68,3.68,AEROTWIN-4-001,IDLE,0.15,1155.6601119621523,48.862550796652386,23.778042460452113,37.99446874755279,20.03928932433028,2.4048585576591406,15.550320865563366,-0.21602047944937527,-0.21602047944937527,-0.9761536403209756,39.40266334677251,33.090221047555005,508.7302183353585,24.879466709068698,379.8050716831259,55.08616798677721,0.0010223776679265581,5.111888339632791,322.42705098312484,0.3149316782619433,CYLINDER,CYLINDER_3,0.4,0.6,True
3.69,3.69,AEROTWIN-4-001,IDLE,0.15,1157.7652026435458,118.20215751438153,23.813339243534397,27.128584209199165,20.299283717470807,2.4204088785247038,4.408891613203654,-0.21634114621650455,-0.21634114621650455,-1.143950095332131,28.705216596964306,33.09198937886109,508.73224578210113,24.879183010198066,380.16903998114145,55.138957220784796,0.001024147846737,5.120739233685,322.42705098312484,0.12437046397317883,CYLINDER,CYLINDER_3,0.4,0.6,True
3.7,3.7,AEROTWIN-4-001,IDLE,0.15,1147.8353183906997,187.66806967299425,23.823311361088518,2.0010201453205796,20.37330332167483,2.4248177701379077,-20.797100946492154,-0.21659498571035876,-0.21643174163110815,2.6504786142931547,-0.21643174163110815,33.09381207250095,508.73512472439586,24.878900321519602,380.2721485877262,55.15391188686663,0.0010246501784018168,5.123250892009084,322.42705098312484,0.44830340563657867,CYLINDER,CYLINDER_3,0.4,0.6,True
3.71,3.71,AEROTWIN-4-001,IDLE,0.15,1154.7191743324227,256.5381887764362,23.776135065654028,36.84686262353825,20.025327784421908,2.404020669191415,14.417514169924928,-1.5755139698956486,-0.2160031510111968,38.85438289545628,-0.2160031510111968,33.09525902418445,508.73367602845343,24.87861361413456,379.7854468605064,55.083321641754125,0.001022282356066241,5.111411780331205,322.42705098312484,0.29487070268924015,CYLINDER,CYLINDER_3,0.4,0.6,True
3.72,3.72,AEROTWIN-4-001,IDLE,0.15,1147.52999242262,325.82133923638156,23.8088768328138,7.62769265121147,20.266241849954447,2.4184381833613404,-15.056987382104317,-0.9113425344754463,-0.21630060578492924,8.971636397256775,-0.21630060578492924,33.096934038147054,508.73521377388454,24.878329906893335,380.12294014572615,55.13227099285583,0.001023923376582205,5.119616882911025,322.42705098312484,0.3494977807891137,CYLINDER,CYLINDER_3,0.4,0.6,True
3.73,3.73,AEROTWIN-4-001,IDLE,0.15,1149.3144018860125,394.67313878173877,23.77467896961948,26.155315301864032,20.01467566509151,2.403381195979236,3.737258440793287,27.46566248720038,-0.9215653247199656,-0.17279193805172566,-0.21598992256465707,33.098333351581616,508.73363199771853,24.87804332881838,379.7704683519564,55.081149188831056,0.0010222096192401028,5.1110480962005145,322.42705098312484,0.10778552459194651,CYLINDER,CYLINDER_3,0.4,0.6,True
3.74,3.74,AEROTWIN-4-001,IDLE,0.15,1155.9510878971946,463.63200289489953,23.783184144083684,36.38393084611845,20.076969713756817,2.4071184544200293,13.899842677941606,38.34770533079693,-1.5748535408989803,-0.1728537527908864,-0.21606719098860802,33.099779529562404,508.73285451286955,24.87775762216145,379.8579956263897,55.09384396966031,0.001022634772337031,5.113173861685155,322.42705098312484,0.28668764191070156,CYLINDER,CYLINDER_3,0.4,0.6,True
3.75,3.75,AEROTWIN-4-001,IDLE,0.15,1145.2835502987552,532.9890681687313,23.81471856918414,0.3884868426009456,20.309507046270145,2.421018297097971,-22.34203850076717,0.9759823510404754,-0.19805888945450717,-0.17308294177112116,-0.21635367721390142,33.10144495225106,508.73494075914664,24.877474817556568,380.18329439310577,55.141024652187276,0.0010242172698742419,5.121086349371209,322.42705098312484,0.47632096849207173,CYLINDER,CYLINDER_3,0.4,0.6,True
3.7600000000000002,3.7600000000000002,AEROTWIN-4-001,IDLE,0.15,1155.877963746475,601.7060811866565,23.76395560519439,44.5239535009085,19.93638960467805,2.3986762585972037,22.188887637633243,-0.21589250216816014,46.338304913787674,-0.1727140017345281,-1.4257449089764906,33.10271152606712,508.7324030474389,24.877187689880902,379.66023914204317,55.06516176468366,0.0010216745849132023,5.108372924566011,322.42705098312484,0.42936128248828165,CYLINDER,CYLINDER_3,0.4,0.6,True
3.77,3.77,AEROTWIN-4-001,IDLE,0.15,1153.7952050627655,671.0587590114451,23.81437196373925,18.365683174528932,20.30693761492225,2.4208651462348367,-4.362119586628156,-0.2163505283476939,19.97863537814988,-0.17308042267815513,-1.2235212525950996,33.1043395811525,508.73446924142996,24.876905112211862,380.1797122339053,55.14050510298116,0.0010241998230363439,5.12099911518172,322.42705098312484,0.161711897081483,CYLINDER,CYLINDER_3,0.4,0.6,True
3.7800000000000002,3.7800000000000002,AEROTWIN-4-001,IDLE,0.15,1149.0621474443278,20.286471315210974,23.804491856481697,12.737432362824288,20.233822031576835,2.4165030266482086,-9.912892695400757,-0.2162607688348855,-0.2162607688348855,-0.4498840605042958,13.619837960998355,33.10587413237054,508.7355911697068,24.876621789513678,380.07766433824344,55.12570428029015,0.0010237029924072636,5.118514962036318,322.42705098312484,0.25997448042748417,CYLINDER,CYLINDER_3,0.4,0.6,True
3.79,3.79,AEROTWIN-4-001,IDLE,0.15,1159.312047860559,89.23020016187064,23.781982484922207,43.9420889581122,20.068157592387116,2.406590133952808,21.467341231772277,-0.21605627406857017,-0.21605627406857017,-1.2962206427658087,45.67042214901515,33.10722238465392,508.73465659651174,24.876336617039602,379.84562391508223,55.09204960139569,0.0010225746616102033,5.112873308051017,322.42705098312484,0.4189693386117151,CYLINDER,CYLINDER_3,0.4,0.6,True
3.8000000000000003,3.8000000000000003,AEROTWIN-4-001,IDLE,0.15,1150.4901626371757,158.78892303350415,23.830629028877066,4.379323920656955,20.427779651201025,2.42805747518458,-18.47651320572865,-0.21649822170854777,-0.21649822170854777,-0.46998058659113523,5.282300950665187,33.108919484731295,508.73813820211063,24.876055867233678,380.3478900970611,55.16489728389755,0.001025019421479672,5.12509710739836,322.42705098312484,0.4068550364262762,CYLINDER,CYLINDER_3,0.4,0.6,True
3.81,3.81,AEROTWIN-4-001,IDLE,0.15,1153.725095701531,227.8183327917347,23.788782130236473,29.302877557261326,20.11806862872666,2.4095809619788513,6.775227966555813,-1.2011076381075723,-0.21611804797797912,30.936221291324856,-0.21611804797797912,33.11028243676598,508.7377519596167,24.875771545290945,379.9156531477052,55.102206501236864,0.0010229149865043131,5.114574932521566,322.42705098312484,0.16270435504630124,CYLINDER,CYLINDER_3,0.4,0.6,True
3.8200000000000003,3.8200000000000003,AEROTWIN-4-001,IDLE,0.15,1153.2821391208975,297.04183853382654,23.80415900836023,21.719993222015432,20.231363125122137,2.4163561899454074,-0.9277260930521116,-1.4446148852591687,-0.2162577449522045,23.59712359717901,-0.2162577449522045,33.11174414897388,508.73876177306977,24.8754887047559,380.0742285839682,55.12520596536158,0.0010236862715355954,5.118431357677977,322.42705098312484,0.10277185958492996,CYLINDER,CYLINDER_3,0.4,0.6,True
3.83,3.83,AEROTWIN-4-001,IDLE,0.15,1143.369311106479,366.2387668810804,23.802055646439758,1.8698810303073614,20.215831010718937,2.415428463852355,-20.76137844426393,2.435353686105455,-0.1762431106781569,-0.1729909089421943,-0.21623863617774286,33.1131728210912,508.73955650265196,24.875205806251575,380.0525202467784,55.12205743155224,0.0010235806327479212,5.117903163739606,322.42705098312484,0.4500995009955651,CYLINDER,CYLINDER_3,0.4,0.6,True
3.84,3.84,AEROTWIN-4-001,IDLE,0.15,1155.0094405572067,434.8409255474691,23.754803963866895,46.64349870726662,19.869801509031298,2.3946670854080914,24.379030112827234,48.5942052258468,-1.5622496693646235,-0.1726474885402447,-0.21580936067530587,33.1142338869668,508.7360830091313,24.874918900535512,379.5662764561707,55.05153360465009,0.0010212188501156423,5.106094250578212,322.42705098312484,0.4665598320696598,CYLINDER,CYLINDER_3,0.4,0.6,True
3.85,3.85,AEROTWIN-4-001,IDLE,0.15,1149.3170847530964,504.1414919809015,23.810253757731502,10.773435936056304,20.276431937743364,2.4190461155209184,-11.92204211720798,12.113147841788628,-0.9503482987827561,-0.17305049197758565,-0.21631311497198205,33.11569446373885,508.7376849798561,24.874636983553525,380.1371621074412,55.13433371773906,0.0010239926183530303,5.119963091765151,322.42705098312484,0.2944795789133111,CYLINDER,CYLINDER_3,0.4,0.6,True
3.86,3.86,AEROTWIN-4-001,IDLE,0.15,1150.3787558888705,573.1005170660873,23.783196923194996,24.707746346513407,20.077063445992263,2.4071240734037107,2.2235588271174334,-0.2160673070852025,25.981640601070207,-0.172853845668162,-0.8849731018034365,33.11693587826706,508.7368073202539,24.87435281009411,379.8581272035406,55.09386305334712,0.0010226354116634811,5.113177058317405,322.42705098312484,0.08235426504650512,CYLINDER,CYLINDER_3,0.4,0.6,True
3.87,3.87,AEROTWIN-4-001,IDLE,0.15,1157.430780140024,642.1232424194195,23.78825191386031,37.29324527062858,20.11417258482427,2.409347632230828,14.769725053573483,-0.21611323102990693,39.26695033918765,-0.17289058482392555,-1.5847012527052362,33.11820021528727,508.73640660405704,24.874069208213744,379.9101904355833,55.10141420039613,0.001022888432758327,5.114442163791635,322.42705098312484,0.30254193005365404,CYLINDER,CYLINDER_3,0.4,0.6,True
3.88,3.88,AEROTWIN-4-001,IDLE,0.15,1146.8675048800933,711.569089227821,23.821728197674027,0.6619806805949859,20.361535292940225,2.4241173572844015,-22.12367196962964,-0.21641735879364735,1.289509942236934,-0.1731338870349179,-0.23797801581338285,33.119699878576014,508.73903820187275,24.87378869318464,380.25577087936176,55.15153649680087,0.0010245703631285834,5.1228518156429175,322.42705098312484,0.47169941025274703,CYLINDER,CYLINDER_3,0.4,0.6,True
3.89,3.89,AEROTWIN-4-001,IDLE,0.15,1157.3200630767205,60.38113952062656,23.77151844359612,44.285353126582514,19.991572746771915,2.4019936853147716,21.891786694495828,-0.21596120958931375,-0.21596120958931375,-1.126452314539515,45.84372786030066,33.12080751556675,508.73707689177456,24.8735038785522,379.7379656715931,55.07643506507652,0.0010220518113016838,5.1102590565084185,322.42705098312484,0.4250978833655259,CYLINDER,CYLINDER_3,0.4,0.6,True
3.9,3.9,AEROTWIN-4-001,IDLE,0.15,1155.6891698029724,129.82034330522978,23.8212039737835,19.36579059455696,20.35764000761195,2.4238854720092675,-3.415734885064257,-0.21641259628654194,-0.21641259628654194,-0.9973022171341699,20.795918004264212,33.122272299858686,508.73964428222735,24.87322357269618,380.250348512478,55.15075004755278,0.0010245439398137571,5.122719699068786,322.42705098312484,0.14437042468830005,CYLINDER,CYLINDER_3,0.4,0.6,True
3.91,3.91,AEROTWIN-4-001,IDLE,0.15,1149.1846113804597,199.16169349340814,23.81347700107784,9.0976589717611,20.30030453797769,2.4204697371242037,-13.623115303340796,-0.5325839055783175,-0.21634239772619598,10.062927672791808,-0.21634239772619598,33.123661768119646,508.7414485336586,24.872942707236895,380.17046350718124,55.13916368615455,0.001024154779398714,5.12077389699357,322.42705098312484,0.3238813149889599,CYLINDER,CYLINDER_3,0.4,0.6,True
3.92,3.92,AEROTWIN-4-001,IDLE,0.15,1155.0741576921139,268.1127701762357,23.78256589181736,34.814319012529566,20.07243544026278,2.4068466218208626,12.335036950445923,-1.6195828372413632,-0.21606157424571532,36.866024998262354,-0.21606157424571532,33.12480449105731,508.7404200109088,24.872659240411814,379.85163017433723,55.092920737225526,0.0010226038436803716,5.113019218401858,322.42705098312484,0.25922660129859004,CYLINDER,CYLINDER_3,0.4,0.6,True
3.93,3.93,AEROTWIN-4-001,IDLE,0.15,1145.9555828520768,337.4172196377625,23.810560713449497,3.5999874200311357,20.27870424703951,2.4191816587713086,-19.09789848577968,-0.6230187524641473,-0.21631590362548378,4.65563797974625,-0.21631590362548378,33.12614212974784,508.7419412925041,24.872378371265274,380.1403329080612,55.134793604319384,0.0010240080568562578,5.1200402842812895,322.42705098312484,0.4200221303054517,CYLINDER,CYLINDER_3,0.4,0.6,True
3.94,3.94,AEROTWIN-4-001,IDLE,0.15,1152.396414973423,406.1745546088871,23.76716541012536,35.8495241359484,19.959793125378617,2.400083760285529,13.489647250284253,37.4065127456192,-1.1683296165658457,-0.17273733026886917,-0.21592166283608646,33.12714176391743,508.73951658141385,24.872093809232712,379.6932192004217,55.06994512639076,0.001021834618945574,5.10917309472787,322.42705098312484,0.27752145155337066,CYLINDER,CYLINDER_3,0.4,0.6,True
3.95,3.95,AEROTWIN-4-001,IDLE,0.15,1155.3679040482996,475.3183395072925,23.79784774503412,28.82183686947239,20.184791296699387,2.4135734075358135,6.223472165237188,30.67674834233268,-1.465750738584859,-0.1729603263446358,-0.21620040793079473,33.12835689688689,508.73991284472424,24.871812070248172,380.00910783368346,55.11576098198178,0.0010233694262877797,5.116847131438899,322.42705098312484,0.15418124841942807,CYLINDER,CYLINDER_3,0.4,0.6,True
3.96,3.96,AEROTWIN-4-001,IDLE,0.15,1145.0245261222165,544.6404137501904,23.811953777403197,1.0456965027831195,20.289019693672905,2.4197968797010505,-21.663120070590836,-0.21632855943361776,1.5663484842721525,-0.17306284754689422,-0.13126057450852088,33.12966285699926,508.7415726967697,24.871531707391654,380.15472449425994,55.136880931198476,0.0010240781334172342,5.120390667086171,322.42705098312484,0.46475491039203454,CYLINDER,CYLINDER_3,0.4,0.6,True
3.97,3.97,AEROTWIN-4-001,IDLE,0.15,1156.6456415588186,613.3418853175234,23.76271801208955,46.66471377265592,19.927372758259857,2.3981337596304595,24.339207254765604,-0.21588125879283537,48.60445919629557,-0.1727050070342683,-1.5511591578125474,33.13058830584377,508.73875817626,24.87124713672576,379.6475264738335,55.06331794471187,0.001021612907776442,5.10806453888221,322.42705098312484,0.4668389808967042,CYLINDER,CYLINDER_3,0.4,0.6,True
3.98,3.98,AEROTWIN-4-001,IDLE,0.15,1151.2784461756016,682.7406238110525,23.818009784603507,11.515365571567244,20.33392032887883,2.422472966885225,-11.24102772419681,-0.21638357748571924,12.887384986360622,-0.1731068619885754,-0.9825289753190842,33.131913106549696,508.7409944968073,24.870967567487703,380.21731648527106,55.145959148390745,0.0010243829965541492,5.121914982770746,322.42705098312484,0.28167785503593473,CYLINDER,CYLINDER_3,0.4,0.6,True
3.99,3.99,AEROTWIN-4-001,IDLE,0.15,1151.7969750444834,31.817330581588635,23.792532545092996,23.642883006846855,20.145646744250826,2.4112319391610284,1.086004323435001,-0.21615212001804665,-0.21615212001804665,-0.6837490426575226,24.758936289540472,33.1330323320864,508.7408746827481,24.870685866805257,379.95430277570347,55.10781216598248,0.0010231028892798862,5.115514446399431,322.42705098312484,0.06884876970251369,CYLINDER,CYLINDER_3,0.4,0.6,True
4.0,4.0,AEROTWIN-4-001,IDLE,0.15,1159.2934432151592,100.92514908425763,23.79499835392793,38.27668195187846,20.16379778648389,2.4123179434844633,15.700566221910105,-0.216174521576444,-0.216174521576444,-1.273538951325852,39.982569946357195,33.13415663671075,508.74098009069843,24.87040451071469,379.9797234168977,55.11149912494,0.0010232265058114141,5.116132529057071,322.42705098312484,0.3196739887403173,CYLINDER,CYLINDER_3,0.4,0.6,True
4.01,4.01,AEROTWIN-4-001,IDLE,0.15,1148.8114105001457,170.48275567716718,23.830541065929253,0.9016245345042154,20.427124006246967,2.4280185097063733,-21.953517981449124,-0.21649742257639923,-0.21649742257639923,-0.21477987183917446,1.5493992514961883,33.135533012435936,508.7442956355232,24.87012644090243,380.3469792379302,55.16476517471092,0.001025014979794866,5.12507489897433,322.42705098312484,0.46771270812624416,CYLINDER,CYLINDER_3,0.4,0.6,True
4.0200000000000005,4.0200000000000005,AEROTWIN-4-001,IDLE,0.15,1154.5758549403172,239.41144030717592,23.780787832251143,34.53848959459818,20.059400399360758,2.406064991724924,12.0730242035125,-1.394859965646552,-0.21604542080160308,36.36544040184795,-0.21604542080160308,33.13652252878033,508.7430359919923,24.8698440842337,379.83332609047744,55.090265949510666,0.0010225149153065126,5.112574576532563,322.42705098312484,0.25442020112958746,CYLINDER,CYLINDER_3,0.4,0.6,True
4.03,4.03,AEROTWIN-4-001,IDLE,0.15,1151.1619759458943,308.68599160359497,23.808196864459845,15.529337992877359,20.26121142303137,2.4181380159284367,-7.150011446082447,-1.266268560851416,-0.21629442835926113,17.228195410447295,-0.21629442835926113,33.1377037144123,508.74427831573837,24.86956427669338,380.115917766727,55.13125248105055,0.001023889189722561,5.119445948612805,322.42705098312484,0.2112030352095649,CYLINDER,CYLINDER_3,0.4,0.6,True
4.04,4.04,AEROTWIN-4-001,IDLE,0.15,1145.3599299125601,377.75571016034866,23.791978552906254,10.400782050038435,20.141570841630795,2.4109880044823546,-12.151776796074714,11.284217150651125,-0.49437034388710144,-0.1729176696558171,-0.21614708706977137,33.13875041104149,508.74402649039314,24.869283159159817,379.94859256093156,55.10698396785239,0.0010230751245876163,5.115375622938081,322.42705098312484,0.30057255792096627,CYLINDER,CYLINDER_3,0.4,0.6,True
4.05,4.05,AEROTWIN-4-001,IDLE,0.15,1155.9863671074,446.4773059551023,23.764320494619717,44.59384307620389,19.939048831756388,2.39883622768628,22.25595801676122,46.59861472625525,-1.6161591791957706,-0.17271665371359615,-0.21589581714199518,33.13958071912731,508.7412943695244,24.868999736774203,379.6639876734121,55.065705444176345,0.0010216927725010495,5.108463862505248,322.42705098312484,0.4305801068395512,CYLINDER,CYLINDER_3,0.4,0.6,True
4.0600000000000005,4.0600000000000005,AEROTWIN-4-001,IDLE,0.15,1147.719241236242,515.8364879815463,23.814885784435496,5.417210993126342,20.310746742844618,2.4210921857030407,-17.314627935421317,6.47087499280834,-0.6642246462644038,-0.17308415707448616,-0.21635519634310768,33.140775540452125,508.74318473904657,24.8687209054819,380.1850226123198,55.14127530964564,0.0010242256872959724,5.121128436479863,322.42705098312484,0.3883222208593978,CYLINDER,CYLINDER_3,0.4,0.6,True
4.07,4.07,AEROTWIN-4-001,IDLE,0.15,1153.5993917720814,584.6996424557208,23.775581533772247,34.74041382750708,20.021277786142463,2.4037775577676195,12.315358483597002,-0.2159981222447333,36.26869277441376,-0.17279849779578663,-1.1394823268661531,33.14166483124851,508.74148479538593,24.868438722844182,379.77975250705236,55.082495744117864,0.0010222547028868288,5.111273514434145,322.42705098312484,0.25801427277346856,CYLINDER,CYLINDER_3,0.4,0.6,True
4.08,4.08,AEROTWIN-4-001,IDLE,0.15,1157.0044702543194,653.9156059620457,23.803562178508685,29.77462736827408,20.226954755559003,2.4160929162512166,7.131579696463859,-0.21625232282921458,31.646524078610643,-0.17300185826337167,-1.4826425292439773,33.142750647174296,508.7423474148322,24.86815913821151,380.0680682776166,55.12431248684896,0.001023656292070712,5.11828146035356,322.42705098312484,0.17078904763759134,CYLINDER,CYLINDER_3,0.4,0.6,True
4.09,4.09,AEROTWIN-4-001,IDLE,0.15,1146.34657750465,3.335874177304845,23.81970946555064,0.44792487784949747,20.346538758641483,2.42322449594768,-22.321838376739663,-0.21639901887008556,-0.21639901887008556,-0.07555238478946824,0.9562753003791368,33.14394387960594,508.7446477881418,24.867881117089464,380.23489178829436,55.14850823519064,0.001024468624579419,5.122343122897095,322.42705098312484,0.47539797735646566,CYLINDER,CYLINDER_3,0.4,0.6,True
4.1,4.1,AEROTWIN-4-001,IDLE,0.15,1158.0566561801274,72.11666882758385,23.769032170951764,46.89984990809954,19.973415823969624,2.4009026575709407,24.525531426558974,-0.21593862211982093,-0.21593862211982093,-1.2330317069752093,48.564758859314395,33.144747663726704,508.74232298379735,24.867598736479138,379.71240551836166,55.07272787157214,0.0010219277375277172,5.109638687638586,322.42705098312484,0.47088045908282017,CYLINDER,CYLINDER_3,0.4,0.6,True
4.11,4.11,AEROTWIN-4-001,IDLE,0.15,1153.0354911013021,141.6000681983915,23.824690786833866,12.292686723041554,20.383562083443486,2.4254281889974996,-10.516303549399431,-0.21644427353786083,-0.21644427353786083,-0.8066620689504659,13.53223733906774,33.14595441213202,508.7450749047082,24.86732141407886,380.28642120076915,55.15598195811716,0.0010247197424443062,5.123598712221532,322.42705098312484,0.26823164522562787,CYLINDER,CYLINDER_3,0.4,0.6,True
4.12,4.12,AEROTWIN-4-001,IDLE,0.15,1150.7093639894101,210.78219766446966,23.80088414809579,17.750267625925307,20.207184971167994,2.4149118854481,-4.871829230690787,-0.8299521553266543,-0.2162279932648808,19.012675767781722,-0.2162279932648808,33.14696958651238,508.74560609970536,24.867042095806024,380.04043184181404,55.12030415347302,0.0010235218144965938,5.117609072482969,322.42705098312484,0.17216526885723923,CYLINDER,CYLINDER_3,0.4,0.6,True
4.13,4.13,AEROTWIN-4-001,IDLE,0.15,1154.4901457632204,279.8247595038343,23.789825243983785,30.45422638296685,20.125735496463413,2.4100400562174094,7.918450830286028,-1.5971838970711485,-0.2161275245331745,32.48366532910435,-0.2161275245331745,33.14789088734596,508.7451271032082,24.866761923753725,379.92640114541643,55.10376536932891,0.0010229672346549396,5.114836173274698,322.42705098312484,0.1828408816510557,CYLINDER,CYLINDER_3,0.4,0.6,True
4.14,4.14,AEROTWIN-4-001,IDLE,0.15,1144.0367669826276,349.0941682496275,23.80779018893691,0.7826565648650063,20.25820337935197,2.4179585070476954,-21.893505321534658,-0.3069090712632718,-0.21629073376406513,1.5221471036564085,-0.21629073376406513,33.14893440786606,508.7462804166694,24.866483471691936,380.1117180959383,55.130643369198694,0.0010238687454163483,5.119343727081741,322.42705098312484,0.46926042001306706,CYLINDER,CYLINDER_3,0.4,0.6,True
4.15,4.15,AEROTWIN-4-001,IDLE,0.15,1153.8752114489607,417.73637426858517,23.75799642050854,42.89466166868377,19.893006761502054,2.3960650017261607,20.605589905455552,44.652019078039665,-1.3688483546306658,-0.17267069098899115,-0.21583836373623894,33.149598595144255,508.7429248778166,24.86620075091246,379.59904288415424,55.05628598183196,0.001021377736744562,5.1068886837228105,322.42705098312484,0.40091801071092026,CYLINDER,CYLINDER_3,0.4,0.6,True
4.16,4.16,AEROTWIN-4-001,IDLE,0.15,1153.0838362241586,486.9688869555228,23.8048716701066,20.99584643005437,20.23662823340387,2.416670591631616,-1.657452394981115,22.681024037293685,-1.2959020123316134,-0.17301137551453435,-0.21626421939316795,33.15060022529111,508.743869703635,24.865922292499018,380.08158505157223,55.12627293270993,0.001023722073954988,5.118610369774941,322.42705098312484,0.11546114174495135,CYLINDER,CYLINDER_3,0.4,0.6,True
4.17,4.17,AEROTWIN-4-001,IDLE,0.15,1146.5901640765017,556.1539171289724,23.80111378870224,9.02357751984275,20.20887952320556,2.415013139236635,-13.600315142599445,-0.21623007952046674,9.86398597517538,-0.1729840636163734,-0.45119431219579054,33.15156213723398,508.74445174799735,24.86564362564919,380.0428013133965,55.12064781689241,0.0010235333431651528,5.117666715825765,322.42705098312484,0.3248877296033441,CYLINDER,CYLINDER_3,0.4,0.6,True
4.18,4.18,AEROTWIN-4-001,IDLE,0.15,1157.4213085821038,624.9493269735624,23.770194875604197,45.06801383666129,19.981905006721206,2.4014128240940353,22.684696005846046,-0.21594918514311834,47.070052645981264,-0.17275934811449467,-1.613330276062361,33.152284743090924,508.7422362389016,24.86536235139331,379.7243577807938,55.07446140381077,0.0010219857531324622,5.1099287656623105,322.42705098312484,0.43880981962695187,CYLINDER,CYLINDER_3,0.4,0.6,True
4.19,4.19,AEROTWIN-4-001,IDLE,0.15,1149.4064470768178,694.3946054884887,23.821683353369238,5.999012883865697,20.361202046796983,2.4240975200998816,-16.786286683031168,-0.21641695138886466,7.0900313155931185,-0.17313356111109174,-0.7014679192274654,33.1533795746499,508.74471803660714,24.86508577200144,380.25530701398094,55.15146921869377,0.0010245681026614163,5.122840513307081,322.42705098312484,0.37830029344765775,CYLINDER,CYLINDER_3,0.4,0.6,True
4.2,4.2,AEROTWIN-4-001,IDLE,0.15,1154.8435040637983,43.3589923130977,23.78362256193718,33.87484241114548,20.080185652763628,2.4073112334168507,11.387345524965001,-0.2160711739588239,-0.2160711739588239,-0.8900844299303723,35.1970691889935,33.15417944406217,508.74370284872487,24.864805932024822,379.86250980820324,55.09449869756218,0.0010226567068627138,5.113283534313569,322.42705098312484,0.24277351283765652,CYLINDER,CYLINDER_3,0.4,0.6,True
4.21,4.21,AEROTWIN-4-001,IDLE,0.15,1158.7578144209924,112.6496025569256,23.80946664743819,30.88741727695717,20.27060625666092,2.4186985789418154,8.198112441354436,-0.21630596417547623,-0.21630596417547623,-1.1977430242110876,32.51777222951921,33.15516093037231,508.7450432078198,24.86452851255783,380.129031926083,55.133154532495226,0.001023953034454805,5.119765172274025,322.42705098312484,0.19019470971713343,CYLINDER,CYLINDER_3,0.4,0.6,True
4.22,4.22,AEROTWIN-4-001,IDLE,0.15,1147.8548338285145,182.17507142218517,23.82800808423364,0.0,20.40825246299039,2.42689669138317,-22.83514915437356,-0.06161896543164425,-0.2164744107611401,0.403248401016389,-0.2164744107611401,33.156268795806184,508.748027619519,24.864252877647253,380.3207542980696,55.16096156188342,0.001024887109929526,5.12443554964763,322.42705098312484,0.4834316068514158,CYLINDER,CYLINDER_3,0.4,0.6,True
4.23,4.23,AEROTWIN-4-001,IDLE,0.15,1154.732288079232,251.04636145189605,23.776228123374715,36.83417677128767,20.02600872942342,2.404061542228796,14.404106499635457,-1.5321947065867174,-0.21600399642870635,38.798379470731795,-0.21600399642870635,33.15698022099835,508.74626471495753,24.86397275925091,379.78640421071424,55.08346049391357,0.0010222870053081374,5.111435026540687,322.42705098312484,0.29464762035329495,CYLINDER,CYLINDER_3,0.4,0.6,True
4.24,4.24,AEROTWIN-4-001,IDLE,0.15,1148.643391861997,320.33029873665,23.80893904640741,9.93261339835639,20.26670216598524,2.4184656487284317,-12.752554416357283,-1.0355865114054672,-0.21630117098748292,11.400802251736824,-0.21630117098748292,33.157924616089254,508.74749336340324,24.86369566897636,380.12358268579857,55.13236418558285,0.0010239265047304654,5.119632523652327,322.42705098312484,0.30916312729557893,CYLINDER,CYLINDER_3,0.4,0.6,True
4.25,4.25,AEROTWIN-4-001,IDLE,0.15,1147.9819375973864,389.2489022483698,23.77998717233158,21.073899802335426,20.05353328028096,2.4057130943120746,-1.3853465722576082,22.254447587788977,-0.7916791210182991,-0.1728305175267784,-0.21603814690847298,33.158644125447736,508.7460817686876,24.863416132852464,379.8250850270542,55.08907068215388,0.0010224748809229771,5.112374404614886,322.42705098312484,0.11351222254638046,CYLINDER,CYLINDER_3,0.4,0.6,True
4.26,4.26,AEROTWIN-4-001,IDLE,0.15,1156.1438918805363,458.127818504213,23.776834174125796,39.52912882210733,20.030443997781365,2.404327747739817,17.09435707658615,41.521743788480805,-1.6037978621931708,-0.17280760185791288,-0.2160095023223911,33.15933199821525,508.7444219834407,24.863136443890372,379.7926393393585,55.08436482450188,0.0010223172861710073,5.111586430855036,322.42705098312484,0.341802248532124,CYLINDER,CYLINDER_3,0.4,0.6,True
4.2700000000000005,4.2700000000000005,AEROTWIN-4-001,IDLE,0.15,1146.0523564516225,527.4964520170452,23.8156323616712,1.602042285459754,20.316282558587982,2.4214221048164033,-21.135662377944634,2.342811723766529,-0.35131787628324546,-0.17308958312156872,-0.2163619789019609,33.16029820464068,508.74630167323204,24.86286032958381,380.19273913425053,55.14239449855343,0.0010242632724917337,5.121316362458669,322.42705098312484,0.4551051981549167,CYLINDER,CYLINDER_3,0.4,0.6,True
4.28,4.28,AEROTWIN-4-001,IDLE,0.15,1155.5229643242226,596.2595934041425,23.767627495203556,42.198645582435994,19.963164394937166,2.4002864424384587,19.83519474506037,-0.21592586082001655,43.93398119649874,-0.17274068865601325,-1.346669064586721,33.160899138162904,508.74380942702334,24.862580078516757,379.69796805491734,55.0706338907491,0.0010218576657331404,5.109288328665702,322.42705098312484,0.38862570636813887,CYLINDER,CYLINDER_3,0.4,0.6,True
4.29,4.29,AEROTWIN-4-001,IDLE,0.15,1155.1394828740292,665.5909712635959,23.812689013197897,21.91142594585665,20.294465979816696,2.4201216371835192,-0.8031616711435658,-0.21633523895692772,23.620245801246906,-0.17306819116554217,-1.319416425267785,33.16182491723477,508.74543831891526,24.86230395232667,380.16232110471026,55.13798272838497,0.0010241151263569652,5.120575631784826,322.42705098312484,0.09962189944680619,CYLINDER,CYLINDER_3,0.4,0.6,True
4.3,4.3,AEROTWIN-4-001,IDLE,0.15,1148.1292702478995,14.899340236037688,23.810870538177504,8.018161519446878,20.280998034835893,2.4193184755123758,-14.682154990901392,-0.21631871834357505,-0.21631871834357505,-0.333721374531545,8.784520330665572,33.162726240401106,508.746862139317,24.862027788272528,380.1435334637666,55.13525780651778,0.0010240236405985128,5.120118202992565,322.42705098312484,0.34271135343873876,CYLINDER,CYLINDER_3,0.4,0.6,True
4.3100000000000005,4.3100000000000005,AEROTWIN-4-001,IDLE,0.15,1159.2239397365815,83.78709645091166,23.777536608069692,45.676843524997985,20.0355857647097,2.4046363205214742,23.236621439766807,-0.2160158838450751,-0.2160158838450751,-1.2884828380298798,47.39735813071801,33.16337114070203,508.7452459873689,24.86174878521916,379.7998666314919,55.085413056498325,0.001022352387212252,5.111761936061261,322.42705098312484,0.44937910559155086,CYLINDER,CYLINDER_3,0.4,0.6,True
4.32,4.32,AEROTWIN-4-001,IDLE,0.15,1151.4364918448844,153.34053283510656,23.83021244199586,6.542554949744195,20.424674732295596,2.427872941961241,-16.309992724512643,-0.21649443706992752,-0.21649443706992752,-0.5828292904406845,7.558373114324735,33.16439791019193,508.7484250975718,24.861474607706178,380.34357641256656,55.16427163572583,0.0010249983866243162,5.124991933121581,322.42705098312484,0.3689887017363438,CYLINDER,CYLINDER_3,0.4,0.6,True
4.33,4.33,AEROTWIN-4-001,IDLE,0.15,1153.0891367254653,222.42672234579962,23.79328421490638,26.024032541545814,20.151178248425115,2.4115629492367283,3.461291343883971,-1.0937319511795063,-0.21615894884231782,27.550082390409955,-0.21615894884231782,33.165138825431626,508.7481872523517,24.86119724973161,379.9620511350839,55.108935972530304,0.0010231405658740508,5.115702829370255,322.42705098312484,0.10527245483560303,CYLINDER,CYLINDER_3,0.4,0.6,True
4.34,4.34,AEROTWIN-4-001,IDLE,0.15,1154.0454203345328,291.61207054932754,23.80113896572162,24.626925264091636,20.209065316181153,2.415024240580612,2.0028357073298704,-1.5077181176600805,-0.21623030825047287,26.567103998252662,-0.21623030825047287,33.16592891341132,508.74866362963957,24.860920716253435,380.0430610982113,55.12068549556237,0.0010235346071608435,5.117673035804217,322.42705098312484,0.0807322547998542,CYLINDER,CYLINDER_3,0.4,0.6,True
4.3500000000000005,4.3500000000000005,AEROTWIN-4-001,IDLE,0.15,1143.2262458814346,360.8547957693995,23.805679626180833,0.0,20.242598910218813,2.4170270762879422,-22.659625986506754,0.12413072345607815,-0.024198268781090656,-0.17301724765674525,-0.21627155957093155,33.16674320052349,508.74953793332764,24.86064471284948,380.08992595793615,55.127482681087145,0.0010237626697674484,5.118813348837242,322.42705098312484,0.48290740364830875,CYLINDER,CYLINDER_3,0.4,0.6,True
4.36,4.36,AEROTWIN-4-001,IDLE,0.15,1154.736071958606,429.4483705222856,23.75411947517684,46.365320178400374,19.864829362673284,2.394367450301435,24.106123365425656,48.269280468172965,-1.5155146338432621,-0.17264251374636921,-0.21580314218296154,33.167169820385624,508.7457535903722,24.86036426734881,379.5592526680411,55.05051488846735,0.0010211847963186357,5.105923981593178,322.42705098312484,0.4616996806648464,CYLINDER,CYLINDER_3,0.4,0.6,True
4.37,4.37,AEROTWIN-4-001,IDLE,0.15,1150.4593249650247,498.73253483980193,23.80895699758937,13.72811060404421,20.266834987908975,2.4184735736668608,-8.957197957531626,15.187455089629278,-1.0700020842560483,-0.173041067257343,-0.21630133407167876,33.167993652580165,508.74699663859514,24.86008880819404,380.12376808594433,55.132391075649195,0.0010239274073370467,5.1196370366852335,322.42705098312484,0.2427423473468247,CYLINDER,CYLINDER_3,0.4,0.6,True
4.38,4.38,AEROTWIN-4-001,IDLE,0.15,1149.0934367576392,567.7600943377034,23.78863536937181,19.66579695981607,20.116990156071576,2.4095163757093294,-2.8607095719648354,-0.21611671467426408,20.809762859197228,-0.17289337173941127,-0.7549558129674819,33.16865788124239,508.74637571904384,24.85981166099292,379.91414106564304,55.101987191878735,0.0010229076363044204,5.114538181522102,322.42705098312484,0.1383564883925191,CYLINDER,CYLINDER_3,0.4,0.6,True
4.39,4.39,AEROTWIN-4-001,IDLE,0.15,1157.5976847891009,636.7057005431618,23.78213154935479,40.28716162415932,20.0692505313915,2.4066556661373646,17.811255426630453,-0.21605762829990563,42.2854122500095,-0.1728461026399245,-1.6093468949103549,33.16926652031863,508.74518494182104,24.85953406104255,379.84715851559173,55.09227217678439,0.001022582117512529,5.112910587562645,322.42705098312484,0.35500638214254226,CYLINDER,CYLINDER_3,0.4,0.6,True
4.4,4.4,AEROTWIN-4-001,IDLE,0.15,1147.650054606439,706.1615616305079,23.82251837721752,1.9576070798497707,20.36740809327145,2.4244669215639947,-20.83426793498567,-0.21642453747389911,2.7354123812083504,-0.1731396299791193,-0.38824113390556136,33.17016602339001,508.7476686117566,24.859260193905538,380.2639448365435,55.15272203120259,0.0010246101969763333,5.123050984881666,322.42705098312484,0.44904450770184273,CYLINDER,CYLINDER_3,0.4,0.6,True
4.41,4.41,AEROTWIN-4-001,IDLE,0.15,1156.897604157009,55.020564906894265,23.7752515840156,41.790519161376594,20.018864019895005,2.403632653629009,19.368022487852578,-0.21599512469332663,-0.21599512469332663,-1.0618638222497094,43.28437323301296,33.170706488142166,508.7458269198654,24.858982232185504,379.77635838970286,55.08200346812573,0.0010222382207717184,5.111191103858592,322.42705098312484,0.38139494563857035,CYLINDER,CYLINDER_3,0.4,0.6,True
4.42,4.42,AEROTWIN-4-001,IDLE,0.15,1156.9669187220306,124.43442115631481,23.81920331530332,22.91095309956557,20.342780337943495,2.4230006761168617,0.14517208550521454,-0.2163944205597208,-0.2163944205597208,-1.0708588709640847,24.414600811649095,33.17156430020561,508.7479945057932,24.858708316593592,380.22965763851914,55.14774908457554,0.0010244431223126748,5.122215611563375,322.42705098312484,0.08228309795709501,CYLINDER,CYLINDER_3,0.4,0.6,True
4.43,4.43,AEROTWIN-4-001,IDLE,0.15,1148.7243622807825,193.85243627963666,23.8195316146946,5.5051940592061674,20.34521805275318,2.423145848202367,-17.263169841749377,-0.3885774470290879,-0.21639740311776884,6.326566312470794,-0.21639740311776884,33.17241437058865,508.75013760831496,24.858434554413755,380.2330525785573,55.148241479888796,0.0010244596633155034,5.122298316577517,322.42705098312484,0.38689159029472686,CYLINDER,CYLINDER_3,0.4,0.6,True
4.44,4.44,AEROTWIN-4-001,IDLE,0.15,1155.225928536048,262.7758980164836,23.780373033435172,36.07909181722696,20.056360615953558,2.4058826783606175,13.616848522912784,-1.6074501766453113,-0.21604165240732712,38.11862529868692,-0.21604165240732712,33.17296580959435,508.74869460908457,24.858157417650595,379.8290565353375,55.08964670177228,0.0010224941738681496,5.112470869340748,322.42705098312484,0.28138555006938554,CYLINDER,CYLINDER_3,0.4,0.6,True
4.45,4.45,AEROTWIN-4-001,IDLE,0.15,1146.9183737678115,332.0894537286465,23.811280510131798,5.304231140868897,20.284033633443062,2.4194995268835306,-17.399302019457696,-0.7594418134438115,-0.21632244288642902,6.496317840085566,-0.21632244288642902,33.173738162413464,508.7500740703729,24.857883163415785,380.1477687450709,55.13587208324759,0.0010240442630562693,5.120221315281347,322.42705098312484,0.3902147551371453,CYLINDER,CYLINDER_3,0.4,0.6,True
4.46,4.46,AEROTWIN-4-001,IDLE,0.15,1151.3429971338942,400.9045561547152,23.771761178405036,31.662355956584257,19.99334622386188,2.4021002248640726,9.266909507858303,33.11168791868782,-1.0605978154562627,-0.1727707318432457,-0.21596341480405712,33.17421103008648,508.74785866451407,24.857605511148048,379.74046151226725,55.07679705681622,0.0010220639278357957,5.110319639178979,322.42705098312484,0.2041926137947021,CYLINDER,CYLINDER_3,0.4,0.6,True
4.47,4.47,AEROTWIN-4-001,IDLE,0.15,1156.0296774804901,469.98513598274883,23.79283956197523,32.37503339633124,20.147905897566325,2.411367134371931,9.815760364392984,34.287649824237405,-1.5235375912971734,-0.17292392738177412,-0.21615490922721767,33.1748327106124,508.7475949109586,24.857329856463043,379.95746748174713,55.10827116861764,0.0010231182774843996,5.115591387421998,322.42705098312484,0.21642011492224145,CYLINDER,CYLINDER_3,0.4,0.6,True
4.48,4.48,AEROTWIN-4-001,IDLE,0.15,1145.1752538946103,539.3469166315782,23.815091059529383,0.0,20.312268702831446,2.421182894736324,-22.733451597567772,0.027646710538797865,-0.018495621297944586,-0.17308564899289866,-0.21635706124112333,33.17561112296522,508.7493463285334,24.857056318353816,380.18714423889935,55.14158302612148,0.0010242360209830243,5.121180104915122,322.42705098312484,0.4831282316872619,CYLINDER,CYLINDER_3,0.4,0.6,True
4.49,4.49,AEROTWIN-4-001,IDLE,0.15,1156.560850651517,608.0574318652548,23.7634382039636,46.17700699755679,19.93261946892889,2.398449443138756,23.84593808548914,-0.21588780164404722,48.06746990492486,-0.17271024131523777,-1.5018648644087873,33.17600127302358,508.74640206484634,24.856778301202652,379.6549241241487,55.06439088511828,0.0010216487977175062,5.108243988587531,322.42705098312484,0.45829573587317773,CYLINDER,CYLINDER_3,0.4,0.6,True
4.5,4.5,AEROTWIN-4-001,IDLE,0.15,1152.6075815585118,677.4510829043459,23.81760808515535,14.473527131056294,20.33093917666458,2.422295381224245,-8.27970742683253,-0.21637992809752715,15.960413326681007,-0.17310394247802172,-1.0974023250491631,33.17678445915705,508.7484109492187,24.856505238836633,380.213163297244,55.145356778305676,0.001024362763552982,5.12181381776491,322.42705098312484,0.22990059630399584,CYLINDER,CYLINDER_3,0.4,0.6,True
4.51,4.51,AEROTWIN-4-001,IDLE,0.15,1150.732811943971,26.607537797856594,23.798851207158382,18.679696723109288,20.192189348121634,2.4140156737974126,-3.9265082988097584,-0.21620952425605797,-0.21620952425605797,-0.581011273199379,19.693127044820784,33.177419923839544,508.748675353299,24.856230616895736,380.01945844622327,55.11726221412333,0.0010234197771262054,5.1170988856310275,322.42705098312484,0.15585260229207745,CYLINDER,CYLINDER_3,0.4,0.6,True
4.5200000000000005,4.5200000000000005,AEROTWIN-4-001,IDLE,0.15,1159.6034304025663,95.65150651449486,23.78993681576197,41.115224727669435,20.126555707290255,2.410089165498603,18.578579854880577,-0.21612853814853228,-0.21612853814853228,-1.2904679804363768,42.83794978440287,33.17798238004504,508.74812967458536,24.855955322515786,379.92755083379575,55.103932117832066,0.0010229728237627499,5.11486411881375,322.42705098312484,0.36940706096227227,CYLINDER,CYLINDER_3,0.4,0.6,True
4.53,4.53,AEROTWIN-4-001,IDLE,0.15,1149.7642062886728,165.22771233864884,23.832006529156487,2.259494564881088,20.438049615015093,2.4286677453534837,-20.607222795487488,-0.21651073612268834,-0.21651073612268834,-0.331232980790671,3.023749017917136,33.17884886644688,508.75139933146465,24.855683932196474,380.36215542419916,55.166966298415,0.0010250889883060622,5.1254449415303105,322.42705098312484,0.4439844301805509,CYLINDER,CYLINDER_3,0.4,0.6,True
4.54,4.54,AEROTWIN-4-001,IDLE,0.15,1154.5536226496984,234.21356471596923,23.785326311006045,32.531678431658676,20.092687739247435,2.4080605225579963,10.030930169853246,-1.3146748947774578,-0.21608665230155666,34.27852663103925,-0.21608665230155666,33.17936065615937,508.75037043658745,24.855408472917087,379.8800547436811,55.09704337991402,0.0010227419650776976,5.113709825388488,322.42705098312484,0.21924839962239193,CYLINDER,CYLINDER_3,0.4,0.6,True
4.55,4.55,AEROTWIN-4-001,IDLE,0.15,1152.441945272354,303.4867820749511,23.808091378496236,18.25583583434618,20.260431138562744,2.4180914527278494,-4.422686756944414,-1.3529369540728353,-0.21629347003275165,20.04135972848452,-0.21629347003275165,33.18003370236391,508.7514198710941,24.855135173947215,380.1148284109392,55.1310944830658,0.0010238838865981876,5.119419432990938,322.42705098312484,0.1634868483602612,CYLINDER,CYLINDER_3,0.4,0.6,True
4.5600000000000005,4.5600000000000005,AEROTWIN-4-001,IDLE,0.15,1144.5951874328766,372.63329879129236,23.7980641179914,6.1658438767726365,20.18638629946847,2.4136687659709053,-16.434211188666737,6.909650926560328,-0.3546427772150241,-0.17296189892118577,-0.2162023736514822,33.18062495082594,508.7515380651477,24.85486109926255,380.01133959424345,55.11608467206988,0.0010233802824251008,5.116901412125505,322.42705098312484,0.37482657794242785,CYLINDER,CYLINDER_3,0.4,0.6,True
4.57,4.57,AEROTWIN-4-001,IDLE,0.15,1155.8729573552569,441.30901003726495,23.76066615117628,45.92977226050723,19.912431614374515,2.3972345547822385,23.620106091350475,47.918705048919286,-1.6003800761948552,-0.17269009431875829,-0.21586261789844785,33.18093596980379,508.74829040813313,24.85458382130405,379.62645365919485,55.0602615858223,0.0010215106831087287,5.107553415543643,322.42705098312484,0.4540013749919997,CYLINDER,CYLINDER_3,0.4,0.6,True
4.58,4.58,AEROTWIN-4-001,IDLE,0.15,1148.6529031147184,510.66138747858037,23.814348232962587,7.605970127115903,20.306761706639257,2.4208546608735886,-15.121646240396943,8.790439478283863,-0.7950387882060481,-0.17308025020529455,-0.21635031275661817,33.181636534892384,508.74995727251064,24.854311457527057,380.17946698235147,55.140469532186295,0.0010241986285600218,5.120993142800109,322.42705098312484,0.3500063184059315,CYLINDER,CYLINDER_3,0.4,0.6,True
4.59,4.59,AEROTWIN-4-001,IDLE,0.15,1152.513336995155,579.5805616654635,23.780032499002285,30.54487221204921,20.053865385117007,2.4057330146331917,8.085273812299011,-0.2160385586954884,31.9661292041782,-0.17283084695639073,-1.0323875864771086,33.18207671109344,508.74848815631844,24.854036144089516,379.8255515462414,55.08913834516376,0.0010224771471685002,5.1123857358425004,322.42705098312484,0.18454065610281759,CYLINDER,CYLINDER_3,0.4,0.6,True
4.6000000000000005,4.6000000000000005,AEROTWIN-4-001,IDLE,0.15,1157.5734533284624,648.7313618851728,23.798403377087336,33.20058855264568,20.18888739818153,2.413818288445491,10.597882866018654,-0.21620545577704758,35.12541379695748,-0.17296436462163806,-1.5356554239131168,33.18264629188773,508.7487102396941,24.85376259525872,380.0148389697918,55.11659221450066,0.0010233973050843969,5.116986525421985,322.42705098312484,0.23080297924923063,CYLINDER,CYLINDER_3,0.4,0.6,True
4.61,4.61,AEROTWIN-4-001,IDLE,0.15,1146.691565969068,718.1857690848805,23.822403663893635,0.0,20.366555418998573,2.4244161713115098,-22.790971590310082,-0.21642349531799976,0.12807294160819227,-0.17313879625439982,-0.0513881550580115,33.18338614291573,508.7510953922711,24.8534913295321,380.26275814413253,55.1525499157087,0.0010246044137643222,5.123022068821611,322.42705098312484,0.4832999371775359,CYLINDER,CYLINDER_3,0.4,0.6,True
4.62,4.62,AEROTWIN-4-001,IDLE,0.15,1158.0847985952325,66.98726304302454,23.77067883260605,46.2489952861649,19.985439473777866,2.4016251997211997,23.861930612665834,-0.21595358183068192,-0.21595358183068192,-1.1926053450144645,47.87350779484073,33.183737476489945,508.7487572500225,24.853215552962403,379.7293332010498,55.07518302881387,0.0010220099050511455,5.110049525255728,322.42705098312484,0.45947137321235654,CYLINDER,CYLINDER_3,0.4,0.6,True
4.63,4.63,AEROTWIN-4-001,IDLE,0.15,1154.4673029094322,136.4723509587385,23.824823966723113,15.23357467733841,20.384552794273706,2.4254871303338654,-7.5764652472691605,-0.2164454834601484,-0.2164454834601484,-0.8944019189940488,16.560867563252756,33.18448229722584,508.75136037531274,24.852944753670602,380.2877993096775,55.15618183627701,0.0010247264596646097,5.123632298323049,322.42705098312484,0.21676923481815913,CYLINDER,CYLINDER_3,0.4,0.6,True
4.64,4.64,AEROTWIN-4-001,IDLE,0.15,1150.2996061651013,205.74038913330443,23.807681799093874,13.946508741236515,20.25740172573639,2.4179106650865965,-8.728803649586471,-0.7045003230237277,-0.21628974905618187,15.083588562372608,-0.21628974905618187,33.1850916682855,508.7523480671768,24.852672530264478,380.11059880660383,55.13048102971221,0.001023863296739511,5.119316483697555,322.42705098312484,0.23889046426948723,CYLINDER,CYLINDER_3,0.4,0.6,True
4.65,4.65,AEROTWIN-4-001,IDLE,0.15,1155.0994487070104,274.7583655032105,23.78787519123669,32.57335341518802,20.111404841718137,2.40918186143701,10.052766712032877,-1.6152372359456968,-0.21610980855297637,34.62081026823968,-0.21610980855297637,33.18554841612845,508.7515249109967,24.852398653576753,379.9063093482691,55.10085129525425,0.0010228695677944356,5.114347838972178,322.42705098312484,0.21994818545723305,CYLINDER,CYLINDER_3,0.4,0.6,True
4.66,4.66,AEROTWIN-4-001,IDLE,0.15,1145.1384112665858,344.0643324256311,23.810680665636504,1.836478882781316,20.27959228461279,2.419234628149043,-20.862348029980517,-0.4454364898096334,-0.21631699337578558,2.7145493593425205,-0.21631699337578558,33.186167254617835,508.7527794090962,24.8521269467695,380.1415720256602,55.1349733234577,0.001024014090168193,5.120070450840965,322.42705098312484,0.450886344298781,CYLINDER,CYLINDER_3,0.4,0.6,True
4.67,4.67,AEROTWIN-4-001,IDLE,0.15,1153.7077699406861,412.7726371016263,23.76326217372204,40.27733206116596,19.93133694336076,2.398372280119062,17.947622837686136,41.955158209540905,-1.2892309839977432,-0.17270896194542448,-0.2158862024317806,33.186431930241774,508.74973352869733,24.85185112430144,379.6531159227542,55.06412862720442,0.0010216400249881098,5.1082001249405495,322.42705098312484,0.35505347177669494,CYLINDER,CYLINDER_3,0.4,0.6,True
4.68,4.68,AEROTWIN-4-001,IDLE,0.15,1154.5007961946785,481.9951032980674,23.80407675066853,24.3079856968051,20.230755491417312,2.416319902956748,1.6609103024310405,26.07279425623421,-1.375545963656265,-0.17300559812126334,-0.21625699765157919,33.18699168660064,508.75043637759734,24.851579070260392,380.073379517496,55.12508281845859,0.0010236821394272516,5.118410697136258,322.42705098312484,0.07511687535438812,CYLINDER,CYLINDER_3,0.4,0.6,True
4.69,4.69,AEROTWIN-4-001,IDLE,0.15,1146.127034190929,551.2651510697482,23.80784072483916,5.1385918380480735,20.258577154048197,2.4179808132591796,-17.537966129259303,-0.21629119287628396,5.844809084159265,-0.17303295430102716,-0.3168930989338805,33.18757250941193,508.75146152366943,24.851307477758496,380.11223996066957,55.13071905941559,0.0010238712858580785,5.119356429290392,322.42705098312484,0.39303273823411927,CYLINDER,CYLINDER_3,0.4,0.6,True
4.7,4.7,AEROTWIN-4-001,IDLE,0.15,1157.494640531775,620.032773121204,23.76798405199585,46.17446800632997,19.965766112998388,2.40044284712992,23.80825904620166,-0.21592910009294453,48.15816587083897,-0.17274328007435563,-1.595025484341705,33.18785494302128,508.74887228594525,24.851032441953112,379.70163257100756,55.0711653848338,0.0010218754506434336,5.1093772532171675,322.42705098312484,0.458198455060071,CYLINDER,CYLINDER_3,0.4,0.6,True
4.71,4.71,AEROTWIN-4-001,IDLE,0.15,1150.5046705723748,689.4824515531104,23.82203054462534,8.14827447771671,20.36378222038366,2.4242511061761216,-14.639758848843071,-0.21642010557709224,9.362070271418151,-0.1731360844616738,-0.8242396036626751,33.18853021554879,508.7512196104531,24.850762377902754,380.2588983941289,55.151990105287666,0.0010245856040523253,5.122928020261627,322.42705098312484,0.34069637006306164,CYLINDER,CYLINDER_3,0.4,0.6,True
4.72,4.72,AEROTWIN-4-001,IDLE,0.15,1153.969917535328,38.512731787452935,23.78885117440207,29.78578363362799,20.11857601850845,2.4096113473272784,7.2575962677922625,-0.21611867523540707,-0.21611867523540707,-0.8074477157926503,31.025468699891455,33.18895349850685,508.7505125504371,24.85048944834468,379.9163645211837,55.10230967742344,0.0010229184445044632,5.114592222522316,322.42705098312484,0.1711544118773783,CYLINDER,CYLINDER_3,0.4,0.6,True
4.73,4.73,AEROTWIN-4-001,IDLE,0.15,1159.437818492427,107.75092683957263,23.805321238315365,34.108764203146464,20.239950274632236,2.416868943595071,11.451944984919157,-0.2162683036629376,-0.2162683036629376,-1.2358317445633136,35.77713255503565,33.189492556318676,508.75130827276274,24.850218120798324,380.0862260535052,55.12694605434829,0.0010237446617512888,5.1187233087564445,322.42705098312484,0.24661612825895027,CYLINDER,CYLINDER_3,0.4,0.6,True
4.74,4.74,AEROTWIN-4-001,IDLE,0.15,1148.5227179637209,177.31719594911823,23.831223641653207,0.0,20.432212200871707,2.42832088857999,-22.860533089451696,-0.21650362368969078,-0.21650362368969078,-0.06080286361263133,0.2304579153527017,33.1902164340115,508.7544274881547,24.84994925942352,380.35404758619126,55.16579035380601,0.0010250494484367414,5.125247242183708,322.42705098312484,0.48350718174873286,CYLINDER,CYLINDER_3,0.4,0.6,True
4.75,4.75,AEROTWIN-4-001,IDLE,0.15,1155.1158111331852,246.22855902694147,23.77941206307105,36.26332234240265,20.049319943164054,2.4054603554905385,13.80854204374806,-1.4827863032279938,-0.21603292211427885,38.17817448985921,-0.21603292211427885,33.190550892928805,508.7527908229353,24.84967585160424,379.8191660036959,55.08821219884405,0.0010224461283122978,5.1122306415614895,322.42705098312484,0.2846207290762064,CYLINDER,CYLINDER_3,0.4,0.6,True
4.76,4.76,AEROTWIN-4-001,IDLE,0.15,1150.0709281520371,315.53550769493256,23.810758269418667,12.133457514739407,20.28016682506848,2.4192688975342866,-10.56597820786336,-1.1364257473779344,-0.21631769839623702,13.702518658909815,-0.21631769839623702,33.19111103313838,508.75402068570475,24.84940538169271,380.14237368969793,55.13508959520641,0.0010240179935307684,5.1200899676538425,322.42705098312484,0.2706910391717427,CYLINDER,CYLINDER_3,0.4,0.6,True
4.7700000000000005,4.7700000000000005,AEROTWIN-4-001,IDLE,0.15,1147.2525102977004,384.5397633840548,23.786786646625426,16.60923176483155,20.103409396125713,2.4087029193264233,-5.902880550620587,17.67134880691813,-0.6731371874110479,-0.1728799354113466,-0.21609991926418326,33.19148875068651,508.75305770919874,24.849132878032396,379.8950958778325,55.09922491592907,0.00102281506503325,5.114075325166251,322.42705098312484,0.19180308561237844,CYLINDER,CYLINDER_3,0.4,0.6,True
4.78,4.78,AEROTWIN-4-001,IDLE,0.15,1156.559393008784,453.37491400191686,23.77335537539993,41.90008701868835,20.004997411271564,2.4028000387758026,19.492289568640988,43.90587218810618,-1.617024953233486,-0.17278231830414958,-0.21597789788018698,33.19176411063998,508.75091091373923,24.848859296525426,379.7568550995396,55.07917474992703,0.0010221435191804962,5.110717595902481,322.42705098312484,0.38333439546021325,CYLINDER,CYLINDER_3,0.4,0.6,True
4.79,4.79,AEROTWIN-4-001,IDLE,0.15,1147.1075886922254,522.7684775824439,23.817601179307815,2.957367588474262,20.330887929508737,2.4222923283444437,-19.79581266937892,3.827593697249975,-0.48074235112990166,-0.1731038922870273,-0.21637986535878412,33.19236029496696,508.7528064521852,24.848589814404605,380.21309189914626,55.14534642286838,0.0010243624157296857,5.121812078648429,322.42705098312484,0.4314332261606914,CYLINDER,CYLINDER_3,0.4,0.6,True
4.8,4.8,AEROTWIN-4-001,IDLE,0.15,1155.3076478776331,591.5949329039775,23.772663989061062,39.57660395756146,19.999943644633817,2.4024965156750646,17.17416379725258,-0.21597161672358398,41.2346804557761,-0.17277729337886719,-1.2693275881121924,33.19262035881251,508.75060382889154,24.848316415106858,379.7497449945808,55.07814351452401,0.0010221089982301295,5.110544991150648,322.42705098312484,0.342681469694087,CYLINDER,CYLINDER_3,0.4,0.6,True
4.8100000000000005,4.8100000000000005,AEROTWIN-4-001,IDLE,0.15,1156.4247422163805,660.9133917766354,23.81166804309405,25.04621106440106,20.28690347294466,2.4196706794723175,2.3396369119840843,-0.21632596357390557,26.82756589982492,-0.17306077085912447,-1.3919681009908298,33.19316267511508,508.7519705822597,24.848046641501057,380.1517724087986,55.13645276662733,0.0010240637583068992,5.120318791534497,322.42705098312484,0.08794820607178555,CYLINDER,CYLINDER_3,0.4,0.6,True
4.82,4.82,AEROTWIN-4-001,IDLE,0.15,1147.692701287005,10.298876309618208,23.816963214376187,4.459820775311638,20.326154215308424,2.422010316384301,-18.28834375638109,-0.21637406952884433,-0.21637406952884433,-0.23210392652079123,5.124672840890117,33.19373756856448,508.7537819215102,24.84777746904941,380.20649637105845,55.14438982066557,0.0010243302857061954,5.121651428530978,322.42705098312484,0.4051253173906935,CYLINDER,CYLINDER_3,0.4,0.6,True
4.83,4.83,AEROTWIN-4-001,IDLE,0.15,1159.2346412162563,79.16043838683852,23.775454967241416,46.59745628223884,20.02035184967061,2.40372197262792,24.173382459940306,-0.21599697240396243,-0.21599697240396243,-1.2728584514962553,48.30230867854302,33.19400169912454,508.751805674024,24.847504683729042,379.77845053053335,55.0823069080475,0.0010222483803321593,5.111241901660797,322.42705098312484,0.4655139846849544,CYLINDER,CYLINDER_3,0.4,0.6,True
4.84,4.84,AEROTWIN-4-001,IDLE,0.15,1152.4466709792566,148.7145168598139,23.83026304146994,8.636255573991223,20.425051838466224,2.4278953550878604,-14.216691619562862,-0.2164948967596883,-0.2164948967596883,-0.6745581812367364,9.743803548747335,33.19466487792898,508.75482537840895,24.847236964464145,380.344100349669,55.164347626515294,0.0010250009414679707,5.125004707339854,322.42705098312484,0.33235013011021364,CYLINDER,CYLINDER_3,0.4,0.6,True
4.8500000000000005,4.8500000000000005,AEROTWIN-4-001,IDLE,0.15,1152.6046929777049,217.8613171185693,23.798086575478727,22.93119101560884,20.186551852520502,2.4136786634682976,0.33096049962003926,-0.9952112442299296,-0.21620257767488688,24.358807415188544,-0.21620257767488688,33.19508326400315,508.7548604600827,24.84696645242542,380.0115712334055,55.116118268550665,0.0010233814092167946,5.116907046083973,322.42705098312484,0.08143352939304352,CYLINDER,CYLINDER_3,0.4,0.6,True
4.86,4.86,AEROTWIN-4-001,IDLE,0.15,1154.7078084920886,287.01759869723156,23.798837481703575,27.010852596932867,20.192088139872702,2.4140096239679174,4.404754833092248,-1.5505698822958924,-0.2162093995620537,28.993841278352868,-0.2162093995620537,33.19550220294177,508.7549623884282,24.846696129992672,380.019316861131,55.11724167890472,0.00102341908835587,5.11709544177935,322.42705098312484,0.12247758180150317,CYLINDER,CYLINDER_3,0.4,0.6,True
4.87,4.87,AEROTWIN-4-001,IDLE,0.15,1143.8768734666555,356.30006720675686,23.80882291106166,0.0,20.265842892804457,2.41841437880101,-22.684257271605468,-0.10468569426393805,-0.2163001159126965,0.2984655990298646,-0.2163001159126965,33.195989452012284,508.7559631037856,24.84642683095079,380.1223832474224,55.13219022143965,0.0010239206653850385,5.119603326925193,322.42705098312484,0.48298113714348845,CYLINDER,CYLINDER_3,0.4,0.6,True
4.88,4.88,AEROTWIN-4-001,IDLE,0.15,1154.9606411435684,424.9326796147562,23.757231789283168,45.49696541479886,19.887446554679418,2.3957301215294042,23.213788738590036,47.351729858370206,-1.4662678926847987,-0.17266513372735595,-0.21583141715919493,33.19609493923414,508.7522969719624,24.84615302783183,379.5911938156683,55.0551475686369,0.0010213396725623285,5.106698362811643,322.42705098312484,0.4464672278545064,CYLINDER,CYLINDER_3,0.4,0.6,True
4.89,4.89,AEROTWIN-4-001,IDLE,0.15,1151.9513824195535,494.23031808337026,23.810022290575095,16.391085783000644,20.274718606143363,2.4189439102679944,-6.302576733410714,17.94291439869334,-1.162468793872334,-0.17304880969793837,-0.21631101212242296,33.19658398199372,508.753472679582,24.84588408257471,380.13477116828744,55.13398694070607,0.0010239809772010682,5.119904886005341,322.42705098312484,0.19616527560815408,CYLINDER,CYLINDER_3,0.4,0.6,True
4.9,4.9,AEROTWIN-4-001,IDLE,0.15,1148.5671039747128,563.3474010285435,23.795732438547923,15.493829511354107,20.169204377828585,2.4126413335345838,-7.088016200009061,-0.21618119064147873,16.525508631883135,-0.17294495251318298,-0.6425529773743656,33.19696244262458,508.75332931220083,24.84561396826798,379.987292725707,55.11259696235109,0.0010232633186115516,5.116316593057759,322.42705098312484,0.21153218270497323,CYLINDER,CYLINDER_3,0.4,0.6,True
4.91,4.91,AEROTWIN-4-001,IDLE,0.15,1158.0953978281887,632.2614272670262,23.779623604479937,42.4124349304166,20.05086963219894,2.4055533173345744,19.956011980883087,-0.21603484394096611,44.42029709727329,-0.1728278751527729,-1.618999447762953,33.19721888380139,508.7517391239564,24.845342528150816,379.8213431404635,55.088527966406545,0.0010224567039594833,5.112283519797416,322.42705098312484,0.3922277458651103,CYLINDER,CYLINDER_3,0.4,0.6,True
4.92,4.92,AEROTWIN-4-001,IDLE,0.15,1148.773246668773,701.7471511367175,23.824874125328524,3.2861675276226965,20.384925930356253,2.4255093293154575,-19.524267732049015,-0.2164459391446736,4.184219629881763,-0.17315675131573888,-0.5084494117986544,33.19780401109087,508.7542722449267,24.84507529750338,380.2883183429033,55.156257115818015,0.0010247289895695864,5.123644947847932,322.42705098312484,0.42585003832276,CYLINDER,CYLINDER_3,0.4,0.6,True
4.93,4.93,AEROTWIN-4-001,IDLE,0.15,1156.7701517847142,50.67354593684388,23.780605978724093,39.21273163460276,20.058067663889126,2.4059850615834084,16.748678909130227,-0.21604376868553135,-0.21604376868553135,-1.0027209474881684,40.64754011946199,33.19805767673573,508.75274683023304,24.844804187614933,379.83145423267024,55.08999445899803,0.0010225058217674882,5.112529108837442,322.42705098312484,0.3362215455770022,CYLINDER,CYLINDER_3,0.4,0.6,True
4.94,4.94,AEROTWIN-4-001,IDLE,0.15,1158.247686883528,120.07975504392674,23.818599609555303,25.85557437847938,20.338298363417156,2.422733740492539,3.0945422745696836,-0.21638893597008943,-0.21638893597008943,-1.1234851723745285,27.411837422794086,33.19858657256689,508.7546867959564,24.844536629874778,380.2234150757759,55.14684367576039,0.0010244127080430358,5.122063540215179,322.42705098312484,0.1020321668324166,CYLINDER,CYLINDER_3,0.4,0.6,True
4.95,4.95,AEROTWIN-4-001,IDLE,0.15,1148.77668798955,189.57461625693844,23.825594757006247,2.980102085591669,20.390287501143316,2.4258282827671085,-19.83601369831876,-0.2700221569513784,-0.2164524859914457,3.6830292145259387,-0.2164524859914457,33.19916078093223,508.7572114918647,24.84426982970477,380.29577567196424,55.15733871191035,0.0010247653396150303,5.123826698075152,322.42705098312484,0.43122311404572705,CYLINDER,CYLINDER_3,0.4,0.6,True
4.96,4.96,AEROTWIN-4-001,IDLE,0.15,1155.572633769658,258.50121753631146,23.780622377087138,36.697575664964056,20.05818783790708,2.4059922690687894,14.233395557988185,-1.5878076557883407,-0.21604391766256567,38.71747115607753,-0.21604391766256567,33.19939856235098,508.75561407084933,24.84399908341899,379.8316230229201,55.09001893999829,0.0010225066417502285,5.1125332087511435,322.42705098312484,0.2922061259525592,CYLINDER,CYLINDER_3,0.4,0.6,True
4.97,4.97,AEROTWIN-4-001,IDLE,0.15,1147.994720627041,327.83557556249093,23.812924508547628,6.845292200012008,20.29621070764331,2.4202256646267775,-15.87114417225808,-0.8637552634245147,-0.21633737840210876,8.14172222024074,-0.21633737840210876,33.19986979361793,508.7569691335508,24.84373137425534,380.1647544342055,55.1383356536283,0.001024126976287694,5.12063488143847,322.42705098312484,0.36328476676978977,CYLINDER,CYLINDER_3,0.4,0.6,True
4.98,4.98,AEROTWIN-4-001,IDLE,0.15,1150.65915028872,396.7152588001134,23.776895122467685,28.01561304155035,20.030890087004234,2.4043545204545196,5.580368434091595,29.372974847292983,-0.9685437048881007,-0.1728080448242356,-0.2160100560302945,33.200072110663925,508.7550426426236,24.843460535657467,379.7932664085934,55.08445577336957,0.0010223203316058597,5.111601658029299,322.42705098312484,0.14031501515848815,CYLINDER,CYLINDER_3,0.4,0.6,True
4.99,4.99,AEROTWIN-4-001,IDLE,0.15,1156.6523819825022,465.7548078174366,23.789586306946084,35.08610907033876,20.123979074485078,2.409934888888611,12.552195106965069,37.03518012014579,-1.5600454129297712,-0.17290028305655816,-0.2161253538206977,33.20036444945277,508.75430621239605,24.843190959361397,379.9239390766004,55.10340827579197,0.0010229552656851962,5.114776328425981,322.42705098312484,0.2639015950550023,CYLINDER,CYLINDER_3,0.4,0.6,True
5.0,5.0,AEROTWIN-4-001,IDLE,0.15,1145.8027733437793,535.1539507363867,23.81804171647355,0.033277212085883134,20.334157323914475,2.422487083995576,-22.723367195824167,0.5598668967084749,-0.1370987229737658,-0.17310709406614488,-0.21638386758268108,33.20086187487093,508.75615672079294,24.8429240804584,380.2176466388959,55.146007033212186,0.0010243846049830972,5.121923024915486,322.42705098312484,0.4826151510644878,CYLINDER,CYLINDER_3,0.4,0.6,True
5.01,5.01,AEROTWIN-4-001,IDLE,0.15,1156.7262114214411,603.9021171370134,23.766435691464373,45.232229259213945,19.954470331263558,2.399763716799752,22.877995211150633,-0.2159150334352318,47.07513504843091,-0.17273202674818544,-1.4542587290335447,33.2009766348775,508.75331113420617,24.84265266790721,379.6857203998294,55.06885751535046,0.0010217982279723422,5.108991139861711,322.42705098312484,0.44172727309360477,CYLINDER,CYLINDER_3,0.4,0.6,True
5.0200000000000005,5.0200000000000005,AEROTWIN-4-001,IDLE,0.15,1153.9591984705908,673.3056898222999,23.81839146323466,16.964176615937003,20.33675327644578,2.4226417120109027,-5.795218372519679,-0.21638704498734534,18.534667235108945,-0.17310963598987628,-1.1809939381947208,33.20146937374801,508.7552181607459,24.842386064260484,380.2212628636683,55.14653152322072,0.0010244022226126982,5.1220111130634915,322.42705098312484,0.18633262343819146,CYLINDER,CYLINDER_3,0.4,0.6,True
5.03,5.03,AEROTWIN-4-001,IDLE,0.15,1150.22212185336,22.54324173053533,23.80527035668165,14.829505793501333,20.239574264259083,2.4168464936383827,-7.826914964396133,-0.21626784140979255,-0.21626784140979255,-0.49747734929085624,15.759518825611774,33.2018598876714,508.755891648929,24.84211838934879,380.08570077746435,55.126869869361876,0.001023742105189788,5.1187105259489405,322.42705098312484,0.22338145330547046,CYLINDER,CYLINDER_3,0.4,0.6,True
5.04,5.04,AEROTWIN-4-001,IDLE,0.15,1160.0078162955244,91.55656904173694,23.7875063739416,43.01282561181512,20.108695519955862,2.4090195786739868,20.495110513185267,-0.2161064578949461,-0.2161064578949461,-1.296160278374453,44.74119880597946,33.20211594741556,508.7549466956429,24.841849229846236,379.9025098722893,55.100300226857094,0.0010228511000436684,5.114255500218342,322.42705098312484,0.4026432204946336,CYLINDER,CYLINDER_3,0.4,0.6,True
5.05,5.05,AEROTWIN-4-001,IDLE,0.15,1150.774725649066,161.15703801946842,23.833917752522098,3.544081589835347,20.452306730542674,2.429514689187172,-19.3377398298945,-0.21652809934291395,-0.21652809934291395,-0.41959953426847496,4.39673732278965,33.202709723689665,508.75821923523563,24.841584407356287,380.38195191204136,55.16983754141865,0.0010251855405357885,5.1259277026789425,322.42705098312484,0.4215490895882431,CYLINDER,CYLINDER_3,0.4,0.6,True
5.0600000000000005,5.0600000000000005,AEROTWIN-4-001,IDLE,0.15,1154.6247460931552,230.20352155841238,23.790136247798955,30.601662804364448,20.128021892793576,2.4101769493572776,8.063463962213595,-1.245434172841525,-0.21613034996312214,32.27935767713222,-0.21613034996312214,33.20297491965154,508.7574529224901,24.841315725339985,379.9296059139458,55.10423018254687,0.001022982814469777,5.114914072348885,322.42705098312484,0.18541741844429632,CYLINDER,CYLINDER_3,0.4,0.6,True
5.07,5.07,AEROTWIN-4-001,IDLE,0.15,1153.5387653599057,299.48100632400167,23.80842883309241,20.40669508806761,20.262927403759274,2.418240413319491,-2.2744727290111544,-1.4121766477900792,-0.2162965357646671,22.251464807387023,-0.2162965357646671,33.20337076530709,508.7583557763249,24.841048820137647,380.1183133602871,55.131599933149324,0.00102390085192932,5.1195042596466,322.42705098312484,0.12585472793741176,CYLINDER,CYLINDER_3,0.4,0.6,True
5.08,5.08,AEROTWIN-4-001,IDLE,0.15,1144.3295447044686,368.693332245596,23.803274310367986,3.3530480943977246,20.224828791413085,2.41596594059048,-19.287746637605842,3.9874368049452413,-0.24513923689646933,-0.17299976606713222,-0.21624970758391526,33.20372414964397,508.7587706384996,24.840781567723575,380.0650971429353,55.12388155941705,0.0010236418333659277,5.118209166829638,322.42705098312484,0.4241726528593333,CYLINDER,CYLINDER_3,0.4,0.6,True
5.09,5.09,AEROTWIN-4-001,IDLE,0.15,1155.8860090795124,437.35310492786414,23.759396287297815,46.50367053803057,19.903189956004315,2.3966781939528743,24.20380238807338,48.47180807549035,-1.579605591034699,-0.17268086507781238,-0.21585108134726547,33.20375434042828,508.7552283202676,24.840510486729364,379.6134145830509,55.058370424296534,0.0010214474382682006,5.107237191341003,322.42705098312484,0.46405937212517256,CYLINDER,CYLINDER_3,0.4,0.6,True
5.1000000000000005,5.1000000000000005,AEROTWIN-4-001,IDLE,0.15,1149.5582520947762,506.70626547263487,23.81441009920774,9.475279061695039,20.307220303319788,2.4208819963409476,-13.252823237965696,10.755424077702806,-0.8907134413613661,-0.17308069984284438,-0.21635087480355547,33.20418485976895,508.7567273304378,24.8402444891362,380.1801063557615,55.14056226562693,0.0010242017425769803,5.121008712884902,322.42705098312484,0.3172948641685428,CYLINDER,CYLINDER_3,0.4,0.6,True
5.11,5.11,AEROTWIN-4-001,IDLE,0.15,1151.7518133676929,575.6797605983214,23.784345554866707,27.087303244785492,20.08549008488674,2.4076291731029817,4.594183986795771,-0.21607774225726709,28.421455241228774,-0.17286219380581366,-0.9452120603802011,33.2043904561492,508.7554769695032,24.839975887979413,379.86995463945806,55.095578480997716,0.0010226928830818973,5.113464415409486,322.42705098312484,0.12398319845063013,CYLINDER,CYLINDER_3,0.4,0.6,True
5.12,5.12,AEROTWIN-4-001,IDLE,0.15,1158.017213762182,644.7848694003831,23.794783630076918,35.69666384019625,20.162216582356038,2.4122233570897778,13.122223900750436,-0.21617257083767644,37.653389012952914,-0.17293805667014114,-1.5676145452488466,33.20466970226084,508.75519796528033,24.839708350346648,379.97750947730634,55.11117801956956,0.0010232157388586575,5.116078694293288,322.42705098312484,0.2745261555905059,CYLINDER,CYLINDER_3,0.4,0.6,True
5.13,5.13,AEROTWIN-4-001,IDLE,0.15,1147.2083703019823,714.265902226114,23.824504126623175,0.1695303891665748,20.382173613752933,2.425345580990528,-22.637988805576885,-0.216442577753682,0.7213159610264358,-0.1731540622029456,-0.16218893190323339,33.20516363897968,508.7576111077607,24.839443636456956,380.2844897295517,55.15570182139472,0.001024710328121985,5.123551640609925,322.42705098312484,0.48038249592430105,CYLINDER,CYLINDER_3,0.4,0.6,True
5.14,5.14,AEROTWIN-4-001,IDLE,0.15,1158.1151058970036,63.09840444423298,23.7731448018751,45.24917928082195,20.00345807532721,2.4027075921849512,22.843013613309786,-0.21597598484660277,-0.21597598484660277,-1.1556247711591605,46.83675602167431,33.20527634591029,508.7553315601961,24.839174387315595,379.7546895339271,55.078860660621714,0.0010221330047439127,5.110665023719563,322.42705098312484,0.44194595495166283,CYLINDER,CYLINDER_3,0.4,0.6,True
5.15,5.15,AEROTWIN-4-001,IDLE,0.15,1155.6322876206364,132.5853107980532,23.82496738850032,17.611167911206646,20.385619743564,2.425550605798261,-5.2000024381556145,-0.21644678642868026,-0.21644678642868026,-0.9561804279258097,19.000241911989818,33.205766494110286,508.7577833165756,24.83890995750651,380.28928342366004,55.1563970892008,0.001024733693653392,5.123668468266961,322.42705098312484,0.17516472267109023,CYLINDER,CYLINDER_3,0.4,0.6,True
5.16,5.16,AEROTWIN-4-001,IDLE,0.15,1150.084454141796,201.92324805529137,23.81320733097931,11.099301591021572,20.2983062546382,2.4203506033601054,-11.619355266976733,-0.6058019790096119,-0.21633994780778598,12.137783465646756,-0.21633994780778598,33.20616432882236,508.75910971407006,24.838644573672465,380.16767687677685,55.13875951885396,0.001024141208400181,5.120706042000905,322.42705098312484,0.2888462400516029,CYLINDER,CYLINDER_3,0.4,0.6,True
5.17,5.17,AEROTWIN-4-001,IDLE,0.15,1155.5458609851091,270.92831530379914,23.78685103767245,33.95095726440235,20.103882271497078,2.408731248093129,11.43834374481214,-1.6205410545279983,-0.21610050424862312,36.00369932742759,-0.21610050424862312,33.20636479364634,508.75802530870766,24.83837691844606,379.89575915158383,55.099321115827415,0.0010228182887318036,5.114091443659019,322.42705098312484,0.244068115110532,CYLINDER,CYLINDER_3,0.4,0.6,True
5.18,5.18,AEROTWIN-4-001,IDLE,0.15,1146.0348721380133,340.2610669629057,23.81279757311443,2.795671388099518,20.29527025653559,2.420169591837941,-19.919768460274014,-0.5479822310782159,-0.216336225209907,3.7763260695975474,-0.216336225209907,33.20675252957078,508.75930861641217,24.838111738130266,380.16344282549613,55.13814542052431,0.0010241205889340594,5.120602944670297,322.42705098312484,0.43415015195416684,CYLINDER,CYLINDER_3,0.4,0.6,True
5.19,5.19,AEROTWIN-4-001,IDLE,0.15,1153.4471490651763,409.0231592911865,23.76754401165121,37.88704159588403,19.962555278673968,2.400249823377667,15.524236493832394,39.498341703025964,-1.222634922853244,-0.17274008190608306,-0.21592510238260382,33.206805968335395,508.7564837033467,24.837842583869193,379.69711007415384,55.07050945093513,0.0010218535017847818,5.109267508923909,322.42705098312484,0.3131736068443567,CYLINDER,CYLINDER_3,0.4,0.6,True
5.2,5.2,AEROTWIN-4-001,IDLE,0.15,1155.4609716844716,478.2299882350971,23.80283927054766,26.85513061923798,20.22161632842591,2.415774059871499,4.217740230940571,28.67330763242314,-1.4289346536402996,-0.1729966042421595,-0.2162457553026994,33.20711551433526,508.75690610321953,24.837576738506975,380.0606072195924,55.12323034991524,0.001023619984237532,5.118099921187661,322.42705098312484,0.11970620463089586,CYLINDER,CYLINDER_3,0.4,0.6,True
5.21,5.21,AEROTWIN-4-001,IDLE,0.15,1145.876305946962,547.5576465361654,23.81239507827468,2.63820330441773,20.29228848303096,2.41999180010244,-20.07407697871567,-0.21633256859568387,3.240998279973196,-0.1730660548765471,-0.2133963520832351,33.207491399663574,508.7581810099324,24.837311883045793,380.15928402678065,55.13754223667621,0.0010241003365619838,5.12050168280992,322.42705098312484,0.4368963975578357,CYLINDER,CYLINDER_3,0.4,0.6,True
5.22,5.22,AEROTWIN-4-001,IDLE,0.15,1157.451941887143,616.3102248929831,23.766786845551817,46.600904537775214,19.95703159445004,2.3999177231237243,24.24395522020145,-0.2159182236252761,48.56293946087514,-0.17273457890022087,-1.573382120574429,33.20753066505008,508.75531633008995,24.83704301966225,379.6893288804097,55.06938088215686,0.0010218157393368918,5.109078696684459,322.42705098312484,0.4656750086979583,CYLINDER,CYLINDER_3,0.4,0.6,True
5.23,5.23,AEROTWIN-4-001,IDLE,0.15,1151.323692088957,685.7573414062117,23.821828389534677,9.951465169913973,20.36227985513304,2.4241616783439257,-12.83497636356299,-0.21641826902390748,11.254355648263688,-0.173134615219126,-0.9133375941066825,33.207970938347486,508.75748425407505,24.83677926729857,380.256807263871,55.151686811937324,0.0010245754135722043,5.122877067861022,322.42705098312484,0.3091357848875866,CYLINDER,CYLINDER_3,0.4,0.6,True
5.24,5.24,AEROTWIN-4-001,IDLE,0.15,1153.190141879251,34.836762931549174,23.792747744975987,26.46764024829878,20.147230246663305,2.4113267019803626,3.9090832996551104,-0.21615407508150397,-0.21615407508150397,-0.7408555479476241,27.640803946409413,33.20819301726526,508.75697158718987,24.836512985424502,379.9565210271335,55.108133896733385,0.001023113675364781,5.115568376823905,322.42705098312484,0.11304179730568373,CYLINDER,CYLINDER_3,0.4,0.6,True
5.25,5.25,AEROTWIN-4-001,IDLE,0.15,1159.7862556067628,104.02817144430423,23.801618714374317,36.442709979301775,20.21260590829274,2.4152357852800175,13.814868285729016,-0.21623466670572178,-0.21623466670572178,-1.2587149600111598,38.13389427272438,33.20847722483222,508.7572716440298,24.836247628902406,380.04801145323455,55.12140348515423,0.0010235586938143512,5.1177934690717555,322.42705098312484,0.2875029441157507,CYLINDER,CYLINDER_3,0.4,0.6,True
5.26,5.26,AEROTWIN-4-001,IDLE,0.15,1148.994232719659,173.61534678071,23.83287067573325,0.2707854977436171,20.444494723843047,2.4290506535657466,-22.602759879665175,-0.21651858678399227,-0.21651858678399227,-0.1444647679848195,0.8482874392964211,33.20898764085756,508.76039110533196,24.83598524955395,380.3711057019808,55.168264428803894,0.0010251326392437025,5.125663196218513,322.42705098312484,0.47880715378250455,CYLINDER,CYLINDER_3,0.4,0.6,True
5.2700000000000005,5.2700000000000005,AEROTWIN-4-001,IDLE,0.15,1155.199237073904,242.55500074388956,23.781658922640453,35.467964049860456,20.06578542631571,2.4064478936860816,12.995730729858664,-1.438029946718872,-0.21605333454655729,37.33810066567244,-0.21605333454655729,33.20911703696428,508.75880742743567,24.83571832158432,379.8422929736247,55.09156648830858,0.0010225584784218015,5.112792392109008,322.42705098312484,0.27067590397316277,CYLINDER,CYLINDER_3,0.4,0.6,True
5.28,5.28,AEROTWIN-4-001,IDLE,0.15,1151.0061087826912,311.8669549683238,23.811153927634386,13.92047258782762,20.283096320233852,2.41944362441594,-8.782067356822173,-1.2082029707692399,-0.2163212929006038,15.561318144398067,-0.2163212929006038,33.20946010217549,508.75992262906715,24.835454192476288,380.1464610419055,55.13568241659589,0.001024037895511895,5.120189477559475,322.42705098312484,0.23942755949563224,CYLINDER,CYLINDER_3,0.4,0.6,True
5.29,5.29,AEROTWIN-4-001,IDLE,0.15,1146.5654544285835,380.92732149528524,23.791237093836823,13.246293705790446,20.136116879395523,2.410661557059118,-9.300484730664195,14.21435948391508,-0.5790131463087855,-0.17291228080704413,-0.21614035100880513,33.2096535790164,508.7592128956759,24.835188370447263,379.940950642163,55.10587559923803,0.001023037969221633,5.115189846108165,322.42705098312484,0.2507587345453635,CYLINDER,CYLINDER_3,0.4,0.6,True
5.3,5.3,AEROTWIN-4-001,IDLE,0.15,1156.6246394696748,449.72124876100025,23.77007693930156,43.45031273039806,19.98104377394131,2.401361072328454,21.067907884128296,45.458611020252675,-1.619591685182259,-0.17275849096549487,-0.2159481137068686,33.20969118066036,508.7566177680391,24.834920755820438,379.72314535534656,55.07428555604876,0.0010219798678544653,5.109899339272326,322.42705098312484,0.4105014203191563,CYLINDER,CYLINDER_3,0.4,0.6,True
5.3100000000000005,5.3100000000000005,AEROTWIN-4-001,IDLE,0.15,1147.7575421374254,519.1187271291808,23.817910288943054,4.184405653967924,20.333181898862115,2.4224289802125822,-18.571205225106773,5.152338316032431,-0.5784438496198787,-0.17310613886427917,-0.21638267358034896,33.21007701640951,508.7583985978966,24.834657604815764,380.21628777656997,55.14580994653816,0.0010243779849579298,5.121889924789649,322.42705098312484,0.4099673175197589,CYLINDER,CYLINDER_3,0.4,0.6,True
5.32,5.32,AEROTWIN-4-001,IDLE,0.15,1154.8006133265797,587.9841796574264,23.775764182801773,37.177445660563244,20.022614081204203,2.4038577749874754,14.750973804371565,-0.21599978158784341,38.76983931319338,-0.17279982527027474,-1.2035940457720185,33.210150805444236,508.75633472243663,24.83439074125182,379.78163143273645,55.08276825974123,0.0010222638272831541,5.111319136415771,322.42705098312484,0.30066021005102994,CYLINDER,CYLINDER_3,0.4,0.6,True
5.33,5.33,AEROTWIN-4-001,IDLE,0.15,1157.1041409287352,657.2722164570212,23.809263181879068,27.512206266246903,20.269100589272984,2.4186087487918466,4.8244969281820715,-0.21630411571685287,29.34350104499479,-0.1730432925734823,-1.4419473704575538,33.21046776932684,508.75734090294424,24.83412703914585,380.1269304246564,55.13284973493131,0.0010239428031321458,5.119714015660729,322.42705098312484,0.13113086466875684,CYLINDER,CYLINDER_3,0.4,0.6,True
5.34,5.34,AEROTWIN-4-001,IDLE,0.15,1147.2453048818677,6.698464912745294,23.820181499794923,2.125179747100906,20.350044433237755,2.423433245720029,-20.64829793185688,-0.2164033072409191,-0.2164033072409191,-0.1514530500332422,2.7094394116159863,33.21086107962376,508.7593091550544,24.833864455197173,380.2397734293253,55.14921625864248,0.0010244924101998985,5.122462050999492,322.42705098312484,0.4460571020144444,CYLINDER,CYLINDER_3,0.4,0.6,True
5.3500000000000005,5.3500000000000005,AEROTWIN-4-001,IDLE,0.15,1158.952301374037,75.53318320565735,23.773321001833008,46.9266071906467,20.004746125924818,2.402784947788172,24.51907611693371,-0.21597758560072078,-0.21597758560072078,-1.2547768411558962,48.61333920300404,33.21090793317372,508.7570029854131,24.833597727395343,379.7565015936033,55.079123478133035,0.0010221418027972142,5.110709013986071,322.42705098312484,0.4712988975643231,CYLINDER,CYLINDER_3,0.4,0.6,True
5.36,5.36,AEROTWIN-4-001,IDLE,0.15,1153.0332653067626,145.0703212880996,23.828927927527854,10.445607590491242,20.415103716774407,2.427304023905106,-12.39680015018827,-0.21648276742000996,-0.21648276742000996,-0.7437100447602555,11.622283170091517,33.211360383016896,508.75977175422383,24.833336186231616,380.330276860765,55.16234269533164,0.001024933538059351,5.124667690296755,322.42705098312484,0.30065509083928577,CYLINDER,CYLINDER_3,0.4,0.6,True
5.37,5.37,AEROTWIN-4-001,IDLE,0.15,1151.9403959947306,214.25231720650535,23.800873575314654,20.333114045305287,20.20710695622586,2.4149072237549176,-2.2889001346754916,-0.9127601578845509,-0.21622789721251423,21.67832999761487,-0.21622789721251423,33.21160167187318,508.7599345740711,24.833072194735113,380.04032275159506,55.120288331245845,0.0010235212837227414,5.117606418613708,322.42705098312484,0.12696520864337588,CYLINDER,CYLINDER_3,0.4,0.6,True
5.38,5.38,AEROTWIN-4-001,IDLE,0.15,1154.9158386642384,283.3687409661892,23.795680209588717,28.813190541086303,20.16881966299713,2.412618323620242,6.231752554468931,-1.5774201570183346,-0.21618071614805368,30.822972130400743,-0.21618071614805368,33.21180221537262,508.7596249508599,24.832807849359394,379.98675415941926,55.11251884977385,0.0010232606992647939,5.11630349632397,322.42705098312484,0.15405500234314035,CYLINDER,CYLINDER_3,0.4,0.6,True
5.39,5.39,AEROTWIN-4-001,IDLE,0.15,1144.1748431552076,352.6636912860435,23.809809774428675,0.1961073565840562,20.273145669351052,2.418850076174711,-22.495888388941705,-0.20715891490962177,-0.2163090814403697,0.8358844343744174,-0.2163090814403697,33.212103619480395,508.76059825794454,24.832544912065508,380.1325760421134,55.13366856399604,0.0010239702896144864,5.119851448072432,322.42705098312484,0.4795724118355157,CYLINDER,CYLINDER_3,0.4,0.6,True
5.4,5.4,AEROTWIN-4-001,IDLE,0.15,1154.7171896312577,421.314181875356,23.758656645864715,44.3740019228056,19.89780890784823,2.3963541877857693,22.0798388271716,46.18266705761458,-1.4201452835702568,-0.1726754894394346,-0.21584436179929323,33.212029953485306,508.7569439485624,24.832277455510752,379.605820776936,55.057269033845245,0.0010214106080257638,5.107053040128819,322.42705098312484,0.42679877995923166,CYLINDER,CYLINDER_3,0.4,0.6,True
5.41,5.41,AEROTWIN-4-001,IDLE,0.15,1152.7927730936794,490.5972132532314,23.808867417039167,18.654117639183987,20.266172183839714,2.4184340266129407,-4.030488571268668,20.275240763096424,-1.2317821874735644,-0.1730404161950552,-0.21630052024381902,33.21232176064527,508.7578991454046,24.832014671569286,380.1228429003152,55.13225688857592,0.001023922903152992,5.119614515764961,322.42705098312484,0.15653512259854618,CYLINDER,CYLINDER_3,0.4,0.6,True
5.42,5.42,AEROTWIN-4-001,IDLE,0.15,1147.8173682084716,559.7647796388521,23.799731106600966,12.192618414260217,20.19867850022072,2.414403538041672,-10.420463624002174,-0.2162175180301363,13.130179982868054,-0.17297401442410903,-0.5483700361535918,33.21254333622051,508.7580057123811,24.831751171893167,380.0285355448067,55.11857873834767,0.0010234639360652915,5.1173196803264585,322.42705098312484,0.26939709878164086,CYLINDER,CYLINDER_3,0.4,0.6,True
5.43,5.43,AEROTWIN-4-001,IDLE,0.15,1158.0564225915493,628.6338217313604,23.776049470536886,43.87330989300324,20.024701465530182,2.40398307441767,21.444625353055386,-0.2160023733904875,45.88167145592736,-0.17280189871239,-1.6195572908212483,33.21259012122216,508.75597729880377,24.83148563986051,379.78456629267373,55.08319392595681,0.001022278079736564,5.11139039868282,322.42705098312484,0.4178345232392145,CYLINDER,CYLINDER_3,0.4,0.6,True
5.44,5.44,AEROTWIN-4-001,IDLE,0.15,1149.3379961643077,698.1172070868533,23.824689681398183,4.549151950394867,20.383553860414363,2.4254276997707254,-18.25982960979022,-0.21644426349511878,5.543782253240289,-0.17315541079609503,-0.605030628554209,33.212991388733606,508.75838776173003,24.83122466523561,380.2864097621173,55.15598029907797,0.0010247196866899637,5.123598433449819,322.42705098312484,0.4037434777771156,CYLINDER,CYLINDER_3,0.4,0.6,True
5.45,5.45,AEROTWIN-4-001,IDLE,0.15,1156.1409417458824,47.07748685671186,23.78329652817325,36.73301782060143,20.077794042543236,2.407167870160935,14.248055907897262,-0.21606821198371098,-0.21606821198371098,-0.9493285761830036,38.11448282075186,33.213085435713005,508.75700149461437,24.83096002647431,379.8591527699121,55.09401179944251,0.001022640394857723,5.113201974288614,322.42705098312484,0.2927953613451706,CYLINDER,CYLINDER_3,0.4,0.6,True
5.46,5.46,AEROTWIN-4-001,IDLE,0.15,1158.80979286201,116.44594336146478,23.815618380526082,28.3272235092269,20.316178876523544,2.4214159260688324,5.5896287066345245,-0.2163618518850428,-0.2163618518850428,-1.1623239120858524,29.92227112508284,33.2134141982819,508.758565432283,24.830698456168893,380.19259462063576,55.14237353858777,0.0010242625685836025,5.121312842918013,322.42705098312484,0.14532037804427725,CYLINDER,CYLINDER_3,0.4,0.6,True
5.47,5.47,AEROTWIN-4-001,IDLE,0.15,1148.49156376684,185.9745309331854,23.82825393394176,1.226640483967102,20.41008341148652,2.427005554775467,-21.610448482294885,-0.16899200907452974,-0.21647664427434493,1.8285857815903215,-0.21647664427434493,33.21383191020017,508.7612340648453,24.8304381662013,380.32329932251747,55.16133068713929,0.001024899518115522,5.12449759057761,322.42705098312484,0.4619711758157756,CYLINDER,CYLINDER_3,0.4,0.6,True
5.48,5.48,AEROTWIN-4-001,IDLE,0.15,1155.398048380623,254.88402475919582,23.779263579647097,36.918534920372956,20.048232264218726,2.4053951062931724,14.464907549861058,-1.5641765395977723,-0.2160315731613326,38.91477460629339,-0.2160315731613326,33.21388678980857,508.75941388341,24.83017351530402,379.81763787823286,55.08799056258314,0.0010224387054000945,5.112193527000473,322.42705098312484,0.2960886713856854,CYLINDER,CYLINDER_3,0.4,0.6,True
5.49,5.49,AEROTWIN-4-001,IDLE,0.15,1148.5086818623977,324.2079076620332,23.81209671679587,8.280882935536365,20.290078416056545,2.4198600138430333,-14.429055494363213,-0.9488969540710964,-0.21632985801974777,9.662439605646957,-0.21632985801974777,33.214180242947116,508.76059912848785,24.829911977408383,380.15620132141186,55.13709512725493,0.001024085324908423,5.120426624542115,322.42705098312484,0.3381425021949199,CYLINDER,CYLINDER_3,0.4,0.6,True
5.5,5.5,AEROTWIN-4-001,IDLE,0.15,1149.5907038581906,393.11842857377707,23.779345166299724,24.720442427518496,20.04882990049933,2.40543095834867,2.266181568670494,25.994554639853256,-0.8852540464765872,-0.17282585149252291,-0.21603231436565362,33.21423160596078,508.75880215678814,24.829647570431405,379.81847752849797,55.088112343778285,0.0010224427840144074,5.112213920072037,322.42705098312484,0.0826211064670016,CYLINDER,CYLINDER_3,0.4,0.6,True
5.51,5.51,AEROTWIN-4-001,IDLE,0.15,1156.662120684371,462.0938708052685,23.784500100449446,37.30466202601701,20.086624118366686,2.407697139917341,14.810340767732987,39.278230073111644,-1.5846255837831589,-0.1728633170273214,-0.21607914628415179,33.21431975377464,508.75751383309336,24.82938375037229,379.87154611537386,55.095809305481595,0.0010227006167019504,5.113503083509753,322.42705098312484,0.3027851861839284,CYLINDER,CYLINDER_3,0.4,0.6,True
5.5200000000000005,5.5200000000000005,AEROTWIN-4-001,IDLE,0.15,1146.1198101254206,531.4935980463308,23.818087852008897,0.6772436197353542,20.334499741623873,2.422507480685074,-22.079763602573593,1.306791930538026,-0.24005659471004062,-0.17310742937450277,-0.21638428671812848,33.214651993955506,508.7592883247022,24.829123119572067,380.2181236509198,55.1460762180821,0.0010243869288776338,5.121934644388169,322.42705098312484,0.4713468221638817,CYLINDER,CYLINDER_3,0.4,0.6,True
5.53,5.53,AEROTWIN-4-001,IDLE,0.15,1156.4460877629726,600.260786653856,23.76794956078757,43.993247451533335,19.965514424409836,2.4004277170825,21.627305310041,-0.2159287867447216,45.788088906670076,-0.1727430293957773,-1.4061696389962421,33.214615364151676,508.7565003209241,24.828858034969933,379.7012780805164,55.07111397024193,0.001021873730181963,5.109368650909816,322.42705098312484,0.4200274961798296,CYLINDER,CYLINDER_3,0.4,0.6,True
5.54,5.54,AEROTWIN-4-001,IDLE,0.15,1154.7836793695851,669.6475519196343,23.817064352172384,19.267219616741425,20.326904591636875,2.422055022392541,-3.4817399972879914,-0.21637498835280813,20.906234116073584,-0.1730999906822465,-1.2495395202971056,33.214936589913016,508.7582075647994,24.828597547784394,380.20754193884846,55.144541467726704,0.0010243353790720991,5.121676895360496,322.42705098312484,0.14599821210149835,CYLINDER,CYLINDER_3,0.4,0.6,True
5.55,5.55,AEROTWIN-4-001,IDLE,0.15,1149.4486195012646,18.934572681809414,23.8091828485981,11.513356166036068,20.26850614282546,2.4185732823952533,-11.173723259184644,-0.2163033858992533,-0.2163033858992533,-0.42112742198994946,12.367090359824525,33.21519627580344,508.75915966683783,24.82833645451751,380.12610071359416,55.13272939529827,0.0010239387636627661,5.119693818313831,322.42705098312484,0.2815058487342848,CYLINDER,CYLINDER_3,0.4,0.6,True
5.5600000000000005,5.5600000000000005,AEROTWIN-4-001,IDLE,0.15,1159.9255598004981,87.90148985188529,23.783823422242605,44.43191119825972,20.08165918834338,2.4073995591360684,21.942852450780272,-0.21607299874905012,-0.21607299874905012,-1.2955685315326622,46.15962572729048,33.21526812788806,508.757801512096,24.82807316273054,379.864578050626,55.09479867130669,0.0010226667567494103,5.113333783747051,322.42705098312484,0.4275198886787488,CYLINDER,CYLINDER_3,0.4,0.6,True
5.57,5.57,AEROTWIN-4-001,IDLE,0.15,1151.3235622172135,157.49702343991518,23.833529035594957,4.862767077583112,20.44940627522541,2.4293424115868487,-18.015981609229147,-0.21652456789926752,-0.21652456789926752,-0.49722454255185655,5.793040755933504,33.21570267267303,508.7609674284938,24.827814549461145,380.3779252026374,55.16925351554013,0.0010251659001820567,5.125829500910283,322.42705098312484,0.39846295431759704,CYLINDER,CYLINDER_3,0.4,0.6,True
5.58,5.58,AEROTWIN-4-001,IDLE,0.15,1154.2045788380617,226.57643717294798,23.792747127286688,28.59253923195888,20.147225701363343,2.4113264299776196,6.033987100617918,-1.177432359512243,-0.21615406946987556,30.202279730410876,-0.21615406946987556,33.215833384390464,508.76036762658885,24.827552305609238,379.95651465999384,55.10813297325619,0.0010231136444047797,5.1155682220238985,322.42705098312484,0.15022753666747604,CYLINDER,CYLINDER_3,0.4,0.6,True
5.59,5.59,AEROTWIN-4-001,IDLE,0.15,1154.066580226625,295.8287119032317,23.806435035314166,22.376519553834534,20.248182752686365,2.4173604170782377,-0.28902361593006853,-1.4600424625766433,-0.21627842236644695,24.269118861144072,-0.21627842236644695,33.21606235867772,508.76101754114046,24.827291432254498,380.09772512942465,55.12861385732149,0.0010238006311571062,5.119003155785531,322.42705098312484,0.09133602961745374,CYLINDER,CYLINDER_3,0.4,0.6,True
5.6000000000000005,5.6000000000000005,AEROTWIN-4-001,IDLE,0.15,1143.8467822401653,365.0727067168292,23.805780061877748,1.2561177727633115,20.24334122959009,2.4170713934623076,-21.404294850289087,1.7888290121525607,-0.14342078975970565,-0.1730179776131304,-0.216272472016413,33.21628383626289,508.7615920655662,24.82703061658691,380.09096285886665,55.1276330711243,0.0010237677166146336,5.118838583073168,322.42705098312484,0.46092769828312685,CYLINDER,CYLINDER_3,0.4,0.6,True
5.61,5.61,AEROTWIN-4-001,IDLE,0.15,1155.4854555099441,433.7035136512391,23.757087879112518,46.65804762933573,19.886400236144418,2.3956670986120185,24.37598029457929,48.600231296515126,-1.553689469622796,-0.1726640878029368,-0.215830109753671,33.21614973747218,508.7577723134586,24.826765489192645,379.5897166324392,55.05493332093572,0.0010213325091865386,5.106662545932693,322.42705098312484,0.4667878420930839,CYLINDER,CYLINDER_3,0.4,0.6,True
5.62,5.62,AEROTWIN-4-001,IDLE,0.15,1150.063369448497,503.0326409818358,23.812511168697263,11.357201052598638,20.293148465541307,2.420043078906598,-11.355990491849267,12.722309398994042,-0.975707824523176,-0.17306689860987925,-0.21633362326234906,33.216419407555414,508.7590360579835,24.826505529148232,380.1604835163919,55.137716208250446,0.0010241061777313018,5.12053088865651,322.42705098312484,0.28431666137329764,CYLINDER,CYLINDER_3,0.4,0.6,True
5.63,5.63,AEROTWIN-4-001,IDLE,0.15,1150.6380334741898,572.0364431487457,23.786750662816125,23.715405751836062,20.103145142489357,2.4086870884147484,1.2035735209319571,-0.21609959235587062,24.964124108195,-0.1728796738846965,-0.8597390901183717,33.216498069454296,508.7579444577261,24.826243327682345,379.89472522112396,55.09917115662138,0.0010228132635433684,5.1140663177168415,322.42705098312484,0.06744419823293352,CYLINDER,CYLINDER_3,0.4,0.6,True
5.64,5.64,AEROTWIN-4-001,IDLE,0.15,1157.9783164811117,641.074725157197,23.789485821970754,37.906583895423196,20.123240453609807,2.4098906619356804,15.37345277987771,-0.2161244409275281,39.88635535837269,-0.17289955274202248,-1.590747469279946,33.216595670217366,508.75712643205765,24.82598149374111,379.9229036744665,55.10325810313727,0.0010229502323012946,5.114751161506473,322.42705098312484,0.3132610679271812,CYLINDER,CYLINDER_3,0.4,0.6,True
5.65,5.65,AEROTWIN-4-001,IDLE,0.15,1147.507289193532,710.5534241460637,23.824320040885453,0.8756002271129016,20.380804380530197,2.4252641147155583,-21.930468268132856,-0.21644090535826138,1.5316237826444155,-0.1731527242866091,-0.2664299258866433,33.21694666476502,508.75947469260524,24.825722976614784,380.28258494046963,55.15542555459584,0.0010247010439825596,5.123505219912799,322.42705098312484,0.46802194916682077,CYLINDER,CYLINDER_3,0.4,0.6,True
5.66,5.66,AEROTWIN-4-001,IDLE,0.15,1157.7617745328782,59.40386149767562,23.774570685049145,43.89416123368421,20.013883714946857,2.4033336464474253,21.476943872289926,-0.21598893881316283,-0.21598893881316283,-1.1155089994490572,45.44164811075959,33.216930849655924,508.7572766635159,24.82546001850782,379.76935455795683,55.08098764637694,0.0010222042108891938,5.111021054445969,322.42705098312484,0.4182165853613457,CYLINDER,CYLINDER_3,0.4,0.6,True
5.67,5.67,AEROTWIN-4-001,IDLE,0.15,1156.417690028681,128.8695679696483,23.823295134338714,19.982949259806915,20.373182672280834,2.4248105903197152,-2.8150440027936336,-0.21643159421315827,-0.21643159421315827,-1.01105141539867,21.4268638636319,33.21727033566841,508.7595283645849,24.825201642733198,380.2719807073028,55.15388753782579,0.0010246493602035537,5.1232468010177685,322.42705098312484,0.13361926496638224,CYLINDER,CYLINDER_3,0.4,0.6,True
5.68,5.68,AEROTWIN-4-001,IDLE,0.15,1149.5946580363313,198.25462937136916,23.816929799899928,8.4577770654709,20.325906307403248,2.421995546316922,-14.290124788249269,-0.5083277631246075,-0.21637376596259433,9.398852360520694,-0.21637376596259433,33.21755908916354,508.76114773691114,24.824942796374554,380.2061509332697,55.14433971905957,0.0010243286029533905,5.121643014766953,322.42705098312484,0.3351602978379521,CYLINDER,CYLINDER_3,0.4,0.6,True
5.69,5.69,AEROTWIN-4-001,IDLE,0.15,1155.5954055526777,267.23030885354905,23.784518931245167,35.062403930577766,20.08676230011492,2.4077054215286724,12.567936208934174,-1.6187017638080363,-0.21607931735952635,37.11326432910486,-0.21607931735952635,33.21760810212868,508.7598024683611,24.82468109453942,379.87174003270496,55.09583743086346,0.0010227015590302624,5.113507795151312,322.42705098312484,0.26354545129794094,CYLINDER,CYLINDER_3,0.4,0.6,True
5.7,5.7,AEROTWIN-4-001,IDLE,0.15,1146.5895820079027,336.5660331867097,23.813032472397136,3.8555312647379516,20.29701063219453,2.4202733577376065,-18.861752725194187,-0.64527009164089,-0.21633835923989528,4.933478074858631,-0.21633835923989528,33.21786430430521,508.76106258046036,24.824422124299748,380.1658700275734,55.138497457059195,0.0010241324091217682,5.120662045608841,322.42705098312484,0.4156081169462944,CYLINDER,CYLINDER_3,0.4,0.6,True
5.71,5.71,AEROTWIN-4-001,IDLE,0.15,1152.7287437673283,405.3614081071839,23.7701920974826,35.24112664577813,19.98188471902493,2.4014116050124126,12.857830321740789,36.782279589496454,-1.1524444558906968,-0.1727593279233907,-0.21594915990423835,33.21780604018369,508.7584315510951,24.82415935261436,379.72432922056106,55.07445726149174,0.001021985614496602,5.109928072483011,322.42705098312484,0.26683932605928273,CYLINDER,CYLINDER_3,0.4,0.6,True
5.72,5.72,AEROTWIN-4-001,IDLE,0.15,1155.9508568687013,474.5251327332236,23.79942689812176,29.35908211484349,20.196434780636814,2.414269435334153,6.748377898872521,31.223576446783415,-1.475307774137017,-0.17297180346795857,-0.2162147543349482,33.21796052604336,508.7584973667894,24.823899367238713,380.02539720266833,55.11812355948061,0.0010234486680945746,5.117243340472873,322.42705098312484,0.1635647853543536,CYLINDER,CYLINDER_3,0.4,0.6,True
5.73,5.73,AEROTWIN-4-001,IDLE,0.15,1145.4322537661649,543.8821841453457,23.81471747414835,0.7004059194138132,20.30949892815097,2.421017813233026,-22.03011082197018,-0.2163536672656411,1.1997043091111048,-0.17308293381251286,-0.10986178861913758,33.21822488751413,508.7599424427063,24.82364090558596,380.18328307570084,55.1410230107335,0.0010242172147523192,5.121086073761596,322.42705098312484,0.47086235894453377,CYLINDER,CYLINDER_3,0.4,0.6,True
5.74,5.74,AEROTWIN-4-001,IDLE,0.15,1157.038345510571,612.6081193713156,23.764665989440044,46.64829642706808,19.94156701724698,2.3989877024110555,24.307741707410045,-0.21589895591832037,48.582129330494844,-0.1727191647346563,-1.545214782773782,33.21812251795968,508.756843418967,24.82337798294966,379.6675371115494,55.0662202475849,0.0010217099945688947,5.108549972844473,322.42705098312484,0.4665290230417703,CYLINDER,CYLINDER_3,0.4,0.6,True
5.75,5.75,AEROTWIN-4-001,IDLE,0.15,1151.8469007480396,682.0304201019499,23.81986990063134,11.898089163994447,20.347730204866608,2.4232954441184655,-10.872936484990626,-0.21640047640230717,13.286151623859164,-0.17312038112184572,-0.9985416023405635,33.218422720840415,508.7587959101402,24.82312023273073,380.23655093008483,55.14874887379764,0.0010244767085932564,5.122383542966282,322.42705098312484,0.2750238698256171,CYLINDER,CYLINDER_3,0.4,0.6,True
5.76,5.76,AEROTWIN-4-001,IDLE,0.15,1152.0508195583882,31.141234146832176,23.795235720253913,23.005054926554916,20.165545861241263,2.412422507633475,0.42708655768017767,-0.2161766780192054,-0.2161766780192054,-0.6707738699410505,24.10818215253438,33.21853939301842,508.7584746841358,24.822860331425414,379.982170880922,55.11185410022717,0.0010232384086566067,5.116192043283034,322.42705098312484,0.08007409796437978,CYLINDER,CYLINDER_3,0.4,0.6,True
5.7700000000000005,5.7700000000000005,AEROTWIN-4-001,IDLE,0.15,1159.7242286813744,100.26428332033548,23.79620513877964,38.65668664394556,20.172686563912887,2.4128495941911554,16.07115048584152,-0.21618548506272312,-0.21618548506272312,-1.2763543140275806,40.36541192809859,33.21866174131799,508.75824888255744,24.822600636134588,379.99216719381224,55.11330394545614,0.0010232870263259764,5.116435131629882,322.42705098312484,0.32631011316707903,CYLINDER,CYLINDER_3,0.4,0.6,True
5.78,5.78,AEROTWIN-4-001,IDLE,0.15,1149.303791712366,169.84773704121795,23.83257751079439,1.046716576279519,20.442307984290622,2.4289207446769967,-21.8245121526881,-0.21651592341795803,-0.21651592341795803,-0.22898465730629472,1.7087330804217298,33.21904893398,508.7613173299284,24.82234441522169,380.3680691817596,55.16782401798405,0.0010251178296697982,5.1255891483489915,322.42705098312484,0.4652214678224667,CYLINDER,CYLINDER_3,0.4,0.6,True
5.79,5.79,AEROTWIN-4-001,IDLE,0.15,1154.963625648601,238.80596454395993,23.783133605144165,34.33762373360573,20.07659902467238,2.407096232524309,11.853928476409044,-1.3862055831194255,-0.21606673184879602,36.155962780422755,-0.21606673184879602,33.21907032083731,508.7598431645569,24.822083755730173,379.85747526589836,55.093768497615365,0.0010226322439388631,5.113161219694316,322.42705098312484,0.2508778532355601,CYLINDER,CYLINDER_3,0.4,0.6,True
5.8,5.8,AEROTWIN-4-001,IDLE,0.15,1151.686741261774,308.103782082876,23.810036447029184,15.830682939191389,20.27482338906971,2.418950161000718,-6.863090610879038,-1.276605011019491,-0.21631114073200067,17.53991023167488,-0.21631114073200067,33.219287280168935,508.76083149643523,24.821825682750458,380.13491739541826,55.134008149196674,0.0010239816891548998,5.119908445774499,322.42705098312484,0.20597265752885155,CYLINDER,CYLINDER_3,0.4,0.6,True
5.8100000000000005,5.8100000000000005,AEROTWIN-4-001,IDLE,0.15,1145.646900262628,377.2049865585825,23.794474228270307,9.922212044310978,20.15993838176646,2.412087070389839,-12.64981340784532,10.790875939001578,-0.47955832675941,-0.1729358079694176,-0.216169759961772,33.219388192933344,508.76039074099367,24.82156629492353,379.97431944760234,55.110715344041346,0.001023200225238414,5.11600112619207,322.42705098312484,0.309006004749878,CYLINDER,CYLINDER_3,0.4,0.6,True
5.82,5.82,AEROTWIN-4-001,IDLE,0.15,1156.3495997823957,445.9438005743402,23.765691258335206,44.76416026898968,19.94904155541969,2.3994372569819933,22.415681456587993,46.76805104747244,-1.6152558918431996,-0.17272661628425012,-0.21590827035531265,33.219279521857096,508.7573725011528,24.821304395845246,379.67807105486247,55.067748069655146,0.0010217611085012587,5.1088055425062935,322.42705098312484,0.43354471976908215,CYLINDER,CYLINDER_3,0.4,0.6,True
5.83,5.83,AEROTWIN-4-001,IDLE,0.15,1148.1732357142498,515.3247765612839,23.816607167599475,5.620828864772825,20.32351278604274,2.4218529384385814,-17.1245368597085,6.687765621739558,-0.6774692541659163,-0.17309666791147424,-0.2163708348893428,33.219542084839304,508.75901658853076,24.821047281751085,380.2028156424417,55.143855975148455,0.0010243123557596764,5.121561778798382,322.42705098312484,0.384799316996408,CYLINDER,CYLINDER_3,0.4,0.6,True
5.84,5.84,AEROTWIN-4-001,IDLE,0.15,1153.8664740814072,584.2151707041389,23.777746206219717,34.36573919928308,20.03712024477268,2.404728401578873,11.923890552931525,-0.21601778801750374,35.884379191704326,-0.17281423041400298,-1.1298079739897429,33.21951864451981,508.75711541769505,24.820786713500883,379.802023288374,55.08572585369919,0.0010223628618852311,5.111814309426156,322.42705098312484,0.25143234814445203,CYLINDER,CYLINDER_3,0.4,0.6,True
5.8500000000000005,5.8500000000000005,AEROTWIN-4-001,IDLE,0.15,1157.417859744898,653.4471591490234,23.804830192375206,30.090978795649704,20.236321763193356,2.416652292131804,7.438004740324544,-0.2162638425732747,31.9683015710123,-0.17301107405861976,-1.4880478587307011,33.219692269000774,508.75770173543043,24.820528746245788,380.0811568794792,55.1262108314859,0.0010237199900763798,5.118599950381899,322.42705098312484,0.1763105537002718,CYLINDER,CYLINDER_3,0.4,0.6,True
5.86,5.86,AEROTWIN-4-001,IDLE,0.15,1146.6695589878507,2.8922307337172697,23.82166702432893,0.2739825362684171,20.36108070400498,2.4240902968721287,-22.511188464608693,-0.2164168030416186,-0.2164168030416186,-0.06551912320174484,0.7723352655533992,33.21998702870362,508.7597954176496,24.820272451370897,380.25513810850794,55.15144472098177,0.001024567279568312,5.12283639784156,322.42705098312484,0.47848794101521974,CYLINDER,CYLINDER_3,0.4,0.6,True
5.87,5.87,AEROTWIN-4-001,IDLE,0.15,1158.363294326515,71.69240427298831,23.770573803794694,46.8775535016887,19.984672371300224,2.4015791084075198,24.491302021980957,-0.2159526276573423,-0.2159526276573423,-1.2301316135398914,48.53959037054328,33.219906519577776,508.75723034320316,24.820011577093535,379.72825340639105,55.075026417556145,0.0010220046633857595,5.110023316928798,322.42705098312484,0.47047236198877035,CYLINDER,CYLINDER_3,0.4,0.6,True
5.88,5.88,AEROTWIN-4-001,IDLE,0.15,1153.4439591605685,141.19420193257923,23.826141756716353,12.51739704183338,20.39435810999283,2.426070410429501,-10.30303147858895,-0.21645745541396363,-0.21645745541396363,-0.8139008212081973,13.764212773869506,33.220231586989684,508.7597409964773,24.81975593140904,380.3014366355962,55.1581597667536,0.00102479293476371,5.12396467381855,322.42705098312484,0.2643333042040395,CYLINDER,CYLINDER_3,0.4,0.6,True
5.89,5.89,AEROTWIN-4-001,IDLE,0.15,1150.9742586434402,210.40083948221337,23.802824122757784,17.464743192688513,20.221504481189637,2.4157673789509118,-5.1725286674520365,-0.820727374840104,-0.21624561768696265,18.71796180290254,-0.21624561768696265,33.220382139985574,508.7600805969199,24.81949824442713,380.060450887742,55.12320767585632,0.0010236192234992494,5.118096117496247,322.42705098312484,0.17720743219773072,CYLINDER,CYLINDER_3,0.4,0.6,True
5.9,5.9,AEROTWIN-4-001,IDLE,0.15,1154.8289319193673,279.4592950008198,23.791085572391793,30.618806179829857,20.135002499118517,2.4105948502834598,8.07320883042788,-1.599000361402756,-0.2161389744558254,32.650084490144266,-0.2161389744558254,33.2204454838725,508.7593532642727,24.819239594016647,379.93938905509526,55.105649109772905,0.0010230303769690142,5.115151884845071,322.42705098312484,0.18570643810844958,CYLINDER,CYLINDER_3,0.4,0.6,True
5.91,5.91,AEROTWIN-4-001,IDLE,0.15,1144.4001779390878,348.74903091598185,23.809397520664024,0.846831498068928,20.270094699315873,2.418668059113888,-21.841931260360834,-0.3165199943115906,-0.21630533616756,1.5959621647156386,-0.21630533616756,33.22064148302935,508.7602961177742,24.81898274658237,380.12831794191754,55.133050977659835,0.0010239495583499046,5.119747791749523,322.42705098312484,0.4681750669709003,CYLINDER,CYLINDER_3,0.4,0.6,True
5.92,5.92,AEROTWIN-4-001,IDLE,0.15,1154.161586538941,417.4130415923271,23.759733962812565,42.74671955485918,19.905647063014012,2.3968261278535268,20.444246363991645,44.499306861094176,-1.3640498378798398,-0.17268331926895839,-0.21585414908619796,33.22047518274216,508.7567459339466,24.81872146453347,379.61688167519947,55.05887328440758,0.00102146425448357,5.10732127241785,322.42705098312484,0.3983088001130649,CYLINDER,CYLINDER_3,0.4,0.6,True
5.93,5.93,AEROTWIN-4-001,IDLE,0.15,1153.4617132390915,486.6627367846636,23.806230991087066,21.198133517788257,20.24667435507152,2.4172703742175186,-1.4658112115007809,22.88860116464476,-1.3011698232852476,-0.17302125492055911,-0.21627656865069889,33.22064770602195,508.7574679655432,24.818464558595522,380.0956184186225,55.12830830420017,0.0010237903768198534,5.118951884099268,322.42705098312484,0.11195299926650978,CYLINDER,CYLINDER_3,0.4,0.6,True
5.94,5.94,AEROTWIN-4-001,IDLE,0.15,1146.8472135794386,555.8704395790091,23.802908430481562,8.78455586525744,20.22212699421001,2.4158045630060174,-13.85337569195859,-0.21624638361186763,9.617314732457794,-0.1729971068894941,-0.4435153766989933,33.220793949230625,508.7578720006499,24.818207461989942,380.0613209841191,55.12333387289467,0.0010236234575523348,5.118117287761674,322.42705098312484,0.3291126873270359,CYLINDER,CYLINDER_3,0.4,0.6,True
5.95,5.95,AEROTWIN-4-001,IDLE,0.15,1157.7110734520354,624.6812723937754,23.77142161555992,45.14603143668626,19.990865339119583,2.401951187314059,22.753214910252616,-0.21596032991896924,47.1474887996312,-0.1727682639351754,-1.6127287690907983,33.220710054653566,508.75543114931054,24.81794759203752,379.7369700892242,55.0762906678009,0.0010220469781197004,5.110234890598503,322.42705098312484,0.440160878375363,CYLINDER,CYLINDER_3,0.4,0.6,True
5.96,5.96,AEROTWIN-4-001,IDLE,0.15,1149.740515357356,694.1439368008976,23.823055139069467,6.102604898632096,20.37139833324504,2.424704402224312,-16.693497836837256,-0.216429413886783,7.20008357040757,-0.1731435311094264,-0.7079057267792649,33.221002919482395,508.75770725920006,24.817692593994185,380.26949777733324,55.15352741862886,0.0010246372592727445,5.1231862963637225,322.42705098312484,0.37651965385573727,CYLINDER,CYLINDER_3,0.4,0.6,True
5.97,5.97,AEROTWIN-4-001,IDLE,0.15,1155.0838997970093,43.12836772233891,23.78521350214398,33.691028831725404,20.091859726723726,2.4080109043874747,11.191158200614204,-0.21608562744744977,-0.21608562744744977,-0.8863424477019507,35.00954253432225,33.22101632222892,508.7565105128732,24.817434217481846,379.8788929461108,55.09687487511802,0.0010227363190746825,5.1136815953734125,322.42705098312484,0.2395383387083386,CYLINDER,CYLINDER_3,0.4,0.6,True
5.98,5.98,AEROTWIN-4-001,IDLE,0.15,1159.0638573328552,112.43340171015947,23.810606919327284,31.03385195041606,20.279046317019553,2.419202062588089,8.33560357080842,-0.21631632339998327,-0.21631632339998327,-1.1996778576315652,32.666162454847594,33.22121439619848,508.75763370710723,24.817178297278723,380.1408102170948,55.13486283226699,0.0010240103808860975,5.120051904430488,322.42705098312484,0.1927441612959344,CYLINDER,CYLINDER_3,0.4,0.6,True
5.99,5.99,AEROTWIN-4-001,IDLE,0.15,1148.1554228674565,181.97723315013076,23.829455481129916,0.0,20.41903405294894,2.427537666158897,-22.84657171910784,-0.05602001972930305,-0.21648756017711945,0.3495592988905114,-0.21648756017711945,33.221548281881304,508.7604345175722,24.816924242997487,380.3357387724407,55.16313488007726,0.0010249601695619423,5.124800847809712,322.42705098312484,0.48346562225089984,CYLINDER,CYLINDER_3,0.4,0.6,True
6.0,6.0,AEROTWIN-4-001,IDLE,0.15,1155.022943416954,250.86655852217814,23.777661287215548,36.82449103367623,20.03649853478438,2.404691094439789,14.383301404452064,-1.5306281546298,-0.2160170165391945,38.78715322138443,-0.2160170165391945,33.2215005738014,508.75849026443325,24.81666551982904,379.8011495091488,55.08559912250792,0.0010223586180043394,5.111793090021697,322.42705098312484,0.2944614904617552,CYLINDER,CYLINDER_3,0.4,0.6,True
6.01,6.01,AEROTWIN-4-001,IDLE,0.15,1148.9634237762655,320.1679351271954,23.81031780350436,10.004952169091098,20.27690603156011,2.419074395844241,-12.691028258313253,-1.0391811006801683,-0.21631369681965024,11.476760663410568,-0.21631369681965024,33.22169079781696,508.7595378407154,24.816409920070843,380.1378236797739,55.13442967086704,0.0010239958394931122,5.119979197465561,322.42705098312484,0.30792954757961455,CYLINDER,CYLINDER_3,0.4,0.6,True
6.0200000000000005,6.0200000000000005,AEROTWIN-4-001,IDLE,0.15,1148.2320322856085,389.10574055377134,23.781512135970775,20.939269970988647,20.064709359366873,2.406383367585928,-1.5318227559641535,22.116358416015185,-0.7881948432114048,-0.1728416008067256,-0.216052001008407,33.22166926990382,508.7579622906016,24.81615178097415,379.8407819070767,55.09134732623859,0.0010225511371223894,5.112755685611948,322.42705098312484,0.11590393522403229,CYLINDER,CYLINDER_3,0.4,0.6,True
6.03,6.03,AEROTWIN-4-001,IDLE,0.15,1156.423334068829,457.9996624909079,23.778026498576665,39.599846332836755,20.03917245100524,2.404851544829964,17.155822337001553,41.593069558473765,-1.6043866236490176,-0.17281626755022006,-0.21602033443777507,33.221622776155215,508.7561126757447,24.815893438398266,379.8049074359994,55.08614416470248,0.0010223768701704274,5.111884350852137,322.42705098312484,0.34302597118077693,CYLINDER,CYLINDER_3,0.4,0.6,True
6.04,6.04,AEROTWIN-4-001,IDLE,0.15,1146.3406094182544,527.3850625350376,23.816956542345306,1.6309029543318934,20.326104714107313,2.4220073671669655,-21.117209126942385,2.374793004863847,-0.35441683448622135,-0.17309920713143662,-0.21637400891429576,33.221860109707904,508.7578198591663,24.815638803127158,380.206427395705,55.14437981661826,0.0010243299497018836,5.121649748509418,322.42705098312484,0.45463122261773103,CYLINDER,CYLINDER_3,0.4,0.6,True
6.05,6.05,AEROTWIN-4-001,IDLE,0.15,1155.7846427021402,596.1654991001328,23.769003681033546,42.15363506877172,19.973207854122997,2.4008901580400233,19.7795370566087,-0.2159383632925519,43.88759206942937,-0.17275069063404153,-1.345267946731056,33.22174621620345,508.755163195295,24.81537986533365,379.712112670989,55.0726853975749,0.0010219263161274856,5.109631580637428,322.42705098312484,0.3878220304217619,CYLINDER,CYLINDER_3,0.4,0.6,True
6.0600000000000005,6.0600000000000005,AEROTWIN-4-001,IDLE,0.15,1155.4218603823613,665.5125776622613,23.813929598466864,21.964518923927244,20.3036587426107,2.420669695096632,-0.7598095137800884,-0.2163465095156815,23.674718645979162,-0.1730772076125452,-1.3207760049236903,33.2219599339618,508.75662039085637,24.81512518123359,380.17514061634677,55.1398420447137,0.0010241775577228968,5.120887788614484,322.42705098312484,0.09872188852247739,CYLINDER,CYLINDER_3,0.4,0.6,True
6.07,6.07,AEROTWIN-4-001,IDLE,0.15,1148.382534628592,14.837889285202891,23.81220962706834,7.967695258032196,20.290914755293684,2.419909885582852,-14.74312938284434,-0.21633088379515525,-0.21633088379515525,-0.33239463811583564,8.732751663738341,33.222158541382434,508.7578856783917,24.81487045263902,380.1573679104113,55.13726432699024,0.001024091005732665,5.120455028663326,322.42705098312484,0.34362593625955423,CYLINDER,CYLINDER_3,0.4,0.6,True
6.08,6.08,AEROTWIN-4-001,IDLE,0.15,1159.4795110587254,83.74084136291842,23.778743910999523,45.69104583141845,20.044425988574293,2.4051667562000074,23.24145308664415,-0.21602685203802774,-0.21602685203802774,-1.2884345964613209,47.411534131955825,33.222111466535054,508.7561024798442,24.814612751709372,379.8122898913565,55.08721490126256,0.0010224127280625032,5.112063640312516,322.42705098312484,0.44961364008700455,CYLINDER,CYLINDER_3,0.4,0.6,True
6.09,6.09,AEROTWIN-4-001,IDLE,0.15,1151.693977863587,153.30961202644195,23.831420741595,6.556107299043999,20.433681683175227,2.4284082092866517,-16.30598259341788,-0.21650541431749357,-0.21650541431749357,-0.5834852771961904,7.572603404875177,33.22244914407478,508.7591197083018,24.814360043171757,380.35608874486206,55.166086399377306,0.0010250594024305414,5.125297012152707,322.42705098312484,0.3687799371209484,CYLINDER,CYLINDER_3,0.4,0.6,True
6.1000000000000005,6.1000000000000005,AEROTWIN-4-001,IDLE,0.15,1153.337899990019,222.41125069825716,23.794508637264222,26.01531640875198,20.160191731743954,2.412102226693234,3.443022450314791,-1.0934650413562035,-0.21617007256308793,27.541121595234358,-0.21617007256308793,33.222512934925305,508.75872484896433,24.81410402225478,379.9746742092985,55.11076679796823,0.0010232019504828416,5.116009752414208,322.42705098312484,0.1051057566375327,CYLINDER,CYLINDER_3,0.4,0.6,True
6.11,6.11,AEROTWIN-4-001,IDLE,0.15,1154.2904927116936,291.6115246976583,23.802320462805625,24.628436697531374,20.21778591753679,2.4155452491435487,1.9951055308510344,-1.5077986521111353,-0.21624104200061145,26.56871743364373,-0.21624104200061145,33.22263281977206,508.7590443991645,24.813848838515927,380.0552530572526,55.12245379291781,0.0010235939304375872,5.117969652187936,322.42705098312484,0.08074505424917065,CYLINDER,CYLINDER_3,0.4,0.6,True
6.12,6.12,AEROTWIN-4-001,IDLE,0.15,1143.4669677886159,360.86895426035994,23.806842768576935,0.0,20.251197234850505,2.4175403546744,-22.668737589524905,0.12723335800859734,-0.0246002505316424,-0.17302570125685943,-0.2162821265710743,33.222784259579285,508.75976421463326,24.81359418871449,380.1019350383604,55.129224454093716,0.0010238211232072012,5.1191056160360064,322.42705098312484,0.4829346856937446,CYLINDER,CYLINDER_3,0.4,0.6,True
6.13,6.13,AEROTWIN-4-001,IDLE,0.15,1154.975378697492,429.4769723276769,23.755271156115818,46.371226926898075,19.873195865934374,2.3948716170848745,24.103159443878827,48.27556298745536,-1.5158715714542665,-0.1726508840457839,-0.21581360505722988,33.22256071089598,508.75582738117686,24.81333491460646,379.5710708106572,55.0522289682361,0.0010212420958530875,5.106210479265438,322.42705098312484,0.4617896346387755,CYLINDER,CYLINDER_3,0.4,0.6,True
6.140000000000001,6.140000000000001,AEROTWIN-4-001,IDLE,0.15,1150.6829668674945,498.7754950495264,23.810092195162856,13.704204491583429,20.275236029256284,2.4189747765287537,-8.990006314201608,15.162703945830883,-1.069138489293436,-0.17304931775734114,-0.21631164719667642,33.222736727056855,508.7569211446606,24.81308079825512,380.13549324045994,55.13409166860983,0.0010239844928491455,5.119922464245728,322.42705098312484,0.24318733838893483,CYLINDER,CYLINDER_3,0.4,0.6,True
6.15,6.15,AEROTWIN-4-001,IDLE,0.15,1149.3391515447743,567.8164730615761,23.789699636941016,19.720316683376293,20.124812143587988,2.409984770214552,-2.814480230426247,-0.21612638340923013,20.865744823902148,-0.1729011067273841,-0.7564006503892421,33.22276219532857,508.7561479589873,24.812824909964764,379.92510684933205,55.10357764721342,0.0010229609426061364,5.114804713030682,322.42705098312484,0.13742731952704362,CYLINDER,CYLINDER_3,0.4,0.6,True
6.16,6.16,AEROTWIN-4-001,IDLE,0.15,1157.8224579618309,636.7768221542625,23.78330203142241,40.25240011123196,20.07783440926353,2.407170289984126,17.7673954119843,-0.21606826198002688,42.250512956862536,-0.1728546095840215,-1.6091899740665323,33.222740986262906,508.75481818210324,24.812568547539506,379.8592094335713,55.09402001782632,0.00102264067018573,5.113203350928651,322.42705098312484,0.354384487644916,CYLINDER,CYLINDER_3,0.4,0.6,True
6.17,6.17,AEROTWIN-4-001,IDLE,0.15,1147.8598072917584,706.2461696319724,23.823582369469793,1.9345293411000544,20.37531842595795,2.42493768539611,-20.865726770254007,-0.21643420370764602,2.7100414920848475,-0.17314736296611682,-0.38593058431103033,33.22301361150569,508.75715735239146,24.812316033077693,380.27495246357176,55.15431855541152,0.0010246638437900332,5.123319218950166,322.42705098312484,0.44947336078211253,CYLINDER,CYLINDER_3,0.4,0.6,True
6.18,6.18,AEROTWIN-4-001,IDLE,0.15,1157.129462958996,55.11775806947787,23.77625183870033,41.84457565746019,20.026182268500268,2.4040719586258557,19.414321430334066,-0.21600421187941127,-0.21600421187941127,-1.0631673292908401,43.33975141050985,33.22293844156316,508.75516833599244,24.81205925130159,379.7866481886336,55.08349587998304,0.0010222881901591787,5.111440950795894,322.42705098312484,0.3823293256511041,CYLINDER,CYLINDER_3,0.4,0.6,True
6.19,6.19,AEROTWIN-4-001,IDLE,0.15,1157.1596017913164,124.54552584701764,23.82030141780732,22.837544025295244,20.35093512243534,2.42348628005619,0.06312262280371295,-0.21640439668074896,-0.21640439668074896,-1.0694824857171878,24.339835304373928,33.2231846690515,508.7572017545751,24.81180666129487,380.24101363089227,55.14939613499735,0.0010244984531722298,5.1224922658611485,322.42705098312484,0.08359354327566873,CYLINDER,CYLINDER_3,0.4,0.6,True
6.2,6.2,AEROTWIN-4-001,IDLE,0.15,1148.9509916401728,193.97510195449664,23.82044414389199,5.583471770205142,20.351995265537077,2.4235494026789937,-17.192072898010927,-0.3919651820589288,-0.216405693329003,6.408248338922077,-0.216405693329003,33.223429020847625,508.75919725433556,24.811554198863305,380.2424897387531,55.14961022672927,0.0010245056456863024,5.122528228431512,322.42705098312484,0.38554315952749335,CYLINDER,CYLINDER_3,0.4,0.6,True
6.21,6.21,AEROTWIN-4-001,IDLE,0.15,1155.4370456492413,262.912161452907,23.78145290313587,36.05499222934884,20.064275149116643,2.406357329780983,13.584359750451215,-1.6080032264968511,-0.2160514628856655,38.09509838161702,-0.2160514628856655,33.223386558637955,508.75762489082297,24.811298237710886,379.84017215375184,55.09125888883586,0.001022548174746731,5.112740873733656,322.42705098312484,0.2809512857335139,CYLINDER,CYLINDER_3,0.4,0.6,True
6.22,6.22,AEROTWIN-4-001,IDLE,0.15,1147.10145942845,332.2383841918615,23.812281630580515,5.2533788433669955,20.29144811023725,2.419941689531434,-17.45801095640169,-0.7557443759260936,-0.21633153793786894,6.441786295168827,-0.21633153793786894,33.22356878569717,508.7588715738306,24.81104524485589,380.15811185901754,55.137372227808186,0.001024094628491632,5.1204731424581595,322.42705098312484,0.39112816326348526,CYLINDER,CYLINDER_3,0.4,0.6,True
6.23,6.23,AEROTWIN-4-001,IDLE,0.15,1151.5875946295387,401.06447175756847,23.772634746176195,31.79795318887312,19.99972991646429,2.4024836785750323,9.395739593833797,33.25075118379481,-1.0640495630214173,-0.17277708084456725,-0.21597135105570908,33.22346095719971,508.7565146956685,24.810788701731465,379.7494442783249,55.07809989923969,0.0010221075382338322,5.110537691169161,322.42705098312484,0.20655542080706818,CYLINDER,CYLINDER_3,0.4,0.6,True
6.24,6.24,AEROTWIN-4-001,IDLE,0.15,1156.2159755769248,470.15972743534076,23.79400278179019,32.262005272165,20.15646746578053,2.411879418168866,9.693658388215603,34.1730196790581,-1.5219165484178445,-0.1729323815445607,-0.21616547693070087,33.22350911329018,508.7561393688323,24.810534243141092,379.9694589131639,55.11001038184747,0.0010231765883870932,5.1158829419354666,322.42705098312484,0.214428663844065,CYLINDER,CYLINDER_3,0.4,0.6,True
6.25,6.25,AEROTWIN-4-001,IDLE,0.15,1145.3582395830501,539.5326859699562,23.815973967937552,0.0,20.318816012092746,2.421573076557082,-22.740389088649827,0.016734509098872145,-0.013235178720092843,-0.17309206588101583,-0.21636508235126978,33.22371688659373,508.7577570170016,24.81028193938898,380.19627016220267,55.14290663178555,0.0010242804719273297,5.121402359636648,322.42705098312484,0.48314895728191903,CYLINDER,CYLINDER_3,0.4,0.6,True
6.26,6.26,AEROTWIN-4-001,IDLE,0.15,1156.75699157242,608.2541803449392,23.764312419606895,46.211313006847874,19.938989979448227,2.398832687468432,23.873490339931216,-0.21589574378153484,48.10391433845708,-0.17271659502522788,-1.503988992802446,33.223547345543906,508.7546809085407,24.810024975555933,379.663904716566,55.0656934122813,0.0010216923699953085,5.108461849976543,322.42705098312484,0.4588859245254614,CYLINDER,CYLINDER_3,0.4,0.6,True
6.2700000000000005,6.2700000000000005,AEROTWIN-4-001,IDLE,0.15,1152.7425028268558,677.6595998392844,23.818537270098382,14.352616211613977,20.337835601128155,2.4227061778083634,-8.407925567322541,-0.21638836962408362,15.835201999892941,-0.1731106956992669,-1.0930867229556136,33.223773427126005,508.7565668822154,24.809773141130545,380.2227704863651,55.14675018580142,0.0010244095676302126,5.122047838151063,322.42705098312484,0.23203835408533435,CYLINDER,CYLINDER_3,0.4,0.6,True
6.28,6.28,AEROTWIN-4-001,IDLE,0.15,1150.9644537282622,26.824150008895685,23.79949226973978,18.88727784426459,20.196916915932412,2.414298252241041,-3.723937323908862,-0.2162153482277504,-0.2162153482277504,-0.5854078851749034,19.905116425894995,33.223857804706824,508.7566852113715,24.809519648697925,380.0260715940303,55.11822137185497,0.0010234519489652214,5.117259744826107,322.42705098312484,0.15223495992936914,CYLINDER,CYLINDER_3,0.4,0.6,True
6.29,6.29,AEROTWIN-4-001,IDLE,0.15,1159.7766370351644,95.88201723259142,23.791038926509287,41.00142732289698,20.134659448612865,2.410574314917132,18.456193559366984,-0.21613855068393917,-0.21613855068393917,-1.2900035267570675,42.72370795102192,33.223879749679966,508.7560385612565,24.809265487581673,379.93890832614034,55.10557938580674,0.0010230280397389216,5.115140198694608,322.42705098312484,0.3674028480438784,CYLINDER,CYLINDER_3,0.4,0.6,True
6.3,6.3,AEROTWIN-4-001,IDLE,0.15,1149.901021461287,165.4686154547013,23.832825215269036,2.189745233924408,20.44415561649476,2.429030508476499,-20.68344089104685,-0.2165181737814799,-0.2165181737814799,-0.3259598169646278,2.948741398451996,33.22420673985982,508.759184727383,24.809015333949603,380.3706348281628,55.16819613420707,0.0010251303426986307,5.125651713493154,322.42705098312484,0.44522428964674643,CYLINDER,CYLINDER_3,0.4,0.6,True
6.3100000000000005,6.3100000000000005,AEROTWIN-4-001,IDLE,0.15,1154.740782925403,234.4626767423785,23.785977743674483,32.64218962166942,20.0974698468879,2.408347067585452,10.136372707196063,-1.3188190100483532,-0.21609257048416564,34.3931937726861,-0.21609257048416564,33.22418786313734,508.75801983268184,24.808760932037384,379.8867640331618,55.09801648184172,0.0010227745712446772,5.113872856223386,322.42705098312484,0.22117479797704656,CYLINDER,CYLINDER_3,0.4,0.6,True
6.32,6.32,AEROTWIN-4-001,IDLE,0.15,1152.5599027381334,303.7471237179027,23.80897934691577,18.117859010278973,20.26700035311023,2.4184834402926483,-4.567624783123906,-1.3489064071264825,-0.21630153711245523,19.899368491630362,-0.21630153711245523,33.22433647843807,508.7589582438328,24.808508777930086,380.1239989107677,55.13242455401992,0.0010239285310919435,5.119642655459717,322.42705098312484,0.16592227457381134,CYLINDER,CYLINDER_3,0.4,0.6,True
6.33,6.33,AEROTWIN-4-001,IDLE,0.15,1144.809951066301,372.9007178821907,23.798624651484417,6.37297383077133,20.190518840531695,2.413915815509524,-16.23146082526989,7.1241796379938345,-0.36203236837446273,-0.17296597282135176,-0.2162074660266897,33.22440788368726,508.7589385317676,24.808255775089542,380.01712143823767,55.116923259159115,0.001023408408352862,5.11704204176431,322.42705098312484,0.37121494237553704,CYLINDER,CYLINDER_3,0.4,0.6,True
6.34,6.34,AEROTWIN-4-001,IDLE,0.15,1156.0580677936814,441.58931494616877,23.761692613506554,45.87558970683452,19.919904767177353,2.3976843546842543,23.55800058497291,47.86578612568239,-1.6016269211281104,-0.17269755454211658,-0.21587194317764571,33.22421137061399,508.75559790464473,24.80799947963901,379.6369948919714,55.061790465141755,0.0010215618168564152,5.107809084282076,322.42705098312484,0.4530412377952038,CYLINDER,CYLINDER_3,0.4,0.6,True
6.3500000000000005,6.3500000000000005,AEROTWIN-4-001,IDLE,0.15,1148.772269387689,510.9527990137897,23.81522561548759,7.47516824805493,20.313266391320624,2.4212423552692273,-15.25934049853492,8.652476404617552,-0.7878632459659437,-0.17308662693185736,-0.21635828366482168,33.22440534334822,508.7571614146545,24.80774825190959,380.18853497430945,55.14178473560389,0.0010242427948464325,5.1212139742321625,322.42705098312484,0.35231594584163306,CYLINDER,CYLINDER_3,0.4,0.6,True
6.36,6.36,AEROTWIN-4-001,IDLE,0.15,1152.753550938099,579.879135177051,23.780601321838773,30.802393131617702,20.058033536419963,2.405983014770692,8.338376580427047,-0.2160437263783229,32.230177863115415,-0.1728349811026583,-1.038906024016733,33.224345203750296,508.75556335188287,24.80749392349818,379.83140629887026,55.08998750677554,0.0010225055889053571,5.112527944526786,322.42705098312484,0.18904067577620237,CYLINDER,CYLINDER_3,0.4,0.6,True
6.37,6.37,AEROTWIN-4-001,IDLE,0.15,1157.7130948336671,649.0443482333369,23.799544760700908,32.9988698965823,20.19730406024887,2.4143213913511192,10.387244444982308,-0.21621582510142948,34.92091987152642,-0.17297266008114356,-1.5328614897615502,33.22442320007471,508.7557115042021,24.807241463673474,380.0266131088584,55.118299912082605,0.0010234545834118059,5.117272917059029,322.42705098312484,0.22725970925588837,CYLINDER,CYLINDER_3,0.4,0.6,True
6.38,6.38,AEROTWIN-4-001,IDLE,0.15,1146.8287215458313,718.507133923357,23.823064707520828,0.0,20.371469470867023,2.4247086357961014,-22.796178106663124,-0.21642950081494178,0.09559314638067529,-0.17314360065195342,-0.042288939831076844,33.224672060705906,508.7579814715258,24.806991311802637,380.2695967687168,55.15354177614115,0.0010246377417178808,5.123188708589404,322.42705098312484,0.4833154643401779,CYLINDER,CYLINDER_3,0.4,0.6,True
6.390000000000001,6.390000000000001,AEROTWIN-4-001,IDLE,0.15,1158.2511522878362,67.31685721610688,23.77133337217967,46.31521613067946,19.990220669508886,2.4019124576894386,23.923083003481135,-0.21595952823912776,-0.21595952823912776,-1.1955324106338434,47.942667597791555,33.22454184846384,508.7555299582573,24.80673646920707,379.7360627839117,55.07615907405298,0.0010220425735209386,5.110212867604693,322.42705098312484,0.46062263541532733,CYLINDER,CYLINDER_3,0.4,0.6,True
6.4,6.4,AEROTWIN-4-001,IDLE,0.15,1154.5345073450137,136.81192635337706,23.8256111543447,15.03212208935496,20.39040951424407,2.4258355406929195,-7.7841229655820285,-0.21645263495917166,-0.21645263495917166,-0.8888350654097148,16.35386242468302,33.22480797676174,508.7580350602814,24.806486784568285,380.2959453644787,55.15736332377326,0.0010247661667880962,5.123830833940481,322.42705098312484,0.22031314923049714,CYLINDER,CYLINDER_3,0.4,0.6,True
6.41,6.41,AEROTWIN-4-001,IDLE,0.15,1150.489494559123,206.0839967940779,23.80800068036024,14.205956712488911,20.259760262649092,2.4180514177273373,-8.471854967887518,-0.7132601357598214,-0.21629264605176768,15.351802140352268,-0.21629264605176768,33.22494210581918,508.7588846869222,24.806235566158634,380.11389178039923,55.13095863604554,0.001023879326993772,5.119396634968861,322.42705098312484,0.2343576052987735,CYLINDER,CYLINDER_3,0.4,0.6,True
6.42,6.42,AEROTWIN-4-001,IDLE,0.15,1155.2205300995154,275.11336646762527,23.78877895079361,32.43628249181901,20.1180452640137,2.40957956275945,9.908657665045858,-1.614434507010497,-0.21611801909314668,34.4829530370158,-0.21611801909314668,33.22493484938602,508.75797949598876,24.80598267446457,379.91562038951946,55.10220175005512,0.0010229148272665786,5.114574136332893,322.42705098312484,0.2175389782180372,CYLINDER,CYLINDER_3,0.4,0.6,True
6.43,6.43,AEROTWIN-4-001,IDLE,0.15,1145.2171537355946,344.4265982735962,23.81125490860556,1.7523098134309256,20.28384405699808,2.419488220424496,-20.95102246399165,-0.43557450248127966,-0.21632221029983228,2.62052873651187,-0.21632221029983228,33.22509122863306,508.75912452148884,24.805731987360822,380.14750425826645,55.13583372261045,0.0010240429751968182,5.120214875984091,322.42705098312484,0.45237277761245487,CYLINDER,CYLINDER_3,0.4,0.6,True
6.44,6.44,AEROTWIN-4-001,IDLE,0.15,1153.8886395074792,413.13962749773185,23.76363839122471,40.49413261991914,19.93407809085079,2.398537197960504,18.16151733110785,42.178233148191026,-1.2954992116963309,-0.17271169625580143,-0.21588962031975178,33.224900667680416,508.7559537600526,24.80547700201361,379.65698051464017,55.06468913988238,0.0010216587747120243,5.108293873560122,322.42705098312484,0.358843106094523,CYLINDER,CYLINDER_3,0.4,0.6,True
6.45,6.45,AEROTWIN-4-001,IDLE,0.15,1154.5573643025025,482.37294586818064,23.804935414800347,24.05437188874238,20.237099237905227,2.4166987152916124,1.4005739355455415,25.813546814989635,-1.3698982889372289,-0.1730118388044567,-0.21626479850557087,33.225011347841715,508.75657861869735,24.80522595366795,380.08224308831404,55.126368373042894,0.001023725276578797,5.118626382893986,322.42705098312484,0.07066871779257033,CYLINDER,CYLINDER_3,0.4,0.6,True
6.46,6.46,AEROTWIN-4-001,IDLE,0.15,1146.3171766174805,551.6463877263308,23.808109131708015,5.420453016839924,20.260562457923466,2.4180992892271576,-17.2582087303107,-0.2162936313184137,6.137257039116176,-0.17303490505473096,-0.32747548590310727,33.22514385948523,508.7574744522167,24.804975314659366,380.11501174776834,55.131121073872826,0.0010238847791025447,5.119423895512724,322.42705098312484,0.38810646414241773,CYLINDER,CYLINDER_3,0.4,0.6,True
6.47,6.47,AEROTWIN-4-001,IDLE,0.15,1157.6505236892426,620.4254183233796,23.76889181840565,46.10973898333925,19.97239130202139,2.4008410804968467,23.736506600821013,-0.2159373470348616,48.09539613372426,-0.1727498776278893,-1.5969699257222592,33.22499049374218,508.7548163808902,24.804721152123435,379.7109628465248,55.07251862933426,0.0010219207352269977,5.109603676134989,322.42705098312484,0.45705514868521474,CYLINDER,CYLINDER_3,0.4,0.6,True
6.48,6.48,AEROTWIN-4-001,IDLE,0.15,1150.5691988680421,689.8844497447342,23.822768512855664,7.962753051961814,20.36926748884225,2.424577587097668,-14.831092023978105,-0.2164268099242309,9.166755182678454,-0.17314144793938474,-0.814433872853024,33.22523044957958,508.75708191009187,24.80447211308061,380.2665325098695,55.15309734216645,0.0010246228078845563,5.1231140394227825,322.42705098312484,0.3439603285452094,CYLINDER,CYLINDER_3,0.4,0.6,True
6.49,6.49,AEROTWIN-4-001,IDLE,0.15,1154.2038361385494,38.91860167681671,23.789158259580198,30.14294585425146,20.120832860851568,2.4097464950736898,7.612366498326204,-0.21612146506503752,-0.21612146506503752,-0.8146253709743068,31.389814155355843,33.22522253807109,508.7562559475687,24.80422005042092,379.9195285415758,55.10276858061307,0.001022933825087465,5.1146691254373255,322.42705098312484,0.1774011949236922,CYLINDER,CYLINDER_3,0.4,0.6,True
6.5,6.5,AEROTWIN-4-001,IDLE,0.15,1159.5389675635356,108.17083184512967,23.80643151046966,33.8393886830632,20.24815669437591,2.417358861572016,11.173873127115272,-0.21627839034368473,-0.21627839034368473,-1.2329567315132177,35.50490219526378,33.225340313504326,508.757008335796,24.80396970895275,380.09768873575905,55.12860857885702,0.0010238004540109376,5.119002270054688,322.42705098312484,0.24188923821863517,CYLINDER,CYLINDER_3,0.4,0.6,True
6.51,6.51,AEROTWIN-4-001,IDLE,0.15,1148.6220636482626,177.7431698989418,23.831701809242315,0.0,20.43577735874566,2.4285327346991314,-22.864310093444793,-0.21650796778117887,-0.21650796778117887,-0.05115511436961654,0.17778528079531508,33.225641683401655,508.76002839921404,24.803721849878887,380.3589995539681,55.16650857730843,0.0010250735976507414,5.125367988253707,322.42705098312484,0.48351842187355654,CYLINDER,CYLINDER_3,0.4,0.6,True
6.5200000000000005,6.5200000000000005,AEROTWIN-4-001,IDLE,0.15,1155.2488252654587,246.66049371783757,23.779885529784583,36.33751407247501,20.052788572086747,2.4056684246056865,13.879057075782576,-1.4876972865356959,-0.2160372234989126,38.25728580600854,-0.2160372234989126,33.22556178595353,508.7582942879401,24.803469265446086,379.8240388927602,55.088918952928154,0.0010224697990656572,5.112348995328286,322.42705098312484,0.28591359311054687,CYLINDER,CYLINDER_3,0.4,0.6,True
6.53,6.53,AEROTWIN-4-001,IDLE,0.15,1150.1021554142199,315.97542323376507,23.811389094357676,11.925225057437356,20.284837705825094,2.419547481681469,-10.779160130069208,-1.127532115014151,-0.21632342936025561,13.485404031172017,-0.21632342936025561,33.225711716403374,508.75944357014106,24.80321972630364,380.14889052689153,55.13603478423929,0.0010240497253500751,5.120248626750376,322.42705098312484,0.2743499096046022,CYLINDER,CYLINDER_3,0.4,0.6,True
6.54,6.54,AEROTWIN-4-001,IDLE,0.15,1147.4824767066746,384.98155255861826,23.78693530435474,17.02662719186644,20.104501125241583,2.4087683215513995,-5.486642254926544,18.100099072627053,-0.6844895951194039,-0.1728810158405371,-0.2161012698006714,33.2256820101946,508.7583584046365,24.8029680210761,379.8966271662499,55.099447010938555,0.0010228225075530311,5.1141125377651555,322.42705098312484,0.1845021466773832,CYLINDER,CYLINDER_3,0.4,0.6,True
6.55,6.55,AEROTWIN-4-001,IDLE,0.15,1156.6852286634119,453.83050116101873,23.774452338153875,41.69049851212206,20.013018206095797,2.403281679296473,19.274198626729792,43.695566842357685,-1.6162901756715058,-0.17279029091738513,-0.21598786364673142,33.225562396924936,508.75617764882344,24.80271527285256,379.76813728118515,55.08081109498853,0.001022198300098415,5.110991500492076,322.42705098312484,0.37965386152626635,CYLINDER,CYLINDER_3,0.4,0.6,True
6.5600000000000005,6.5600000000000005,AEROTWIN-4-001,IDLE,0.15,1147.1621722314947,523.2316148808235,23.8181973210084,2.8128253685547002,20.335312241452808,2.422555877923203,-19.945042750821308,3.6705282389791343,-0.46820936421041515,-0.17310822498400838,-0.2163852812300105,33.225762088369116,508.7579954484586,24.80246671236056,380.21925550121097,55.146240379384636,0.001024392443028225,5.121962215141126,322.42705098312484,0.433976711839876,CYLINDER,CYLINDER_3,0.4,0.6,True
6.57,6.57,AEROTWIN-4-001,IDLE,0.15,1155.4989540221845,592.0613452147131,23.772924402774333,39.864972816935925,20.001847029621985,2.4026108351723816,17.46051495214156,-0.21597398254891587,41.5312166424929,-0.1727791860391327,-1.2774906569689242,33.225630508702274,508.7556864932035,24.802214048056257,379.7524229786408,55.07853192397611,0.0010221220001538204,5.110610000769102,322.42705098312484,0.34772490091393654,CYLINDER,CYLINDER_3,0.4,0.6,True
6.58,6.58,AEROTWIN-4-001,IDLE,0.15,1156.4588775609093,661.3912824560442,23.812575171189756,24.72415311033954,20.29362260203809,2.4200713501245232,2.010459158176925,-0.21633420471682066,26.498575028237163,-0.17306736377345652,-1.3850203494073474,33.22578828714278,508.7570081683115,24.80196518704803,380.16114482121924,55.137812122579994,0.0010241093981174336,5.120546990587168,322.42705098312484,0.08230173025446443,CYLINDER,CYLINDER_3,0.4,0.6,True
6.59,6.59,AEROTWIN-4-001,IDLE,0.15,1147.8907905027813,10.778815109698826,23.817124951020926,4.804476445684701,20.32735420782352,2.4220818092827003,-17.94495957142152,-0.21637553888560906,-0.21637553888560906,-0.24279685939754272,5.480024382853462,33.225977453440976,508.75870819734405,24.801716865115235,380.20816841900125,55.1446323311551,0.0010243384309183148,5.121692154591575,322.42705098312484,0.3990976402983566,CYLINDER,CYLINDER_3,0.4,0.6,True
6.6000000000000005,6.6000000000000005,AEROTWIN-4-001,IDLE,0.15,1159.395595997956,79.6522625398657,23.776399576228947,46.52700851555533,20.027263382763966,2.404136849711279,24.095608283080086,-0.21600555405599361,-0.21600555405599361,-1.2749542790425654,48.233973902709884,33.22586841319962,508.7566936883402,24.801464859080696,379.78816809444356,55.083716324081905,0.0010222955714570565,5.111477857285283,322.42705098312484,0.4642701862372456,CYLINDER,CYLINDER_3,0.4,0.6,True
6.61,6.61,AEROTWIN-4-001,IDLE,0.15,1152.4911871172878,149.21599829974306,23.831024030249715,8.398396408151633,20.430724094748633,2.428232457994359,-14.460560144591359,-0.21650181024557913,-0.21650181024557913,-0.6648376605449672,9.49623768918776,33.226158526099,508.75966017298794,24.801218071221353,380.35198046866645,55.165490543214446,0.001025039368001373,5.125196840006865,322.42705098312484,0.33653055254613834,CYLINDER,CYLINDER_3,0.4,0.6,True
6.62,6.62,AEROTWIN-4-001,IDLE,0.15,1152.8174700266713,218.36546952678034,23.798298121044404,23.285248620109833,20.18811139485271,2.4137718978497675,0.6833653274073539,-1.0064460396420134,-0.21620449953933804,24.724103658830522,-0.21620449953933804,33.22620600802936,508.7595934631421,24.800968324952475,380.0137532639594,55.11643474589815,0.0010233920236381085,5.116960118190542,322.42705098312484,0.07524247977308579,CYLINDER,CYLINDER_3,0.4,0.6,True
6.63,6.63,AEROTWIN-4-001,IDLE,0.15,1154.7917282357148,287.5345177283806,23.799848439852138,26.748875952025365,20.199543964967926,2.414455263177175,4.134876723880264,-1.5462909084166574,-0.21621858398774052,28.727604028417502,-0.21621858398774052,33.22626420269061,508.75966825657497,24.800718835989077,380.02974603433336,55.11875430532764,0.0010234698251660782,5.117349125830391,322.42705098312484,0.11788130537158695,CYLINDER,CYLINDER_3,0.4,0.6,True
6.640000000000001,6.640000000000001,AEROTWIN-4-001,IDLE,0.15,1143.9593027771175,356.8220214225235,23.809221031874447,0.0,20.268788687624188,2.418590139901055,-22.687378827525244,-0.08993544819325396,-0.2163037327894432,0.2375303494377185,-0.2163037327894432,33.22638998682983,508.76058729083303,24.800470336173763,380.1264950832271,55.13278659388109,0.001023940683658286,5.119703418291429,322.42705098312484,0.48299047747333296,CYLINDER,CYLINDER_3,0.4,0.6,True
6.65,6.65,AEROTWIN-4-001,IDLE,0.15,1155.1052225256194,425.45957958915056,23.757625988038043,45.63017538440452,19.89031289040098,2.3959027610735295,23.343959732930006,47.49121561152094,-1.4725372299882398,-0.17266799872363706,-0.2158349984045463,33.226140958646106,508.75684088118095,24.800217155975137,379.5952402441948,55.05573445453753,0.0010213592955050268,5.106796477525134,322.42705098312484,0.4487938130455191,CYLINDER,CYLINDER_3,0.4,0.6,True
6.66,6.66,AEROTWIN-4-001,IDLE,0.15,1151.938207676228,494.76589294068776,23.81070804983495,16.066061353134685,20.27979502210018,2.4192467208064596,-6.632980389771955,17.60730558644096,-1.1518731974223568,-0.17305379372618535,-0.21631724215773168,33.22627905451195,508.75796495451954,24.799969022108353,380.1418549095634,55.135014352373254,0.0010240154675486123,5.120077337743061,322.42705098312484,0.20186929362212352,CYLINDER,CYLINDER_3,0.4,0.6,True
6.67,6.67,AEROTWIN-4-001,IDLE,0.15,1148.793861909266,563.8821854012615,23.79566980637219,15.995854400310693,20.168743034450245,2.412613740416688,-6.58550237455624,-0.21618062163615992,17.04139679705665,-0.17294449730892794,-0.656417277800869,33.22630601045148,508.75770363394633,24.799719593600713,379.9866468855846,55.11250329099142,0.0010232601775338357,5.116300887669179,322.42705098312484,0.2027452794138842,CYLINDER,CYLINDER_3,0.4,0.6,True
6.68,6.68,AEROTWIN-4-001,IDLE,0.15,1158.2025371150687,632.8098171158175,23.780704212533546,42.170299081101085,20.058787572017472,2.406028238042132,19.70548327104148,-0.2160446611271464,44.177566386274115,-0.1728357289017171,-1.6183869151441697,33.22622419569459,508.7561012696302,24.799468884353665,379.8324653695615,55.09014111227046,0.0010225107338839902,5.112553669419951,322.42705098312484,0.3879778367774062,CYLINDER,CYLINDER_3,0.4,0.6,True
6.69,6.69,AEROTWIN-4-001,IDLE,0.15,1148.792738475682,702.3019693427217,23.825381116870542,3.106595396945901,20.388697860470437,2.4257337213131733,-19.707836184837706,-0.21645054509809328,3.9897141344662144,-0.17316043607847462,-0.49350775634374544,33.226468660201,508.75857125379594,24.799222468428432,380.293564787111,55.157018049593006,0.0010247545626601762,5.123772813300881,322.42705098312484,0.4290044617351683,CYLINDER,CYLINDER_3,0.4,0.6,True
6.7,6.7,AEROTWIN-4-001,IDLE,0.15,1156.9599134034358,51.229533651262614,23.780698859291867,39.57006539428439,20.0587483400798,2.4060258851283356,17.105291169076256,-0.2160446124936293,-0.2160446124936293,-1.0106491576014365,41.01280377687309,33.226384888209076,508.75694671751205,24.79897198219058,379.8324102674532,55.09013312037088,0.0010225104661962705,5.1125523309813525,322.42705098312484,0.342473809333485,CYLINDER,CYLINDER_3,0.4,0.6,True
6.71,6.71,AEROTWIN-4-001,IDLE,0.15,1158.2502687996875,120.64712845546876,23.81949843568697,25.470616875545343,20.344971676991616,2.4231311762974115,2.7025140222563153,-0.2163971016907213,-0.2163971016907213,-1.1170284554456886,27.02043953437247,33.22658434548272,508.75886301246146,24.79872523696423,380.2327094687292,55.14819171592554,0.0010244579915794244,5.122289957897122,322.42705098312484,0.09528505728391931,CYLINDER,CYLINDER_3,0.4,0.6,True
6.72,6.72,AEROTWIN-4-001,IDLE,0.15,1148.9275829987753,190.14214458345003,23.825606973926206,3.290824615295228,20.390378407556636,2.425833690319668,-19.525387482581074,-0.28586489953992084,-0.2164525969806035,4.009594708796356,-0.2164525969806035,33.2268261898701,508.76128440949265,24.79847917901955,380.2959021021986,55.157357049098685,0.0010247659559042544,5.123829779521272,322.42705098312484,0.42578575680879166,CYLINDER,CYLINDER_3,0.4,0.6,True
6.73,6.73,AEROTWIN-4-001,IDLE,0.15,1155.692047062518,259.0777995633766,23.781341371330523,36.637226289622966,20.06345758136886,2.4063083028370866,14.167460405417021,-1.5910258176414434,-0.21605044963345585,38.660353006531324,-0.21605044963345585,33.22674284550387,508.75964983482623,24.79822908668569,379.8390240371819,55.091092368304786,0.0010225425968672503,5.112712984336252,322.42705098312484,0.29114167493920434,CYLINDER,CYLINDER_3,0.4,0.6,True
6.74,6.74,AEROTWIN-4-001,IDLE,0.15,1148.0067148290398,328.41932238712764,23.813490641440914,6.624759192521212,20.30040561933978,2.4204757632425036,-16.096122190061074,-0.8497371333637498,-0.2163425216471527,7.907181369179268,-0.2163425216471527,33.22689412765322,508.7609551805538,24.79798211224595,380.17060446199594,55.13918412995897,0.0010241554658614832,5.1207773293074155,322.42705098312484,0.3671573812660158,CYLINDER,CYLINDER_3,0.4,0.6,True
6.75,6.75,AEROTWIN-4-001,IDLE,0.15,1150.9209121551844,397.29972527687005,23.77695230922587,28.539168901372097,20.031308653035396,2.4043796410524427,6.103480607284259,29.909731031596095,-0.9817430942075542,-0.17280846045175216,-0.2160105755646902,33.226778271883866,508.75893417882384,24.79773183554626,379.7938547807588,55.0845411096917,0.0010223231891166905,5.111615945583453,322.42705098312484,0.14947657914573323,CYLINDER,CYLINDER_3,0.4,0.6,True
6.76,6.76,AEROTWIN-4-001,IDLE,0.15,1156.730322525056,466.3549800061811,23.790831777826913,34.710819816640765,20.133136068529257,2.410483121659727,12.16720062645178,36.65529691376128,-1.5554310933442212,-0.17290933501168912,-0.21613666876461138,33.226764213342015,508.7582126438483,24.797482963405432,379.93677349972336,55.10526975485288,0.001023017660641602,5.11508830320801,322.42705098312484,0.25731961450825613,CYLINDER,CYLINDER_3,0.4,0.6,True
6.7700000000000005,6.7700000000000005,AEROTWIN-4-001,IDLE,0.15,1145.8634387503118,535.7587993576844,23.818410937897905,0.0,20.336897833814074,2.422650322286179,-22.75954815610025,0.4582081710904271,-0.12002241931093366,-0.1731097775297393,-0.2163872219121741,33.226951212566256,508.7599988945486,24.79723678923385,380.22146422744373,55.14656072861998,0.0010244032036362783,5.122016018181392,322.42705098312484,0.48320617148320005,CYLINDER,CYLINDER_3,0.4,0.6,True
6.78,6.78,AEROTWIN-4-001,IDLE,0.15,1156.8674446992543,604.5106056827032,23.766725399780928,45.403210336970005,19.956583396669927,2.399890774130079,23.04673616617,-0.2159176653982938,47.25362196285035,-0.17273413231863505,-1.4617598281634179,33.226760970604005,508.75708325307784,24.796985898867238,379.68869744916145,55.06928930063148,0.001021812675070845,5.109063375354225,322.42705098312484,0.4447160744040499,CYLINDER,CYLINDER_3,0.4,0.6,True
6.79,6.79,AEROTWIN-4-001,IDLE,0.15,1153.9170507093056,673.9226523646585,23.8190604636777,16.585366497161736,20.341719709544027,2.422937510296249,-6.179290722678539,-0.21639312277094327,18.14384639690942,-0.17311449821675462,-1.1689722787599859,33.22695276095185,508.75895650519345,24.79674001070287,380.2281804535869,55.14753483662734,0.001024435925223452,5.122179626117261,322.42705098312484,0.19297750912347816,CYLINDER,CYLINDER_3,0.4,0.6,True
6.8,6.8,AEROTWIN-4-001,IDLE,0.15,1150.4562079529858,23.157675407216857,23.805070284276205,15.406481911936522,20.238095811351773,2.41675821957357,-7.24837211898882,-0.21626602377753706,-0.21626602377753706,-0.5102963360344385,16.349310295526035,33.22704013100009,508.75951847143904,24.79649291798267,380.0836353630696,55.12657030578889,0.0010237320527440876,5.118660263720439,322.42705098312484,0.2132796788822832,CYLINDER,CYLINDER_3,0.4,0.6,True
6.8100000000000005,6.8100000000000005,AEROTWIN-4-001,IDLE,0.15,1160.1088121483874,92.18504788439603,23.788620534881883,42.74275794740091,20.11688114775778,2.4095098474545815,20.216366952188547,-0.21611657990481736,-0.21611657990481736,-1.295756649506178,44.470747756716726,33.227006949670304,508.75858317020436,24.79624439728471,379.91398822687233,55.10196502444911,0.0010229068933628373,5.114534466814187,322.42705098312484,0.3979041331241959,CYLINDER,CYLINDER_3,0.4,0.6,True
6.82,6.82,AEROTWIN-4-001,IDLE,0.15,1150.7722495827988,161.79157661329927,23.834394992808168,3.331143541570723,20.455868237719944,2.4297262144067697,-19.554450910555992,-0.21653243500997235,-0.21653243500997235,-0.4059652850082809,4.170173696598948,33.22730830702878,508.76180808187,24.796000294338672,380.3868958927676,55.17055460649523,0.0010252096556832558,5.126048278416278,322.42705098312484,0.4252867263887901,CYLINDER,CYLINDER_3,0.4,0.6,True
6.83,6.83,AEROTWIN-4-001,IDLE,0.15,1154.7785838683474,230.83791158826722,23.790124466456277,30.92895394560481,20.127935275906168,2.410171763496214,8.390846906202428,-1.2568446759336995,-0.21613024293112829,32.61805910740077,-0.21613024293112829,33.227282858829916,508.7609509867873,24.79575213584445,379.9294845098088,55.104212574333644,0.0010229822242632186,5.114911121316093,322.42705098312484,0.19114514980848535,CYLINDER,CYLINDER_3,0.4,0.6,True
6.84,6.84,AEROTWIN-4-001,IDLE,0.15,1153.5244235337161,300.1246266203681,23.809158675766877,20.06018262094776,20.26832727301265,2.4185626104024163,-2.6267072624673045,-1.4031626146087446,-0.2163031662921684,21.89595156814084,-0.2163031662921684,33.227396121671845,508.76183231948977,24.795505873114,380.1258510494542,55.132693184510735,0.0010239375481713537,5.119687740856769,322.42705098312484,0.13193581864620377,CYLINDER,CYLINDER_3,0.4,0.6,True
6.8500000000000005,6.8500000000000005,AEROTWIN-4-001,IDLE,0.15,1144.5187599181468,369.33609203239104,23.80320621018477,3.7788440210904484,20.22432588819942,2.415935903139949,-18.86141777024892,4.431200648178611,-0.26310826706375806,-0.17299927112195734,-0.21624908890244668,33.22746466907025,508.7621541215884,24.79525916235628,380.06439428468286,55.123779618261835,0.0010236384130284468,5.118192065142234,322.42705098312484,0.41671962723595213,CYLINDER,CYLINDER_3,0.4,0.6,True
6.86,6.86,AEROTWIN-4-001,IDLE,0.15,1156.0408065349316,438.0072176274798,23.760300826790292,46.43856498545229,19.90977249634208,2.3970744853697,24.13171800374051,48.41072102808928,-1.583609304485499,-0.17268743917844057,-0.21585929897305073,33.22722220554287,508.75860830851366,24.795008564084682,379.6227022758448,55.05971749268398,0.001021492486742363,5.107462433711815,322.42705098312484,0.4629094985946001,CYLINDER,CYLINDER_3,0.4,0.6,True
6.87,6.87,AEROTWIN-4-001,IDLE,0.15,1149.5551848039004,507.3696660195757,23.81514380604862,9.150411609542122,20.312659795615215,2.4212062033734405,-13.583454389446533,10.41483221881493,-0.8749770364870798,-0.17308603234921216,-0.2163575404365152,33.227379883835226,508.76008916074437,24.794763200788402,380.18768941052525,55.14166209672376,0.0010242386763455824,5.121193381727912,322.42705098312484,0.3229972666597691,CYLINDER,CYLINDER_3,0.4,0.6,True
6.88,6.88,AEROTWIN-4-001,IDLE,0.15,1152.035994931813,576.3429771078097,23.7843309472633,27.688802230290158,20.085382899438468,2.407622748983994,5.195796581867696,-0.21607760954905542,29.038127276108376,-0.17286208763924432,-0.9603853486299193,33.22731162975669,508.7587534394989,24.79451505815116,379.86980421513204,55.09555666375432,0.0010226921521144256,5.113460760572128,322.42705098312484,0.13450959997839285,CYLINDER,CYLINDER_3,0.4,0.6,True
6.890000000000001,6.890000000000001,AEROTWIN-4-001,IDLE,0.15,1158.0958498953496,645.4651368037185,23.796134668283713,35.27671650411892,20.172167401709025,2.4128185455658615,12.691730556844036,-0.21618484484726622,37.22852983700727,-0.172947875877813,-1.5626806121632715,33.22732975514439,508.75851431562506,24.794268131006884,379.9914404870755,55.11319854536446,0.0010232834918238467,5.1164174591192335,322.42705098312484,0.267161450702037,CYLINDER,CYLINDER_3,0.4,0.6,True
6.9,6.9,AEROTWIN-4-001,IDLE,0.15,1147.2348424644892,714.9508877974395,23.82487626463097,0.06321135090648933,20.38494184503376,2.425510276122705,-22.747240770249977,-0.21644595857996315,0.595684023110308,-0.17315676686397052,-0.14286994675988496,33.22755739122252,508.76087825054674,24.794024021863123,380.2883404801329,55.156260326557515,0.0010247290974725004,5.123645487362502,322.42705098312484,0.48225182167440084,CYLINDER,CYLINDER_3,0.4,0.6,True
6.91,6.91,AEROTWIN-4-001,IDLE,0.15,1158.2411219031371,63.78497834530879,23.7732710903552,45.45864204428201,20.004381257054543,2.4027630353524554,23.05149775187501,-0.21597713216131822,-0.21597713216131822,-1.162573697198744,47.05317000580339,33.22740715894978,508.75852836962497,24.79377518103068,379.755988294658,55.07904903028061,0.0010221393105762392,5.110696552881197,322.42705098312484,0.44561008700512145,CYLINDER,CYLINDER_3,0.4,0.6,True
6.92,6.92,AEROTWIN-4-001,IDLE,0.15,1155.5495080953542,133.27944565949701,23.825563693211606,17.17856811290509,20.390056356354926,2.4258145331043304,-5.637302776554166,-0.21645220378083804,-0.21645220378083804,-0.9454875665026289,18.556960086969397,33.227638915661785,508.7609542126285,24.793531360126213,380.2954542003853,55.15729208631548,0.0010247637725915384,5.123818862957692,322.42705098312484,0.18274922873455715,CYLINDER,CYLINDER_3,0.4,0.6,True
6.93,6.93,AEROTWIN-4-001,IDLE,0.15,1150.2460910916975,202.61241614521828,23.812814864984073,11.608124999692954,20.295398367772695,2.420177230327776,-11.107450598407517,-0.6238525394420564,-0.21633638230433466,12.664650303743679,-0.21633638230433466,33.227774641822926,508.76216586078226,24.793286444844668,380.1636214991461,55.138171334993146,0.0010241214590465094,5.120607295232547,322.42705098312484,0.2799326195690364,CYLINDER,CYLINDER_3,0.4,0.6,True
6.94,6.94,AEROTWIN-4-001,IDLE,0.15,1155.5927283425342,271.62718161072013,23.7876204672942,33.71657426264732,20.109533610492395,2.4090697797293688,11.197970872425557,-1.620152628225776,-0.21610749441848548,35.76894187971007,-0.21610749441848548,33.22772554187643,508.7610743247306,24.79303927400277,379.9036852194915,55.100470696864605,0.0010228568128866733,5.114284064433367,322.42705098312484,0.23995750043996608,CYLINDER,CYLINDER_3,0.4,0.6,True
6.95,6.95,AEROTWIN-4-001,IDLE,0.15,1145.9915827174068,340.9627453112722,23.813019779506437,2.608591962620655,20.296916586649633,2.420267750601794,-20.108592374630774,-0.5292437324060895,-0.21633824392660406,3.570512182879953,-0.21633824392660406,33.22786173761158,508.76230149304484,24.792794600401162,380.16573887083945,55.13847843434881,0.001024131770398597,5.120658851992986,322.42705098312484,0.43742925684200906,CYLINDER,CYLINDER_3,0.4,0.6,True
6.96,6.96,AEROTWIN-4-001,IDLE,0.15,1153.629985179306,409.7222402743166,23.767337310044272,38.359039071944515,19.961047207407276,2.4001591582271633,15.997832706310076,39.98319089603129,-1.2354900199419545,-0.1727385796199194,-0.21592322452489923,33.227665180524426,508.75938320545475,24.792545759748265,379.69498578789734,55.070201348705055,0.0010218431923220213,5.109215961610107,322.42705098312484,0.3214359650086724,CYLINDER,CYLINDER_3,0.4,0.6,True
6.97,6.97,AEROTWIN-4-001,IDLE,0.15,1155.4110618970776,478.940039385075,23.80370743811765,26.374462951379957,20.228027605759156,2.4161569909334735,3.730278354687328,28.183089347353985,-1.4193698394844414,-0.17300291399537066,-0.2162536424942133,33.227734192505864,508.7598114761095,24.79230043167091,380.0695675649932,55.12452994049148,0.0010236635883095564,5.118317941547782,322.42705098312484,0.11128449261725123,CYLINDER,CYLINDER_3,0.4,0.6,True
6.98,6.98,AEROTWIN-4-001,IDLE,0.15,1146.037448809145,548.2647030988996,23.81215842372858,3.0783734085511982,20.290535482357985,2.4198872692881603,-19.63204934309495,-0.21633041861935184,3.7009938443283414,-0.17306433489548148,-0.23322568226231016,33.22786399691338,508.76099235859124,24.7920560106327,380.1568388755115,55.137187596826436,0.0010240884295372086,5.120442147686043,322.42705098312484,0.4291878670140221,CYLINDER,CYLINDER_3,0.4,0.6,True
6.99,6.99,AEROTWIN-4-001,IDLE,0.15,1157.5853160941795,617.0269500274484,23.767556314727464,46.548696948634976,19.9626450438268,2.4002552199450657,24.18579668486311,-0.21592521415448054,48.515466498357966,-0.17274017132358443,-1.578104164244926,33.22766898919426,508.75812645625894,24.791807521720656,379.69723651532786,55.07052778971012,0.0010218541154268558,5.1092705771342795,322.42705098312484,0.46475243253100973,CYLINDER,CYLINDER_3,0.4,0.6,True
7.0,7.0,AEROTWIN-4-001,IDLE,0.15,1151.2818410594862,686.4820689930991,23.82245982326328,9.589446628312643,20.366972852402352,2.424441016629929,-13.201967240719638,-0.21642400551870178,10.875326492423815,-0.17313920441496142,-0.8963166541775087,33.22787489211138,508.76028128746424,24.791564297501395,380.2633391024701,55.152634176744066,0.0010246072449932035,5.123036224966018,322.42705098312484,0.31548594026718957,CYLINDER,CYLINDER_3,0.4,0.6,True
7.01,7.01,AEROTWIN-4-001,IDLE,0.15,1153.4661908162682,35.55897945666834,23.792548692185534,27.13189603708939,20.14576555518234,2.411239049389209,4.574891432517841,-0.2161522667123205,-0.2161522667123205,-0.7542080257939847,28.318408596308018,33.227860330240425,508.75968075858884,24.791318363642603,379.95446921578275,55.1078363061187,0.0010231036985764686,5.115518492882344,322.42705098312484,0.12466857703647038,CYLINDER,CYLINDER_3,0.4,0.6,True
7.0200000000000005,7.0200000000000005,AEROTWIN-4-001,IDLE,0.15,1159.8414222903739,104.76695090564444,23.802929692707202,35.9903515102687,20.22228399345671,2.415813940821727,13.352253575990265,-0.2162465767764725,-0.2162465767764725,-1.2546244573121934,37.67746912113384,33.22792137109855,508.7600313928311,24.79107351615053,380.0615404219326,55.12336569971626,0.0010236245253823835,5.1181226269119175,322.42705098312484,0.2795715257259735,CYLINDER,CYLINDER_3,0.4,0.6,True
7.03,7.03,AEROTWIN-4-001,IDLE,0.15,1148.987659596329,174.3574362430669,23.833131404928352,0.14353847146788928,20.446439706016246,2.4291661943977174,-22.732067428946074,-0.21652095547543632,-0.21652095547543632,-0.12773290663555775,0.7043132890543197,33.228202568432685,508.7631055032776,24.79083163731288,380.3738063526511,55.16865612577581,0.0010251458110046854,5.125729055023427,322.42705098312484,0.48104010643589146,CYLINDER,CYLINDER_3,0.4,0.6,True
7.04,7.04,AEROTWIN-4-001,IDLE,0.15,1155.281695546923,243.29669581884662,23.781627605817395,35.65418803995935,20.065555843779432,2.406434126968771,13.182198069211148,-1.4475751098018683,-0.21605305003721875,37.533869249835654,-0.21605305003721875,33.22810505632608,508.76145114837976,24.790585010402417,379.84197058652745,55.09151972992877,0.0010225569121436174,5.112784560718087,322.42705098312484,0.2739351868861126,CYLINDER,CYLINDER_3,0.4,0.6,True
7.05,7.05,AEROTWIN-4-001,IDLE,0.15,1150.9104341928173,312.613597551662,23.81154497339159,13.550460004470725,20.285992050752427,2.4196163250379823,-9.155148371319683,-1.1940100069450548,-0.21632484550137399,15.177119702418528,-0.21632484550137399,33.2282259883833,508.76253559633324,24.790341306441963,380.1505009362006,55.13626835478466,0.001024057566996645,5.120287834983225,322.42705098312484,0.24591195588753278,CYLINDER,CYLINDER_3,0.4,0.6,True
7.0600000000000005,7.0600000000000005,AEROTWIN-4-001,IDLE,0.15,1146.796868271857,381.668223603231,23.790781928007515,13.927798345248549,20.13276948681271,2.4104611766666624,-8.615432318230823,14.915375617261626,-0.5985320834194165,-0.17290897270829414,-0.21613621588536766,33.22819446624892,508.7617195353647,24.790095757630557,379.93625976688674,55.10519524406972,0.0010230151630000195,5.115075815000098,322.42705098312484,0.23882174119869698,CYLINDER,CYLINDER_3,0.4,0.6,True
7.07,7.07,AEROTWIN-4-001,IDLE,0.15,1156.7095950162843,450.4760356995424,23.771181366569206,43.15212231370802,19.989110224468792,2.4018457443484316,20.761166344890796,45.16047718086478,-1.6196302020391407,-0.17276651783005348,-0.21595814728756688,33.22802166805325,508.7591609190971,24.789848486002306,379.73449990704336,55.075932397517754,0.0010220349864577794,5.1101749322888965,322.42705098312484,0.40527025911057996,CYLINDER,CYLINDER_3,0.4,0.6,True
7.08,7.08,AEROTWIN-4-001,IDLE,0.15,1147.7129969719842,519.8786114005195,23.81831274923915,3.9163450330665146,20.33616900455579,2.4226069106933226,-18.842430882182594,4.864133769776003,-0.5582933429241426,-0.17310906390459793,-0.2163863298807474,33.228193033645624,508.76091457969807,24.78960575517134,380.2204489829237,55.146413479585284,0.001024398257484184,5.12199128742092,322.42705098312484,0.4146678279375444,CYLINDER,CYLINDER_3,0.4,0.6,True
7.09,7.09,AEROTWIN-4-001,IDLE,0.15,1155.0093204621999,588.7413912188385,23.775551755684614,37.706208594997264,20.021059931801958,2.40376447981114,15.281384183384166,-0.2159978517146096,39.31281260054825,-0.1727982813716877,-1.2178078724646844,33.22805175902914,508.7587687139079,24.78935911142241,379.77944618125673,55.082451315237115,0.0010222532153264347,5.111266076632174,322.42705098312484,0.30991602681146213,CYLINDER,CYLINDER_3,0.4,0.6,True
7.1000000000000005,7.1000000000000005,AEROTWIN-4-001,IDLE,0.15,1157.0603283118164,658.0419504465706,23.810253188102795,26.991094380359275,20.27642772115773,2.419045863994524,4.29562079520702,-0.216313109796978,28.812348483836672,-0.1730504878375824,-1.4318905058428357,33.22816389706834,508.759803490544,24.789115839160583,380.1371562233819,55.134332864326865,0.0010239925897041098,5.119962948520549,322.42705098312484,0.12199998450148294,CYLINDER,CYLINDER_3,0.4,0.6,True
7.11,7.11,AEROTWIN-4-001,IDLE,0.15,1147.420395514411,7.465570145279571,23.819974010224517,2.58201683984782,20.34850339334354,2.423341484789731,-20.18982803828545,-0.21640142222466704,-0.21640142222466704,-0.1687027339585976,3.1835224182557518,33.22834572874885,508.76169140112836,24.788873597162432,380.2376275981953,55.14890503158705,0.0010244819546106289,5.122409773053144,322.42705098312484,0.43805758031856823,CYLINDER,CYLINDER_3,0.4,0.6,True
7.12,7.12,AEROTWIN-4-001,IDLE,0.15,1159.1053398973281,76.31079387614423,23.77415622303996,46.886894716798004,20.01085277272811,2.4031516567514455,24.47289028731845,-0.2159851734787335,-0.2159851734787335,-1.259099029485693,48.577964093241164,33.228192589389764,508.75940071417773,24.788627151940823,379.7650916144609,55.080369357578185,0.0010221835113371463,5.110917556685732,322.42705098312484,0.47059423258822436,CYLINDER,CYLINDER_3,0.4,0.6,True
7.13,7.13,AEROTWIN-4-001,IDLE,0.15,1152.991575084995,145.85711426998392,23.829651643018433,10.043481128803847,20.420495661899597,2.4276245470387643,-12.804639080134514,-0.216489342282828,-0.216489342282828,-0.7290390807254188,11.205498894094923,33.228445006363124,508.76217512770785,24.788386050605695,380.3377697810393,55.16342945350238,0.0010249700727398997,5.124850363699498,322.42705098312484,0.3077093128433899,CYLINDER,CYLINDER_3,0.4,0.6,True
7.140000000000001,7.140000000000001,AEROTWIN-4-001,IDLE,0.15,1152.1734817935264,215.0366087750836,23.800675538717776,20.907055050987243,20.20564572598107,2.4148199079586297,-1.7134105829524584,-0.9310150535069139,-0.21622609807531962,22.2705223006448,-0.21622609807531962,33.2284827297247,508.7622599959802,24.788142313447914,380.0382794305855,55.119991972053256,0.0010235113421090654,5.117556710545327,322.42705098312484,0.11691659819508407,CYLINDER,CYLINDER_3,0.4,0.6,True
7.15,7.15,AEROTWIN-4-001,IDLE,0.15,1154.9608045692385,284.1670176826952,23.796788197493825,28.42784415061593,20.1769824829998,2.4131064973756775,5.837755170240451,-1.5721173165605185,-0.2161907820766886,30.43234303132982,-0.2161907820766886,33.22849175578915,508.76199213113506,24.787898319900684,379.99818005412936,55.114176038690815,0.0010233162719512868,5.1165813597564345,322.42705098312484,0.14729862692022724,CYLINDER,CYLINDER_3,0.4,0.6,True
7.16,7.16,AEROTWIN-4-001,IDLE,0.15,1144.1659386657232,353.4646659568495,23.8100230657557,0.0849543170768838,20.27472434384488,2.4189442525459177,-22.60871427931391,-0.18464728788734935,-0.21631101916483977,0.7022236432939127,-0.21631101916483977,33.22859700254351,508.76292552981494,24.787655685662372,380.1347791754016,55.1339881020419,0.0010239810161862602,5.119905080931301,322.42705098312484,0.48152259444993506,CYLINDER,CYLINDER_3,0.4,0.6,True
7.17,7.17,AEROTWIN-4-001,IDLE,0.15,1154.8427316905475,422.1146222767929,23.758614070164676,44.655257760164034,19.897499201439647,2.396335538266604,22.36142302045778,46.474636336744176,-1.4308594215720516,-0.17267518000359602,-0.215843975004495,33.22832911817929,508.7592092224263,24.78740833813734,379.6053836776706,55.05720563784199,0.0010214084881411535,5.107042440705768,322.42705098312484,0.431721252679513,CYLINDER,CYLINDER_3,0.4,0.6,True
7.18,7.18,AEROTWIN-4-001,IDLE,0.15,1152.6721093606488,491.40518617822573,23.80946298350268,18.14313532662067,20.270579142218555,2.4186969612870617,-4.546140776884947,19.7492899368386,-1.216803934617569,-0.17304474471127199,-0.21630593088909,33.22843220680346,508.7601615911616,24.787165872199424,380.1289940825374,55.13314904374306,0.0010239528502091794,5.119764251045897,322.42705098312484,0.16549128585182482,CYLINDER,CYLINDER_3,0.4,0.6,True
7.19,7.19,AEROTWIN-4-001,IDLE,0.15,1148.0459949414897,560.5655127398646,23.799157811451007,12.919689736061773,20.19445029814891,2.4141508205101765,-9.688911382597315,-0.21621230971690505,13.878501853326666,-0.17296984777352403,-0.5696299597744635,33.228459047283394,508.7601598839657,24.78692254215862,380.0226212870746,55.11772094623473,0.001023435163614311,5.117175818071555,322.42705098312484,0.25665991162581686,CYLINDER,CYLINDER_3,0.4,0.6,True
7.2,7.2,AEROTWIN-4-001,IDLE,0.15,1158.1357020339638,629.448272436354,23.777139588020823,43.56897448421054,20.032679456023466,2.4044619091275794,21.131833119059497,-0.21601227696862804,45.57781354782535,-0.17280982157490243,-1.6200169650712755,33.22832609438624,508.75817559898434,24.786677252453185,379.7957816468895,55.084820578501564,0.0010223325472954658,5.11166273647733,322.42705098312484,0.412496003824151,CYLINDER,CYLINDER_3,0.4,0.6,True
7.21,7.21,AEROTWIN-4-001,IDLE,0.15,1149.2735033969984,698.9364145583919,23.82506485275371,4.250993153956916,20.38634483340628,2.425593742246639,-18.560945421696005,-0.21644767187897673,5.224039820541972,-0.1731581375031814,-0.5834408572028976,33.22854328306253,508.76056508131,24.78643659763681,380.2902919885507,55.15654336943541,0.001024738609726788,5.123693048633941,322.42705098312484,0.40897007070027896,CYLINDER,CYLINDER_3,0.4,0.6,True
7.22,7.22,AEROTWIN-4-001,IDLE,0.15,1156.3584557441209,47.89282476221183,23.782989332056406,37.32126314982075,20.07554085649349,2.4070327968249425,14.838689496502319,-0.21606542114621646,-0.21606542114621646,-0.9617830845887271,38.71517707670191,33.22845159570624,508.7590967414474,24.78619207478881,379.8559898143614,55.09355305069535,0.001022625026278657,5.113125131393286,322.42705098312484,0.30309321530814637,CYLINDER,CYLINDER_3,0.4,0.6,True
7.23,7.23,AEROTWIN-4-001,IDLE,0.15,1158.754760545604,117.27433210685908,23.816649130765143,27.76450461091955,20.323824084529967,2.421871486321445,5.018809040068136,-0.21637121611934448,-0.21637121611934448,-1.1538937788446553,29.351140822002893,33.22860569865413,508.7607015182301,24.78595083953931,380.20324943965676,55.14391889222894,0.0010243144688925876,5.121572344462938,322.42705098312484,0.1354609183905094,CYLINDER,CYLINDER_3,0.4,0.6,True
7.24,7.24,AEROTWIN-4-001,IDLE,0.15,1148.6119600634152,186.79961773959533,23.82799363959542,1.5920035332330613,20.408144892319427,2.4268902953615132,-21.24303165444788,-0.1922248473002449,-0.21647427953344636,2.2171769396001992,-0.21647427953344636,33.228841041705735,508.76329316336535,24.785710792594386,380.3206047702214,55.16093987466337,0.0010248863809183832,5.124431904591916,322.42705098312484,0.45557120557669345,CYLINDER,CYLINDER_3,0.4,0.6,True
7.25,7.25,AEROTWIN-4-001,IDLE,0.15,1155.504268225818,255.71633534340023,23.779837379196188,36.89329951755408,20.052435794326172,2.405647263707065,14.43521645952084,-1.5701868691732546,-0.21603678605696558,38.89555995884127,-0.21603678605696558,33.22872306300033,508.76147310287985,24.78546630034771,379.8235433174787,55.08884707568048,0.0010224673916992423,5.112336958496211,322.42705098312484,0.2956403968269862,CYLINDER,CYLINDER_3,0.4,0.6,True
7.26,7.26,AEROTWIN-4-001,IDLE,0.15,1148.4499536742035,325.0465914369493,23.81260036803312,7.939369897978589,20.293809265454065,2.420082480166586,-14.774521847642061,-0.929551419631464,-0.21633443362692514,9.301590184863903,-0.21633443362692514,33.22884437432361,508.7626523902618,24.78522500891445,380.16140516863624,55.13784988284866,0.001024110665947332,5.120553329736659,322.42705098312484,0.34413079992662465,CYLINDER,CYLINDER_3,0.4,0.6,True
7.2700000000000005,7.2700000000000005,AEROTWIN-4-001,IDLE,0.15,1149.9033555575083,393.9535886574015,23.77906525723898,25.496085331653102,20.046779587131226,2.405307958318944,3.043997786202932,26.78986793217299,-0.9049290119502457,-0.1728238171420635,-0.21602977142757937,33.22872077999834,508.7607789177942,24.784980662597405,379.8155968740888,55.08769453942409,0.0010224287912957539,5.11214395647877,322.42705098312484,0.09619810390748323,CYLINDER,CYLINDER_3,0.4,0.6,True
7.28,7.28,AEROTWIN-4-001,IDLE,0.15,1156.7283283008653,462.947789990852,23.785988856682994,36.800092879366986,20.09755143560756,2.4083519561051467,14.294189487654279,38.76854797529904,-1.5794882873320846,-0.17287413715554314,-0.21609267144442892,33.22864869667694,508.7595751686597,24.78473707653953,379.8868784936958,55.098033082968655,0.0010227751275201189,5.113875637600595,322.42705098312484,0.29393797623928514,CYLINDER,CYLINDER_3,0.4,0.6,True
7.29,7.29,AEROTWIN-4-001,IDLE,0.15,1146.103815979924,532.3514896889039,23.8184014910881,0.5075472868051141,20.336827711508345,2.422646145592801,-22.251926570296032,1.1130454007605972,-0.21600126899507927,-0.17310970887129065,-0.2163871360891133,33.2288132737505,508.76132650157217,24.78449666571334,380.2213665494292,55.14654656159611,0.0010244027277588694,5.122013638794347,322.42705098312484,0.4743238721524263,CYLINDER,CYLINDER_3,0.4,0.6,True
7.3,7.3,AEROTWIN-4-001,IDLE,0.15,1156.5860782870527,601.1177186476993,23.767873196289873,44.3193502463471,19.964957189273232,2.400394219022505,21.953998838051362,-0.21592809298301127,46.12604317497668,-0.17274247438640902,-1.4180223612601623,33.22860937059831,508.75848068873853,24.784251598154217,379.70049323381573,55.071000137646166,0.001021869921073244,5.10934960536622,322.42705098312484,0.4257351825433942,CYLINDER,CYLINDER_3,0.4,0.6,True
7.3100000000000005,7.3100000000000005,AEROTWIN-4-001,IDLE,0.15,1154.6573735784882,670.5128833449226,23.817727604479455,18.714704651183094,20.331826128902716,2.422348217860556,-4.039469695580177,-0.2163810139153248,20.337984058271548,-0.17310481113225984,-1.2337935820408676,33.228769486481355,508.7601984193574,24.78401134278373,380.2143989916926,55.14553600095711,0.0010243687833963295,5.121843916981647,322.42705098312484,0.1556827958437568,CYLINDER,CYLINDER_3,0.4,0.6,True
7.32,7.32,AEROTWIN-4-001,IDLE,0.15,1149.694737988595,19.79232575963192,23.80858363254846,12.288661676759135,20.264072603028595,2.4183087481649763,-10.393719674434436,-0.2162979420979584,-0.2162979420979584,-0.43944633624653096,13.160703897201582,33.22886094727584,508.7610466189785,24.783770327572803,380.11991204711217,55.13183180348906,0.001023908634755592,5.11954317377796,322.42705098312484,0.2679239442307112,CYLINDER,CYLINDER_3,0.4,0.6,True
7.33,7.33,AEROTWIN-4-001,IDLE,0.15,1160.0178707775112,88.77401003894762,23.784995518914375,44.11889361100331,20.09025982805205,2.4079150284905415,21.620718754460714,-0.21608364709764388,-0.21608364709764388,-1.296205088564095,45.84726599376269,33.228780021493534,508.7597467697849,24.783527192631933,379.87664802139943,55.09654927572773,0.0010227254095211216,5.1136270476056085,322.42705098312484,0.42202849812860116,CYLINDER,CYLINDER_3,0.4,0.6,True
7.34,7.34,AEROTWIN-4-001,IDLE,0.15,1151.2565718736405,158.3750822855983,23.833965265034312,4.532575509219668,20.45266127684471,2.4295357472450023,-18.349621514870044,-0.21652853098802033,-0.21652853098802033,-0.4787820943888809,5.444414665584589,33.22905713899562,508.7629036165878,24.783288814163157,380.38244410606154,55.169908928254955,0.0010251879412610978,5.1259397063054895,322.42705098312484,0.4042515631005096,CYLINDER,CYLINDER_3,0.4,0.6,True
7.3500000000000005,7.3500000000000005,AEROTWIN-4-001,IDLE,0.15,1154.3802439032468,227.45047659801673,23.792428503335234,29.0982707425658,20.144881216545226,2.4111861257301324,6.54220340029044,-1.194278121170765,-0.21615117481196283,30.724851213360488,-0.21615117481196283,33.22902773581476,508.7622266998332,24.783046596464878,379.95323034770064,55.1076566231698,0.001023097674740376,5.115488373701879,322.42705098312484,0.15908152523897057,CYLINDER,CYLINDER_3,0.4,0.6,True
7.36,7.36,AEROTWIN-4-001,IDLE,0.15,1154.0116948121868,296.71329123221153,23.807268685326175,21.900187515429824,20.25434659760746,2.417728329130423,-0.7718874113080574,-1.4490087867451316,-0.21628599597035428,23.78176829411567,-0.21628599597035428,33.22910655461283,508.76290542258164,24.78280589212423,380.1063329147125,55.12986231328407,0.0010238425308767383,5.119212654383691,322.42705098312484,0.09969139493254271,CYLINDER,CYLINDER_3,0.4,0.6,True
7.37,7.37,AEROTWIN-4-001,IDLE,0.15,1144.011645840607,365.9539929209427,23.805519544296242,1.7143186505960144,20.24141579864547,2.4169564417191145,-20.944053589768572,2.271857337426876,-0.16825249738544917,-0.17301608419796116,-0.21627010524745147,33.229171698968074,508.76340922765087,24.78256513054728,380.0882732939403,55.127242982006514,0.0010237546259318888,5.118773129659444,322.42705098312484,0.4529030726817535,CYLINDER,CYLINDER_3,0.4,0.6,True
7.38,7.38,AEROTWIN-4-001,IDLE,0.15,1155.645852301522,434.5946916713791,23.757876293967065,46.65477055660132,19.892133136500092,2.396012388129346,24.366625031971882,48.60389573096941,-1.560618084044583,-0.1726698179215592,-0.215837272401949,33.22889176620164,508.7596147023199,24.782319995000332,379.5978097181937,55.056107125907374,0.0010213717563399597,5.106858781699799,322.42705098312484,0.4667213146469435,CYLINDER,CYLINDER_3,0.4,0.6,True
7.390000000000001,7.390000000000001,AEROTWIN-4-001,IDLE,0.15,1149.9945977859452,503.9334428094704,23.8132716401815,10.883202009233557,20.298782775873832,2.420379013161318,-11.835959779801593,12.22785248680188,-0.9552375198807066,-0.17307242563894082,-0.216340532048676,33.2290159783191,508.7609011286054,24.782080189008884,380.1683414063767,55.138855900898065,0.0010241444446601302,5.120722223300651,322.42705098312484,0.2926294920429161,CYLINDER,CYLINDER_3,0.4,0.6,True
7.4,7.4,AEROTWIN-4-001,IDLE,0.15,1150.971303287885,572.9331186766271,23.78642326059151,24.554891225698324,20.10074095257352,2.4085430533815164,2.0456072197432866,-0.21609661794846716,25.824987781699996,-0.17287729435877372,-0.8811226436944324,33.22894355421576,508.7597334280128,24.78183794901874,379.89135283760186,55.0986820328601,0.0010227968730909063,5.113984365454532,322.42705098312484,0.07964191479675936,CYLINDER,CYLINDER_3,0.4,0.6,True
7.41,7.41,AEROTWIN-4-001,IDLE,0.15,1158.051998217327,641.9913968739003,23.79107151262529,37.37526054036133,20.134899097996133,2.4105886606012596,14.829772781763939,-0.21613884672464204,39.349978760750695,-0.17291107737971362,-1.5856682962850042,33.2289056544257,508.7590135080073,24.78159625664377,379.939244155918,55.10562809388603,0.0010230296724906764,5.115148362453382,322.42705098312484,0.3039445521607955,CYLINDER,CYLINDER_3,0.4,0.6,True
7.42,7.42,AEROTWIN-4-001,IDLE,0.15,1147.4869008018181,711.4745167669399,23.824668743432504,0.6813282593188883,20.383398109284766,2.4254184333830238,-22.1274882833489,-0.21644407327637424,1.3115851722407164,-0.1731552586210994,-0.24065758102435444,33.22911305921204,508.7613461695431,24.781357864218087,380.286193103849,55.15594887539605,0.0010247186306538661,5.123593153269331,322.42705098312484,0.47142990047903083,CYLINDER,CYLINDER_3,0.4,0.6,True
7.43,7.43,AEROTWIN-4-001,IDLE,0.15,1157.9203788904247,60.323730815048975,23.774473439701413,44.26828888075919,20.013172525955373,2.4032909450996747,21.85182540970414,-0.21598805535159626,-0.21598805535159626,-1.1259500299625291,45.82621502142491,33.22895316462715,508.75909261564817,24.7811148244128,379.76835432342904,55.0808425743615,0.0010221993539972388,5.110996769986194,322.42705098312484,0.4247649480247775,CYLINDER,CYLINDER_3,0.4,0.6,True
7.44,7.44,AEROTWIN-4-001,IDLE,0.15,1156.2864851730276,129.79895354847446,23.824045834858072,19.38188876069281,20.378764989731284,2.4251427705093787,-3.4220189995478525,-0.21643841423151697,-0.21643841423151697,-0.9977315872564063,20.81249717641225,33.22915544165148,508.76136689121,24.780876590412195,380.2797477289726,55.155014051114726,0.0010246872153582395,5.123436076791198,322.42705098312484,0.14415545823278691,CYLINDER,CYLINDER_3,0.4,0.6,True
7.45,7.45,AEROTWIN-4-001,IDLE,0.15,1149.7767359237744,199.17614265885612,23.816308096778858,9.109028101152738,20.321294295086425,2.421720751509831,-13.633986945443517,-0.5330337689972873,-0.2163681178691269,10.074798105888279,-0.2163681178691269,33.22929870586078,508.7628840697182,24.780637725894653,380.1997240400797,55.14340757532508,0.001024297295997915,5.121486479989575,322.42705098312484,0.32374880934134026,CYLINDER,CYLINDER_3,0.4,0.6,True
7.46,7.46,AEROTWIN-4-001,IDLE,0.15,1155.6509596045832,268.16274681428257,23.785385972439396,34.80415773655967,20.093125664547173,2.4080867645643873,12.302945307448105,-1.6198208215053602,-0.21608719431806026,36.85615294670115,-0.21608719431806026,33.22921543796994,508.7615734262283,24.780396037137898,379.88066919203544,55.09713249827443,0.0010227449511400041,5.113724755700021,322.42705098312484,0.25901609618808263,CYLINDER,CYLINDER_3,0.4,0.6,True
7.47,7.47,AEROTWIN-4-001,IDLE,0.15,1146.5103970568703,337.5018043905576,23.813295853379522,3.5754024714427617,20.298962194619268,2.4203897098718357,-19.14394943304834,-0.6208779524864323,-0.21634075202248818,4.62896192797417,-0.21634075202248818,33.22933599049192,508.7628130732603,24.780157102854275,380.1685916111994,55.13889219010514,0.0010241456631619856,5.120728315809928,322.42705098312484,0.4205165522300361,CYLINDER,CYLINDER_3,0.4,0.6,True
7.48,7.48,AEROTWIN-4-001,IDLE,0.15,1152.9852418151697,406.2924282139698,23.769814149065855,35.94125377599493,19.97912486501749,2.401245760438787,13.560883150538654,37.500720691734756,-1.1707646084157903,-0.17275658103290706,-0.21594572629113384,33.22913990178058,508.76010434516746,24.77991416462315,379.72044384283794,55.07389373407753,0.00102196675453502,5.1098337726751,322.42705098312484,0.2790959415189262,CYLINDER,CYLINDER_3,0.4,0.6,True
7.49,7.49,AEROTWIN-4-001,IDLE,0.15,1155.8984694606272,475.47154272288,23.80064545392791,28.721680107715887,20.205423751323696,2.414806643589326,6.101449712802864,30.574950024079588,-1.4640634317977779,-0.17298065980707625,-0.21622582475884533,33.22916918545244,508.7602382687448,24.779674245407985,380.0379690230931,55.11994695117138,0.0010235098318594526,5.117549159297263,322.42705098312484,0.15239616727202737,CYLINDER,CYLINDER_3,0.4,0.6,True
7.5,7.5,AEROTWIN-4-001,IDLE,0.15,1145.5882249179913,544.8254508905176,23.814469161877312,1.1348405456163706,20.307658126887564,2.4209080933021285,-21.59372567457332,-0.2163514113803666,1.6607699688174773,-0.17308112910429327,-0.1364968827164469,33.22929885315374,508.7616173703664,24.77943574911442,380.1807167593085,55.14065079733658,0.0010242047155120996,5.121023577560498,322.42705098312484,0.4632539245196859,CYLINDER,CYLINDER_3,0.4,0.6,True
7.51,7.51,AEROTWIN-4-001,IDLE,0.15,1157.2034100798237,613.560744385597,23.765411008980795,46.673099475209256,19.946998191249413,2.399314367627555,24.32678691633229,-0.2159057243257139,48.61482651194359,-0.1727245794605711,-1.5530967329480498,33.22907152598889,508.75854331821495,24.779192721362048,379.67519155601633,55.0673304329015,0.0010217471358916399,5.1087356794582,322.42705098312484,0.4669544140496603,CYLINDER,CYLINDER_3,0.4,0.6,True
7.5200000000000005,7.5200000000000005,AEROTWIN-4-001,IDLE,0.15,1151.762698661241,682.9929489903864,23.820651597627176,11.38217809131516,20.353536285385943,2.4236411545438874,-11.39499934861467,-0.21640757801969662,12.748651229661178,-0.17312606241575731,-0.9769394979105648,33.22924754693908,508.7605240538652,24.77895503286043,380.2446353210738,55.149921417697904,0.00102451610043357,5.1225805021678505,322.42705098312484,0.2840706708376077,CYLINDER,CYLINDER_3,0.4,0.6,True
7.53,7.53,AEROTWIN-4-001,IDLE,0.15,1152.400682046613,32.098710910060845,23.79483538550381,23.91103312635353,20.162597693426413,2.4122461551952727,1.3361892777318443,-0.2161730410291209,-0.2161730410291209,-0.6892195608073844,25.032598769219156,33.22923335399754,508.7601235376591,24.778714995148835,379.9780431035085,55.11125541564667,0.0010232183340029455,5.116091670014727,322.42705098312484,0.0682770194121447,CYLINDER,CYLINDER_3,0.4,0.6,True
7.54,7.54,AEROTWIN-4-001,IDLE,0.15,1159.8009684204062,101.24275183285764,23.79786802369256,38.09764665880947,20.184940776757006,2.4135823444730047,15.499123537579456,-0.21620059215981718,-0.21620059215981718,-1.2723101549473659,39.80235799807647,33.22924134755274,508.76000645580905,24.778475353145858,380.0093169937368,55.115791318137596,0.0010233704437147674,5.116852218573837,322.42705098312484,0.3165076852816663,CYLINDER,CYLINDER_3,0.4,0.6,True
7.55,7.55,AEROTWIN-4-001,IDLE,0.15,1149.2731016761168,170.830809938082,23.832940212593254,0.8245823566978328,20.445013436575454,2.429081468010584,-22.049512547888206,-0.21651921851748598,-0.21651921851748598,-0.20701447564194023,1.464635269374745,33.22950544902969,508.7630638523083,24.778239166454885,380.3718259611303,55.16836889375042,0.001025136152105723,5.125680760528615,322.42705098312484,0.4691173435355035,CYLINDER,CYLINDER_3,0.4,0.6,True
7.5600000000000005,7.5600000000000005,AEROTWIN-4-001,IDLE,0.15,1155.0894788939395,239.78719603864903,23.782987418507574,34.664350736095486,20.075526821953343,2.4070319554626955,12.181791958679447,-1.400366935199005,-0.21606540376186967,36.49684847881822,-0.21606540376186967,33.22940239476147,508.76153287100465,24.777998330285083,379.8559701124239,55.09355019316574,0.0010226249305494471,5.113124652747236,322.42705098312484,0.25659727024843637,CYLINDER,CYLINDER_3,0.4,0.6,True
7.57,7.57,AEROTWIN-4-001,IDLE,0.15,1151.5675947032487,309.0925647722854,23.810633380303155,15.322238961786224,20.279242214544066,2.419213747421375,-7.376217000179217,-1.2591704591462245,-0.21631656379457012,17.01404254852159,-0.21631656379457012,33.22950130419657,508.76253289732693,24.77776022558285,380.14108356149615,55.13490247759228,0.0010240117118105988,5.1200585590529935,322.42705098312484,0.21488443339651328,CYLINDER,CYLINDER_3,0.4,0.6,True
7.58,7.58,AEROTWIN-4-001,IDLE,0.15,1145.9395523260052,378.18662045448036,23.79390767708289,10.780260485919996,20.155767346458564,2.411837530421196,-11.787344390959763,11.675365304916891,-0.5060085157470529,-0.17293169033326342,-0.2161646129165793,33.22947738077983,508.7619985440523,24.777520638268495,379.96847843269717,55.10986817492153,0.0010231718203981993,5.1158591019909965,322.42705098312484,0.2939768820719297,CYLINDER,CYLINDER_3,0.4,0.6,True
7.59,7.59,AEROTWIN-4-001,IDLE,0.15,1156.4858410923143,446.9429935940407,23.76708886264244,44.447380429394414,19.95923470278197,2.4000501860302363,22.08809554058221,46.45314095935159,-1.617102788615612,-0.172736773929583,-0.21592096741197875,33.22926001709349,508.75906553144785,24.777278627140333,379.69243254594664,55.06983103159901,0.0010218308012907083,5.109154006453542,322.42705098312484,0.4279848263885897,CYLINDER,CYLINDER_3,0.4,0.6,True
7.6000000000000005,7.6000000000000005,AEROTWIN-4-001,IDLE,0.15,1148.117434939638,516.3321440595795,23.81725270399958,5.223691528319317,20.328302107751153,2.4221382815708186,-17.526748861002652,6.264626831461678,-0.6514572440331692,-0.17310135960408551,-0.21637669950510688,33.22940894458906,508.7607256822012,24.777041479519315,380.20948916380837,55.14482388934044,0.0010243448648630136,5.1217243243150685,322.42705098312484,0.3917643756843678,CYLINDER,CYLINDER_3,0.4,0.6,True
7.61,7.61,AEROTWIN-4-001,IDLE,0.15,1154.1829297223846,585.2191901559578,23.777480184014173,35.143326798816034,20.03517269953024,2.404611532709816,12.70354256657598,-0.21601537123973572,36.68212315200619,-0.17281229699178857,-1.1499686849586306,33.229267250876596,508.75875786940605,24.7768006619863,379.7992860662167,55.08532885247194,0.0010223495674915651,5.111747837457826,322.42705098312484,0.26504321752734733,CYLINDER,CYLINDER_3,0.4,0.6,True
7.62,7.62,AEROTWIN-4-001,IDLE,0.15,1157.4010038536696,654.4701659393008,23.806332288028287,29.40465695497242,20.247423179994236,2.417315075276392,6.739918699701793,-0.21627748892047494,31.270337533993782,-0.17302199113637995,-1.4763810989645072,33.22933641181011,508.75943874969477,24.776562688212145,380.096664280332,55.12845999389079,0.0010237954674934607,5.118977337467303,322.42705098312484,0.16428257842983923,CYLINDER,CYLINDER_3,0.4,0.6,True
7.63,7.63,AEROTWIN-4-001,IDLE,0.15,1146.8532736432435,3.914226170521033,23.82158721696427,0.6934281567826552,20.360487656887823,2.424054993976094,-22.09111449408126,-0.21641607800190155,-0.21641607800190155,-0.08863927361925987,1.2148995864057182,33.22951613675337,508.761481782604,24.77632627913142,380.25431259628334,55.151324990339745,0.0010245632567800196,5.1228162839000975,322.42705098312484,0.47114576825180865,CYLINDER,CYLINDER_3,0.4,0.6,True
7.640000000000001,7.640000000000001,AEROTWIN-4-001,IDLE,0.15,1158.5697686293493,72.72542258911564,23.77145053372407,46.932010203031524,19.99107660743521,2.4019638794820124,24.538969716114302,-0.21596059263679787,-0.21596059263679787,-1.2373150995946078,48.60124648789973,33.22932970934588,508.758953283886,24.77608521442124,379.7372674235483,55.0763337925766,0.0010220484215634948,5.1102421078174745,322.42705098312484,0.47141517092226276,CYLINDER,CYLINDER_3,0.4,0.6,True
7.65,7.65,AEROTWIN-4-001,IDLE,0.15,1153.3730911689574,142.2396087068766,23.827118578145424,11.944236234818646,20.401629207382367,2.426502849198127,-10.883895821761847,-0.21646632971191287,-0.21646632971191287,-0.79533280176359,13.172501696006062,33.229550035183195,508.76150935263,24.775849551796938,380.31154680662706,55.15962612573958,0.0010248422210146447,5.124211105073224,322.42705098312484,0.27438657050350673,CYLINDER,CYLINDER_3,0.4,0.6,True
7.66,7.66,AEROTWIN-4-001,IDLE,0.15,1151.2780691494784,211.44199417701407,23.802487585118566,18.24683482158545,20.21901972521205,2.4156189533763652,-4.387803857002966,-0.8459978062982775,-0.21624256028548405,19.525317748454693,-0.21624256028548405,33.229587863075395,508.7617743721724,24.775611641044918,380.05697774457394,55.12270393811752,0.001023602322798237,5.118011613991185,322.42705098312484,0.16351293749365778,CYLINDER,CYLINDER_3,0.4,0.6,True
7.67,7.67,AEROTWIN-4-001,IDLE,0.15,1154.9008635497885,280.51867832598276,23.792530751840438,30.14442754797517,20.145633549469192,2.4112311495193626,7.5875628489866145,-1.5938982315797,-0.21615210372657614,32.17062998700802,-0.21615210372657614,33.2295529302452,508.76113489964644,24.77537289099497,379.9542842913369,55.10780948504692,0.0010231027994017472,5.115513997008736,322.42705098312484,0.17738808608547477,CYLINDER,CYLINDER_3,0.4,0.6,True
7.68,7.68,AEROTWIN-4-001,IDLE,0.15,1144.37841235692,349.8127301389701,23.809738739870316,0.6532684016992694,20.272619932845856,2.4188187123683487,-22.038170243514937,-0.28693216370744135,-0.21630843610047767,1.372817437607666,-0.21630843610047767,33.22964353220564,508.7620640401052,24.775135886763728,380.1318423229906,55.13356214684191,0.0010239667173356664,5.119833586678332,322.42705098312484,0.47157042689303064,CYLINDER,CYLINDER_3,0.4,0.6,True
7.69,7.69,AEROTWIN-4-001,IDLE,0.15,1154.3719899713883,418.4754348803853,23.759629910212798,43.232170444283355,19.90488989102996,2.396780542124834,20.93050001112856,45.000681756632595,-1.3799755455423381,-0.17268256302529275,-0.21585320378161593,33.22937063122866,508.75846033011265,24.77489424418488,379.6158132977253,55.05871832907548,0.0010214590725545537,5.107295362772769,322.42705098312484,0.40680540159931894,CYLINDER,CYLINDER_3,0.4,0.6,True
7.7,7.7,AEROTWIN-4-001,IDLE,0.15,1153.3326240538945,487.7377542786686,23.807229517251518,20.494925112459594,20.254056957517253,2.4177110421359624,-2.176842887193622,22.167062494123766,-1.282823229424058,-0.17302851210671805,-0.21628564013339754,33.22944510407211,508.7592296747047,24.774657216567963,380.1059284686564,55.12980365323698,0.0010238405621142608,5.119202810571304,322.42705098312484,0.12428256820096686,CYLINDER,CYLINDER_3,0.4,0.6,True
7.71,7.71,AEROTWIN-4-001,IDLE,0.15,1147.154840387153,556.9377117219022,23.802295407097837,9.694415289701087,20.217600945720456,2.415534199248769,-12.938719855268138,-0.21624081437270565,10.556132609204017,-0.17299265149816453,-0.47248385363205864,33.22948277572981,508.7595343431459,24.774419825393892,380.05499448756717,55.12241629048777,0.0010235926722418152,5.1179633612090765,322.42705098312484,0.3131757731773865,CYLINDER,CYLINDER_3,0.4,0.6,True
7.72,7.72,AEROTWIN-4-001,IDLE,0.15,1157.8632839351,625.7670021451314,23.7728894237405,44.831898555759054,20.001591355291232,2.4025954793935007,22.42771172107432,-0.2159736647688601,46.83603503138718,-0.17277893181508808,-1.6153838790441781,33.2293071072181,508.75718377330463,24.774179752356673,379.75206326430816,55.07847975172873,0.001022120253684002,5.110601268420011,322.42705098312484,0.43464650749796147,CYLINDER,CYLINDER_3,0.4,0.6,True
7.73,7.73,AEROTWIN-4-001,IDLE,0.15,1149.6772381184905,695.2387991812374,23.823775605260032,5.656964284183439,20.37675535934179,2.425023191114575,-17.144814266272927,-0.21643595923012535,6.7264348474572415,-0.17314876738410026,-0.6798858366595771,33.22950320302766,508.7594813006585,24.77394463150255,380.2769517536647,55.15460852844802,0.001024673587999254,5.123367939996269,322.42705098312484,0.3843352885386564,CYLINDER,CYLINDER_3,0.4,0.6,True
7.74,7.74,AEROTWIN-4-001,IDLE,0.15,1155.4377295053541,44.21943346834678,23.78491218586819,34.562271557081644,20.08964823220838,2.4078783768483025,12.064744948024963,-0.2160828900275604,-0.2160828900275604,-0.9041879062067311,35.898625243343496,33.22941409389049,508.7582130844785,24.773705909225747,379.87578982207236,55.09642480421373,0.0010227212390183965,5.113606195091983,322.42705098312484,0.25478857779437125,CYLINDER,CYLINDER_3,0.4,0.6,True
7.75,7.75,AEROTWIN-4-001,IDLE,0.15,1159.0554915755802,113.54569723866804,23.812284873180843,30.288438412908825,20.291472129607218,2.4199431217963276,7.577023161505279,-0.21633156739647888,-0.21633156739647888,-1.1899210826386333,31.91102263034042,33.22952491311004,508.759445355726,24.773469901359206,380.15814536209047,55.13737708702688,0.0010240947916398673,5.120473958199336,322.42705098312484,0.17968007078317216,CYLINDER,CYLINDER_3,0.4,0.6,True
7.76,7.76,AEROTWIN-4-001,IDLE,0.15,1148.2243846861331,183.08902673320284,23.829415920575514,0.16164221992303182,20.41873929772018,2.4275201449578327,-22.68461722275498,-0.087494773139994,-0.21648720077453434,0.6821113946120945,-0.21648720077453434,33.22975977054447,508.76219728965094,24.773235644104428,380.3353291787175,55.16307547342282,0.0010249581724046844,5.124790862023422,322.42705098312484,0.4806359536293961,CYLINDER,CYLINDER_3,0.4,0.6,True
7.7700000000000005,7.7700000000000005,AEROTWIN-4-001,IDLE,0.15,1155.12052896943,251.98248981437084,23.777990041975904,36.886991857127,20.038905517057984,2.4048355277350777,14.44325081233394,-1.5407011609594405,-0.21602000323421244,38.85973302455487,-0.21602000323421244,33.229617620027085,508.76023852227513,24.772996585049054,379.8045323000501,55.08608975573466,0.0010223750481208455,5.111875240604228,322.42705098312484,0.2955514407968321,CYLINDER,CYLINDER_3,0.4,0.6,True
7.78,7.78,AEROTWIN-4-001,IDLE,0.15,1148.824586986993,321.28972155253666,23.810780645016454,9.513421211442187,20.280332485862953,2.4192787785474117,-13.186190052968177,-1.0146109691692895,-0.2163179016756857,10.960667983962848,-0.2163179016756857,33.22971505353241,508.76128421449084,24.772760753707193,380.14260483590516,55.135123120190016,0.0010240191190033058,5.120095595016529,322.42705098312484,0.3165421995134266,CYLINDER,CYLINDER_3,0.4,0.6,True
7.79,7.79,AEROTWIN-4-001,IDLE,0.15,1148.5997291883107,390.21919677175623,23.78085061800924,21.995012067572723,20.059860551373344,2.4060925884944435,-0.470941072295064,23.199429835657643,-0.8155349839209642,-0.1728367929617584,-0.21604599120219803,33.229594084969236,508.7596055035516,24.772522178970394,379.83397236729667,55.090359684207975,0.0010225180549669993,5.1125902748349965,322.42705098312484,0.09741296563262886,CYLINDER,CYLINDER_3,0.4,0.6,True
7.8,7.8,AEROTWIN-4-001,IDLE,0.15,1156.491234546006,459.1351805230549,23.779779090112815,38.98556056313091,20.052008744042066,2.4056216474221483,16.527930171666696,40.97414704436474,-1.59972121951928,-0.17282900520646902,-0.21603625650808628,33.22946680394091,508.7578723927578,24.77228360997603,379.82294339861323,55.08876006464806,0.00102246447747258,5.1123223873629,322.42705098312484,0.3322556411397529,CYLINDER,CYLINDER_3,0.4,0.6,True
7.8100000000000005,7.8100000000000005,AEROTWIN-4-001,IDLE,0.15,1146.2703298223798,528.5246545958153,23.81727825782881,1.3440284990680493,20.328491716664313,2.422149577593815,-21.406612795190078,2.056362320539407,-0.3228553444862694,-0.1731015453267059,-0.2163769316583824,33.22961346579733,508.75956468345856,24.772048723363184,380.20975334864073,55.14486220618016,0.0010243461518341338,5.12173075917067,322.42705098312484,0.4596590786425796,CYLINDER,CYLINDER_3,0.4,0.6,True
7.82,7.82,AEROTWIN-4-001,IDLE,0.15,1155.981102174069,597.3008743851581,23.76866817712205,42.70969592183142,19.97075890319927,2.4007429647986247,20.338194053833526,-0.21593531528235765,44.46123206145434,-0.17274825222588613,-1.3628525721146756,33.22940586170651,508.7568342791531,24.771809316257237,379.708664106317,55.072185224652,0.001021909577978895,5.1095478898944755,322.42705098312484,0.3975569937246316,CYLINDER,CYLINDER_3,0.4,0.6,True
7.83,7.83,AEROTWIN-4-001,IDLE,0.15,1155.2535154706327,666.6597405156022,23.814860830154633,21.207788863514054,20.310561732905008,2.4210811588524583,-1.523854028243412,-0.21635496963665252,22.898919977076638,-0.17308397570932202,-1.301692168216608,33.229535584015835,508.7583338945346,24.771574412200447,380.1847647002162,55.14123790258996,0.0010242244311089253,5.121122155544627,322.42705098312484,0.11198652237845799,CYLINDER,CYLINDER_3,0.4,0.6,True
7.84,7.84,AEROTWIN-4-001,IDLE,0.15,1148.672809265849,15.974951443840155,23.811411336707888,8.921960874589312,20.28500241535228,2.419557304824215,-13.782598845587184,-0.2163236314291671,-0.2163236314291671,-0.35721575596006727,9.711823893407713,33.22963859001742,508.75948419665866,24.771339283676223,380.1491203140477,55.13606811210885,0.0010240508442585221,5.120254221292611,322.42705098312484,0.3269075547402251,CYLINDER,CYLINDER_3,0.4,0.6,True
7.8500000000000005,7.8500000000000005,AEROTWIN-4-001,IDLE,0.15,1159.61700390606,84.8953199997911,23.780127362398616,45.38180281805971,20.054560457985506,2.4057747059786276,22.92146765409558,-0.21603942051733063,-0.21603942051733063,-1.2910953912012066,47.10497705029558,33.22951329926765,508.7577854385704,24.77110127945478,379.8265279242155,55.089279957072364,0.0010224818902188123,5.112409451094061,322.42705098312484,0.4441858415689267,CYLINDER,CYLINDER_3,0.4,0.6,True
7.86,7.86,AEROTWIN-4-001,IDLE,0.15,1151.5951992391902,154.4723402341547,23.832070690097652,6.066395851715469,20.438528084730173,2.4286961736327233,-16.800828406647426,-0.2165113190166459,-0.2165113190166459,-0.5598291258373088,7.059247615586069,33.22976778175503,508.7608195185659,24.770868351275638,380.3628199299513,55.167062677000274,0.001025092229035274,5.12546114517637,322.42705098312484,0.3773651659461543,CYLINDER,CYLINDER_3,0.4,0.6,True
7.87,7.87,AEROTWIN-4-001,IDLE,0.15,1153.595161961099,223.5680521885061,23.79403894326207,26.757341151620807,20.156733676659933,2.411895345226076,4.188712129734798,-1.1173864083722864,-0.21616580545305528,28.307059170899205,-0.21616580545305528,33.22974166116257,508.76033983027565,24.770631881414754,379.96983172220524,55.1100644533252,0.0010231784013331514,5.115892006665757,322.42705098312484,0.11809662337579728,CYLINDER,CYLINDER_3,0.4,0.6,True
7.88,7.88,AEROTWIN-4-001,IDLE,0.15,1154.2464538676104,292.78376190617206,23.80354209481449,24.00695306328571,20.226806426703895,2.416084057355811,1.3640625792260042,-1.495339661745567,-0.21625214037141738,25.93479700577411,-0.21625214037141738,33.22978489318321,508.7607292610735,24.770396425288823,380.0678609871599,55.1242824218557,0.0010236552833039747,5.1182764165198735,322.42705098312484,0.06985497926702255,CYLINDER,CYLINDER_3,0.4,0.6,True
7.890000000000001,7.890000000000001,AEROTWIN-4-001,IDLE,0.15,1143.4284726493497,362.0385491382287,23.806633770641415,0.00997324320890941,20.249652004580845,2.417448119935037,-22.657126881306976,0.4569788741111347,-0.0577012207694933,-0.17302418228121422,-0.2162802278515178,33.22985012077622,508.7613880812042,24.770161371209685,380.0997770766392,55.1289114676416,0.0010238106190865186,5.1190530954325935,322.42705098312484,0.4827552515925091,CYLINDER,CYLINDER_3,0.4,0.6,True
7.9,7.9,AEROTWIN-4-001,IDLE,0.15,1154.9990930864606,430.64425749718964,23.755086998328235,46.50009958311459,19.87185781492505,2.39479099305373,24.23345077513581,48.41566617451023,-1.527105113782595,-0.17264954560579637,-0.21581193200724547,33.2295422209924,508.7573941531667,24.76992152995404,379.56918094111955,55.0519548653381,0.0010212329325997942,5.106164662998971,322.42705098312484,0.4640470509121109,CYLINDER,CYLINDER_3,0.4,0.6,True
7.91,7.91,AEROTWIN-4-001,IDLE,0.15,1150.3903552571912,499.94420308237727,23.81020467793289,13.04257514134351,20.27606863535098,2.4190244438288655,-9.652517937836336,14.475971004282874,-1.0440330585804616,-0.17305013527062307,-0.21631266908827884,33.229636347328054,508.7584589106603,24.769687032409262,380.1366551322802,55.13426018707566,0.0010239901499441203,5.119950749720601,322.42705098312484,0.25476849123762696,CYLINDER,CYLINDER_3,0.4,0.6,True
7.92,7.92,AEROTWIN-4-001,IDLE,0.15,1149.5739105846706,568.9676243978088,23.78830712059194,20.813992415135758,20.114578212746952,2.4093719258910293,-1.709957723502224,-0.2161137325760142,21.988001085810957,-0.17289098606081138,-0.785003952038372,33.229570236742674,508.75752187586113,24.76945054859857,379.9107592032803,55.101496693325366,0.001022891197436553,5.114455987182765,322.42705098312484,0.11825538044101913,CYLINDER,CYLINDER_3,0.4,0.6,True
7.930000000000001,7.930000000000001,AEROTWIN-4-001,IDLE,0.15,1157.761296368655,637.942059032889,23.784420126022095,39.641319925555436,20.086037270007544,2.407661968167527,17.147620687380364,-0.2160784197266915,41.635305037969516,-0.1728627357813532,-1.6050439569060362,33.229476777409,508.75625836207234,24.76921380138158,379.8707225529187,55.09568985763023,0.0010226966146702177,5.113483073351089,322.42705098312484,0.34367762619669384,CYLINDER,CYLINDER_3,0.4,0.6,True
7.94,7.94,AEROTWIN-4-001,IDLE,0.15,1147.652167710535,707.4077368150083,23.823292870974644,1.625465881558666,20.373165843732373,2.4248095888549073,-21.172509551028615,-0.2164315736507847,2.368926936976187,-0.17314525892062776,-0.35388422284610843,33.22966732371091,508.75853531574995,24.768980881710092,380.2719572907777,55.15388414153982,0.0010246492460785927,5.123246230392964,322.42705098312484,0.4548751709193008,CYLINDER,CYLINDER_3,0.4,0.6,True
7.95,7.95,AEROTWIN-4-001,IDLE,0.15,1157.2107883990188,56.26686687764038,23.775261661619826,42.4421031740989,20.018937739200528,2.403637079303879,20.01952835559449,-0.21599521624707418,-0.21599521624707418,-1.077772661919579,43.951866268512624,33.22950658043206,508.756422861875,24.76874347591909,379.7764620537375,55.08201850334998,0.0010222387241667498,5.111193620833749,322.42705098312484,0.39279754889349416,CYLINDER,CYLINDER_3,0.4,0.6,True
7.96,7.96,AEROTWIN-4-001,IDLE,0.15,1156.8716714707737,125.6995141815815,23.82068653692189,22.067207608169724,20.35379583416519,2.423656607659473,-0.7102448336549392,-0.2164078954387276,-0.2164078954387276,-1.054454146429571,23.55447754547675,33.22967769485152,508.7584597710706,24.768510518032357,380.24499668468184,55.149973829152884,0.0010245178612607615,5.122589306303808,322.42705098312484,0.09708347483014754,CYLINDER,CYLINDER_3,0.4,0.6,True
7.97,7.97,AEROTWIN-4-001,IDLE,0.15,1149.0194844545777,195.11181446982795,23.819080484164033,6.31923268528794,20.341868352258434,2.4229463628258183,-16.445582029796313,-0.42310882705323455,-0.21639330465450513,7.175128121650185,-0.21639330465450513,33.22983503113415,508.76030042170987,24.768277510900848,380.2283874777731,55.14756486300125,0.0010244369338748471,5.122184669374236,322.42705098312484,0.37263532094055507,CYLINDER,CYLINDER_3,0.4,0.6,True
7.98,7.98,AEROTWIN-4-001,IDLE,0.15,1155.394950972205,264.0529835371026,23.78177922995258,35.82591404840871,20.066667417622508,2.406500780796022,13.352745849990182,-1.611687382512396,-0.21605442752312548,37.86971028596736,-0.21605442752312548,33.22971935623741,508.75872983307625,24.76804104015387,379.8435314732789,55.09174611782143,0.0010225644955551092,5.112822477775546,322.42705098312484,0.2769386341269366,CYLINDER,CYLINDER_3,0.4,0.6,True
7.99,7.99,AEROTWIN-4-001,IDLE,0.15,1146.8767964280025,333.3766805954349,23.812082029549842,4.869441996149371,20.289969628309258,2.419853526646012,-17.840381158805897,-0.7270673931394271,-0.21632972458799304,6.029168838464785,-0.21632972458799304,33.229825077761504,508.7599308519517,24.76780757225912,380.15604957394254,55.13707311810548,0.0010240845859621846,5.120422929810923,322.42705098312484,0.39784237396490085,CYLINDER,CYLINDER_3,0.4,0.6,True
8.0,8.0,AEROTWIN-4-001,IDLE,0.15,1151.8120601870091,402.18928838111503,23.771562781439115,32.73030206990795,19.991896678538435,2.4020131454872065,10.336392245882308,34.20680259172417,-1.0877696195089026,-0.1727692899143646,-0.21596161239295575,33.2296358196411,508.75745120769346,24.767570342672474,379.7384215554999,55.07650118556659,0.0010220540244602991,5.110270122301496,322.42705098312484,0.22288397493006123,CYLINDER,CYLINDER_3,0.4,0.6,True
8.01,8.01,AEROTWIN-4-001,IDLE,0.15,1156.0785091736177,471.2980119923356,23.795070075523636,31.51230536237305,20.164325962476628,2.4123495377330886,8.935629862163331,33.412004951308745,-1.5105842772513272,-0.1729401385263861,-0.2161751731579826,33.22961874027976,508.75714866758125,24.767335457186704,379.98046292486015,55.111606381695864,0.001023230102266173,5.116150511330865,322.42705098312484,0.20129656880956565,CYLINDER,CYLINDER_3,0.4,0.6,True
8.02,8.02,AEROTWIN-4-001,IDLE,0.15,1145.2232174016515,540.6627225427527,23.815322495697295,0.0,20.313984754660098,2.421285167595252,-22.73526992225535,-0.2163591638091559,0.0847764652842952,-0.1730873310473247,-0.018768777455738517,33.22974931063938,508.75868216910897,24.76710261970421,380.1895363169377,55.14192996833601,0.0010242476721346143,5.121238360673072,322.42705098312484,0.4831336643200875,CYLINDER,CYLINDER_3,0.4,0.6,True
8.03,8.03,AEROTWIN-4-001,IDLE,0.15,1156.7023151653248,609.3761155868518,23.763667361435207,46.37460521809119,19.934289184288048,2.3985498976729964,24.041766136130146,-0.21588988351041483,48.278612774579365,-0.17271190680833187,-1.5154057661694291,33.22950415222003,508.75552506519625,24.766864958726895,379.6572781103519,55.06473230256922,0.0010216602185704104,5.108301092852052,322.42705098312484,0.46175103964669345,CYLINDER,CYLINDER_3,0.4,0.6,True
8.040000000000001,8.040000000000001,AEROTWIN-4-001,IDLE,0.15,1152.380701653473,678.7782544967713,23.818278263365265,13.707338520666692,20.335913030516643,2.4225916638091265,-9.051166173659077,-0.21638601658098677,15.166280628043927,-0.1731088132647894,-1.0694472775314592,33.229657681237214,508.75736650220864,24.766632618563936,380.2200924110476,55.14636176311352,0.0010243965203165578,5.121982601582789,322.42705098312484,0.24332463218182282,CYLINDER,CYLINDER_3,0.4,0.6,True
8.05,8.05,AEROTWIN-4-001,IDLE,0.15,1151.109412211895,27.921096595979634,23.797773069162343,19.93519896483287,20.184240847362187,2.4135404976354677,-2.662582380164783,-0.2161997295100353,-0.2161997295100353,-0.6074198718836947,20.975018295736636,33.229659967205436,508.75730978321917,24.766398414210727,380.00833760913144,55.115649270153206,0.0010233656796620745,5.116828398310372,322.42705098312484,0.13385604210997004,CYLINDER,CYLINDER_3,0.4,0.6,True
8.06,8.06,AEROTWIN-4-001,IDLE,0.15,1159.6489696243877,96.98766132869333,23.791728517144154,40.4358166332366,20.13973149665084,2.410877915255303,17.885207221330457,-0.21614481552680065,-0.21614481552680065,-1.2872362350692936,42.1553424993595,33.22961836615257,508.75670964387234,24.76616373738572,379.9460154678977,55.10661019143295,0.0010230625944078493,5.115312972039247,322.42705098312484,0.3574966793240604,CYLINDER,CYLINDER_3,0.4,0.6,True
8.07,8.07,AEROTWIN-4-001,IDLE,0.15,1149.6279363888782,166.5665995061566,23.83222178710321,1.8804151002861047,20.439654907179975,2.4287631224766333,-20.988002929370502,-0.2165126917136473,-0.2165126917136473,-0.30179480103980977,2.615235284753209,33.229872709428406,508.75978431832885,24.76593306156096,380.3643848406093,55.167289648512295,0.0010250998610124463,5.125499305062231,322.42705098312484,0.45062338109380023,CYLINDER,CYLINDER_3,0.4,0.6,True
8.08,8.08,AEROTWIN-4-001,IDLE,0.15,1154.6917507529722,235.5442756894893,23.784677408986337,33.10132837930108,20.087925256167047,2.4077751195472628,10.60562800358677,-1.3362925116913131,-0.21608075710956826,34.869782405211524,-0.21608075710956826,33.229777540999564,508.75848739739445,24.765697921243074,379.8733720351533,55.096074133234566,0.0010227094896903923,5.113547448451962,322.42705098312484,0.22922479270041513,CYLINDER,CYLINDER_3,0.4,0.6,True
8.09,8.09,AEROTWIN-4-001,IDLE,0.15,1152.2383209390175,304.82578073466766,23.80874672925474,17.54520861117018,20.265279250031757,2.418380747550849,-5.138451386412424,-1.3316890324552244,-0.21629942381070855,19.309496491246826,-0.21629942381070855,33.22985825072422,508.75939310563945,24.765465191180024,380.1215964557158,55.13207610674411,0.0010239168349963374,5.1195841749816875,322.42705098312484,0.17593819917983033,CYLINDER,CYLINDER_3,0.4,0.6,True
8.1,8.1,AEROTWIN-4-001,IDLE,0.15,1144.893562335052,373.9600799910087,23.797096380360976,7.209669334448622,20.179253486689618,2.413242296164437,-15.382826448405433,7.989986229672464,-0.39116844784221133,-0.17295486550294695,-0.21619358187868368,33.229853250759035,508.75922470125806,24.76523144828085,380.0013583948779,55.1146370188763,0.0010233317314316229,5.116658657158115,322.42705098312484,0.35653695062885843,CYLINDER,CYLINDER_3,0.4,0.6,True
8.11,8.11,AEROTWIN-4-001,IDLE,0.15,1156.0302016377648,442.6536937311118,23.762092189399077,45.645196858933765,19.92281457649623,2.3978594697160314,23.324522812721504,47.63954945983675,-1.6057765690104913,-0.1727004586188848,-0.215875573273606,33.22959555647354,508.7559127532988,24.764994477174127,379.6410986727684,55.06238566930099,0.0010215817246868398,5.107908623434199,322.42705098312484,0.44900471460350494,CYLINDER,CYLINDER_3,0.4,0.6,True
8.120000000000001,8.120000000000001,AEROTWIN-4-001,IDLE,0.15,1148.5203854647316,512.0155058293777,23.815093543799815,7.004948902327323,20.312287122472444,2.421183992528753,-15.728522212673875,8.155805123044532,-0.7614134698584835,-0.17308566704832237,-0.21635708381040297,33.22972472946552,508.7574564494539,24.764762675809195,380.18716991546853,55.14158675019973,0.0010242361460454227,5.121180730227113,322.42705098312484,0.36054168421064997,CYLINDER,CYLINDER_3,0.4,0.6,True
8.13,8.13,AEROTWIN-4-001,IDLE,0.15,1152.9304926093234,580.9267289572616,23.779400946310613,31.691200783147,20.04923850816885,2.405455470316079,9.236506804662072,-0.21603282111992983,33.14147235199547,-0.17282625689594386,-1.061412490832594,33.22959317711236,508.7557430605596,24.764527558945357,379.8190515940012,55.088195605090746,0.0010224455725611086,5.112227862805543,322.42705098312484,0.20460873072620483,CYLINDER,CYLINDER_3,0.4,0.6,True
8.14,8.14,AEROTWIN-4-001,IDLE,0.15,1157.5571361725517,650.102558513821,23.800385374104323,32.30821649471145,20.203504898246464,2.414691977120741,9.690019619344246,-0.21622346196685854,34.22030041583592,-0.17297876957348685,-1.5228816895841273,33.22961520765439,508.75596255230676,24.764294554060072,380.03528562980705,55.119557757175954,0.001023496776281456,5.1174838814072805,322.42705098312484,0.2151635595590539,CYLINDER,CYLINDER_3,0.4,0.6,True
8.15,8.15,AEROTWIN-4-001,IDLE,0.15,1146.6755392762473,719.5559866841741,23.82232641624075,0.0,20.36598124909694,2.4243819967400855,-22.790363245837025,-0.21642279353293734,0.01550275419304246,-0.17313823482634988,-0.01257862810859617,33.22979703473207,508.7581594040016,24.764063767345974,380.2619590378299,55.15243401492877,0.0010246005194377772,5.123002597188886,322.42705098312484,0.4832981227760988,CYLINDER,CYLINDER_3,0.4,0.6,True
8.16,8.16,AEROTWIN-4-001,IDLE,0.15,1158.1879299454617,68.35651904074894,23.770602345024173,46.49796709408549,19.984880826151066,2.4015916334942484,24.111494634440174,-0.2159528869507676,-0.2159528869507676,-1.20436517374361,48.13423804173063,33.229601190793055,508.7556377928771,24.763828127288793,379.7285468356638,55.075068975951005,0.001022006087780279,5.110030438901395,322.42705098312484,0.46382926832132165,CYLINDER,CYLINDER_3,0.4,0.6,True
8.17,8.17,AEROTWIN-4-001,IDLE,0.15,1154.1810791724201,137.84779483747664,23.825311996977028,14.421958075092956,20.3881835820431,2.4257031281286885,-8.391928635078834,-0.21644991715268688,-0.21644991715268688,-0.871560344614386,15.726418254012716,33.229805050680866,508.7581131037461,24.76359784046251,380.29284950245375,55.15691430613688,0.0010247510760433135,5.123755380216568,322.42705098312484,0.2309839909522123,CYLINDER,CYLINDER_3,0.4,0.6,True
8.18,8.18,AEROTWIN-4-001,IDLE,0.15,1150.507966636133,207.09865958782186,23.806323505191653,14.971720545913403,20.247358252958414,2.41731119949361,-7.6929489065386205,-0.7388967601492732,-0.21627740912952562,16.143172124321726,-0.21627740912952562,33.229867779878745,508.7588093100835,24.76336582552199,380.09657359957265,55.12844684173482,0.0010237950261083747,5.118975130541873,322.42705098312484,0.22091739623862994,CYLINDER,CYLINDER_3,0.4,0.6,True
8.19,8.19,AEROTWIN-4-001,IDLE,0.15,1155.045418691521,276.12913758598984,23.788866860470943,32.03152690622877,20.118691293493356,2.409618250587071,9.503217362148343,-1.6116257551342652,-0.21611881774133979,34.07539029684571,-0.21611881774133979,33.22980298967549,508.7579139201755,24.763132240615125,379.9165261381665,55.10233311802739,0.001022919230130243,5.114596150651215,322.42705098312484,0.21045473751047475,CYLINDER,CYLINDER_3,0.4,0.6,True
8.2,8.2,AEROTWIN-4-001,IDLE,0.15,1144.9367140273093,345.4318627074811,23.810424405150567,1.525195092425789,20.277695164740503,2.4191214679492195,-21.171621540263935,-0.40807410207483424,-0.21631466528199364,2.3658985250646105,-0.21631466528199364,33.22989562890208,508.75898553732463,24.76290083073602,380.1389248519539,55.13458938267769,0.001024001201042429,5.120006005212145,322.42705098312484,0.45632779769807463,CYLINDER,CYLINDER_3,0.4,0.6,True
8.21,8.21,AEROTWIN-4-001,IDLE,0.15,1153.8818847413224,414.1280655491197,23.762298400472826,41.05698798922724,19.92431640931832,2.3979498464089555,18.734721733499963,42.757555186490386,-1.31198779324836,-0.17270195733990332,-0.21587744667487915,33.22963891679601,508.75569806204606,24.7626649239985,379.64321660648704,55.062692850171665,0.0010215919992212017,5.107959996106009,322.42705098312484,0.36870866060884694,CYLINDER,CYLINDER_3,0.4,0.6,True
8.22,8.22,AEROTWIN-4-001,IDLE,0.15,1154.2338117764345,483.3609786335991,23.804903349149747,23.390621132957328,20.236862306076176,2.4166845681424554,0.7370742587386965,25.134614735663558,-1.354717489758416,-0.17301160575458377,-0.2162645071932297,33.22969327231767,508.7563264182412,24.762433193496268,380.0819120738389,55.126320363365444,0.00102372366555005,5.11861832775025,322.42705098312484,0.07355332740296962,CYLINDER,CYLINDER_3,0.4,0.6,True
8.23,8.23,AEROTWIN-4-001,IDLE,0.15,1146.3495890706515,552.6150073401851,23.806573773004,6.153952652355807,20.249208431123662,2.417421642401194,-16.512677421169048,-0.2162796827806432,6.897520341771831,-0.17302374622451455,-0.3542642604108666,33.22975914778673,508.75708989140367,24.76220172836629,380.0991575943761,55.12882161917312,0.0010238076037177577,5.119038018588789,322.42705098312484,0.3752342046184612,CYLINDER,CYLINDER_3,0.4,0.6,True
8.24,8.24,AEROTWIN-4-001,IDLE,0.15,1157.5959489901472,621.3959826844242,23.769046547249093,45.92875086851374,19.973520768390838,2.400908964980025,23.554321135142875,-0.2159387527266464,47.91875478659586,-0.17275100218131711,-1.6013141631741623,33.22955255111099,508.75445532514885,24.76196677615108,379.71255329244565,55.072749304429735,0.0010219284547834584,5.109642273917292,322.42705098312484,0.45388605885105926,CYLINDER,CYLINDER_3,0.4,0.6,True
8.25,8.25,AEROTWIN-4-001,IDLE,0.15,1150.3055442680688,690.851739623833,23.822510159900283,7.522822353850616,20.36734701212104,2.424463286115168,-15.268987944385593,-0.21642446282062133,8.702992289068941,-0.17313957025649707,-0.7906059021412065,33.22973646698508,508.75670649158735,24.761737060591763,380.26385982906197,55.15270970188749,0.0010246097827002704,5.123048913501353,322.42705098312484,0.3516530473950741,CYLINDER,CYLINDER_3,0.4,0.6,True
8.26,8.26,AEROTWIN-4-001,IDLE,0.15,1154.3390957522465,39.87007227991717,23.787903455118048,30.968657253246576,20.111612481363277,2.409194298170782,8.447850473712517,-0.2161100653267294,-0.2161100653267294,-0.8312226208769536,32.23210000477699,33.229666251343296,508.7557769196983,24.761504116652993,379.90660052354644,55.100893526734126,0.00102287098310364,5.114354915518201,322.42705098312484,0.19186567528570464,CYLINDER,CYLINDER_3,0.4,0.6,True
8.27,8.27,AEROTWIN-4-001,IDLE,0.15,1159.3744309634972,109.13041802505195,23.80707341916971,33.21652623559269,20.252902681596712,2.417642148644495,10.545981405351482,-0.21628422200225708,-0.21628422200225708,-1.2260396338944173,34.87513431349162,33.22973608628729,508.75659925202825,24.761273119064207,380.1043166326427,55.12956987576523,0.001023832716076895,5.119163580384475,322.42705098312484,0.2309817354871831,CYLINDER,CYLINDER_3,0.4,0.6,True
8.28,8.28,AEROTWIN-4-001,IDLE,0.15,1148.460460495217,178.6928838828618,23.830923967897466,0.0,20.42997816638037,2.4281881300498465,-22.858166296430216,-0.2165009011918863,-0.2165009011918863,-0.02963226327889404,0.07834166556117707,33.22997950181891,508.75955902685473,24.761044533642142,380.35094427093856,55.16534025516839,0.0010250343149715462,5.125171574857731,322.42705098312484,0.48350013765663746,CYLINDER,CYLINDER_3,0.4,0.6,True
8.290000000000001,8.290000000000001,AEROTWIN-4-001,IDLE,0.15,1155.1587422225487,247.60051151257483,23.77911533552264,36.481324800573454,20.047146392646486,2.4053299637534162,14.028848444173551,-1.4979796790760078,-0.21603022638239175,38.41136493241425,-0.21603022638239175,33.22984288287282,508.7577673913956,24.76081106082832,379.8161122424033,55.087769287413686,0.0010224312946647595,5.112156473323798,322.42705098312484,0.28843921375252257,CYLINDER,CYLINDER_3,0.4,0.6,True
8.3,8.3,AEROTWIN-4-001,IDLE,0.15,1149.8040874336505,316.91003604592777,23.810961878677436,11.486270367701097,20.281674320377928,2.4193588121975895,-11.21476276487442,-1.1083335387369257,-0.21631954816035331,13.027243002758729,-0.21631954816035331,33.22993896921012,508.7588912389918,24.760580751266872,380.14447705343,55.135394662875385,0.0010240282350758632,5.120141175379317,322.42705098312484,0.28202159188779835,CYLINDER,CYLINDER_3,0.4,0.6,True
8.31,8.31,AEROTWIN-4-001,IDLE,0.15,1147.603759103302,385.8982812919468,23.785516208170208,17.893868818858987,20.094081648165048,2.4081440494327153,-4.6083568787387765,18.990692588847388,-0.7078646905009245,-0.17287070199443555,-0.21608837749304444,33.22984908597741,508.7576921383457,24.760348099125313,379.88201049461946,55.09732703811862,0.0010227514695754075,5.113757347877038,322.42705098312484,0.1692921897963643,CYLINDER,CYLINDER_3,0.4,0.6,True
8.32,8.32,AEROTWIN-4-001,IDLE,0.15,1156.5946974017781,454.7545068381449,23.77503079219128,41.251361785746326,20.0172489549449,2.4035356925539766,18.83057713824745,43.25452352541178,-1.6143741257754183,-0.1727944950622371,-0.21599311882779637,33.2296845358008,508.7555800173599,24.760114549297658,379.7740872290467,55.08167406352648,0.001022227192057895,5.1111359602894755,322.42705098312484,0.37196225427996465,CYLINDER,CYLINDER_3,0.4,0.6,True
8.33,8.33,AEROTWIN-4-001,IDLE,0.15,1146.9398639172207,524.1501886822516,23.817768438182952,2.5334594690531733,20.33212916384018,2.422366269692224,-20.221035964479228,3.366176184795683,-0.44323022295075737,-0.17310510790744552,-0.2163813848843069,33.22983219823285,508.7573739586695,24.75988521254159,380.2148211700229,55.14559723285778,0.0010243708401044228,5.121854200522114,322.42705098312484,0.43885554525435777,CYLINDER,CYLINDER_3,0.4,0.6,True
8.34,8.34,AEROTWIN-4-001,IDLE,0.15,1155.539181667328,592.9665805172848,23.771863721787987,40.40660968686163,19.99409547338599,2.4021452337277447,18.010368979747895,-0.21596434639759707,42.08835269054945,-0.17277147711807767,-1.293007180172147,33.22964502374354,508.7549852656673,24.75965156846598,379.74151590234743,55.07694998344466,0.001022069046640461,5.110345233202305,322.42705098312484,0.35721586318196163,CYLINDER,CYLINDER_3,0.4,0.6,True
8.35,8.35,AEROTWIN-4-001,IDLE,0.15,1156.2061684847333,662.2989314173244,23.81276590466237,24.11212516110391,20.29503563466156,2.4201556027074926,1.3969339237348595,-0.21633593750606392,25.87299985158172,-0.17306875000485114,-1.3714700029668945,33.22975661658981,508.75634171188307,24.75942195702927,380.1631156022773,55.138097960723094,0.001024118995411619,5.120594977058095,322.42705098312484,0.07158904168611552,CYLINDER,CYLINDER_3,0.4,0.6,True
8.36,8.36,AEROTWIN-4-001,IDLE,0.15,1147.9570827600994,11.671301526408456,23.815927492982922,5.4631791184959875,20.318471322759684,2.4215525366312276,-17.276844740894926,-0.2163646601322415,-0.2163646601322415,-0.26261926250708206,6.158527701267553,33.2298899715112,508.7579500984366,24.75919275521152,380.1957897632793,55.142836955686505,0.0010242781319055596,5.1213906595277985,322.42705098312484,0.38754223170505786,CYLINDER,CYLINDER_3,0.4,0.6,True
8.370000000000001,8.370000000000001,AEROTWIN-4-001,IDLE,0.15,1159.3903457885533,80.54872649201444,23.776715666835482,46.37962243611709,20.029576653060065,2.4042756918903327,23.94577009116669,-0.21600842569879125,-0.21600842569879125,-1.2784574553571224,48.09009674287179,33.22973709072269,508.75598295287284,24.758959885334342,379.79142008576036,55.08418798639851,0.001022311364764069,5.111556823820345,322.42705098312484,0.4616872618974372,CYLINDER,CYLINDER_3,0.4,0.6,True
8.38,8.38,AEROTWIN-4-001,IDLE,0.15,1152.2860421850762,150.1121472393276,23.830999208878154,7.979541847046249,20.430539058101527,2.428221461981499,-14.879218673036776,-0.21650158474658807,-0.21650158474658807,-0.6473015540435165,9.059846570582941,33.22998104662561,508.75896495581753,24.758732355417617,380.3517234292746,55.165453262735134,0.0010250381145423524,5.125190572711762,322.42705098312484,0.34385992392072406,CYLINDER,CYLINDER_3,0.4,0.6,True
8.39,8.39,AEROTWIN-4-001,IDLE,0.15,1152.9085931336379,219.24930977043218,23.797323191744816,23.89813491522922,20.180925014263128,2.4133422433084624,1.303867657657631,-1.0258958856959473,-0.2161956424311435,25.356422085787454,-0.2161956424311435,33.22997624163494,508.7588277071443,24.75850166914792,380.00369761292416,55.1149762943833,0.0010233431096411743,5.116715548205872,322.42705098312484,0.06802252911625727,CYLINDER,CYLINDER_3,0.4,0.6,True
8.4,8.4,AEROTWIN-4-001,IDLE,0.15,1154.663618400301,288.4238253584505,23.80028134019682,26.293099823812927,20.202737389771194,2.41464611096612,3.675716323075613,-1.5385497076572325,-0.21622251683209331,28.264094565134346,-0.21622251683209331,33.22999298435769,508.7589606972372,24.75827137177431,380.0342122754854,55.11940208001185,0.001023491554136689,5.117457770683446,322.42705098312484,0.10990022008517641,CYLINDER,CYLINDER_3,0.4,0.6,True
8.41,8.41,AEROTWIN-4-001,IDLE,0.15,1143.8334681595654,357.70364246246857,23.80861326036207,0.0,20.264291795089726,2.418321827289196,-22.682613622378923,-0.06500021461129976,-0.21629821126286175,0.14584170586900064,-0.21629821126286175,33.230070169514896,508.7598425162636,24.75804198237387,380.1202180308754,55.131876182762106,0.0010239101243750802,5.119550621875401,322.42705098312484,0.4829762186480579,CYLINDER,CYLINDER_3,0.4,0.6,True
8.42,8.42,AEROTWIN-4-001,IDLE,0.15,1155.077499968518,426.3336505520425,23.757024203998625,45.83102165922148,19.88593729373154,2.3956392136668168,23.54944515182312,47.70209940246229,-1.4825845869487018,-0.17266362501871374,-0.21582953127339216,33.22977356588178,508.75606079685394,24.757807752313703,379.58906303956525,55.05483852513247,0.0010213293397121753,5.106646698560877,322.42705098312484,0.4523156289710767,CYLINDER,CYLINDER_3,0.4,0.6,True
8.43,8.43,AEROTWIN-4-001,IDLE,0.15,1151.660114762668,495.6383005501536,23.810576565586604,15.540655423200736,20.278821602505072,2.41918865881864,-7.157354838122977,17.06436226847199,-1.1343379595190304,-0.17305283811210012,-0.21631604764012516,33.22986766335317,508.7571924912048,24.757578762128503,380.1404966611333,55.13481735473745,0.0010240088541732223,5.120044270866111,322.42705098312484,0.2110608122072652,CYLINDER,CYLINDER_3,0.4,0.6,True
8.44,8.44,AEROTWIN-4-001,IDLE,0.15,1148.905420317821,564.7379074359137,23.794347621532136,16.801618964541458,20.159006214438474,2.412031303980517,-5.769418553877533,-0.21616860975572258,17.869169902788393,-0.17293488780457808,-0.6784474406866341,33.229842601568976,508.7568312995373,24.757348309353997,379.97301412640286,55.110526022865216,0.0010231938773591718,5.115969386795859,322.42705098312484,0.18861341704756335,CYLINDER,CYLINDER_3,0.4,0.6,True
8.45,8.45,AEROTWIN-4-001,IDLE,0.15,1158.1240096279755,633.672232654983,23.781235774193814,41.77631373284413,20.06268354525539,2.4062618854266398,19.3073683021621,-0.21604949029695292,43.78224700676888,-0.17283959223756235,-1.6170441913902296,33.22972291084976,508.7552985543279,24.757116701088115,379.8379370265463,55.09093471045622,0.0010225373159013942,5.112686579506971,322.42705098312484,0.38107692956008254,CYLINDER,CYLINDER_3,0.4,0.6,True
8.46,8.46,AEROTWIN-4-001,IDLE,0.15,1148.5863784434282,703.1596732326615,23.825009522579833,2.8359344114391147,20.385933199058528,2.425569253728802,-19.975568041348215,-0.21644716921141238,3.6958338640622426,-0.1731577353691299,-0.4702945480425856,33.22992310924581,508.75775495173883,24.75688942330426,380.28971942772904,55.15646032635897,0.0010247358188746438,5.1236790943732196,322.42705098312484,0.43373229879202513,CYLINDER,CYLINDER_3,0.4,0.6,True
8.47,8.47,AEROTWIN-4-001,IDLE,0.15,1157.0088096599043,52.074855939267195,23.779715463427035,40.097034973564426,20.051542597846034,2.405593685687453,17.63989869003094,-0.2160356784677707,-0.2160356784677707,-1.0224723658316028,41.55157869633157,33.22979148830283,508.7560623829925,24.756657875656458,379.82228854918566,55.08866508659679,0.0010224612964243615,5.112306482121808,322.42705098312484,0.3517071812487813,CYLINDER,CYLINDER_3,0.4,0.6,True
8.48,8.48,AEROTWIN-4-001,IDLE,0.15,1158.0233404261562,121.49538451886146,23.81973001744066,24.894753232879275,20.346691380436404,2.4232335843774844,2.1248282680653863,-0.216399205581382,-0.216399205581382,-1.107118571207346,26.434670215249383,33.22995222494248,508.7580217418434,24.75643029243416,380.2351043241783,55.14853906097017,0.0010244696601352595,5.122348300676298,322.42705098312484,0.08520477629830592,CYLINDER,CYLINDER_3,0.4,0.6,True
8.49,8.49,AEROTWIN-4-001,IDLE,0.15,1148.9298099505183,190.97678494443085,23.82453312126,3.762302005230822,20.382389284224224,2.42535841264555,-19.045445691638953,-0.3090986311923698,-0.21644284116625512,4.504286318755702,-0.21644284116625512,33.2301462106938,508.7603669156228,24.75620327904385,380.2847897494233,55.155745335676855,0.0010247117904616685,5.123558952308343,322.42705098312484,0.41750967379955245,CYLINDER,CYLINDER_3,0.4,0.6,True
8.5,8.5,AEROTWIN-4-001,IDLE,0.15,1155.6458797090977,259.91257354146194,23.78135198185213,36.53595193558784,20.063535358934296,2.4063129669539105,14.066103609699633,-1.5953306925428898,-0.21605054602868975,38.56338372018811,-0.21605054602868975,33.230023777959964,508.758756232711,24.755972196770273,379.8391332620134,55.09110821005589,0.0010225431275107672,5.112715637553836,322.42705098312484,0.289369250719268,CYLINDER,CYLINDER_3,0.4,0.6,True
8.51,8.51,AEROTWIN-4-001,IDLE,0.15,1147.8135651306056,329.2513263240078,23.813271770118245,6.315201515662468,20.298783738695494,2.42037907056361,-16.403961293596634,-0.829568362017339,-0.21634053322913474,7.577450944138076,-0.21634053322913474,33.23013457373831,508.76006413248285,24.755744296885887,380.168342749064,55.138856095638744,0.0010241444511990346,5.120722255995173,322.42705098312484,0.3725695037299795,CYLINDER,CYLINDER_3,0.4,0.6,True
8.52,8.52,AEROTWIN-4-001,IDLE,0.15,1151.0781675765238,398.1201402318441,23.77603133548345,29.26591125281645,20.024568769554566,2.4039751092700135,6.837367373991872,30.654771631400404,-1.0000564030394385,-0.17280176690867421,-0.21600220863584277,33.229973873579574,508.7579826285125,24.755512910911598,379.78437972774987,55.083166866953384,0.001022277173718935,5.111385868594675,322.42705098312484,0.16220525749575,CYLINDER,CYLINDER_3,0.4,0.6,True
8.53,8.53,AEROTWIN-4-001,IDLE,0.15,1156.6340172389223,467.18483028643556,23.791579887693377,34.18559500268859,20.13863820348443,2.4108124766440056,11.636144322560158,36.12335891927142,-1.5487056791378284,-0.17291477219777548,-0.21614346524721936,33.22992748646334,508.7573522774753,24.755283122276154,379.9444835957822,55.106388011765056,0.001023055146347926,5.115275731739629,322.42705098312484,0.24811952101696313,CYLINDER,CYLINDER_3,0.4,0.6,True
8.540000000000001,8.540000000000001,AEROTWIN-4-001,IDLE,0.15,1145.7688465684023,536.5828713207709,23.81795471554154,0.0,20.333511618037058,2.422448620966566,-22.755960239003624,0.33121185533626285,-0.09673101971819885,-0.17310646175225855,-0.2163830771903232,33.23007362897211,508.75911876364086,24.755055988379556,380.2167471119461,55.145876567622444,0.00102438022271353,5.121901113567651,322.42705098312484,0.4831954595607636,CYLINDER,CYLINDER_3,0.4,0.6,True
8.55,8.55,AEROTWIN-4-001,IDLE,0.15,1156.875497267426,605.329002114875,23.76627366811649,45.614696149270834,19.953288660515803,2.399692660727562,23.26171482802747,-0.21591356147380564,47.47487716356263,-0.1727308491790445,-1.4715366036389472,33.22984338483673,508.7561845859363,24.754823978058415,379.68405548857976,55.06861603995263,0.0010217901485886406,5.108950742943203,322.42705098312484,0.4484223270908135,CYLINDER,CYLINDER_3,0.4,0.6,True
8.56,8.56,AEROTWIN-4-001,IDLE,0.15,1153.6867613959039,674.7415319509206,23.819098605342248,16.086484477787184,20.34200289437308,2.4229543755555896,-6.678472792141486,-0.21639346928309525,17.628757657603117,-0.17311477542647621,-1.1527649351063622,33.22999888808057,508.7580837558311,24.75459716298145,380.2285748623723,55.14759204088875,0.0010244378468406824,5.122189234203412,322.42705098312484,0.20170884008336976,CYLINDER,CYLINDER_3,0.4,0.6,True
8.57,8.57,AEROTWIN-4-001,IDLE,0.15,1150.5925208665033,23.962737634674795,23.803977006765873,16.165732402984535,20.23001871062397,2.416275902763448,-6.4805622104028835,-0.21625609149096023,-0.21625609149096023,-0.5269846495127858,17.125229235479242,33.23004224031621,508.7585688453907,24.754368983770732,380.072349969043,55.12493349481006,0.0010236771290109362,5.118385645054682,322.42705098312484,0.19996715579172653,CYLINDER,CYLINDER_3,0.4,0.6,True
8.58,8.58,AEROTWIN-4-001,IDLE,0.15,1160.069897154009,92.998288886665,23.78926924355799,42.38081438695383,20.12164856631179,2.4097953405530452,19.849370480088993,-0.21612247334030382,-0.21612247334030382,-1.294959736217621,44.10801906985206,33.22997830393267,508.7577157046273,24.754139487713033,379.9206720820106,55.10293443743065,0.001022939384026675,5.114696920133376,322.42705098312484,0.39156260918176106,CYLINDER,CYLINDER_3,0.4,0.6,True
8.59,8.59,AEROTWIN-4-001,IDLE,0.15,1150.607298196195,162.60248271590552,23.834211110279348,3.065719704591255,20.45449590671469,2.429644711033134,-19.81842091315657,-0.21653076446067865,-0.21653076446067865,-0.388455468117128,3.8872367016297407,33.23024298133976,508.7609456250776,24.753914455877187,380.3849909239286,55.17027831362476,0.0010252003637556454,5.126001818778227,322.42705098312484,0.4299273200030058,CYLINDER,CYLINDER_3,0.4,0.6,True
8.6,8.6,AEROTWIN-4-001,IDLE,0.15,1154.8081270510736,231.63892060767722,23.789339564447538,31.330187093507718,20.12216542373758,2.4098262901199776,8.79819537965016,-1.2709906587178141,-0.21612311219660585,33.03342397661874,-0.21612311219660585,33.23017718340131,508.76003939796334,24.75368517122105,379.9213966519094,55.103039527599634,0.0010229429063049885,5.1147145315249425,322.42705098312484,0.19817581732584721,CYLINDER,CYLINDER_3,0.4,0.6,True
8.61,8.61,AEROTWIN-4-001,IDLE,0.15,1153.3470598978092,300.92740823074166,23.809298826038095,19.627936947874165,20.269364352439144,2.4186244854996275,-3.0600518900646065,-1.3916256752199676,-0.2163044395394861,21.4521715021731,-0.2163044395394861,33.230257183420406,508.76095618175043,24.753457919224022,380.12729857293596,55.13290313042148,0.0010239445954792405,5.1197229773962025,322.42705098312484,0.139503406055255,CYLINDER,CYLINDER_3,0.4,0.6,True
8.620000000000001,8.620000000000001,AEROTWIN-4-001,IDLE,0.15,1144.6041437249169,370.1282318246102,23.80236396347307,4.322550682035804,20.218107061566027,2.4155644336095627,-18.311120813139787,4.996983625415525,-0.2851983564222037,-0.17299314975889632,-0.2162414371986204,33.23028574406705,508.76122387430576,24.753230097918447,380.05570197692407,55.122518903329116,0.0010235961148788715,5.117980574394357,322.42705098312484,0.4071850112893349,CYLINDER,CYLINDER_3,0.4,0.6,True
8.63,8.63,AEROTWIN-4-001,IDLE,0.15,1156.0787801674812,438.8044804481052,23.760708961005257,46.34241891924309,19.912743239397017,2.397253312796423,24.032422367049648,48.319136387414545,-1.5881640558949546,-0.17269040545622205,-0.21586300682027756,33.230013033731666,508.75773791047305,24.752998374898905,379.6268932683371,55.06032534585307,0.0010215128154989616,5.107564077494808,322.42705098312484,0.4612221934018018,CYLINDER,CYLINDER_3,0.4,0.6,True
8.64,8.64,AEROTWIN-4-001,IDLE,0.15,1149.4083475720713,508.1692072581541,23.81532378004014,8.764758654668427,20.313994278175695,2.4212857351634725,-13.97052135867074,10.010034142331971,-0.8558289718045016,-0.17308734038179727,-0.2163591754772466,33.230138938645496,508.7592567970687,24.75277201827768,380.1895495918351,55.14193189370058,0.0010242477367935414,5.121238683967707,322.42705098312484,0.32975041801180327,CYLINDER,CYLINDER_3,0.4,0.6,True
8.65,8.65,AEROTWIN-4-001,IDLE,0.15,1152.230778912532,577.1337081124783,23.783631613817725,28.398853646411897,20.08025205630464,2.4073152138048015,5.911286376302455,-0.21607125619400275,29.766061453400535,-0.1728570049552022,-0.9782795458394341,33.230033066234896,508.7578789546729,24.752542698139937,379.8626030136267,55.09451221589039,0.0010226571597579477,5.113285798789739,322.42705098312484,0.14694360454348,CYLINDER,CYLINDER_3,0.4,0.6,True
8.66,8.66,AEROTWIN-4-001,IDLE,0.15,1158.047651455636,646.2675548472303,23.797060533590894,34.775045184879524,20.17898931917602,2.413226500181104,12.182829365522402,-0.21619325621535493,36.720726236268106,-0.17295460497228393,-1.5565331902009458,33.23002573893583,508.7577451717686,24.752314776538633,380.0009886952046,55.11458339837509,0.0010233299331902934,5.116649665951467,322.42705098312484,0.25837149590212305,CYLINDER,CYLINDER_3,0.4,0.6,True
8.67,8.67,AEROTWIN-4-001,IDLE,0.15,1147.1573211667567,715.7504139345684,23.82464817269415,0.0,20.383245090926547,2.4254093295466266,-22.808654420473175,-0.21644388639384304,0.45969056977293765,-0.17315510911507442,-0.1202907767154249,33.23021969465908,508.7601076788125,24.752089637363255,380.28598024604656,55.1559180029261,0.0010247175931436272,5.123587965718136,322.42705098312484,0.48335266175327307,CYLINDER,CYLINDER_3,0.4,0.6,True
8.68,8.68,AEROTWIN-4-001,IDLE,0.15,1158.2721552826226,64.57985320457385,23.772901259156697,45.68313267557247,20.001677864264188,2.4026006751261533,23.278854136182133,-0.21597377229210493,-0.21597377229210493,-1.170384866504257,47.285465086660935,33.23003542915038,508.7577438387708,24.75185959286848,379.75218497616066,55.07849740457239,0.0010221208446137228,5.110604223068614,322.42705098312484,0.4495429671689882,CYLINDER,CYLINDER_3,0.4,0.6,True
8.69,8.69,AEROTWIN-4-001,IDLE,0.15,1155.3448047645813,134.07618252153122,23.825710533823454,16.685999955850036,20.391149014561886,2.4258795292623354,-6.1310285879741855,-0.21645353780904603,-0.21645353780904603,-0.9330214882242758,18.051928519692403,33.23023705314963,508.7602025950655,24.751634763460018,380.2969738284473,55.15751249013034,0.0010247711800994035,5.123855900497018,322.42705098312484,0.19137262147008238,CYLINDER,CYLINDER_3,0.4,0.6,True
8.700000000000001,8.700000000000001,AEROTWIN-4-001,IDLE,0.15,1150.323125951027,203.3968708074061,23.811844242286544,12.190577412352123,20.288208424577316,2.4197485006743613,-10.517379512899554,-0.6442739457146197,-0.21632756432106992,13.267506486708882,-0.21632756432106992,33.23033490499693,508.76134530365937,24.75140868477654,380.1535928119846,55.13671679426462,0.0010240726226805278,5.1203631134026395,322.42705098312484,0.2697169240287076,CYLINDER,CYLINDER_3,0.4,0.6,True
8.71,8.71,AEROTWIN-4-001,IDLE,0.15,1155.5374388706189,272.4162583644677,23.787987138791813,33.442289834574375,20.112227272274147,2.409231121161462,10.920831441138766,-1.619390122451047,-0.2161108255822197,35.49390160818986,-0.2161108255822197,33.23025822873581,508.76030729647545,24.751180397731392,379.9074626407871,55.10101856649448,0.001022875173595534,5.114375867977669,322.42705098312484,0.23515327628759577,CYLINDER,CYLINDER_3,0.4,0.6,True
8.72,8.72,AEROTWIN-4-001,IDLE,0.15,1145.839812003484,341.7485046967048,23.81275764156594,2.4044641535612663,20.294974416322614,2.4201519526026005,-20.310662215363948,-0.5081544305065703,-0.21633586243688796,3.3452903089416126,-0.21633586243688796,33.23036249375511,508.76152994500814,24.750954613158843,380.1630302217065,55.13808557729587,0.0010241185796231213,5.120592898115606,322.42705098312484,0.4409953414192451,CYLINDER,CYLINDER_3,0.4,0.6,True
8.73,8.73,AEROTWIN-4-001,IDLE,0.15,1153.7245066474825,410.4988934169138,23.766612571534466,38.86926756564338,19.955760428999504,2.3998412903872364,16.513665846256643,40.50744703173058,-1.2495295134246505,-0.1727333122944657,-0.2159166403680821,33.230131286093396,508.7585659015273,24.750724475143766,379.6875380113942,55.0691211380966,0.0010218070484847965,5.109035242423983,322.42705098312484,0.3303733873941164,CYLINDER,CYLINDER_3,0.4,0.6,True
8.74,8.74,AEROTWIN-4-001,IDLE,0.15,1155.2509002280729,479.7223638157627,23.80415621171969,25.84456866193768,20.231342466191585,2.416354956233493,3.196871239512601,27.642380814873107,-1.408548257754278,-0.17300617563606585,-0.21625771954508233,33.23017437529703,508.7590551139809,24.750498060789692,380.0741997168194,55.12520177852805,0.0010236861310488979,5.11843065524449,322.42705098312484,0.10200615955929207,CYLINDER,CYLINDER_3,0.4,0.6,True
8.75,8.75,AEROTWIN-4-001,IDLE,0.15,1146.1198498819167,549.0374178294471,23.811398934458122,3.5804352765718575,20.284910573793887,2.419551827473006,-19.124027124695033,-0.21632351875631167,4.224667464616393,-0.17305881500504933,-0.25484985428317397,33.23026972158488,508.76018626480055,24.750272452325436,380.1489921855287,55.13604952860471,0.0010240502203588326,5.120251101794163,322.42705098312484,0.4203839616760028,CYLINDER,CYLINDER_3,0.4,0.6,True
8.76,8.76,AEROTWIN-4-001,IDLE,0.15,1157.6312969333192,617.8046088223621,23.767949750604956,46.47546193579813,19.965515809533624,2.4004278003483104,24.109518325916195,-0.21592878846918834,48.44705300299708,-0.17274303077535066,-1.5829192479544085,33.23004922219313,508.7573758295585,24.750042748556584,379.7012800313996,55.07111425319414,0.0010218737396502427,5.109368698251214,322.42705098312484,0.46346624744855414,CYLINDER,CYLINDER_3,0.4,0.6,True
8.77,8.77,AEROTWIN-4-001,IDLE,0.15,1151.1437025731364,687.2624866383612,23.822677495884477,9.205542355810023,20.368590891416492,2.424537318674227,-13.587585854280697,-0.21642598304666996,10.472918577136387,-0.173140786437336,-0.8778094518423577,33.230228468110056,508.75956913250525,24.749818445344832,380.2655909229163,55.152960776277936,0.0010246182190758824,5.1230910953794115,322.42705098312484,0.32220937784484804,CYLINDER,CYLINDER_3,0.4,0.6,True
8.78,8.78,AEROTWIN-4-001,IDLE,0.15,1153.6665556764474,36.33110879274943,23.791891631025702,27.83573231460136,20.140931398149533,2.410949732819946,5.28385118363188,-0.2161462973955859,-0.2161462973955859,-0.768336113518246,29.036361022910775,33.23018133262934,508.7589272052954,24.749591251410273,379.9476966572775,55.10685402777821,0.0010230707685542878,5.115353842771439,322.42705098312484,0.13699331592959996,CYLINDER,CYLINDER_3,0.4,0.6,True
8.790000000000001,8.790000000000001,AEROTWIN-4-001,IDLE,0.15,1159.8059286610285,105.55110213333627,23.803881073031103,35.50381639267261,20.22931009799738,2.416233584003578,12.858272710671653,-0.21625521994522998,-0.21625521994522998,-1.2500309297166514,37.18635776227973,33.23022182733343,508.75938254902434,24.74936532169616,380.07135976045214,55.12478987693646,0.001023672310082219,5.118361550411095,322.42705098312484,0.2710461724409063,CYLINDER,CYLINDER_3,0.4,0.6,True
8.8,8.8,AEROTWIN-4-001,IDLE,0.15,1148.8936344602062,175.13945785299796,23.832963655901555,0.019624642190544467,20.445188315551743,2.42909185671425,-22.85465553007545,-0.21651943149694833,-0.21651943149694833,-0.1100751234008863,0.5627386285853274,33.230474445796865,508.7624576690106,24.74914233192015,380.3720687870587,55.16840411273742,0.0010251373364252333,5.125686682126167,322.42705098312484,0.48320465468472557,CYLINDER,CYLINDER_3,0.4,0.6,True
8.81,8.81,AEROTWIN-4-001,IDLE,0.15,1155.2756551608152,244.07307592061034,23.78117961815131,35.834982027787866,20.06227192787658,2.406237201184174,13.366472898727112,-1.4572812990778672,-0.21604898012647752,37.7243612871187,-0.21604898012647752,33.230346895938034,508.7607792134826,24.748914407936102,379.8373589651439,55.09085086958654,0.0010225345075537055,5.112672537768527,322.42705098312484,0.2771042758417399,CYLINDER,CYLINDER_3,0.4,0.6,True
8.82,8.82,AEROTWIN-4-001,IDLE,0.15,1150.722406018209,313.38961523025927,23.811516328667054,13.169080890669752,20.28577992083692,2.4196036740829014,-9.536302704250069,-1.1790217608441351,-0.21632458526770929,14.780751822049307,-0.21632458526770929,33.23044105422637,508.7618778710716,24.74868952632074,380.15020500105817,55.136225432943476,0.0010240561259779414,5.120280629889707,322.42705098312484,0.252585418198511,CYLINDER,CYLINDER_3,0.4,0.6,True
8.83,8.83,AEROTWIN-4-001,IDLE,0.15,1146.9504157043407,382.43295959135185,23.78988730176164,14.636221037072074,20.126191705333564,2.410067371378651,-7.900038039640141,15.643813688541764,-0.6185620924933978,-0.17290247065612954,-0.21612808832016192,33.23037688408846,508.7609976697312,24.748462646911754,379.92704061622715,55.103858116896355,0.0010229703433795874,5.114851716897936,322.42705098312484,0.22640338888568787,CYLINDER,CYLINDER_3,0.4,0.6,True
8.84,8.84,AEROTWIN-4-001,IDLE,0.15,1156.7084622554528,451.2499845336123,23.7719140705834,42.83383560326922,19.994463364356054,2.402167333339011,20.437204905574156,44.841922834927566,-1.6193505848003853,-0.17277184304797935,-0.2159648038099742,33.23018365577718,508.7585229061469,24.748234136180727,379.7420336125026,55.077025071090155,0.001022071560010601,5.110357800053006,322.42705098312484,0.399691731998545,CYLINDER,CYLINDER_3,0.4,0.6,True
8.85,8.85,AEROTWIN-4-001,IDLE,0.15,1147.5847534196346,520.6524922689395,23.818307383173554,3.650082611171122,20.336129174326093,2.422604538244585,-19.108651101399555,4.57723861221093,-0.5376606950044999,-0.17310902490458133,-0.21638628113072667,33.23032933779301,508.76029203160266,24.748010224354946,380.2203934995844,55.146405432392726,0.001024397987176925,5.121989935884626,322.42705098312484,0.4193272943262063,CYLINDER,CYLINDER_3,0.4,0.6,True
8.86,8.86,AEROTWIN-4-001,IDLE,0.15,1155.1322043172026,589.5075774741175,23.77494014837931,38.22742602407959,20.01658594151673,2.4034958871431855,15.807344195419676,-0.21599229534033929,39.84816500717634,-0.17279383627227143,-1.2319528514841414,33.23015847410301,508.75810676799244,24.747782207987928,379.7731548446102,55.08153883235257,0.0010222226644699642,5.111113322349822,322.42705098312484,0.31904443057513693,CYLINDER,CYLINDER_3,0.4,0.6,True
8.870000000000001,8.870000000000001,AEROTWIN-4-001,IDLE,0.15,1156.9307195537194,658.8155097331496,23.810836018132434,26.466847187977674,20.280742453698164,2.419303231338605,3.7668015029409054,-0.2163184047333736,28.2777181639496,-0.17305472378669887,-1.4214978474518531,33.23024990326233,508.7592107577857,24.74755777154887,380.1431768584142,55.13520608519068,0.0010240219042426612,5.120109521213306,322.42705098312484,0.11281893517985153,CYLINDER,CYLINDER_3,0.4,0.6,True
8.88,8.88,AEROTWIN-4-001,IDLE,0.15,1147.5219355084037,8.231352906372763,23.819360164171805,3.061303759606314,20.343944950749638,2.423070032841546,-19.70571122398487,-0.21639584551166238,-0.21639584551166238,-0.18588904632041683,3.6799844969500555,33.23040249659287,508.7610579400784,24.747334268481687,380.2312795939898,55.14798432975309,0.0010244510248371393,5.122255124185696,322.42705098312484,0.42965564450659505,CYLINDER,CYLINDER_3,0.4,0.6,True
8.89,8.89,AEROTWIN-4-001,IDLE,0.15,1159.1781117971443,77.08266903687698,23.774640541836067,46.83039746968765,20.014394616299988,2.403364321617561,24.4126385317701,-0.21598957345315176,-0.21598957345315176,-1.2631419558739572,48.5255185724679,33.230228610963124,508.7588266067943,24.74710652688895,379.7700730896252,55.081091860773064,0.0010222076999237325,5.111038499618663,322.42705098312484,0.4695999085942143,CYLINDER,CYLINDER_3,0.4,0.6,True
8.9,8.9,AEROTWIN-4-001,IDLE,0.15,1152.8765259635275,146.63335574470563,23.829995750604766,9.652826307835563,20.423059854923626,2.427776960149331,-13.198010507237393,-0.2164924684563095,-0.2164924684563095,-0.7144181646429568,10.800229409391138,33.230459361792946,508.7616465609661,24.74688426961517,380.34133269715306,55.16394621172969,0.0010249874458369017,5.124937229184509,322.42705098312484,0.3145538598795173,CYLINDER,CYLINDER_3,0.4,0.6,True
8.91,8.91,AEROTWIN-4-001,IDLE,0.15,1152.3270116613542,215.80594730251727,23.800129001397384,21.465292448025043,20.201613561549593,2.414578949642094,-1.150900063166644,-0.9487381034554062,-0.21622113285355316,22.846472817187557,-0.21622113285355316,33.230469282197106,508.76169533664057,24.74665919653141,380.0326405667729,55.11917412252361,0.0010234839074437683,5.117419537218842,322.42705098312484,0.10713463091811065,CYLINDER,CYLINDER_3,0.4,0.6,True
8.92,8.92,AEROTWIN-4-001,IDLE,0.15,1154.929665430046,284.9455680021985,23.7975179066491,28.046773459415128,20.1823601034629,2.413428049578927,5.450985306373299,-1.5666279613813239,-0.2161974113911851,30.045796243578824,-0.2161974113911851,33.230460117819526,508.7615073867937,24.74643397129008,380.0057058547142,55.11526756575604,0.0010233528781021367,5.116764390510684,322.42705098312484,0.14062145227713266,CYLINDER,CYLINDER_3,0.4,0.6,True
8.93,8.93,AEROTWIN-4-001,IDLE,0.15,1144.0947899543573,354.2413479280013,23.80987536108516,0.0,20.273631096437477,2.4188790348853,-22.692510131322777,-0.16278110238522467,-0.21630967728676886,0.5804189758192665,-0.21630967728676886,33.23054096881315,508.76243955873673,24.74621005017032,380.1332534951781,55.13376682043364,0.0010239735879661817,5.119867939830908,322.42705098312484,0.4830058294160151,CYLINDER,CYLINDER_3,0.4,0.6,True
8.94,8.94,AEROTWIN-4-001,IDLE,0.15,1154.8938707429031,422.88703532526273,23.758273871478803,44.9087531084275,19.895024669794463,2.3961865247539773,22.61754191387906,46.738182190892445,-1.4409154906477724,-0.17267270747430005,-0.21584088434287504,33.23024778992363,508.75870490832017,24.74598123996024,379.6018911397632,55.056699087128976,0.0010213915499532023,5.1069577497660115,322.42705098312484,0.4361613811984475,CYLINDER,CYLINDER_3,0.4,0.6,True
8.950000000000001,8.950000000000001,AEROTWIN-4-001,IDLE,0.15,1152.4900227946086,492.18066756983694,23.8097055691719,17.656571133161066,20.272374436298843,2.4188040666678563,-5.034607369805634,19.248108854604016,-1.2021830788948964,-0.17304650779913458,-0.21630813474891825,33.230329918488714,508.75969180164486,24.745757506751243,380.1314997035128,55.133512453998094,0.0010239650492211896,5.119825246105949,322.42705098312484,0.1740118508262654,CYLINDER,CYLINDER_3,0.4,0.6,True
8.96,8.96,AEROTWIN-4-001,IDLE,0.15,1148.201639607161,561.3300689375135,23.798292588144456,13.620271318469879,20.18807060414761,2.4137694592980505,-8.981568744975784,-0.21620444927364854,14.599256091984248,-0.17296355941891883,-0.5898167648218013,33.23032802803035,508.75962380208716,24.74553276325284,380.0136961930135,55.11642646844229,0.0010233917460160643,5.116958730080322,322.42705098312484,0.24437945286389023,CYLINDER,CYLINDER_3,0.4,0.6,True
8.97,8.97,AEROTWIN-4-001,IDLE,0.15,1158.1442090144544,630.2221673139431,23.777881613496117,43.266568189371064,20.038111626978203,2.404787890553075,20.823668671839787,-0.21601901817531918,45.27553287866833,-0.17281521454025534,-1.6201304565816885,33.230178394909984,508.7577196240095,24.74530614362767,379.8034165879362,55.085927935081095,0.0010223696290944336,5.111848145472168,322.42705098312484,0.4071952845291981,CYLINDER,CYLINDER_3,0.4,0.6,True
8.98,8.98,AEROTWIN-4-001,IDLE,0.15,1149.1506149579525,699.7108198548104,23.82510510872562,3.9761165409651156,20.386644326590737,2.425611559224915,-18.836139344850537,-0.21644803759934114,4.9286370377159106,-0.1731584300794729,-0.5629140290719811,33.23037388548205,508.76012415155833,24.74508422195306,380.2907085627997,55.15660378853134,0.00102474064025573,5.1237032012786505,322.42705098312484,0.41378135718732373,CYLINDER,CYLINDER_3,0.4,0.6,True
8.99,8.99,AEROTWIN-4-001,IDLE,0.15,1156.495358920206,48.659856752287624,23.782403941299663,37.86081905158094,20.071247848825152,2.406775419880064,15.382795782875723,-0.2160601029459421,-0.2160601029459421,-0.9733095364308488,39.26624879390367,33.230256367367,508.7586141684656,24.744858241028755,379.84996282832685,55.09267890869487,0.001022595742567251,5.112978712836255,322.42705098312484,0.3125422293587987,CYLINDER,CYLINDER_3,0.4,0.6,True
9.0,9.0,AEROTWIN-4-001,IDLE,0.15,1158.6373972689407,118.04957828749998,23.81729779877358,27.237069553594075,20.328636711202552,2.42215821566294,4.486274626728584,-0.21637710918537034,-0.21637710918537034,-1.1457700563974897,28.815593828362307,33.23039380807537,508.7602896823626,24.7446357570858,380.20995537062373,55.14489150704453,0.001024347135981851,5.121735679909256,322.42705098312484,0.1262233303853257,CYLINDER,CYLINDER_3,0.4,0.6,True
9.01,9.01,AEROTWIN-4-001,IDLE,0.15,1148.6689898165778,187.5678221236364,23.827438493769996,1.9528718094084727,20.40401106600736,2.4266444902896684,-20.877783746888554,-0.21381698950901482,-0.21646923610451096,2.5996272711265096,-0.21646923610451096,33.23060384085724,508.7628413248474,24.744414367971753,380.31485821597255,55.160106405928225,0.0010248583646502002,5.124291823251001,322.42705098312484,0.44924296536428765,CYLINDER,CYLINDER_3,0.4,0.6,True
9.02,9.02,AEROTWIN-4-001,IDLE,0.15,1155.5424479826884,256.4879615126311,23.780109160799974,36.855930917612284,20.05442709146309,2.40576670654278,14.395737119606414,-1.5754460406569513,-0.21603925515813122,38.86345546858549,-0.21603925515813122,33.23046703403543,508.7610570016476,24.74418846629068,379.8263405840866,55.089252785634756,0.0010224809801550217,5.1124049007751085,322.42705098312484,0.2949832943952306,CYLINDER,CYLINDER_3,0.4,0.6,True
9.03,9.03,AEROTWIN-4-001,IDLE,0.15,1148.3393949688425,325.8205083915924,23.812781391166542,7.629273858303481,20.29515036911864,2.4201624436623863,-15.086038954477546,-0.9115114554118282,-0.21633607819897677,8.973457470113264,-0.21633607819897677,33.23056899764965,508.7622630543133,24.743965843314985,380.16327562079664,55.138121169489104,0.0010241197746746148,5.1205988733730745,322.42705098312484,0.3495617289568157,CYLINDER,CYLINDER_3,0.4,0.6,True
9.040000000000001,9.040000000000001,AEROTWIN-4-001,IDLE,0.15,1150.1324937778468,394.72087208972295,23.77853828165118,26.203453824146347,20.042920055752628,2.4050764047079087,3.7554573636858106,27.51512347306461,-0.9228246778592809,-0.1728199871373245,-0.21602498392165562,33.23042126199413,508.7603519329421,24.743739991348665,379.81017382041506,55.08690799056536,0.001022402449731945,5.112012248659726,322.42705098312484,0.10858316525126634,CYLINDER,CYLINDER_3,0.4,0.6,True
9.05,9.05,AEROTWIN-4-001,IDLE,0.15,1156.7295384570623,463.7288217163938,23.787079727179155,36.33121173465842,20.10556180616898,2.4088318620715947,13.816818066417845,38.29466013750565,-1.5744637554927743,-0.17288206549087148,-0.21610258186358933,33.23033699813478,508.75925706052334,24.743515068032295,379.898114857866,55.09966278275517,0.0010228297382595918,5.1141486912979595,322.42705098312484,0.28571991935427876,CYLINDER,CYLINDER_3,0.4,0.6,True
9.06,9.06,AEROTWIN-4-001,IDLE,0.15,1146.0358075127838,533.1325940238175,23.818407223702728,0.362621227983287,20.336870263852486,2.4226486801380127,-22.396897716007214,0.9461721411650326,-0.1940539744772122,-0.17310975053534816,-0.2163871881691852,33.230481591115364,508.76101686477756,24.74329330012344,380.22142582343815,55.14655515857982,0.0010244030165358067,5.122015082679034,322.42705098312484,0.4768602127839362,CYLINDER,CYLINDER_3,0.4,0.6,True
9.07,9.07,AEROTWIN-4-001,IDLE,0.15,1156.6516261926529,601.8947424745845,23.76754847787663,44.59655829833809,19.962587864904346,2.4002517824220053,22.233718651011735,-0.2159251429576914,46.4137038289578,-0.17274011436615314,-1.4284802732958684,33.230255711318385,508.7581496463779,24.743066689267533,379.697155974424,55.070516108218506,0.0010218537245470964,5.109268622735483,322.42705098312484,0.43059009723074665,CYLINDER,CYLINDER_3,0.4,0.6,True
9.08,9.08,AEROTWIN-4-001,IDLE,0.15,1154.485513494844,671.2938400461437,23.818038136026594,18.219920425630157,20.334130750079638,2.422485501073017,-4.536695825522497,-0.21638383505477765,19.828737085113534,-0.17310706804382212,-1.219325756384777,33.23039857054581,508.75990374501527,24.742845087956773,380.2176096194679,55.146001663988386,0.0010243844246331669,5.1219221231658345,322.42705098312484,0.16434881076100838,CYLINDER,CYLINDER_3,0.4,0.6,True
9.09,9.09,AEROTWIN-4-001,IDLE,0.15,1149.8621015309338,20.56297085583435,23.807768208870442,12.992738243611985,20.25804081192433,2.4179488052474944,-9.683251373559841,-0.216290534077968,-0.216290534077968,-0.45581493411503954,13.881134245882961,33.23046479463748,508.7606856571734,24.742622581791853,380.11149111727536,55.13061044866738,0.0010238676404854073,5.119338202427036,322.42705098312484,0.2555834750149143,CYLINDER,CYLINDER_3,0.4,0.6,True
9.1,9.1,AEROTWIN-4-001,IDLE,0.15,1160.0417954269053,89.55469694769037,23.78579243677867,43.82467601214445,20.096109418685906,2.408265553873935,21.32030103958461,-0.21609088699467968,-0.21609088699467968,-1.296506163869086,45.5533639500029,33.23037070272869,508.7594665592573,24.74239803645008,379.8848554520362,55.09773966505243,0.0010227652956553471,5.113826478276736,322.42705098312484,0.4168704566816007,CYLINDER,CYLINDER_3,0.4,0.6,True
9.11,9.11,AEROTWIN-4-001,IDLE,0.15,1151.1431248803272,159.1572046733047,23.834078319668617,4.2457587768113525,20.453504932461648,2.4295858549135194,-18.637332010563814,-0.21652955807493665,-0.21652955807493665,-0.4622539298642576,5.1410718228254835,33.23062973912636,508.76264066474454,24.742178314588386,380.3836152787676,55.170078792801895,0.0010251936538069862,5.125968269034931,322.42705098312484,0.40927351404658097,CYLINDER,CYLINDER_3,0.4,0.6,True
9.120000000000001,9.120000000000001,AEROTWIN-4-001,IDLE,0.15,1154.4775926043326,228.22579216612434,23.791888883065766,29.53555257615257,20.140911183004725,2.4109485229029555,6.983692870244887,-1.2089752185996565,-0.2161462724307208,31.176820339613666,-0.2161462724307208,33.23057784267731,508.7619217016461,24.74195456135814,379.94766833421136,55.106849919857346,0.0010230706308432726,5.115353154216364,322.42705098312484,0.16674020231015263,CYLINDER,CYLINDER_3,0.4,0.6,True
9.13,9.13,AEROTWIN-4-001,IDLE,0.15,1153.9061356238979,297.4944477223843,23.80773062414998,21.4788383479788,20.25776283325606,2.4179322157732006,-1.196856701050459,-1.438960658906183,-0.2162901926255819,23.350379392136148,-0.2162901926255819,33.23064166986514,508.76264977022106,24.74173245358732,380.11110299747185,55.13055415654732,0.0010238657511244874,5.119328755622437,322.42705098312484,0.10707584150840986,CYLINDER,CYLINDER_3,0.4,0.6,True
9.14,9.14,AEROTWIN-4-001,IDLE,0.15,1144.1143929607472,366.72881585981816,23.805018470125933,2.1466704238856833,20.237712942410948,2.4167353590721503,-20.507777877597412,2.7259975363974576,-0.19004911701709762,-0.17301244244207853,-0.21626555305259818,33.23068499275934,508.7631147269472,24.741510181028527,380.0831004763402,55.12649272688743,0.001023729449456018,5.118647247280091,322.42705098312484,0.44532516472549594,CYLINDER,CYLINDER_3,0.4,0.6,True
9.15,9.15,AEROTWIN-4-001,IDLE,0.15,1155.7365515258666,435.37567943746296,23.75836760534482,46.63332600055808,19.89570644134053,2.396227581194553,24.341391978022997,48.58820798019431,-1.5663668550106937,-0.17267338872246288,-0.2158417359030786,33.230390792753866,508.7593715986138,24.741283485526967,379.602853413711,55.05683865341781,0.001021396216767003,5.106981083835015,322.42705098312484,0.466340315722517,CYLINDER,CYLINDER_3,0.4,0.6,True
9.16,9.16,AEROTWIN-4-001,IDLE,0.15,1149.8892309227874,504.71987252901494,23.813701622178197,10.475938483174868,20.301969143214084,2.4205689731725757,-12.24659963321179,11.802521235255853,-0.9371627629966077,-0.17307555070416802,-0.21634443838021003,33.23050037571471,508.76070297358814,24.74106226532891,380.17278469376396,55.13950034641414,0.0010241660838784656,5.120830419392328,322.42705098312484,0.29976669546153256,CYLINDER,CYLINDER_3,0.4,0.6,True
9.17,9.17,AEROTWIN-4-001,IDLE,0.15,1151.2143001489521,573.7132263843822,23.785921606725676,25.280598580345863,20.097057709194807,2.408322373539364,2.775218497611692,-0.21609206048715407,26.569106588251362,-0.17287364838972327,-0.8995422990286226,33.23040679820856,508.7594950696439,24.740838434603234,379.8861858423494,55.09793262220267,0.0010227717612583977,5.113858806291988,322.42705098312484,0.09234760512070675,CYLINDER,CYLINDER_3,0.4,0.6,True
9.18,9.18,AEROTWIN-4-001,IDLE,0.15,1158.0668188333511,642.7860843933194,23.79222743958776,36.90638105190083,20.143401888201332,2.4110975920369757,14.351881571662522,-0.2161493481734916,38.87637129130135,-0.17291947853879328,-1.5809214126882383,33.23035998987035,508.7588852501095,24.740615317783682,379.9511578868763,55.10735603759676,0.0010230875977897238,5.115437988948619,322.42705098312484,0.29572578247916165,CYLINDER,CYLINDER_3,0.4,0.6,True
9.19,9.19,AEROTWIN-4-001,IDLE,0.15,1147.4260149020497,712.2700935233204,23.82473888043539,0.5233216757485033,20.383919841383477,2.4254494736086385,-22.286047639243613,-0.21644471046208943,1.1312663196900603,-0.17315576836967153,-0.2183441651097961,33.23055064156921,508.7612274697853,24.740395483674916,380.28691885758474,55.15605413726637,0.001024722168130504,5.12361084065252,322.42705098312484,0.4741966634111976,CYLINDER,CYLINDER_3,0.4,0.6,True
9.200000000000001,9.200000000000001,AEROTWIN-4-001,IDLE,0.15,1158.0050215742187,61.11565441744335,23.77418302697657,44.570831964236824,20.011048775892263,2.403163425969395,22.156619762375165,-0.21598541698907492,-0.21598541698907492,-1.1346964993105053,46.13749929752548,33.2303717125601,508.7589507894273,24.74017081451413,379.76536729966494,55.08040934240881,0.0010221848499606262,5.110924249803131,322.42705098312484,0.43006282325520545,CYLINDER,CYLINDER_3,0.4,0.6,True
9.21,9.21,AEROTWIN-4-001,IDLE,0.15,1156.1253824157525,130.59595571189647,23.82444642630267,18.870357426425056,20.381744428451253,2.42532004573177,-3.936707047757967,-0.21644205355363816,-0.21644205355363816,-0.9860890977553771,20.289330631287708,33.230560083005614,508.76126488608054,24.739951152840927,380.2838926828604,55.15561522693671,0.0010247074180406788,5.123537090203395,322.42705098312484,0.15311666725285142,CYLINDER,CYLINDER_3,0.4,0.6,True
9.22,9.22,AEROTWIN-4-001,IDLE,0.15,1149.8875550053097,199.96347865684163,23.815544641942555,9.672540211126176,20.31563205044789,2.4213833386840125,-13.064475178005726,-0.5540270410544588,-0.21636118197942739,10.65928961613949,-0.21636118197942739,33.23068111488064,508.76271557067815,24.73973071558426,380.1918324389376,55.14226299327863,0.0010242588561021084,5.121294280510542,322.42705098312484,0.31386942529274753,CYLINDER,CYLINDER_3,0.4,0.6,True
9.23,9.23,AEROTWIN-4-001,IDLE,0.15,1155.6490842976507,268.95673195716023,23.785913627330768,34.57223672360486,20.09699912792486,2.4083188635060067,12.066918732173992,-1.6204212490577699,-0.21609198799537022,36.62484194865337,-0.21609198799537022,33.23058534609348,508.76145663355635,24.73950748323106,379.88610365770427,55.09792070230611,0.0010227713618449871,5.113856809224936,322.42705098312484,0.25495136507242216,CYLINDER,CYLINDER_3,0.4,0.6,True
9.24,9.24,AEROTWIN-4-001,IDLE,0.15,1146.3980436684956,338.2956770150193,23.8132869627531,3.3439479117876285,20.29889631529243,2.420385782238181,-19.375334185742982,-0.6000482073024359,-0.2163406712522824,4.376677461594629,-0.2163406712522824,33.230689596697296,508.76269839670215,24.73928702494427,380.1684997406561,55.13887886538528,0.0010241452157505767,5.120726078752884,322.42705098312484,0.42456679836378963,CYLINDER,CYLINDER_3,0.4,0.6,True
9.25,9.25,AEROTWIN-4-001,IDLE,0.15,1153.1506608328598,407.07955963512904,23.769277850319618,36.5188680752244,19.975209309791392,2.4010104480524377,14.142648317380567,38.09356277469963,-1.1860011621213142,-0.17275268326840496,-0.2159408540855062,33.230473708099,508.7599443840711,24.739062378833392,379.714930893223,55.07309414689128,0.0010219399951271954,5.109699975635977,322.42705098312484,0.28921042250146983,CYLINDER,CYLINDER_3,0.4,0.6,True
9.26,9.26,AEROTWIN-4-001,IDLE,0.15,1155.8038984263578,476.2685992851006,23.801431193782598,28.183302837082596,20.211221919404856,2.415153096369818,5.556927821307922,30.026790129569147,-1.454267958897386,-0.17298637048407295,-0.21623296310509119,33.230492924053124,508.76015320054057,24.738840960378365,380.0460764613432,55.12112283780029,0.001023549278733267,5.117746393666335,322.42705098312484,0.14296548575667972,CYLINDER,CYLINDER_3,0.4,0.6,True
9.27,9.27,AEROTWIN-4-001,IDLE,0.15,1145.6864821604925,545.6168331906821,23.814020877967934,1.5351782266151424,20.30433527852523,2.420710024191126,-21.189867076101216,-0.21634733877829287,2.083416372066453,-0.1730778710226343,-0.15881293565038349,33.23060362671658,508.7614938984241,24.73862087533085,380.17608392309666,55.13997886003809,0.0010241821518828646,5.120910759414323,322.42705098312484,0.4562374931531747,CYLINDER,CYLINDER_3,0.4,0.6,True
9.28,9.28,AEROTWIN-4-001,IDLE,0.15,1157.3003341353387,614.3580221203116,23.76588030535339,46.67393490410304,19.950420050950548,2.399520157115025,24.32399469603747,-0.21590998782333276,48.62192655212497,-0.17272799025866623,-1.5593536699399295,33.23036431682326,508.758465043318,24.738396199606985,379.6800135240957,55.0680298015078,0.0010217705343944163,5.108852671972081,322.42705098312484,0.4669635781157346,CYLINDER,CYLINDER_3,0.4,0.6,True
9.290000000000001,9.290000000000001,AEROTWIN-4-001,IDLE,0.15,1151.6556721999568,683.796042168432,23.821110556522253,10.958637776092953,20.356945936411,2.4238441518110623,-11.822152312129111,-0.2164117476026523,12.306874429617048,-0.17312939808212185,-0.9586955078393218,33.23052835570667,508.76048927472164,24.738177012675724,380.2493822769135,55.15060990667898,0.0010245392314358326,5.122696157179163,322.42705098312484,0.2914934050459589,CYLINDER,CYLINDER_3,0.4,0.6,True
9.3,9.3,AEROTWIN-4-001,IDLE,0.15,1152.6534761909236,32.89538250042938,23.794326497280988,24.660668478149663,20.15885068682157,2.412021999498933,2.0897957918291605,-0.21616841784459834,-0.21616841784459834,-0.7044152036770351,25.797420517515896,33.23049533171438,508.7600437595107,24.73795529936319,379.97279633633934,55.110494435029985,0.0010231928182349527,5.115964091174764,322.42705098312484,0.08140152491798142,CYLINDER,CYLINDER_3,0.4,0.6,True
9.31,9.31,AEROTWIN-4-001,IDLE,0.15,1159.8234031473805,102.0545910718848,23.799069277325657,37.62456910637224,20.193797408961284,2.4141117952907623,15.016659902120196,-0.21621150539568149,-0.21621150539568149,-1.268663030484435,39.32565514764804,33.23049712673543,508.7600370124619,24.737734149256593,380.0217079828276,55.117588482413346,0.0010234307205640762,5.117153602820381,322.42705098312484,0.30821494132882565,CYLINDER,CYLINDER_3,0.4,0.6,True
9.32,9.32,AEROTWIN-4-001,IDLE,0.15,1149.212264508505,171.64399526072765,23.833046243899453,0.6510160637001726,20.445804404583185,2.4291284551928825,-22.223916796075894,-0.2165201817983633,-0.2165201817983633,-0.18879264298088227,1.2728490702777815,33.23074707916393,508.7631032599278,24.737516439692076,380.37292423954307,55.168528185854846,0.001025141508686049,5.125707543430245,322.42705098312484,0.47215724643701845,CYLINDER,CYLINDER_3,0.4,0.6,True
9.33,9.33,AEROTWIN-4-001,IDLE,0.15,1155.1505667550787,240.59673113123796,23.78269762144885,34.91745714850096,20.073401468349573,2.406904538396806,12.43715114175458,-1.4117311388773495,-0.2160627709925964,36.761313829363495,-0.2160627709925964,33.230627280039045,508.7615452203618,24.737293890692175,379.8529864077869,55.093117442612595,0.0010226104332681607,5.113052166340804,322.42705098312484,0.2610299916690866,CYLINDER,CYLINDER_3,0.4,0.6,True
9.34,9.34,AEROTWIN-4-001,IDLE,0.15,1151.4295168524548,309.9057651365427,23.810923105392455,14.907380237933953,20.281387240211668,2.4193416895385607,-7.793348691816275,-1.2445393952159975,-0.21631919591001036,16.584558024969972,-0.21631919591001036,33.230713789671725,508.7625711184621,24.737074200489733,380.1440765061743,55.13533656830251,0.0010240262847482837,5.120131423741419,322.42705098312484,0.22215125934633495,CYLINDER,CYLINDER_3,0.4,0.6,True
9.35,9.35,AEROTWIN-4-001,IDLE,0.15,1146.1449647342051,378.99153614769,23.793251043496902,11.494542377876835,20.150934111833976,2.4115483408467444,-11.067940074803886,12.411209289036107,-0.5275813456875341,-0.17292691798743878,-0.21615864748429847,33.230670774740055,508.7619766334373,24.736852879026287,379.96170918304466,55.10888637649043,0.0010231389030783695,5.115694515391848,322.42705098312484,0.2814615640844215,CYLINDER,CYLINDER_3,0.4,0.6,True
9.36,9.36,AEROTWIN-4-001,IDLE,0.15,1156.5558946757396,447.7602340317423,23.76806966034986,44.1714719069896,19.9663908253086,2.4004804007719405,21.80460068090906,46.17838254575232,-1.6182368586616795,-0.17274390226712727,-0.21592987783390907,33.23044641610369,508.7591322024875,24.73662920832182,379.7025124347264,55.07129299850784,0.0010218797209372026,5.109398604686013,322.42705098312484,0.42314502846132496,CYLINDER,CYLINDER_3,0.4,0.6,True
9.370000000000001,9.370000000000001,AEROTWIN-4-001,IDLE,0.15,1148.035621653461,517.1535877122867,23.817584605288257,4.90823184947215,20.33076493693279,2.4222850014528494,-17.84481808891349,5.92780583617902,-0.6300905000921907,-0.17310377182874628,-0.21637971478593288,33.230583698765074,508.7608207094292,24.73641047349601,380.2129205441042,55.14532156987578,0.0010243615809564267,5.121807904782134,322.42705098312484,0.3972927124615884,CYLINDER,CYLINDER_3,0.4,0.6,True
9.38,9.38,AEROTWIN-4-001,IDLE,0.15,1154.397365900685,586.0357250114944,23.777090131031215,35.760763620402926,20.032317442975064,2.404440183363936,13.324005994063926,-0.21601182765819282,37.31568068441109,-0.17280946212655426,-1.1660957742234204,33.23042534100946,508.7588154581164,24.73618787651548,379.7952727917516,55.08474677517007,0.001022330075934235,5.1116503796711745,322.42705098312484,0.27585288755688553,CYLINDER,CYLINDER_3,0.4,0.6,True
9.39,9.39,AEROTWIN-4-001,IDLE,0.15,1157.344909970613,655.2995669655355,23.807349935009608,28.84603348856298,20.254947435059847,2.417764189358,6.173321864145134,-0.2162867341133532,30.701912814601165,-0.17302938729068257,-1.4665632046341504,33.23048820110917,508.75958679990663,24.735968334991238,380.10717189778535,55.129983997710994,0.0010238466148970362,5.119233074485181,322.42705098312484,0.15449492069818532,CYLINDER,CYLINDER_3,0.4,0.6,True
9.4,9.4,AEROTWIN-4-001,IDLE,0.15,1146.9815520807788,4.740261563772265,23.821321622784705,1.0774856494494849,20.35851414704348,2.423937511222145,-21.70496600881614,-0.21641366511269486,-0.21641366511269486,-0.10730502248026293,1.6176180021551376,33.23065231417104,508.76160209132496,24.735750267321755,380.2515653978451,55.15092654217266,0.001024549869632492,5.12274934816246,322.42705098312484,0.46441852431665065,CYLINDER,CYLINDER_3,0.4,0.6,True
9.41,9.41,AEROTWIN-4-001,IDLE,0.15,1158.7061182812213,73.55915468861899,23.77206263829793,46.95365553554745,19.995548962442502,2.402232545213329,24.555874027891615,-0.21596615352868953,-0.21596615352868953,-1.242814964635046,48.62840280723987,33.23045691118687,508.75912556136217,24.73552747865786,379.74356127407356,55.07724664006908,0.0010220789765311021,5.110394882655511,322.42705098312484,0.47178685546693144,CYLINDER,CYLINDER_3,0.4,0.6,True
9.42,9.42,AEROTWIN-4-001,IDLE,0.15,1153.290254828403,143.08152178549227,23.827763560314892,11.49026206848835,20.406431540059838,2.42678841924122,-11.342957890812707,-0.2164721892925624,-0.2164721892925624,-0.7801806162328203,12.703387063306295,33.23066857764245,508.76173575873435,24.73531024662717,380.3182230733126,55.16059443810711,0.0010248747692511839,5.124373846255919,322.42705098312484,0.2823462744972788,CYLINDER,CYLINDER_3,0.4,0.6,True
9.43,9.43,AEROTWIN-4-001,IDLE,0.15,1151.4954109539983,212.27893707519644,23.802094189780636,18.872448772704665,20.21611553146745,2.4154454613504077,-3.7591122201131943,-0.8661045749716955,-0.216238986339073,20.171031320354505,-0.216238986339073,33.23069030835258,508.7619596168353,24.735090585569765,380.0529179949206,55.1221151201473,0.0010235825681496578,5.117912840748289,322.42705098312484,0.15255546923003965,CYLINDER,CYLINDER_3,0.4,0.6,True
9.44,9.44,AEROTWIN-4-001,IDLE,0.15,1154.9286319888292,281.36866173243635,23.793564413367548,29.755448246317545,20.153240576404578,2.4116863491302944,7.190521320782674,-1.5894016464348213,-0.21616149440955798,31.777172881571484,-0.21616149440955798,33.23064984321589,508.76140865968046,24.734870188320578,379.96493965351897,55.10935491746709,0.00102315461191672,5.1157730595836,322.42705098312484,0.1705689876657856,CYLINDER,CYLINDER_3,0.4,0.6,True
9.450000000000001,9.450000000000001,AEROTWIN-4-001,IDLE,0.15,1144.3358843078477,350.6643796517661,23.80987045902544,0.5070728209235624,20.273594814407076,2.418876870451077,-22.18539886393459,-0.2631687514368916,-0.21630963275218226,1.2028608378648187,-0.21630963275218226,33.230728410867805,508.76234285689793,24.734651489423,380.133202860984,55.1337594765514,0.0010239733414402284,5.119866707201142,322.42705098312484,0.47413194003397785,CYLINDER,CYLINDER_3,0.4,0.6,True
9.46,9.46,AEROTWIN-4-001,IDLE,0.15,1154.504656027709,419.324532710237,23.759426595687483,43.597527643595036,19.903410484575648,2.3966914715871424,21.297425687432245,45.378415945765575,-1.3923558601193307,-0.17268108535609233,-0.2158513566951154,33.230441294787184,508.75871395017884,24.73442796929375,379.6137257696008,55.05841555817136,0.0010214489475787747,5.107244737893874,322.42705098312484,0.4132015187397857,CYLINDER,CYLINDER_3,0.4,0.6,True
9.47,9.47,AEROTWIN-4-001,IDLE,0.15,1153.1972096645543,488.5948120718995,23.807859039504972,19.938392252585572,20.258712614943885,2.4179888972745744,-2.7383092596328873,21.595579270946615,-1.2678625716882133,-0.1730330874101474,-0.21629135926268422,33.230507674613186,508.75953381115056,24.734209272345254,380.1124290899272,55.13074649034486,0.0010238722065432266,5.119361032716133,322.42705098312484,0.13403666061749347,CYLINDER,CYLINDER_3,0.4,0.6,True
9.48,9.48,AEROTWIN-4-001,IDLE,0.15,1147.3740494502877,557.7866446517728,23.801652283200376,10.432106025875358,20.212853671071095,2.4152505880149415,-12.195998233210679,-0.21623497167422,11.316734150396734,-0.17298797733937601,-0.4954051755077797,33.23052809609568,508.7597728414423,24.73399006457524,380.04835784861405,55.121453725647285,0.001023560379282827,5.117801896414135,322.42705098312484,0.3002511060874096,CYLINDER,CYLINDER_3,0.4,0.6,True
9.49,9.49,AEROTWIN-4-001,IDLE,0.15,1157.9502211870229,626.6290876187901,23.77393515254114,44.56297314476639,20.009236267497162,2.403054589781731,22.150682287487495,-0.21598316508148102,46.568813886840594,-0.17278653206518482,-1.61707104492754,33.230347646420235,508.75751025588494,24.733768248253636,379.7628178823688,55.080039580023005,0.0010221724710546725,5.110862355273363,322.42705098312484,0.42992817150906776,CYLINDER,CYLINDER_3,0.4,0.6,True
9.5,9.5,AEROTWIN-4-001,IDLE,0.15,1149.5985855606993,696.1061008900115,23.824187073441767,5.313395938769365,20.37981541944463,2.4252052720692183,-17.49162475274448,-0.21643969736601457,6.360494779984296,-0.17315175789281165,-0.6575073859561045,33.23053440311881,508.75983687999656,24.733551459176823,380.28120911373907,55.155226007438486,0.0010246943381405113,5.123471690702557,322.42705098312484,0.39035740054754753,CYLINDER,CYLINDER_3,0.4,0.6,True
9.51,9.51,AEROTWIN-4-001,IDLE,0.15,1155.6816209428573,45.08201602365341,23.784537635054306,35.2348927102897,20.0868995508974,2.4077136473164735,12.740279512075826,-0.216079487281244,-0.216079487281244,-0.9180589627813349,36.58511064763352,33.23043041436762,508.7585260660941,24.733330872920796,379.871932642773,55.09586536664251,0.0010227024950073488,5.113512475036744,322.42705098312484,0.26656378819935195,CYLINDER,CYLINDER_3,0.4,0.6,True
9.52,9.52,AEROTWIN-4-001,IDLE,0.15,1159.0128981032885,114.42291328022485,23.813441213693896,29.69750383558266,20.30003933923262,2.4204539268285497,6.9770105695214895,-0.21634207260238267,-0.21634207260238267,-1.1819006040676698,31.312088584855093,33.23053762706151,508.75985503770295,24.73311322094061,380.1700936937801,55.139110049158475,0.0010241529783771687,5.120764891885844,322.42705098312484,0.16932538170736083,CYLINDER,CYLINDER_3,0.4,0.6,True
9.53,9.53,AEROTWIN-4-001,IDLE,0.15,1148.3180653960283,183.96368716642218,23.82921449787819,0.44546430637397627,20.41723861197617,2.427430937398071,-22.399205243000267,-0.1122328763409637,-0.21648537087504957,0.9906679244650392,-0.21648537087504957,33.230758974938375,508.7625784752332,24.732897226051662,380.33324376133885,55.16277300865706,0.001024948004112394,5.12474002056197,322.42705098312484,0.4756643332244231,CYLINDER,CYLINDER_3,0.4,0.6,True
9.540000000000001,9.540000000000001,AEROTWIN-4-001,IDLE,0.15,1155.2267117349897,252.86277109018388,23.778436609760792,36.916642285854316,20.04217549721132,2.405031732155071,14.469435056487924,-1.5482472837302221,-0.2160240602455143,38.89693769007557,-0.2160240602455143,33.23060826541051,508.7606503270936,24.732676338927398,379.80912756407275,55.086756243637986,0.0010223973678403268,5.111986839201634,322.42705098312484,0.29606514275181883,CYLINDER,CYLINDER_3,0.4,0.6,True
9.55,9.55,AEROTWIN-4-001,IDLE,0.15,1148.7466920444338,322.1763737942833,23.811284224363142,9.131840800947835,20.2840611370485,2.4195011672115587,-13.571721503312224,-0.9949203274809841,-0.2163224766297465,10.559406081688312,-0.2163224766297465,33.23069763380819,508.7617312310884,24.732458770129018,380.1478071164907,55.135877648561575,0.0010240444498975387,5.120222249487694,322.42705098312484,0.32323167324249485,CYLINDER,CYLINDER_3,0.4,0.6,True
9.56,9.56,AEROTWIN-4-001,IDLE,0.15,1148.9212226018965,391.1011753169493,23.78047944091146,22.828605755096433,20.057140364620558,2.4059294457082463,0.3655359447676285,24.054460028974507,-0.8369775594878833,-0.17283409528452934,-0.21604261910566167,33.23056239445841,508.76000796118734,24.732238279282534,379.8301517753663,55.089805553195575,0.0010224994944664663,5.112497472332332,322.42705098312484,0.08281638904237149,CYLINDER,CYLINDER_3,0.4,0.6,True
9.57,9.57,AEROTWIN-4-001,IDLE,0.15,1156.5683055763382,460.0364486730631,23.781311066523433,38.4855435526123,20.063235441694182,2.4062949816530144,16.0160131292651,40.470013697043406,-1.5955798306584301,-0.17284013945452253,-0.21605017431815315,33.230434756607316,508.75840257184416,24.73201796871664,379.83871207990745,55.09104712264562,0.001022541081297518,5.11270540648759,322.42705098312484,0.32348757841363723,CYLINDER,CYLINDER_3,0.4,0.6,True
9.58,9.58,AEROTWIN-4-001,IDLE,0.15,1146.2428734365562,529.4305470076433,23.817643404100256,1.1279777657402077,20.331201274610393,2.422310994782279,-21.625534503652464,1.815137512182459,-0.29767529830411427,-0.1731041991725053,-0.21638024896563163,33.23057260725641,508.7601146385093,24.731801324833633,380.2135284532793,55.14540973980672,0.0010243645424516054,5.1218227122580275,322.42705098312484,0.4634485394320811,CYLINDER,CYLINDER_3,0.4,0.6,True
9.59,9.59,AEROTWIN-4-001,IDLE,0.15,1156.153716695022,598.2051194138367,23.768537099854665,43.12770924480041,19.96980220340445,2.400685460278627,20.75722158111733,-0.21593412446212118,44.8928731749828,-0.17274729956969695,-1.376482506150576,33.23035276681223,508.7573587183051,24.7315799662772,379.7073168315025,55.07198981860746,0.0010219030388855554,5.109515194427777,322.42705098312484,0.40487374998435566,CYLINDER,CYLINDER_3,0.4,0.6,True
9.6,9.6,AEROTWIN-4-001,IDLE,0.15,1155.1371088492933,667.574342415538,23.815678922767656,20.608892040919272,20.316627852208764,2.421442681859744,-2.129178493149236,-0.21636240190357664,22.28445028534502,-0.17308992152286132,-1.286105920999311,33.2304772374729,508.7589192003596,24.7313633264062,380.1932204064816,55.14246430131528,0.0010242656167152222,5.1213280835761115,322.42705098312484,0.12248642043186973,CYLINDER,CYLINDER_3,0.4,0.6,True
9.61,9.61,AEROTWIN-4-001,IDLE,0.15,1148.9305945983,16.882568946495553,23.810859278899954,9.701335125689855,20.280914672536802,2.419313503366595,-12.998893050213542,-0.21631861605447625,-0.21631861605447625,-0.3769279497349972,10.510900307533804,33.23056505944185,508.76000498128604,24.731146308845855,380.14341715093315,55.13524093673704,0.0010240230742563508,5.120115371281755,322.42705098312484,0.3132555511331037,CYLINDER,CYLINDER_3,0.4,0.6,True
9.620000000000001,9.620000000000001,AEROTWIN-4-001,IDLE,0.15,1159.741499360219,85.81840462239356,23.78135572037632,45.11218335936238,20.063562763243503,2.4063146103163815,22.642305985802498,-0.21605057999270463,-0.21605057999270463,-1.2928526571400647,46.83713717648786,33.230437712706326,508.75840368301033,24.73092649363545,379.8391717464571,55.091113791762645,0.0010225433144786158,5.112716572393079,322.42705098312484,0.43945325728883566,CYLINDER,CYLINDER_3,0.4,0.6,True
9.63,9.63,AEROTWIN-4-001,IDLE,0.15,1151.5354964566748,155.4028945840067,23.8326591405385,5.685261469733674,20.442916844838923,2.428956916302184,-17.18661229140743,-0.21651666501375963,-0.21651666501375963,-0.5407306987325857,6.659025498493779,33.23068552863618,508.7614756620894,24.730711831349286,380.36891466890245,55.16794664574827,0.0010251219532072136,5.125609766036068,322.42705098312484,0.38404885122281857,CYLINDER,CYLINDER_3,0.4,0.6,True
9.64,9.64,AEROTWIN-4-001,IDLE,0.15,1153.8137445552973,224.49502437140717,23.793755038854442,27.33796570140536,20.15464373760303,2.4117703040107763,4.771551659791552,-1.136230636900319,-0.21616322621776476,28.90652279074121,-0.21616322621776476,33.23064650236152,508.7609539833043,24.730493425422214,379.9669048345895,55.109639943399195,0.001023164168202951,5.115820841014755,322.42705098312484,0.12826083761014784,CYLINDER,CYLINDER_3,0.4,0.6,True
9.65,9.65,AEROTWIN-4-001,IDLE,0.15,1154.2218622053927,293.723849044725,23.804579870863527,23.50577374505054,20.234472281819865,2.4165418556705682,0.8547596075601063,-1.4848982178121752,-0.21626156843430555,25.423195099731327,-0.21626156843430555,33.230686576025924,508.7614217385311,24.730276181870078,380.07857287100137,55.125836052064294,0.0010237074140567576,5.1185370702837885,322.42705098312484,0.07153057035019321,CYLINDER,CYLINDER_3,0.4,0.6,True
9.66,9.66,AEROTWIN-4-001,IDLE,0.15,1143.5583072571783,362.97716077704854,23.806517061454375,0.3324885182459208,20.24878916060899,2.417396615278128,-22.333697257641198,0.8060391287192706,-0.08424810885912797,-0.17302333405076525,-0.21627916756345655,33.23074027698732,508.76205270744157,24.730059227189024,380.0985720454363,55.12873669232599,0.0010238047535341365,5.119023767670683,322.42705098312484,0.4771084967370812,CYLINDER,CYLINDER_3,0.4,0.6,True
9.67,9.67,AEROTWIN-4-001,IDLE,0.15,1155.1635529561484,431.59065921247924,23.755708096202625,46.577403583137034,19.876370911124148,2.395062918020487,24.3059697539924,48.501672798806375,-1.5357975813855165,-0.17265405968169925,-0.21581757460212406,33.230426366246576,508.75809780715144,24.72983740425127,379.57555495391676,55.05287933940618,0.0010212638382598544,5.1063191912992725,322.42705098312484,0.4653926375776407,CYLINDER,CYLINDER_3,0.4,0.6,True
9.68,9.68,AEROTWIN-4-001,IDLE,0.15,1150.298093608371,500.9004723898481,23.8109846941366,12.511017908325618,20.281843249429343,2.4193688877744797,-10.190194228878205,13.923590360632446,-1.0231968925222308,-0.17305580434870915,-0.21631975543588644,33.23051570553756,508.75921545609674,24.729621088349262,380.144712749307,55.13542884773399,0.0010240293827188218,5.120146913594109,322.42705098312484,0.2640890452914262,CYLINDER,CYLINDER_3,0.4,0.6,True
9.69,9.69,AEROTWIN-4-001,IDLE,0.15,1149.9141192361706,569.9183580063503,23.787867991826,21.716336600773772,20.111351951809127,2.4091786935456017,-0.8041940445809561,-0.2161097431472496,22.91374472785129,-0.17288779451779968,-0.8084105894124696,33.230436031860144,508.75821996695504,24.729402596393925,379.90623517990025,55.100840538022375,0.001022869207286377,5.1143460364318845,322.42705098312484,0.10245407327189221,CYLINDER,CYLINDER_3,0.4,0.6,True
9.700000000000001,9.700000000000001,AEROTWIN-4-001,IDLE,0.15,1157.8455887324976,638.9132051605205,23.78604010404429,39.11793305130891,20.09792768391913,2.4083744995010203,16.611630867888756,-0.2160931370201623,41.10802796657261,-0.17287450961612985,-1.6011272686274025,33.23034407116719,508.7570848045967,24.729184023694806,379.8874063275498,55.09810963893517,0.0010227776927860123,5.113888463930062,322.42705098312484,0.3344995855357272,CYLINDER,CYLINDER_3,0.4,0.6,True
9.71,9.71,AEROTWIN-4-001,IDLE,0.15,1147.6172440161752,708.3839404844704,23.823691851788407,1.3789235939620064,20.376132543048666,2.4249861303689095,-21.42219507945557,-0.2164351983405304,2.0953551802124166,-0.17314815867242433,-0.3268482292374555,33.230527243806016,508.75937722250995,24.72896926055034,380.2760852030415,55.15448284567873,0.0010246693645574376,5.123346822787188,322.42705098312484,0.4591990331733576,CYLINDER,CYLINDER_3,0.4,0.6,True
9.72,9.72,AEROTWIN-4-001,IDLE,0.15,1157.4056169820876,57.240975125440855,23.775095105017147,42.922003718393015,20.017719382898594,2.403563935289454,20.500720400204965,-0.21599370310160704,-0.21599370310160704,-1.089844341509997,44.44383546610623,33.230355164770806,508.7572287536684,24.728749812414776,379.77474877258885,55.08177001247874,0.0010222304044819291,5.111152022409645,322.42705098312484,0.4011977416168933,CYLINDER,CYLINDER_3,0.4,0.6,True
9.73,9.73,AEROTWIN-4-001,IDLE,0.15,1156.7511567434944,126.68531214436611,23.821609058781796,21.414016298719037,20.36064996144965,2.4240646556896586,-1.3706983184202706,-0.21641627643202468,-0.21641627643202468,-1.0413026950819015,22.88815154666499,33.230522959765125,508.7593290135333,24.72853503924792,380.25453852310494,55.15135775831409,0.001024564357737415,5.122821788687075,322.42705098312484,0.10853598875687405,CYLINDER,CYLINDER_3,0.4,0.6,True
9.74,9.74,AEROTWIN-4-001,IDLE,0.15,1149.2117792278075,196.09038154897578,23.818509630526147,6.969889041825853,20.33763042840298,2.4226939573712385,-15.790435343948367,-0.4497952056851404,-0.21638811852209927,7.852460484555191,-0.21638811852209927,33.2306660955158,508.7610962839422,24.72832005609837,380.222484694994,55.14670873519254,0.0010244081752712503,5.122040876356252,322.42705098312484,0.3612354305711622,CYLINDER,CYLINDER_3,0.4,0.6,True
9.75,9.75,AEROTWIN-4-001,IDLE,0.15,1155.4797934506228,265.04308830264426,23.782695309768066,35.60798632748615,20.073384515463648,2.40690352202729,13.127698289995214,-1.6144100005584558,-0.21606274999127162,37.65452182802716,-0.21606274999127162,33.23054723521114,508.7595882107984,24.728101642829966,379.8529626075008,55.0931139906667,0.0010226103176281549,5.113051588140775,322.42705098312484,0.2731142790980169,CYLINDER,CYLINDER_3,0.4,0.6,True
9.76,9.76,AEROTWIN-4-001,IDLE,0.15,1146.804418536914,334.37187590968165,23.812484322146698,4.543318076451167,20.29294958683043,2.4200312203172856,-18.169662730696547,-0.7017774270833772,-0.2163333793648653,5.677762262264276,-0.2163333793648653,33.23064608082521,508.760804131293,24.727886259266985,380.16020612631337,55.13767597614824,0.0010241048269168758,5.120524134584379,322.42705098312484,0.40355898341892926,CYLINDER,CYLINDER_3,0.4,0.6,True
9.77,9.77,AEROTWIN-4-001,IDLE,0.15,1152.1249639278938,403.1801410218965,23.771217397181196,33.534559199894986,19.989373433379534,2.4018615575865887,11.143324208928863,35.031628266900206,-1.1083438126872904,-0.17276677969686074,-0.21595847462107592,33.23044466481243,508.75827163595505,24.72766691900699,379.73487036063074,55.07598612736516,0.0010220367848351453,5.110183924175726,322.42705098312484,0.23696248613168466,CYLINDER,CYLINDER_3,0.4,0.6,True
9.78,9.78,AEROTWIN-4-001,IDLE,0.15,1156.0662753806473,472.3076388575701,23.796557580578458,30.84295150435565,20.175283218906586,2.413004881795518,8.254663403653547,32.73215815592609,-1.5000670150578135,-0.17295094956116863,-0.21618868695146082,33.23042881951144,508.75808268673956,24.72745016050661,379.9958017404522,55.1138310928317,0.0010233047040461376,5.116523520230689,322.42705098312484,0.1895656724314786,CYLINDER,CYLINDER_3,0.4,0.6,True
9.790000000000001,9.790000000000001,AEROTWIN-4-001,IDLE,0.15,1145.211201118393,541.671615380409,23.815264514836265,0.0,20.313554825780706,2.421259545199171,-22.734814370979876,-0.21635863706043723,0.3395090448681301,-0.17308690964834977,-0.04733557023516898,33.23054936198921,508.7595875947342,24.727235346480473,380.1889370320681,55.1418430492571,0.0010242447531644073,5.1212237658220365,322.42705098312484,0.48313230329215484,CYLINDER,CYLINDER_3,0.4,0.6,True
9.8,9.8,AEROTWIN-4-001,IDLE,0.15,1156.7462674795854,610.3842874475125,23.763609951443147,46.49138208791641,19.933870864426762,2.3985247308281914,24.15898649266146,-0.21588936194796787,48.40518529803578,-0.1727114895583743,-1.5252023586130297,33.23029437801548,508.7564027053452,24.727015556706412,379.65668836873454,55.06464676762452,0.0010216573572977995,5.108286786488998,322.42705098312484,0.4637953025331846,CYLINDER,CYLINDER_3,0.4,0.6,True
9.81,9.81,AEROTWIN-4-001,IDLE,0.15,1152.1502441954171,679.7890634962877,23.818486470000934,13.13425356627826,20.33745850580455,2.422683717320853,-9.625888656847142,-0.21638790811168515,14.57150767991634,-0.17311032648934813,-1.047755879037048,33.23044005584907,508.75824103805996,24.726801258446855,380.22224521741055,55.14667400184279,0.0010244070085526046,5.122035042763023,322.42705098312484,0.2533585075783462,CYLINDER,CYLINDER_3,0.4,0.6,True
9.82,9.82,AEROTWIN-4-001,IDLE,0.15,1151.3378624834518,28.918078148012683,23.796677744717922,20.88777816256175,20.176168612711578,2.4130578286640056,-1.701448278813832,-0.21618977862732366,-0.21618977862732366,-0.6272425452947565,21.947400265111156,33.23042513732328,508.75806368819224,24.726584901939166,379.99704096494185,55.11401082747324,0.0010233107314981127,5.116553657490564,322.42705098312484,0.11716023475140105,CYLINDER,CYLINDER_3,0.4,0.6,True
9.83,9.83,AEROTWIN-4-001,IDLE,0.15,1159.6189852234704,97.99834989701979,23.79281514111941,39.903025479919705,20.147726190522455,2.411356380385192,17.343942909012057,-0.21615468736686091,-0.21615468736686091,-1.2843117065962155,41.61964656124964,33.230382372896244,508.7575426084803,24.726368262779683,379.9572157492267,55.10823465783634,0.0010231170534361366,5.115585267180683,322.42705098312484,0.3481602589729394,CYLINDER,CYLINDER_3,0.4,0.6,True
9.84,9.84,AEROTWIN-4-001,IDLE,0.15,1149.4690808597131,167.57548901042804,23.8320800555833,1.609388261261014,20.43859792717987,2.428700323294204,-21.25790998921306,-0.21651140410088712,-0.21651140410088712,-0.27949863170842115,2.3219097011712093,33.2306265945989,508.7605836083641,24.726155608790464,380.3629169273883,55.167076745314546,0.0010250927020835443,5.125463510417721,322.42705098312484,0.4553630189421589,CYLINDER,CYLINDER_3,0.4,0.6,True
9.85,9.85,AEROTWIN-4-001,IDLE,0.15,1154.7280454840875,236.54363386201084,23.783920874060048,33.50416630901489,20.082374142760862,2.4074424133049908,11.014349752949038,-1.3520378892264604,-0.2160738840863676,35.28835196641409,-0.2160738840863676,33.23051705859477,508.7591986242377,24.72593828916423,379.8655815219589,55.094944212781876,0.0010226716328157303,5.113358164078652,322.42705098312484,0.23628322369765842,CYLINDER,CYLINDER_3,0.4,0.6,True
9.86,9.86,AEROTWIN-4-001,IDLE,0.15,1152.0217831430039,305.8273165910561,23.808918918962238,17.01702741281638,20.266553242715084,2.41845676305794,-5.667982592956644,-1.3153017150754487,-0.21630098813221366,18.764931104156258,-0.21630098813221366,33.23059026380378,508.76010210669637,24.725723530149732,380.1233748096411,55.13233403564073,0.001023925492702576,5.11962746351288,322.42705098312484,0.1851854098354403,CYLINDER,CYLINDER_3,0.4,0.6,True
9.870000000000001,9.870000000000001,AEROTWIN-4-001,IDLE,0.15,1145.064725104065,374.9486235796363,23.796067110252007,8.013630204158138,20.171669707512134,2.4127887804649832,-14.57082828381898,8.821001790008987,-0.418239969886734,-0.17294738487293992,-0.2161842310911749,33.230569137156884,508.75982317537597,24.725507599223203,379.99074382003664,55.113097502170476,0.0010232801034442528,5.1164005172212645,322.42705098312484,0.34244351347504254,CYLINDER,CYLINDER_3,0.4,0.6,True
9.88,9.88,AEROTWIN-4-001,IDLE,0.15,1156.0834212262985,443.6525070858802,23.762910094547088,45.40449312980439,19.92877198445832,2.3982179521811644,23.07750319316491,47.40227928478734,-1.6091967480755671,-0.17270640306994753,-0.21588300383743442,33.230308894382816,508.7565696210362,24.725288515949387,379.64949944056985,55.06360409986137,0.0010216224794964827,5.108112397482413,322.42705098312484,0.4447828854599944,CYLINDER,CYLINDER_3,0.4,0.6,True
9.89,9.89,AEROTWIN-4-001,IDLE,0.15,1148.3664344372453,513.0175123594581,23.815345775740347,6.573033498028348,20.314157378879756,2.421295455374329,-16.16241933622574,7.698726679886586,-0.7362463063085646,-0.17308750024429945,-0.2163593753053743,33.23043145214315,508.758119703893,24.725074687093556,380.1897769385087,55.14196486760743,0.0010242488441470992,5.1212442207354965,322.42705098312484,0.3681061245762984,CYLINDER,CYLINDER_3,0.4,0.6,True
9.9,9.9,AEROTWIN-4-001,IDLE,0.15,1153.1740113117453,581.9194984256928,23.778667168652483,32.51796244777938,20.04386395141006,2.4051330360381034,10.068965460331219,-0.21602615484360443,33.98923959898082,-0.17282092387488354,-1.0824300724829483,33.23028626860491,508.7563237546259,24.724857338322803,379.81150015247033,55.08710035911399,0.0010224088920677585,5.112044460338793,322.42705098312484,0.21908557107135884,CYLINDER,CYLINDER_3,0.4,0.6,True
9.91,9.91,AEROTWIN-4-001,IDLE,0.15,1157.4798924525521,651.1099391043975,23.801542100717416,31.645458827657496,20.21204045336568,2.4152020014984346,9.01821637279338,-0.2162339706804319,33.54760053038844,-0.17298717654434553,-1.5129205555061693,33.230308508676984,508.75663309417956,24.72464233800769,380.0472208851778,55.12128882274442,0.0010235548471348966,5.117774235674483,322.42705098312484,0.20355193415449002,CYLINDER,CYLINDER_3,0.4,0.6,True
9.92,9.92,AEROTWIN-4-001,IDLE,0.15,1146.5996705258767,0.5587326515507129,23.82196072113837,0.0,20.363263298308937,2.4242202178712278,-22.787483516180163,-0.21641947123962915,-0.21641947123962915,-0.012662577544358237,0.06564653473368666,33.23047943082125,508.75878007787617,24.724429458310382,380.2581761210801,55.151885348249216,0.0010245820842592363,5.122910421296182,322.42705098312484,0.48328953345378234,CYLINDER,CYLINDER_3,0.4,0.6,True
9.93,9.93,AEROTWIN-4-001,IDLE,0.15,1158.1833950158934,69.35471288310332,23.770240248218258,46.644564924212546,19.982236350494745,2.4014327343550477,24.260895839362753,-0.2159495973475233,-0.2159495973475233,-1.2124893681057385,48.28895348701333,33.230272943228826,508.7562104347261,24.724211574360908,379.724824231258,55.0745290568532,0.0010219880173604925,5.109940086802463,322.42705098312484,0.466398936578268,CYLINDER,CYLINDER_3,0.4,0.6,True
9.94,9.94,AEROTWIN-4-001,IDLE,0.15,1153.900284126455,138.84571658405693,23.825290537920065,13.843191081263203,20.388023920915284,2.4256936301944108,-8.970526469846492,-0.21644972219989456,-0.21644972219989456,-0.8546589509695334,15.130749476632527,33.2304686696548,508.7586694860076,24.723999220972473,380.2926274354148,55.156882097977686,0.0010247499935930819,5.123749967965409,322.42705098312484,0.24111190918321598,CYLINDER,CYLINDER_3,0.4,0.6,True
9.950000000000001,9.950000000000001,AEROTWIN-4-001,IDLE,0.15,1150.5861358040775,208.07973363164422,23.804990692766,15.713094779396318,20.23750769066365,2.416723103724564,-6.941136014991898,-0.7634703026767465,-0.21626530069883018,16.909095683470724,-0.21626530069883018,33.2305138383649,508.75923144205444,24.72378494870968,380.0828137270605,55.126451137345406,0.0010237280538544949,5.118640269272475,322.42705098312484,0.20791208704364839,CYLINDER,CYLINDER_3,0.4,0.6,True
9.96,9.96,AEROTWIN-4-001,IDLE,0.15,1154.9288773944834,277.1149017798889,23.789238858718523,31.626623927642157,20.12142524202732,2.409781967709572,9.095416717905264,-1.6084350296348202,-0.21612219729791723,33.66730335187281,-0.21612219729791723,33.23044411213304,508.7583589999191,24.723569218517174,379.92035900565367,55.102889029462,0.0010229378621060723,5.114689310530362,322.42705098312484,0.20336462796213778,CYLINDER,CYLINDER_3,0.4,0.6,True
9.97,9.97,AEROTWIN-4-001,IDLE,0.15,1144.7211955023433,346.4106344235579,23.80987162309119,1.3135618528417905,20.273603430100184,2.418877384427477,-21.378918961685873,-0.3811836236626314,-0.21630964332757097,2.127364763159564,-0.21630964332757097,33.23052512549043,508.7593695438045,24.7233556237375,380.13321488481097,55.133761220463214,0.0010239733999813988,5.119866999906994,322.42705098312484,0.46001840928760546,CYLINDER,CYLINDER_3,0.4,0.6,True
9.98,9.98,AEROTWIN-4-001,IDLE,0.15,1153.9213289396198,415.0939061536985,23.76126842619715,41.58302903833237,19.916816160471008,2.3974984654657914,19.26871441239557,43.299327710715346,-1.3277361113007808,-0.17269447159208462,-0.21586808949010577,33.23025361489102,508.75598010328184,24.723137345083433,379.6326385549785,55.06115863073697,0.001021540684514055,5.1077034225702755,322.42705098312484,0.377926361105415,CYLINDER,CYLINDER_3,0.4,0.6,True
9.99,9.99,AEROTWIN-4-001,IDLE,0.15,1153.9634664475202,484.3291858900757,23.8050905930149,22.743265650068164,20.238245880016507,2.416767179878187,0.08825259017346987,24.47200764342384,-1.3394628184519737,-0.17301296662386784,-0.2162662082798348,33.230302056607464,508.7566183131025,24.722923471675067,380.0838450147143,55.12660071324414,0.0010237330731192099,5.1186653655960495,322.42705098312484,0.08488643976746721,CYLINDER,CYLINDER_3,0.4,0.6,True
10.0,10.0,AEROTWIN-4-001,TAKEOFF,0.15,1146.4394464198615,553.5669938769269,23.805290616113282,6.898308714962542,20.23972397873058,2.4168554324683607,-15.758270696236398,-0.21626802546414195,7.668085816395767,-0.17301442037131357,-0.3804946555977692,33.23035138088393,508.75725862660954,24.72270971459481,380.0859099251216,55.126900203719785,0.0010237431231273836,5.118715615636918,322.42705098312484,0.3621778773341654,CYLINDER,CYLINDER_3,0.4,0.6,True
10.01,10.01,AEROTWIN-4-001,TAKEOFF,0.15399999999999991,1158.1703395598502,622.3533606621186,24.403328163682566,46.94687446649835,19.97665216563607,2.401097161772124,24.569125139090154,-0.2217011202182418,48.9939088949685,-0.1773608961745934,-1.6479724120773145,33.23428992657571,508.7806583522671,24.72254325910996,379.71696245362443,55.07338880034878,0.0010278685188562686,5.139342594281343,322.47059779288526,0.46060581627038816,CYLINDER,CYLINDER_3,0.4,0.6,True
10.02,10.02,AEROTWIN-4-001,TAKEOFF,0.15799999999999984,1150.8401705935473,691.8435810357096,25.095907626945657,7.460960585532746,20.387564281360714,2.4256662869112144,-15.352269982739182,-0.2279931162040223,8.678239111263538,-0.18239449296321783,-0.8068909165635529,33.24282613322586,508.83450061041464,24.722434396285024,380.2919881331221,55.15678937485177,0.0010367333774949116,5.183666887474558,322.5125841201264,0.375036371617822,CYLINDER,CYLINDER_3,0.4,0.6,True
10.03,10.03,AEROTWIN-4-001,TAKEOFF,0.16199999999999973,1156.5002871504014,40.89399127132242,25.69368344342965,34.39514574517747,20.130311332599522,2.410314016928475,11.854520395649477,-0.23342383316463364,-0.23342383316463364,-0.9168816396024877,35.77887505110923,33.2551177409542,508.90985531112295,24.722372306434867,379.932814729566,55.1046955827468,0.0010408382874730838,5.204191437365419,322.5529834453841,0.21849313842244555,CYLINDER,CYLINDER_3,0.4,0.6,True
10.040000000000001,10.040000000000001,AEROTWIN-4-001,TAKEOFF,0.16600000000000037,1162.7960570870905,110.2840085003465,26.357835404055738,35.936808224918046,20.328809966398012,2.422168537324125,13.185829721195908,-0.23945756891896713,-0.23945756891896713,-1.3476466945416126,37.76337005729759,33.27171194948164,509.0117519085522,24.722365110625887,380.2101967672598,55.144926518729825,0.0010482787985520567,5.241393992760283,322.5917702515785,0.23400948862034296,CYLINDER,CYLINDER_3,0.4,0.6,True
10.05,10.05,AEROTWIN-4-001,TAKEOFF,0.17000000000000026,1151.8210031513142,180.05177192557193,27.026690600540775,0.0,20.550744844545463,2.4353543670453206,-22.986099211590783,-0.001663966533644873,-0.24553403297050608,0.0016806203538943468,-0.24553403297050608,33.29263523030704,509.13979927816143,24.72241388940762,380.5184111635079,55.189629318332855,0.0010559649904809266,5.279824952404633,322.6289200401316,0.5395233467793895,CYLINDER,CYLINDER_3,0.4,0.6,True
10.06,10.06,AEROTWIN-4-001,TAKEOFF,0.17400000000000018,1161.368824940974,249.16103211465077,27.60233060909222,42.573918548311475,20.164639085691096,2.4123682678337297,19.996911194786648,-1.7576976033249305,-0.25076364894265124,44.83314344952171,-0.25076364894265124,33.31689251082634,509.2859418689865,24.722505502863182,379.98090132837564,55.111669966864945,0.001058949391865227,5.294746959326135,322.6644093464406,0.3282479924869553,CYLINDER,CYLINDER_3,0.4,0.6,True
10.07,10.07,AEROTWIN-4-001,TAKEOFF,0.1780000000000001,1156.4315070418002,318.8431616111092,28.290543878021854,12.5919980138219,20.50032726178123,2.4323651790285163,-10.340694426987845,-1.2686099299042606,-0.2570159786104474,14.374639900947054,-0.2570159786104474,33.345614756161964,509.45852281866513,24.7226562434016,380.4485692016937,55.179499579875255,0.0010676058537626395,5.338029268813197,322.6982157546991,0.34124019606282296,CYLINDER,CYLINDER_3,0.4,0.6,True
10.08,10.08,AEROTWIN-4-001,TAKEOFF,0.18200000000000002,1157.2351576807553,388.2290520336172,28.897954257433852,24.431578469756122,20.326392022892225,2.4220244846015286,1.6831619622623681,25.83547545413952,-0.93133538056242,-0.2100273794759901,-0.26253422434498763,33.37788270030615,509.6506732512164,24.72285397525199,380.2068277325652,55.144437880675795,0.0010721893718693325,5.360946859346663,322.730317912055,0.1445370925759395,CYLINDER,CYLINDER_3,0.4,0.6,True
10.09,10.09,AEROTWIN-4-001,TAKEOFF,0.18599999999999994,1169.9531800137331,457.66316149446254,29.537794397987675,49.41492442246083,20.354653089580854,2.423707646563791,26.636563686316183,51.89257808868445,-1.9946289036504539,-0.21467767225474274,-0.2683470903184284,33.41401035773577,509.86436434465634,24.723103666703555,380.24619020141404,55.15014693443269,0.0010784093594529017,5.392046797264508,322.7606955420976,0.41424805963447286,CYLINDER,CYLINDER_3,0.4,0.6,True
10.1,10.1,AEROTWIN-4-001,TAKEOFF,0.18999999999999984,1159.7650177320768,527.8603522952865,30.24893783622783,1.916814109429274,20.80450708426706,2.4503442102501074,-21.33803718508789,2.8448984876137646,-0.4334304504210161,-0.21984619011709985,-0.2748077376463748,33.454815254204476,510.1041637417601,24.723417533397416,380.8683887405799,55.24038936615623,0.0010882456488069522,5.441228244034762,322.78932945766473,0.5625728645262105,CYLINDER,CYLINDER_3,0.4,0.6,True
10.11,10.11,AEROTWIN-4-001,TAKEOFF,0.19399999999999976,1175.331924785046,597.4462533592111,30.82371625242779,55.47600604036452,20.443745976150318,2.429006173065019,32.60325389114918,-0.28002952616202653,57.75030866294043,-0.22402362092962122,-1.7702494754842617,33.49860198514023,510.3596017986727,24.723772320657197,380.3700660081909,55.168113633695995,0.0010911649885431453,5.455824942715727,322.81620157296163,0.4978851312442611,CYLINDER,CYLINDER_3,0.4,0.6,True
10.120000000000001,10.120000000000001,AEROTWIN-4-001,TAKEOFF,0.1980000000000004,1177.0079709293273,667.966168846314,31.555811921087074,26.968152427020563,20.996240164097383,2.4616094269561684,3.5103028359670114,-0.28668052182786496,29.179263696174026,-0.22934441746229198,-1.6950863298633057,33.54730053052288,510.64132543575664,24.724196005167865,381.1311232322997,55.27849585136628,0.0011020814381674593,5.510407190837297,322.84129491498425,0.14719920604517112,CYLINDER,CYLINDER_3,0.4,0.6,True
10.13,10.13,AEROTWIN-4-001,TAKEOFF,0.2020000000000003,1173.011454507236,18.586647102073584,32.203840289261905,15.151000261589582,21.056164952859213,2.4651197297921352,-8.370284421061767,-0.29256777680365836,-0.29256777680365836,-0.5595155477800028,16.2956513629769,33.59981356166148,510.94272428740385,24.724673797385154,381.2129435490857,55.290362906472296,0.0011087245858360782,5.5436229291803905,322.86459363423995,0.3653881424879127,CYLINDER,CYLINDER_3,0.4,0.6,True
10.14,10.14,AEROTWIN-4-001,TAKEOFF,0.2060000000000002,1190.869020438174,88.96733437250775,32.815894198651954,60.77096387814334,20.913415806352187,2.4567494453710736,37.400798626420084,-0.2981282084151001,-0.2981282084151001,-1.7884787233251047,63.15569901829865,33.65561718188594,511.2608753750076,24.72519880130001,381.0178052329756,55.26206043538031,0.0011135238939462546,5.567619469731273,322.88608301475824,0.5560621586450403,CYLINDER,CYLINDER_3,0.4,0.6,True
10.15,10.15,AEROTWIN-4-001,TAKEOFF,0.21000000000000013,1181.9401926279952,160.4194755987982,33.56930323341628,5.348678556574571,21.555021548327506,2.4941502439974936,-18.70049323575043,-0.30497283329042246,-0.30497283329042246,-0.6132357119781077,6.571859935133523,33.71660941759916,511.60472592796305,24.72579898661898,381.8887153634266,55.38837549888067,0.0011256045560850876,5.628022780425439,322.9057494833859,0.5612262668305182,CYLINDER,CYLINDER_3,0.4,0.6,True
10.16,10.16,AEROTWIN-4-001,TAKEOFF,0.21400000000000005,1191.9907395580533,231.3358871564779,34.149708448536636,44.75827135596155,21.233005338513195,2.4754497507617432,21.04981626668661,-1.8168499549054686,-0.31024574055575976,47.19561279197853,-0.31024574055575976,33.78034714179802,511.9621535766045,24.726439925673933,381.45358707224676,55.325265361784524,0.0011287506727070075,5.643753363535038,322.9235806183597,0.25275576049972576,CYLINDER,CYLINDER_3,0.4,0.6,True
10.17,10.17,AEROTWIN-4-001,TAKEOFF,0.21799999999999997,1193.4843676502096,302.8553315299611,34.85565688393338,27.22039438355704,21.595647455519924,2.49649956702843,3.1282473610086856,-1.9950552089838502,-0.31665919194624237,29.848767976433376,-0.31665919194624237,33.848575325728994,512.3409529112857,24.72714744321537,381.94333384484946,55.39629725418928,0.0011383999590192325,5.691999795096162,322.93956515715274,0.20101515812220414,CYLINDER,CYLINDER_3,0.4,0.6,True
10.18,10.18,AEROTWIN-4-001,TAKEOFF,0.22199999999999986,1187.3802975056692,374.46439358897373,35.505401170346296,11.365095563275858,21.6498023642762,2.499627814389439,-12.784334615389781,12.549974707933439,-0.604267480181371,-0.2580496286560936,-0.322562035820117,33.920449521063574,512.7369223889251,24.72791005080435,382.0160452761413,55.406843174760986,0.0011451400101584281,5.725700050792141,322.9536930035876,0.48989704121547245,CYLINDER,CYLINDER_3,0.4,0.6,True
10.19,10.19,AEROTWIN-4-001,TAKEOFF,0.22599999999999978,1208.4822012802058,445.7072114393139,36.102665190938865,68.11148045421635,21.428913057880138,2.486843479774049,44.19572391656216,71.15486868835713,-2.4530096484160477,-0.26239048254432623,-0.3279881031804078,33.99514803163196,513.1463765995616,24.728716303637814,381.7187774691324,55.36372804656803,0.001149150968182146,5.74575484091073,322.96595523421377,0.6274180055265967,CYLINDER,CYLINDER_3,0.4,0.6,True
10.200000000000001,10.200000000000001,AEROTWIN-4-001,TAKEOFF,0.23000000000000043,1200.0115661163063,518.2161435161262,36.89022338020742,6.987524898653785,22.197342496394146,2.531039203690611,-17.740856801430972,8.523584526961269,-0.932802284532693,-0.2681143750110181,-0.3351429687637726,34.07550978452126,513.5806381279783,24.72960855277523,382.74515184104087,55.51259133272089,0.0011631078951430348,5.815539475715174,322.97634410394346,0.5911800303350792,CYLINDER,CYLINDER_3,0.4,0.6,True
10.21,10.21,AEROTWIN-4-001,TAKEOFF,0.23400000000000032,1217.482998905023,590.2168374831045,37.471410065168655,60.99263824271827,21.88725663134894,2.51329834688918,36.59208326448015,-0.3404229755828256,63.567440012007154,-0.27233838046626047,-1.9620404132397975,34.15833638612596,514.0264128459715,24.730540611648614,382.3335831991942,55.45289824004473,0.0011662432393370918,5.831216196685459,322.9848530509439,0.47925448607217436,CYLINDER,CYLINDER_3,0.4,0.6,True
10.22,10.22,AEROTWIN-4-001,TAKEOFF,0.23800000000000024,1223.497187001817,663.265817417406,38.23818005414512,37.675202803011096,22.529226278059642,2.5498904301536602,12.596086094797794,-0.3473889830210568,40.4789829990561,-0.2779111864168455,-2.1784800266071027,34.24649867318433,514.4945309529244,24.731555563663953,383.1818481430024,55.57592889096478,0.0011791789920588336,5.895894960294168,322.99147670078185,0.07800228376369561,CYLINDER,CYLINDER_3,0.4,0.6,True
10.23,10.23,AEROTWIN-4-001,TAKEOFF,0.24200000000000016,1218.8427033852824,16.675648637514996,38.92462022268349,15.566517036343557,22.752358210734617,2.5624865162484576,-9.748327690639517,-0.35362520429821187,-0.35362520429821187,-0.6088437459711732,16.882611190911152,34.33870253487256,514.9795236163877,24.732635238801304,383.47328163006983,55.61819782106207,0.0011878926118305717,5.9394630591528585,322.99621086981807,0.47709674902545524,CYLINDER,CYLINDER_3,0.4,0.6,True
10.24,10.24,AEROTWIN-4-001,TAKEOFF,0.24600000000000005,1241.543489221799,89.80621084063195,39.53357722470733,72.67672924358384,22.579576378548825,2.552738188557818,47.544414676477196,-0.3591575009016869,-0.3591575009016869,-2.154932679486437,75.54997692487365,34.433647564192604,515.4763966845717,24.733760912886247,383.247761382371,55.58548881537632,0.0011924622812125945,5.962311406062973,322.9990525678499,0.6481959056641619,CYLINDER,CYLINDER_3,0.4,0.6,True
10.25,10.25,AEROTWIN-4-001,TAKEOFF,0.25,1231.164965487664,164.2988201939399,40.345823638961505,4.292045546196443,23.428492221806327,2.600282603234295,-21.736729278844177,-0.3665366558565178,-0.3665366558565178,-0.5951534908462623,5.62027234875574,34.53466712056713,515.9965768342668,24.734983290255798,384.3460510692301,55.744782554979,0.0012079854462504745,6.039927231252372,323.0,0.6998157725698667,CYLINDER,CYLINDER_3,0.4,0.6,True
10.26,10.26,AEROTWIN-4-001,TAKEOFF,0.2539999999999999,1246.9535604252858,238.1687181231997,40.913040718071706,58.68453621046168,23.03843442548114,2.5785458739554508,33.067555911025096,-2.368420648205194,-0.3716897505902434,61.79633635984736,-0.3716897505902434,34.63761233433467,516.5253045414762,24.736240981267887,383.844429159234,55.672028316396975,0.0012102628146343814,6.051314073171907,322.9990525678499,0.3795615854708357,CYLINDER,CYLINDER_3,0.4,0.6,True
10.27,10.27,AEROTWIN-4-001,TAKEOFF,0.2579999999999998,1245.5937463106402,312.98593174871684,41.67809811365211,23.396743517946792,23.63311810995922,2.611613429866476,-2.847988021878904,-2.077374814546645,-0.37864019933615867,26.23139873116575,-0.37864019933615867,34.7458141685942,517.073580596693,24.737584843709758,384.6072015492603,55.78265929830162,0.0012232942029746364,6.116471014873182,322.99621086981807,0.3889632137741161,CYLINDER,CYLINDER_3,0.4,0.6,True
10.28,10.28,AEROTWIN-4-001,TAKEOFF,0.26199999999999973,1249.7594996650428,387.72155652735523,42.31376895185296,34.91510082248311,23.581601957399535,2.608765441844597,8.72473342323898,36.948201037445195,-1.3411528770478742,-0.3075321501840927,-0.3844151877301159,34.857009058481886,517.6335669730516,24.738981525974058,384.54158308538115,55.77314212753751,0.001229281603939187,6.146408019695935,322.99147670078185,0.19847469774374585,CYLINDER,CYLINDER_3,0.4,0.6,True
10.290000000000001,10.290000000000001,AEROTWIN-4-001,TAKEOFF,0.26600000000000035,1269.0574762110473,462.7071265072578,42.99240550795151,66.77467568238494,23.73959794306593,2.617490175267836,40.417587564051175,70.33532636187208,-2.8576057539546453,-0.31246441134778125,-0.3905805141847266,34.97190821766199,518.2073390128675,24.740442471446325,384.7425582466161,55.80229116297271,0.0012376252184429762,6.1881260922148815,322.9848530509439,0.48531501956690765,CYLINDER,CYLINDER_3,0.4,0.6,True
10.3,10.3,AEROTWIN-4-001,TAKEOFF,0.27000000000000024,1256.1008430436948,538.8505750799206,43.790878854009826,0.0,24.478401286376748,2.657907762831887,-27.136309049208634,0.11870593567625264,-0.05985391979167337,-0.3182676340589846,-0.39783454257373074,35.092616930372465,518.8010373130649,24.742000881190158,385.67184268162345,55.9370727188573,0.0012526360099617355,6.263180049808677,322.97634410394346,0.8360608723279535,CYLINDER,CYLINDER_3,0.4,0.6,True
10.31,10.31,AEROTWIN-4-001,TAKEOFF,0.2740000000000002,1284.969774648598,614.2166256625424,44.336352538304666,87.07484142007765,23.981121001661062,2.630771453782678,60.4629489646339,-0.4027901013420511,90.706891281635,-0.3222320810736409,-2.907027679141657,35.2145484551919,519.4003403129713,24.74358723105064,385.0482369626799,55.84662619259316,0.001253595374643511,6.267976873217555,322.96595523421377,0.8172434247521915,CYLINDER,CYLINDER_3,0.4,0.6,True
10.32,10.32,AEROTWIN-4-001,TAKEOFF,0.27800000000000014,1278.332196982032,691.3148121414582,45.21557718440397,13.885627391625555,25.096103145488808,2.691234402747312,-13.901710156610566,-0.4107777449805034,16.103817112507805,-0.32862219598440273,-1.4787897799173433,35.34374433259811,520.0230331371392,24.745295393725424,386.43596639193123,56.04789969355292,0.0012732222322284505,6.366111161142253,322.9536930035876,0.6184922518441586,CYLINDER,CYLINDER_3,0.4,0.6,True
10.33,10.33,AEROTWIN-4-001,TAKEOFF,0.28200000000000003,1299.6000571442837,48.0147439603802,45.812545963464835,72.05813720650791,24.83750235171389,2.6773326925907015,44.54330216220331,-0.41620113010917914,-0.41620113010917914,-1.8562162243239708,74.74675569105023,35.474963527901,520.6533139645602,24.747045533638474,386.11745500046396,56.00170343835729,0.0012769933273731058,6.384966636865529,322.93956515715274,0.5293076411104893,CYLINDER,CYLINDER_3,0.4,0.6,True
10.34,10.34,AEROTWIN-4-001,TAKEOFF,0.2859999999999999,1306.4902507466331,125.99074738903722,46.63555121801427,42.823493675318616,25.670829945263982,2.7218759947529048,14.43078773530173,-0.4236780277542574,-0.4236780277542574,-2.056817615330491,45.727667346157624,35.61241352229046,521.302952568508,24.748903849966048,387.13685791244643,56.149555597905405,0.001293640728631488,6.468203643157441,322.9235806183597,0.13739215363222815,CYLINDER,CYLINDER_3,0.4,0.6,True
10.35,10.35,AEROTWIN-4-001,TAKEOFF,0.2899999999999998,1305.0672230982152,204.3801624338352,47.34402610771719,25.699678354413397,25.94375370934218,2.736306782488206,-2.980382137416988,-1.331599113068346,-0.4301144316594996,27.891506330800745,-0.4301144316594996,35.75389486616878,521.9653031474724,24.750837383507108,387.4663984498383,56.19735149836765,0.0013037969212455094,6.518984606227548,322.9057494833859,0.44967710742113476,CYLINDER,CYLINDER_3,0.4,0.6,True
10.36,10.36,AEROTWIN-4-001,TAKEOFF,0.29399999999999976,1319.4594336134076,282.68419581972813,47.985300836418055,58.76357029159315,25.887268675611207,2.7333264003507898,30.142975215631154,-3.189759536089277,-0.4359403306830685,62.82521048904856,-0.4359403306830685,35.89806924059478,522.6364850929705,24.752825923284544,387.3983671737701,56.18748437814927,0.0013100646817970523,6.550323408985262,322.88608301475824,0.25947523126317984,CYLINDER,CYLINDER_3,0.4,0.6,True
10.370000000000001,10.370000000000001,AEROTWIN-4-001,TAKEOFF,0.2980000000000004,1305.5055941007674,361.8517618365326,48.75792442845015,0.0,26.46138375928785,2.7634693755664204,-29.224853134854268,0.8103624649273442,-0.10735250644211608,-0.354367613886074,-0.44295951735759254,36.0474604867847,523.3230555800519,24.754910048921865,388.08574104413094,56.287179709558664,0.001323992898233015,6.619964491165076,322.86459363423995,0.9245817166442216,CYLINDER,CYLINDER_3,0.4,0.6,True
10.38,10.38,AEROTWIN-4-001,TAKEOFF,0.30200000000000027,1337.5317173479957,440.1820974825787,49.29474181825395,95.71426282083684,25.90466262076894,2.7342445224315663,67.07535567763634,99.82995131184022,-3.309582908370911,-0.3582691478366521,-0.44783643479581514,36.197399874095254,524.0124815880224,24.75701666362254,387.41932613953105,56.19052422462531,0.0013241595247825966,6.620797623912984,322.84129491498425,0.8832111463969768,CYLINDER,CYLINDER_3,0.4,0.6,True
10.39,10.39,AEROTWIN-4-001,TAKEOFF,0.3060000000000002,1326.9608490350329,520.4340005234585,50.219174233462354,7.8529620065278465,27.19121695113201,2.8013198781092026,-22.139574822713364,9.820106589514234,-1.1459219695474023,-0.3649878281951047,-0.4562347852438809,36.35552889430713,524.7243974271853,24.759267974657195,388.94675662377637,56.412059687199275,0.0013470887762761072,6.735443881380536,322.81620157296163,0.8133147273784381,CYLINDER,CYLINDER_3,0.4,0.6,True
10.4,10.4,AEROTWIN-4-001,TAKEOFF,0.31000000000000016,1357.6534831838962,600.0516514655604,50.785667695472945,93.82479948729018,26.76311654307839,2.779180303286489,64.28250264092529,-0.46138130600865784,97.65360384560397,-0.3691050448069263,-2.9983180074982094,36.51463246543704,525.439984998235,24.76155032027969,388.44341456072056,56.33905596105779,0.001348887606355322,6.74443803177661,322.78932945766473,0.8247459299674764,CYLINDER,CYLINDER_3,0.4,0.6,True
10.41,10.41,AEROTWIN-4-001,TAKEOFF,0.31400000000000006,1355.5431095166527,681.5108604565942,51.7032758527663,26.43900425795368,28.01549772491988,2.8434628059274143,-4.419956272893613,-0.4697176589449794,29.477019289736994,-0.3757741271559835,-2.1925232456823505,36.681823409087585,526.1768368660722,24.763978583193506,389.90268318207023,56.550705363361104,0.0013717302182353456,6.858651091176729,322.7606955420976,0.514694830220258,CYLINDER,CYLINDER_3,0.4,0.6,True
10.42,10.42,AEROTWIN-4-001,TAKEOFF,0.31799999999999995,1376.0106747050377,42.843447027593356,52.343876094317295,73.63468044515575,27.92846930703451,2.8390428496545206,42.86716828846672,-0.4755374303389195,-0.4755374303389195,-1.9401855587143095,76.52594086454789,36.85135474247675,526.9203629913561,24.76646194207881,389.80255915510776,56.536183574738516,0.0013779141944674535,6.8895709723372685,322.730317912055,0.44508904089589435,CYLINDER,CYLINDER_3,0.4,0.6,True
10.43,10.43,AEROTWIN-4-001,TAKEOFF,0.32199999999999984,1384.6254444070807,125.40408750989562,53.17803218836031,49.70287103316414,28.778229543017325,2.8819100179429875,18.04273147220383,-0.48311563193690604,-0.48311563193690604,-2.3626860828099936,53.031788379847946,37.0272495822622,527.68007277716,24.769066420568315,390.7723105160935,56.676834372633174,0.0013959889588260623,6.979944794130312,322.6982157546991,0.13399987585147027,CYLINDER,CYLINDER_3,0.4,0.6,True
10.44,10.44,AEROTWIN-4-001,TAKEOFF,0.3259999999999998,1386.6476378454813,208.48161417432047,53.91255743811801,36.274925195626395,29.139700412733124,2.8999527494151915,4.235272033478079,-1.7517662497921513,-0.4897887000367816,39.00626884549211,-0.4897887000367816,37.20736458245568,528.450481862477,24.771758821541972,391.17961313200175,56.73590872943927,0.0014080039356637352,7.040019678318677,322.6644093464406,0.38213433103502575,CYLINDER,CYLINDER_3,0.4,0.6,True
10.450000000000001,10.450000000000001,AEROTWIN-4-001,TAKEOFF,0.3300000000000004,1398.2373719790423,291.68047244504936,54.59154436901141,56.40254787032147,29.224877441503377,2.9041880214486695,24.273482407369425,-3.456543524034061,-0.4959572096016629,60.85100581355886,-0.4959572096016629,37.390461656964426,529.2284973749917,24.774519925228745,391.27514802748203,56.74976491960994,0.0014165604247789254,7.082802123894627,322.62892004013156,0.10523694908773161,CYLINDER,CYLINDER_3,0.4,0.6,True
10.46,10.46,AEROTWIN-4-001,TAKEOFF,0.3340000000000003,1392.1291718743746,375.5747147637919,55.35405590094116,19.85092481140085,29.715447691198868,2.928461503856039,-12.792984383654055,21.768780849138082,-1.01266388463471,-0.402307623601122,-0.5028845295014025,37.57831315413162,530.0180295286079,24.7773797272291,391.82214826156803,56.829100739561305,0.0014303975291763387,7.151987645881695,322.5917702515785,0.6952443991493904,CYLINDER,CYLINDER_3,0.4,0.6,True
10.47,10.47,AEROTWIN-4-001,TAKEOFF,0.33800000000000024,1420.4996711636156,459.10246507625436,55.963352578806415,91.79109418531647,29.456390902007534,2.915668519472385,59.41903476383655,96.47138038235762,-3.76513035541142,-0.4067359296132178,-0.5084199120165223,37.76753120809968,530.8112055783389,24.780283344864756,391.53397327638646,56.78730441606054,0.0014345522763928428,7.1727613819642135,322.5529834453841,0.7007163797202561,CYLINDER,CYLINDER_3,0.4,0.6,True
10.48,10.48,AEROTWIN-4-001,TAKEOFF,0.34200000000000014,1405.463878474801,544.3324453460713,56.875124356244534,2.153417721544833,30.669220735361417,2.975087554236221,-31.490890568052805,-0.5167032421871274,3.3762349509855616,-0.4133625937497019,-0.29275139350389917,37.96474471294205,531.6227110122362,24.78334147815588,392.8703270755541,56.981126498384214,0.001458032956847391,7.290164784236955,322.5125841201264,1.032337857728991,CYLINDER,CYLINDER_3,0.4,0.6,True
10.49,10.49,AEROTWIN-4-001,TAKEOFF,0.3460000000000001,1440.2910273425562,628.6602780545593,57.40737825096995,105.90880465072502,30.02339796811176,2.9435966636681683,72.94181001894508,-0.5215387008552921,110.75804531168636,-0.41723096068423365,-3.9104709994218156,38.16146234326297,532.4334848991338,24.786414456404998,392.16275823240005,56.87850212851084,0.001457160649792468,7.28580324896234,322.47059779288526,0.9229626605307842,CYLINDER,CYLINDER_3,0.4,0.6,True
10.5,10.5,AEROTWIN-4-001,TAKEOFF,0.35,1423.8483557660763,715.0777396951127,58.3797266465937,0.10887027225578039,31.529782618607825,3.0165384736871137,-34.43745082003916,-0.5303723618668672,1.4048510989105891,-0.4242978894934938,-0.34131057529444764,38.36753579921295,533.2649153598022,24.789667575226762,393.7994097481172,57.11587879104743,0.0014848515781052817,7.424257890526409,322.42705098312484,1.0951412711645072,CYLINDER,CYLINDER_3,0.4,0.6,True
10.51,10.51,AEROTWIN-4-001,TAKEOFF,0.35399999999999987,1462.5779881269602,80.50864104107723,58.90078155313606,114.91124371616783,30.813990359176504,2.982101022867074,81.11515233412426,-0.5351060791574279,-0.5351060791574279,-3.1666844088472814,119.14814028332997,38.57267214143174,534.0945131997069,24.79292994665177,393.02770829780354,57.00395275609683,0.0014830758702338558,7.415379351169279,322.3819711959435,1.0550077099781712,CYLINDER,CYLINDER_3,0.4,0.6,True
10.52,10.52,AEROTWIN-4-001,TAKEOFF,0.3579999999999998,1447.310334201312,168.26332032869482,59.91081200878277,3.5998279775787054,32.51311140928941,3.0632161752011986,-31.9764996069119,-0.5442820768725538,-0.5442820768725538,-0.6642880027029893,5.352680134026802,38.788065811084834,534.9459695074829,24.796391065656284,394.8425953308698,57.267180341598696,0.0015136879882795507,7.568439941397753,322.33538690470107,1.0616357026442773,CYLINDER,CYLINDER_3,0.4,0.6,True
10.53,10.53,AEROTWIN-4-001,TAKEOFF,0.3619999999999997,1475.461824683455,255.10194038077353,60.444413747176796,93.82943787562162,31.837854409157952,3.0312396755942865,58.96034379086938,-3.9800299942541906,-0.5491297805283368,98.90772743093248,-0.5491297805283368,39.00259731463407,535.7955961273107,24.799864734303792,394.1283083861379,57.16358159170867,0.001512528075460752,7.56264037730376,322.28732753303433,0.6598873982088366,CYLINDER,CYLINDER_3,0.4,0.6,True
10.540000000000001,10.540000000000001,AEROTWIN-4-001,TAKEOFF,0.3660000000000003,1460.5739581177045,343.6296498617808,61.363897614352936,4.997574992728435,33.08844979373478,3.090200019385156,-31.1810748203915,-1.178428779836096,-0.5574831740494274,7.290970120663386,-0.5574831740494274,39.2252856795879,536.6620470061351,24.80350496151505,395.4441972276725,57.35443547750716,0.0015374372351010864,7.687186175505432,322.23782343627255,1.06306763685106,CYLINDER,CYLINDER_3,0.4,0.6,True
10.55,10.55,AEROTWIN-4-001,TAKEOFF,0.3700000000000003,1501.5519184331677,431.2640873488431,61.90089321340281,121.30713160494263,32.42407326960923,3.0590189445647646,85.82403939076863,126.31359525466078,-3.9942125708255585,-0.4498893683967155,-0.5623617104958943,39.447042682157004,537.5264560987465,24.80715796993363,394.74892347128684,57.2535943624285,0.0015363844639871987,7.681922319935994,322.1869058822642,1.1157309223066196,CYLINDER,CYLINDER_3,0.4,0.6,True
10.56,10.56,AEROTWIN-4-001,TAKEOFF,0.37400000000000017,1487.994931028995,521.3572024548331,62.937226981938466,9.020134530739709,34.26897956928949,3.144842983955533,-28.393688022505316,11.420169235613713,-1.3708366980642717,-0.45742133635988125,-0.5717766704498516,39.67976122468684,538.4128169470349,24.81102901686844,396.6592523969156,57.530664649143844,0.001569718820514646,7.848594102573229,322.13460703162787,1.0211571770439416,CYLINDER,CYLINDER_3,0.4,0.6,True
10.57,10.57,AEROTWIN-4-001,TAKEOFF,0.3780000000000001,1529.776749605182,610.6368983165728,63.489243701240866,124.27705327291126,33.652967781930876,3.1164492959330277,87.50763619504735,-0.576791671855712,129.39652510444267,-0.4614333374845696,-4.081246822191137,39.91167204048937,539.2972086366572,24.814917386298337,396.0284146551141,57.43916920474844,0.0015694594787913152,7.847297393956576,322.0809599174384,1.1408984501340438,CYLINDER,CYLINDER_3,0.4,0.6,True
10.58,10.58,AEROTWIN-4-001,TAKEOFF,0.382,1515.2311765225588,702.4235032928838,64.53299149195,8.309183085837349,35.56940317945781,3.203956932128075,-30.464177025748537,-0.5862739872543921,10.692293877641031,-0.46901918980351365,-1.327817614745777,40.15482817991452,540.2033970277143,24.819033173097694,397.96898140058784,57.72062512437846,0.0016040702656062039,8.020351328031019,322.0259984243631,1.0625723642943092,CYLINDER,CYLINDER_3,0.4,0.6,True
10.59,10.59,AEROTWIN-4-001,TAKEOFF,0.3859999999999999,1558.4243495316134,73.33737388423731,65.07969996486793,128.5332727261589,34.8962099640703,3.1734927551023264,90.46357000698629,-0.5912407639196786,-0.5912407639196786,-3.3984864473708503,133.1142407013691,40.39679742519344,541.1066968919597,24.823162252996053,397.2946261566473,57.62281798850781,0.0016031720524439948,8.015860262219975,321.9697572672589,1.1885508970161345,CYLINDER,CYLINDER_3,0.4,0.6,True
10.6,10.6,AEROTWIN-4-001,TAKEOFF,0.3899999999999998,1541.6322866327869,166.84283485613412,66.13555315396185,5.0088107722740505,36.914068741546075,3.2639563251093127,-35.16921429438134,-0.6008330553169026,-0.6008330553169026,-0.8205803541391766,7.031057237047032,40.650425170351625,542.03192561946,24.8275306495813,399.29339555837305,57.91271550499531,0.0016394693884557439,8.19734694227872,321.9122719692461,1.1494570094739816,CYLINDER,CYLINDER_3,0.4,0.6,True
10.61,10.61,AEROTWIN-4-001,TAKEOFF,0.39399999999999974,1571.8406400007125,259.3407720541013,66.66610296412523,102.61986886309445,36.12285440713245,3.228787110814931,63.26822734514707,-4.464017169339597,-0.6056530325944219,108.29519209762289,-0.6056530325944219,40.90219358485106,542.9528270303875,24.83190307696592,398.5176740597992,57.800206410285156,0.0016370858765843337,8.185429382921669,321.853578839271,0.7082924963812101,CYLINDER,CYLINDER_3,0.4,0.6,True
10.620000000000001,10.620000000000001,AEROTWIN-4-001,TAKEOFF,0.39800000000000035,1552.4205180129336,353.65121045414406,67.60954039531178,0.17102919012416073,37.55238223104614,3.292055338160078,-40.673408379082055,-0.5094097809467623,-0.6142240411858302,1.9088870534425832,-0.6142240411858302,41.16275383268501,543.8896523431996,24.836468434498112,399.9119696728687,58.002432257413524,0.0016655669103236386,8.327834551618192,321.79371494917257,1.260427207285369,CYLINDER,CYLINDER_3,0.4,0.6,True
10.63,10.63,AEROTWIN-4-001,TAKEOFF,0.40200000000000025,1594.2672924176889,446.79644153492006,68.11689525211087,127.52525492475917,36.63019363070666,3.251381929780996,87.64367936427152,133.2731516683138,-4.633996812061667,-0.4950666362191055,-0.618833295273882,41.42070453578633,544.820734113768,24.841025727069518,399.01623713529864,57.87251700162945,0.0016612879424158264,8.306439712079133,321.7327181102668,1.1191566142478457,CYLINDER,CYLINDER_3,0.4,0.6,True
10.64,10.64,AEROTWIN-4-001,TAKEOFF,0.40600000000000025,1574.4277520625167,542.4524790799813,69.16481273582588,0.4187932997398973,38.63160384419926,3.3390256091452675,-41.55183615360463,-0.6283534918010772,1.7514875361246016,-0.5026827934408619,-0.2016579511427651,41.6901880617188,545.77247317196,24.845828465060794,400.9436267741993,58.15206174007631,0.0016981119815758978,8.49055990787949,321.67062684946455,1.2841780527805595,CYLINDER,CYLINDER_3,0.4,0.6,True
10.65,10.65,AEROTWIN-4-001,TAKEOFF,0.41000000000000014,1611.0625775293502,636.9181442037324,69.67113285368029,117.70137263531979,37.67609982756269,3.297473772991663,76.72779903476543,-0.6329533454179462,123.55327592370104,-0.506362676334357,-4.712587266628946,41.95679048054334,546.7179160935449,24.850620232001404,400.03112989124065,58.019715017165765,0.0016934284073541112,8.467142036770557,321.607480384937,0.920882127768054,CYLINDER,CYLINDER_3,0.4,0.6,True
10.66,10.66,AEROTWIN-4-001,TAKEOFF,0.41400000000000003,1600.4575561067134,13.581898855493364,70.67435559807713,20.612940245307314,39.449843601626384,3.374201572026429,-22.2111049283455,-0.6420674959456681,-0.6420674959456681,-0.9046796573425882,22.801754894541236,42.23376928808455,547.6814235815759,24.855640957133442,401.71433235339816,58.26384333587216,0.0017273814735149482,8.636907367574741,321.54331860134454,0.9578566784128455,CYLINDER,CYLINDER_3,0.4,0.6,True
10.67,10.67,AEROTWIN-4-001,TAKEOFF,0.4179999999999999,1627.2946716844665,109.60935222189617,71.2640033950419,98.4916998126086,38.93218591710442,3.3519904670980836,56.2075234284061,-0.6474243708868435,-0.6474243708868435,-3.6592529760571546,103.44580153043944,42.509894825360384,548.6422983732251,24.86068937398402,401.22787496809997,58.19328852962328,0.0017289632334399896,8.644816167199947,321.47818202464487,0.5578495573755693,CYLINDER,CYLINDER_3,0.4,0.6,True
10.68,10.68,AEROTWIN-4-001,TAKEOFF,0.4219999999999998,1628.2869619551295,207.24703252296416,72.18189425229438,45.73523979876431,40.248793925208794,3.408197990526489,2.0782478830290283,-2.251700335925217,-0.6557632921161947,49.298466718921915,-0.6557632921161947,42.79408940122943,549.6166529160449,24.86592907628419,402.4576684615278,58.37165531832307,0.0017567062825563653,8.783531412781826,321.412111796496,0.5452420196530129,CYLINDER,CYLINDER_3,0.4,0.6,True
10.69,10.69,AEROTWIN-4-001,TAKEOFF,0.4259999999999998,1632.9675945041615,304.9442502402719,72.8747509528112,53.51126476233711,40.29789463713289,3.4102762384095184,9.803093886794702,-4.070214324200732,-0.6620578067670239,58.905594700071894,-0.6620578067670239,43.08009870554959,550.5930738625532,24.87124773910668,402.5030613906836,58.37823901798197,0.0017664784560448244,8.832392280224122,321.3451496482701,0.4213261319717422,CYLINDER,CYLINDER_3,0.4,0.6,True
10.700000000000001,10.700000000000001,AEROTWIN-4-001,TAKEOFF,0.4300000000000004,1661.2507534055837,402.9223059105216,73.6001581796099,103.18609506047363,40.52990624482937,3.420079332296313,59.23610948334795,107.80481150166558,-3.4151499713652234,-0.5349184310341042,-0.6686480387926302,43.36879143918973,551.5730902707769,24.876662072017943,402.7171052809714,58.40928351574153,0.0017789048105037574,8.894524052518786,321.2773378746952,0.6004059341665524,CYLINDER,CYLINDER_3,0.4,0.6,True
10.71,10.71,AEROTWIN-4-001,TAKEOFF,0.4340000000000003,1656.8810534319498,502.5973511148566,74.53094247630827,36.27346576197617,41.94602854390317,3.479315441779661,-9.15187822370666,40.57686465450972,-3.0846115210422647,-0.54168327621835,-0.6771040952729375,43.665902161095374,552.5667276226098,24.882280397001,404.00789027861487,58.596496390229746,0.0018084536740763761,9.042268370381882,321.208719307141,0.7532987494276356,CYLINDER,CYLINDER_3,0.4,0.6,True
10.72,10.72,AEROTWIN-4-001,TAKEOFF,0.4380000000000003,1702.7153752646211,602.0102143207737,75.1800242182786,141.19099455330135,41.725651821885656,3.4701635635559542,95.99517916785973,-0.683000920015154,146.94372999920813,-0.5464007360121231,-4.523333789879498,43.96336454220354,553.5596513120869,24.88795469170374,403.80875504227197,58.567614213821045,0.0018145604806925958,9.07280240346298,321.1393372865654,1.2388073460696951,CYLINDER,CYLINDER_3,0.4,0.6,True
10.73,10.73,AEROTWIN-4-001,TAKEOFF,0.44200000000000017,1683.8350702670941,704.1731368366509,76.25725190484212,8.08943696204208,44.066096537828535,3.566158742723814,-39.54281831851027,-0.6927873959925027,10.753540606965982,-0.5542299167940022,-1.4170863321373963,44.27357172653426,554.5733951901124,24.89391941170779,405.89234287476415,58.869813625870044,0.0018575656994643417,9.287828497321708,321.06923563613975,1.2784376551622154,CYLINDER,CYLINDER_3,0.4,0.6,True
10.74,10.74,AEROTWIN-4-001,TAKEOFF,0.44600000000000006,1731.406912085591,85.2032410526765,76.78765515389514,146.25512231909158,43.09427387820236,3.526615924405304,99.63423251648392,-0.6976060417810495,-0.6976060417810495,-4.170976440875469,151.82131084352915,44.58035936792697,555.5797039119026,24.899872984950296,405.035436788979,58.74552968099994,0.0018531133179134933,9.265566589567467,320.998458633569,1.3003986412341384,CYLINDER,CYLINDER_3,0.4,0.6,True
10.75,10.75,AEROTWIN-4-001,TAKEOFF,0.44999999999999996,1712.1657670999466,189.08765577781196,77.8751306371935,8.891366879543936,45.56367654499339,3.626250156921788,-40.298559822371246,-0.8380803591608543,-0.707485617683156,11.144418474071102,-0.707485617683156,44.90034658782014,556.607242847856,24.90613159225625,407.1909179536656,59.05815635816375,0.00189820162936333,9.491008146816652,320.92705098312484,1.2939232522309214,CYLINDER,CYLINDER_3,0.4,0.6,True
10.76,10.76,AEROTWIN-4-001,TAKEOFF,0.45399999999999985,1727.7438769165185,291.81760180380877,78.40753001394887,80.76927279007433,44.556604288603616,3.585951597099417,32.62671690437129,-4.9597496423522,-0.7123223980369858,87.15366722850051,-0.7123223980369858,45.216651937921235,557.6268471054167,24.912376666878988,406.32054618639035,58.93191937778168,0.0018934218068594353,9.467109034297177,320.8550577874099,0.12722655916214176,CYLINDER,CYLINDER_3,0.4,0.6,True
10.77,10.77,AEROTWIN-4-001,TAKEOFF,0.45799999999999985,1747.1492310579529,395.48223441879986,79.22919003434343,89.63214472354403,45.3710877355145,3.618578314003788,40.64247867402574,94.06126719399884,-3.1335057365320504,-0.5758296595212358,-0.7197870744015447,45.53808361865355,558.6536375893169,24.918776633161904,407.02537053989926,59.03414569236591,0.0019149328901447342,9.574664450723672,320.7825245188697,0.2686039385412862,CYLINDER,CYLINDER_3,0.4,0.6,True
10.78,10.78,AEROTWIN-4-001,TAKEOFF,0.46199999999999974,1743.8649316229219,500.31118828227704,80.08187554289185,43.17659258630115,46.39599244514498,3.659220792677814,-6.8786206515216435,47.970771163393756,-3.4846180730370047,-0.5820268906913802,-0.7275336133642253,45.86556883565831,559.6890748914659,24.925352011252343,407.9015821755332,59.16122967557498,0.001939589360401282,9.69794680200641,320.7094969910712,0.7332203754413953,CYLINDER,CYLINDER_3,0.4,0.6,True
10.790000000000001,10.790000000000001,AEROTWIN-4-001,TAKEOFF,0.4660000000000003,1793.890830562728,604.9430841796524,80.74807696536223,154.64806548288465,46.22172557851141,3.6523421720262923,104.77399773234694,-0.733585968217711,160.95261805019425,-0.5868687745741689,-4.984097824517706,46.193266156307054,560.7232187041606,24.931991258462507,407.753423314674,59.13974101071369,0.0019469095820412899,9.73454791020645,320.63602132976615,1.3804873284412653,CYLINDER,CYLINDER_3,0.4,0.6,True
10.8,10.8,AEROTWIN-4-001,TAKEOFF,0.4700000000000003,1769.5059850565838,712.5765340134161,81.84534024716915,1.5972845978347343,48.91166942875924,3.7571161697586395,-51.07150100068314,-0.7435544650194287,3.6561965777421945,-0.5948435720155429,-0.7205139428724885,46.534818630492666,561.778948592512,24.938963389455687,410.00417714151496,59.466185844251044,0.001995842866019032,9.97921433009516,320.5621439437572,1.4937455980916425,CYLINDER,CYLINDER_3,0.4,0.6,True
10.81,10.81,AEROTWIN-4-001,TAKEOFF,0.4740000000000002,1810.2829196134683,98.74689311681118,82.34670453024195,136.700024651168,47.59096795586342,3.706044668757956,85.40301202654663,-0.7481092955101352,-0.7481092955101352,-4.436451619973222,142.63269486216151,46.870971587368885,562.8238345855807,24.945893635647653,408.9086499138134,59.307292766199666,0.0019868133095547937,9.93406654777397,320.4879114955846,1.0395237318854027,CYLINDER,CYLINDER_3,0.4,0.6,True
10.82,10.82,AEROTWIN-4-001,TAKEOFF,0.4780000000000001,1810.0588369187026,207.3638682936193,83.36701659624137,53.1317666457127,49.80963666337723,3.791447680784503,-0.46931769844903437,-2.6109105804701924,-0.7573787003424195,57.257434626867735,-0.7573787003424195,47.218584002659405,563.8860742579184,24.953115476539256,410.7389425657634,59.572754751853196,0.002029206540052332,10.14603270026166,320.4133708720539,0.6192449261633651,CYLINDER,CYLINDER_3,0.4,0.6,True
10.83,10.83,AEROTWIN-4-001,TAKEOFF,0.482,1804.5801684450832,315.96739850874144,84.06289686029895,42.11378817392695,49.79730622962464,3.790978363086054,-11.474496418783744,-3.9811768080344296,-0.7637006836819268,47.622366349325226,-0.7637006836819268,47.56692274420374,564.947661903007,24.960419479465816,410.7289071909859,59.571299241166216,0.00203931353441672,10.196567672083601,320.3385691546205,0.8242275202944589,CYLINDER,CYLINDER_3,0.4,0.6,True
10.84,10.84,AEROTWIN-4-001,TAKEOFF,0.4859999999999999,1856.2905281606963,424.24220861544643,84.71715312583534,161.57773843983728,49.496310441799615,3.77950386666727,108.3019241313704,168.16188847487132,-5.198789902076077,-0.6157156146479899,-0.7696445183099873,47.91460825025155,566.006361856194,24.967777920220986,410.4834717550778,59.53570177641297,0.002045178697047203,10.225893485236014,320.26355358965225,1.4349358705584454,CYLINDER,CYLINDER_3,0.4,0.6,True
10.85,10.85,AEROTWIN-4-001,TAKEOFF,0.48999999999999977,1829.4276893030458,535.6196403050882,85.8132755473787,0.0,52.373592349042184,3.8878057907986405,-56.26139813984082,1.7329072780841195,-0.44657927518714075,-0.6236821204335129,-0.7796026505418912,48.27654433881668,567.0867558932865,24.975493700313216,412.79414927162367,59.87083782205775,0.002097431915113049,10.487159575565245,320.18837155858796,1.5939259693232797,CYLINDER,CYLINDER_3,0.4,0.6,True
10.86,10.86,AEROTWIN-4-001,TAKEOFF,0.4939999999999998,1864.4874841602089,645.385301663271,86.3087732540847,128.12934491246185,50.86873788005078,3.8315443926587993,73.42906263975226,-0.7841041839354295,135.2107671822258,-0.6272833471483436,-5.67003473868017,48.632045996550964,568.1546274342271,24.983151095292058,411.5954131415446,59.696975531223345,0.0020860395963292425,10.430197981646213,320.11307054800983,0.8228412979447268,CYLINDER,CYLINDER_3,0.4,0.6,True
10.870000000000001,10.870000000000001,AEROTWIN-4-001,TAKEOFF,0.49800000000000033,1887.6097499341863,37.25455071288354,87.275692487562,105.16928693257232,52.837153284021575,3.9049734552985518,48.42716019325219,-0.7928885217021733,-0.7928885217021733,-2.8798846930457596,109.63494866902242,48.99740700230533,569.2368278130115,24.991082186351314,413.159240271956,59.92378989056395,0.0021253693539983903,10.626846769991952,320.03769811965003,0.40570500783164065,CYLINDER,CYLINDER_3,0.4,0.6,True
10.88,10.88,AEROTWIN-4-001,TAKEOFF,0.5020000000000002,1873.6326111116223,150.51113570893472,88.14697328924572,28.835538838112225,54.155789318068436,3.953400615491804,-29.273651095448017,-0.8008039965284881,-0.8008039965284881,-2.3651957113848936,32.80234254255409,49.36935967881699,570.3278827248008,24.999225052354845,414.1873783004249,60.072908973937025,0.0021552011606600584,10.776005803300293,319.9623018803499,1.1315795384219374,CYLINDER,CYLINDER_3,0.4,0.6,True
10.89,10.89,AEROTWIN-4-001,TAKEOFF,0.5060000000000002,1910.519246252908,262.9290923756321,88.74635281489063,134.53606142738477,53.35674647931438,3.9241269643963563,77.25518798367403,-6.000880576127415,-0.806249282982043,142.14944056947627,-0.806249282982043,49.73807219196612,571.4116710614429,25.007377932190987,413.5661840231107,59.98281219834393,0.002154313162505119,10.771565812525594,319.88692945199017,0.8943056047360469,CYLINDER,CYLINDER_3,0.4,0.6,True
10.9,10.9,AEROTWIN-4-001,TAKEOFF,0.5100000000000001,1900.5385256861414,377.56024715080656,89.71677662565159,38.5761297623093,55.47831988332055,4.00138215238003,-20.903572273391283,41.887588777756555,-1.8443411885526375,-0.6520523675087174,-0.8150654593858968,50.11697915553252,572.5101732475866,25.015821579983236,415.2035741629048,60.220295989439386,0.002196076534062576,10.980382670312881,319.81162844141204,0.989656223663218,CYLINDER,CYLINDER_3,0.4,0.6,True
10.91,10.91,AEROTWIN-4-001,TAKEOFF,0.514,1905.083317327913,491.59255869197506,90.34873877185703,68.39925463900363,54.90018670297309,3.9804785801066385,9.518589355923904,74.48072050970416,-4.604013712084568,-0.6566454038293216,-0.820806754786652,50.49358336580007,573.6029354274053,25.02429731180836,414.7611609379548,60.15612926011909,0.0021985658533039943,10.992829266519973,319.73644641034775,0.47834511543861513,CYLINDER,CYLINDER_3,0.4,0.6,True
10.92,10.92,AEROTWIN-4-001,TAKEOFF,0.5179999999999999,1960.5590794479635,605.8975577316498,91.08489488175395,175.34122988891272,55.16306823368623,3.9899971694625624,116.18816448576392,-0.8274946390426421,182.49585262281158,-0.6619957112341136,-5.665132383622108,50.8717524888148,574.696326320575,25.032886072749534,414.9626744014575,60.185356369838594,0.0022133329496183073,11.066664748091537,319.6614308453796,1.5689267905350064,CYLINDER,CYLINDER_3,0.4,0.6,True
10.93,10.93,AEROTWIN-4-001,TAKEOFF,0.5219999999999998,1931.6802832432625,3.5311024985276163,92.17439792484986,2.045102458488831,58.422526458677524,4.106185333948327,-60.48360933413702,-0.8373926350666031,-0.8373926350666031,-0.3094518781588554,4.029339606780892,51.26491165790801,575.8121577680383,25.04187762888025,417.41477177089854,60.541003668107585,0.0022718867369287492,11.359433684643745,319.5866291279461,1.674329510302206,CYLINDER,CYLINDER_3,0.4,0.6,True
10.94,10.94,AEROTWIN-4-001,TAKEOFF,0.5259999999999998,1951.526434420356,119.43191949312337,92.682910197092,102.32547252162642,56.714088970352684,4.045701724614189,41.56568182665955,-0.8420124041261605,-0.8420124041261605,-4.40005467624031,108.40955200611906,51.650547570784525,576.9137168023702,25.05079398549047,416.14005022764394,60.356120604917024,0.002258206592992478,11.291032964962392,319.5120885044154,0.2644353147610353,CYLINDER,CYLINDER_3,0.4,0.6,True
10.950000000000001,10.950000000000001,AEROTWIN-4-001,TAKEOFF,0.5300000000000004,1984.8272112712368,236.52350555834474,93.52580974666961,131.71769191014113,57.8854405613266,4.08726740644085,69.7449839423737,-5.315400986770621,-0.8496700389011954,138.73243297471413,-0.8496700389011954,52.041670254010484,578.0222423542054,25.05991384636022,417.01647337310465,60.483235265088354,0.002286586087149919,11.432930435749595,319.4378560562428,0.7649920859126875,CYLINDER,CYLINDER_3,0.4,0.6,True
10.96,10.96,AEROTWIN-4-001,TAKEOFF,0.5340000000000003,1954.2528377707313,355.61313823461893,94.45400577463252,0.0,59.87780572781574,4.157012390383223,-64.03481811819896,-0.49227454997455905,-0.8581025812905466,1.5293234471359078,-0.8581025812905466,52.441738665760695,579.1433265287523,25.069317049618366,418.48307437677954,60.695948141459354,0.0023269585034918507,11.634792517459255,319.36397867023385,1.7511843548348782,CYLINDER,CYLINDER_3,0.4,0.6,True
10.97,10.97,AEROTWIN-4-001,TAKEOFF,0.5380000000000003,1982.6328668409128,472.86830850086284,94.9563871204263,121.57926409810834,58.04729263547845,4.092977572265024,59.43899389036487,129.09352518478372,-5.9614611136762194,-0.6901333213329606,-0.8626666516662007,52.83369627109734,580.2492802960066,25.078631998166042,417.13673408416673,60.500677638099376,0.0023114336332169675,11.557168166084837,319.2905030089288,0.5626648877698638,CYLINDER,CYLINDER_3,0.4,0.6,True
10.98,10.98,AEROTWIN-4-001,TAKEOFF,0.5420000000000001,2028.5931088537966,591.8262805113176,95.85461137657664,160.15680431196984,59.74548196922511,4.152416566155388,96.25890577658933,-0.8708269043358381,166.85873473275726,-0.6966615234686705,-5.134441992982909,53.233322886851184,581.3657480886811,25.08820467766753,418.38658544903103,60.68195358035656,0.002347887740865214,11.739438704326071,319.2174754811303,1.2234210263858438,CYLINDER,CYLINDER_3,0.4,0.6,True
10.99,10.99,AEROTWIN-4-001,TAKEOFF,0.546,1997.2642222214438,713.5418670425454,96.85369994214281,1.1811666616852077,62.54755791598457,4.2486754719319775,-65.61506672623133,-0.8799034963767917,3.507260822750213,-0.7039227971014332,-0.74226786758678,53.645094055535395,582.5000014331157,25.098141496350834,420.40311389719284,60.974426833421056,0.0024002775417612736,12.00138770880637,319.1449422125901,1.7746594140564462,CYLINDER,CYLINDER_3,0.4,0.6,True
11.0,11.0,AEROTWIN-4-001,TAKEOFF,0.5499999999999999,2025.671179394674,113.37772037583204,97.36593743911166,124.30900281793656,60.63055043522423,4.1830604052057465,59.495391977506586,-0.8845571086273037,-0.8845571086273037,-4.871657524377856,130.94977455956902,54.04838281938005,583.6184717782398,25.10798376163816,419.02954790865283,60.77520756957519,0.0023838962133450083,11.91948106672504,319.07294901687516,0.5703493303339152,CYLINDER,CYLINDER_3,0.4,0.6,True
11.01,11.01,AEROTWIN-4-001,TAKEOFF,0.5539999999999998,2058.6361868414274,234.91799113951248,98.25480578525593,135.6518100775379,62.36750413351883,4.242555797183253,69.04175014683582,-5.478510367664854,-0.8926323640492259,142.91558517330122,-0.8926323640492259,54.45913999132561,584.747154774953,25.118089247419974,420.2751868085794,60.95587254434274,0.0024210891506652584,12.105445753326293,319.00154136643107,0.754692600343876,CYLINDER,CYLINDER_3,0.4,0.6,True
11.02,11.02,AEROTWIN-4-001,TAKEOFF,0.5579999999999998,2025.8221734611705,358.43616234999814,99.16222599553065,0.0,64.41391136614493,4.311597547330089,-68.72550891347502,-0.18439174164253685,-0.9008761607878186,0.34129409242249825,-0.9008761607878186,54.87839460015286,585.8877485570825,25.12848753390574,421.71632563114804,61.16489243689045,0.0024626851515171413,12.313425757585707,318.93076436386025,1.837232623694517,CYLINDER,CYLINDER_3,0.4,0.6,True
11.03,11.03,AEROTWIN-4-001,TAKEOFF,0.5619999999999997,2045.3276629532536,479.98549275766834,99.67459390255807,107.47187596103588,62.37680226061822,4.242872038416614,40.85220166200104,114.98428739550663,-5.882455710436053,-0.7244247662376483,-0.9055309577970604,55.28866008390554,587.0117643460674,25.138779385062968,420.28179849194134,60.95683148967419,0.002444636573259924,12.22318286629962,318.8606627134346,0.23670495208646697,CYLINDER,CYLINDER_3,0.4,0.6,True
11.040000000000001,11.040000000000001,AEROTWIN-4-001,TAKEOFF,0.5660000000000003,2103.513078594794,602.7051525348636,100.504565548172,189.730740300287,63.58376650985357,4.283724240078615,121.86324955035482,-0.9130711442153959,197.4598314380228,-0.7304569153723167,-6.085563078148076,55.703916253583486,588.1420392358242,25.14928443201651,421.13507350135654,61.08058879048975,0.0024742982809671786,12.371491404835893,318.791280692859,1.662682938760076,CYLINDER,CYLINDER_3,0.4,0.6,True
11.05,11.05,AEROTWIN-4-001,TAKEOFF,0.5700000000000003,2076.4398889790245,8.915937250551224,101.54668324770384,14.956513663405293,67.25288191120637,4.40558748962897,-56.701955737430055,-0.9225386504438825,-0.9225386504438825,-0.8578789612263242,17.65946992551938,56.13417397674383,589.2949938600407,25.160243043915973,423.6708291206241,61.448369713997074,0.002539783100725443,12.698915503627216,318.7226621253048,1.619508791461788,CYLINDER,CYLINDER_3,0.4,0.6,True
11.06,11.06,AEROTWIN-4-001,TAKEOFF,0.5740000000000002,2077.9429044873564,133.5023305892927,102.10948994080645,73.02966451894027,65.53287066557768,4.34888553389154,3.1479083194710498,-0.9276516773839073,-0.9276516773839073,-4.037212664156891,78.92218053786497,56.556825230471254,590.4335218231021,25.171129465671193,422.4927320771246,61.27750087500199,0.002526909658742399,12.634548293711996,318.6548503517299,0.6116920789138,CYLINDER,CYLINDER_3,0.4,0.6,True
11.07,11.07,AEROTWIN-4-001,TAKEOFF,0.5780000000000001,2120.3605779227246,258.1789048585341,102.82968991069897,158.8191768997162,65.62777595955626,4.3520334422110105,88.83936749794894,-6.857866740768787,-0.9341946021454542,167.54543284477592,-0.9341946021454542,56.97948096647935,591.5702307365905,25.18212022809114,422.558216401817,61.28699859048673,0.0025403487474471398,12.701743737235699,318.587888203504,1.082687614727916,CYLINDER,CYLINDER_3,0.4,0.6,True
11.08,11.08,AEROTWIN-4-001,TAKEOFF,0.582,2121.905443414961,385.4005395338976,103.77396576184803,76.01091382662938,68.3344822961228,4.44087280970896,3.2355587207976164,80.74087998462012,-3.0329743481754585,-0.7542185821401289,-0.9427732276751611,57.41283332702951,592.7227009301425,25.193473665025614,424.4024207564807,61.554478301678444,0.002592182711306787,12.960913556533937,318.52181797535513,0.5909056004631689,CYLINDER,CYLINDER_3,0.4,0.6,True
11.09,11.09,AEROTWIN-4-001,TAKEOFF,0.5859999999999999,2101.14998691773,512.7148661387953,104.49525254024454,29.40807562724633,68.43409369455374,4.444108368429757,-43.470126435737164,34.38078045709134,-3.2639179831292715,-0.7594608207625506,-0.9493260259531883,57.84600066481219,593.8730214540668,25.204933687643774,424.4694472170441,61.56419968546564,0.0026059542132927612,13.029771066463807,318.45668139865546,1.4191580373341304,CYLINDER,CYLINDER_3,0.4,0.6,True
11.1,11.1,AEROTWIN-4-001,TAKEOFF,0.5899999999999999,2149.6842361485965,638.783865353859,105.09668979214533,173.15239481581162,67.10186268635927,4.40063824199402,101.64989388745833,-0.9547900065870194,181.9479544197256,-0.7638320052696155,-7.076937592057335,58.27317139658504,595.0116887692514,25.216357660354905,423.56811987783425,61.43347297084132,0.0025985819919133787,12.992909959566894,318.392519615063,1.2950339962920097,CYLINDER,CYLINDER_3,0.4,0.6,True
11.11,11.11,AEROTWIN-4-001,TAKEOFF,0.5939999999999998,2193.2725466047136,47.76491952277479,106.06309592226305,166.0310557354657,70.23762365869945,4.502288135881479,91.29114394088478,-0.9635696828752615,-0.9635696828752615,-4.280522548472303,172.23871764968854,58.71248636572001,596.1686897940838,25.22818961651421,425.67301731036713,61.73876308466103,0.0026570479605442492,13.285239802721247,318.32937315053545,1.1560247128348724,CYLINDER,CYLINDER_3,0.4,0.6,True
11.120000000000001,11.120000000000001,AEROTWIN-4-001,TAKEOFF,0.5980000000000003,2156.169498416684,179.3612723190576,106.9786476741926,0.0,73.11486312904623,4.593579279822364,-77.70844240886859,-0.9718873536314426,-0.9718873536314426,-0.06500567787840351,0.12011807957882958,59.16224073981958,597.3414464977766,25.240399285599647,427.55532178776593,62.01176876145399,0.002711057941876176,13.55528970938088,318.26728188973317,1.9810297358945737,CYLINDER,CYLINDER_3,0.4,0.6,True
11.13,11.13,AEROTWIN-4-001,TAKEOFF,0.6020000000000003,2153.710885486856,308.7314422240586,107.52341187386581,70.0286187995006,70.66205484099875,4.515870837413495,-5.149306878911638,-5.715132000426196,-0.9768364668225722,77.69742373357195,-0.9768364668225722,59.601619863449926,598.4949829775107,25.252468923948243,425.95355480881227,61.779451682360516,0.0026882960445237416,13.44148022261871,318.20628505082743,0.7630862286695843,CYLINDER,CYLINDER_3,0.4,0.6,True
11.14,11.14,AEROTWIN-4-001,TAKEOFF,0.6060000000000002,2218.902944903294,437.95409535326996,108.22576628685269,211.54965072293646,70.50099923568791,4.510721530534584,136.53792995671395,220.5311982144244,-7.211756410926812,-0.7865738135827158,-0.9832172669783948,60.03966773785873,599.6446273539959,25.26462053599254,425.8472207687299,61.76402920585505,0.0026984633661338736,13.492316830669367,318.146421160729,1.9149655765489912,CYLINDER,CYLINDER_3,0.4,0.6,True
11.15,11.15,AEROTWIN-4-001,TAKEOFF,0.6100000000000001,2230.994356908102,571.0882720474676,109.23341009819642,104.80512955306015,74.83367600868112,4.647259460491298,25.324194083887733,-0.9923715823347873,110.43454129650411,-0.7938972658678298,-3.843142895241337,60.49363011160524,600.8194700751046,25.27729686723579,428.6586394669497,62.17179175100745,0.0027741399940911012,13.870699970455506,318.0877280307539,0.18778303540397245,CYLINDER,CYLINDER_3,0.4,0.6,True
11.16,11.16,AEROTWIN-4-001,TAKEOFF,0.614,2197.7120396556265,704.9479334619538,109.99770297074878,10.617738105890517,75.65147670119606,4.672583654575185,-69.70632224988074,-0.9993150854866174,14.36289653188205,-0.799452068389294,-1.9463912721156227,60.949628344111396,601.9961237619019,25.290152956565862,429.1782552590934,62.247155786268394,0.0027987857125519777,13.99392856275989,318.03024273274116,1.8500963543663151,CYLINDER,CYLINDER_3,0.4,0.6,True
11.17,11.17,AEROTWIN-4-001,TAKEOFF,0.6179999999999999,2222.710755289091,116.81065584129135,110.57617045288426,130.37121720791856,73.41115228674418,4.6028773323253045,52.35718758884907,-1.0045703886952233,-1.0045703886952233,-5.3794861790878885,137.7598441643969,61.3962313714249,603.1550972562782,25.302890487036432,427.74661352318566,62.0395133321758,0.002779322132950245,13.896610664751226,317.9740015756369,0.4555554187344958,CYLINDER,CYLINDER_3,0.4,0.6,True
11.18,11.18,AEROTWIN-4-001,TAKEOFF,0.6219999999999999,2266.889840611854,250.17330115863683,111.3978103606195,172.274431676782,75.09073722866223,4.655234519914153,92.52845992820562,-7.140332319477758,-1.0120348823388405,181.43883376093743,-1.0120348823388405,61.848295152559125,604.3218101485666,25.315894128171866,428.82233708550245,62.19553412620711,0.0028167114031306915,14.083557015653458,317.9190400825616,1.1758360946860413,CYLINDER,CYLINDER_3,0.4,0.6,True
11.19,11.19,AEROTWIN-4-001,TAKEOFF,0.6259999999999998,2268.277941547204,386.18669159534807,112.28012602556895,85.76043750918572,78.10544272871891,4.747762979842358,2.9072318006244497,90.97262143753352,-3.376092834867876,-0.8160404859910746,-1.0200506074888431,62.310357514647905,605.5042891122574,25.329292200622888,430.71752401369685,62.47040824789856,0.0028730866555631194,14.365433277815598,317.86539296837213,0.5770185027036767,CYLINDER,CYLINDER_3,0.4,0.6,True
11.200000000000001,11.200000000000001,AEROTWIN-4-001,TAKEOFF,0.6300000000000003,2235.7200391600722,522.2833680881803,113.00234933922185,14.762684656017747,78.20112574817922,4.750670211642983,-68.18911130380445,18.953644967681825,-2.343058866337927,-0.8212895312560682,-1.0266119140700851,62.77160229982489,606.6838010022569,25.34280203899032,430.7769501600401,62.479027297311895,0.002887699035533671,14.438495177668356,317.8130941177358,1.832195170569659,CYLINDER,CYLINDER_3,0.4,0.6,True
11.21,11.21,AEROTWIN-4-001,TAKEOFF,0.6340000000000003,2261.191751495129,656.4265704377847,113.59947196044405,134.00261603314243,75.97230536869144,4.682481100339179,53.34782956411181,-1.032036696835152,142.791740877109,-0.8256293574681216,-6.931458789663289,63.22367176217996,607.8458717082691,25.35619509500855,429.3811833131972,62.27658806537949,0.00286860647957946,14.3430323978973,317.76217656372745,0.46826045915183695,CYLINDER,CYLINDER_3,0.4,0.6,True
11.22,11.22,AEROTWIN-4-001,TAKEOFF,0.6380000000000002,2329.6117946198437,72.09807552749248,114.41229361972398,225.74771429455203,77.71328213871548,4.73582892990329,143.29860322593328,-1.0394210778175867,-1.0394210778175867,-5.934579298730081,233.7611357489173,63.68109266486907,609.0158070947746,25.369862122281504,430.4735061575038,62.435016386072036,0.002907144083570083,14.535720417850417,317.71267246696567,2.060977879813935,CYLINDER,CYLINDER_3,0.4,0.6,True
11.23,11.23,AEROTWIN-4-001,TAKEOFF,0.6420000000000001,2330.864336818197,211.87478320468313,115.34090095281927,89.98983898283096,82.48739320392994,4.879127533129224,2.623318245771796,-4.150023114315942,-1.0478573568615444,96.23557681086999,-1.0478573568615444,64.1539362219547,610.2118169722423,25.384092998945995,433.395536034657,62.85882175539459,0.0029885226437465656,14.942613218732829,317.66461309529893,0.5600977613764103,CYLINDER,CYLINDER_3,0.4,0.6,True
11.24,11.24,AEROTWIN-4-001,TAKEOFF,0.646,2289.8884536422324,351.7266434137749,116.062765247917,1.6381794254291482,82.57611761403021,4.881750851374996,-85.81968903997605,-1.1379465124587071,-1.054415401805057,4.8849567414979695,-1.054415401805057,64.62567906310858,611.4044634065726,25.39843717939568,433.44886725251774,62.86655680857067,0.003003403623018714,15.01701811509357,317.6180288040565,2.118955907689263,CYLINDER,CYLINDER_3,0.4,0.6,True
11.25,11.25,AEROTWIN-4-001,TAKEOFF,0.6499999999999999,2295.40061216545,489.11995063230887,116.66268193673118,96.03888052548919,79.69831154851148,4.79593116233502,11.544637814642687,104.11367904130476,-6.167040492844236,-0.8478924546539299,-1.0598655683174125,65.08627972448774,612.575732587255,25.412606883654846,431.701185573525,62.61307655321291,0.0029758574124853525,14.879287062426764,317.57294901687516,0.47512373853498796,CYLINDER,CYLINDER_3,0.4,0.6,True
11.26,11.26,AEROTWIN-4-001,TAKEOFF,0.6539999999999999,2359.7725918505234,626.8439873622359,117.39818016218072,219.71030345059145,80.08246866667034,4.807475800149661,134.82035898377146,-1.0665474757772058,229.6170629348257,-0.8532379806217646,-7.986974027835277,65.54708063441956,613.746082392073,25.426917639814928,431.9366490606302,62.64722770645568,0.0029948457615439207,14.974228807719605,317.52940220711474,1.9049788592246921,CYLINDER,CYLINDER_3,0.4,0.6,True
11.27,11.27,AEROTWIN-4-001,TAKEOFF,0.6579999999999998,2406.532447120064,48.430342873267364,118.28790388852215,187.51300746396151,84.63709943968732,4.942296159133433,97.93361186514076,-1.0746305022189924,-1.0746305022189924,-4.823906215776436,194.48617468417592,66.02191911506927,614.9407614430643,25.441774209906058,434.6781488069051,63.0448493466559,0.0030734983174562857,15.36749158728143,317.4874158798736,1.3296253536140534,CYLINDER,CYLINDER_3,0.4,0.6,True
11.28,11.28,AEROTWIN-4-001,TAKEOFF,0.6619999999999997,2373.7012311360268,192.8222897004712,119.092016090196,24.3032612489731,88.02456944055507,5.0402297709985735,-68.76153796258055,-1.80083751029012,-1.0819357588912177,28.267970277045652,-1.0819357588912177,66.50590854856549,616.1516134557534,25.45705452705625,436.6601944668035,63.33232128507625,0.0031343099305012937,15.671549652506469,317.4470165546159,1.7797182924035437,CYLINDER,CYLINDER_3,0.4,0.6,True
11.290000000000001,11.290000000000001,AEROTWIN-4-001,TAKEOFF,0.6660000000000004,2340.6780680852985,335.2443635686328,119.7551182813712,21.447112272635657,85.63919499857806,4.971468233035993,-69.1635509589784,-3.4168666815213604,-1.0879599576241388,27.039898869405295,-1.0879599576241388,66.98084418014345,617.3441236469893,25.47221820994734,435.2693673369589,63.13059849981784,0.0031152840910861853,15.576420455430926,317.4082297484215,1.8393834627205865,CYLINDER,CYLINDER_3,0.4,0.6,True
11.3,11.3,AEROTWIN-4-001,TAKEOFF,0.6700000000000003,2367.6016037222616,475.68504765375076,120.40008179947908,144.56375435308445,83.2729284938428,4.902304682077015,56.388521177164634,153.92567362046694,-7.393044403491304,-0.8750554950627486,-1.093819368828436,67.44672315763493,618.5186682992796,25.487258424508344,433.8665219499263,62.927132610573416,0.0030953695517201636,15.476847758600819,317.3710799598684,0.5399512960360391,CYLINDER,CYLINDER_3,0.4,0.6,True
11.31,11.31,AEROTWIN-4-001,TAKEOFF,0.6740000000000002,2437.7083164390906,617.7411438770864,121.18111614935023,236.98948061632504,85.19963165405723,4.95869320325418,146.83115575901363,-1.1009149661639277,247.03971929589255,-0.8807319729311421,-8.068591740472444,67.91756423656939,619.7013879933929,25.502592059231826,435.010546648143,63.09305966475337,0.003136833243937649,15.684166219688246,317.3355906535594,2.1452856110775476,CYLINDER,CYLINDER_3,0.4,0.6,True
11.32,11.32,AEROTWIN-4-001,TAKEOFF,0.678,2476.379462430442,44.00364286343188,122.00907453526612,176.41818629458515,90.32000316735308,5.105524359013193,80.99265876821889,-1.108436862374987,-1.108436862374987,-4.620213828233151,183.25527384756828,68.40262276666151,620.9105854291748,25.518517991688306,437.97738723991733,63.52336429050313,0.003222467841346224,16.11233920673112,317.3017842453009,1.0749238048007723,CYLINDER,CYLINDER_3,0.4,0.6,True
11.33,11.33,AEROTWIN-4-001,TAKEOFF,0.682,2441.0045177607108,192.5864106092584,122.75552708821921,24.305763311991615,93.2083571579259,5.186517017781411,-74.0891108637157,-1.8226439146758027,-1.1152182885013524,28.358843803670123,-1.1152182885013524,68.89418027964649,622.1321262773442,25.53481722995863,439.6065884631586,63.759660377519594,0.003275953006604684,16.37976503302342,317.269682087945,1.8479621547608887,CYLINDER,CYLINDER_3,0.4,0.6,True
11.34,11.34,AEROTWIN-4-001,TAKEOFF,0.6859999999999999,2403.070435774323,339.04668167490104,123.45193351471964,16.227897074233965,90.5644246933879,5.112427906917696,-79.44895552607164,-3.0080443678326194,-1.1215450519594654,21.479031545985517,-1.1215450519594654,69.37640293094059,623.3339679137366,25.55098270785765,438.1164554539501,63.54353446613001,0.0032544298724695585,16.272149362347793,317.2393044579024,1.9993818996153754,CYLINDER,CYLINDER_3,0.4,0.6,True
11.35,11.35,AEROTWIN-4-001,TAKEOFF,0.6899999999999998,2417.210052951086,483.2309078213604,124.12379420210377,122.41841315476711,87.77148923864867,5.032978951391624,29.613944964726816,131.52250405477096,-7.0743230230821785,-0.9021190564096324,-1.1276488205120405,69.84873496532592,624.5155060455107,25.56698992298508,436.5137132822426,63.3110759470299,0.003229437280612432,16.14718640306216,317.21067054233527,0.15055536244217838,CYLINDER,CYLINDER_3,0.4,0.6,True
11.36,11.36,AEROTWIN-4-001,TAKEOFF,0.6939999999999997,2482.7399947171657,628.2635109984255,124.86408335787628,231.11560127197853,88.80741928063392,5.0625928963563505,137.24558909498825,-1.1343742529620469,241.66137473651537,-0.9074994023696374,-8.503899809205144,70.32276841081894,625.6995655599235,25.583204463035297,437.1117096280103,63.39780814102736,0.0032583067499574567,16.291533749787284,317.18379842703837,1.9809473321509254,CYLINDER,CYLINDER_3,0.4,0.6,True
11.370000000000001,11.370000000000001,AEROTWIN-4-001,TAKEOFF,0.6980000000000004,2543.806355318111,57.227910681455455,125.63755564840652,226.78470480116383,93.68777975211574,5.199838485451339,127.89708656359674,-1.141401149954053,-1.141401149954053,-5.758348629677568,234.8258557307495,70.80923364263249,626.9081078472327,25.599988200967363,439.87406627854875,63.798454824908156,0.0033405916553057385,16.70295827652869,317.15870508501575,1.8955526352512306,CYLINDER,CYLINDER_3,0.4,0.6,True
11.38,11.38,AEROTWIN-4-001,TAKEOFF,0.7020000000000003,2537.5240445445147,209.8562920005421,126.34416428203211,90.52330997329328,98.35321531721067,5.327735572014936,-13.157640915932326,-4.285614475886925,-1.1478205991611419,97.10456564750248,-1.1478205991611419,71.30608117692854,628.1386078747597,25.617304049840918,442.43516226214143,64.16991106417647,0.003417721160296206,17.08860580148103,317.13540636576005,0.7561010823215845,CYLINDER,CYLINDER_3,0.4,0.6,True
11.39,11.39,AEROTWIN-4-001,TAKEOFF,0.7060000000000002,2488.3381545420402,362.107734673213,127.06831441684746,0.16791000260144606,97.86801919953564,5.314577931099004,-103.0146871280332,2.5642580125207393,-0.31842907071941007,-0.9235195285332815,-1.1543994106666018,71.79969557086048,629.3616529826955,25.634688696858323,442.17225707958045,64.13177982230819,0.0034262228982178274,17.13111449108914,317.11391698524176,2.349602321453079,CYLINDER,CYLINDER_3,0.4,0.6,True
11.4,11.4,AEROTWIN-4-001,TAKEOFF,0.7100000000000001,2459.548227284536,511.4080239457354,127.79886493870198,39.024836957673614,94.11075636007551,5.211563243970971,-60.29748264637287,45.281971627759226,-4.167269206117769,-0.9288290950968195,-1.1610363688710243,72.28164516519603,630.559042295789,25.651840442891938,440.1093708629214,63.8325829312164,0.0033901239277501385,16.950619638750695,317.0942505166141,1.679363776664115,CYLINDER,CYLINDER_3,0.4,0.6,True
11.41,11.41,AEROTWIN-4-001,TAKEOFF,0.7140000000000001,2481.100094228168,658.9809175828076,128.50626591496479,142.2350327757461,91.94564244025,5.1512657613245985,45.13812457417151,-1.167463016409795,151.99602578663257,-0.933970413127836,-7.659559581348825,72.75603805235167,631.740158335802,25.668895659739125,438.8981247302606,63.65690621462753,0.0033743274967022374,16.87163748351119,317.0764193816403,0.3643274300514915,CYLINDER,CYLINDER_3,0.4,0.6,True
11.42,11.42,AEROTWIN-4-001,TAKEOFF,0.718,2549.271875290454,87.84692323649767,129.2369851193423,241.5391035059262,93.56405524175501,5.1964038858987704,142.7786443782724,-1.1741015070733993,-1.1741015070733993,-7.039635686344168,250.92694220641715,73.23339519828036,632.926982989219,25.686214953232493,439.8051170943172,63.78845457312558,0.0034116516676288575,17.058258338144288,317.06043484284726,2.0906649208784307,CYLINDER,CYLINDER_3,0.4,0.6,True
11.43,11.43,AEROTWIN-4-001,TAKEOFF,0.7219999999999999,2590.8114843577973,240.8032357539249,129.93939551401826,191.11584118369797,98.77630486744793,5.339182530277043,87.00035378597299,-7.7287652578533095,-1.1804828158157186,201.20557207318268,-1.1804828158157186,73.72255830986511,634.1393535038987,25.704129641300675,442.66378037084604,64.20306937742677,0.003497995029812466,17.48997514906233,317.0463069964124,1.2001647840456835,CYLINDER,CYLINDER_3,0.4,0.6,True
11.44,11.44,AEROTWIN-4-001,TAKEOFF,0.7259999999999998,2611.892006548235,396.2519248153927,130.60962075994544,151.5987166109547,102.02159129534904,5.4261828840630155,44.15094243154265,158.99702164338436,-5.262475924564958,-0.9492573812731944,-1.186571726591493,74.2174800476418,635.3652174453117,25.722446980752323,444.3981621349325,64.45462063972634,0.0035561010114616904,17.780505057308453,317.03404476578623,0.49950065674956323,CYLINDER,CYLINDER_3,0.4,0.6,True
11.450000000000001,11.450000000000001,AEROTWIN-4-001,TAKEOFF,0.7300000000000004,2576.69209684291,552.9654452082868,131.2925646043167,35.43638861543184,103.68857328045192,5.470333826494558,-73.72251849151463,-1.1927761842100482,39.590500432062505,-0.9542209473680384,-2.0071146850525814,74.71408405161651,636.5954692976997,25.741023818355373,445.2761955138214,64.58196884493363,0.0035930550562530616,17.96527528126531,317.02365589605654,1.811017526995737,CYLINDER,CYLINDER_3,0.4,0.6,True
11.46,11.46,AEROTWIN-4-001,TAKEOFF,0.7340000000000003,2530.1270090662006,707.5669710188614,132.0692514442369,8.783547683447587,100.9126281574938,5.396611308003044,-97.52569178204926,-1.1998322849727847,12.880659755594664,-0.9598658279782278,-1.937413959196063,75.20242333575334,637.8058791781898,25.759467680393417,443.809270993083,64.36920904629477,0.003571713839157924,17.85856919578962,317.0151469490561,2.288797883102785,CYLINDER,CYLINDER_3,0.4,0.6,True
11.47,11.47,AEROTWIN-4-001,TAKEOFF,0.7380000000000002,2517.183940250748,139.37459156283342,132.83212601104046,75.48945417445852,97.29826849525942,5.299085616220995,-27.1078999370219,-1.2067629029979956,-1.2067629029979956,-4.714418592360365,82.61739857281486,75.68030145146972,638.9920723454777,25.777689281246627,441.8625354115333,64.08685841101797,0.003537345365677841,17.686726828389205,317.00852329921815,1.13188299406271,CYLINDER,CYLINDER_3,0.4,0.6,True
11.48,11.48,AEROTWIN-4-001,TAKEOFF,0.7420000000000001,2536.369628152912,290.40562797787834,133.55742441541832,141.7597289216672,96.3053404270469,5.271977716283973,40.18241077833633,-8.529086731126391,-1.2133521463858046,152.7155199455652,-1.2133521463858046,76.15412944477792,640.1690636540911,25.795926658583117,441.32015929943896,64.00819326447203,0.003538212420853647,17.691062104268234,317.00378913018193,0.27112663484779964,CYLINDER,CYLINDER_3,0.4,0.6,True
11.49,11.49,AEROTWIN-4-001,TAKEOFF,0.7460000000000001,2610.335537200024,442.5878056670531,134.26840040162458,258.0049894512775,97.77899167188299,5.3121601270623096,154.9138376523322,269.2727862258269,-9.072136484169329,-0.9758490179467243,-1.2198112724334054,76.63013157723383,641.3508526176615,25.81441523412253,442.1239323531018,64.12477090062917,0.003573770389203127,17.868851946015635,317.0009474321501,2.2941638294785154,CYLINDER,CYLINDER_3,0.4,0.6,True
11.5,11.5,AEROTWIN-4-001,TAKEOFF,0.75,2676.3267976245875,599.2079378990545,134.8926706511775,247.24387725273812,103.5650306540642,5.467073964714642,138.21177263395927,-1.2254826879352785,257.34520165531956,-0.9803861503482227,-7.89545556429793,77.11783417869718,642.5607965324485,25.83355068846063,445.2114149673641,64.57257320403654,0.0036679319190195303,18.33965959509765,317.0,2.0995810332836697,CYLINDER,CYLINDER_3,0.4,0.6,True
11.51,11.51,AEROTWIN-4-001,TAKEOFF,0.7539999999999999,2705.6679344406625,39.78754575652977,135.444428443353,175.92484468731175,108.86762570372645,5.605285737348601,61.4519332462367,-1.2304953370212544,-1.2304953370212544,-4.724678935085374,183.11051429643965,77.61431133554773,643.7947738181193,25.85326444650235,447.9512726659917,64.96995668493011,0.003752462811498899,18.762314057494496,317.0009474321501,0.8461141225674433,CYLINDER,CYLINDER_3,0.4,0.6,True
11.52,11.52,AEROTWIN-4-001,TAKEOFF,0.7579999999999998,2680.5269662531564,202.12762182296953,136.06309770510123,64.27940537098802,111.26778834172823,5.666737670594837,-52.65512064133505,-3.492066493101796,-1.236115868264132,70.24370360061809,-1.236115868264132,78.11301068509486,645.0364764445695,25.87329636160913,449.16511978114903,65.1460106428183,0.003798465094112923,18.99232547056462,317.00378913018193,1.3958550930485372,CYLINDER,CYLINDER_3,0.4,0.6,True
11.53,11.53,AEROTWIN-4-001,TAKEOFF,0.7619999999999997,2626.5968596020516,362.95923979815893,136.86807886254408,1.8727340795407343,109.2096027712042,5.614082549953501,-112.95095124161696,4.592351321019597,-0.4814450067594568,-0.9947432154308471,-1.2434290192885589,78.6058426405586,646.2623618047066,25.893269921865254,448.12519684849815,64.99518230051247,0.0037881782512861556,18.940891256430778,317.00852329921815,2.500400878398196,CYLINDER,CYLINDER_3,0.4,0.6,True
11.540000000000001,11.540000000000001,AEROTWIN-4-001,TAKEOFF,0.7660000000000003,2584.073236376319,520.5550513742821,137.735688467654,21.299248700614292,104.85938532189022,5.501131598711885,-89.0612682199878,26.67582913243301,-3.1242203766456993,-1.0010489134102312,-1.251311141762789,79.08823259908714,647.4604871279898,25.912974027383935,445.8878340104481,64.67067966920737,0.003746619464832352,18.73309732416176,317.0151469490561,2.1721153824073336,CYLINDER,CYLINDER_3,0.4,0.6,True
11.55,11.55,AEROTWIN-4-001,TAKEOFF,0.7700000000000002,2576.267258556328,675.5994455568613,138.53602170528882,90.55486934840357,101.49160073349069,5.412070330491897,-16.34880171557901,-1.2585820670292693,99.4247603310718,-1.0068656536234153,-6.604443262015544,79.56174965866416,648.6364349082371,25.932478866230777,444.1172037001452,64.41387099026166,0.0037157593607939025,18.578796803969514,317.02365589605654,0.9714346702163864,CYLINDER,CYLINDER_3,0.4,0.6,True
11.56,11.56,AEROTWIN-4-001,TAKEOFF,0.7740000000000001,2616.3854102997493,110.17548107024095,139.2670770997902,190.2983365350516,100.87935447778733,5.395721528776318,84.02326052848794,-1.2652236119372195,-1.2652236119372195,-7.125542278589158,199.9543260375152,80.03241370028293,649.8056385749125,25.952042431773265,443.7915418601353,64.3666376483103,0.0037222914239442365,18.611457119721184,317.03404476578623,1.0243183011886172,CYLINDER,CYLINDER_3,0.4,0.6,True
11.57,11.57,AEROTWIN-4-001,TAKEOFF,0.7780000000000001,2662.62709352025,267.15860568822586,139.91611946156155,206.37374389497836,104.04564424223915,5.479744789304806,96.84835486343441,-9.521680079775631,-1.271120078915357,218.43766413258467,-1.271120078915357,80.50843927684858,650.9888056435252,25.972096244049272,445.46316852530373,64.609087036573,0.003781629103285936,18.90814551642968,317.0463069964124,1.2968305412406644,CYLINDER,CYLINDER_3,0.4,0.6,True
11.58,11.58,AEROTWIN-4-001,TAKEOFF,0.782,2738.291048054373,426.9162312994409,140.5168809684288,271.80273409433596,107.75592514619932,5.576593144168241,158.4702158039684,282.90831674458525,-8.807742393363965,-1.0212623363934772,-1.2765779204918466,80.9901717017214,652.1882113996601,25.99268282699673,447.3836035608597,64.88762309325996,0.0038473546251883966,19.236773125941983,317.06043484284726,2.434313650590903,CYLINDER,CYLINDER_3,0.4,0.6,True
11.59,11.59,AEROTWIN-4-001,TAKEOFF,0.7859999999999999,2792.502695620271,591.2136941827032,140.9553563699917,233.2428203037889,113.96714778913366,5.735063359972209,113.54060915468304,-1.2805614135245431,243.034194941197,-1.0244491308196346,-7.48636409306393,81.48075796233587,653.4160594209776,26.0140064678793,450.51165666808015,65.34130965982501,0.003943730721091975,19.718653605459874,317.0764193816403,1.7568457763580394,CYLINDER,CYLINDER_3,0.4,0.6,True
11.6,11.6,AEROTWIN-4-001,TAKEOFF,0.7899999999999998,2818.282514737153,38.76385591991948,141.4054646209569,178.36610433144241,118.52437346333484,5.848603969126891,53.993126898980684,-1.2846505895086193,-1.2846505895086193,-4.826011319117921,185.76141682957757,81.97584330679959,654.6624448050047,26.035904283629513,451.00000000000006,65.41213800000001,0.0040162066285936255,20.081033142968128,317.0942505166141,0.7922977823422288,CYLINDER,CYLINDER_3,0.4,0.6,True
11.61,11.61,AEROTWIN-4-001,TAKEOFF,0.7939999999999997,2802.096710371127,207.86080680414867,141.97447619506517,92.72598853984024,120.72286083631526,5.902597096025873,-33.89946939250089,-4.520740033692604,-1.2898199870002567,99.82636854753336,-1.2898199870002567,82.47150561245404,655.9147190483384,26.058177450808245,451.00000000000006,65.41213800000001,0.004058959397939724,20.29479698969862,317.11391698524176,1.0091062849812098,CYLINDER,CYLINDER_3,0.4,0.6,True
11.620000000000001,11.620000000000001,AEROTWIN-4-001,TAKEOFF,0.7980000000000004,2767.754678955105,375.9866094264163,142.78390632777243,53.28310022351842,119.34018500083276,5.868697626633372,-71.92578240394772,58.29744808573572,-2.6794354607029636,-1.0377388451174838,-1.2971735563968547,82.96325958679688,657.154749662289,26.080540768280315,451.00000000000006,65.41213800000001,0.004058716114061488,20.29358057030744,317.13540636576005,1.7124079350808454,CYLINDER,CYLINDER_3,0.4,0.6,True
11.63,11.63,AEROTWIN-4-001,TAKEOFF,0.8020000000000003,2709.4349089773473,542.0518901637226,143.68411173020377,0.08501484580178298,116.43288361568669,5.796771844229424,-122.14464061411434,-1.3053518075274755,2.7851799452314623,-1.0442814460219805,-0.3505318458802235,83.4490852387395,658.3750614974268,26.102863898492917,451.00000000000006,65.41213800000001,0.004039071162991844,20.19535581495922,317.15870508501575,2.6567858195122738,CYLINDER,CYLINDER_3,0.4,0.6,True
11.64,11.64,AEROTWIN-4-001,TAKEOFF,0.8060000000000002,2660.3967778364436,704.6179847023635,144.66441526218787,14.547235375128658,111.5778298635378,5.67462720361531,-102.70522169202447,-1.3142577399370643,19.52748512333124,-1.0514061919496513,-2.614585816315866,83.92571402943138,659.5658713495529,26.124963443282216,449.32076885558547,65.16858567327641,0.003992453546496329,19.962267732481646,317.18379842703837,2.4169409034437614,CYLINDER,CYLINDER_3,0.4,0.6,True
11.65,11.65,AEROTWIN-4-001,TAKEOFF,0.8100000000000002,2638.0934933162507,144.2417913725501,145.5550357537687,66.43551210974653,107.57547999419731,5.5719219819232855,-46.711889866374065,-1.3223489133765398,-1.3223489133765398,-4.6364139302004235,73.71662386670003,84.39383693416393,660.7318946134583,26.146889850981935,447.2911316461691,64.87421115169707,0.003953971735040209,19.769858675201046,317.21067054233527,1.5212575129400516,CYLINDER,CYLINDER_3,0.4,0.6,True
11.66,11.66,AEROTWIN-4-001,TAKEOFF,0.8140000000000001,2640.0297068623354,302.52740097152514,146.337527576453,115.3597410953021,105.77933483513854,5.525210092056912,4.055196168106645,-8.406836655850467,-1.3294577516664294,126.42549325448542,-1.3294577516664294,84.85721968515247,661.8852087452574,26.16883575770646,446.36555178721085,64.73996690011349,0.003944343938602513,19.721719693012563,317.2393044579024,0.677330087250478,CYLINDER,CYLINDER_3,0.4,0.6,True
11.67,11.67,AEROTWIN-4-001,TAKEOFF,0.818,2698.9338672224567,460.92918338326524,147.05145280909753,234.83251434157776,105.9346640845304,5.529265288225019,123.36858496882235,247.07505809502658,-9.83784514521444,-1.0687549369930576,-1.335943671241322,85.31961630679781,663.0365198295669,26.190985351274726,446.44596594972603,64.75163000941636,0.003962003030668231,19.81001515334116,317.269682087945,1.6715125382851261,CYLINDER,CYLINDER_3,0.4,0.6,True
11.68,11.68,AEROTWIN-4-001,TAKEOFF,0.8219999999999998,2778.5808362505645,622.8652154166127,147.57760194776716,283.17947025179586,110.71461452567115,5.652633873193841,166.81222185293086,-1.3407236689802582,295.57033834106954,-1.0725789351842065,-9.977565485109217,85.78916120113628,664.2102927769231,26.21377453082931,448.8867642053756,65.10563850681926,0.00404411947881259,20.22059739406295,317.3017842453009,2.5122275200507924,CYLINDER,CYLINDER_3,0.4,0.6,True
11.69,11.69,AEROTWIN-4-001,TAKEOFF,0.8259999999999997,2858.4581228490474,69.58006559164664,147.9264554621231,290.45957057554955,117.3455266361825,5.8194460950467715,167.29459784432026,-1.343892958611821,-1.343892958611821,-7.5566616498714305,300.70401814264466,86.26691034545253,665.4148558158931,26.237344607093885,451.00000000000006,65.41213800000001,0.004147750130640076,20.73875065320038,317.33559065355934,2.6388663895491944,CYLINDER,CYLINDER_3,0.4,0.6,True
11.700000000000001,11.700000000000001,AEROTWIN-4-001,TAKEOFF,0.8300000000000004,2900.591209703197,241.08755296258948,148.1463354422879,218.41935863830471,124.18928718937626,5.986740692891092,88.24333075603737,-8.836035700902569,-1.345890540154352,229.947175419516,-1.345890540154352,86.75052020080035,666.6495379017168,26.261674597864328,451.00000000000006,65.41213800000001,0.004249108813480707,21.245544067403536,317.37107995986844,1.379828308053744,CYLINDER,CYLINDER_3,0.4,0.6,True
11.71,11.71,AEROTWIN-4-001,TAKEOFF,0.8340000000000003,2960.8027245254284,415.1230255447813,148.54675889686237,260.0590038004271,127.87731802542264,6.074984023647129,126.1067017513573,270.79161782743563,-8.303463022014737,-1.079622668886119,-1.3495283361076489,87.23526457977324,667.8974099726181,26.286489483791005,451.00000000000006,65.41213800000001,0.004309407949689448,21.54703974844724,317.4082297484215,2.104485869883494,CYLINDER,CYLINDER_3,0.4,0.6,True
11.72,11.72,AEROTWIN-4-001,TAKEOFF,0.8380000000000002,3014.599485555512,592.7711890163071,148.7482946921607,252.11423178114254,133.24146822971912,6.201090725398487,112.67167282602493,-1.3513592630731028,262.6165817493881,-1.0810874104584822,-8.069903294713976,87.7212149817718,669.1658901766707,26.311899624279757,451.00000000000006,65.41213800000001,0.004387117608022661,21.935588040113306,317.4470165546159,1.966246994243597,CYLINDER,CYLINDER_3,0.4,0.6,True
11.73,11.73,AEROTWIN-4-001,TAKEOFF,0.8420000000000001,3068.3423636167327,53.64715814963779,148.9389386263685,256.9999418257345,138.12735882757488,6.313762398224512,112.55882059993509,-1.3530912388713705,-1.3530912388713705,-6.5385315383660805,266.24465584184327,88.20670475471593,670.4517141303492,26.337849500988202,451.00000000000006,65.41213800000001,0.00445697527350802,22.284876367540104,317.4874158798736,2.0523468628253725,CYLINDER,CYLINDER_3,0.4,0.6,True
11.74,11.74,AEROTWIN-4-001,TAKEOFF,0.8460000000000001,3098.5844128942344,237.74769996664176,149.0676946234371,212.86132038399168,143.09619927203366,6.426321218824446,63.338799893133576,-8.589803776733413,-1.354260970663422,224.15964610205197,-1.354260970663422,88.69046427360846,671.7544251472119,26.364325053994364,451.00000000000006,65.41213800000001,0.004525387901666031,22.626939508330157,317.52940220711474,1.281670796038666,CYLINDER,CYLINDER_3,0.4,0.6,True
11.75,11.75,AEROTWIN-4-001,TAKEOFF,0.85,3161.378309646471,423.6627647402958,149.4198919312934,283.9357458411315,145.93085600434617,6.489660018717579,131.51522981806775,295.5033293512684,-9.124154361319365,-1.0859685105855639,-1.3574606382319547,89.17171337558227,673.0635292669149,26.391178728371983,451.00000000000006,65.41213800000001,0.004570994494818508,22.85497247409254,317.57294901687516,2.521593468285405,CYLINDER,CYLINDER_3,0.4,0.6,True
11.76,11.76,AEROTWIN-4-001,TAKEOFF,0.8539999999999999,3225.7035201210256,613.345463319084,149.32879037457403,293.24904821971455,151.9054671928601,6.621175248535648,134.7224057783188,-1.3566329922222449,305.4389065231973,-1.0853063937777958,-9.747918917482718,89.64879960750783,674.3928174536619,26.418583541480423,451.00000000000006,65.41213800000001,0.00464506924169627,23.225346208481348,317.6180288040565,2.6909838529026504,CYLINDER,CYLINDER_3,0.4,0.6,True
11.77,11.77,AEROTWIN-4-001,TAKEOFF,0.8579999999999998,3281.0203159975135,86.88767452634556,149.12831697453174,280.76118456354635,158.15006054543255,6.755897654313966,115.85522636379983,-1.3548117169820306,-1.3548117169820306,-8.116880330231666,291.5876883277421,90.1197805128678,675.7424413830865,26.446523971716488,451.00000000000006,65.41213800000001,0.004718038626600112,23.59019313300056,317.66461309529893,2.480985344436994,CYLINDER,CYLINDER_3,0.4,0.6,True
11.78,11.78,AEROTWIN-4-001,TAKEOFF,0.8619999999999997,3285.1986646856226,283.7488934861964,148.9790058705258,179.24358812714704,163.6207222180025,6.871752880677766,8.75111302846677,-9.860056734199263,-1.353455244668209,191.8105553506827,-1.353455244668209,90.58365767447972,677.1080319125083,26.474932651449574,451.00000000000006,65.41213800000001,0.004781237994032818,23.906189970164085,317.71267246696567,0.7114476708866482,CYLINDER,CYLINDER_3,0.4,0.6,True
11.790000000000001,11.790000000000001,AEROTWIN-4-001,TAKEOFF,0.8660000000000003,3278.8318013377357,480.86081336733366,149.60370424956125,157.58350307395125,164.0377264936667,6.880503993706233,-13.33472741342168,168.7801829674545,-8.750244904094073,-1.0873044397374092,-1.3591305496717616,91.04514548535731,678.4672733995609,26.503562996305625,451.00000000000006,65.41213800000001,0.004803023439964704,24.015117199823518,317.76217656372745,0.3217999112609336,CYLINDER,CYLINDER_3,0.4,0.6,True
11.8,11.8,AEROTWIN-4-001,TAKEOFF,0.8700000000000002,3240.9256954634334,677.5907214475978,150.39655396246457,90.87932435344864,163.40251758109085,6.867169266292811,-79.39036249393502,-1.3663334880716544,100.2498645025577,-1.0930667904573237,-6.911139870580086,91.50544393181794,679.8158051937166,26.53236558947399,451.00000000000006,65.41213800000001,0.0048164389732731645,24.082194866365825,317.8130941177358,1.2231932077267214,CYLINDER,CYLINDER_3,0.4,0.6,True
11.81,11.81,AEROTWIN-4-001,TAKEOFF,0.8740000000000001,3183.0516156775775,152.04626317540385,151.679895522177,45.22280022314831,159.64621057835976,6.787778903798876,-121.21118925901033,-1.3779924822671386,-1.3779924822671386,-3.8756739557343045,51.854459143416896,91.9676614561362,681.1403782190723,26.56118672467888,451.00000000000006,65.41213800000001,0.004803881758161642,24.01940879080821,317.86539296837213,2.0416146701433915,CYLINDER,CYLINDER_3,0.4,0.6,True
11.82,11.82,AEROTWIN-4-001,TAKEOFF,0.8780000000000001,3112.744234082461,343.02936011605846,153.22464882221797,13.410560485307652,153.99542844566943,6.666567714539866,-147.25143567490164,-3.047301904255721,-1.3920263687429018,19.24191512704918,-1.3920263687429018,92.4325382616502,682.4330337417431,26.589909286502923,451.00000000000006,65.41213800000001,0.004772431932427418,23.862159662137092,317.9190400825616,2.620809618402881,CYLINDER,CYLINDER_3,0.4,0.6,True
11.83,11.83,AEROTWIN-4-001,TAKEOFF,0.882,3042.558596967651,529.7940141610061,154.86727741331129,6.790506284782864,147.26764463752247,6.519316278864965,-146.9964546316046,11.192719822062385,-1.869704545747834,-1.1255595517918615,-1.4069494397398268,92.89905637328197,683.6892411413777,26.618436526657945,451.00000000000006,65.41213800000001,0.004726334077182599,23.631670385912997,317.9740015756369,2.7599864743428832,CYLINDER,CYLINDER_3,0.4,0.6,True
11.84,11.84,AEROTWIN-4-001,TAKEOFF,0.8859999999999999,2973.929860951346,712.3475299790651,156.4141322010928,3.3380149283790743,140.7013837001301,6.372319824233361,-143.73568859598439,-1.421002417963366,7.315017715262958,-1.1368019343706928,-1.4191984345498252,93.3651523370772,684.909963797258,26.646734525141966,451.00000000000006,65.41213800000001,0.004676136737726094,23.380683688630473,318.0302427327411,2.842185066345736,CYLINDER,CYLINDER_3,0.4,0.6,True
11.85,11.85,AEROTWIN-4-001,TAKEOFF,0.8899999999999998,2909.4130230489586,170.78332163614596,157.85012610619827,5.530411870764045,134.42557705978263,6.228584135637377,-135.12374932465593,-1.4340482392240186,-1.4340482392240186,-1.3781363797305186,9.776644728942602,93.82894344498641,686.0967560713057,26.674780019029523,451.00000000000006,65.41213800000001,0.00462348863272999,23.117443163649952,318.0877280307539,2.8238920458693815,CYLINDER,CYLINDER_3,0.4,0.6,True
11.86,11.86,AEROTWIN-4-001,TAKEOFF,0.8939999999999997,2850.0016762451564,345.3481030190835,159.15848142025786,10.318975710529287,128.65634909668358,6.09346038631272,-124.43083377246701,-2.743072684099337,-1.4459344801836502,15.953917354995925,-1.4459344801836502,94.2889217590466,687.2522284651154,26.702570820072978,451.00000000000006,65.41213800000001,0.004571545173200119,22.857725866000596,318.146421160729,2.758340543455191,CYLINDER,CYLINDER_3,0.4,0.6,True
11.870000000000001,11.870000000000001,AEROTWIN-4-001,TAKEOFF,0.8980000000000004,2804.9773494025812,516.348203593793,160.34686761376392,35.12587223877702,123.45557231387767,5.9690295525402535,-94.2987296276409,42.131042479095235,-4.383054769713992,-1.1653846536018737,-1.456730817002342,94.74404987210444,688.3793520433069,26.730117717354332,451.00000000000006,65.41213800000001,0.00452211463339262,22.6105731669631,318.20628505082743,2.3408267197308446,CYLINDER,CYLINDER_3,0.4,0.6,True
11.88,11.88,AEROTWIN-4-001,TAKEOFF,0.9020000000000002,2779.091355378232,684.6468445579478,161.37379292883656,71.24491338515627,119.58568166741948,5.874730822912612,-54.21549910517582,-1.4660603023579872,80.24595045265058,-1.17284824188639,-6.362128523249932,95.19450019280072,689.4850013919681,26.757509770130955,451.00000000000006,65.41213800000001,0.0044867739818363755,22.43386990918188,318.2672818897332,1.723596999328628,CYLINDER,CYLINDER_3,0.4,0.6,True
11.89,11.89,AEROTWIN-4-001,TAKEOFF,0.9060000000000001,2779.973251108863,131.3923258806417,162.25044082571694,125.05620469201922,117.38865126915647,5.820515323807436,1.8470380990553164,-1.47402453655882,-1.47402453655882,-6.634876043441473,134.63912980857833,95.64158698175869,690.5779155094739,26.78488566088524,451.00000000000006,65.41213800000001,0.0044725934665801005,22.3629673329005,318.32937315053545,0.7954707498279306,CYLINDER,CYLINDER_3,0.4,0.6,True
11.9,11.9,AEROTWIN-4-001,TAKEOFF,0.9100000000000001,2790.07675606941,298.1907209471735,162.96150422890364,144.44625920342236,117.4631655351416,5.8223623619064915,21.160731306374267,-9.786520097030555,-1.4804844567785256,157.19374821400996,-1.4804844567785256,96.08780852157864,691.6698847293551,26.812454734000482,451.00000000000006,65.41213800000001,0.004489859167019022,22.449295835095107,318.392519615063,0.46864843623425845,CYLINDER,CYLINDER_3,0.4,0.6,True
11.91,11.91,AEROTWIN-4-001,TAKEOFF,0.914,2846.3377668831736,465.59532631133806,163.6159374918386,241.99483941551026,118.3185308182603,5.843523093212866,117.83278550403709,255.40821002715367,-10.737796792713795,-1.1891439195242806,-1.4864298994053509,96.53402173833513,692.7648847922939,26.840290267077943,451.00000000000006,65.41213800000001,0.004518141424477012,22.590707122385062,318.45668139865546,1.5169515384164027,CYLINDER,CYLINDER_3,0.4,0.6,True
11.92,11.92,AEROTWIN-4-001,TAKEOFF,0.9179999999999999,2917.8592560644042,636.3755923243284,163.9455991503221,278.8939644933037,123.13835195754909,5.961355878716903,149.7942566570377,-1.4894248334769895,292.67652825910346,-1.1915398667815917,-11.101599065541164,96.98370258590553,693.8826217154365,26.86875287469273,451.00000000000006,65.41213800000001,0.004600759127217646,23.00379563608823,318.52181797535513,2.1608001324799595,CYLINDER,CYLINDER_3,0.4,0.6,True
11.93,11.93,AEROTWIN-4-001,TAKEOFF,0.9219999999999998,2994.9576804302556,91.44714768819267,164.0675806593601,296.99014299003034,129.40443046058542,6.11115013537394,161.47456239407097,-1.4905330199103417,-1.4905330199103417,-8.940345655188441,308.91155468503945,97.43613476800408,695.0290672822924,26.897941682836635,451.00000000000006,65.41213800000001,0.0046991618468324794,23.495809234162397,318.587888203504,2.4803967098259214,CYLINDER,CYLINDER_3,0.4,0.6,True
11.94,11.94,AEROTWIN-4-001,TAKEOFF,0.9259999999999997,3038.4037554968536,271.14460851400804,164.01330390132966,233.59913991116366,136.33326837570561,6.272624697768012,90.99324683769004,-11.17306952887209,-1.4900399224944298,247.75228928502457,-1.4900399224944298,97.88911273516716,696.2058938918481,26.927870121066718,451.00000000000006,65.41213800000001,0.004800865169832266,24.004325849161333,318.6548503517299,1.3775860669994606,CYLINDER,CYLINDER_3,0.4,0.6,True
11.950000000000001,11.950000000000001,AEROTWIN-4-001,TAKEOFF,0.9300000000000004,3106.460466819144,453.4488338438193,164.23097611112473,289.21863036310396,140.31736954010518,6.363617944605702,142.5376428783931,303.074126371474,-11.169864604264905,-1.1936139573800562,-1.49201744672507,98.34064245882286,697.397919582622,26.958285254158664,451.00000000000006,65.41213800000001,0.004864290170270026,24.32145085135013,318.7226621253048,2.3503275908147465,CYLINDER,CYLINDER_3,0.4,0.6,True
11.96,11.96,AEROTWIN-4-001,TAKEOFF,0.9340000000000003,3160.476736012547,639.8364618529679,164.08188882621573,266.31122496712663,146.67365973142753,6.506155587484095,113.131409648215,-1.4906630077791638,280.0100384240238,-1.192530406223331,-11.015620042894659,98.78884277250393,698.6153117931218,26.989332372843894,451.00000000000006,65.41213800000001,0.004951553380300775,24.757766901503878,318.791280692859,1.9571778310199435,CYLINDER,CYLINDER_3,0.4,0.6,True
11.97,11.97,AEROTWIN-4-001,TAKEOFF,0.9380000000000002,3193.3808975887255,109.46506601372073,164.03000868855383,227.35243946478838,151.8188376141529,6.619286997132311,68.91431485350317,-1.490191683353267,-1.490191683353267,-8.43011725590266,238.76294008739757,99.23255238352156,699.8514190280134,27.020900692083135,451.00000000000006,65.41213800000001,0.005022406625311951,25.112033126559755,318.8606627134346,1.2804520879581027,CYLINDER,CYLINDER_3,0.4,0.6,True
11.98,11.98,AEROTWIN-4-001,TAKEOFF,0.9420000000000002,3180.5786845052826,301.06791986904426,164.2362083367485,134.87181640636217,154.9965074761329,6.6882013119858135,-26.812892381756548,-9.585280871629212,-1.49206498082674,147.44122723964486,-1.49206498082674,99.67236599688096,701.0967253655654,27.052852717120935,451.00000000000006,65.41213800000001,0.005071729871396621,25.358649356983104,318.93076436386025,0.6887464288685106,CYLINDER,CYLINDER_3,0.4,0.6,True
11.99,11.99,AEROTWIN-4-001,TAKEOFF,0.9460000000000001,3163.029115563282,491.9026409393613,165.1292054698237,123.6618986985986,153.7562415202334,6.661388419604057,-36.755731241238855,134.73636942000516,-8.374150779055277,-1.200142196600568,-1.50017774575071,100.11220135965313,702.3314123819285,27.084923502062562,451.00000000000006,65.41213800000001,0.0050777380218809546,25.388690109404774,319.001541366431,0.8995482452514924,CYLINDER,CYLINDER_3,0.4,0.6,True
12.0,12.0,AEROTWIN-4-001,TAKEOFF,0.95,3127.4979173827155,681.6843878731581,166.0907493235937,84.27241759291049,152.06415235608776,6.624632688362818,-74.4163674515401,-1.508913248879215,94.00482709894973,-1.2071305991033718,-7.016365658056666,100.55238257853678,703.5537109790503,27.117082971392787,451.00000000000006,65.41213800000001,0.005078906361347931,25.394531806739653,319.07294901687516,1.6043279871551326,CYLINDER,CYLINDER_3,0.4,0.6,True
12.01,12.01,AEROTWIN-4-001,TAKEOFF,0.95,3081.234516760521,149.33426291612102,166.60281653481408,58.32335843052002,148.66698179278805,6.550216320911278,-96.89383968317931,-1.5135653141054466,-1.5135653141054466,-4.63176990134919,65.9822589600801,100.98257058535097,704.7302244548808,27.1490621898345,451.00000000000006,65.41213800000001,0.005043884119907159,25.2194205995358,319.07294901687516,2.064660842007594,CYLINDER,CYLINDER_3,0.4,0.6,True
12.02,12.02,AEROTWIN-4-001,TAKEOFF,0.95,3024.66634775326,334.2083339217523,167.22729538912483,32.278437037969326,144.30121067689862,6.453322481228099,-118.4760961201574,-4.957657031338854,-1.519238624754907,40.27457131881799,-1.519238624754907,101.4032122058764,705.8574979221205,27.180782530822547,451.00000000000006,65.41213800000001,0.004996778696481823,24.983893482409115,319.07294901687516,2.5278581576424832,CYLINDER,CYLINDER_3,0.4,0.6,True
12.030000000000001,12.030000000000001,AEROTWIN-4-001,TAKEOFF,0.95,2973.6849985557265,515.6883147869479,167.92591106772431,38.61117408729797,139.05141577490105,6.334846385107942,-106.77508807271101,46.06785700706794,-4.710629093594758,-1.2204683671889862,-1.5255854589862328,101.81416188268261,706.9323460516761,27.21215917690021,451.00000000000006,65.41213800000001,0.004936941086029622,24.68470543014811,319.07294901687516,2.425031650405188,CYLINDER,CYLINDER_3,0.4,0.6,True
12.040000000000001,12.040000000000001,AEROTWIN-4-001,TAKEOFF,0.95,2927.195005296523,694.1094147002915,168.49429885952637,43.26309886517109,134.40344176050596,6.228071297035231,-97.3684141923701,-1.5307491894952712,51.03150522903291,-1.2245993515962168,-5.013057822770336,102.21462122542971,707.9584738283367,27.243211723523512,451.00000000000006,65.41213800000001,0.004880978636159803,24.404893180799014,319.07294901687516,2.3498252138273648,CYLINDER,CYLINDER_3,0.4,0.6,True
12.05,12.05,AEROTWIN-4-001,TAKEOFF,0.95,2889.681836135258,149.74111501808284,168.96200862654035,57.797124423865924,130.23381930762278,6.130702882842861,-78.56739776659973,-1.5349982730050493,-1.5349982730050493,-4.640986794019871,65.5081077638959,102.6041520852919,708.9390241277553,27.27395729947561,451.00000000000006,65.41213800000001,0.004828328396468646,24.14164198234323,319.07294901687516,2.1003055216982256,CYLINDER,CYLINDER_3,0.4,0.6,True
12.06,12.06,AEROTWIN-4-001,TAKEOFF,0.95,2855.8361174536144,323.12202518619836,169.30421677624486,62.08303975774152,126.91721171647728,6.052135485076262,-70.88630744381203,-6.922783278907409,-1.5381071903473245,72.08203741734357,-1.5381071903473245,102.98268479120016,709.8789835971908,27.304451410963292,451.00000000000006,65.41213800000001,0.004784758003817715,23.923790019088578,319.07294901687516,2.0286186930983803,CYLINDER,CYLINDER_3,0.4,0.6,True
12.07,12.07,AEROTWIN-4-001,TAKEOFF,0.95,2849.0337432945958,494.4721922334152,169.58599787331636,115.69594913121516,123.96155907687844,5.981249177632449,-14.246859123295735,126.71469120261035,-8.245541227256556,-1.2325337085060613,-1.5406671356325765,103.35030896033125,710.7809387718839,27.334713930654004,451.00000000000006,65.41213800000001,0.004744640429013479,23.723202145067393,319.07294901687516,1.092942790902108,CYLINDER,CYLINDER_3,0.4,0.6,True
12.08,12.08,AEROTWIN-4-001,TAKEOFF,0.95,2862.2074998574913,665.4142168310909,169.6395429402868,156.92978280236773,123.37172925840936,5.967002318509153,27.591051225449213,-1.5411535857286405,169.1239759959542,-1.2329228685829123,-9.420116739274924,103.70814184570872,711.6574297639988,27.364952009072148,451.00000000000006,65.41213800000001,0.004736487123471484,23.682435617357424,319.07294901687516,0.3718125567453944,CYLINDER,CYLINDER_3,0.4,0.6,True
12.09,12.09,AEROTWIN-4-001,TAKEOFF,0.95,2894.5538876906153,117.1466668225404,169.53490803755327,198.2560032287757,124.51529360123492,5.994593369734603,67.7461162578062,-1.5402029909985138,-1.5402029909985138,-8.223218986920992,209.55962819769374,104.05706457533394,712.5176543769807,27.395320277263963,451.00000000000006,65.41213800000001,0.004752249916457432,23.76124958228716,319.07294901687516,0.6529322079554598,CYLINDER,CYLINDER_3,0.4,0.6,True
12.1,12.1,AEROTWIN-4-001,TAKEOFF,0.95,2915.8966617131127,290.81990008397736,169.2615481652314,178.10808242065502,127.34554155045967,6.062339485992409,44.70020138420294,-10.779824821689317,-1.537719551464776,191.96334634527392,-1.537719551464776,104.39743696712142,713.3702361122807,27.425962143283652,451.00000000000006,65.41213800000001,0.004790470426842233,23.952352134211168,319.07294901687516,0.30740751937291155,CYLINDER,CYLINDER_3,0.4,0.6,True
12.11,12.11,AEROTWIN-4-001,TAKEOFF,0.95,2970.2938933351666,465.77369978676415,169.06838362897483,249.266745600519,129.23041042016382,6.107039687376612,113.92929549297855,263.1174169945214,-11.085934976628648,-1.2287717410550079,-1.5359646763187598,104.72891103849624,714.2106502073508,27.456787695862737,451.00000000000006,65.41213800000001,0.004815306278288526,24.076531391442632,319.07294901687516,1.5575830080749578,CYLINDER,CYLINDER_3,0.4,0.6,True
12.120000000000001,12.120000000000001,AEROTWIN-4-001,TAKEOFF,0.95,3025.6587199542964,643.9913333868742,168.53004700835737,256.2738675712076,134.09707687238537,6.22096898286959,115.95582171595261,-1.5310739568625908,270.17217964649814,-1.2248591654900727,-11.142378952937925,105.05075752705712,715.0533670493106,27.4880300924559,451.00000000000006,65.41213800000001,0.004877189647691009,24.385948238455043,319.07294901687516,1.69354925755744,CYLINDER,CYLINDER_3,0.4,0.6,True
12.13,12.13,AEROTWIN-4-001,TAKEOFF,0.95,3075.8193697449055,105.53085658413193,167.91427119237602,250.53581842603458,139.14267436713635,6.336924804585543,105.05621925431268,-1.525479712205031,-1.525479712205031,-8.818673668603777,262.4054515190484,105.36160971918328,715.8987437530583,27.519674421226856,451.00000000000006,65.41213800000001,0.004938011539522278,24.690057697611394,319.07294901687516,1.6079743503396633,CYLINDER,CYLINDER_3,0.4,0.6,True
12.14,12.14,AEROTWIN-4-001,TAKEOFF,0.95,3089.4437063611686,290.0800187688262,167.29726570683724,178.77117401368974,143.7944491073918,6.441981023839856,28.534743882458077,-10.706154610822667,-1.5198742961565623,192.51707721682553,-1.5198742961565623,105.66051797966723,716.7444834605511,27.551664336216515,451.00000000000006,65.41213800000001,0.004991155931758988,24.955779658794945,319.07294901687516,0.36663827041438357,CYLINDER,CYLINDER_3,0.4,0.6,True
12.15,12.15,AEROTWIN-4-001,TAKEOFF,0.95,3113.4364701087807,475.44664115049636,167.1199736171322,201.7919876042861,145.07114495068876,6.470515767722313,50.25032688587503,214.8071410496697,-10.282278929094378,-1.2146108961285256,-1.518263620160657,105.94993770711403,717.5749186767636,27.583754148406292,451.00000000000006,65.41213800000001,0.005005259428187187,25.026297140935934,319.07294901687516,0.7736336620989646,CYLINDER,CYLINDER_3,0.4,0.6,True
12.16,12.16,AEROTWIN-4-001,TAKEOFF,0.95,3120.7216947869856,662.2528293570232,166.79767929541367,169.11205792642545,147.33315294595036,6.520766094608189,15.258138885866902,-1.5153356174027663,181.45107373088524,-1.212268493922213,-9.6114116931348,106.22894435125049,718.3948756256053,27.61600449833324,451.00000000000006,65.41213800000001,0.005029744757034471,25.148723785172354,319.07294901687516,0.20919738098233986,CYLINDER,CYLINDER_3,0.4,0.6,True
12.17,12.17,AEROTWIN-4-001,TAKEOFF,0.95,3112.329681828241,129.49613104424236,166.6972723443691,136.98329167902543,148.02345828554667,6.5360242334940555,-17.576190840015293,-1.5144234330738515,-1.5144234330738515,-7.011788371256819,147.02392691642996,106.4993166634659,719.1974558898739,27.648308754378753,451.00000000000006,65.41213800000001,0.005037089934389492,25.18544967194746,319.07294901687516,0.6892465460881776,CYLINDER,CYLINDER_3,0.4,0.6,True
12.18,12.18,AEROTWIN-4-001,TAKEOFF,0.95,3078.39888742877,316.2359119539368,166.81282962864415,82.68237975785553,147.22842132576372,6.5184480426540405,-71.06448961056223,-7.861790132328431,-1.515473256245565,93.5751164026751,-1.515473256245565,106.76296672709253,719.9763750705534,27.680570034225045,451.00000000000006,65.41213800000001,0.005028625188598291,25.143125942991453,319.07294901687516,1.640894252923157,CYLINDER,CYLINDER_3,0.4,0.6,True
12.19,12.19,AEROTWIN-4-001,TAKEOFF,0.95,3048.437939271215,500.939845199663,167.26401686991792,87.7330554351951,144.03573496639245,6.447383553043478,-62.750063084240836,97.64981387797302,-7.181528420284058,-1.2156577877750512,-1.519572234718814,107.02260435644213,720.7212795026877,27.712627653245548,451.00000000000006,65.41213800000001,0.004993837166489818,24.96918583244909,319.07294901687516,1.557831086864254,CYLINDER,CYLINDER_3,0.4,0.6,True
12.200000000000001,12.200000000000001,AEROTWIN-4-001,TAKEOFF,0.95,3014.6843394764155,683.846121555936,167.64103878382485,76.93694212743519,141.24568273584296,6.384633489959238,-70.69337409836702,-1.5229974306633733,86.4170973456031,-1.2183979445306987,-6.738759842973833,107.27763350190295,721.4347209176653,27.7445001477528,451.00000000000006,65.41213800000001,0.004962381185319637,24.81190592659819,319.07294901687516,1.751113208257286,CYLINDER,CYLINDER_3,0.4,0.6,True
12.21,12.21,AEROTWIN-4-001,TAKEOFF,0.95,2981.4838670237264,144.7271819245209,168.04177013873053,74.91416807464408,138.13513486083644,6.31394011586087,-69.53490690205324,-1.5266380238518622,-1.5266380238518622,-5.289529367139068,83.25697348948687,107.52815897707116,722.1158604687851,27.7761563222556,451.00000000000006,65.41213800000001,0.004926133175185786,24.630665875928933,319.07294901687516,1.7910186075503007,CYLINDER,CYLINDER_3,0.4,0.6,True
12.22,12.22,AEROTWIN-4-001,TAKEOFF,0.95,2942.7815792583424,323.6162139459444,168.41111065280623,60.295869835099836,135.10934657337353,6.244405208958817,-81.05788194723252,-6.8068385352832905,-1.5299934352598203,70.16269524090276,-1.5299934352598203,107.77390682494047,722.7657427572185,27.80759297531775,451.00000000000006,65.41213800000001,0.004889661397915812,24.448306989579063,319.07294901687516,2.0508646251178955,CYLINDER,CYLINDER_3,0.4,0.6,True
12.23,12.23,AEROTWIN-4-001,TAKEOFF,0.95,2920.691211456236,500.18310870144495,168.81057991150251,91.52182538948122,131.62443619726466,6.163347327011585,-46.26595813479502,101.64760096745174,-7.36525496553278,-1.2268980499723268,-1.5336225624654085,108.01489312245891,723.3827912936845,27.838764212260063,451.00000000000006,65.41213800000001,0.004846148697378801,24.230743486894006,319.07294901687516,1.5085935725829918,CYLINDER,CYLINDER_3,0.4,0.6,True
12.24,12.24,AEROTWIN-4-001,TAKEOFF,0.95,2908.971723367053,675.4245813888191,169.0235907061026,111.2275846128729,129.6557417005373,6.117081368876789,-24.545238456541192,-1.5355577383342351,122.07454386185306,-1.228446190667388,-8.082955319978526,108.25027231692994,723.9749463162522,27.86978283870456,451.00000000000006,65.41213800000001,0.004820843001812609,24.104215009063047,319.07294901687516,1.1658844391132872,CYLINDER,CYLINDER_3,0.4,0.6,True
12.25,12.25,AEROTWIN-4-001,TAKEOFF,0.95,2909.9919633006275,129.96288479084228,169.1321733317314,136.84664452471523,128.61732287414983,6.092536130420249,2.136785520145147,-1.5365441976227663,-1.5365441976227663,-7.066204161909086,146.98593708186985,108.47978464251979,724.5472748255031,27.900721954601458,451.00000000000006,65.41213800000001,0.004807281743266953,24.03640871633477,319.07294901687516,0.7186145070290981,CYLINDER,CYLINDER_3,0.4,0.6,True
12.26,12.26,AEROTWIN-4-001,TAKEOFF,0.95,2905.608329544229,304.56240258887993,169.12284257273086,125.62116835056446,128.70755650471042,6.094672915940394,-9.181061070086358,-9.48965906411139,-1.5364594288687246,138.1837462724133,-1.5364594288687246,108.70319001055789,725.1057323677087,27.931673705945354,451.00000000000006,65.41213800000001,0.004808466031480065,24.042330157400325,319.07294901687516,0.9149697465590252,CYLINDER,CYLINDER_3,0.4,0.6,True
12.27,12.27,AEROTWIN-4-001,TAKEOFF,0.95,2931.02126760072,478.8989023615337,169.16276910979542,187.63030137368247,128.32007651587574,6.085491854870307,53.224733002936425,200.4874375840589,-10.090856328929164,-1.2294577250876744,-1.536822156359593,108.92082923351987,725.6483497711778,27.962597575293636,451.00000000000006,65.41213800000001,0.004803372541641537,24.016862708207686,319.07294901687516,0.4765600974512904,CYLINDER,CYLINDER_3,0.4,0.6,True
12.280000000000001,12.280000000000001,AEROTWIN-4-001,TAKEOFF,0.95,2964.70588241282,654.760178417577,168.92533773294846,207.26211914102316,130.57451026468738,6.138716587873244,70.54889228846254,-1.5346651226194055,220.47637757159004,-1.2277320980955244,-10.451861209851938,109.1317010909924,726.1882929987272,27.993708663786048,451.00000000000006,65.41213800000001,0.004832718561096325,24.163592805481628,319.07294901687516,0.8260881930632795,CYLINDER,CYLINDER_3,0.4,0.6,True
12.290000000000001,12.290000000000001,AEROTWIN-4-001,TAKEOFF,0.95,3002.3954151040293,112.64253136234618,168.58839403934743,218.73903624795622,133.59299808783777,6.209265480161706,78.93677267995675,-1.5316040321885933,-1.5316040321885933,-8.481331111436978,230.2835754237704,109.33513271507624,726.7291739090788,28.02505894347718,451.00000000000006,65.41213800000001,0.004870928149028299,24.354640745141495,319.07294901687516,1.035262536232856,CYLINDER,CYLINDER_3,0.4,0.6,True
12.3,12.3,AEROTWIN-4-001,TAKEOFF,0.95,3014.9573604811144,292.7862562685879,168.1813487553893,169.6091335663473,137.0112544392079,6.288202252841663,26.309676874297743,-10.564967232401214,-1.5279060777609113,183.22991295427036,-1.5279060777609113,109.5304057731977,727.2726854535392,28.056666151654856,451.00000000000006,65.41213800000001,0.004912726862726179,24.563634313630896,319.07294901687516,0.1853663757669205,CYLINDER,CYLINDER_3,0.4,0.6,True
12.31,12.31,AEROTWIN-4-001,TAKEOFF,0.95,3046.8599348829785,473.68369789745475,168.03863084326932,211.2912635656844,138.1601560549698,6.3145119297159615,66.81659558099864,224.52441379987403,-10.485253127433383,-1.221287603002772,-1.5266095037534648,109.71930648433428,727.807992900264,28.088354821324277,451.00000000000006,65.41213800000001,0.00492642976321707,24.632148816085348,319.07294901687516,0.9182268018527039,CYLINDER,CYLINDER_3,0.4,0.6,True
12.32,12.32,AEROTWIN-4-001,TAKEOFF,0.95,3070.7161708189865,656.4952939904334,167.6603402571091,197.44520296722746,141.09949073601848,6.3813285252969605,49.96438370591202,-1.5231727820834864,210.41088006690703,-1.218538225666789,-10.223966091929285,109.89999934250609,728.3435901927073,28.120247426539994,451.00000000000006,65.41213800000001,0.004960705546058775,24.803527730293872,319.07294901687516,0.6849088377878275,CYLINDER,CYLINDER_3,0.4,0.6,True
12.33,12.33,AEROTWIN-4-001,TAKEOFF,0.95,3084.4573972184858,120.73826423957257,167.36260584192894,178.52854636900844,143.31769618801857,6.431292909002873,28.77955727198699,-1.5204679029403534,-1.5204679029403534,-7.841154425087043,189.4106365999762,110.07308852158657,728.8760216539549,28.152285197776695,451.00000000000006,65.41213800000001,0.004985836434046713,24.929182170233563,319.07294901687516,0.3608647486328204,CYLINDER,CYLINDER_3,0.4,0.6,True
12.34,12.34,AEROTWIN-4-001,TAKEOFF,0.95,3069.4217476084295,305.80570807268174,167.18534094322007,119.57271973556821,144.60323817389565,6.46007246627486,-31.490590904602293,-9.238513679760516,-1.5188574739711762,131.8489483632711,-1.5188574739711762,110.23971830426385,729.4010314256997,28.184400853613116,451.00000000000006,65.41213800000001,0.00500011440252472,25.0005720126236,319.07294901687516,0.9997173295247952,CYLINDER,CYLINDER_3,0.4,0.6,True
12.35,12.35,AEROTWIN-4-001,TAKEOFF,0.95,3061.9360841354323,489.9710129291875,167.37908684688628,133.94753893605582,143.19689397669455,6.4285818753702575,-15.67793691600899,145.4248134743327,-8.740162802898292,-1.2164941046126976,-1.520617630765872,110.40351164645836,729.9064721033179,28.216415691640876,451.00000000000006,65.41213800000001,0.004984483971188568,24.922419855942845,319.07294901687516,0.7504155561704504,CYLINDER,CYLINDER_3,0.4,0.6,True
12.36,12.36,AEROTWIN-4-001,TAKEOFF,0.95,3046.9991912355567,673.6871779773135,167.47366270604132,117.62844104509473,142.4992924411126,6.412903938454249,-31.28375533447212,-1.5214768403695638,128.61869668593374,-1.217181472295651,-8.2515973281738,110.56362692933607,730.3960686225073,28.248375572225324,451.00000000000006,65.41213800000001,0.004976637543380288,24.88318771690144,319.07294901687516,1.0370928392706138,CYLINDER,CYLINDER_3,0.4,0.6,True
12.370000000000001,12.370000000000001,AEROTWIN-4-001,TAKEOFF,0.95,3027.6909603717972,136.50712945144687,167.65863917052653,107.05494492613535,141.11238889994988,6.381620183119777,-40.43906415693431,-1.5231573279291013,-1.5231573279291013,-6.290008966620725,116.39126854861428,110.72099053126293,730.8670237031885,28.280232706230027,451.00000000000006,65.41213800000001,0.004960853494019555,24.804267470097773,319.07294901687516,1.2242487807632554,CYLINDER,CYLINDER_3,0.4,0.6,True
12.38,12.38,AEROTWIN-4-001,TAKEOFF,0.95,2994.851047402188,318.1685870737547,167.8903657017772,76.89108094518959,139.32965271279582,6.341181118962843,-68.77975288656907,-7.629451857639875,-1.5252625338755186,87.5710578705805,-1.5252625338755186,110.87606712354027,731.3179299507681,28.311957480566853,451.00000000000006,65.41213800000001,0.004940201399615076,24.701006998075385,319.07294901687516,1.75473539203437,CYLINDER,CYLINDER_3,0.4,0.6,True
12.39,12.39,AEROTWIN-4-001,TAKEOFF,0.95,2974.786493061083,497.8596499178859,168.26536733984182,100.57285750100809,136.32356047864386,6.272401366076274,-42.02310434371204,111.01690610135489,-7.692443723777166,-1.2229355006976215,-1.5286693758720267,111.03004496755659,731.7434892937426,28.34345826337272,451.00000000000006,65.41213800000001,0.004904441910977918,24.522209554889592,319.07294901687516,1.3444450380505206,CYLINDER,CYLINDER_3,0.4,0.6,True
12.4,12.4,AEROTWIN-4-001,TAKEOFF,0.95,2958.669712252428,676.3468395015509,168.48263192863058,106.97850149973459,134.50303002999442,6.230378261732563,-33.75490679199239,-1.5306431969178753,117.65808017300441,-1.2245145575343002,-7.924420918817645,111.18155904438922,732.1498105584252,28.374815974595048,451.00000000000006,65.41213800000001,0.004882207606740779,24.411038033703896,319.07294901687516,1.2346817275583164,CYLINDER,CYLINDER_3,0.4,0.6,True
12.41,12.41,AEROTWIN-4-001,TAKEOFF,0.95,2949.0144929217427,133.86702223669658,168.6506369473077,119.02433785159866,133.0495585753774,6.19662335494057,-20.221844078719315,-1.5321695010593914,-1.5321695010593914,-6.627706474665437,128.71638332838288,111.33025683871148,732.5390665997156,28.406055407404395,451.00000000000006,65.41213800000001,0.004864139627851684,24.320698139258422,319.07294901687516,1.0256487215161312,CYLINDER,CYLINDER_3,0.4,0.6,True
12.42,12.42,AEROTWIN-4-001,TAKEOFF,0.95,2931.851665283399,310.8078918120012,168.7485063484085,102.4132562968961,132.18259693499974,6.176401510861851,-35.94574214896549,-8.702848626110892,-1.5330586320710962,114.18222218714916,-1.5330586320710962,111.47568125949272,732.9144532888321,28.43721970849777,451.00000000000006,65.41213800000001,0.004853227614978854,24.266138074894272,319.07294901687516,1.3173569144254977,CYLINDER,CYLINDER_3,0.4,0.6,True
12.43,12.43,AEROTWIN-4-001,TAKEOFF,0.95,2938.2306797926176,486.71899172900515,168.91733601971097,150.14914028456886,130.64850776965457,6.140455768712886,13.3601767462014,162.13711744467906,-9.225710789572638,-1.2276739424611285,-1.5345924280764107,111.61841760818673,733.2730998131613,28.468255718914257,451.00000000000006,65.41213800000001,0.004833670007102739,24.168350035513697,319.07294901687516,0.4836975582697834,CYLINDER,CYLINDER_3,0.4,0.6,True
12.44,12.44,AEROTWIN-4-001,TAKEOFF,0.95,2952.6510570076593,663.0128325165622,168.85535425242995,167.5734300021881,131.21764664288227,6.153815945459087,30.201967413846745,-1.5340293316353373,179.98236850128396,-1.2272234653082699,-9.647685702152256,111.75690701184146,733.6255140377433,28.49932691583158,451.00000000000006,65.41213800000001,0.004840963000179569,24.20481500089785,319.07294901687516,0.17814632165688027,CYLINDER,CYLINDER_3,0.4,0.6,True
12.450000000000001,12.450000000000001,AEROTWIN-4-001,TAKEOFF,0.95,2973.661065005796,120.17189593702176,168.71188901360748,182.69607446484264,132.50879869943094,6.184017912872934,44.003257852538766,-1.532725968260228,-1.532725968260228,-7.950446707435597,193.71197310879867,111.89061765398115,733.9752980683744,28.530487459571386,451.00000000000006,65.41213800000001,0.004857345225790808,24.286726128954037,319.07294901687516,0.40147608128782086,CYLINDER,CYLINDER_3,0.4,0.6,True
12.46,12.46,AEROTWIN-4-001,TAKEOFF,0.95,2977.0936408288408,298.5915598373696,168.49455206074026,147.81846945401585,134.40127829091125,6.228021170725473,7.1891699923791315,-10.080612560138071,-1.5307514897959673,160.96058499374584,-1.5307514897959673,112.01898527004823,734.3253417873818,28.56177925305728,451.00000000000006,65.41213800000001,0.00488095192316854,24.4047596158427,319.07294901687516,0.520108916591531,CYLINDER,CYLINDER_3,0.4,0.6,True
12.47,12.47,AEROTWIN-4-001,TAKEOFF,0.95,3002.8647039368743,477.2171782871,168.45810700392468,194.92174199337578,134.71174329572708,6.235210340717852,53.97478835693085,207.88378235723343,-10.207283659862169,-1.2243363128868785,-1.530420391108598,112.14357797918252,734.6681055173382,28.59308171560641,451.00000000000006,65.41213800000001,0.0048847789529891,24.423894764945498,319.07294901687516,0.6216412026778046,CYLINDER,CYLINDER_3,0.4,0.6,True
12.48,12.48,AEROTWIN-4-001,TAKEOFF,0.95,3026.9425839489786,657.3890605233125,168.17608047741362,193.77186792408017,137.0540888216417,6.289185129074782,50.42859397336369,-1.5278582161282273,206.6964396067616,-1.2222865729025818,-10.17442689365062,112.2622945690052,735.0133448953777,28.624540955473076,451.00000000000006,65.41213800000001,0.004913240850462465,24.56620425231233,319.07294901687516,0.6083409304817653,CYLINDER,CYLINDER_3,0.4,0.6,True
12.49,12.49,AEROTWIN-4-001,TAKEOFF,0.95,3046.9072274078144,119.00561556025127,167.89917967417605,187.41424817985896,139.26078297560016,6.339613723048146,41.81385148121065,-1.5253426076892747,-1.5253426076892747,-8.004133319608696,198.4690667148462,112.37514376731573,735.3602723803999,28.656140378060584,451.00000000000006,65.41213800000001,0.004939395336031406,24.69697668015703,319.07294901687516,0.5037061242354555,CYLINDER,CYLINDER_3,0.4,0.6,True
12.5,12.5,AEROTWIN-4-001,TAKEOFF,0.95,3040.868483193133,301.82004920472014,167.65976260363465,134.83778225195493,141.10387098525894,6.381427574529356,-12.647516307833358,-9.706860105344362,-1.5231675341754334,147.59097742565015,-1.5231675341754334,112.48249583075722,735.7070829540647,28.687849186854645,451.00000000000006,65.41213800000001,0.004960755791958422,24.803778959792115,319.07294901687516,0.7380619253678232,CYLINDER,CYLINDER_3,0.4,0.6,True
12.51,12.51,AEROTWIN-4-001,TAKEOFF,0.95,3047.3646904735288,484.27215819630817,167.73311866415736,160.5195151953629,140.54511042495054,6.368780058221524,13.605624712190853,172.70681960279268,-9.444403271117029,-1.2190671716945463,-1.5238339646181829,112.58763395004299,736.042635230153,28.719503578349237,451.00000000000006,65.41213800000001,0.004954326327089516,24.77163163544758,319.07294901687516,0.28946517660689025,CYLINDER,CYLINDER_3,0.4,0.6,True
12.52,12.52,AEROTWIN-4-001,TAKEOFF,0.95,3047.2079280528856,667.1140396247199,167.65417235275115,147.20030811170992,141.14624487481026,6.382385682933714,-0.328322446034063,-1.523116747459996,159.051330305747,-1.2184933979679968,-9.1094120486091,112.68906057318318,736.3725827881735,28.751181072075447,451.00000000000006,65.41213800000001,0.0049612417361989455,24.80620868099473,319.07294901687516,0.5216540310355051,CYLINDER,CYLINDER_3,0.4,0.6,True
12.530000000000001,12.530000000000001,AEROTWIN-4-001,TAKEOFF,0.95,3041.5799077579245,129.94651530789304,167.65608853383887,135.72648278715528,141.13172356860298,6.38205736048768,-11.787298141935382,-1.523134155720494,-1.523134155720494,-7.006211260498351,145.7789623590946,112.78770609722092,736.694214473349,28.78283974736789,451.00000000000006,65.41213800000001,0.004961075231669847,24.805376158349237,319.07294901687516,0.7224678086092694,CYLINDER,CYLINDER_3,0.4,0.6,True
12.540000000000001,12.540000000000001,AEROTWIN-4-001,TAKEOFF,0.95,3017.260612911738,312.4413097733685,167.72451890943404,96.04693845474819,140.61088041191198,6.370270062345745,-50.93421201950954,-8.433634083160563,-1.5237558369446549,107.52808421179806,-1.5237558369446549,112.88434242157106,737.0053933576972,28.814445394869782,451.00000000000006,65.41213800000001,0.004955085205950431,24.775426029752154,319.07294901687516,1.4176377600216152,CYLINDER,CYLINDER_3,0.4,0.6,True
12.55,12.55,AEROTWIN-4-001,TAKEOFF,0.95,3004.955364623123,493.47694654807276,168.0120809387402,118.91861346756006,138.3713293666418,6.319335850326236,-25.77205174940796,129.97315972020536,-8.307083310375376,-1.2210946410088568,-1.526368301261071,112.9812584594538,737.2983702150027,28.845880307493967,451.00000000000006,65.41213800000001,0.004928929646971478,24.644648234857396,319.07294901687516,1.0206115371484508,CYLINDER,CYLINDER_3,0.4,0.6,True
12.56,12.56,AEROTWIN-4-001,TAKEOFF,0.95,2992.631653880007,673.7742684254601,168.15255076801662,117.7278397934963,137.2449954186123,6.293563798576828,-25.810719423692817,-1.527644451722949,128.75060795222524,-1.2221155613783592,-8.273008145627628,113.07692063781533,737.5787489730376,28.877218870623228,451.00000000000006,65.41213800000001,0.004915528690590884,24.57764345295442,319.07294901687516,1.0430008919730112,CYLINDER,CYLINDER_3,0.4,0.6,True
12.57,12.57,AEROTWIN-4-001,TAKEOFF,0.95,2982.470584936662,133.33216765826057,168.2898418393353,121.10804486030548,136.12158481117447,6.2677530791531355,-21.281293030022123,-1.5288917235746882,-1.5288917235746882,-6.672581315593621,130.83840962304848,113.1713177069054,737.8468366718031,28.90846016606541,451.00000000000006,65.41213800000001,0.0049019967892504545,24.509983946252273,319.07294901687516,0.9853448456938945,CYLINDER,CYLINDER_3,0.4,0.6,True
12.58,12.58,AEROTWIN-4-001,TAKEOFF,0.95,2961.2483616818877,312.2804027544603,168.40048881820212,96.99754120922191,135.19878986979316,6.246471786123114,-44.44772044669437,-8.489335912877783,-1.529896937248782,108.54667099659724,-1.529896937248782,113.26421595529145,738.1038674342666,28.939617527985174,451.00000000000006,65.41213800000001,0.004890756841780935,24.45378420890468,319.07294901687516,1.4084715520144488,CYLINDER,CYLINDER_3,0.4,0.6,True
12.59,12.59,AEROTWIN-4-001,TAKEOFF,0.95,2959.114796678654,489.9553044553735,168.62414636751853,135.0150761736769,133.2815802014101,6.202024065676419,-4.46852809340961,146.57974834890476,-8.807200267683445,-1.2255430700197474,-1.5319288375246842,113.35669503552472,738.3453771891308,28.970617227197142,451.00000000000006,65.41213800000001,0.004867042831543583,24.335214157717918,319.07294901687516,0.745534138917498,CYLINDER,CYLINDER_3,0.4,0.6,True
12.6,12.6,AEROTWIN-4-001,TAKEOFF,0.95,2962.449690591021,667.5021922560927,168.6460751799832,146.27173294718506,133.0895919325405,6.19755553758301,6.984585477061562,-1.5321280579857566,158.1456876360664,-1.2257024463886053,-9.11612418450698,113.44688813435947,738.5799348151219,29.00158508591772,451.00000000000006,65.41213800000001,0.004864641066590789,24.323205332953947,319.07294901687516,0.5487717284199579,CYLINDER,CYLINDER_3,0.4,0.6,True
12.61,12.61,AEROTWIN-4-001,TAKEOFF,0.95,2971.39272928184,125.249173691554,168.61175435154013,158.3245389080897,133.38974235046484,6.204540123060071,18.73025643456478,-1.5318162576419017,-1.5318162576419017,-7.505745364594211,168.89391678796773,113.5343381643627,738.8100577407114,29.03255706879164,451.00000000000006,65.41213800000001,0.004868393758697642,24.341968793488213,319.07294901687516,0.3374888192720092,CYLINDER,CYLINDER_3,0.4,0.6,True
12.620000000000001,12.620000000000001,AEROTWIN-4-001,TAKEOFF,0.95,2965.961849371233,303.53273744846445,168.51849149436194,129.04517355249612,134.19631145946326,6.223270379494636,-11.374408286461772,-9.571277273428374,-1.5309689764935075,141.6783887789115,-1.5309689764935075,113.61855063221287,739.0382603240287,29.063569436509212,451.00000000000006,65.41213800000001,0.0048784183086654845,24.39209154332742,319.07294901687516,0.8488954078801495,CYLINDER,CYLINDER_3,0.4,0.6,True
12.63,12.63,AEROTWIN-4-001,TAKEOFF,0.95,2982.499512095992,481.4904484107384,168.575340662408,174.5545084323681,133.7062126453943,6.2118959712081745,34.636399815765635,187.10572758878624,-9.794545357351481,-1.225188355140745,-1.5314854439259313,113.70103568323646,739.2584303228014,29.094527053421576,451.00000000000006,65.41213800000001,0.004872337420300558,24.361687101502795,319.07294901687516,0.26235294240604407,CYLINDER,CYLINDER_3,0.4,0.6,True
12.64,12.64,AEROTWIN-4-001,TAKEOFF,0.95,3000.6176683561253,660.4404191364979,168.4001770946246,179.39452259133785,135.20141248469614,6.24653237102394,37.94657773561777,-1.5298941052798856,192.0408927933787,-1.2239152842239085,-9.892560812537061,113.77958811576579,739.4801836413438,29.125573114054376,451.00000000000006,65.41213800000001,0.0048907889458634215,24.453944729317108,319.07294901687516,0.3513231279025163,CYLINDER,CYLINDER_3,0.4,0.6,True
12.65,12.65,AEROTWIN-4-001,TAKEOFF,0.95,3018.5424939813797,120.4774792378654,168.20126128797875,180.67519710244378,136.84905115289806,6.284478948759557,37.54166700078616,-1.5280869805767834,-1.5280869805767834,-7.901694265580586,191.63306532917792,113.85399076930648,739.7041580510343,29.156714865192324,451.00000000000006,65.41213800000001,0.004910778333352089,24.553891666760446,319.07294901687516,0.37854334277335366,CYLINDER,CYLINDER_3,0.4,0.6,True
12.66,12.66,AEROTWIN-4-001,TAKEOFF,0.95,3014.3262476759164,301.5900288767482,167.99725319908458,135.98046327114724,138.4889282680323,6.322020615760343,-8.830485612645411,-9.750550609899783,-1.526233593139707,148.78348106732642,-1.526233593139707,113.92421247120163,739.9302151686076,29.187947878575084,451.00000000000006,65.41213800000001,0.004930319270450035,24.651596352250174,319.07294901687516,0.721864421142634,CYLINDER,CYLINDER_3,0.4,0.6,True
12.67,12.67,AEROTWIN-4-001,TAKEOFF,0.95,3026.275775933095,482.44960373730316,168.04588508556577,169.44254431909152,138.10232073120127,6.313190130147698,25.027033457742554,181.85285494376896,-9.662294890964308,-1.2213403260947264,-1.526675407618408,113.99303400690816,740.1488138955392,29.21913255100458,451.00000000000006,65.41213800000001,0.004925744089966055,24.628720449830276,319.07294901687516,0.18570067202459417,CYLINDER,CYLINDER_3,0.4,0.6,True
12.68,12.68,AEROTWIN-4-001,TAKEOFF,0.95,3034.0618172407835,664.0261502932889,167.9070224398948,161.84469790258288,139.19943395712332,6.338217163605441,16.30704678185412,-1.5254138582143584,174.07221249892237,-1.2203310865714867,-9.48176965155364,114.0584660702983,740.3670688806935,29.250368846392103,451.00000000000006,65.41213800000001,0.004938676778127209,24.693383890636042,319.07294901687516,0.2682336802845846,CYLINDER,CYLINDER_3,0.4,0.6,True
12.69,12.69,AEROTWIN-4-001,TAKEOFF,0.95,3037.6218357194907,126.06985932773591,167.81482669632624,153.72723304010032,139.91662356348004,6.354524210387296,7.456085266232976,-1.5245762716568443,-1.5245762716568443,-7.393887451676141,164.17027303509016,114.1210813422582,740.583204366065,29.281629717692102,451.00000000000006,65.41213800000001,0.0049470464742923746,24.735232371461873,319.07294901687516,0.40925367809626106,CYLINDER,CYLINDER_3,0.4,0.6,True
12.700000000000001,12.700000000000001,AEROTWIN-4-001,TAKEOFF,0.95,3020.494017520659,308.32716947090535,167.77222088232165,110.7347204684533,140.2451587231132,6.361980295653528,-35.872418550313434,-8.967746861760306,-1.5241892032771023,122.75084573676781,-1.5241892032771023,114.18149636494022,740.7954621865075,29.312888616851616,451.00000000000006,65.41213800000001,0.004950858302155296,24.754291510776483,319.07294901687516,1.161141723571347,CYLINDER,CYLINDER_3,0.4,0.6,True
12.71,12.71,AEROTWIN-4-001,TAKEOFF,0.95,3016.3413364113535,489.5568105221449,167.9746091226782,136.29680852404292,138.66805562406955,6.326107877103214,-8.697354977129852,147.86784063956833,-8.824181941250714,-1.220822299677647,-1.5260278745970588,114.24250341257736,740.9950730679251,29.34401918332572,451.00000000000006,65.41213800000001,0.004932432491927865,24.66216245963933,319.07294901687516,0.7160764179440126,CYLINDER,CYLINDER_3,0.4,0.6,True
12.72,12.72,AEROTWIN-4-001,TAKEOFF,0.95,3010.281974172385,670.5372907068261,168.02269177191917,131.9137382432699,138.28702631806536,6.317410522126084,-12.69069859692154,-1.5264646993255664,143.36203017094195,-1.2211717594604532,-8.700655468886035,114.30236839594318,741.1879139568318,29.37510067037439,451.00000000000006,65.41213800000001,0.004927932359272829,24.639661796364145,319.07294901687516,0.7933146262339398,CYLINDER,CYLINDER_3,0.4,0.6,True
12.73,12.73,AEROTWIN-4-001,TAKEOFF,0.95,3003.878906179024,131.15420915716913,168.09216029183602,130.62615554228643,137.73198996434354,6.304719823529163,-13.410554245586276,-1.5270958119583256,-1.5270958119583256,-6.898879146016352,140.57922631221945,114.3613567989072,741.3733369539849,29.40612112345055,451.00000000000006,65.41213800000001,0.004921343236779146,24.606716183895728,319.07294901687516,0.8166158696154102,CYLINDER,CYLINDER_3,0.4,0.6,True
12.74,12.74,AEROTWIN-4-001,TAKEOFF,0.95,2983.141243487986,311.3869435279106,168.1646781513299,100.00513318903683,137.14668309494502,6.291309269283577,-43.432859175191766,-8.59661893966206,-1.5277546274517608,111.6572613836024,-1.5277546274517608,114.41952414745576,741.551380204212,29.437078219736982,451.00000000000006,65.41213800000001,0.004914351104964922,24.571755524824614,319.07294901687516,1.3532812835705854,CYLINDER,CYLINDER_3,0.4,0.6,True
12.75,12.75,AEROTWIN-4-001,TAKEOFF,0.95,2979.047429921648,490.37541813718974,168.39325689089247,132.93341346536067,135.2596001387013,6.247876410108384,-8.574063083449014,144.42798751647902,-8.740877826115588,-1.2238649888901159,-1.529831236112645,114.47854989580331,741.7160848034587,29.46788146899819,451.00000000000006,65.41213800000001,0.004891501000805277,24.457505004026384,319.07294901687516,0.7795162192765908,CYLINDER,CYLINDER_3,0.4,0.6,True
12.76,12.76,AEROTWIN-4-001,TAKEOFF,0.95,2977.873073423893,669.1182639324886,168.43724530549645,138.6683527890161,134.88861693935237,6.239302347024935,-2.4595664973612124,-1.530230865242283,150.32693687371065,-1.2241846921938264,-8.904168527258435,114.53643928830542,741.8749172961958,29.498635624128,451.00000000000006,65.41213800000001,0.004886953499848329,24.434767499241644,319.07294901687516,0.6796257038105218,CYLINDER,CYLINDER_3,0.4,0.6,True
12.77,12.77,AEROTWIN-4-001,TAKEOFF,0.95,2980.383643847503,127.79064833792222,168.44979478818513,146.27725944610137,134.78229026615057,6.2368427805275735,5.258126399423227,-1.530344875690021,-1.530344875690021,-7.25617649543918,156.59412569292058,114.59289470790942,742.0292756809725,29.529359116668125,451.00000000000006,65.41213800000001,0.004885646780856837,24.428233904284188,319.07294901687516,0.5466037934834829,CYLINDER,CYLINDER_3,0.4,0.6,True
12.780000000000001,12.780000000000001,AEROTWIN-4-001,TAKEOFF,0.95,2969.0241993031514,306.6136669687724,168.4229287090788,117.4605851196064,135.00964923227684,6.242100906926996,-23.791165019597432,-9.211305122302464,-1.5301008007919663,129.7320918434928,-1.5301008007919663,114.6475400252279,742.1808510648829,29.56007513125007,451.00000000000006,65.41213800000001,0.004888439117942052,24.442195589710256,319.07294901687516,1.0506086046261391,CYLINDER,CYLINDER_3,0.4,0.6,True
12.790000000000001,12.790000000000001,AEROTWIN-4-001,TAKEOFF,0.95,2978.0077445629668,484.7551189269615,168.54336570645123,159.01586093662297,133.9824580004311,6.218309741907399,18.815093194284465,171.20718935086833,-9.43517749428407,-1.224955964427249,-1.5311949555340614,114.70197358837211,742.3237687308193,29.590695252132313,451.00000000000006,65.41213800000001,0.004875768872413339,24.378844362066697,319.07294901687516,0.3246713909746196,CYLINDER,CYLINDER_3,0.4,0.6,True
12.8,12.8,AEROTWIN-4-001,TAKEOFF,0.95,2989.5296275624546,663.4355836007395,168.44835722054322,165.16298147252206,134.79448131294524,6.2371248351016835,24.131375324475144,-1.5303318155715624,177.49560985535632,-1.22426545245725,-9.57803111480545,114.75393805011954,742.4669635459329,29.621348921620072,451.00000000000006,65.41213800000001,0.004885796680981285,24.428983404906425,319.07294901687516,0.2160883220394764,CYLINDER,CYLINDER_3,0.4,0.6,True
12.81,12.81,AEROTWIN-4-001,TAKEOFF,0.95,3002.68049762654,122.80736125448675,168.3238652851784,169.6439102023139,135.8395361374595,6.261256210426159,27.54311785442823,-1.5292008222355966,-1.5292008222355966,-7.711732210842239,180.4140440576273,114.80315681128774,742.6115164405256,29.652050883503737,451.00000000000006,65.41213800000001,0.004898573293421288,24.49286646710644,319.07294901687516,0.18253695822220195,CYLINDER,CYLINDER_3,0.4,0.6,True
12.82,12.82,AEROTWIN-4-001,TAKEOFF,0.95,2996.753270728842,302.9681911120791,168.17814898020015,130.91211891810883,137.0372745751399,6.288799328280588,-12.413954985311646,-9.61385445422119,-1.5278770082119084,143.58172738875382,-1.5278770082119084,114.8494333116387,742.7580915999239,29.682809598358048,451.00000000000006,65.41213800000001,0.004913039117981716,24.56519558990858,319.07294901687516,0.8125566302191708,CYLINDER,CYLINDER_3,0.4,0.6,True
12.83,12.83,AEROTWIN-4-001,TAKEOFF,0.95,3008.847729813445,482.77338735580963,168.24430289968677,168.1037525181904,136.49679127200807,6.276385373295276,25.330575872887046,180.4938030238252,-9.638790091013393,-1.22278240649841,-1.5284780081230125,114.89518490725335,742.8984621402382,29.71350648082012,451.00000000000006,65.41213800000001,0.004906534762788322,24.53267381394161,319.07294901687516,0.16242530717362358,CYLINDER,CYLINDER_3,0.4,0.6,True
12.84,12.84,AEROTWIN-4-001,TAKEOFF,0.95,3019.1365904498157,663.3042511446163,168.1084833910004,165.45143210255097,137.6007768273614,6.3017159491681625,21.54893932602142,-1.5272441052298786,177.77361886026824,-1.2217952841839028,-9.573147368303506,114.93816960549823,743.0405067566522,29.74425218504705,451.00000000000006,65.41213800000001,0.004919779653793761,24.59889826896881,319.07294901687516,0.20735347503198964,CYLINDER,CYLINDER_3,0.4,0.6,True
12.85,12.85,AEROTWIN-4-001,TAKEOFF,0.95,3027.078164044903,124.45244657160515,167.99036873652244,161.49950494681025,138.54344721546957,6.323264888494184,16.632792842846495,-1.5261710486764317,-1.5261710486764317,-7.550847265600973,172.1026943097641,114.97863077065948,743.1834097693572,29.77503418393157,451.00000000000006,65.41213800000001,0.004930962889809948,24.654814449049738,319.07294901687516,0.2752046357296728,CYLINDER,CYLINDER_3,0.4,0.6,True
12.86,12.86,AEROTWIN-4-001,TAKEOFF,0.95,3014.4078322871073,306.07713641429933,167.89758381301462,119.07647544514774,139.2732585430355,6.33989768133703,-26.53668077922479,-9.246061594927818,-1.525328109494404,131.37319325906438,-1.525328109494404,115.01690675561426,743.3261437382854,29.805837185345528,451.00000000000006,65.41213800000001,0.004939541397904194,24.69770698952097,319.07294901687516,1.0165718724936395,CYLINDER,CYLINDER_3,0.4,0.6,True
12.870000000000001,12.870000000000001,AEROTWIN-4-001,TAKEOFF,0.95,3016.2787722625158,486.94160635152576,168.04494782275702,148.3416450043827,138.10979648245714,6.313361000557806,3.918487521367765,160.24104142519053,-9.151396013937974,-1.2213335141643784,-1.526666892705473,115.05584149939281,743.4598792158084,29.836537452976025,451.00000000000006,65.41213800000001,0.004925832744152645,24.629163720763227,319.07294901687516,0.5060729574360875,CYLINDER,CYLINDER_3,0.4,0.6,True
12.88,12.88,AEROTWIN-4-001,TAKEOFF,0.95,3015.9049381702857,667.9183326872767,168.02341323834773,143.81561294840864,138.2812897522028,6.317279488079173,-0.7829562918733401,-1.526471253755943,155.59486682296054,-1.2211770030047544,-9.031605617791191,115.09346319047752,743.5910731378115,29.867222376705836,451.00000000000006,65.41213800000001,0.004927864463207586,24.639322316037926,319.07294901687516,0.5850398230168091,CYLINDER,CYLINDER_3,0.4,0.6,True
12.89,12.89,AEROTWIN-4-001,TAKEOFF,0.95,3014.1688239819887,128.87262897749383,168.02772233181577,140.9274025096434,138.24701503102062,6.3164965317873,-3.6361090531645237,-1.5265104013198567,-1.5265104013198567,-7.130724352409301,151.11114766469242,115.13010552471661,743.7188269971534,29.89787826208263,451.00000000000006,65.41213800000001,0.004927458709706243,24.63729354853121,319.07294901687516,0.6356313021461379,CYLINDER,CYLINDER_3,0.4,0.6,True
12.9,12.9,AEROTWIN-4-001,TAKEOFF,0.95,2995.7704877202214,309.72275841641317,168.04769318505086,105.86737133804256,138.08789627413822,6.312860422734135,-38.53338535882979,-8.806864244618065,-1.5266918339713473,117.72761925060331,-1.5266918339713473,115.16597693421605,743.842642961074,29.92849682870847,451.00000000000006,65.41213800000001,0.004925573011154298,24.62786505577149,319.07294901687516,1.2494031470099713,CYLINDER,CYLINDER_3,0.4,0.6,True
12.91,12.91,AEROTWIN-4-001,TAKEOFF,0.95,2993.0210284296845,489.4689876796265,168.25519592616925,136.92315087481353,136.40727790976788,6.274327037375306,-5.758454072329661,148.5246919140074,-8.850102493414134,-1.2228615759021089,-1.5285769698776361,115.20324318221755,743.9554785246415,29.958977241020587,451.00000000000006,65.41213800000001,0.004905453819360614,24.527269096803067,319.07294901687516,0.708204349399894,CYLINDER,CYLINDER_3,0.4,0.6,True
12.92,12.92,AEROTWIN-4-001,TAKEOFF,0.95,2991.3154839265103,669.0502493854076,168.28555594481432,138.85349349852115,136.15700896958077,6.268568583302977,-3.5720840543626027,-1.5288527867702462,150.51015976675177,-1.223082229416197,-8.904731252044174,115.2398392812826,744.0643148594239,29.9894144579507,451.00000000000006,65.41213800000001,0.004902426023964094,24.51213011982047,319.07294901687516,0.6747530300748933,CYLINDER,CYLINDER_3,0.4,0.6,True
12.93,12.93,AEROTWIN-4-001,TAKEOFF,0.95,2991.540891366835,128.52917842099816,168.30430401883717,142.7389663731531,136.00187763484496,6.264996499248614,0.472092239059517,-1.5290231106287349,-1.5290231106287349,-7.176846420242044,152.97385901465262,115.27565290614974,744.1696993381926,30.019814804939603,451.00000000000006,65.41213800000001,0.004900545071336348,24.50272535668174,319.07294901687516,0.6069603678734938,CYLINDER,CYLINDER_3,0.4,0.6,True
12.94,12.94,AEROTWIN-4-001,TAKEOFF,0.95,2977.1749016659305,308.02163190300826,168.30182996973355,112.19978508561509,136.0223749647327,6.265468591487673,-30.08805847060529,-9.03385089474252,-1.5290006342085487,124.29163724877469,-1.5290006342085487,115.31046623377279,744.2725458081807,30.050189994072777,451.00000000000006,65.41213800000001,0.0049007937816426955,24.50396890821348,319.07294901687516,1.1413692577747652,CYLINDER,CYLINDER_3,0.4,0.6,True
12.950000000000001,12.950000000000001,AEROTWIN-4-001,TAKEOFF,0.95,2981.5182858038215,486.6521260029641,168.4572410357968,150.05124040587455,134.71909740664526,6.235380533017068,9.096762466212223,162.01456748813138,-9.208584539239089,-1.224330019118988,-1.5304125238987352,115.34607621819362,744.3666642636902,30.080450436353775,451.00000000000006,65.41213800000001,0.004884869449890334,24.424347249451674,319.07294901687516,0.48063852606579727,CYLINDER,CYLINDER_3,0.4,0.6,True
12.96,12.96,AEROTWIN-4-001,TAKEOFF,0.95,2988.1222103651867,665.5432231511934,168.41074050707917,155.18817059741843,135.1124660440384,6.2444772954832795,13.831227257896757,-1.5299900725331552,167.27903815696578,-1.2239920580265242,-9.336885428987669,115.38020515834101,744.4602912081567,30.1107113262631,451.00000000000006,65.41213800000001,0.004889699621046598,24.448498105232986,319.07294901687516,0.3902453973608901,CYLINDER,CYLINDER_3,0.4,0.6,True
12.97,12.97,AEROTWIN-4-001,TAKEOFF,0.95,2996.752602756228,124.8305557731046,168.33923115264935,160.04542466381847,135.71166458554845,6.258308522741177,18.07545155552884,-1.529340419179447,-1.529340419179447,-7.53210615443292,170.63621165661027,115.41260439657441,744.554407732395,30.140985994049725,451.00000000000006,65.41213800000001,0.004897017730689033,24.485088653445164,319.07294901687516,0.30447476878814533,CYLINDER,CYLINDER_3,0.4,0.6,True
12.98,12.98,AEROTWIN-4-001,TAKEOFF,0.95,2988.120529736236,304.6357119384784,168.24431031072587,124.69414293980603,136.4967304220815,6.2763839742967065,-18.078971456572177,-9.432035032451246,-1.5284780754513563,137.18313412316,-1.5284780754513563,115.44304054615748,744.6498700831236,30.171285956117114,451.00000000000006,65.41213800000001,0.004906534028336608,24.532670141683038,319.07294901687516,0.9220935554661123,CYLINDER,CYLINDER_3,0.4,0.6,True
12.99,12.99,AEROTWIN-4-001,TAKEOFF,0.95,2998.041922629236,483.9229437226526,168.33924947493568,162.74913361406604,135.7115119272084,6.258305002840134,20.779316684017513,175.01967017730954,-9.517723509100353,-1.2234724685080631,-1.5293405856350788,115.47373569344262,744.7392464152182,30.201506429114627,451.00000000000006,65.41213800000001,0.0048970158723018915,24.48507936150946,319.07294901687516,0.2571600598129473,CYLINDER,CYLINDER_3,0.4,0.6,True
13.0,13.0,AEROTWIN-4-001,TAKEOFF,0.95,3007.737061946632,663.8054590804068,168.22998697828214,163.19874474761647,136.61420812472,6.279084319524152,20.305452303372327,-1.528347949805103,175.47441403298845,-1.2226783598440822,-9.52464297572279,115.50234390844561,744.830640364536,30.231759547131578,451.00000000000006,65.41213800000001,0.00490795106286866,24.5397553143433,319.07294901687516,0.24810700887145418,CYLINDER,CYLINDER_3,0.4,0.6,True
13.01,13.01,AEROTWIN-4-001,TAKEOFF,0.95,3016.661693828595,124.26968279720472,168.12109230911426,162.4903044145829,137.4992093385091,6.299389771827524,18.69170530424628,-1.527358655640865,-1.527358655640865,-7.573221802409195,173.11824352827384,115.52890377779855,744.9239045248282,30.262042775969142,451.00000000000006,65.41213800000001,0.004918567791801966,24.592838959009832,319.07294901687516,0.2593120399968377,CYLINDER,CYLINDER_3,0.4,0.6,True
13.02,13.02,AEROTWIN-4-001,TAKEOFF,0.95,3005.932256812144,305.2693844269204,168.01899615975566,122.16280319499614,138.3164020565559,6.318081477131771,-22.471680338691513,-9.346867231203783,-1.526431125160967,134.56253267652187,-1.526431125160967,115.55353092853393,745.0186619233483,30.29235044807271,451.00000000000006,65.41213800000001,0.004928279973390325,24.641399866951627,319.07294901687516,0.9639149822916117,CYLINDER,CYLINDER_3,0.4,0.6,True
13.030000000000001,13.030000000000001,AEROTWIN-4-001,TAKEOFF,0.95,3011.1491219045374,485.62531983564907,168.14152269775687,154.55603139834489,137.3342449021978,6.295609796793079,10.926176699353995,166.6180184945323,-9.312407422584284,-1.2220354104902824,-1.527544263112853,115.57893442175113,745.1064520567555,30.32256652496116,451.00000000000006,65.41213800000001,0.0049165966237810724,24.58298311890536,319.07294901687516,0.398386449566776,CYLINDER,CYLINDER_3,0.4,0.6,True
13.040000000000001,13.040000000000001,AEROTWIN-4-001,TAKEOFF,0.95,3014.616940637906,666.2942671499213,168.08226901911078,151.38087063251302,137.81135208786614,6.3065359734924336,7.262982571154449,-1.527005951008669,163.36008931416302,-1.2216047608069354,-9.230607969834386,115.60294532107525,745.1942832361528,30.35278514490637,451.00000000000006,65.41213800000001,0.0049222878514037696,24.61143925701885,319.07294901687516,0.45329919463500934,CYLINDER,CYLINDER_3,0.4,0.6,True
13.05,13.05,AEROTWIN-4-001,TAKEOFF,0.95,3016.695425641979,127.17128358819559,168.04254485902698,148.795926166541,138.12895839754816,6.313798956063588,4.353168812929246,-1.5266450620868286,-1.5266450620868286,-7.298885528347207,159.14810181906185,115.62582778158408,745.2814048440938,30.38299559817694,451.00000000000006,65.41213800000001,0.004926059950075752,24.63029975037876,319.07294901687516,0.49809642261378273,CYLINDER,CYLINDER_3,0.4,0.6,True
13.06,13.06,AEROTWIN-4-001,TAKEOFF,0.95,3000.8537249205624,308.17300912671436,168.01860689943717,111.45886705659011,138.3194953362279,6.318152124876518,-33.17878040451431,-8.99998640782248,-1.5264275887806795,123.51170864197394,-1.5264275887806795,115.64779832747112,745.3672391911238,30.413189490356494,451.00000000000006,65.41213800000001,0.0049283165707796105,24.64158285389805,319.07294901687516,1.1512295446917324,CYLINDER,CYLINDER_3,0.4,0.6,True
13.07,13.07,AEROTWIN-4-001,TAKEOFF,0.95,3000.5692451338386,488.2242326219481,168.1986212836491,142.55974391703484,136.87058364460725,6.284973344472003,-0.5958130720444172,154.31355032194205,-9.003293011252982,-1.222450397179648,-1.52806299647456,115.67130354776742,745.4441383791687,30.443261803869774,451.00000000000006,65.41213800000001,0.00491103719967374,24.555185998368703,319.07294901687516,0.6089471671202753,CYLINDER,CYLINDER_3,0.4,0.6,True
13.08,13.08,AEROTWIN-4-001,TAKEOFF,0.95,3000.2238855590203,668.2583873299784,168.20180268873597,142.40569244591202,136.84463431657545,6.284377531399959,-0.7233194020633862,-1.5280918991335293,154.15549242239695,-1.2224735193068235,-8.999234558044558,115.69420612855701,745.518993167604,30.47330416502702,451.00000000000006,65.41213800000001,0.004910725226059128,24.553626130295644,319.07294901687516,0.6116778369413748,CYLINDER,CYLINDER_3,0.4,0.6,True
13.09,13.09,AEROTWIN-4-001,TAKEOFF,0.95,3000.5793402472227,128.2718204635196,168.20566249783357,143.84125180699027,136.81313503689753,6.283654211997895,0.7444625580948419,-1.528126965006308,-1.528126965006308,-7.198221581281152,154.09572731828405,115.71653055349753,745.591828575082,30.503316154723937,451.00000000000006,65.41213800000001,0.004910346409697145,24.55173204848572,319.07294901687516,0.5865977180711316,CYLINDER,CYLINDER_3,0.4,0.6,True
13.1,13.1,AEROTWIN-4-001,TAKEOFF,0.95,2985.2829241716126,308.306580878353,168.20168982361594,111.09321487976558,136.84555511813713,6.284398674555989,-32.03673891292753,-8.993256167191397,-1.5280908737683259,123.14265279449361,-1.5280908737683259,115.73820041004772,745.6629954350966,30.533301838448832,451.00000000000006,65.41213800000001,0.0049107362978329265,24.553681489164635,319.07294901687516,1.1596449610331174,CYLINDER,CYLINDER_3,0.4,0.6,True
13.11,13.11,AEROTWIN-4-001,TAKEOFF,0.95,2987.5220657528034,487.42355632864974,168.3700951954138,146.39589226472862,135.45388316787418,6.252361935643062,4.689647161211372,158.25999275160123,-9.110783019752308,-1.2236966520534571,-1.5296208150668213,115.7612469467205,745.7258275167213,30.56316855658958,451.00000000000006,65.41213800000001,0.00489387523339046,24.469376166952305,319.07294901687516,0.5436740305198553,CYLINDER,CYLINDER_3,0.4,0.6,True
13.120000000000001,13.120000000000001,AEROTWIN-4-001,TAKEOFF,0.95,2991.3092862746353,666.674880273818,168.3457699431252,149.846144172124,135.65715647671155,6.257051582804273,7.9319361126081915,-1.5293998232559585,161.7988348424481,-1.2235198586047669,-9.199770988463335,115.78338702696915,745.7880484284117,30.59302061568398,451.00000000000006,65.41213800000001,0.004896353979981806,24.481769899909033,319.07294901687516,0.48303269295202955,CYLINDER,CYLINDER_3,0.4,0.6,True
13.13,13.13,AEROTWIN-4-001,TAKEOFF,0.95,2996.8084343250625,126.15343745029611,168.3043720276031,153.78368633888627,136.00131407582,6.264983518916881,11.517388744149383,-1.529023728479689,-1.529023728479689,-7.407569635295139,164.2493034311408,115.80444420614135,745.8503369118191,30.622866958595313,451.00000000000006,65.41213800000001,0.004900538232445625,24.50269116222812,319.07294901687516,0.4136785046074777,CYLINDER,CYLINDER_3,0.4,0.6,True
13.14,13.14,AEROTWIN-4-001,TAKEOFF,0.95,2985.812929914655,305.9619435097999,168.24369083485877,119.74938684816959,136.50181652600867,6.276500907661031,-23.028930585500106,-9.278674867071656,-1.5284724475922067,132.08500661042567,-1.5284724475922067,115.8242169055996,745.9134249608773,30.652717293790705,451.00000000000006,65.41213800000001,0.004906595415351462,24.532977076757312,319.07294901687516,1.0086200437512465,CYLINDER,CYLINDER_3,0.4,0.6,True
13.15,13.15,AEROTWIN-4-001,TAKEOFF,0.95,2993.1750469687163,485.11071930467915,168.36434751404693,157.17463815470538,135.5019842763589,6.253471977075531,15.419181901270935,169.31224825186285,-9.38438662054951,-1.2236548784924364,-1.5295685981155456,115.84486562426211,745.9702234496759,30.682474307534243,451.00000000000006,65.41213800000001,0.004894462279902163,24.472311399510815,319.07294901687516,0.354984144634749,CYLINDER,CYLINDER_3,0.4,0.6,True
13.16,13.16,AEROTWIN-4-001,TAKEOFF,0.95,3001.093683790714,664.7012221228022,168.28385970880694,159.02466773473228,136.1710223981329,6.268891158976802,16.58475417762258,-1.528837376682718,171.20336982029488,-1.2230699013461743,-9.426794807533723,115.86401270003637,746.0287571692778,30.71224641286225,451.00000000000006,65.41213800000001,0.0049025957790495706,24.512978895247855,319.07294901687516,0.3217390864254436,CYLINDER,CYLINDER_3,0.4,0.6,True
13.17,13.17,AEROTWIN-4-001,TAKEOFF,0.95,3009.2259868852057,124.766843150245,168.19593636121624,160.21020551647132,136.89247383103603,6.285475913154425,17.032255772280866,-1.5280386042971048,-1.5280386042971048,-7.531512877657929,170.79779560272345,115.88159859302188,746.0892212473848,30.742036094740243,451.00000000000006,65.41213800000001,0.004911300303790086,24.55650151895043,319.07294901687516,0.3000347383408547,CYLINDER,CYLINDER_3,0.4,0.6,True
13.18,13.18,AEROTWIN-4-001,TAKEOFF,0.95,2998.7679792241224,305.32040236335735,168.10418291735607,122.03468408794083,137.6353759451789,6.302508168926705,-21.903200026164782,-9.345713310440518,-1.527205035975963,134.43480747033328,-1.527205035975963,115.89760641200023,746.1516589962938,30.771843754882056,451.00000000000006,65.41213800000001,0.004920192168039833,24.600960840199168,319.07294901687516,0.9670991810267493,CYLINDER,CYLINDER_3,0.4,0.6,True
13.19,13.19,AEROTWIN-4-001,TAKEOFF,0.95,3005.186858503113,485.24648111680466,168.22190471810723,156.40466005035665,136.68038575668533,6.2806049689005405,13.443669324770788,168.51635408612074,-9.360799893457857,-1.2226196188027731,-1.5282745235034665,115.91458677796038,746.2080537981968,30.80156182073996,451.00000000000006,65.41213800000001,0.004908748508085114,24.54374254042557,319.07294901687516,0.3669153660924096,CYLINDER,CYLINDER_3,0.4,0.6,True
13.200000000000001,13.200000000000001,AEROTWIN-4-001,TAKEOFF,0.95,3010.5917351753596,665.5576926269914,168.14993937614852,154.8801380917172,137.26614222209855,6.294048638225312,11.31994723139335,-1.5276207275612854,166.95059944134323,-1.2220965820490284,-9.320744040015704,115.93024476632672,746.2657896783147,30.8312879834329,451.00000000000006,65.41213800000001,0.004915781821464898,24.578909107324492,319.07294901687516,0.39280700885942316,CYLINDER,CYLINDER_3,0.4,0.6,True
13.21,13.21,AEROTWIN-4-001,TAKEOFF,0.95,3015.048720352028,126.19319673751295,168.08862887673308,153.40039345058878,137.76033693967878,6.305368585456705,9.334687925453295,-1.5270637295030545,-1.5270637295030545,-7.3943214314801535,163.84884234107506,115.9447365555613,746.3243985371463,30.861015850301584,451.00000000000006,65.41213800000001,0.004921680733690504,24.60840366845252,319.07294901687516,0.4180277435808663,CYLINDER,CYLINDER_3,0.4,0.6,True
13.22,13.22,AEROTWIN-4-001,TAKEOFF,0.95,3001.1694217361733,307.09611995863463,168.03757998226934,115.4144975256244,138.16852929794152,6.314703273382158,-29.068735045699277,-9.132404613762464,-1.5265999568154685,127.6001020530178,-1.5265999568154685,115.95821261983059,746.3834523110114,30.89073956924665,451.00000000000006,65.41213800000001,0.004926528996975982,24.632644984879914,319.07294901687516,1.082216417923079,CYLINDER,CYLINDER_3,0.4,0.6,True
13.23,13.23,AEROTWIN-4-001,TAKEOFF,0.95,3003.1978564237374,487.166285262805,168.19508865518654,147.43336158261235,136.89938336911518,6.285634538336459,4.248343675160705,159.31631026447187,-9.13249305646659,-1.2224247223968574,-1.5280309029960717,115.97322317297508,746.4350814696945,30.920354500893414,451.00000000000006,65.41213800000001,0.004911383338337347,24.556916691686734,319.07294901687516,0.5236202388471614,CYLINDER,CYLINDER_3,0.4,0.6,True
13.24,13.24,AEROTWIN-4-001,TAKEOFF,0.95,3004.7026864036425,667.3581566482293,168.17233749268146,146.52609283140794,137.08450140954997,6.28988288201162,3.1517085398463447,-1.5278242115898912,158.38420088682074,-1.2222593692719128,-9.108024474551002,115.98755191725226,746.4862892285623,30.94995188439751,451.00000000000006,65.41213800000001,0.004913605637645382,24.56802818822691,319.07294901687516,0.5392484329783455,CYLINDER,CYLINDER_3,0.4,0.6,True
13.25,13.25,AEROTWIN-4-001,TAKEOFF,0.95,3006.2320248466212,127.64031783244786,168.1553997659179,146.71798883547189,137.2219153000447,6.293034590551466,3.203038944875706,-1.5276703345050835,-1.5276703345050835,-7.2582071117225215,157.03153661620456,116.00128630159298,746.5368617205927,30.979528576951633,451.00000000000006,65.41213800000001,0.004915252350669178,24.57626175334589,319.07294901687516,0.5357045472054331,CYLINDER,CYLINDER_3,0.4,0.6,True
13.26,13.26,AEROTWIN-4-001,TAKEOFF,0.95,2991.172679238111,308.0142393232451,168.1381343627995,112.11765565653843,137.36163771475202,6.296237629496342,-31.540219687709932,-9.025974696806768,-1.527513480522434,124.19865731439006,-1.527513480522434,116.01443782461767,746.5868253310836,31.00908459949297,451.00000000000006,65.41213800000001,0.00491692418872144,24.5846209436072,319.07294901687516,1.1410207976111613,CYLINDER,CYLINDER_3,0.4,0.6,True
13.27,13.27,AEROTWIN-4-001,TAKEOFF,0.95,2992.989122566455,487.48460007753175,168.30587084134396,146.05793997081278,135.98889255034425,6.264697409808632,3.8043500106599035,157.91008488826188,-9.099877696429056,-1.2232298760089086,-1.5290373450111359,116.02923979736254,746.6290858460513,31.0385250212306,451.00000000000006,65.41213800000001,0.004900387484337487,24.501937421687433,319.07294901687516,0.5488952881569956,CYLINDER,CYLINDER_3,0.4,0.6,True
13.280000000000001,13.280000000000001,AEROTWIN-4-001,TAKEOFF,0.95,2995.6459656514207,667.0639474315191,168.2859072640214,147.98708699884813,136.15410609405146,6.268501759819292,5.564479144977379,-1.5288559784603815,159.88881033014871,-1.2230847827683051,-9.1497825700719,116.04340265191344,746.6710683238571,31.067946975093175,451.00000000000006,65.41213800000001,0.004902390856033961,24.511954280169807,319.07294901687516,0.5149189532666685,CYLINDER,CYLINDER_3,0.4,0.6,True
13.290000000000001,13.290000000000001,AEROTWIN-4-001,TAKEOFF,0.95,2999.4815419533475,126.80270537060426,168.25657457119502,150.70321680778264,136.39593834720748,6.274066238964269,8.033212221610892,-1.528589494691651,-1.528589494691651,-7.343677949952391,161.10407374711835,116.05683082617544,746.7131398867541,31.0973551299979,451.00000000000006,65.41213800000001,0.0049053168100035354,24.526584050017675,319.07294901687516,0.46706818638857744,CYLINDER,CYLINDER_3,0.4,0.6,True
13.3,13.3,AEROTWIN-4-001,TAKEOFF,0.95,2986.926208385762,306.7715978878051,168.21395006441745,116.7317105463762,136.74544022805415,6.28209945118588,-26.295829132863823,-9.18099843988733,-1.5282022564904534,128.96911349924446,-1.5282022564904534,116.06938280142093,746.7558034789938,31.126755991609876,451.00000000000006,65.41213800000001,0.004909531857594668,24.54765928797334,319.07294901687516,1.0611051856945237,CYLINDER,CYLINDER_3,0.4,0.6,True
13.31,13.31,AEROTWIN-4-001,TAKEOFF,0.95,2992.2730468394825,485.98717039095084,168.35225406415594,153.057244481215,135.60304858840152,6.255803622053016,11.198392270760472,165.09196551558014,-9.281695319163548,-1.2235669845340336,-1.529458730667542,116.0832435415928,746.7920196241843,31.15605577013066,451.00000000000006,65.41213800000001,0.004895694714048531,24.478473570242656,319.07294901687516,0.42690831881585506,CYLINDER,CYLINDER_3,0.4,0.6,True
13.32,13.32,AEROTWIN-4-001,TAKEOFF,0.95,2998.3925054711713,665.5235532013198,168.293786076589,155.1725300695502,136.0889638677201,6.267002014323777,12.816564187506305,-1.528927556466484,167.2572889138038,-1.2231420451731871,-9.33268924261393,116.09603347867223,746.8296218679394,31.1853573002071,451.00000000000006,65.41213800000001,0.004901601374656171,24.508006873280852,319.07294901687516,0.38925909832940797,CYLINDER,CYLINDER_3,0.4,0.6,True
13.33,13.33,AEROTWIN-4-001,TAKEOFF,0.95,3005.171662023426,125.42710352959011,168.22608585755552,157.12421143820032,136.64616057828863,6.279818578511283,14.198232281400408,-1.5283125086214497,-1.5283125086214497,-7.4721064126476255,167.65294286809083,116.10766458397201,746.8689066807285,31.214664499963046,451.00000000000006,65.41213800000001,0.0049083361641719895,24.54168082085995,319.07294901687516,0.35436881397380604,CYLINDER,CYLINDER_3,0.4,0.6,True
13.34,13.34,AEROTWIN-4-001,TAKEOFF,0.95,2994.1697761373644,305.7374032509957,168.15011083839553,120.51647487832125,137.2647539843842,6.294016810792684,-23.04229591685565,-9.299810206574186,-1.5276222852739048,132.87152965544325,-1.5276222852739048,116.11806030258394,746.9101147260061,31.24398052254047,451.00000000000006,65.41213800000001,0.0049157652058192235,24.57882602909612,319.07294901687516,0.99417299727961,CYLINDER,CYLINDER_3,0.4,0.6,True
13.35,13.35,AEROTWIN-4-001,TAKEOFF,0.95,3000.4999134959685,485.38758981923763,168.27289180292254,155.79032873017184,136.26154553395963,6.270974514875827,13.257808681336375,167.8893696795151,-9.347313026958386,-1.2229901877266316,-1.5287377346582895,116.12965458618281,746.9455774762006,31.273204904589992,451.00000000000006,65.41213800000001,0.00490369172904672,24.5184586452336,319.07294901687516,0.37822100865070235,CYLINDER,CYLINDER_3,0.4,0.6,True
13.36,13.36,AEROTWIN-4-001,TAKEOFF,0.95,3006.4501556652904,665.4175846289958,168.20257776698648,155.58470086220524,136.8383104811669,6.2842323235571635,12.462158057481176,-1.5280989406204626,167.67521035290346,-1.22247915249637,-9.339931397581399,116.14008703121873,746.982866573651,31.302435757858174,451.00000000000006,65.41213800000001,0.004910649184868077,24.553245924340388,319.07294901687516,0.38105365886496945,CYLINDER,CYLINDER_3,0.4,0.6,True
13.370000000000001,13.370000000000001,AEROTWIN-4-001,TAKEOFF,0.95,3011.9826246652046,125.8045939689132,168.1356675272065,155.26544269214696,137.38157223296923,6.296694481614644,11.587175977563085,-1.5274910696360708,-1.5274910696360708,-7.432926565740303,165.7533513971594,116.14942281430751,747.021773547452,31.331670393691535,451.00000000000006,65.41213800000001,0.004917162505093384,24.58581252546692,319.07294901687516,0.3859074146768052,CYLINDER,CYLINDER_3,0.4,0.6,True
13.38,13.38,AEROTWIN-4-001,TAKEOFF,0.95,2999.2597061687675,306.5235514488255,168.07274569397543,117.54912000930312,137.88765653879702,6.308281657592207,-26.6468181870861,-9.202884172401689,-1.5269194328158822,129.8058430473366,-1.5269194328158822,116.15773385615697,747.0620789050507,31.36090598048999,451.00000000000006,65.41213800000001,0.004923195295342919,24.615976476714597,319.07294901687516,1.0452496453750524,CYLINDER,CYLINDER_3,0.4,0.6,True
13.39,13.39,AEROTWIN-4-001,TAKEOFF,0.95,3002.9047785854113,486.4791338189516,168.21642426325965,150.6410707824437,136.72521412575176,6.281634839405122,7.6342218172868215,162.60791210611305,-9.216036801981533,-1.2225797874167963,-1.5282247342709954,116.16756938857826,747.095923949354,31.39004088418551,451.00000000000006,65.41213800000001,0.004909288365825397,24.546441829126987,319.07294901687516,0.46771838532302473,CYLINDER,CYLINDER_3,0.4,0.6,True
13.4,13.4,AEROTWIN-4-001,TAKEOFF,0.95,3005.9831706760765,666.6534205340763,168.17563036790784,149.7943853283748,137.05774694921712,6.289269061222408,6.447369317935275,-1.5278541269408437,161.73755871283356,-1.2222833015526748,-9.193035955965241,116.17664245549273,747.1304850414424,31.419166645433492,451.00000000000006,65.41213800000001,0.004913284734706228,24.566423673531137,319.07294901687516,0.48208938544796415,CYLINDER,CYLINDER_3,0.4,0.6,True
13.41,13.41,AEROTWIN-4-001,TAKEOFF,0.95,3008.842137669404,127.0124107746409,168.14094735018656,149.62242011940234,137.3388972201326,6.2957164305403435,5.9878064687293975,-1.5275390361536452,-1.5275390361536452,-7.318486565840704,159.99598475755033,116.18504563961187,747.1655014171247,31.4482798585066,451.00000000000006,65.41213800000001,0.004916652263419067,24.58326131709533,319.07294901687516,0.48471832640469703,CYLINDER,CYLINDER_3,0.4,0.6,True
13.42,13.42,AEROTWIN-4-001,TAKEOFF,0.95,2994.4801755959666,307.54293903480516,168.10854694513483,113.82234655705318,137.60026534740751,6.301704237009073,-30.079623027363407,-9.08210675022529,-1.5272446826110746,125.95894267250061,-1.5272446826110746,116.19282313867662,747.2008676549834,31.477379099510497,451.00000000000006,65.41213800000001,0.004919773554406202,24.59886777203101,319.07294901687516,1.1108631722128368,CYLINDER,CYLINDER_3,0.4,0.6,True
13.43,13.43,AEROTWIN-4-001,TAKEOFF,0.95,2996.7369804881055,487.2117495705632,168.26946480758735,147.28806463713235,136.28979890999972,6.271624613981709,4.726641113150924,159.17076888482825,-9.131032366177998,-1.2229652806746196,-1.5287066008432746,116.20234457033608,747.2291946102928,31.506368834180783,451.00000000000006,65.41213800000001,0.004904033567156421,24.520167835782107,319.07294901687516,0.5269734195793371,CYLINDER,CYLINDER_3,0.4,0.6,True
13.44,13.44,AEROTWIN-4-001,TAKEOFF,0.95,2999.3159360903232,667.0159683998495,168.24448363421132,148.17301053062107,136.4953072929513,6.27635125509486,5.401351982574901,-1.5284796500730893,160.0775867326739,-1.2227837200584712,-9.153312831921275,116.21130570425355,747.257780593816,31.535341822744385,451.00000000000006,65.41213800000001,0.004906516851190325,24.53258425595163,319.07294901687516,0.5112152592747677,CYLINDER,CYLINDER_3,0.4,0.6,True
13.450000000000001,13.450000000000001,AEROTWIN-4-001,TAKEOFF,0.95,3002.587328786511,126.9749245652689,168.2157972186271,149.86368225223472,136.7303408042562,6.281752607077435,6.851588840901088,-1.5282190376505784,-1.5282190376505784,-7.325354289942035,160.24547461747792,116.21967561387683,747.2867571944379,31.564299701797104,451.00000000000006,65.41213800000001,0.004909350088393356,24.546750441966783,319.07294901687516,0.48131584151780993,CYLINDER,CYLINDER_3,0.4,0.6,True
13.46,13.46,AEROTWIN-4-001,TAKEOFF,0.95,2989.2513115199517,307.1301642924596,168.1791949098641,115.38648551697831,137.02877056957374,6.288604195918337,-27.930889248513765,-9.135992610309057,-1.527886510349347,127.57825114798607,-1.527886510349347,116.22737243424979,747.3164114054855,31.59324611699827,451.00000000000006,65.41213800000001,0.004912937075241319,24.5646853762066,319.07294901687516,1.0842666674406765,CYLINDER,CYLINDER_3,0.4,0.6,True
13.47,13.47,AEROTWIN-4-001,TAKEOFF,0.95,2993.3750091827565,486.4852429836567,168.32690738704306,150.7115703215179,135.81424482611848,6.260673306669823,8.636652188729606,162.68554425896914,-9.22136271063458,-1.223382767474064,-1.52922845934258,116.23664608365115,747.3396088252855,31.62208895874682,451.00000000000006,65.41213800000001,0.0048982657950591155,24.49132897529558,319.07294901687516,0.4676841954233075,CYLINDER,CYLINDER_3,0.4,0.6,True
13.48,13.48,AEROTWIN-4-001,TAKEOFF,0.95,2998.1807075295683,666.0877435346221,168.28165669575048,152.52355814324252,136.18921710324204,6.2693099588585515,10.06503108114193,-1.5288173625904105,164.5413915806601,-1.2230538900723285,-9.265962184754851,116.24512373741082,747.3639936085888,31.65092557876513,451.00000000000006,65.41213800000001,0.004902816146395107,24.514080731975533,319.07294901687516,0.43548460971705094,CYLINDER,CYLINDER_3,0.4,0.6,True
13.49,13.49,AEROTWIN-4-001,TAKEOFF,0.95,3003.7326853822187,125.97858598639618,168.2284429735414,154.53426687885727,136.62685666573066,6.279374989939694,11.628035223186917,-1.5283339227191928,-1.5283339227191928,-7.420702664278336,165.01163738857397,116.25272689644981,747.3898283573153,31.679759427357734,451.00000000000006,65.41213800000001,0.004908103523239925,24.54051761619963,319.07294901687516,0.39971854151414593,CYLINDER,CYLINDER_3,0.4,0.6,True
13.5,13.5,AEROTWIN-4-001,TAKEOFF,0.95,2991.9765350629964,306.2025471093293,168.1663234786529,118.80231092552398,137.13333155193848,6.291003025162881,-24.62202365157738,-9.246069745322506,-1.5277695750403928,131.10391982092727,-1.5277695750403928,116.25936593880886,747.4173966564034,31.70859420766042,451.00000000000006,65.41213800000001,0.004914191082301709,24.570955411508546,319.07294901687516,1.024348710029554,CYLINDER,CYLINDER_3,0.4,0.6,True
13.51,13.51,AEROTWIN-4-001,TAKEOFF,0.95,2997.6689643705827,485.72113921310915,168.2970451728984,154.25057148043106,136.06199441639274,6.266381001511303,11.922196062527025,166.3125318481567,-9.309837470833127,-1.2231657319522315,-1.5289571649402893,116.26741207839699,747.4392373978775,31.73733470389974,451.00000000000006,65.41213800000001,0.004901274358540879,24.506371792704396,319.07294901687516,0.40542868047165903,CYLINDER,CYLINDER_3,0.4,0.6,True
13.52,13.52,AEROTWIN-4-001,TAKEOFF,0.95,3003.3931768840757,665.5812770753441,168.23413406859072,154.84728630679868,136.58022045590693,6.27830319757383,11.988762653317924,-1.5283856255909993,166.9210468198841,-1.2227085004727993,-9.322666387021629,116.27447801317072,747.4629717333751,31.76607724332837,451.00000000000006,65.41213800000001,0.004907541285026269,24.537706425131347,319.07294901687516,0.3943027242389191,CYLINDER,CYLINDER_3,0.4,0.6,True
13.530000000000001,13.530000000000001,AEROTWIN-4-001,TAKEOFF,0.95,3009.1214599744085,125.78486768838866,168.17014190490002,155.38991326381475,137.10233325407262,6.290291960227148,11.997288049514982,-1.5278042649552592,-1.5278042649552592,-7.436296516274882,165.88181831000014,116.28057102514133,747.4885659444196,31.79482152436506,451.00000000000006,65.41213800000001,0.004913819467234756,24.569097336173783,319.07294901687516,0.3841075184633248,CYLINDER,CYLINDER_3,0.4,0.6,True
13.540000000000001,13.540000000000001,AEROTWIN-4-001,TAKEOFF,0.95,2996.875171643015,306.33215528685315,168.10537162239302,118.27953739390058,137.62581444938968,6.302289248276663,-25.64856630376576,-9.227391209512367,-1.5272158352094334,130.5613602738318,-1.5272158352094334,116.28570191558359,747.5159752786553,31.823567092265964,451.00000000000006,65.41213800000001,0.004920078185040847,24.600390925204234,319.07294901687516,1.032827347499171,CYLINDER,CYLINDER_3,0.4,0.6,True
13.55,13.55,AEROTWIN-4-001,TAKEOFF,0.95,3001.3816818297905,486.14466558543404,168.24295026354991,152.22294978435994,136.50789623831932,6.276640681972898,9.438412864067724,164.23130620851416,-9.257118128880654,-1.2227725756771457,-1.528465719596432,116.29237751077768,747.5374509702502,31.852216350694565,451.00000000000006,65.41213800000001,0.004906668790308546,24.533343951542733,319.07294901687516,0.4403246303581962,CYLINDER,CYLINDER_3,0.4,0.6,True
13.56,13.56,AEROTWIN-4-001,TAKEOFF,0.95,3005.481316472032,666.2275664952215,168.1927122259896,151.7910825005314,136.91874868938302,6.286079094836965,8.586254716311402,-1.5280093134402721,163.78606329312237,-1.2224074507522178,-9.244564028398484,116.2982590455079,747.5603211310639,31.88086066083834,451.00000000000006,65.41213800000001,0.004911616025330034,24.55808012665017,319.07294901687516,0.447334136522336,CYLINDER,CYLINDER_3,0.4,0.6,True
13.57,13.57,AEROTWIN-4-001,TAKEOFF,0.95,3009.380530863383,126.55644548354348,168.14661598153842,151.75420397881325,137.29304310483306,6.294665349553277,8.166495524426914,-1.5275905349456287,-1.5275905349456287,-7.362410250273141,162.17179529897766,116.30341519363986,747.5843765241325,31.909497493655426,451.00000000000006,65.41213800000001,0.004916103744914122,24.580518724570613,319.07294901687516,0.4474743685415164,CYLINDER,CYLINDER_3,0.4,0.6,True
13.58,13.58,AEROTWIN-4-001,TAKEOFF,0.95,2995.735306875435,307.1192773353464,168.1024249591461,115.3738548649451,137.64951331128324,6.302831845077703,-28.578490291415847,-9.133135807291975,-1.5271890651501054,127.5613688025373,-1.5271890651501054,116.30788608059572,747.6095016242564,31.938125482114934,451.00000000000006,65.41213800000001,0.0049203606782616885,24.601803391308444,319.07294901687516,1.0836443176224715,CYLINDER,CYLINDER_3,0.4,0.6,True
13.59,13.59,AEROTWIN-4-001,TAKEOFF,0.95,2998.7013680484683,486.8633957478725,168.2555854656932,148.89043147854915,136.40407412956282,6.274253354786288,6.212103994200043,160.8141399697616,-9.172263575382402,-1.2228644070355754,-1.5285805087944693,116.31411200554905,747.6281506437394,31.966650076801145,451.00000000000006,65.41213800000001,0.004905415111659777,24.527075558298883,319.07294901687516,0.49878117472024613,CYLINDER,CYLINDER_3,0.4,0.6,True
13.6,13.6,AEROTWIN-4-001,TAKEOFF,0.95,3001.694178921697,666.7854778307806,168.22264670573884,149.22290759706843,136.6743137030091,6.280465458780488,6.268128435278849,-1.5282812643663528,161.15362449103625,-1.2226250114930821,-9.179810618108398,116.31976749391667,747.6476046068096,31.995161342126924,451.00000000000006,65.41213800000001,0.004908675363411213,24.543376817056064,319.07294901687516,0.49260412699033324,CYLINDER,CYLINDER_3,0.4,0.6,True
13.61,13.61,AEROTWIN-4-001,TAKEOFF,0.95,3005.0436817660707,126.88712856608242,168.18921172852052,150.24917745623614,136.94726151631193,6.286733587215767,7.015182352708448,-1.527977511867757,-1.527977511867757,-7.332637459480548,160.6377699394522,116.3248602195389,747.6678548540344,32.02365923162811,451.00000000000006,65.41213800000001,0.004911958535926243,24.559792679631215,319.07294901687516,0.47427918683157744,CYLINDER,CYLINDER_3,0.4,0.6,True
13.620000000000001,13.620000000000001,AEROTWIN-4-001,TAKEOFF,0.95,2991.48442550902,307.18974947204674,168.15155463809944,115.148371808159,137.25306293545086,6.2937487695684755,-28.39843989686033,-9.127293902996733,-1.527635402009851,127.33093651517544,-1.527635402009851,116.32935179763355,747.6890343462976,32.05214546058052,451.00000000000006,65.41213800000001,0.004915625267073307,24.578126335366534,319.07294901687516,1.0881306488625968,CYLINDER,CYLINDER_3,0.4,0.6,True
13.63,13.63,AEROTWIN-4-001,TAKEOFF,0.95,2995.068612899745,486.67881500258795,168.3024498397671,149.78929496779747,136.01724012093365,6.265350329671614,7.50670451719221,161.73843948672985,-9.196933240764803,-1.22320501251892,-1.52900626564865,116.33556288053855,747.7038732414297,32.08052910320308,451.00000000000006,65.41213800000001,0.004900731481731599,24.503657408657997,319.07294901687516,0.48355954578677074,CYLINDER,CYLINDER_3,0.4,0.6,True
13.64,13.64,AEROTWIN-4-001,TAKEOFF,0.95,2999.1339225207357,666.3829317765726,168.2629622019383,151.13058965590818,136.34336806180394,6.272857034188807,8.514364559915432,-1.528647525501294,163.11217335842485,-1.2229180204010353,-9.230018156614337,116.34112612432347,747.7198772444939,32.10890290130357,451.00000000000006,65.41213800000001,0.004904681412385066,24.523407061925333,319.07294901687516,0.45965859297565625,CYLINDER,CYLINDER_3,0.4,0.6,True
13.65,13.65,AEROTWIN-4-001,TAKEOFF,0.95,3003.850316709092,126.33096712781673,168.21782667647543,152.8731106266474,136.71374633884903,6.281371398748722,9.877992889049633,-1.5282374750159815,-1.5282374750159815,-7.386963795807653,163.316549372487,116.34598759398766,747.7372234230332,32.137269186732055,451.00000000000006,65.41213800000001,0.004909150287064988,24.54575143532494,319.07294901687516,0.4286729915072716,CYLINDER,CYLINDER_3,0.4,0.6,True
13.66,13.66,AEROTWIN-4-001,TAKEOFF,0.95,2991.45355973912,306.56198613036224,168.16499988755706,117.47161482363595,137.14407251546683,6.291249391637772,-25.963707083468655,-9.203358997369984,-1.527757550384301,129.73048892177454,-1.527757550384301,116.35006868880158,747.7561572589042,32.16563113204547,451.00000000000006,65.41213800000001,0.004914319818145287,24.571599090726437,319.07294901687516,1.0476213821924152,CYLINDER,CYLINDER_3,0.4,0.6,True
13.67,13.67,AEROTWIN-4-001,TAKEOFF,0.95,2996.4396823032357,486.0491997147094,168.30278864744338,152.72262967973708,136.01443331696598,6.2652856845543035,10.442910678216801,164.7465141353399,-9.271667636991195,-1.2232074749385005,-1.5290093436731256,116.35572138795206,747.7693048530341,32.193897238428626,451.00000000000006,65.41213800000001,0.004900697425935428,24.50348712967714,319.07294901687516,0.4322298562215033,CYLINDER,CYLINDER_3,0.4,0.6,True
13.68,13.68,AEROTWIN-4-001,TAKEOFF,0.95,3001.6566628803,665.8355806529036,168.2477810124883,153.67037313964727,136.46822597453132,6.27572859523252,10.926418569883426,-1.5285096063336816,165.71541559833977,-1.2228076850669451,-9.293725167291875,116.36055166618821,747.784260666981,32.222160891714196,451.00000000000006,65.41213800000001,0.004906189929273025,24.530949646365126,319.07294901687516,0.4150473002606142,CYLINDER,CYLINDER_3,0.4,0.6,True
13.69,13.69,AEROTWIN-4-001,TAKEOFF,0.95,3007.134476736924,125.9349804257215,168.18963208702132,154.70319985173055,136.9438383247943,6.286655013802403,11.47270651313383,-1.5279813307710597,-1.5279813307710597,-7.42308758825277,165.18225010152545,116.36453874279705,747.801078434398,32.25042293368106,451.00000000000006,65.41213800000001,0.004911917420447879,24.559587102239394,319.07294901687516,0.39633839336428694,CYLINDER,CYLINDER_3,0.4,0.6,True
13.700000000000001,13.700000000000001,AEROTWIN-4-001,TAKEOFF,0.95,2994.92993110681,306.3630490299369,168.12792166193077,118.18110741324577,137.44412028757523,6.298127720315538,-25.561140594645,-9.224968075167535,-1.5274206994391384,130.46091688729157,-1.5274206994391384,116.36765664285859,747.8198233921396,32.278684329339065,451.00000000000006,65.41213800000001,0.004917909926581288,24.58954963290644,319.07294901687516,1.034798119897047,CYLINDER,CYLINDER_3,0.4,0.6,True
13.71,13.71,AEROTWIN-4-001,TAKEOFF,0.95,2999.723465972185,486.05884489634553,168.26449542030224,152.64286456212653,136.33074203721404,6.272566579720894,10.039555945191601,164.6628773685657,-9.268422188169335,-1.2229291636754787,-1.5286614545943482,116.3723662256994,747.8328692063819,32.306851553368105,451.00000000000006,65.41213800000001,0.004904528752049395,24.522643760246975,319.07294901687516,0.43321044155570065,CYLINDER,CYLINDER_3,0.4,0.6,True
13.72,13.72,AEROTWIN-4-001,TAKEOFF,0.95,3004.3175725079827,666.0422528546767,168.21125056275616,152.67197996483827,136.7674996007252,6.282606135666086,9.621874228446998,-1.5281777318625698,164.69014246292224,-1.2225421854900558,-9.267442580731355,116.37629689610647,747.8476432473533,32.33501493011073,451.00000000000006,65.41213800000001,0.004909797357841923,24.548986789209618,319.07294901687516,0.4321210012468796,CYLINDER,CYLINDER_3,0.4,0.6,True
13.73,13.73,AEROTWIN-4-001,TAKEOFF,0.95,3008.844012467925,126.3013072051557,168.15973925983354,152.95912367653207,137.18674198325704,6.292228009894533,9.480153683380504,-1.5277097582531816,-1.5277097582531816,-7.387223198708899,163.40176639174734,116.37948707318883,747.8640168401015,32.363173056973935,451.00000000000006,65.41213800000001,0.004914831083639446,24.57415541819723,319.07294901687516,0.4265322920116156,CYLINDER,CYLINDER_3,0.4,0.6,True
13.74,13.74,AEROTWIN-4-001,TAKEOFF,0.95,2995.7299134081145,306.83194795323124,168.1085256383228,116.43604014431611,137.60043682390415,6.3017081635779135,-27.46610484316595,-9.168016970610067,-1.5272444890414079,128.658546093009,-1.5272444890414079,116.38195685277638,747.8819209958709,32.39132524744914,451.00000000000006,65.41213800000001,0.004919775599263589,24.598877996317942,319.07294901687516,1.0651232997128404,CYLINDER,CYLINDER_3,0.4,0.6,True
13.75,13.75,AEROTWIN-4-001,TAKEOFF,0.95,2999.334273888683,486.5757427577181,168.25564518235802,150.22677996767717,136.40358297118024,6.274242058734747,7.548954937762185,162.18490575425346,-9.206679894213357,-1.2228648410501952,-1.5285810513127438,116.38616976812932,747.8937572195777,32.41937905434457,451.00000000000006,65.41213800000001,0.004905409177421617,24.527045887108084,319.07294901687516,0.47539572551105597,CYLINDER,CYLINDER_3,0.4,0.6,True
13.76,13.76,AEROTWIN-4-001,TAKEOFF,0.95,3002.8498221420327,666.5357991910391,168.2155927104869,150.3767508039335,136.7320127462174,6.281791013672509,7.3629470440435885,-1.5282171797202388,162.33678915850595,-1.2225737437761912,-9.209247431076014,116.38977797783312,747.9068422636119,32.44742260893949,451.00000000000006,65.41213800000001,0.004909370216965734,24.546851084828674,319.07294901687516,0.47233490993435817,CYLINDER,CYLINDER_3,0.4,0.6,True
13.77,13.77,AEROTWIN-4-001,TAKEOFF,0.95,3006.5439398715585,126.70678851956109,168.17624761727774,151.07882642273094,137.05273038163256,6.289153960716552,7.736942080381832,-1.5278597345725504,-1.5278597345725504,-7.349355179794177,161.48390107167023,116.3928042594363,747.9211068450825,32.475455211679694,451.00000000000006,65.41213800000001,0.004913224553669195,24.566122768345974,319.07294901687516,0.4596184266719784,CYLINDER,CYLINDER_3,0.4,0.6,True
13.780000000000001,13.780000000000001,AEROTWIN-4-001,TAKEOFF,0.95,2993.070810928423,307.0994249118546,168.13460659745158,115.46897904996551,137.3901434195833,6.2968909027969335,-28.218055272414716,-9.1372791690838,-1.5274814312247214,127.66122108149874,-1.5274814312247214,116.39523380285758,747.936598005329,32.50347756136908,451.00000000000006,65.41213800000001,0.004917264957278801,24.586324786394005,319.07294901687516,1.0823338673346192,CYLINDER,CYLINDER_3,0.4,0.6,True
13.790000000000001,13.790000000000001,AEROTWIN-4-001,TAKEOFF,0.95,2996.566321170822,486.68367356755994,168.2850077384605,149.751190747664,136.16153836809386,6.268672847524519,7.320979532045621,161.69851608163862,-9.195399282480683,-1.2230782451084194,-1.5288478063855244,116.39944391672164,747.9459276884508,32.531400094231614,451.00000000000006,65.41213800000001,0.004902480894771548,24.512404473857742,319.07294901687516,0.4840373836152458,CYLINDER,CYLINDER_3,0.4,0.6,True
13.8,13.8,AEROTWIN-4-001,TAKEOFF,0.95,3000.347379440874,666.4776528378093,168.246376683369,150.67478511199715,136.4797613622785,6.275993827056563,7.91902992266208,-1.5284968481829564,162.64393340216043,-1.2227974785463651,-9.217853963433964,116.403068089142,747.9565222053127,32.559311895796675,451.00000000000006,65.41213800000001,0.0049063291946812235,24.531645973406118,319.07294901687516,0.4674548082195203,CYLINDER,CYLINDER_3,0.4,0.6,True
13.81,13.81,AEROTWIN-4-001,TAKEOFF,0.95,3004.629671566178,126.49849560426173,168.20428261097908,152.07712266281885,136.82439815158702,6.283912856979225,8.968811654252608,-1.5281144289104376,-1.5281144289104376,-7.370454799474232,162.50380632011397,116.40607743185899,747.9684723127974,32.587214223534154,451.00000000000006,65.41213800000001,0.004910481877048162,24.55240938524081,319.07294901687516,0.4424549039579189,CYLINDER,CYLINDER_3,0.4,0.6,True
13.82,13.82,AEROTWIN-4-001,TAKEOFF,0.95,2991.8175075541094,306.77627589823237,168.15622275737644,116.67439445534164,137.21524634464163,6.292881668633478,-26.833733557933463,-9.17728769426024,-1.5276778112773934,128.90703777215668,-1.5276778112773934,116.40841239199611,747.9819589356487,32.615109412593675,451.00000000000006,65.41213800000001,0.004915172489775441,24.575862448877206,319.07294901687516,1.0614764785091504,CYLINDER,CYLINDER_3,0.4,0.6,True
13.83,13.83,AEROTWIN-4-001,TAKEOFF,0.95,2996.2598266426617,486.28532635147894,168.29879230785426,151.61755032836894,136.04753105096245,6.2660479350755445,9.303971342330943,163.61325972826518,-9.243557932507333,-1.2231784299506123,-1.5289730374382655,116.4124323833591,747.9896174654949,32.64290871896384,451.00000000000006,65.41213800000001,0.004901098944507982,24.50549472253991,319.07294901687516,0.4515254733982252,CYLINDER,CYLINDER_3,0.4,0.6,True
13.84,13.84,AEROTWIN-4-001,TAKEOFF,0.95,3000.983218996683,666.0609159500386,168.24977485993546,152.61984568797223,136.45184396861023,6.275351906417875,9.892649812944121,-1.5285277201831375,164.63856300858373,-1.22282217614651,-9.267367424281845,116.41574494970425,747.998988383133,32.670702220892736,451.00000000000006,65.41213800000001,0.004905992121084289,24.529960605421444,319.07294901687516,0.4334532251879611,CYLINDER,CYLINDER_3,0.4,0.6,True
13.85,13.85,AEROTWIN-4-001,TAKEOFF,0.95,3006.0802622549268,126.11990908983967,168.19717252196025,153.8428634840773,136.88239649109502,6.28524455623082,10.675222436751456,-1.5280498346596145,-1.5280498346596145,-7.4060153462160825,164.30497849961262,116.41832165703443,748.0101493388389,32.698491051540486,451.00000000000006,65.41213800000001,0.0049111791893163715,24.55589594658186,319.07294901687516,0.41147673813070307,CYLINDER,CYLINDER_3,0.4,0.6,True
13.86,13.86,AEROTWIN-4-001,TAKEOFF,0.95,2993.7119453209343,306.4847248251353,168.13985001499907,117.7395466701488,137.34776930288172,6.295919778667572,-25.90414241140049,-9.211176853132347,-1.5275290670035895,130.0057816572883,-1.5275290670035895,116.42012015123828,748.0232157177629,32.72627677796849,451.00000000000006,65.41213800000001,0.004916758361689679,24.583791808448396,319.07294901687516,1.0426565560016388,CYLINDER,CYLINDER_3,0.4,0.6,True
13.870000000000001,13.870000000000001,AEROTWIN-4-001,TAKEOFF,0.95,2998.4571730038947,486.10744154439135,168.2779426006928,152.4282751685665,136.2198779133777,6.270015636256171,9.938381618932628,164.44352093715517,-9.263435251668737,-1.223026896408862,-1.5287836205110776,116.42356803769034,748.0306547299564,32.753969529631135,451.00000000000006,65.41213800000001,0.004903187399668631,24.515936998343157,319.07294901687516,0.43711176632617654,CYLINDER,CYLINDER_3,0.4,0.6,True
13.88,13.88,AEROTWIN-4-001,TAKEOFF,0.95,3003.174797207207,666.014871924625,168.22536596783314,152.81257789108219,136.65205484685788,6.279954017875103,9.880569026349203,-1.5283059685152471,164.83497080206376,-1.2226447748121978,-9.271442167654138,116.42627847203089,748.039941435852,32.7816578196983,451.00000000000006,65.41213800000001,0.0049084071891263474,24.542035945631735,319.07294901687516,0.4298145515676949,CYLINDER,CYLINDER_3,0.4,0.6,True
13.89,13.89,AEROTWIN-4-001,TAKEOFF,0.95,3007.972279714545,126.20535975705741,168.17259664397636,153.42005474155326,137.0823962874658,6.289834586901452,10.047823867186008,-1.527826565946313,-1.527826565946313,-7.396865922700754,163.87257379614664,116.42826517212694,748.0510178130445,32.809341162993476,451.00000000000006,65.41213800000001,0.004913580391434538,24.567901957172694,319.07294901687516,0.41860693875257426,CYLINDER,CYLINDER_3,0.4,0.6,True
13.9,13.9,AEROTWIN-4-001,TAKEOFF,0.95,2995.1614747940534,306.6836965399301,168.11842428604834,116.98971154723577,137.52071621965933,6.299882410768638,-26.830887083192202,-9.18629411554921,-1.5273344169920007,129.23067449676898,-1.5273344169920007,116.4295265623466,748.0638733447389,32.83701962376596,451.00000000000006,65.41213800000001,0.004918824515889281,24.594122579446406,319.07294901687516,1.0555430513234785,CYLINDER,CYLINDER_3,0.4,0.6,True
13.91,13.91,AEROTWIN-4-001,TAKEOFF,0.95,2999.1989729579655,486.39338502757334,168.26193531255132,151.0809907302888,136.3518228261846,6.273051523685446,8.456116380418756,163.0612604176576,-9.22872093395259,-1.2229105570738723,-1.5286381963423403,116.43252320404291,748.070917143175,32.86460345377198,451.00000000000006,65.41213800000001,0.004904783626574797,24.523918132873984,319.07294901687516,0.46051541500702875,CYLINDER,CYLINDER_3,0.4,0.6,True
13.92,13.92,AEROTWIN-4-001,TAKEOFF,0.95,3003.1444192424638,666.3453234050512,168.2171014467271,151.26450798966866,136.7196769745932,6.281507640065865,8.263323375009595,-1.5282308863963252,163.24728677740117,-1.22258470911706,-9.231963192219133,116.43488838325148,748.0795152030063,32.892179026714494,451.00000000000006,65.41213800000001,0.0049092216974952535,24.546108487476268,319.07294901687516,0.45681562402169146,CYLINDER,CYLINDER_3,0.4,0.6,True
13.93,13.93,AEROTWIN-4-001,TAKEOFF,0.95,3007.209317705802,126.53398855959904,168.17293802898698,151.88289744364587,137.07962304686475,6.289770963440874,8.513503433340247,-1.527829667385542,-1.527829667385542,-7.365702238699836,162.30425901711678,116.43664469372835,748.0895892168921,32.91974560581139,451.00000000000006,65.41213800000001,0.004913547131754916,24.56773565877458,319.07294901687516,0.44551093150257726,CYLINDER,CYLINDER_3,0.4,0.6,True
13.94,13.94,AEROTWIN-4-001,TAKEOFF,0.95,2993.9375518845213,306.96654762194714,168.12707389868038,115.95292486761873,137.4509617369431,6.298284466874215,-27.79632133619858,-9.15287055686342,-1.5274129976182624,128.16062141971867,-1.5274129976182624,116.43778489391929,748.1011534797723,32.9473035317305,451.00000000000006,65.41213800000001,0.004917991647766392,24.589958238831958,319.07294901687516,1.073781990253741,CYLINDER,CYLINDER_3,0.4,0.6,True
13.950000000000001,13.950000000000001,AEROTWIN-4-001,TAKEOFF,0.95,2997.569979262301,486.6028007350185,168.2754542901129,150.1186360416054,136.24040978624808,6.270488145538016,7.6077381098193175,162.07494212613247,-9.204536258378116,-1.2230088116217603,-1.5287610145272004,116.44072242268585,748.1067407364428,32.97476500052944,451.00000000000006,65.41213800000001,0.0049034359384323555,24.517179692161776,319.07294901687516,0.477503446670321,CYLINDER,CYLINDER_3,0.4,0.6,True
13.96,13.96,AEROTWIN-4-001,TAKEOFF,0.95,3001.347497558675,666.4569994907565,168.23523420675997,150.7609123603903,136.57120065761598,6.278095883647835,7.911615819126497,-1.5283956202057862,162.73172390696243,-1.222716496164629,-9.219699430201716,116.44308734151448,748.113745066287,33.00221617311373,451.00000000000006,65.41213800000001,0.004907432510836625,24.53716255418313,319.07294901687516,0.46582625411442324,CYLINDER,CYLINDER_3,0.4,0.6,True
13.97,13.97,AEROTWIN-4-001,TAKEOFF,0.95,3005.492570497134,126.53784934427699,168.19309501546272,151.88305779266219,136.91562983182467,6.286007499466962,8.68142046137055,-1.5280127910337558,-1.5280127910337558,-7.366217303427625,162.30530067815732,116.44486920737788,748.1221932242979,33.02965754913298,451.00000000000006,65.41213800000001,0.0049115785535446144,24.55789276772307,319.07294901687516,0.44572875508596915,CYLINDER,CYLINDER_3,0.4,0.6,True
13.98,13.98,AEROTWIN-4-001,TAKEOFF,0.95,2992.478247799971,306.867403574105,168.14648892476382,116.33162649641243,137.2940712943864,6.294688919928333,-27.25713371790232,-9.165835505443585,-1.5275893806510559,128.5526407631581,-1.5275893806510559,116.44602602872149,748.1322066381892,33.05709072467313,451.00000000000006,65.41213800000001,0.004916116047398301,24.58058023699151,319.07294901687516,1.0673680793285591,CYLINDER,CYLINDER_3,0.4,0.6,True
13.99,13.99,AEROTWIN-4-001,TAKEOFF,0.95,2996.5972070059383,486.4160984421033,168.29152946944666,151.00178941413148,136.10762963998502,6.26743178621043,8.626727987936029,162.98146839344025,-9.227646279447026,-1.2231256443830003,-1.5289070554787503,116.44893603766229,748.1363921498631,33.08442924401161,451.00000000000006,65.41213800000001,0.004901827648904142,24.509138244520713,319.07294901687516,0.46222260684829297,CYLINDER,CYLINDER_3,0.4,0.6,True
14.0,14.0,AEROTWIN-4-001,TAKEOFF,0.95,3000.967661106468,666.2119308624597,168.24603412851965,151.9120909687501,136.48257479116887,6.2760585141983665,9.153457663382868,-1.5284937361158921,163.91272301503466,-1.2227949888927137,-9.249343321275951,116.45121013724273,748.1422382919762,33.11175996087467,451.00000000000006,65.41213800000001,0.004906363158226019,24.531815791130093,319.07294901687516,0.44579822759436455,CYLINDER,CYLINDER_3,0.4,0.6,True
14.01,14.01,AEROTWIN-4-001,TAKEOFF,0.95,3005.7297808001476,126.26999052884776,168.1973466012645,153.13994936104086,136.88097722572672,6.28521197186175,9.97376016345239,-1.5280514161478649,-1.5280514161478649,-7.3918409698130905,163.5878931631497,116.45282326063288,748.1498113322939,33.13908385742958,451.00000000000006,65.41213800000001,0.0049111621308086315,24.55581065404316,319.07294901687516,0.4237796382713444,CYLINDER,CYLINDER_3,0.4,0.6,True
14.02,14.02,AEROTWIN-4-001,TAKEOFF,0.95,2993.150772290559,306.61377737685666,168.14381018689463,117.26551609998316,137.3157441834036,6.295185732025202,-26.345413815445653,-9.196026540399949,-1.5275650446595719,129.51667272970224,-1.5275650446595719,116.45372995239855,748.1592359550438,33.16640257877748,451.00000000000006,65.41213800000001,0.004916375335399029,24.581876676995147,319.07294901687516,1.0509955936457127,CYLINDER,CYLINDER_3,0.4,0.6,True
14.030000000000001,14.030000000000001,AEROTWIN-4-001,TAKEOFF,0.95,2997.711181325225,486.20282371429016,168.2841270857115,151.98895237583451,136.1688137105103,6.268840318209757,9.55129834711445,163.99337811834872,-9.25251409213226,-1.2230718446142028,-1.5288398057677535,116.45634028522437,748.1630339585779,33.1936294099971,451.00000000000006,65.41213800000001,0.0049025690252930566,24.512845126465287,319.07294901687516,0.4448670049207686,CYLINDER,CYLINDER_3,0.4,0.6,True
14.040000000000001,14.040000000000001,AEROTWIN-4-001,TAKEOFF,0.95,3002.3528119849816,666.0654945938037,168.23366479524822,152.58386761027054,136.58406747280083,6.278391616556871,9.72140852091285,-1.5283813623026061,164.6008948850338,-1.2227050898420848,-9.265940822618552,116.45826107549047,748.1686914730385,33.22085054243659,451.00000000000006,65.41213800000001,0.004907587674839933,24.537938374199666,319.07294901687516,0.43390743841028,CYLINDER,CYLINDER_3,0.4,0.6,True
14.05,14.05,AEROTWIN-4-001,TAKEOFF,0.95,3007.1880459552995,126.2066633129026,168.181826778235,153.42236953840734,137.00736616696972,6.2881130250777835,10.126890346359836,-1.5279104205374239,-1.5279104205374239,-7.397148697358664,163.87533907684087,116.45949047053442,748.1761968199204,33.24806605939606,451.00000000000006,65.41213800000001,0.004912680193788426,24.563400968942133,319.07294901687516,0.41866751077005515,CYLINDER,CYLINDER_3,0.4,0.6,True
14.06,14.06,AEROTWIN-4-001,TAKEOFF,0.95,2994.495846085518,306.63794607022055,168.1273148677778,117.16477587127606,137.44901720171825,6.298239915424143,-26.58248124586633,-9.192241532539569,-1.5274151867917425,129.41184777739912,-1.5274151867917425,116.46001038221527,748.1855867762604,33.27527658693963,451.00000000000006,65.41213800000001,0.00491796842089625,24.58984210448125,319.07294901687516,1.0525772480763698,CYLINDER,CYLINDER_3,0.4,0.6,True
14.07,14.07,AEROTWIN-4-001,TAKEOFF,0.95,2998.7566706452176,486.30769683535163,168.2692917389657,151.48673288105303,136.29122535688384,6.271657434178277,8.92385008999091,163.47768966865485,-9.239287736235319,-1.2229640228295573,-1.5287050285369466,116.46226855386057,748.189302469462,33.30239527154369,451.00000000000006,65.41213800000001,0.004904050822972324,24.520254114861622,319.07294901687516,0.45349484579579946,CYLINDER,CYLINDER_3,0.4,0.6,True
14.08,14.08,AEROTWIN-4-001,TAKEOFF,0.95,3002.973558937115,666.2330970740647,168.22203069232717,151.79176636482018,136.67935489466242,6.280581284268268,8.831830185889483,-1.5282756679631686,163.78818414239902,-1.222620534370535,-9.245521575245128,116.46388491001387,748.1947513380019,33.329506615077484,451.00000000000006,65.41213800000001,0.00490873609054157,24.54368045270785,319.07294901687516,0.4476423796465461,CYLINDER,CYLINDER_3,0.4,0.6,True
14.09,14.09,AEROTWIN-4-001,TAKEOFF,0.95,3007.3203050096445,126.41151061029166,168.17485775874172,152.457242328695,137.06402552858845,6.289413114454158,9.1038036856524,-1.5278471078852267,-1.5278471078852267,-7.377434944470919,162.89037148893638,116.46487487463475,748.2018712226677,33.35661011367298,451.00000000000006,65.41213800000001,0.004913360050758361,24.566800253791804,319.07294901687516,0.43548092548306794,CYLINDER,CYLINDER_3,0.4,0.6,True
14.1,14.1,AEROTWIN-4-001,TAKEOFF,0.95,2994.2469165688462,306.8507289108703,168.1258164564481,116.37878394649135,137.4611077504437,6.298516918139811,-27.380840722092145,-9.166708447274095,-1.5274015739161493,128.60029554159775,-1.5274015739161493,116.46522924612401,748.2106760013909,33.38370611958367,451.00000000000006,65.41213800000001,0.004918112830716139,24.590564153580694,319.07294901687516,1.0663156250498345,CYLINDER,CYLINDER_3,0.4,0.6,True
14.11,14.11,AEROTWIN-4-001,TAKEOFF,0.95,2998.0801350811375,486.5055439050011,168.27204032744714,150.56797694162685,136.26856678566315,6.271136077417719,8.02827407854598,162.53563173862108,-9.215940798592044,-1.2229839992898588,-1.5287299991123235,116.46737925835896,748.2136577798856,33.410708957555755,451.00000000000006,65.41213800000001,0.004903776689126112,24.518883445630564,319.07294901687516,0.4696029206483699,CYLINDER,CYLINDER_3,0.4,0.6,True
14.120000000000001,14.120000000000001,AEROTWIN-4-001,TAKEOFF,0.95,3001.980635208967,666.3903520098694,168.2295619014153,151.06604337860415,136.6176906624967,6.279164351496264,8.169188364611188,-1.5283440880360473,163.04436808353586,-1.222675270428838,-9.227305346466835,116.46894926959553,748.2182078218518,33.43770231072782,451.00000000000006,65.41213800000001,0.00490799304206356,24.5399652103178,319.07294901687516,0.4604246496149275,CYLINDER,CYLINDER_3,0.4,0.6,True
14.13,14.13,AEROTWIN-4-001,TAKEOFF,0.95,3006.1583892168524,126.5091901224074,168.18600101620635,152.0106020116353,136.9734009386571,6.287333539860875,8.749867533117332,-1.52794834295637,-1.52794834295637,-7.368635780197972,162.43513447774603,116.46993913104305,748.2243157556808,33.46468626256026,451.00000000000006,65.41213800000001,0.004912272442149937,24.561362210749685,319.07294901687516,0.44341912830451924,CYLINDER,CYLINDER_3,0.4,0.6,True
14.14,14.14,AEROTWIN-4-001,TAKEOFF,0.95,2993.0920002924113,306.8786934754186,168.13896686624284,116.28481107354618,137.35490863546667,6.2960834073939935,-27.366180969314485,-9.164070907840776,-1.5275210437099116,128.50392406880678,-1.5275210437099116,116.47031889139464,748.2320614571674,33.49166190874996,451.00000000000006,65.41213800000001,0.004916843731089133,24.58421865544567,319.07294901687516,1.068104725487198,CYLINDER,CYLINDER_3,0.4,0.6,True
14.15,14.15,AEROTWIN-4-001,TAKEOFF,0.95,2997.073838798671,486.46421349296327,168.28477438376126,150.7717265712438,136.16346627878673,6.268717226424679,8.339543066032382,162.74520520826965,-9.221556401527655,-1.2230765491103037,-1.5288456863878797,116.47248650298968,748.2340136351493,33.51854493940078,451.00000000000006,65.41213800000001,0.004902504249372958,24.512521246864793,319.07294901687516,0.4661754761747426,CYLINDER,CYLINDER_3,0.4,0.6,True
14.16,14.16,AEROTWIN-4-001,TAKEOFF,0.95,3001.2501030489593,666.2886438208835,168.24074510313233,151.54979960846603,136.52599544687274,6.277056769490711,8.746747392102579,-1.528445685995623,163.54097880127335,-1.2227565487964984,-9.239976958015205,116.47405515902416,748.2376235108985,33.54541924340428,451.00000000000006,65.41213800000001,0.004906887197598026,24.534435987990133,319.07294901687516,0.4520807493633304,CYLINDER,CYLINDER_3,0.4,0.6,True
14.17,14.17,AEROTWIN-4-001,TAKEOFF,0.95,3005.788946110151,126.36365000382102,168.19418547899252,152.69867827492044,136.90674408014723,6.2858035168828135,9.506130677890392,-1.528022697755679,-1.528022697755679,-7.382826093915581,163.1375497643474,116.4750071426983,748.2429329672899,33.5722855064319,451.00000000000006,65.41213800000001,0.004911471787900912,24.55735893950456,319.07294901687516,0.43146732114536007,CYLINDER,CYLINDER_3,0.4,0.6,True
14.18,14.18,AEROTWIN-4-001,TAKEOFF,0.95,2993.035733521941,306.71098677043005,168.14314185670307,116.90619379382859,137.32115013079456,6.295309647560704,-26.710265984526675,-9.184383766914479,-1.527558972965123,129.14569550667332,-1.527558972965123,116.47530057543719,748.2500549057263,33.59914520034788,451.00000000000006,65.41213800000001,0.004916440000950943,24.582200004754714,319.07294901687516,1.0572763934091765,CYLINDER,CYLINDER_3,0.4,0.6,True
14.19,14.19,AEROTWIN-4-001,TAKEOFF,0.95,2997.4007942286794,486.2931307817465,168.2853940176622,151.56910803362467,136.15834688620595,6.268599381576178,9.142161765842548,163.5629380420343,-9.241897640180678,-1.2230810525461973,-1.5288513156827466,116.47734044433524,748.251533133164,33.62591436212749,451.00000000000006,65.41213800000001,0.004902442232262193,24.512211161310965,319.07294901687516,0.4522280198488923,CYLINDER,CYLINDER_3,0.4,0.6,True
14.200000000000001,14.200000000000001,AEROTWIN-4-001,TAKEOFF,0.95,3001.8980648578895,666.1371784354673,168.2371140527684,152.25258785982942,136.5557847365328,6.27774154334202,9.419061579954612,-1.5284126983667288,164.2614111717065,-1.222730158693383,-9.257680454816958,116.47873241390093,748.2548451452186,33.65267661839599,451.00000000000006,65.41213800000001,0.004907246577859576,24.53623288929788,319.07294901687516,0.43974241067736325,CYLINDER,CYLINDER_3,0.4,0.6,True
14.21,14.21,AEROTWIN-4-001,TAKEOFF,0.95,3006.6565092914257,126.25106232694066,168.18692668448102,153.21908937729793,136.9658660557671,6.287160604921975,9.966062716608864,-1.5279567525344435,-1.5279567525344435,-7.39317435971629,163.6681772420831,116.47946724841681,748.2600017586701,33.67943231064632,451.00000000000006,65.41213800000001,0.004912181965552771,24.560909827763858,319.07294901687516,0.42228072828546986,CYLINDER,CYLINDER_3,0.4,0.6,True
14.22,14.22,AEROTWIN-4-001,TAKEOFF,0.95,2993.967995034114,306.6504528844263,168.13333290137726,117.12279634008617,137.40043178960755,6.297126667638584,-26.574762117159967,-9.191078048859262,-1.527469859858529,129.3688141086625,-1.527469859858529,116.47951705879845,748.267068790114,33.70618237974641,451.00000000000006,65.41213800000001,0.004917387922403072,24.58693961201536,319.07294901687516,1.0533780636780776,CYLINDER,CYLINDER_3,0.4,0.6,True
14.23,14.23,AEROTWIN-4-001,TAKEOFF,0.95,2998.297430679825,486.28853258647314,168.2751184326412,151.58128117546593,136.2431804574399,6.270551905521423,9.067548812504604,163.57492346495346,-9.241877955538602,-1.2230063706439656,-1.5287579633049568,116.48131653785535,748.26852121109,33.73284282536903,451.00000000000006,65.41213800000001,0.004903469473209718,24.517347366048593,319.07294901687516,0.4519035114530805,CYLINDER,CYLINDER_3,0.4,0.6,True
14.24,14.24,AEROTWIN-4-001,TAKEOFF,0.95,3002.6409462580773,666.1863784272628,168.227144076331,152.01415221077102,136.63749500217827,6.279619454333928,9.097037754258817,-1.5283221224038972,164.0164559501719,-1.2226576979231176,-9.25132391907387,116.48247758230809,748.2717927939613,33.75949608121427,451.00000000000006,65.41213800000001,0.0049082317371229745,24.541158685614874,319.07294901687516,0.4438063880491924,CYLINDER,CYLINDER_3,0.4,0.6,True
14.25,14.25,AEROTWIN-4-001,TAKEOFF,0.95,3007.1530737050784,126.34483520274739,168.17859301444952,152.77255860185338,137.03366448339168,6.288716492088187,9.450177626373513,-1.5278810422063638,-1.5278810422063638,-7.383926134223724,163.2122468204898,116.48300722775029,748.2768440939371,33.78614192361925,451.00000000000006,65.41213800000001,0.004912995800301718,24.564979001508593,319.07294901687516,0.43000379796099086,CYLINDER,CYLINDER_3,0.4,0.6,True
14.26,14.26,AEROTWIN-4-001,TAKEOFF,0.95,2994.2228230117994,306.7740196250521,168.12771101591412,116.66293322427393,137.44582027927927,6.29816666971456,-27.081053724719908,-9.176001711082227,-1.527418785746975,128.8937725068501,-1.527418785746975,116.48289048578235,748.2837028803194,33.81278086107778,451.00000000000006,65.41213800000001,0.0049179302335726795,24.5896511678634,319.07294901687516,1.0613638514601593,CYLINDER,CYLINDER_3,0.4,0.6,True
14.27,14.27,AEROTWIN-4-001,TAKEOFF,0.95,2998.230908764678,486.42738900576006,168.27230628621297,150.93197457944433,136.26637379265375,6.27108561598984,8.394515170800737,162.9089437361532,-9.225250809144114,-1.2229859322509997,-1.5287324153137496,116.48456382754932,748.2848486610308,33.83932958974117,451.00000000000006,65.41213800000001,0.0049037501536924166,24.51875076846208,319.07294901687516,0.4632358495277746,CYLINDER,CYLINDER_3,0.4,0.6,True
14.280000000000001,14.280000000000001,AEROTWIN-4-001,TAKEOFF,0.95,3002.2776343572446,666.3212435316407,168.22788437063252,151.38635442958812,136.63143203662696,6.279480131160641,8.475442261800522,-1.5283288478830956,163.37275552721988,-1.2226630783064767,-9.235409171442177,116.48564564221415,748.2876835482613,33.86586952871179,451.00000000000006,65.41213800000001,0.0049081586677155765,24.540793338577885,319.07294901687516,0.4548009198736468,CYLINDER,CYLINDER_3,0.4,0.6,True
14.290000000000001,14.290000000000001,AEROTWIN-4-001,TAKEOFF,0.95,3006.5551985307966,126.45790159307535,168.18267020030615,152.24737007008522,137.0005050414035,6.287955573422441,8.958909455259285,-1.5279180829192407,-1.5279180829192407,-7.37336926589385,162.67657550181755,116.48613947642258,748.2921818742793,33.89240060261493,451.00000000000006,65.41213800000001,0.004912597838374214,24.56298919187107,319.07294901687516,0.43923923383513225,CYLINDER,CYLINDER_3,0.4,0.6,True
14.3,14.3,AEROTWIN-4-001,TAKEOFF,0.95,2993.5179770677996,306.8512135049231,168.1344792211516,116.38299409815986,137.3911723961987,6.296914482877701,-27.305092780916542,-9.167122656217579,-1.5274802740273012,128.60507730243202,-1.5274802740273012,116.48602155258591,748.2984009839355,33.91892363765886,451.00000000000006,65.41213800000001,0.004917277256084105,24.586386280420527,319.07294901687516,1.0663372038786316,CYLINDER,CYLINDER_3,0.4,0.6,True
14.31,14.31,AEROTWIN-4-001,TAKEOFF,0.95,2997.483145324091,486.46229212899107,168.2800810500679,150.7764649649492,136.20222659871058,6.269609390096784,8.304628976141847,162.74983818371715,-9.221527732276893,-1.2230424384404674,-1.528803048050584,116.48770511499639,748.2988772352234,33.94535649010252,451.00000000000006,65.41213800000001,0.004902973685680155,24.514868428400774,319.07294901687516,0.46604164735522724,CYLINDER,CYLINDER_3,0.4,0.6,True
14.32,14.32,AEROTWIN-4-001,TAKEOFF,0.95,3001.5888857248424,666.3112808484365,168.23619911446562,151.44024495907723,136.56328835297282,6.277914019072926,8.599042587031487,-1.5284043862690797,163.42841895326794,-1.2227235090152637,-9.237046098906365,116.48880389406362,748.3010409380531,33.97178035640519,451.00000000000006,65.41213800000001,0.004907337083640964,24.536685418204822,319.07294901687516,0.4539484451458519,CYLINDER,CYLINDER_3,0.4,0.6,True
14.33,14.33,AEROTWIN-4-001,TAKEOFF,0.95,3006.0150142826287,126.40661399192697,168.1903914345574,152.49422906952142,136.93765403386968,6.286513061659958,9.270061973991789,-1.527988229346461,-1.527988229346461,-7.3785814199826305,162.92878694819697,116.48930728711369,748.304910151341,33.99819564513873,451.00000000000006,65.41213800000001,0.004911843137885181,24.559215689425905,319.07294901687516,0.4350036883951528,CYLINDER,CYLINDER_3,0.4,0.6,True
14.34,14.34,AEROTWIN-4-001,TAKEOFF,0.95,2993.1512863871876,306.76751484888473,168.14058747492663,116.6958614304281,137.34180700952498,6.295783123633949,-26.94172870273084,-9.177483068945119,-1.5275357667328624,128.92841603283895,-1.5275357667328624,116.48917897314449,748.3105795465358,34.02460358893128,451.00000000000006,65.41213800000001,0.004916687061754326,24.58343530877163,319.07294901687516,1.0609291498533275,CYLINDER,CYLINDER_3,0.4,0.6,True
14.35,14.35,AEROTWIN-4-001,TAKEOFF,0.95,2997.369486674319,486.35659203211605,168.2841214232573,151.27227990380433,136.16886048659308,6.268841394931219,8.834578022280038,163.25849611061463,-9.234304649025136,-1.2230718034600638,-1.5288397543250798,116.49082625880654,748.3105941806098,34.05092271519365,451.00000000000006,65.41213800000001,0.004902569591896794,24.51284795948397,319.07294901687516,0.4574087117724832,CYLINDER,CYLINDER_3,0.4,0.6,True
14.36,14.36,AEROTWIN-4-001,TAKEOFF,0.95,3001.731193135156,666.1987612325752,168.2374618466632,151.9657447507511,136.5529321281429,6.277675972953499,9.135136649654687,-1.528415858029852,163.96732170236987,-1.2227326864238814,-9.250428407165037,116.4918556895404,748.312416248955,34.07723403635836,451.00000000000006,65.41213800000001,0.004907212168832417,24.536060844162083,319.07294901687516,0.44476595333739555,CYLINDER,CYLINDER_3,0.4,0.6,True
14.370000000000001,14.370000000000001,AEROTWIN-4-001,TAKEOFF,0.95,3006.382607480411,126.3026328206845,168.1887969620777,152.97934949343622,136.95063895992968,6.286811109603153,9.741899423903387,-1.5279737437675869,-1.5279737437675869,-7.388374119600764,163.42367110057214,116.49225622785201,748.3160620683605,34.103537945862314,451.00000000000006,65.41213800000001,0.004911999100424364,24.559995502121822,319.07294901687516,0.4264966387319273,CYLINDER,CYLINDER_3,0.4,0.6,True
14.38,14.38,AEROTWIN-4-001,TAKEOFF,0.95,2993.645423683891,306.68558926950914,168.13643154141187,116.99525663867833,137.37539899136485,6.296553009027057,-26.676695361713577,-9.187051974923216,-1.5274980106075668,129.2373046348167,-1.5274980106075668,116.49199576461486,748.3216102055716,34.12983549736354,451.00000000000006,65.41213800000001,0.004917088709802246,24.58544354901123,319.07294901687516,1.05564406752307,CYLINDER,CYLINDER_3,0.4,0.6,True
14.39,14.39,AEROTWIN-4-001,TAKEOFF,0.95,2997.9556135303637,486.3043146905426,168.27867607905878,151.51094106421579,136.21382424571283,6.269876313665343,9.027240504837614,163.50296733341165,-9.240203757872802,-1.2230322272546976,-1.528790284068372,116.49349979577127,748.3215608462968,34.15604540201308,451.00000000000006,65.41213800000001,0.004903114109278542,24.51557054639271,319.07294901687516,0.45317307201783613,CYLINDER,CYLINDER_3,0.4,0.6,True
14.4,14.4,AEROTWIN-4-001,TAKEOFF,0.95,3002.3265084097006,666.1816515023644,168.23094696418386,152.03962678703704,136.60634240450827,6.278903554170181,9.154380828358587,-1.5283566711544359,164.04276015486556,-1.2226853369235486,-9.252091359750542,116.49437623802187,748.3233599452238,34.182247859460325,451.00000000000006,65.41213800000001,0.00490785624205767,24.539281210288355,319.07294901687516,0.4434020360882108,CYLINDER,CYLINDER_3,0.4,0.6,True
14.41,14.41,AEROTWIN-4-001,TAKEOFF,0.95,3006.9069019129174,126.32124200694648,168.18212189389487,152.88617719302619,137.00496553785692,6.28805793499854,9.593153720170726,-1.5279131016255094,-1.5279131016255094,-7.386317659325101,163.3283210556023,116.49462544668519,748.3269873073402,34.20844286514837,451.00000000000006,65.41213800000001,0.0049126513792769905,24.563256896384956,319.07294901687516,0.4280541073235643,CYLINDER,CYLINDER_3,0.4,0.6,True
14.42,14.42,AEROTWIN-4-001,TAKEOFF,0.95,2994.0561332827374,306.7356561217215,168.13049875380318,116.80638220778837,137.42331800010646,6.29765108871871,-26.914586881036797,-9.180743811360085,-1.527444111989721,129.0420142431279,-1.527444111989721,116.4942264734307,748.3324870111908,34.234631092348174,451.00000000000006,65.41213800000001,0.004917661405369977,24.588307026849886,319.07294901687516,1.0588841511891964,CYLINDER,CYLINDER_3,0.4,0.6,True
14.43,14.43,AEROTWIN-4-001,TAKEOFF,0.95,2998.179946693298,486.3790241186857,168.27414594973627,151.15883330663604,136.25120219453606,6.270736501837673,8.636894610262305,163.14167720396088,-9.231095466165357,-1.2229993027375565,-1.5287491284219457,116.49561433995291,748.332341750175,34.26073171880041,451.00000000000006,65.41213800000001,0.004903566558476667,24.517832792383334,319.07294901687516,0.4592857932450455,CYLINDER,CYLINDER_3,0.4,0.6,True
14.44,14.44,AEROTWIN-4-001,TAKEOFF,0.95,3002.343566057553,666.2698209202836,168.22845143914222,151.6264247244153,136.62678732324264,6.2793733964479355,8.720264004724728,-1.5283339996280954,163.61895593168904,-1.2226671997024763,-9.241530007943178,116.4964024901558,748.3339674692892,34.28682396589577,451.00000000000006,65.41213800000001,0.0049081026874711565,24.540513437355784,319.07294901687516,0.45060587150062503,CYLINDER,CYLINDER_3,0.4,0.6,True
14.450000000000001,14.450000000000001,AEROTWIN-4-001,TAKEOFF,0.95,3006.723861668426,126.4104348837368,168.18193051562707,152.46868565819625,137.0065223232954,6.28809366045266,9.17406967444819,-1.5279113629783843,-1.5279113629783843,-7.377847374819096,162.9023557589721,116.49659412885615,748.3373369537245,34.31290774968432,451.00000000000006,65.41213800000001,0.004912670065303351,24.56335032651676,319.07294901687516,0.4353581142537804,CYLINDER,CYLINDER_3,0.4,0.6,True
14.46,14.46,AEROTWIN-4-001,TAKEOFF,0.95,2993.744220986107,306.81386658384235,168.13257069000545,116.5193595511333,137.40658769687923,6.297267730127108,-27.18449587587303,-9.171495087474309,-1.5274629352655456,128.7457805091387,-1.5274629352655456,116.4961672630425,748.3424994705964,34.33898379035089,451.00000000000006,65.41213800000001,0.004917461490292446,24.58730745146223,319.07294901687516,1.063929828158748,CYLINDER,CYLINDER_3,0.4,0.6,True
14.47,14.47,AEROTWIN-4-001,TAKEOFF,0.95,2997.7511019948356,486.43851984300875,168.27758668836066,150.88489033858488,136.22281514377912,6.270083234251234,8.391991960554531,162.8609124809711,-9.224217445618859,-1.2230243096743902,-1.528780387092988,116.49754459821513,748.341970221397,34.36497218141201,451.00000000000006,65.41213800000001,0.004903222958313691,24.516114791568455,319.07294901687516,0.4641171387009256,CYLINDER,CYLINDER_3,0.4,0.6,True
14.48,14.48,AEROTWIN-4-001,TAKEOFF,0.95,3001.860751373473,666.3035859626989,168.2332210102309,151.47341004811028,136.58770529072768,6.278475226211789,8.607229531170809,-1.528377330572392,163.46228337639758,-1.2227018644579137,-9.23779413325698,116.49833903191487,748.3431714381455,34.39095163972087,451.00000000000006,65.41213800000001,0.004907631540205463,24.538157701027316,319.07294901687516,0.4533356102392893,CYLINDER,CYLINDER_3,0.4,0.6,True
14.49,14.49,AEROTWIN-4-001,TAKEOFF,0.95,3006.2541997159697,126.41523104510725,168.187344943378,152.45116026228754,136.96246111540233,6.28708245574296,9.20161669114225,-1.5279605523631137,-1.5279605523631137,-7.377629354939038,162.8847107219528,116.49854500151858,748.3461039027806,34.416922379666794,451.00000000000006,65.41213800000001,0.004912141077611395,24.560705388056974,319.07294901687516,0.4357240642125914,CYLINDER,CYLINDER_3,0.4,0.6,True
14.5,14.5,AEROTWIN-4-001,TAKEOFF,0.95,2993.3384530921744,306.7904830280654,168.13788363632068,116.60927176333375,137.3636641635282,6.296284072434101,-27.05067647262855,-9.174585816934345,-1.5275112027043904,128.83887998567687,-1.5275112027043904,116.49813109144141,748.3508459622321,34.44288542483017,451.00000000000006,65.41213800000001,0.004916948417213895,24.58474208606948,319.07294901687516,1.062414760593311,CYLINDER,CYLINDER_3,0.4,0.6,True
14.51,14.51,AEROTWIN-4-001,TAKEOFF,0.95,2997.471398229985,486.3907902135959,168.28205950627304,151.11114419863156,136.18589074757887,6.269233395961473,8.656020055091224,163.093154823745,-9.230132785382814,-1.2230568176580574,-1.5288210220725718,116.49950991664264,748.3499341502159,34.4687616529293,451.00000000000006,65.41213800000001,0.004902775862102957,24.513879310514785,319.07294901687516,0.46020622312568815,CYLINDER,CYLINDER_3,0.4,0.6,True
14.52,14.52,AEROTWIN-4-001,TAKEOFF,0.95,3001.738359975548,666.239074107395,168.2363296364585,151.77681117389582,136.56221797587415,6.277889416016564,8.936703782005111,-1.5284055720447183,163.773541791108,-1.2227244576357745,-9.245600587531676,116.5002891987085,748.3508163957019,34.49462951971854,451.00000000000006,65.41213800000001,0.004907324173610766,24.536620868053827,319.07294901687516,0.4480599581953384,CYLINDER,CYLINDER_3,0.4,0.6,True
14.530000000000001,14.530000000000001,AEROTWIN-4-001,TAKEOFF,0.95,3006.298371511104,126.34337570592788,168.1887166498003,152.7885848656385,136.95129291891507,6.286826119798571,9.550465826924869,-1.527973014140802,-1.527973014140802,-7.3845090143417496,163.22903990826185,116.50045904172934,748.3535052829418,34.520489366339504,451.00000000000006,65.41213800000001,0.004912006954569755,24.560034772848773,319.07294901687516,0.4298341411013869,CYLINDER,CYLINDER_3,0.4,0.6,True
14.540000000000001,14.540000000000001,AEROTWIN-4-001,TAKEOFF,0.95,2993.5023802791984,306.7212779965941,168.13738416260506,116.86421606352175,137.36770084426493,6.296376585625495,-26.799861366368674,-9.182839050750916,-1.5275066650494633,129.10206844437158,-1.5275066650494633,116.49998670743275,748.3580812386588,34.54634223328146,451.00000000000006,65.41213800000001,0.004916996678704566,24.584983393522833,319.07294901687516,1.057947746614166,CYLINDER,CYLINDER_3,0.4,0.6,True
14.55,14.55,AEROTWIN-4-001,TAKEOFF,0.95,2997.7593035873933,486.33142081334597,168.28025296409135,151.38606337645942,136.20080732425328,6.269576724259126,8.915679327947016,163.37498929297072,-9.237077618749737,-1.2230436878940278,-1.528804609867535,116.50129296988528,748.3570587992406,34.57210938783219,451.00000000000006,65.41213800000001,0.004902956499973743,24.51478249986872,319.07294901687516,0.4553755402415656,CYLINDER,CYLINDER_3,0.4,0.6,True
14.56,14.56,AEROTWIN-4-001,TAKEOFF,0.95,3002.105759073389,666.1969790285896,168.23312983140343,151.9701401627105,136.58845267648556,6.278492403587073,9.10319508263786,-1.5283765022243876,163.97161865345382,-1.22270120177951,-9.250400786739423,116.50198431078655,748.3578863165113,34.597868700017315,451.00000000000006,65.41213800000001,0.004907640552081673,24.538202760408367,319.07294901687516,0.44464183971940935,CYLINDER,CYLINDER_3,0.4,0.6,True
14.57,14.57,AEROTWIN-4-001,TAKEOFF,0.95,3006.692413290411,126.32332457299287,168.18459800467673,152.87868112617505,136.9848193990032,6.287595598669712,9.606266128502156,-1.5279355967757793,-1.5279355967757793,-7.386229030867948,163.32078135059456,116.50205695361602,748.3605559124871,34.62362029430402,451.00000000000006,65.41213800000001,0.004912409537359824,24.56204768679912,319.07294901687516,0.4282123901329011,CYLINDER,CYLINDER_3,0.4,0.6,True
14.58,14.58,AEROTWIN-4-001,TAKEOFF,0.95,2993.871027076844,306.72486937041754,168.1329265966814,116.84786671786568,137.40371334465272,6.297201864798214,-26.853048491585245,-9.18216622784575,-1.5274661686322495,129.08496528297593,-1.5274661686322495,116.50148550631839,748.3651244775137,34.64936495710083,451.00000000000006,65.41213800000001,0.004917427140161235,24.587135700806176,319.07294901687516,1.0581848654483128,CYLINDER,CYLINDER_3,0.4,0.6,True
14.59,14.59,AEROTWIN-4-001,TAKEOFF,0.95,2998.052632497808,486.3571309950282,168.2761881386452,151.26263810393206,136.2343553738172,6.270348816306628,8.757933913808225,163.24822531645003,-9.23380538591263,-1.223014145157927,-1.528767681447409,116.50270118563728,748.3640839486088,34.67502435976817,451.00000000000006,65.41213800000001,0.00490336265541901,24.516813277095054,319.07294901687516,0.457491375323033,CYLINDER,CYLINDER_3,0.4,0.6,True
14.6,14.6,AEROTWIN-4-001,TAKEOFF,0.95,3002.288236812047,666.2402889448967,168.22986784455853,151.7653198586388,136.61518417700023,6.2791067502204365,8.871028931418138,-1.5283468674904364,163.76144601630472,-1.2226774939923493,-9.245101796183112,116.50331399399556,748.3648615495355,34.700675521964314,451.00000000000006,65.41213800000001,0.004907962828555676,24.539814142778383,319.07294901687516,0.44819064592372215,CYLINDER,CYLINDER_3,0.4,0.6,True
14.61,14.61,AEROTWIN-4-001,TAKEOFF,0.95,3006.744643614604,126.37758315361953,168.18255125840992,152.6229270302852,137.00147266958743,6.287977779151854,9.333476581545929,-1.5279170023473014,-1.5279170023473014,-7.380993397536151,163.05975443251594,116.50332504658724,748.3674349694309,34.726318414211484,451.00000000000006,65.41213800000001,0.00491260945337647,24.563047266882354,319.07294901687516,0.43266568509708014,CYLINDER,CYLINDER_3,0.4,0.6,True
14.620000000000001,14.620000000000001,AEROTWIN-4-001,TAKEOFF,0.95,2993.8196445012295,306.7822617704958,168.13233548504243,116.6357435779925,137.40848716374748,6.2973112557334,-27.070054841488382,-9.17526743469431,-1.5274607984584907,128.8659326096038,-1.5274607984584907,116.50271164196377,748.3718539424585,34.751953740210254,451.00000000000006,65.41213800000001,0.004917484189399398,24.587420946996993,319.07294901687516,1.0618905218660895,CYLINDER,CYLINDER_3,0.4,0.6,True
14.63,14.63,AEROTWIN-4-001,TAKEOFF,0.95,2997.8830138513417,486.41144044056955,168.2767548825143,151.01022121264214,136.2296791456609,6.270241200891912,8.510300866089327,162.9894018063204,-9.227389499240664,-1.2230182641944718,-1.5287728302430899,116.50390095995434,748.3706231558261,34.777503891874055,451.00000000000006,65.41213800000001,0.004903306050731731,24.516530253658654,319.07294901687516,0.4619148216366583,CYLINDER,CYLINDER_3,0.4,0.6,True
14.64,14.64,AEROTWIN-4-001,TAKEOFF,0.95,3002.028791322114,666.2844212716501,168.23175433617175,151.5613737903265,136.59972625817028,6.278751501758002,8.682896030398233,-1.5283640060258499,163.5524121326882,-1.2226912048206797,-9.239983131515174,116.50450439332016,748.3711645828668,34.80304524571801,451.00000000000006,65.41213800000001,0.004907776478484085,24.538882392420426,319.07294901687516,0.45178026238582303,CYLINDER,CYLINDER_3,0.4,0.6,True
14.65,14.65,AEROTWIN-4-001,TAKEOFF,0.95,3006.434218540412,126.40614875097697,168.18546108401014,152.49193506473927,136.97779547699747,6.2874343977884,9.226705189953396,-1.5279434377413135,-1.5279434377413135,-7.3784093050172785,162.92623124523917,116.50451908689146,748.3734692360046,34.828577908314735,451.00000000000006,65.41213800000001,0.0049123252069958635,24.56162603497932,319.07294901687516,0.4349898914261413,CYLINDER,CYLINDER_3,0.4,0.6,True
14.66,14.66,AEROTWIN-4-001,TAKEOFF,0.95,2993.5067361162487,306.7922018634017,168.13584779571087,116.60152095109689,137.38011572356038,6.296661102978353,-27.075255875441847,-9.174268899771848,-1.527492707352414,128.83077526557355,-1.527492707352414,116.50391687677326,748.3776043130504,34.85410275634941,451.00000000000006,65.41213800000001,0.004917145094344883,24.585725471724412,319.07294901687516,1.062528026438835,CYLINDER,CYLINDER_3,0.4,0.6,True
14.67,14.67,AEROTWIN-4-001,TAKEOFF,0.95,2997.6051343125346,486.40260603037666,168.2802049528652,151.05445465244043,136.20120369537918,6.269585847102912,8.583665109958337,163.0349301522587,-9.228627987173255,-1.2230433389533408,-1.528804173691676,116.50511577517315,748.3760956635597,34.87954295628549,451.00000000000006,65.41213800000001,0.004902961299578016,24.51480649789008,319.07294901687516,0.4611781720432298,CYLINDER,CYLINDER_3,0.4,0.6,True
14.68,14.68,AEROTWIN-4-001,TAKEOFF,0.95,3001.8213570895828,666.2589140891288,168.23484351231298,151.68300989649578,136.57440404943435,6.27816951221287,8.830436334848557,-1.5283920707966245,163.67728750674576,-1.2227136566372996,-9.243171882816052,116.50572425125893,748.3763811866761,34.904974504857314,451.00000000000006,65.41213800000001,0.004907471143342414,24.537355716712074,319.07294901687516,0.4496852908228035,CYLINDER,CYLINDER_3,0.4,0.6,True
14.69,14.69,AEROTWIN-4-001,TAKEOFF,0.95,3006.321813641002,126.36819551450378,168.18778649288225,152.67160045165315,136.95886634328014,6.2869999485477175,9.425734159825296,-1.5279645637839767,-1.5279645637839767,-7.382113956388517,163.10964353560962,116.50573453585768,748.3784665243332,34.930397658882015,451.00000000000006,65.41213800000001,0.0049120979084387425,24.56048954219371,319.07294901687516,0.4318711919649274,CYLINDER,CYLINDER_3,0.4,0.6,True
14.700000000000001,14.700000000000001,AEROTWIN-4-001,TAKEOFF,0.95,2993.478487802435,306.7475043329639,168.1371190724147,116.76727009725475,137.36984314928196,6.296425682707543,-26.898998734734754,-9.179688132292357,-1.5275042567389343,129.00196674302498,-1.5275042567389343,116.5051150116186,748.3824284956424,34.95581338730875,451.00000000000006,65.41213800000001,0.0049170222906711435,24.585111453355715,319.07294901687516,1.059641387847018,CYLINDER,CYLINDER_3,0.4,0.6,True
14.71,14.71,AEROTWIN-4-001,TAKEOFF,0.95,2997.681439835378,486.35621360110997,168.28051630596138,151.2708020115914,136.19863317422815,6.269526683972808,8.802642153390442,163.2568063343304,-9.234151718608356,-1.2230456018358378,-1.5288070022947973,116.50628517830518,748.3807871351667,34.98114538497758,451.00000000000006,65.41213800000001,0.004902930173117014,24.514650865585068,319.07294901687516,0.4573954710527313,CYLINDER,CYLINDER_3,0.4,0.6,True
14.72,14.72,AEROTWIN-4-001,TAKEOFF,0.95,3001.9869498516728,666.2170999912327,168.23399539851877,151.87712569363936,136.58135727608152,6.278329326126198,9.01743909143164,-1.528384365791103,163.87628804956847,-1.2227074926328825,-9.248070497505116,116.50685138679289,748.3809880738598,35.0064691642591,451.00000000000006,65.41213800000001,0.004907554993740724,24.537774968703623,319.07294901687516,0.4462790240974327,CYLINDER,CYLINDER_3,0.4,0.6,True
14.73,14.73,AEROTWIN-4-001,TAKEOFF,0.95,3006.550445401491,126.33631698233307,168.18593021861506,152.8190866787605,136.9739771842109,6.287346765217631,9.557762729331973,-1.5279476997692936,-1.5279476997692936,-7.3850559494587955,163.2600380277579,116.50680796527939,748.3830292076641,35.03178490158805,451.00000000000006,65.41213800000001,0.004912279361225496,24.56139680612748,319.07294901687516,0.4292698719116966,CYLINDER,CYLINDER_3,0.4,0.6,True
14.74,14.74,AEROTWIN-4-001,TAKEOFF,0.95,2993.728047181941,306.7293437064226,168.13453299664113,116.83247448306915,137.3907379870836,6.296904527946963,-26.855168031961426,-9.18171896534727,-1.5274807625707567,129.06915497355794,-1.5274807625707567,116.50612694034076,748.3869750969303,35.05709343395868,451.00000000000006,65.41213800000001,0.00491727206384199,24.586360319209952,319.07294901687516,1.0584718882415167,CYLINDER,CYLINDER_3,0.4,0.6,True
14.75,14.75,AEROTWIN-4-001,TAKEOFF,0.95,2997.9258138533814,486.353026537339,168.27776504410318,151.28317456861495,136.22134325104486,6.270049359915001,8.791781957655095,163.2693609965779,-9.234378814585094,-1.223025605945707,-1.5287820074321337,116.50723585884474,748.3853270254422,35.08231888249888,451.00000000000006,65.41213800000001,0.004903205139454969,24.516025697274845,319.07294901687516,0.4571491001024781,CYLINDER,CYLINDER_3,0.4,0.6,True
14.76,14.76,AEROTWIN-4-001,TAKEOFF,0.95,3002.193737191071,666.2285753685419,168.2312783769231,151.821185561804,136.603626684084,6.278841141872656,8.938717735847339,-1.5283596819968526,163.81879748638036,-1.222687745597482,-9.246564496982055,116.5077426969496,748.3855191986004,35.10753604305343,451.00000000000006,65.41213800000001,0.004907823502311109,24.539117511555542,319.07294901687516,0.447228369391545,CYLINDER,CYLINDER_3,0.4,0.6,True
14.77,14.77,AEROTWIN-4-001,TAKEOFF,0.95,3006.693649600443,126.36019960000613,168.18361129833517,152.7052226964391,136.9928483254427,6.287779859608503,9.424594511387898,-1.5279266326746619,-1.5279266326746619,-7.382689262479384,163.1437652242678,116.5076462496134,748.3875356774315,35.132744949122475,451.00000000000006,65.41213800000001,0.004912505926036267,24.562529630181334,319.07294901687516,0.4312371136225192,CYLINDER,CYLINDER_3,0.4,0.6,True
14.780000000000001,14.780000000000001,AEROTWIN-4-001,TAKEOFF,0.95,2993.807119782735,306.76181857603274,168.13291260556628,116.71154585872765,137.40382634166133,6.297204454119891,-26.989484937053575,-9.17774584730648,-1.5274660415247554,128.94422378908365,-1.5274660415247554,116.50692216314908,748.3914302781816,35.15794632131134,451.00000000000006,65.41213800000001,0.0049174284905596985,24.587142452798496,319.07294901687516,1.0605703266723001,CYLINDER,CYLINDER_3,0.4,0.6,True
14.790000000000001,14.790000000000001,AEROTWIN-4-001,TAKEOFF,0.95,2997.918228554671,486.3902457629968,168.2768930197728,151.1090403541152,136.22853930758413,6.270214969182838,8.610286077348228,163.09074775575738,-9.229914048277783,-1.2230192681619554,-1.5287740852024443,116.50799877362562,748.3897047154196,35.183064878598856,451.00000000000006,65.41213800000001,0.004903292252811728,24.51646126405864,319.07294901687516,0.4601869857771119,CYLINDER,CYLINDER_3,0.4,0.6,True
14.8,14.8,AEROTWIN-4-001,TAKEOFF,0.95,3002.104721291252,666.2653394762771,168.23136273254394,151.64993055977465,136.60293542081274,6.278825255260187,8.768169883701717,-1.5283604483568962,163.64319967504284,-1.222688358685517,-9.242220308225765,116.5084858972392,748.3897841954861,35.2081747372366,451.00000000000006,65.41213800000001,0.004907815168535301,24.539075842676507,319.07294901687516,0.4502262512491816,CYLINDER,CYLINDER_3,0.4,0.6,True
14.81,14.81,AEROTWIN-4-001,TAKEOFF,0.95,3006.538839457292,126.39162275375224,168.1846096427463,152.55911348742634,136.98472469189733,6.287593425143888,9.286795370385128,-1.5279357025061548,-1.5279357025061548,-7.37975115906059,162.99473605149925,116.50838158263363,748.3916558997238,35.23327595965093,451.00000000000006,65.41213800000001,0.004912408400333812,24.56204200166906,319.07294901687516,0.4338049511784978,CYLINDER,CYLINDER_3,0.4,0.6,True
14.82,14.82,AEROTWIN-4-001,TAKEOFF,0.95,2993.6208202073635,306.7839531211897,168.13466430071742,116.63112124320433,137.38967727236096,6.296880220514273,-27.055436249670898,-9.175192023954295,-1.527481955451523,128.86127717806167,-1.527481955451523,116.5076592708701,748.3953811477124,35.25836933392441,451.00000000000006,65.41213800000001,0.004917259385625536,24.586296928127684,319.07294901687516,1.061997013218706,CYLINDER,CYLINDER_3,0.4,0.6,True
14.83,14.83,AEROTWIN-4-001,TAKEOFF,0.95,2997.7167294149094,486.4012023336315,168.2789473359468,151.0598622583338,136.21158528993712,6.269824784264602,8.578452184132072,163.0404149261186,-9.228725720660176,-1.2230341987220497,-1.5287927484025623,116.50874106462118,748.3934769705371,35.28338029259533,451.00000000000006,65.41213800000001,0.00490308700152119,24.515435007605948,319.07294901687516,0.4610698943502156,CYLINDER,CYLINDER_3,0.4,0.6,True
14.84,14.84,AEROTWIN-4-001,TAKEOFF,0.95,3001.9156769407264,666.2642060985261,168.23360312108082,151.65723141581896,136.58457304609408,6.278403236448735,8.794255133276142,-1.5283808020006706,163.65079437498437,-1.2227046416005365,-9.242477515564202,116.50923562807492,748.3933757874515,35.30838247152929,451.00000000000006,65.41213800000001,0.004907593771224323,24.53796885612162,319.07294901687516,0.4501228998193971,CYLINDER,CYLINDER_3,0.4,0.6,True
14.85,14.85,AEROTWIN-4-001,TAKEOFF,0.95,3006.3870073805656,126.37914671496969,168.18672925415402,152.61940327906973,136.96747321310755,6.2871974915820115,9.364732574380165,-1.5279549589051333,-1.5279549589051333,-7.381028370380443,163.05634156726043,116.50913716761539,748.3950766828827,35.3333760505253,451.00000000000006,65.41213800000001,0.004912201264438167,24.56100632219084,319.07294901687516,0.4327730747451485,CYLINDER,CYLINDER_3,0.4,0.6,True
14.86,14.86,AEROTWIN-4-001,TAKEOFF,0.95,2993.514348912209,306.7623671578036,168.13638177876263,116.71193046811383,137.37580109486294,6.296562224156392,-26.960432850905494,-9.177869568685091,-1.5274975585202528,128.94479515383944,-1.5274975585202528,116.50841564971412,748.3986513404024,35.35836191355151,451.00000000000006,65.41213800000001,0.0049170935167230315,24.585467583615156,319.07294901687516,1.0606017286075375,CYLINDER,CYLINDER_3,0.4,0.6,True
14.870000000000001,14.870000000000001,AEROTWIN-4-001,TAKEOFF,0.95,2997.6776977278364,486.3732280925361,168.28012104153055,151.19119560394867,136.2018964436394,6.269601791305486,8.719697369003772,163.1751529066457,-9.23211116223479,-1.2230427290943326,-1.5288034113679156,116.50949129538147,748.3966197778547,35.38326609066261,451.00000000000006,65.41213800000001,0.004902969687923104,24.514848439615523,319.07294901687516,0.45878429504107004,CYLINDER,CYLINDER_3,0.4,0.6,True
14.88,14.88,AEROTWIN-4-001,TAKEOFF,0.95,3001.9460264588397,666.2338899562063,168.23403699399307,151.79890455629484,136.5810162780012,6.278321488674489,8.939566789619168,-1.5283847436806755,163.79608477783856,-1.2227077949445404,-9.246087682918507,116.50997080117588,748.3964232967202,35.40816175581689,451.00000000000006,65.41213800000001,0.004907550881722734,24.53775440861367,319.07294901687516,0.44764834720406427,CYLINDER,CYLINDER_3,0.4,0.6,True
14.89,14.89,AEROTWIN-4-001,TAKEOFF,0.95,3006.47951633571,126.35065154373672,168.18638902173342,152.7524227734893,136.97024272316034,6.287261055464109,9.494918994864838,-1.5279518679370379,-1.5279518679370379,-7.383716835898856,163.19204334526222,116.50984809831608,748.3980610113559,35.4330490875221,451.00000000000006,65.41213800000001,0.004912234520160204,24.561172600801022,319.07294901687516,0.4304415107210725,CYLINDER,CYLINDER_3,0.4,0.6,True
14.9,14.9,AEROTWIN-4-001,TAKEOFF,0.95,2993.6427957432156,306.7394225238793,168.13533540702244,116.7958467882807,137.38425555353075,6.296755974458973,-26.885164739709026,-9.180557459019292,-1.5274880523666081,129.0313803520332,-1.5274880523666081,116.50909414916367,748.4016007073587,35.45792892388044,451.00000000000006,65.41213800000001,0.004917194580107124,24.585972900535623,319.07294901687516,1.0591216926501787,CYLINDER,CYLINDER_3,0.4,0.6,True
14.91,14.91,AEROTWIN-4-001,TAKEOFF,0.95,2997.833715636615,486.35799026847224,168.27870505312984,151.26089800700194,136.21358509802403,6.269870809719264,8.77744209925865,163.24656254893458,-9.233841556803249,-1.2230324378352861,-1.5287905472941077,116.51013398531397,748.399550459279,35.4827277697867,451.00000000000006,65.41213800000001,0.004903111213872131,24.515556069360656,319.07294901687516,0.4575491399011802,CYLINDER,CYLINDER_3,0.4,0.6,True
14.92,14.92,AEROTWIN-4-001,TAKEOFF,0.95,3002.1074307557687,666.2280132066692,168.232302508369,151.8247299761687,136.595233709771,6.278648251818522,8.950848014579167,-1.5283689861002636,163.8224814068221,-1.222695188880211,-9.24668725567293,116.51057461410132,748.399347575927,35.50751818433309,451.00000000000006,65.41213800000001,0.004907722313502796,24.538611567513982,319.07294901687516,0.4471775028229866,CYLINDER,CYLINDER_3,0.4,0.6,True
14.93,14.93,AEROTWIN-4-001,TAKEOFF,0.95,3006.624434964875,126.35445905201527,168.1845792577667,152.73296254824407,136.9849719553693,6.287599099833101,9.46039149304167,-1.5279354264624954,-1.5279354264624954,-7.383276266913035,163.1721096680821,116.5104130265933,748.4009813568528,35.53230024707221,451.00000000000006,65.41213800000001,0.004912411368904778,24.56205684452389,319.07294901687516,0.43076226007949087,CYLINDER,CYLINDER_3,0.4,0.6,True
14.94,14.94,AEROTWIN-4-001,TAKEOFF,0.95,2993.7586794219847,306.7519251499078,168.13369584354646,116.74858438595527,137.39750029224678,6.297059491326142,-26.945975397617648,-9.17897236644902,-1.5274731571417908,128.98250306668785,-1.5274731571417908,116.50962323191455,748.4045101522021,35.55707469595048,451.00000000000006,65.41213800000001,0.004917352886979684,24.58676443489842,319.07294901687516,1.059930762666146,CYLINDER,CYLINDER_3,0.4,0.6,True
14.950000000000001,14.950000000000001,AEROTWIN-4-001,TAKEOFF,0.95,2997.9006326941117,486.3774459152269,168.27742724380235,151.16913110002452,136.22413093661146,6.270113515928525,8.67488664748453,163.1523959789764,-9.23146278954472,-1.2230231508476286,-1.5287789385595358,116.51063301013284,748.402436832435,35.58176857303954,451.00000000000006,65.41213800000001,0.0049032388871718385,24.516194435859195,319.07294901687516,0.4591411951358811,CYLINDER,CYLINDER_3,0.4,0.6,True
14.96,14.96,AEROTWIN-4-001,TAKEOFF,0.95,3002.1188208881795,666.2514838768736,168.23155841003359,151.71467297918332,136.60133188197918,6.2787884025760095,8.834552694628133,-1.528362226061903,163.70959547162593,-1.2226897808495223,-9.243870485531172,116.51105088377703,748.402190468493,35.6064537775905,451.00000000000006,65.41213800000001,0.0049077958362474736,24.53897918123737,319.07294901687516,0.44909539140936233,CYLINDER,CYLINDER_3,0.4,0.6,True
14.97,14.97,AEROTWIN-4-001,TAKEOFF,0.95,3006.5813018984236,126.37861313016447,168.1844515226375,152.61983273944315,136.98601141179432,6.2876229552706375,9.346198372378193,-1.5279342660051576,-1.5279342660051576,-7.380979048556713,163.0566803200102,116.51087473889832,748.4037580585899,35.63113036419458,451.00000000000006,65.41213800000001,0.0049124238482185344,24.562119241092674,319.07294901687516,0.43274063378424005,CYLINDER,CYLINDER_3,0.4,0.6,True
14.98,14.98,AEROTWIN-4-001,TAKEOFF,0.95,2993.679651361991,306.7734912440699,168.1341838864287,116.66937356584396,137.39355810849315,6.296969153643016,-27.021153696292213,-9.176418231416221,-1.527477590949056,128.9007469791583,-1.527477590949056,116.51007843366027,748.4071989507959,35.6557990728026,451.00000000000006,65.41213800000001,0.004917305770689161,24.58652885344581,319.07294901687516,1.061322316833807,CYLINDER,CYLINDER_3,0.4,0.6,True
14.99,14.99,AEROTWIN-4-001,TAKEOFF,0.95,2997.788080328134,486.3942703257893,168.27829869146896,151.09156055502046,136.21693904985446,6.269947999946724,8.604673505219282,163.0728901998783,-9.22951330486726,-1.2230294844402467,-1.5287868555503084,116.5110865401776,748.4050245418954,35.680387590994926,451.00000000000006,65.41213800000001,0.004903151820113941,24.515759100569703,319.07294901687516,0.46050813602024276,CYLINDER,CYLINDER_3,0.4,0.6,True
15.0,15.0,AEROTWIN-4-001,TAKEOFF,0.95,3001.9894087186767,666.2615551454774,168.23280990244783,151.66886930617162,136.59107502802104,6.2785526734519435,8.799241604698633,-1.5283735957106788,163.66268941860625,-1.2226988765685431,-9.24274764015541,116.51150751472737,748.4046652484886,35.70496727534876,451.00000000000006,65.41213800000001,0.004907672171459681,24.538360857298404,319.07294901687516,0.4499105935926799,CYLINDER,CYLINDER_3,0.4,0.6,True
