raw_obs_rpm_mean,raw_obs_rpm_std,raw_obs_rpm_min,raw_obs_rpm_max,raw_obs_rpm_rms,raw_obs_rpm_peak,raw_obs_rpm_p2p,raw_obs_rpm_slope,raw_obs_mean_torque_mean,raw_obs_mean_torque_std,raw_obs_mean_torque_min,raw_obs_mean_torque_max,raw_obs_mean_torque_rms,raw_obs_mean_torque_peak,raw_obs_mean_torque_p2p,raw_obs_mean_torque_slope,raw_obs_instant_torque_mean,raw_obs_instant_torque_std,raw_obs_instant_torque_min,raw_obs_instant_torque_max,raw_obs_instant_torque_rms,raw_obs_instant_torque_peak,raw_obs_instant_torque_p2p,raw_obs_instant_torque_slope,raw_obs_load_torque_mean,raw_obs_load_torque_std,raw_obs_load_torque_min,raw_obs_load_torque_max,raw_obs_load_torque_rms,raw_obs_load_torque_peak,raw_obs_load_torque_p2p,raw_obs_load_torque_slope,raw_obs_friction_torque_mean,raw_obs_friction_torque_std,raw_obs_friction_torque_min,raw_obs_friction_torque_max,raw_obs_friction_torque_rms,raw_obs_friction_torque_peak,raw_obs_friction_torque_p2p,raw_obs_friction_torque_slope,raw_obs_net_torque_mean,raw_obs_net_torque_std,raw_obs_net_torque_min,raw_obs_net_torque_max,raw_obs_net_torque_rms,raw_obs_net_torque_peak,raw_obs_net_torque_p2p,raw_obs_net_torque_slope,raw_obs_cylinder_1_torque_mean,raw_obs_cylinder_1_torque_std,raw_obs_cylinder_1_torque_min,raw_obs_cylinder_1_torque_max,raw_obs_cylinder_1_torque_rms,raw_obs_cylinder_1_torque_peak,raw_obs_cylinder_1_torque_p2p,raw_obs_cylinder_1_torque_slope,raw_obs_cylinder_2_torque_mean,raw_obs_cylinder_2_torque_std,raw_obs_cylinder_2_torque_min,raw_obs_cylinder_2_torque_max,raw_obs_cylinder_2_torque_rms,raw_obs_cylinder_2_torque_peak,raw_obs_cylinder_2_torque_p2p,raw_obs_cylinder_2_torque_slope,raw_obs_cylinder_3_torque_mean,raw_obs_cylinder_3_torque_std,raw_obs_cylinder_3_torque_min,raw_obs_cylinder_3_torque_max,raw_obs_cylinder_3_torque_rms,raw_obs_cylinder_3_torque_peak,raw_obs_cylinder_3_torque_p2p,raw_obs_cylinder_3_torque_slope,raw_obs_cylinder_4_torque_mean,raw_obs_cylinder_4_torque_std,raw_obs_cylinder_4_torque_min,raw_obs_cylinder_4_torque_max,raw_obs_cylinder_4_torque_rms,raw_obs_cylinder_4_torque_peak,raw_obs_cylinder_4_torque_p2p,raw_obs_cylinder_4_torque_slope,raw_obs_cht_mean,raw_obs_cht_std,raw_obs_cht_min,raw_obs_cht_max,raw_obs_cht_rms,raw_obs_cht_peak,raw_obs_cht_p2p,raw_obs_cht_slope,raw_obs_egt_mean,raw_obs_egt_std,raw_obs_egt_min,raw_obs_egt_max,raw_obs_egt_rms,raw_obs_egt_peak,raw_obs_egt_p2p,raw_obs_egt_slope,raw_obs_oil_temperature_mean,raw_obs_oil_temperature_std,raw_obs_oil_temperature_min,raw_obs_oil_temperature_max,raw_obs_oil_temperature_rms,raw_obs_oil_temperature_peak,raw_obs_oil_temperature_p2p,raw_obs_oil_temperature_slope,raw_obs_oil_pressure_mean,raw_obs_oil_pressure_std,raw_obs_oil_pressure_min,raw_obs_oil_pressure_max,raw_obs_oil_pressure_rms,raw_obs_oil_pressure_peak,raw_obs_oil_pressure_p2p,raw_obs_oil_pressure_slope,raw_obs_fuel_flow_mean,raw_obs_fuel_flow_std,raw_obs_fuel_flow_min,raw_obs_fuel_flow_max,raw_obs_fuel_flow_rms,raw_obs_fuel_flow_peak,raw_obs_fuel_flow_p2p,raw_obs_fuel_flow_slope,raw_obs_fuel_pressure_mean,raw_obs_fuel_pressure_std,raw_obs_fuel_pressure_min,raw_obs_fuel_pressure_max,raw_obs_fuel_pressure_rms,raw_obs_fuel_pressure_peak,raw_obs_fuel_pressure_p2p,raw_obs_fuel_pressure_slope,raw_obs_vibration_mean,raw_obs_vibration_std,raw_obs_vibration_min,raw_obs_vibration_max,raw_obs_vibration_rms,raw_obs_vibration_peak,raw_obs_vibration_p2p,raw_obs_vibration_slope
1151.4654433529474,63.00705054765342,911.720202809392,1194.032481769125,1153.1879966660747,1194.032481769125,282.312278959733,165.9656838065338,23.783483843409442,0.3193612349471254,22.48604081632653,23.992660814092996,23.7856279153632,23.992660814092996,1.5066199977664674,0.8299105521047488,23.802399829089946,16.254815133764897,0.0,46.95291753410813,28.823137453385147,46.95291753410813,46.95291753410813,0.5796251506365245,20.19440242928213,2.1114992800925494,12.311344529918864,21.66969250705582,20.304490111441538,21.66969250705582,9.358347977136956,5.655971972088352,2.410426013747362,0.1340029904561528,1.884955592153876,2.500775781915648,2.4141479592604074,2.500775781915648,0.6158201897617721,0.3530270892404336,1.1975713860604604,16.52553683145971,-24.119726553227597,29.058448561222537,16.568872767712417,29.058448561222537,53.178175114450134,-5.42937391069226,5.956750111304482,13.920182833568107,-1.631463289902066,48.940463950098525,15.141147975252412,48.940463950098525,50.57192724000059,0.3901120649643996,5.934066272078647,13.92035095011174,-1.6314237749968996,48.9560188893196,15.132392841044611,48.9560188893196,50.5874426643165,0.7088597138193631,5.941996729826944,13.93482625316372,-1.6302233598049387,48.93675662711174,15.148818694642,48.93675662711174,50.56697998691668,-0.06746255056789835,5.960416146109057,13.986730079321163,-1.6310647937488316,48.90069765226432,15.203788309055902,48.90069765226432,50.531762446013154,-0.4524562675112908,31.746536568918298,2.1022500076991175,25.07229836145782,33.30756686432096,31.816065740699894,33.30756686432096,8.235268502863143,6.163434309075841,517.3582649727476,19.532043524198553,509.3144330609432,617.1107142857143,517.7268344019295,617.1107142857143,107.79628122477106,-41.21937837756497,24.918939919488807,0.04277029276430539,24.848985152366463,24.999579506279403,24.918976624432954,24.999579506279403,0.15059435391293974,-0.14766686106543955,379.9171122102366,3.1757723362978263,367.3392958486187,382.0427234987758,379.9303853077528,382.0427234987758,14.703427650157096,8.337260205543998,0.001023109871944987,1.5040174812255864e-05,0.0009648312881527,0.0010333343643073,0.0010232204146368813,0.0010333343643073,6.850307615459991e-05,3.978014766778125e-05,322.4270509831249,5.684341886080802e-14,322.42705098312484,322.42705098312484,322.42705098312484,322.42705098312484,0.0,3.5206944001116885e-14,0.3221521091600989,0.12501131468678614,0.0673453583106333,0.4871839984936315,0.3455572459608089,0.4871839984936315,0.41983864018299816,0.013185197765483108
1180.8536025593844,14.34524273112341,1119.68223144914,1194.1727491254155,1180.940733765455,1194.1727491254155,74.49051767627543,35.580389470192564,23.930691668778767,0.06824398742525085,23.64049091665077,23.993306785539904,23.930788975459567,23.993306785539904,0.3528158688891345,0.16903038362563258,23.933629063136003,16.360448077360356,0.0,46.95291753410813,28.99108244656954,46.95291753410813,46.95291753410813,0.3949944461442092,21.192590244704235,0.5148891711817678,19.055047638671255,21.674784041933727,21.198844122700024,21.674784041933727,2.619736403262472,1.2818577715037953,2.472905868894198,0.03040105915812277,2.345056981783763,2.5010695571796884,2.473092731947046,2.5010695571796884,0.15601257539592517,0.07548173851148626,0.2681329495375711,16.513557392129268,-24.12693081016424,24.921877582572694,16.515734104839993,24.921877582572694,49.04880839273693,-0.9623450638710858,5.952531987130951,14.011672014506848,-1.631463289902066,48.940463950098525,15.22365231145048,48.940463950098525,50.57192724000059,0.58525749555622,6.057998934358986,14.099157214896547,-1.6314237749968996,48.9560188893196,15.345539588397141,48.9560188893196,50.5874426643165,-0.028041791506855426,5.953541388298567,13.972698849567339,-1.6309492230972968,48.93675662711174,15.18818515171857,48.93675662711174,50.56770585020904,0.10242600525761938,5.959409730207644,14.005732770024801,-1.6312403586153816,48.95839248294979,15.220877594864236,48.95839248294979,50.58963284156517,-0.26509901021287824,32.80769059200738,0.7308216299870244,30.323907779782395,33.326771509776634,32.8158294461034,33.326771509776634,3.002863729994239,2.0952858550849167,509.79127844014516,1.1904000999719928,509.3144330609432,516.2314161855105,509.79266827410885,516.2314161855105,6.9169831245673095,-2.2849268857863247,24.890078030957994,0.039886799030024137,24.824003511607273,24.962633687387044,24.89010999059495,24.962633687387044,0.13863017577977033,-0.13781174789228806,381.3934657852603,0.7097507657708605,378.4009443119677,382.04955030340057,381.3941261868646,382.04955030340057,3.6486059914328735,1.7612454784844724,0.0010301460875446079,3.470031025454569e-06,0.0010155933821878,0.001033368057912,0.0010301519319007176,0.001033368057912,1.7774675724200033e-05,8.620594045685053e-06,322.4270509831249,5.684341886080802e-14,322.42705098312484,322.42705098312484,322.42705098312484,322.42705098312484,0.0,3.5206944001116885e-14,0.32422306520853045,0.1265741598379544,0.0673453583106333,0.4872046388448277,0.3480540388386536,0.4872046388448277,0.41985928053419436,0.0029828058170195946
1187.1523381040372,5.02555338731056,1169.3355963610925,1194.1963300589623,1187.1629753545765,1194.1963300589623,24.86073369786982,7.089884378275447,23.96077322855406,0.02340190818581889,23.877842978741835,23.99341537569633,23.960784656590437,23.99341537569633,0.1155723969544944,0.03372828658599187,23.939604883005675,16.351955049596782,0.0,46.95291753410813,28.991224808525473,46.95291753410813,46.95291753410813,-0.10673478290154158,21.420508777532667,0.18200677088392977,20.782548714447973,21.67564005994098,21.421282005356304,21.67564005994098,0.8930913454930085,0.2620001092310053,2.4863332798941475,0.010575275493153558,2.4490507460726985,2.501118944971419,2.4863557700298933,2.501118944971419,0.052068198898720386,0.01523298699752363,0.03276282557886102,16.502459375146554,-24.128993533775024,23.49002773509118,16.502491897622683,24.128993533775024,47.619021268866206,-0.38396787913008834,6.060637987499464,14.119785840049174,-1.631463289902066,48.95170376466034,15.365535623087622,48.95170376466034,50.5831670545624,0.061456861594378284,5.936533888813679,13.948860828232128,-1.6314237749968996,48.9560188893196,15.159589473940974,48.9560188893196,50.5874426643165,-0.22847477523251292,5.998203379054238,14.020424451448617,-1.631145658983604,48.95622637089743,15.249614604155607,48.95622637089743,50.58737202988104,0.02709737161353692,5.933141024446959,14.001815605800628,-1.6312469329428452,48.95839248294979,15.20700505276491,48.95839248294979,50.589639415892634,0.036524448232959805,33.17064063497473,0.23128805723193133,32.368105784990355,33.33252570183797,33.17144697326385,33.33252570183797,0.9644199168476177,0.6579453623095547,509.3659000635379,0.03292607610327226,509.3144330609432,509.56236534184234,509.3659011277301,509.56236534184234,0.24793228089913555,0.021260909988164777,24.863083592785053,0.03787329603594443,24.80015752466976,24.93128721374497,24.86311243847741,24.93128721374497,0.13112968907520894,-0.13087210188791323,381.70680296494754,0.24609487936242253,380.83820630954807,382.0506979704103,381.7068822963649,382.0506979704103,1.212491660862213,0.3545289532977782,0.0010316794486654917,1.2111655062758996e-06,0.0010274146356288,0.0010333737223639,0.0010316801596040397,0.0010333737223639,5.959086735100047e-06,1.7443732805690175e-06,322.4270509831249,5.684341886080802e-14,322.42705098312484,322.42705098312484,322.42705098312484,322.42705098312484,0.0,3.5206944001116885e-14,0.3242836005357954,0.12650119952069064,0.067718769137773,0.4872105477847429,0.3480839080690644,0.4872105477847429,0.41949177864696985,-0.0014113670029092084
1188.3959759482923,4.262728961948435,1179.123988614372,1194.1963300589623,1188.403621043077,1194.1963300589623,15.072341444590393,1.5529387815357152,23.96660195828836,0.019718893634627865,23.923607326611712,23.99341537569633,23.96661007029984,23.99341537569633,0.06980804908461735,0.00688029196215536,23.960036616307725,16.367517161041,0.0,46.95291753410813,29.01687393003903,46.95291753410813,46.95291753410813,0.19516865053183396,21.465773676982145,0.1538508997054946,21.13194229518608,21.67564005994098,21.466325015026673,21.67564005994098,0.5436977647549028,0.05368890458723476,2.4889654142047646,0.008924410234287385,2.469551506868271,2.501118944971419,2.4889814137927035,2.501118944971419,0.03156743810314788,0.0031141017341526694,0.005297525120817554,16.51802255551448,-24.12959229565877,23.337302874765395,16.51802340500393,24.12959229565877,47.466895170424166,0.13836564421042435,6.044062999741988,14.104759631910408,-1.631463289902066,48.95170376466034,15.345192791842647,48.95170376466034,50.5831670545624,0.2672264089112183,5.931417931409801,13.958918762468993,-1.6314237749968996,48.9560188893196,15.166843168380776,48.9560188893196,50.5874426643165,-0.1640387293832555,6.060280996440215,14.075512589522276,-1.6313557312152405,48.95622637089743,15.32472056559644,48.95622637089743,50.58758210211268,-0.16555713360810412,5.913429417735009,13.99932662303112,-1.6312469329428452,48.95839248294979,15.197032387174863,48.95839248294979,50.589639415892634,0.2584522700660202,33.28483708790514,0.07084006811210436,33.037448731596385,33.33399466286986,33.28491247222434,33.33399466286986,0.29654593127347795,0.20087199894283655,509.3681267081727,0.015124215389789863,509.32161629870893,509.38224273365626,509.3681269327077,509.38224273365626,0.06062643494732356,0.04238448385061591,24.83743554912047,0.03611658298504196,24.77738590802723,24.90233524335598,24.837461808008477,24.90233524335598,0.12494933532875052,-0.1248049383101706,381.7680644115433,0.20760835110172046,381.3162088884038,382.0506979704103,381.7681208610323,382.0506979704103,0.734489082006462,0.07244227586937918,0.0010319808530260108,1.0224465557294003e-06,0.0010297578131456,0.0010333737223639,0.0010319813595260586,0.0010333737223639,3.61590921830004e-06,3.5677927678946045e-07,322.4270509831249,5.684341886080802e-14,322.42705098312484,322.42705098312484,322.42705098312484,322.42705098312484,0.0,3.5206944001116885e-14,0.32441237073504553,0.12692946593384016,0.067718769137773,0.4872122629486747,0.3483596928580896,0.4872122629486747,0.41949349381090173,-0.0033375985705911726
1188.6456852308145,4.22475532294558,1180.8373728311071,1194.1963300589623,1188.653193145659,1194.1963300589623,13.358957227855171,0.27094968141563014,23.967724819955812,0.019535378399035425,23.931583281840545,23.99341537569633,23.96773278130694,23.99341537569633,0.061832093855784365,0.0011314822215649206,23.98407968090353,16.376421001089717,0.0,46.94686059457254,29.041749997974673,46.94686059457254,46.94686059457254,0.06435071686554446,21.47453556115572,0.15248227598343456,21.193400535420828,21.67564005994098,21.475076912826893,21.67564005994098,0.4822395245201534,0.00884225189616336,2.4894736311396137,0.00884309715248209,2.4731400103803187,2.501118944971419,2.489489337295242,2.501118944971419,0.027978934591100124,0.000512479700481968,0.020070488608197806,16.527037725937053,-24.129619026167212,23.24508112977755,16.527049912766028,24.129619026167212,47.374700155944765,0.054995985268888624,5.990266122743564,14.093447629014435,-1.631438910534616,48.95170376466034,15.313672136135793,48.95170376466034,50.583142675194956,0.13454992147771064,5.937938369749197,13.952989108604903,-1.63149705488485,48.9560188893196,15.163938048798105,48.9560188893196,50.587515944204455,-0.017307123602558927,6.063230504491758,14.070783634924805,-1.6313557312152405,48.95622637089743,15.32154418625835,48.95622637089743,50.58758210211268,-0.0073096773905880034,5.9816150994414246,14.06732109204366,-1.6312469329428452,48.95839248294979,15.286243551131916,48.95839248294979,50.589639415892634,-0.042597229641926734,33.3197215539509,0.021413463540539086,33.24471195346165,33.33473558166573,33.319728434806315,33.33473558166573,0.09002362820407939,0.06058360644464665,509.3754574766037,0.004941239916887958,509.3586244346707,509.38224273365626,509.3754575005701,509.38224273365626,0.023618298985581987,0.011762311176575863,24.81297359660218,0.03447335834662176,24.75564417605158,24.874889092311378,24.812997543991187,24.874889092311378,0.11924491625979883,-0.11912727809200921,381.7798869055858,0.20570780499959385,381.39979786036736,382.0506979704103,381.77994232455814,382.0506979704103,0.6509001100429259,0.011919803696551944,0.0010320390787976078,1.0131758365463326e-06,0.0010301683849347,0.0010333737223639,0.0010320395761261726,0.0010333737223639,3.205337429200081e-06,5.872346541594396e-08,322.4270509831249,5.684341886080802e-14,322.42705098312484,322.42705098312484,322.42705098312484,322.42705098312484,0.0,3.5206944001116885e-14,0.3247606911736766,0.12659041124236964,0.067718769137773,0.4872123395179794,0.34856081069178796,0.4872123395179794,0.4194935703802064,0.0011389360170326426
1188.6828652402858,4.222837819185209,1181.267701431876,1194.1963300589623,1188.6903661067934,1194.1963300589623,12.928628627086255,-0.04701990565577755,23.967970811075116,0.019506466795089862,23.933584872963745,23.99341537569633,23.967978748797233,23.99341537569633,0.05983050273258428,0.0002685317818132111,23.952614451067543,16.361048850456175,0.0,46.94686059457254,29.007096692507904,46.94686059457254,46.94686059457254,-0.21798361027152974,21.47645612757612,0.15226796757679514,21.208850229707867,21.67564005994098,21.476995910360742,21.67564005994098,0.4667898302331146,0.0021022776485376776,2.4895849979324067,0.00883032274643345,2.474041288494189,2.501118944971419,2.489600658043355,2.501118944971419,0.027077656477229706,0.00012172935716101254,-0.013426674440985692,16.511443720885953,-24.129619026167212,23.2496550509157,16.511449179995402,24.129619026167212,47.37927407708291,-0.2202076172772428,5.901483162343922,13.985177858169951,-1.631438910534616,48.95170376466034,15.179351212752008,48.95170376466034,50.583142675194956,-0.2629969483192146,5.94065376961009,13.961881569544683,-1.63149705488485,48.94590521780046,15.173183719060876,48.94590521780046,50.577402272685305,0.15248117606739375,6.061304192163933,14.079347327052648,-1.6315569258657727,48.95622637089743,15.328647352774757,48.95622637089743,50.587783296763206,0.16680718232353392,6.0381238033459645,14.094203252590747,-1.631534602445019,48.95839248294979,15.333150504376873,48.95839248294979,50.58992708539481,-0.2689957189445154,33.330241885112514,0.0064174775909379604,33.307797840366376,33.334910925652096,33.330242502930076,33.334910925652096,0.027113085285719762,0.01807428529629786,509.3775043016352,0.0022237172790247834,509.3711474207503,509.38224273365626,509.3775043064891,509.38224273365626,0.011095312905979426,0.0020965463898652632,24.789623694385526,0.03291207787628498,24.734890478423058,24.848728358806127,24.789645542324934,24.848728358806127,0.11383788038306974,-0.11373224424146362,381.78247744703737,0.2054090387780292,381.4207880112704,382.0506979704103,381.7825327047726,382.0506979704103,0.6299099591398658,0.002830775929872323,0.0010320518387071308,1.0117203295583992e-06,0.0010302715222787,0.0010333737223639,0.0010320523346016883,0.0010333737223639,3.10220008519998e-06,1.3951303749846175e-08,322.4270509831249,5.684341886080802e-14,322.42705098312484,322.42705098312484,322.42705098312484,322.42705098312484,0.0,3.5206944001116885e-14,0.3242506354809777,0.12701926873787703,0.067718769137773,0.4872123395179794,0.3482418258057509,0.4872123395179794,0.4194935703802064,0.0022694004178354524
1258.6326242413957,188.5717966483278,1181.2944837727089,2108.7695979831306,1272.6804018668474,2108.7695979831306,927.4751142104217,373.51677540708914,31.00609036598276,17.05450739220612,23.933709424309303,97.2976093103678,35.386916539510786,97.2976093103678,73.3638998860585,36.69077977122802,30.87161510926768,29.732810172261267,0.0,177.3767449540832,42.86136512285263,177.3767449540832,177.3767449540832,36.19702541594876,24.530275020399518,8.608298963699115,21.209811957678745,67.58942156594026,25.996869111969232,67.58942156594026,46.37960960826151,16.441641604778617,2.6323650288634695,0.387425870520255,2.4740973812976597,4.416596718091537,2.6607225429066728,4.416596718091537,1.942499336793877,0.7632996208840208,3.7089750600046956,26.195625315050755,-62.213921752444165,112.479184983452,26.456894784578644,112.479184983452,174.69310673589615,18.992084190286125,7.508716546961573,19.78067397739984,-6.310931164538025,154.93896642660476,21.15788002572086,154.93896642660476,161.2498975911428,8.160005899383076,7.811212447605394,21.663993212069258,-5.016897015509375,181.85457459334907,23.029191079892673,181.85457459334907,186.87147160885846,9.972242122684719,7.729180254604702,22.165987562824878,-5.5197424774948285,185.3797433595792,23.47490643311445,185.3797433595792,190.89948583707402,8.93722870567171,7.811837456716744,20.994198168145196,-6.49856920580916,165.59265981436576,22.400472342642995,165.59265981436576,172.09122902017492,9.130198196703962,34.734945923857886,3.978363771780617,33.326919098939165,54.28257628874496,34.96203436063108,54.28257628874496,20.955657189805798,7.563126519310894,515.0610450123936,15.296789009815406,509.3739501973351,583.4957886428183,515.2881444815802,583.4957886428183,74.1218384454832,30.34252813556869,24.791707788129038,0.06265214322891592,24.73439585176388,25.127883145948545,24.791786953405136,25.127883145948545,0.3934872941846663,0.023926754321910586,384.97135229652815,8.592175679369792,381.4220943237453,423.89921538840014,385.06722474383974,423.89921538840014,42.47712106465485,17.024081271545132,0.0011427246065138937,0.00028927729898126385,0.0010302779414888,0.0024711500631712,0.001178770920085081,0.0024711500631712,0.0014408721216824002,0.0005867827599401281,322.31234696176705,0.5792871783865413,319.1449422125901,323.0,322.3128675334535,323.0,3.855057787409919,-0.6973666247848496,0.40864805235517465,0.27073811206750575,0.067718769137773,1.635798423229199,0.4901962423556048,1.635798423229199,1.5680796540914261,0.4377382152550477
1556.3087509344255,607.3045726196927,1181.2944837727089,3266.6218892241022,1670.6034155836805,3266.6218892241022,2085.327405451393,1673.1267281987828,52.880368127306895,44.439439804639115,23.933709424309303,167.44876006551883,69.0738528202216,167.44876006551883,143.5150506412095,127.34574298402876,52.87598945241133,64.45788204068884,0.0,288.02125503529834,83.37079115459365,288.02125503529834,288.02125503529834,126.48428218555507,42.196513071901485,36.801523985276496,21.209811957678745,162.18780715621955,55.99015880550827,162.18780715621955,140.9779951985408,97.14864435053816,3.2520980474356582,1.2656161109680142,2.4740973812976597,6.841596886161367,3.4896885033590923,6.841596886161367,4.367499504863708,3.478331118506166,7.427378333074177,48.76873248818031,-141.32479819352506,159.79255557536732,49.331077602321976,159.79255557536732,301.1173537688924,25.857306716510713,12.847763793007365,40.22323385377309,-10.845573091313414,300.2467131009985,42.2252717710168,300.2467131009985,311.0922861923119,30.571874667829388,12.877320359101043,40.22479012074721,-10.809866235341651,296.962867646117,42.235756414311794,296.962867646117,307.77273388145863,29.82375381115876,13.714472409272775,43.93877035912412,-10.934416022502138,299.5355738093411,46.02936339052007,299.5355738093411,310.46998983184324,33.78498748741454,13.428142451280522,42.84913511693904,-10.927970827685552,296.16512894103755,44.90393512779899,296.16512894103755,307.0930997687231,32.31378036455247,43.58420613029985,18.46151805111312,33.33236837772719,100.40948186755033,47.33297658884388,100.40948186755033,67.07711348982313,48.46074443485058,541.9004933328225,55.248894079637815,509.3739501973351,703.1024318289465,544.7096336318824,703.1024318289465,193.72848163161137,150.1130206490635,25.02386360394745,0.5462437984231379,24.73439585176388,27.156912752959983,25.02982484869364,27.156912752959983,2.4225169011961043,1.2660292267901907,397.28848183616793,24.85865311064465,381.4220943237453,451.00000000000006,398.06543486487556,451.00000000000006,69.57790567625477,69.52018820555652,0.001685482494022855,0.0011211700515767278,0.0010302779414888,0.0049935935497614,0.0020243205087658593,0.0049935935497614,0.0039633156082726,0.003025601225135863,321.3728646308667,1.931344165610171,317.0,323.0,321.378667946918,323.0,6.0,-4.926358122105146,0.6585873343189432,0.6147425311291382,0.0707646558729371,2.7099701382661068,0.90091378971819,2.7099701382661068,2.63920548239317,1.4591087583667417
1917.8348257784016,791.3938886106563,1181.2944837727089,3266.6218892241022,2074.703522409592,3266.6218892241022,2085.327405451393,2525.58360361124,81.7325389060911,60.301990562933376,23.933709424309303,169.5155488164828,101.5703597605512,169.5155488164828,145.5818393921735,196.29999878364234,76.80915745924084,72.49108106096928,0.0,288.02125503529834,105.61535637863687,288.02125503529834,288.02125503529834,172.27374915866906,65.19140634197976,50.20184988505171,21.209811957678745,162.18780715621955,82.28089202680285,162.18780715621955,140.9779951985408,157.76386031591673,4.009095210402533,1.655721679051619,2.4740973812976597,6.841596886161367,4.337540626271303,6.841596886161367,4.367499504863708,5.280340381626813,7.608655906858547,50.66369863923927,-141.32479819352506,159.79255557536732,51.23184560911923,159.79255557536732,301.1173537688924,9.229548461125551,18.753516683848265,51.47477906493722,-10.903518532921227,300.2467131009985,54.784553186053046,300.2467131009985,311.1502316339197,42.231137567347204,18.84871955141057,51.559577549215405,-10.852431079185184,296.962867646117,54.896851146320635,296.962867646117,307.81529872530217,42.002347819497466,19.760592356842494,54.54773204804639,-10.934416022502138,299.5355738093411,58.0166879602651,299.5355738093411,310.46998983184324,44.552656871623114,19.440261622774127,53.64523949774356,-10.927970827685552,296.16512894103755,57.05905267994002,296.16512894103755,307.0930997687231,43.50124702559282,59.13929907206581,31.512854287129343,33.333933176821894,115.48693858000983,67.01131755201571,115.48693858000983,82.15300540318793,98.95363118216639,586.4425781615672,90.09478103156934,509.3739501973351,744.8176611901383,593.3228185818512,744.8176611901383,235.44371099280323,287.0884315630433,25.813086705968658,1.6064971226175842,24.73439585176388,30.26631115871159,25.86302917863324,30.26631115871159,5.531915306947713,4.60865960541564,411.13230329795766,30.906004615976478,381.4220943237453,451.00000000000006,412.2923137003728,451.00000000000006,69.57790567625477,98.69365599669817,0.002460017297777061,0.0016263385317746514,0.0010302779414888,0.0050271465138585,0.002949010363714797,0.0050271465138585,0.0039968685723697,0.005172115033306693,320.7020442376167,2.0287313472402735,317.0,323.0,320.7084609564667,323.0,6.0,-5.614871737055577,0.7458192238920408,0.6196206626676235,0.0730394798706797,2.7099701382661068,0.9696267737287326,2.7099701382661068,2.636930658395427,1.048866675084243
2280.050922081897,789.2177052261796,1181.2944837727089,3266.6218892241022,2412.777816859436,3266.6218892241022,2085.327405451393,2514.2855260842666,110.58100775104967,60.26954777084925,23.933709424309303,169.5155488164828,125.93878538298036,169.5155488164828,145.5818393921735,196.13730305779643,100.5961322622834,70.37085903106748,0.0,288.02125503529834,122.7666063182541,288.02125503529834,288.02125503529834,159.68692416386818,88.25147672221999,51.294352621980366,21.209811957678745,162.18780715621955,102.07562762266319,162.18780715621955,140.9779951985408,163.5260445472563,4.767750579454806,1.6546770269580413,2.4740973812976597,6.841596886161367,5.046721871812864,6.841596886161367,4.367499504863708,5.275021433666044,7.576904960608616,50.13857196011366,-141.32479819352506,159.79255557536732,50.707848376573736,159.79255557536732,301.1173537688924,-9.114141817054136,24.734213226274758,59.56474874588339,-10.903518532921227,300.2467131009985,64.49605101929143,300.2467131009985,311.1502316339197,39.50320632768097,24.778506234039277,59.645828271451116,-10.852431079185184,296.962867646117,64.58791838554453,296.962867646117,307.81529872530217,39.81149153156781,25.699294248791322,62.17648706475819,-10.934416022502138,299.5355738093411,67.27829715889071,299.5355738093411,310.46998983184324,40.40124939095112,25.38009296078941,61.40679129704611,-10.927970827685552,296.16512894103755,66.44503846110175,296.16512894103755,307.0930997687231,39.98447345177345,75.7068069285217,35.156139688787256,33.33426736134482,116.45047346095048,83.47140092947994,116.45047346095048,83.11620609960565,116.54436817649562,633.9928425348061,99.15879466159258,509.3739501973351,748.140515722189,641.7003903256591,748.140515722189,238.7665655248539,330.40759844862004,27.208446477896644,2.7541751461673782,24.73439585176388,33.14246942051482,27.347486913358825,33.14246942051482,8.408073568750943,8.901425562285363,424.97616818093405,30.151335728025643,381.4220943237453,451.00000000000006,426.04441853864677,451.00000000000006,69.57790567625477,94.70950485292788,0.003235585835183882,0.0016840494340143552,0.0010302779414888,0.0050271465138585,0.0036476071873279684,0.0050271465138585,0.0039968685723697,0.005467165227954931,320.0312238443667,1.897738515316117,317.0,323.0,320.03685045131243,323.0,6.0,-4.6966299190718495,0.8009748695273341,0.5893361714242569,0.0730394798706797,2.7099701382661068,0.99442338295282,2.7099701382661068,2.636930658395427,0.30964417070806083
2642.3196478256723,597.5417036850866,1185.446090915241,3266.6218892241022,2709.042120183527,3266.6218892241022,2081.175798308861,1635.6078583738554,139.42898233709585,44.3174312827983,23.94021308690801,169.5155488164828,146.3026856590942,169.5155488164828,145.5753357295748,126.8755986474685,124.45339460720773,59.24144590744795,0.0,288.02125503529834,137.83394481209064,288.02125503529834,288.02125503529834,89.97867983032093,111.31440611141466,40.97244043227351,21.2600877315502,162.18780715621955,118.61550439513863,162.18780715621955,140.92771942466936,114.07264182800164,5.526448789657264,1.258464741031608,2.477027947963616,6.841596886161367,5.667924640388579,6.841596886161367,4.364568938197751,3.4531562062179244,7.612539706135795,49.58684861316961,-141.32479819352506,159.79255557536732,50.167781654792094,159.79255557536732,301.1173537688924,-27.547118203898595,30.76660933052617,66.16517055984919,-10.903518532921227,300.2467131009985,72.96858258806424,300.2467131009985,311.1502316339197,22.34983276659152,30.71795277422473,66.24589630854894,-10.852431079185184,296.962867646117,73.02130785162998,296.962867646117,307.81529872530217,23.411389683165098,31.641116212041673,68.4530127192044,-10.934416022502138,299.5355738093411,75.41203607833093,299.5355738093411,310.46998983184324,21.987079784628847,31.3256205192945,67.78224341944443,-10.927970827685552,296.16512894103755,74.67079096870249,296.16512894103755,307.0930997687231,22.2399477059641,92.3386157898833,30.544533437211616,33.33430098657232,116.51128151714138,97.25938766457779,116.51128151714138,83.17698053056907,94.72944984610857,681.7823282998438,84.00734400239361,509.3739501973351,748.4056023073914,686.9384084678135,748.4056023073914,239.0316521100563,260.86973262252206,29.15411500029513,3.640587083471456,24.73439585176388,35.73257285996903,29.380542809192153,35.73257285996903,10.998177008205154,12.425871071904764,438.8191168521928,21.904894568117108,381.4903343409962,451.00000000000006,439.36549901076523,451.00000000000006,69.50966565900387,57.573031286130934,0.004011193950636957,0.0013506138033238886,0.0010306133545974,0.0050271465138585,0.004232473810356721,0.0050271465138585,0.0039965331592611,0.003904763939112888,319.36040345111684,1.478875270519155,317.0,323.0,319.3638275768342,323.0,6.0,-2.1716326681540306,0.8563070352343152,0.5508845323310778,0.1168934308400998,2.7099701382661068,1.0182020951429107,2.7099701382661068,2.593076707426007,-0.5689398563686621
2934.6279361339048,193.72299997346644,2110.1044427057236,3266.6218892241022,2941.0150839899243,3266.6218892241022,1156.5174465183786,353.47075975832416,161.23894854665176,16.510996577778528,97.8544345285681,169.5155488164828,162.0821135610627,169.5155488164828,71.6611142879147,36.11369891046681,141.3242877920432,44.20615847673976,0.0,288.02125503529834,148.07680023284837,288.02125503529834,288.02125503529834,10.485389114749585,131.32427235374018,16.100335374992003,65.69865064589159,162.18780715621955,132.30754063327814,162.18780715621955,96.48915651032796,29.49915485925499,6.142412774120919,0.4135072113379215,4.354382796339092,6.841596886161367,6.15631569215812,6.841596886161367,2.4872140898222757,0.7600812750966338,3.857602664182133,44.94600181054295,-141.32479819352506,159.79255557536732,45.11124224700575,159.79255557536732,301.1173537688924,-19.773847019601963,35.10539463507962,70.96193828864503,-10.903518532921227,300.2467131009985,79.17060956040532,300.2467131009985,311.1502316339197,2.3997930417948163,34.80683756781486,70.58193747468023,-10.852431079185184,296.962867646117,78.69768636466968,296.962867646117,307.81529872530217,5.178224034197812,35.914602642491914,72.40252353723659,-10.934416022502138,299.5355738093411,80.82069102357505,299.5355738093411,310.46998983184324,0.7003190408421005,35.497431140853,72.1791234305659,-10.927970827685552,296.16512894103755,80.43564804739542,296.16512894103755,307.0930997687231,2.2071624186548195,107.57292570653871,16.403879358152906,54.6948767861227,116.51510958145649,108.81645832805499,116.51510958145649,61.82023279533379,42.322785104441806,723.907718051036,43.81149657498633,584.6244216289429,748.4267440038449,725.2322603731844,748.4267440038449,163.80232237490202,114.66674652818004,31.570581986871858,3.985123665180279,25.13819074244108,38.06080433423224,31.821107108593466,38.06080433423224,12.922613591791158,13.762495003314628,449.474286357035,5.007405777568846,422.60708263929814,451.00000000000006,449.50217820249446,451.00000000000006,28.392917360701915,8.431710827646736,0.004676134021261016,0.000576226658711117,0.0024570387021093,0.0050271465138585,0.004711503639710373,0.0050271465138585,0.0025701078117492,0.0012231875507064955,318.80428707922465,0.6068362220264416,317.0,319.07294901687516,318.8048646277109,319.07294901687516,2.0729490168751568,1.2837857858984107,0.8271433387843283,0.5304135700118165,0.1611005578697236,2.7099701382661068,0.9826009658798256,2.7099701382661068,2.5488695803963832,-1.0059056228153196
2999.220835573964,21.45331746121056,2864.592689083825,3110.869348371854,2999.2975619919866,3110.869348371854,246.2766592880289,4.665136898502921,168.21264609253495,0.23506241746724293,166.83277762002132,169.5155488164828,168.2128103320093,169.5155488164828,2.6827711964614878,-0.029085544464668493,143.18414205590665,15.485871957153128,51.15574244412171,236.46884793520977,144.01913333498223,236.46884793520977,185.31310549108807,-0.6054231995664718,136.7207994595299,1.9556687660790943,124.72290697976368,147.090291904539,136.73478579050618,147.090291904539,22.36738492477531,0.4321597596151878,6.2813714578832425,0.04510864409678631,5.999588898368517,6.515389527415122,6.281533425978286,6.515389527415122,0.5158006290466055,0.010819041873277957,0.18197113849350322,15.73196109866247,-87.89608417806106,97.2387805730094,15.733013490907387,97.2387805730094,185.13486475107044,-1.0484020010550796,35.71338056344382,69.41240751668218,-10.903518532921227,248.32513810779253,78.06105218693457,248.32513810779253,259.2286566407138,-1.1307382923380949,35.775212952865495,69.46699966295243,-10.852431079185184,233.96089639187468,78.13789032214467,233.96089639187468,244.81332747105986,-0.4291756101425744,35.86981484457183,69.56143450306608,-10.76231651644136,250.43673805638477,78.26516969321804,250.43673805638477,261.1990545728261,0.7925207227051511,35.82573369502552,69.51796312773763,-10.62041628226715,239.3216080639081,78.20633217467991,239.3216080639081,249.94202434617523,0.1619699802090596,115.36071257856497,2.800803612042794,100.84767883309466,116.51535106587008,115.39470745015782,116.51535106587008,15.667672232775416,5.910259056459604,744.8782972916309,8.19546724000753,704.2169669670067,748.4284264246068,744.9233809321341,748.4284264246068,44.211459457600085,17.90015134133533,34.203284432580986,3.759476582076105,27.187672030760837,40.15337773233925,34.40927680360655,40.15337773233925,12.965705701578415,12.96874152174363,451.00000000000006,0.0,451.00000000000006,451.00000000000006,451.00000000000006,451.00000000000006,0.0,0.0,0.004908982702518761,2.3830817152903862e-05,0.0047550917963675,0.0050271465138585,0.004909040545918782,0.0050271465138585,0.00027205471749099965,6.592582990817372e-06,319.0729490168751,5.684341886080802e-14,319.07294901687516,319.07294901687516,319.07294901687516,319.07294901687516,0.0,3.5206944001116885e-14,0.632707916272394,0.20448694434496448,0.1696177939429608,2.2135739783626636,0.6649317391441735,2.2135739783626636,2.0439561844197027,-0.18313577898432032
2999.946643792858,1.6421139535038498,2989.563796509639,3008.340482905032,2999.9470932238573,3008.340482905032,18.77668639539297,0.31668294289057575,168.20854391051958,0.018770389422481274,168.11424535759798,168.3234916861485,168.20854495781333,168.3234916861485,0.20924632855050618,-0.0022519165420817814,143.03807725136215,1.3355462248217747,134.5541743714937,150.13359558525843,143.0443121116155,150.13359558525843,15.579421213764732,0.22841813626239046,136.78939315467863,0.1534616131217701,135.84264132191262,137.55438585547265,136.78947923759324,137.55438585547265,1.7117445335600223,0.01956993318365913,6.283107982086069,0.0035252439538927937,6.261327773701795,6.300653573727479,6.2831089710348484,6.300653573727479,0.03932580002568464,0.0004548658673956223,-0.03442388540260224,1.3671090586387447,-8.925646566655875,7.233696056835145,1.3675423876788337,8.925646566655875,16.15934262349102,0.20839333721134792,35.75479340675867,68.97587166420296,-9.197968147320235,160.55696301003218,77.69218830356492,160.55696301003218,169.75493115735242,-1.3892254558862396,35.757229087793675,68.97940819108965,-9.16371356949586,161.89752879440036,77.69644899498255,161.89752879440036,171.0612423638962,-0.33099015350882227,35.765254815401484,68.99319581277265,-9.211281461520311,161.91617484534785,77.71238331482434,161.91617484534785,171.12745630686817,1.4076967613423157,35.76079994140829,68.98555640063438,-9.19982268859662,162.4015586220469,77.70355078343933,162.4015586220469,171.60138131064352,0.5409369843152203,116.44202037912054,0.1781840037003202,115.5138547779374,116.51536639867228,116.44215671100693,116.51536639867228,1.0015116207348882,0.3755521177663492,748.146288411714,0.6514754039057128,744.9114559700798,748.4285599382958,748.1465720595298,748.4285599382958,3.51710396821602,1.4231988403812048,36.68032331085563,3.388390617667633,30.296557788598797,42.03412964291596,36.83649425728237,42.03412964291596,11.73757185431716,11.68678101156559,451.00000000000006,0.0,451.00000000000006,451.00000000000006,451.00000000000006,451.00000000000006,0.0,0.0,0.004910059250618783,1.8475907236223014e-06,0.004898611041237,0.0049192263031377,0.004910059598230817,0.0049192263031377,2.061526190070065e-05,2.439329585747297e-07,319.0729490168751,5.684341886080802e-14,319.07294901687516,319.07294901687516,319.07294901687516,319.07294901687516,0.0,3.5206944001116885e-14,0.6006845703848376,0.023343132978980552,0.4767385261504152,0.7487801851750571,0.601137966656317,0.7487801851750571,0.2720416590246419,-0.004020959832424838
2999.9993917753236,0.13579476629422194,2999.2091647641982,3000.897312907454,2999.999394848694,3000.897312907454,1.688148143255603,0.0033023056464825838,168.20814781352496,0.0015944541710050442,168.19714423337857,168.21698781246943,168.20814782108192,168.21698781246943,0.01984357909086043,9.611351407843185e-05,143.07190069948913,0.1037236144195919,142.41480682543244,143.6101828928352,143.0719382980208,143.6101828928352,1.1953760674027762,0.023911981484871857,136.79284163282625,0.013019750216807941,136.72060617124612,136.8826271239133,136.79284225242702,136.8826271239133,0.1620209526671772,-0.0007763227216681432,6.283188162412552,0.00029900836855318495,6.281528985734924,6.285249851225253,6.283188169527253,6.285249851225253,0.0037208654903295724,-1.7789761194093324e-05,-0.004129095749680001,0.1071057302195695,-0.6784560141942304,0.5537479383354356,0.10718529226333819,0.6784560141942304,1.232203952529666,0.024706093967750177,35.76807838563452,68.99555284259901,-9.03867000660335,155.7065850964935,77.71577538348804,155.7065850964935,164.74525510309687,-1.4693395757376213,35.76790673066005,68.99525857630177,-9.040060500600552,155.68806103511986,77.71543513295116,155.68806103511986,164.72812153572042,-0.39538642342331154,35.768022552710256,68.99544817012759,-9.037131944802152,155.65000720041138,77.71565675929114,155.65000720041138,164.68713914521354,1.3906028187976112,35.76789303048431,68.99522488062739,-9.039490799845137,155.60057202353178,77.71539891275418,155.60057202353178,164.64006282337692,0.4980351618480748,116.51072246853163,0.01128770110956297,116.4521041474582,116.5153673797119,116.51072301531475,116.5153673797119,0.06326323225370345,0.023784617336710546,748.4061265249555,0.05179730324077603,748.1481395779215,748.4285705172624,748.4061283174051,748.4285705172624,0.2804309393409312,0.11316022515747574,38.912257798898764,3.045998179982598,33.169760521299146,43.724500758111326,39.03129400776273,43.724500758111326,10.55474023681218,10.505725523397256,451.00000000000006,0.0,451.00000000000006,451.00000000000006,451.00000000000006,451.00000000000006,0.0,0.0,0.00491010227711422,1.5663321575095327e-07,0.0049092328854773,0.0049111819613252,0.004910102279612534,0.0049111819613252,1.9490758478993633e-06,-9.278299885189938e-09,319.0729490168751,5.684341886080802e-14,319.07294901687516,319.07294901687516,319.07294901687516,319.07294901687516,0.0,3.5206944001116885e-14,0.6000885065367361,0.0018118660827478555,0.5906941810767579,0.6115771569977011,0.6000912418425987,0.6115771569977011,0.020882975920943236,-0.00041740311702990584
3000.0002800176762,0.011450506969404469,2999.9398413982813,3000.0753862158517,3000.000280039528,3000.0753862158517,0.13554481757046233,-0.0016961732674432366,168.2081589370857,0.0001306227274305676,168.20732133781436,168.2088350368676,168.20815893713646,168.2088350368676,0.0015136990532482741,2.60444290670195e-05,143.0757134651647,0.00814604909599806,143.0251705361622,143.1161559823082,143.07571369706332,143.1161559823082,0.09098544614599291,0.00111298176873698,136.79275233394125,0.0010666829774396707,136.7872308817186,136.79959194233717,136.79275233810014,136.79959194233717,0.01236106061855935,-0.0002126272051047066,6.283186118634647,2.4497470501179012e-05,6.28305931129878,6.283343195700854,6.283186118682403,6.283343195700854,0.0002838844020738307,-4.882948908013148e-06,-0.00022498741117437355,0.008328910189018233,-0.0519312360599908,0.0421949058223374,0.00833194840790068,0.0519312360599908,0.09412614188232821,0.0013304919227635351,35.76897035455858,68.9971323984265,-9.026764556505956,155.19698661710098,77.71758822448935,155.19698661710098,164.22375117360693,-1.4746760612786805,35.76893593804378,68.99707738477238,-9.026688510059843,155.19352624399033,77.71752354379383,155.19352624399033,164.22021475405018,-0.40154335645814343,35.76889603903657,68.99700472700198,-9.026771732939622,155.19921126512443,77.71744067549665,155.19921126512443,164.22598299806407,1.3853831948647555,35.7689111335258,68.99703243595407,-9.026628807583988,155.19923130573238,77.71747222244277,155.19923130573238,164.22586011331637,0.49194920464093744,116.5150734613572,0.0007143040440699764,116.51138532561558,116.51536744264536,116.51507346354674,116.51536744264536,0.003982117029778465,0.0015053281444928574,748.4267864846219,0.004119841029039859,748.4061995547885,748.4285713561039,748.426786495961,748.4285713561039,0.022371801315443918,0.008999329984802353,40.91861921185731,2.737702205281164,35.75710633857466,45.24376247903376,41.010101335765796,45.24376247903376,9.486656140459104,9.442397113371198,451.00000000000006,0.0,451.00000000000006,451.00000000000006,451.00000000000006,451.00000000000006,0.0,0.0,0.004910101213833127,1.2833115045471357e-08,0.0049100347836376,0.0049101834977584,0.004910101213849897,0.0049101834977584,1.487141207999823e-07,-2.5576917013700053e-09,319.0729490168751,5.684341886080802e-14,319.07294901687516,319.07294901687516,319.07294901687516,319.07294901687516,0.0,3.5206944001116885e-14,0.6000219058580194,0.0001424167275523643,0.5993144434256052,0.6009048862811093,0.6000219227595057,0.6009048862811093,0.0015904428555040262,-1.9192701935697303e-05
3000.000034547033,0.0008984889583466763,2999.9953633163364,3000.0057174903477,3000.000034547168,3000.0057174903477,0.01035417401135419,-0.00020677836592683673,168.20816289206905,1.0038160268073662e-05,168.20809941574274,168.20821504452115,168.20816289206934,168.20821504452115,0.00011562877841697627,2.2248571451407404e-06,143.07590778173554,0.0006894983937575688,143.07204258490916,143.08067196174036,143.07590778339693,143.08067196174036,0.008629376831208901,-3.4406707204132395e-05,136.79272004697756,8.19738704844538e-05,136.79229415638775,136.79323840695474,136.79272004700215,136.79323840695474,0.000944250566988103,-1.816836113261686e-05,6.283185377177142,1.882618230414641e-06,6.283175596132029,6.283197281863369,6.283185377177425,6.283197281863369,2.1685731339537995e-05,-4.1725450931335873e-07,2.3575808192475853e-06,0.0007002546322044493,-0.0039950684818759,0.0048221598733473,0.0007002586008833505,0.0048221598733473,0.008817228355223201,-1.582109164968969e-05,35.768980857365236,68.9971554138929,-9.025752834535536,155.16278471232198,77.71761349130227,155.16278471232198,164.1885375468575,-1.4747348047678421,35.768978218482005,68.99715132714836,-9.025813268063908,155.16226831502215,77.71760864859168,155.16226831502215,164.18808158308605,-0.40179292581016923,35.76897310642088,68.99714216151075,-9.025770478504343,155.16043640805182,77.7175981586126,155.16043640805182,164.18620688655616,1.3849262495243975,35.76897559946741,68.99714664278208,-9.025799020902236,155.1612002524369,77.71760328446105,155.1612002524369,164.18699927333915,0.4915670743463702,116.51534884782511,4.516543670487592e-05,116.51511667888389,116.51536744665152,116.51534884783386,116.51536744665152,0.000250767767639104,9.522739261728439e-05,748.4284294628312,0.0003277612620016284,748.4267894482582,748.4285714227931,748.428429462903,748.4285714227931,0.0017819745348788274,0.0007157933875177225,42.72190739614879,2.460578140636353,38.08285476248353,46.609235509598655,42.792707513679126,46.609235509598655,8.526380747115127,8.486589429618727,451.00000000000006,0.0,451.00000000000006,451.00000000000006,451.00000000000006,451.00000000000006,0.0,0.0,0.004910100825464852,9.862226507342913e-10,0.004910095701587,0.0049101070618082,0.004910100825464952,0.0049101070618082,1.1360221200372445e-08,-2.1858014953922272e-10,319.0729490168751,5.684341886080802e-14,319.07294901687516,319.07294901687516,319.07294901687516,319.07294901687516,0.0,3.5206944001116885e-14,0.6000185485189468,1.2059212740126248e-05,0.5999352480850141,0.60008601659741,0.6000185486401303,0.60008601659741,0.0001507685123959268,6.264154294519358e-07
3000.000001947581,6.971438552540453e-05,2999.9996455550295,3000.000433598691,3000.0000019475824,3000.000433598691,0.0007880436614868813,-1.1525655572623938e-05,168.2081632527561,8.054377209006766e-07,168.20815842315702,168.20816786495544,168.2081632527561,168.20816786495544,9.441798425768866e-06,7.321514610515464e-08,143.07590413642052,5.672201225832474e-05,143.07561112181614,143.07626853510547,143.07590413643175,143.07626853510547,0.0006574132893319984,-1.1019728072995296e-05,136.7927171015846,6.577390971301091e-06,136.79267943728274,136.7927565411967,136.79271710158477,136.7927565411967,7.71039139522145e-05,-5.978894104303752e-07,6.283185309533288,1.510568944078419e-07,6.283184444531814,6.283186215306561,6.283185309533291,6.283186215306561,1.7707747463902024e-06,-1.37311702515756e-08,1.725302611275148e-06,5.8222821708801085e-05,-0.0003048139520229,0.0003743980267287,5.8248378834396e-05,0.0003743980267287,0.0006792119787516,-1.04081073742177e-05,35.7689761875825,68.99714751300218,-9.025694230961465,155.1581668678722,77.71760432771217,155.1581668678722,164.1838610988337,-1.474706419460099,35.76897612379234,68.99714742529986,-9.025692610656032,155.15823994496097,77.7176042204917,155.15823994496097,164.183932555617,-0.4017800279727955,35.768975825574174,68.99714689788694,-9.025695012634753,155.15823526523823,77.71760361500539,155.15823526523823,164.18393027787297,1.3849103917704515,35.76897599947148,68.99714720670553,-9.0256944702743,155.15826293382744,77.71760396920739,155.15826293382744,164.18395740410173,0.49156503593437434,116.51536627047248,2.854854851088491e-06,116.51535156870423,116.51536744690208,116.51536627047253,116.51536744690208,1.5878197842766895e-05,6.022755988952135e-06,748.4285601375634,2.607356861107557e-05,748.4284298731842,748.4285714281103,748.4285601375639,748.4285714281103,0.0001415549261309934,5.693148512320485e-05,44.342657473259614,2.211503965544369,40.17319612224557,47.836487253720975,44.39777045731514,47.836487253720975,7.663291131475404,7.627526958761542,451.00000000000006,0.0,451.00000000000006,451.00000000000006,451.00000000000006,451.00000000000006,0.0,0.0,0.004910100790029429,7.913223164661929e-11,0.0049101003368922,0.0049101012645252,0.004910100790029429,0.0049101012645252,9.276330007954026e-10,-7.193168247986982e-12,319.0729490168751,5.684341886080802e-14,319.07294901687516,319.07294901687516,319.07294901687516,319.07294901687516,0.0,3.5206944001116885e-14,0.6000186162510914,9.91206878297425e-07,0.600012250090912,0.6000237263256333,0.6000186162519102,0.6000237263256333,1.147623472130821e-05,1.9364482934024983e-07
2999.9999999874053,5.848391692929183e-06,2999.999959870511,3000.0000334519636,2999.9999999874053,3000.0000334519636,7.358145285252249e-05,8.974052866998288e-08,168.20816326636984,6.848676988053644e-08,168.20816289173644,168.20816372683632,168.20816326636984,168.20816372683632,8.350998825790157e-07,-6.514974573518677e-09,143.07590247050894,4.364843506352026e-06,143.07587986736786,143.07593019578496,143.07590247050902,143.07593019578496,5.0328417103173706e-05,-9.794946599029612e-07,136.792716990412,5.592788523427485e-07,136.7927132301358,136.7927200497552,136.792716990412,136.7927200497552,6.819619386533304e-06,5.32034663245038e-08,6.283185306980092,1.2844443565104987e-08,6.283185220621282,6.283185377241215,6.283185306980092,6.283185377241215,1.5661993302273913e-07,1.2218767954647622e-09,1.7311684848131393e-07,4.504908510547671e-06,-2.3063429916980734e-05,2.8829514782557908e-05,4.508233593286059e-06,2.8829514782557908e-05,5.1892944699538646e-05,-1.0339199678142264e-06,35.76897560887491,68.99714649885838,-9.025685845470544,155.15791547831495,77.71760316101631,155.15791547831495,164.1836013237855,-1.4747029350404608,35.76897561912096,68.99714651593678,-9.02568591216648,155.15791429179777,77.71760318089407,155.15791429179777,164.18360020396426,-0.4017769907588409,35.768975619888984,68.99714651810746,-9.025685748563909,155.15791275933756,77.71760318317467,155.15791275933756,164.18359850790148,1.3849116402148558,35.76897562262407,68.99714652261322,-9.025685876631982,155.15790954771418,77.71760318843366,155.15790954771418,164.18359542434615,0.49156730608979904,116.51536737248445,1.805771035014889e-07,116.5153664329178,116.51536744691748,116.51536737248445,116.51536744691748,1.0139996788893768e-06,3.810405300908079e-07,748.4285705306997,2.073427205667569e-06,748.4285602078405,748.4285714285345,748.4285705306997,748.4285714285345,1.1220693977520568e-05,4.527270646220165e-06,45.79934569597661,1.9876424148574432,42.05194190094976,48.93950929056367,45.84245617927678,48.93950929056367,6.887567389613913,6.855423429312385,451.00000000000006,0.0,451.00000000000006,451.00000000000006,451.00000000000006,451.00000000000006,0.0,0.0,0.0049101007886919205,6.72865412332585e-12,0.0049101007434522,0.0049101008254987,0.00491010078869192,0.0049101008254987,8.20465006698412e-11,6.400850843362237e-13,319.0729490168751,5.684341886080802e-14,319.07294901687516,319.07294901687516,319.07294901687516,319.07294901687516,0.0,3.5206944001116885e-14,0.6000186455532206,7.625127780598087e-08,0.6000181615781633,0.6000190407575516,0.6000186455532255,0.6000190407575516,8.791793882911847e-07,1.707000373255802e-08
2999.9999999859183,4.875022470685689e-07,2999.999996875146,3000.0000025596783,2999.9999999859183,3000.0000025596783,5.684532425220823e-06,8.499632255194438e-08,168.2081632655042,5.5188317168507715e-09,168.2081632367213,168.20816330020244,168.20816326550423,168.20816330020244,6.348113856802229e-08,-1.1893961891897317e-09,143.07590231228167,3.4857964577373733e-07,143.07590038169909,143.0759044124266,143.07590231228167,143.0759044124266,4.030727524195754e-06,-3.512415487229826e-08,136.79271699748088,4.5068070885782725e-08,136.79271671412698,136.7927172325287,136.79271699748088,136.7927172325287,5.184017197734647e-07,9.713173366580136e-09,6.2831853071424355,1.035036960896591e-09,6.283185300634907,6.283185312540564,6.2831853071424355,6.283185312540564,1.1905656904787065e-08,2.2307779849307683e-10,7.658344719274624e-09,3.553745578117448e-07,-1.761609724759694e-06,2.2017612284486177e-06,3.55457067145573e-07,2.2017612284486177e-06,3.963370953208312e-06,-4.5060520915340677e-08,35.76897557611293,68.99714643959588,-9.02568521675017,155.15788868037097,77.71760309332501,155.15788868037097,164.18357389712114,-1.4747027395301482,35.76897557764852,68.99714644203394,-9.025685208589389,155.15788871818967,77.71760309619623,155.15788871818967,164.18357392677905,-0.401776743071547,35.76897557967792,68.99714644571179,-9.025685217575097,155.1578889802339,77.71760310039542,155.1578889802339,164.183574197809,1.384911880064798,35.76897557884228,68.9971464441894,-9.02568521057131,155.1578889985286,77.71760309865927,155.1578889985286,164.1835742090999,0.49156756741256197,116.51536744220529,1.1442114149197631e-08,116.515367381794,116.51536744691832,116.51536744220529,116.51536744691832,6.512432548788638e-08,2.4129624778797476e-08,748.4285713571853,1.64816403569688e-07,748.4285705392616,748.4285714285685,748.4285713571854,748.4285714285685,8.8930687525135e-07,3.5993368550658637e-07,47.108579294667315,1.7864414503324906,43.74050995386278,49.93087688860229,47.14243965067384,49.93087688860229,6.190366934739515,6.161476773647106,451.00000000000006,0.0,451.00000000000006,451.00000000000006,451.00000000000006,451.00000000000006,0.0,0.0,0.004910100788776963,5.422114262278106e-13,0.0049101007853679,0.0049101007916048,0.004910100788776964,0.0049101007916048,6.236899885436742e-12,1.16859913965133e-13,319.0729490168751,5.684341886080802e-14,319.07294901687516,319.07294901687516,319.07294901687516,319.07294901687516,0.0,3.5206944001116885e-14,0.6000186483127448,6.095455804131952e-09,0.6000186116830409,0.6000186823187541,0.6000186483127448,0.6000186823187541,7.06357131674551e-08,6.01684403781525e-10
2999.999999998544,3.77886326635378e-08,2999.999999758685,3000.0000001942453,2999.999999998544,3000.0000001942453,4.3556019591051154e-07,8.700340001556005e-09,168.20816326532082,4.234956867829573e-10,168.20816326313692,168.20816326800096,168.20816326532085,168.20816326800096,4.864034508500481e-09,-8.736603153877155e-11,143.0759023058626,2.963496772015155e-08,143.07590210477937,143.07590246808908,143.0759023058626,143.07590246808908,3.633097094279947e-07,2.552591457440977e-09,136.79271699897842,3.4583662460476694e-09,136.79271697709174,136.79271701681273,136.79271699897842,136.79271701681273,3.9720987388136564e-08,7.141200486466544e-10,6.283185307176828,7.94251301166851e-11,6.283185306674177,6.283185307586413,6.283185307176828,6.283185307586413,9.122356203761228e-10,1.6398734385520225e-11,-2.926540325631778e-10,3.0135521857790235e-08,-2.080166234819103e-07,1.6675889469297545e-07,3.013694284469028e-08,2.080166234819103e-07,3.7477551817488575e-07,1.822038528017075e-09,35.76897557630888,68.99714643973718,-9.025685164322304,155.15788699729424,77.71760309354063,155.15788699729424,164.18357216161655,-1.474702740901177,35.76897557640982,68.99714643989215,-9.025685165000326,155.15788700149534,77.71760309372466,155.15788700149534,164.18357216649565,-0.40177673582457163,35.768975576626524,68.99714644027978,-9.025685164590788,155.15788697044712,77.71760309416855,155.15788697044712,164.1835721350379,1.3849118981248998,35.76897557651738,68.99714644008407,-9.025685165083743,155.15788698360782,77.71760309394456,155.15788698360782,164.18357214869155,0.4915675811533569,116.51536744661972,7.26403519838731e-10,116.51536744275204,116.51536744691832,116.51536744661972,116.51536744691832,4.166281541984063e-09,1.529530475184522e-09,748.4285714228961,1.3098633074133401e-08,748.4285713579455,748.4285714285693,748.4285714228961,748.4285714285693,7.062374152155826e-08,2.8611275111947652e-08,48.28528449642213,1.6056072413244482,45.25815112896253,50.821892372983775,48.31197236207416,50.821892372983775,5.563741244021244,5.537775516328871,451.00000000000006,0.0,451.00000000000006,451.00000000000006,451.00000000000006,451.00000000000006,0.0,0.0,0.004910100788794975,4.1606809981172186e-14,0.0049101007885317,0.0049101007890095,0.004910100788794975,0.0049101007890095,4.778000911587199e-13,8.564824038845926e-15,319.0729490168751,5.684341886080802e-14,319.07294901687516,319.07294901687516,319.07294901687516,319.07294901687516,0.0,3.5206944001116885e-14,0.6000186484230751,5.182485867197456e-10,0.6000186455861136,0.6000186519333502,0.6000186484230752,0.6000186519333502,6.3472366251815515e-09,-4.5624417429509866e-11
2999.94286385475,0.12093709371348971,2999.5011742669262,3000.000000014704,2999.942866292427,3000.000000014704,0.49882574777757327,-0.27527785171654184,167.33232443467085,2.0915045923473565,159.44686290614138,168.20816326551252,167.34539489382354,168.20816326551252,8.761300359371148,-4.548997676311735,143.069382392798,0.03160134741277204,142.8655083300959,143.1997032227403,143.06938588287088,143.1997032227403,0.3341948926444047,-0.03008054841269286,136.78756095942907,0.01098700539500587,136.74723029617846,136.79271700088233,136.7875614006764,136.79271700088233,0.04548670470387606,-0.024902137097541178,6.283066886970408,0.0002523426252758853,6.282140569007289,6.2831853072205535,6.283066892037741,6.2831853072205535,0.001044738213264118,-0.0005719341072271929,-0.0012454536015036371,0.029843808396692796,-0.1930237735657929,0.1529295946089286,0.029869784972309556,0.1930237735657929,0.3459533681747215,-0.004606477207818608,35.76794398930589,68.969487323483,-9.025685161072468,155.2236320329319,77.69257364051089,155.2236320329319,164.24931719400436,-1.4787734767859269,35.76731836295725,68.96921962778507,-9.02568516104518,155.22865712408245,77.6920479775298,155.22865712408245,164.25434228512762,-0.4094225713413213,35.766987531329285,68.9683463941957,-9.025685161054838,155.19815226363846,77.69112047985944,155.19815226363846,164.2238374246933,1.3752635444425503,35.76713250920558,68.96874641485172,-9.025685160992415,155.21302218859728,77.69154233227188,155.21302218859728,164.2387073495897,0.48285195527196995,116.2507916319373,0.7025673998292208,113.18500215111088,116.51536744691832,116.2529146129395,116.51536744691832,3.3303652958074395,-1.4087320124301312,747.7816138756573,1.7238582856684914,740.2104723242584,748.4285714285693,747.7836008751943,748.4285714285693,8.218099104310909,-3.447134183927949,49.33564168976185,1.4326933486664573,46.62216765496208,51.512660579746395,49.35643981459644,51.512660579746395,4.8904929247843185,4.93813945715157,451.00000000000006,0.0,451.00000000000006,451.00000000000006,451.00000000000006,451.00000000000006,0.0,0.0,0.004888624628654595,5.123527866737632e-05,0.0046956254122876,0.0049101007888179,0.004888893107204166,0.0049101007888179,0.00021447537653029956,-0.00011151625840284718,318.98792023705295,0.20158702690513608,318.2442777379235,319.07294901687516,318.98798393433236,319.07294901687516,0.8286712789516741,-0.44078735816737813,0.584801413514045,0.036456931582927676,0.4468814219503136,0.6000186486813236,0.5859366869453281,0.6000186486813236,0.15313722673101,-0.0791011116041682
2999.8798222158616,0.1528075002666383,2999.5011742669262,3000.00000000174,2999.8798261077063,3000.00000000174,0.4988257348136358,-0.4418573002454792,164.68590643047864,5.390633192344646,150.593904061276,168.2081632653218,164.77410810877655,168.2081632653218,17.614259204045794,-15.482004532154622,143.06335456731568,0.03272513294738519,142.8655083300959,143.1997032227403,143.06335831018302,143.1997032227403,0.3341948926444047,-0.04348023759927296,136.7818188690698,0.013915710445375972,136.74723029617846,136.79271699925718,136.781819576938,136.79271699925718,0.04548670307872271,-0.040190066980676654,6.282935006725551,0.0003196068865169772,6.282140569007289,6.28318530718323,6.282935014854598,6.28318530718323,0.0010447381759410845,-0.0009230566516219938,-0.0013993084796673537,0.02993111050325758,-0.1930237735657929,0.1529295946089286,0.029963802164937027,0.1930237735657929,0.3459533681747215,-0.0023671139669332202,35.767008479425684,68.8901097089028,-9.02568516075795,155.2236320329319,77.6216858311643,155.2236320329319,164.24931719368985,-1.4788360632220534,35.76579220395618,68.88967129297974,-9.025685160761366,155.22865712408245,77.62073629405592,155.22865712408245,164.2543422848438,-0.41285077405691833,35.765119243012215,68.88788529879032,-9.025685160762334,155.19815226363846,77.61884111094531,155.19815226363846,164.22383742440078,1.3697667770487787,35.76543464092162,68.88874060514884,-9.025685160763596,155.21302218859728,77.6197455369284,155.21302218859728,164.23870734936088,0.47843982263087187,115.08740056207397,2.3886373972406534,108.21606820048392,116.51536744691832,115.11218596113427,116.51536744691832,8.299299246434401,-6.547018648925527,744.8779116262822,5.967548122980234,727.5902517511787,748.4285714285693,744.9018155833234,748.4285714285693,20.838319677390587,-16.312820090436364,50.23306750984901,1.2205871655871574,47.84811033055736,51.88628569472462,50.24789452780927,51.88628569472462,4.038175364167259,4.183348092939179,451.00000000000006,0.0,451.00000000000006,451.00000000000006,451.00000000000006,451.00000000000006,0.0,0.0,0.004823880999015236,0.000131875250566502,0.0044792942432076,0.0049101007887983,0.004825683265028094,0.0049101007887983,0.00043080654559069995,-0.0003788609128246188,318.75147297255916,0.48109996853168957,317.57850073026077,319.07294901687516,318.75183604076045,319.07294901687516,1.4944482866143858,-1.396384632072833,0.538589959396229,0.09415077856457461,0.2923113106584069,0.6000186484360349,0.5467572710689336,0.6000186484360349,0.30770733777762804,-0.27020655340934846
2999.8796303179083,0.16009104571140065,2999.5011742669262,3000.2685339782774,2999.8796345896035,3000.2685339782774,0.7673597113512187,-0.15435396679849633,161.1446910027653,7.367062698420093,150.49935694814155,168.20816326530732,161.31300335428375,168.20816326530732,17.708806317165767,-24.009380418961772,143.06477269292594,0.047581259567284546,142.8655083300959,143.29161042842634,143.06478060534266,143.29161042842634,0.426102098330432,-0.008035264241059931,136.78173596618663,0.014595075538327952,136.74723029617846,136.81720709011648,136.7817367448587,136.81720709011648,0.06997679393802514,-0.014365438499275313,6.2829331018820795,0.00033520795482107514,6.282140569007289,6.283747723428517,6.282933110824111,6.283747723428517,0.001607154421227719,-0.00032993830466283624,0.0001036248572378078,0.04619009525072712,-0.1930237735657929,0.2239535232813096,0.04619021148882393,0.2239535232813096,0.4169772968471025,0.006660112562943314,35.76728549539992,68.7867102424663,-9.025685160740052,155.2236320329319,77.53006009084774,155.2236320329319,164.24931719367194,-1.4704258678086686,35.766155717682906,68.78641466956316,-9.025685160740569,155.22865712408245,77.52927665027345,155.22865712408245,164.25434228482303,-0.40393996579121505,35.765499942811076,68.78466219107675,-9.025685160739815,155.19815226363846,77.52741927150525,155.19815226363846,164.22383742437827,1.378783631636614,35.76583153703205,68.78554474278084,-9.025685160739814,155.21302218859728,77.52835527145189,155.21302218859728,164.2387073493371,0.4875469377220689,113.18003620691735,3.85413546728098,106.47359643007204,116.51536744691832,113.24563989840526,116.51536744691832,10.041771016846283,-12.325031176961046,740.0484928596376,9.74382966006038,722.8390104091486,748.4285714285693,740.112636022562,748.4285714285693,25.58956101942067,-31.113063011206556,50.949623267592024,0.9496071250475167,48.949955810560766,52.076388689757785,50.95847196297683,52.076388689757785,3.1264328791970186,3.1968574451352607,451.00000000000006,0.0,451.00000000000006,451.00000000000006,451.00000000000006,451.00000000000006,0.0,0.0,0.004737351667699858,0.00018005361246695555,0.0044771302430876,0.0049101007887966,0.004740772102392291,0.0049101007887966,0.0004329705457090001,-0.000586856936917961,318.45147297255915,0.6313252356207419,317.57294901687516,319.07294901687516,318.45209876831666,319.07294901687516,1.5,-2.0635078792203725,0.4765938054241587,0.12892683054858464,0.2863883570496162,0.6000186484172322,0.4937243998467002,0.6000186484172322,0.313630291367616,-0.42003511341115596
2999.8795320712047,0.16006055500992197,2999.5011742669262,3000.2685339782774,2999.879536341273,3000.2685339782774,0.7673597113512187,0.13356503720131488,157.6034669840027,7.376178396992596,150.49935694814155,168.20816326530624,157.77598300477132,168.20816326530624,17.708806317164687,-24.05483157640394,143.06466129175254,0.04764260461536134,142.8655083300959,143.29161042842634,143.06466922459106,143.29161042842634,0.426102098330432,0.018214400553408283,136.78173166593268,0.014596148002073891,136.74723029617846,136.81720709011648,136.78173244471918,136.81720709011648,0.06997679393802514,0.011917657426358011,6.282933003116819,0.0003352325758541229,6.282140569007289,6.283747723428517,6.282933012060163,6.283747723428517,0.001607154421227719,0.0002737149315650925,-3.377296956648568e-06,0.04628574345080084,-0.1930237735657929,0.2239535232813096,0.04628574357401517,0.2239535232813096,0.4169772968471025,0.006023028195497566,35.767251371635865,68.68259335810947,-9.025685160738265,155.2236320329319,77.43768398575213,155.2236320329319,164.24931719367018,-1.4638870779316033,35.76612353661427,68.68229979636484,-9.025685160738307,155.22865712408245,77.43690268957103,155.22865712408245,164.25434228482075,-0.39740651204251515,35.7654815932521,68.68056892838523,-9.025685160738304,155.19815226363846,77.4350710074184,155.19815226363846,164.22383742437677,1.3854003449245853,35.7658047902503,68.68143802000574,-9.025685160738336,155.21302218859728,77.43599112034521,155.21302218859728,164.2387073493356,0.49410764560289305,111.15601617264736,4.211841644920317,106.36330832489102,116.51536744691832,111.2357835474526,116.51536744691832,10.152059122027296,-14.0359928070311,734.8779608583558,10.734197505985248,722.4612051896607,748.4285714285693,734.9563526845881,748.4285714285693,25.96736623890854,-35.82354268576703,51.4917680589094,0.6590646228735937,49.940265949828145,52.23822312022822,51.49598570771945,52.23822312022822,2.2979571704000747,2.1664742524104708,451.00000000000006,0.0,451.00000000000006,451.00000000000006,451.00000000000006,451.00000000000006,0.0,0.0,0.004650823183743373,0.00018020149392718982,0.0044771302430876,0.0049101007887964,0.00465431293155697,0.0049101007887964,0.0004329705457088006,-0.000587594274957655,318.1514729725591,0.621036171685658,317.57294901687516,319.07294901687516,318.1520791076739,319.07294901687516,1.5,-2.0120682521158884,0.4146243311519419,0.12917371196642635,0.2863883570496162,0.6000186484157796,0.43428007535043617,0.6000186484157796,0.3136302913661634,-0.42126870339487127
2999.8795451787846,0.1600707138969353,2999.5011742669262,3000.2685339782774,2999.8795494493947,3000.2685339782774,0.7673597113512187,0.4221604992855713,154.06224237806867,5.427879122027585,150.49935694814155,168.20816326530613,154.15782950704164,168.20816326530613,17.708806317164573,-15.618311540850017,143.06466548494302,0.047644168471121975,142.8655083300959,143.29161042842634,143.0646734183021,143.29161042842634,0.426102098330432,0.04515307146306296,136.7817327259141,0.014596972924618873,136.74723029617846,136.81720709011648,136.78173350478863,136.81720709011648,0.06997679393802514,0.03823391775996081,6.282933027460405,0.0003352515211657927,6.282140569007289,6.283747723428517,6.282933036404761,6.283747723428517,0.001607154421227719,0.0008781298582728671,-2.684314795788068e-07,0.04628635615126116,-0.1930237735657929,0.2239535232813096,0.04628635615203952,0.2239535232813096,0.4169772968471025,0.006041023844934721,35.76725368260827,68.57838235238614,-9.01250881081443,155.2236320329319,77.34527110344965,155.2236320329319,164.23614084374634,-1.4571310721783348,35.76612504891646,68.57808710795928,-9.025685160738108,155.22865712408245,77.34448740796968,155.22865712408245,164.25434228482055,-0.3906720626204931,35.76548132437894,68.57635044033168,-9.01647163013292,155.19815226363846,77.34264990339857,155.19815226363846,164.21462389377137,1.3921245202666919,35.76580542903935,68.57722247106835,-9.02093480012719,155.21302218859728,77.3435729704434,155.21302218859728,164.23395698872446,0.5008316859952078,109.12461261812953,3.53157215629446,106.35632672242622,116.51536744691832,109.1817433500306,116.51536744691832,10.159040724492101,-10.930743047882668,729.6803040526111,9.078695279357051,722.4311667922249,748.4285714285693,729.736780510813,748.4285714285693,25.997404636344413,-28.267019318851876,51.87655267108424,0.4060772841942698,50.83033101769296,52.383104463847246,51.87814198481395,52.383104463847246,1.5527734461542835,1.3380611353703882,451.00000000000006,0.0,451.00000000000006,451.00000000000006,451.00000000000006,451.00000000000006,0.0,0.0,0.004564294757494662,0.00013248202276705485,0.0044771302430876,0.0049101007887964,0.004566217046927326,0.0049101007887964,0.0004329705457088006,-0.00038107751305497254,317.8514729725592,0.4390903095632727,317.57294901687516,319.07294901687516,317.8517762591951,319.07294901687516,1.5,-1.2420657507600845,0.3526528280212134,0.09523333269177442,0.2863883570496162,0.6000186484156347,0.3652853744224394,0.6000186484156347,0.3136302913660185,-0.27407982838998785
2999.936680382984,0.13502705079703564,2999.665549488735,3000.2685339782774,2999.9366834217653,3000.2685339782774,0.6029844895424503,0.3016842592128918,151.39685672985078,2.1233913942977756,150.49935694814155,159.35824673689967,151.41174663378118,159.35824673689967,8.85888978875812,-4.639906028814142,143.071185619034,0.036507967616058914,142.90440363929028,143.29161042842634,143.07119027696586,143.29161042842634,0.38720678913605866,0.024066329754130467,136.7868886657097,0.012347363237243317,136.76221843647812,136.81720709011648,136.7868892229904,136.81720709011648,0.05498865363836103,0.027696342694769994,6.2830514453758735,0.00028358334432886795,6.2824848356668,6.283747723428517,6.2830514517755915,6.283747723428517,0.0012628877617171241,0.0006361121600622478,0.0012455079483660806,0.035336549875831486,-0.1794318342900807,0.2239535232813096,0.03535849328204709,0.2239535232813096,0.40338535757139027,-0.0042661251007433424,35.76828521355771,68.50186786531452,-8.73832781639625,154.70587006926175,77.27791487970818,154.70587006926175,163.444197885658,-1.4586726758981259,35.767782289931816,68.50184196610202,-8.74716115846386,154.69856928192343,77.27765914343405,154.69856928192343,163.44573044038728,-0.3961473957749171,35.76746952176407,68.50098280712388,-8.74130087142414,154.6799098440643,77.27675278848228,154.6799098440643,163.42121071548843,1.3846908124737936,35.767648593780365,68.50145294343692,-8.744250635629019,154.6897049574339,77.27725241809559,154.6897049574339,163.4339555930629,0.4941955889534063,107.35731753917658,1.8177667779548152,106.35588494337402,113.1374230766675,107.37270558790362,113.1374230766675,6.7815381332934805,-4.721705681002526,725.1274479295795,4.772625187430031,722.4287777758196,740.0907973746694,725.1431539303427,740.0907973746694,17.662019598849724,-12.571222611265684,52.12710271836681,0.26063099830735165,51.51794570745624,52.51328391837261,52.127754280502465,52.51328391837261,0.9953382109163655,0.8888964966677891,451.00000000000006,0.0,451.00000000000006,451.00000000000006,451.00000000000006,451.00000000000006,0.0,0.0,0.004499242478902516,5.175249893823978e-05,0.0044771302430876,0.0046934706137854,0.004499540110400974,0.0046934706137854,0.00021634037069780034,-0.00011299034780179695,317.6365017523813,0.15347983679957816,317.57294901687516,318.23664424312256,317.63653883259536,318.23664424312256,0.6636952262473983,-0.33102175737125655,0.3058986306017307,0.037339950432385235,0.2863883570496162,0.4453453762998055,0.3081691809741965,0.4453453762998055,0.1589570192501893,-0.08159720331795314
2999.9997220499954,0.04836412808954957,2999.665549488735,3000.2685339782774,2999.9997224398435,3000.2685339782774,0.6029844895424503,0.0017909048282577055,150.50205024368373,0.0005056715151367324,150.49935694814155,150.5053814735726,150.5020502445332,150.5053814735726,0.0060245254310586915,-5.758084018520384e-05,143.07721339060393,0.0341487078607404,142.90440363929028,143.29161042842634,143.07721746579594,143.29161042842634,0.38720678913605866,-0.007809703727140931,136.79263076121015,0.004615431655815309,136.76221843647812,136.81720709011648,136.7926308390733,136.81720709011648,0.05498865363836103,0.000526616957494874,6.283183325738803,0.00010599923046962021,6.2824848356668,6.283747723428517,6.283183326632924,6.283747723428517,0.0012628877617171241,1.209928227272654e-05,0.0013993036549814965,0.03525109378086275,-0.1794318342900807,0.2239535232813096,0.0352788557561895,0.2239535232813096,0.40338535757139027,-0.008348419966849794,35.76922071517942,68.47732626910685,-8.462338426510948,154.48591936716386,77.25659430454421,154.48591936716386,162.9482577936748,-1.4630715277935873,35.76930843577972,68.47747176367702,-8.463036972455908,154.48927839298284,77.2567638794114,154.48927839298284,162.95231536543875,-0.40427110079934203,35.769337793483764,68.4775295009738,-8.462497933976307,154.45475252838634,77.25682864796538,154.45475252838634,162.91725046236263,1.3745387068177388,35.76934644616104,68.47754226232819,-8.463081196972173,154.46578883369074,77.25684396527232,154.46578883369074,162.92887003066292,0.4849942180480717,106.48880813520108,0.3229295466686755,106.3558569738334,108.16547551746385,106.48929777939085,108.16547551746385,1.8096185436304495,-0.6807387681733186,722.8311649955218,0.9293797881578909,722.4285878375395,727.4610665744176,722.8317624700604,727.4610665744176,5.032478736878147,-2.029856229788955,52.296376860381194,0.21213792544815752,51.88848971572776,52.63028354616671,52.29680712263826,52.63028354616671,0.7417938304389509,0.7313861942535766,451.00000000000006,0.0,451.00000000000006,451.00000000000006,451.00000000000006,451.00000000000006,0.0,0.0,0.00447745767093835,4.9684148161484374e-08,0.0044771302430876,0.0044777221895568,0.0044774576712140095,0.0044777221895568,5.919464692001955e-07,5.675726753057017e-09,317.5729490168751,5.684341886080802e-14,317.57294901687516,317.57294901687516,317.5729490168751,317.57294901687516,0.0,1.4082777600446754e-13,0.29013865708586706,0.0005967613207913646,0.2863883570496162,0.2931621781365824,0.2901392707988085,0.2931621781365824,0.006773821086966225,0.0001360864080364927
2999.999913950701,0.0037399721761571395,2999.9770896027817,3000.0183796702668,2999.999913953032,3000.0183796702668,0.04129006748507891,0.0005061322892680909,150.50204118159775,3.897767246929718e-05,150.50179362603498,150.50226972803048,150.50204118160278,150.50226972803048,0.0004761019955026313,-2.081386366246637e-06,143.0757952700762,0.002894349330804755,143.0576112189736,143.09050010116007,143.07579529935182,143.09050010116007,0.03288888218648367,0.0006430246982225634,136.79271366412434,0.0003557481717354018,136.79062769008766,136.79497304974075,136.79271366458693,136.79497304974075,0.004345359653086689,1.9003095840957228e-05,6.283185230582986,8.170142876055145e-06,6.2831373237558585,6.283237119608322,6.283185230588298,6.283237119608322,9.979585246355782e-05,4.364558429663229e-07,-0.00010362463110808462,0.0029800550690714843,-0.0190826480848809,0.0152806403154714,0.0029818561801118002,0.0190826480848809,0.0343632884003523,0.0006235851465235666,35.76894370057317,68.47682290045034,-8.458254034080039,154.28327051078406,77.2560198819122,154.28327051078406,162.7415245448641,-1.4614218350092496,35.76894492346585,68.47682425456487,-8.458250080858033,154.28140778360887,77.25602164833818,154.28140778360887,162.7396578644669,-0.4021029174081452,35.768957094698585,68.47684563685729,-8.458213377908411,154.28333910944335,77.25604623598316,154.28333910944335,162.74155248735175,1.3768070750013224,35.76894955133861,68.47683231899511,-8.458204185100378,154.28151226767966,77.2560309390146,154.28151226767966,162.73971645278004,0.487360702114361,106.36427014430315,0.02043905319172179,106.3558552036682,106.47038816649383,106.36427210809647,106.47038816649383,0.11453296282563485,-0.04308623368369172,722.4605849403234,0.07390357904892025,722.4285727334617,722.8287600368967,722.4605887202797,722.8287600368967,0.4001873034350183,-0.16141083567894915,52.43602148416476,0.189573230606988,52.07810662388397,52.73543963228095,52.436364167412975,52.73543963228095,0.6573330083969822,0.6538255793583115,451.00000000000006,0.0,451.00000000000006,451.00000000000006,451.00000000000006,451.00000000000006,0.0,0.0,0.004477458564595186,3.829464042900964e-09,0.004477436109815,0.0044774828855284,0.004477458564596824,0.0044774828855284,4.6775713399838104e-08,2.046003126034877e-10,317.5729490168751,5.684341886080802e-14,317.57294901687516,317.57294901687516,317.5729490168751,317.57294901687516,0.0,1.4082777600446754e-13,0.2901633823975302,5.0582950140534086e-05,0.2899067862616573,0.2904815075207675,0.29016338680648557,0.2904815075207675,0.0005747212591102335,-1.127404704831221e-05
3000.0000121968883,0.0003078848880158839,2999.998433807541,3000.0019537371395,3000.000012196904,3000.0019537371395,0.003519929598496674,-7.275900282625953e-05,150.50204071056848,3.097953712147171e-06,150.50202129486587,150.50205646544137,150.50204071056854,150.50205646544137,3.517057550084246e-05,6.277949280107479e-07,143.0759066709894,0.00023466790284925703,143.07465633960598,143.0774527758279,143.07590667118188,143.0774527758279,0.0027964362219279337,-2.6656136358003658e-05,136.7927179643409,2.8274906491817804e-05,136.79257416998792,136.79289517049764,136.79271796434386,136.79289517049764,0.0003210005097287194,-5.729822209294938e-06,6.283185329347388,6.493637596744425e-07,6.283182026953771,6.2831893990770835,6.283185329347423,6.2831893990770835,7.372123312698875e-06,-1.3159138497550354e-07,3.3773011011294553e-06,0.0002388180386981744,-0.001300593010268,0.0016254222051443,0.00023884191795070316,0.0016254222051443,0.0029260152154123,-2.079472276981269e-05,35.76897782422627,68.47688296373737,-8.457925237712514,154.26997495864674,77.25608891873428,154.26997495864674,162.72790019635926,-1.461626969908253,35.76897710445015,68.47688185080818,-8.457938655020119,154.26997482918622,77.25608759902498,154.26997482918622,162.72791348420634,-0.40229624823774307,35.768975444243914,68.47687889428605,-8.457933666078707,154.269431929513,77.25608420981251,154.269431929513,162.7273655955917,1.3766965441588574,35.76897629806906,68.4768804179484,-8.457938402539675,154.26978295860528,77.25608595564385,154.26978295860528,162.72772136114494,0.48720001785078504,106.35638771401366,0.0012937035516653002,106.35585509165826,106.36310553083172,106.35638772188187,106.36310553083172,0.007250439173461132,-0.0027271413297939424,722.4311170352901,0.005876499730375113,722.4285715323161,722.4603890000891,722.4311170591908,722.4603890000891,0.03181746777295302,-0.012834825343739977,52.5608855013065,0.17031474339464653,52.23975060875371,52.82995118591942,52.56116143877787,52.82995118591942,0.5902005771657102,0.5874183278291955,451.00000000000006,0.0,451.00000000000006,451.00000000000006,451.00000000000006,451.00000000000006,0.0,0.0,0.004477458610892397,3.043660309360584e-10,0.0044774570630126,0.0044774605184316,0.004477458610892407,0.0044774605184316,3.4554189995428253e-09,-6.16785931825763e-11,317.5729490168751,5.684341886080802e-14,317.57294901687516,317.57294901687516,317.5729490168751,317.57294901687516,0.0,1.4082777600446754e-13,0.29016142810291384,4.104194859221538e-06,0.2901343754021058,0.2901832506069083,0.29016142813193974,0.2901832506069083,4.887520480251206e-05,4.7285269021913946e-07
2999.999999089353,2.603680244576501e-05,2999.9998334694237,3000.000133398166,2999.9999990893525,3000.000133398166,0.0002999287421516783,5.479216136494332e-06,150.50204082670615,2.616790350034993e-07,150.50203948343366,150.5020424802726,150.50204082670618,150.5020424802726,2.9968389299028786e-06,-6.218248689130065e-08,143.0759024777972,1.8086583201298384e-05,143.0757877451817,143.07600860319448,143.07590247779837,143.07600860319448,0.00022085801276716666,-9.77915945327007e-07,136.7927169043638,2.3883354787002678e-06,136.79270181231894,136.79272916436383,136.7927169043638,136.79272916436383,2.7352044895678773e-05,5.675381905424203e-07,6.283185305003901,5.4850706951996554e-08,6.283184958398763,6.283185586568052,6.283185305003902,6.283185586568052,6.281692890297563e-07,1.3034136572939488e-08,2.684295177618213e-07,1.8378132569262953e-05,-0.0001085827951818,0.0001106481734254,1.8380092794635437e-05,0.0001106481734254,0.0002192309686072,-1.558488509283039e-06,35.768975513258326,68.4768789826885,-8.457903738892206,154.26849385201032,77.25608432012226,154.26849385201032,162.72639759090254,-1.4616129758496033,35.76897559214893,68.47687910817312,-8.457903671651469,154.2684789237077,77.25608446787282,154.2684789237077,162.72638259535918,-0.4022870608114624,35.76897571311213,68.47687932548608,-8.457903483541436,154.26849599589258,77.25608471649588,154.26849599589258,162.726399479434,1.3766950864709506,35.76897565927783,68.476879228489,-8.457903305771975,154.268484423261,77.25608460559646,154.268484423261,162.72638772903295,0.48720397227418316,106.35588879647163,8.188363504095862e-05,106.35585508456396,106.35631389130448,106.35588879650314,106.35631389130448,0.0004588067405251195,-0.0001726121839208152,722.4287738484845,0.00046728506197560884,722.4285714368224,722.4311018806693,722.4287738486356,722.4311018806693,0.002530443846922026,-0.0010205916775427792,52.67306921809611,0.15307012337180848,52.38447627860547,52.914895718437606,52.67329163168952,52.914895718437606,0.5304194398321371,0.5279422341971614,451.00000000000006,0.0,451.00000000000006,451.00000000000006,451.00000000000006,451.00000000000006,0.0,0.0,0.004477458599482286,2.570930935343353e-11,0.0044774584370235,0.0044774587314554,0.004477458599482286,0.0044774587314554,2.9443189986794183e-10,6.109290652276327e-12,317.5729490168751,5.684341886080802e-14,317.57294901687516,317.57294901687516,317.5729490168751,317.57294901687516,0.0,1.4082777600446754e-13,0.29016150266223895,3.1638624642299076e-07,0.2901596500914417,0.2901635168749484,0.2901615026624115,0.2901635168749484,3.866783506722982e-06,1.6482560468861385e-08
3000.0000000303335,2.0885636300082118e-06,2999.9999886432843,3000.000014187901,3000.0000000303335,3000.000014187901,2.554461661929963e-05,-1.8660525287247976e-07,150.50204081576376,2.165609285463591e-08,150.50204067456335,150.50204092980098,150.50204081576376,150.50204092980098,2.552376372477738e-07,3.409123594572149e-09,143.0759022571037,1.437891106891439e-06,143.07589324210824,143.07590957179866,143.0759022571037,143.07590957179866,1.6329690424754517e-05,2.919195028074687e-07,136.79271700423473,1.976544013826532e-07,136.7927159634212,136.7927182929662,136.79271700423476,136.7927182929662,2.329545026213964e-06,-3.1114576847787066e-08,6.283185307297546,4.539347046761324e-09,6.283185283394137,6.283185336894657,6.283185307297546,6.283185336894657,5.3500519570093275e-08,-7.145755384846688e-10,-5.442857695747705e-08,1.4797711237493416e-06,-9.409074378297078e-06,7.508997648564275e-06,1.4807717746742759e-06,9.409074378297078e-06,1.6918072026861353e-05,3.237485973610797e-07,35.76897556954721,68.47687907119446,-8.457901338888494,154.26839313618993,77.25608442463192,154.26839313618993,162.72629447507842,-1.4616133264976687,35.7689755647218,68.47687906331056,-8.45790131113087,154.2683939236572,77.2560844154098,154.2683939236572,162.72629523478807,-0.40228690836344533,35.768975560953876,68.47687905637116,-8.457901346824347,154.26839427508082,77.25608440751446,154.26839427508082,162.72629562190517,1.3766959834793757,35.76897556188083,68.47687905813753,-8.457901332907523,154.26839456443483,77.25608440950927,154.26839456443483,162.72629589734234,0.48720454330126745,106.35585721785215,5.182609726066263e-06,106.35585508411528,106.35588412893156,106.35585721785226,106.35588412893156,2.9044816287182584e-05,-1.0925164245807577e-05,722.4285875245712,3.7157767427861083e-05,722.4285714292274,722.4287726227072,722.428587524572,722.4287726227072,0.0002011934798247239,-8.11553730442848e-05,52.773894449298155,0.13757518139961725,52.51451680323493,52.99124166105331,52.77407376995072,52.99124166105331,0.47672485781837537,0.4744998931316591,451.00000000000006,0.0,451.00000000000006,451.00000000000006,451.00000000000006,451.00000000000006,0.0,0.0,0.00447745860055735,2.1276549452642575e-12,0.0044774585893535,0.0044774586144299,0.0044774586005573505,0.0044774586144299,2.507640015775303e-11,-3.3493334534949243e-13,317.5729490168751,5.684341886080802e-14,317.57294901687516,317.57294901687516,317.5729490168751,317.57294901687516,0.0,1.4082777600446754e-13,0.29016150641334204,2.513330800984475e-08,0.2901613786765031,0.2901616638066284,0.29016150641334315,0.2901616638066284,2.8513012528819104e-07,-5.073998948723246e-09
3000.00000000228,1.6072622916310442e-07,2999.9999990439896,3000.0000009663954,3000.0000000022796,3000.0000009663954,1.9224057723477017e-06,-1.3224854789027538e-08,150.50204081632674,1.6863343677550286e-09,150.50204080667046,150.50204082781846,150.50204081632674,150.50204082781846,2.1147997131265583e-08,-5.8091457601842866e-12,143.07590231109384,1.2146852394140036e-07,143.0759016874836,143.0759030788352,143.07590231109384,143.0759030788352,1.391351617030523e-06,-2.8851245642259265e-08,136.79271699909665,1.539111652354948e-08,136.79271689421202,136.79271708722908,136.79271699909665,136.79271708722908,1.930170583364088e-07,5.26519847536703e-11,6.2831853071795445,3.5347360902748926e-10,6.283185304770755,6.2831853092036,6.283185307179544,6.2831853092036,4.432845202018143e-09,1.2091384830383582e-12,4.817647221599941e-09,1.253996513585584e-07,-6.377772869825549e-07,7.997427458050765e-07,1.2549216025553064e-07,7.997427458050765e-07,1.4375200327876314e-06,-2.89050026420874e-08,35.76897557783005,68.47687908648346,-8.457901190178665,154.2683878870694,77.25608444201842,154.2683878870694,162.72628907724805,-1.4616133754728162,35.76897557789776,68.47687908661635,-8.457901189415082,154.2683877688178,77.25608444216755,154.2683877688178,162.72628895823289,-0.4022869866983544,35.76897557756335,68.47687908603612,-8.457901188613867,154.26838791440477,77.25608444149842,154.26838791440477,162.72628910301864,1.3766958847318547,35.76897557780268,68.47687908645572,-8.457901186529659,154.26838784265937,77.25608444198116,154.26838784265937,162.72628902918902,0.487204448588132,106.35585521914408,3.280497339569675e-07,106.35585508408688,106.35585692253242,106.35585521914406,106.35585692253242,1.8384455415798584e-06,-6.915235278478575e-07,722.4285727084664,2.9546102224585918e-06,722.4285714286234,722.4285874268223,722.4285727084664,722.4285874268223,1.5998198932720697e-05,-6.453164699319213e-06,52.86451338849726,0.12364898737529074,52.631391626925975,53.05985941411742,52.864657994492745,53.05985941411742,0.42846778719144396,0.4264681404346081,451.00000000000006,0.0,451.00000000000006,451.00000000000006,451.00000000000006,451.00000000000006,0.0,0.0,0.004477458600502045,1.6567761148310941e-13,0.004477458599373,0.0044774586014507,0.004477458600502045,0.0044774586014507,2.0776999912208716e-12,5.946973725774596e-16,317.5729490168751,5.684341886080802e-14,317.57294901687516,317.57294901687516,317.5729490168751,317.57294901687516,0.0,1.4082777600446754e-13,0.29016150547422714,2.12253314964961e-09,0.2901614920682966,0.2901615163667738,0.2901615054742272,0.2901615163667738,2.4298477174777844e-08,5.048368396635778e-10
2999.999999999527,1.2927548198809821e-08,2999.9999999178012,3000.0000000656228,2999.999999999527,3000.0000000656228,1.4782153812120669e-07,2.8109224090491723e-09,150.50204081633018,1.314425684342713e-10,150.50204081567085,150.50204081714784,150.50204081633018,150.50204081714784,1.476990973969805e-09,-2.1458632368680743e-11,143.07590230601767,1.005050455935595e-08,143.0759022404621,143.07590235895668,143.0759023060177,143.07590235895668,1.1849456882373488e-07,1.5774823329140432e-09,136.7927169990652,1.1996663259441356e-09,136.79271699160236,136.79271700508303,136.79271699906522,136.79271700508303,1.3480672578225494e-08,1.9657797183023615e-10,6.2831853071788215,2.7551622995398767e-11,6.28318530700743,6.283185307317027,6.2831853071788215,6.283185307317027,3.0959768082539085e-10,4.51969143614338e-12,-2.263518741330017e-10,1.0264414590052223e-08,-6.794474760596358e-08,5.4145893990664724e-08,1.026691005353609e-08,6.794474760596358e-08,1.220906415966283e-07,1.376357208228772e-09,35.768975576463205,68.4768790840609,-8.457901172729064,154.2683871653034,77.25608443923831,154.2683871653034,162.72628833803248,-1.4616133672745668,35.76897557648652,68.47687908409631,-8.457901172512639,154.26838717328613,77.25608443928047,154.26838717328613,162.72628834579876,-0.4022869782389003,35.76897557655144,68.47687908421157,-8.457901172805057,154.26838717421552,77.25608443941272,154.26838717421552,162.72628834702058,1.376695890797461,35.76897557651652,68.47687908414942,-8.457901172723682,154.26838717710257,77.25608443934145,154.26838717710257,162.72628834982626,0.48720445629348413,106.35585509263313,2.076217041767299e-08,106.3558550840852,106.3558552004062,106.35585509263313,106.3558552004062,1.163209901733353e-07,-4.376782929748447e-08,722.4285715303463,2.3494817454788512e-07,722.4285714285759,722.4285727008626,722.4285715303462,722.4285727008626,1.2722866813419387e-06,-5.131441661995748e-07,52.94595933034773,0.11113250171166399,52.73643554625837,53.121531270857936,52.94607596266009,53.121531270857936,0.38509572459956587,0.3832984998948595,451.00000000000006,0.0,451.00000000000006,451.00000000000006,451.00000000000006,451.00000000000006,0.0,0.0,0.0044774586005017145,1.2913683506704814e-14,0.0044774586004214,0.0044774586005665,0.0044774586005017145,0.0044774586005665,1.4510007778634204e-13,2.1639033574905215e-15,317.5729490168751,5.684341886080802e-14,317.57294901687516,317.57294901687516,317.5729490168751,317.57294901687516,0.0,1.4082777600446754e-13,0.29016150556309495,1.7573529756408325e-10,0.29016150463822,0.2901615067079665,0.29016150556309483,0.2901615067079665,2.069746485311441e-09,-2.782441916732019e-11
3000.000000000042,1.0953702412901186e-09,2999.9999999944253,3000.000000006987,3000.0000000000414,3000.000000006987,1.2561940820887685e-08,-2.5461661901607733e-10,150.50204081632612,1.095360926271868e-11,150.5020408162567,150.50204081638222,150.5020408163261,150.50204081638222,1.255102688446641e-10,2.5877103840820912e-12,143.07590230627807,7.824882186206454e-10,143.07590230179628,143.07590231160745,143.0759023062781,143.07590231160745,9.811174095375463e-09,-2.3940721920759484e-12,136.79271699910254,9.996429516477827e-11,136.79271699859015,136.79271699973572,136.79271699910254,136.79271699973572,1.145565420301864e-09,-2.408154969676395e-11,6.283185307179678,2.295788256916107e-12,6.283185307167911,6.283185307194221,6.283185307179679,6.283185307194221,2.630962114835711e-11,-5.479080660173816e-13,-4.1249155202649524e-12,7.938822344779432e-10,-4.594039815231099e-09,5.237777322975035e-09,7.938929506852555e-10,5.237777322975035e-09,9.831817138206134e-09,2.230452811934293e-11,35.76897557657413,68.47687908425353,-8.457901171603094,154.26838712860803,77.2560844394604,154.26838712860803,162.7262883002111,-1.4616133679445242,35.768975576570874,68.4768790842484,-8.457901171662801,154.26838712768046,77.25608443945434,154.26838712768046,162.72628829934325,-0.4022869787488201,35.76897557656521,68.47687908423823,-8.457901171614632,154.26838712599258,77.25608443944272,154.26838712599258,162.7262882976072,1.3766958907095623,35.76897557656787,68.47687908424301,-8.457901171640254,154.268387126553,77.25608443944817,154.268387126553,162.72628829819325,0.48720445598144063,106.35585508462606,1.3141531105759421e-09,106.3558550840852,106.35585509145196,106.35585508462604,106.35585509145196,7.3667507649588515e-09,-2.770117560951878e-09,722.4285714366644,1.8682132802565128e-08,722.4285714285736,722.428571529723,722.4285714366644,722.428571529723,1.0114933957083849e-07,-4.08025244389904e-08,53.01916082979447,0.09988301006591771,52.830846287554934,53.17696033613613,53.01925491471293,53.17696033613613,0.34611404858119954,0.34449875000704316,451.00000000000006,0.0,451.00000000000006,451.00000000000006,451.00000000000006,451.00000000000006,0.0,0.0,0.004477458600502123,1.074605610073937e-15,0.0044774586004966,0.0044774586005089,0.004477458600502124,0.0044774586005089,1.230005680641355e-14,-2.030673955142545e-16,317.5729490168751,5.684341886080802e-14,317.57294901687516,317.57294901687516,317.5729490168751,317.57294901687516,0.0,1.4082777600446754e-13,0.2901615055584965,1.3688776639522853e-11,0.2901615054651377,0.2901615056368107,0.2901615055584965,0.2901615056368107,1.7167300914167072e-10,6.762896372089543e-14
2999.9999999999973,8.984988794812097e-11,2999.999999999405,3000.0000000004743,2999.9999999999977,3000.0000000004743,1.0691110219340771e-09,1.0702910976339534e-11,150.50204081632657,9.214693405355844e-13,150.5020408163218,150.50204081633248,150.50204081632654,150.50204081633248,1.0686562745831907e-11,-1.9363819200614288e-13,143.07590230627974,6.108636478689614e-11,143.07590230597347,143.07590230666014,143.07590230627974,143.07590230666014,6.866684998385608e-10,-1.0333238064327807e-11,136.7927169990982,8.41473012646246e-12,136.79271699904427,136.79271699914173,136.79271699909822,136.79271699914173,9.745804163685534e-11,1.549105536049143e-12,6.283185307179579,1.9323474730010739e-13,6.283185307178341,6.283185307180579,6.28318530717958,6.283185307180579,2.2382096176443156e-12,3.5206944001116885e-14,1.929075565954008e-12,6.259543410035953e-11,-3.1096103469963055e-10,3.90425469731781e-10,6.262515231719293e-11,3.90425469731781e-10,7.013865044314116e-10,-1.1850581960847003e-11,35.76897557656966,68.47687908424608,-8.457901171543703,154.2683871234514,77.25608443945173,154.2683871234514,162.7262882949951,-1.461613367917142,35.76897557656989,68.47687908424648,-8.457901171542357,154.26838712352082,77.25608443945217,154.26838712352082,162.72628829506317,-0.4022869787424168,35.76897557657014,68.4768790842469,-8.457901171544393,154.26838712351565,77.25608443945268,154.26838712351565,162.72628829506004,1.376695890680609,35.76897557657006,68.47687908424673,-8.457901171543941,154.26838712354254,77.25608443945251,154.26838712354254,162.72628829508648,0.4872044559687925,106.35585508411931,8.314690222511351e-11,106.3558550840852,106.35585508455095,106.35585508411928,106.35585508455095,4.657465524360305e-10,-1.7501371862955205e-10,722.4285714292156,1.4853094869341733e-09,722.4285714285736,722.4285714366159,722.4285714292155,722.4285714366159,8.04232058726484e-09,-3.2420666452868497e-09,53.08495243885544,0.08977225881404767,52.91570021257062,53.226778542364954,53.085028345984675,53.226778542364954,0.31107832979433425,0.30962654135496637,451.00000000000006,0.0,451.00000000000006,451.00000000000006,451.00000000000006,451.00000000000006,0.0,0.0,0.004477458600502084,9.542096372077544e-17,0.0044774586005015,0.0044774586005025,0.004477458600502085,0.0044774586005025,1.0000680839006293e-15,6.607748584193996e-17,317.5729490168751,5.684341886080802e-14,317.57294901687516,317.57294901687516,317.5729490168751,317.57294901687516,0.0,1.4082777600446754e-13,0.29016150555847225,1.0680374185503145e-12,0.2901615055518239,0.2901615055638256,0.29016150555847225,0.2901615055638256,1.2001677429651636e-11,1.7692864631811278e-13
3000.0,6.819785239412808e-12,2999.99999999996,3000.000000000045,2999.9999999999995,3000.000000000045,8.503775461576879e-11,-5.633111040178702e-13,150.50204081632654,7.196924587113427e-14,150.50204081632603,150.50204081632694,150.50204081632654,150.50204081632694,9.094947017729282e-13,-7.041388800223377e-14,143.07590230627784,4.949565582799984e-12,143.07590230624606,143.07590230630376,143.0759023062778,143.07590230630376,5.7696070143720135e-11,1.0914152640346235e-12,136.79271699909847,6.504163981710376e-13,136.79271699909484,136.79271699910302,136.7927169990985,136.79271699910302,8.185452315956354e-12,-3.5206944001116885e-14,6.283185307179586,1.4928321521415136e-14,6.283185307179503,6.28318530717969,6.283185307179585,6.28318530717969,1.8740564655672642e-13,3.3006510001047086e-15,-2.7041835437557893e-13,5.115583180763408e-12,-3.269295945074191e-11,2.6078694759235077e-11,5.1227255797761285e-12,3.269295945074191e-11,5.877165420997699e-11,1.1276400013349952e-12,35.768975576569474,68.47687908424572,-8.45790117153569,154.26838712317618,77.25608443945131,154.26838712317618,162.72628829471188,-1.4616133679160506,35.76897557656946,68.4768790842457,-8.45790117153577,154.26838712317755,77.2560844394513,154.26838712317755,162.72628829471333,-0.4022869787398775,35.768975576569446,68.47687908424567,-8.457901171535733,154.26838712317215,77.25608443945127,154.26838712317215,162.72628829470787,1.376695890684702,35.768975576569446,68.47687908424567,-8.457901171535807,154.26838712317445,77.25608443945127,154.26838712317445,162.72628829471026,0.48720445597237044,106.3558550840873,5.1946742500450165e-12,106.3558550840852,106.35585508411444,106.35585508408725,106.35585508411444,2.923172814917052e-11,-1.075572139234121e-11,722.4285714286236,1.176742009306601e-10,722.4285714285736,722.428571429211,722.4285714286235,722.428571429211,6.374420991051011e-10,-2.544757912400729e-10,53.14408423066413,0.0806849778318342,52.99196471951413,53.27155385400699,53.14414547983222,53.27155385400699,0.27958913449285916,0.27828430469962134,451.00000000000006,0.0,451.00000000000006,451.00000000000006,451.00000000000006,451.00000000000006,0.0,0.0,0.004477458600502094,1.865170615607685e-17,0.004477458600502,0.0044774586005021,0.004477458600502095,0.0044774586005021,9.974659986866641e-17,1.7190890625545354e-17,317.5729490168751,5.684341886080802e-14,317.57294901687516,317.57294901687516,317.5729490168751,317.57294901687516,0.0,1.4082777600446754e-13,0.2901615055585056,8.64848254561555e-14,0.2901615055580519,0.2901615055590604,0.2901615055585056,0.2901615055590604,1.008471084418261e-12,-1.8703689000593347e-14
3000.0,1.315627390930734e-12,2999.9999999999973,3000.0000000000027,2999.9999999999995,3000.0000000000027,5.4569682106375694e-12,0.0,150.50204081632657,3.588346340185724e-14,150.5020408163265,150.50204081632654,150.50204081632654,150.50204081632654,2.842170943040401e-14,-1.7603472000558443e-14,143.07590230627804,6.813401666127154e-13,143.07590230627596,143.0759023062807,143.075902306278,143.0759023062807,4.746425474877469e-12,1.7603472000558443e-14,136.79271699909847,8.812563391330517e-14,136.79271699909822,136.79271699909876,136.7927169990985,136.79271699909876,5.400124791776761e-13,-3.5206944001116885e-14,6.283185307179585,2.07993105756706e-15,6.28318530717958,6.283185307179592,6.283185307179585,6.283185307179592,1.1546319456101628e-14,4.400868000139611e-15,-6.123279661096603e-14,6.941446114092679e-13,-2.240874152903416e-12,2.8546054409162025e-12,6.968401516340195e-13,2.8546054409162025e-12,5.0954795938196185e-12,-9.948519453349718e-14,35.76897557656953,68.47687908424581,-8.45790117153524,154.26838712315393,77.25608443945143,154.26838712315393,162.72628829468917,-1.4616133679163719,35.76897557656951,68.47687908424578,-8.457901171535253,154.26838712315393,77.2560844394514,154.26838712315393,162.72628829468917,-0.40228697874017677,35.76897557656949,68.47687908424575,-8.457901171535253,154.26838712315345,77.25608443945136,154.26838712315345,162.7262882946887,1.3766958906844335,35.768975576569495,68.47687908424577,-8.457901171535253,154.26838712315393,77.25608443945137,154.26838712315393,162.72628829468917,0.48720445597201395,106.35585508408532,2.679143762065575e-13,106.3558550840852,106.3558550840868,106.35585508408528,106.3558550840868,1.5916157281026244e-12,-4.576902720145196e-13,722.4285714285769,8.787705760342724e-12,722.4285714285736,722.4285714286221,722.4285714285769,722.4285714286221,4.8544279707130045e-11,-1.7744299776562912e-11,53.19723035146213,0.07251756537873899,53.060509280308295,53.3117967427901,53.197279778798965,53.3117967427901,0.25128746248180533,0.2501147153066398,451.00000000000006,0.0,451.00000000000006,451.00000000000006,451.00000000000006,451.00000000000006,0.0,0.0,0.004477458600502098,1.734723475976807e-18,0.0044774586005021,0.0044774586005021,0.0044774586005021,0.0044774586005021,0.0,-3.760507324338046e-18,317.5729490168751,5.684341886080802e-14,317.57294901687516,317.57294901687516,317.5729490168751,317.57294901687516,0.0,1.4082777600446754e-13,0.29016150555850206,1.1920236664384264e-14,0.2901615055584549,0.2901615055585377,0.29016150555850206,0.2901615055585377,8.282263763703668e-14,1.9941433125632614e-15
3000.0,1.283161334083443e-12,2999.999999999998,3000.000000000001,2999.9999999999995,3000.000000000001,2.7284841053187847e-12,5.633111040178702e-13,150.50204081632657,3.568028393255012e-14,150.5020408163265,150.50204081632654,150.50204081632654,150.50204081632654,2.842170943040401e-14,-1.7603472000558443e-14,143.075902306278,5.920208644979799e-13,143.0759023062768,143.07590230627872,143.075902306278,143.07590230627872,1.9326762412674725e-12,7.041388800223377e-14,136.79271699909847,8.121848476599165e-14,136.79271699909842,136.79271699909862,136.7927169990985,136.79271699909862,1.9895196601282805e-13,3.5206944001116885e-14,6.283185307179585,1.9385905582337133e-15,6.2831853071795845,6.283185307179589,6.283185307179585,6.283185307179589,4.440892098500626e-15,1.1002170000349027e-15,-8.29594171136705e-14,6.028265523478834e-13,-1.3287149158713873e-12,7.194245199571014e-13,6.085081076727535e-13,1.3287149158713873e-12,2.0481394358284888e-12,3.102684842249112e-14,35.76897557656952,68.4768790842458,-8.457901171535207,154.2683871231519,77.25608443945141,154.2683871231519,162.72628829468712,-1.4616133679163235,35.76897557656951,68.47687908424578,-8.457901171535207,154.2683871231519,77.25608443945139,154.2683871231519,162.72628829468712,-0.40228697874015035,35.76897557656949,68.47687908424574,-8.457901171535207,154.2683871231519,77.25608443945134,154.2683871231519,162.72628829468712,1.37669589068446,35.76897557656949,68.47687908424575,-8.457901171535207,154.2683871231519,77.25608443945136,154.2683871231519,162.72628829468712,0.4872044559720844,106.35585508408523,2.842170943040401e-14,106.3558550840852,106.3558550840852,106.35585508408519,106.3558550840852,0.0,1.7603472000558443e-14,722.4285714285737,2.587468469924043e-13,722.4285714285736,722.4285714285758,722.4285714285736,722.4285714285758,2.1600499167107046e-12,1.4082777600446754e-13,53.24499670640405,0.06517690690107132,53.122115353734955,53.347966007463384,53.24503659773531,53.347966007463384,0.22585065372842905,0.224796618984476,451.00000000000006,0.0,451.00000000000006,451.00000000000006,451.00000000000006,451.00000000000006,0.0,0.0,0.004477458600502098,1.734723475976807e-18,0.0044774586005021,0.0044774586005021,0.0044774586005021,0.0044774586005021,0.0,-3.760507324338046e-18,317.5729490168751,5.684341886080802e-14,317.57294901687516,317.57294901687516,317.5729490168751,317.57294901687516,0.0,1.4082777600446754e-13,0.29016150555850245,1.0365353957492045e-14,0.2901615055584898,0.2901615055585237,0.29016150555850245,0.2901615055585237,3.391731340229853e-14,-2.4067246875763496e-16
3000.0,1.286380509574182e-12,2999.999999999998,3000.000000000001,2999.9999999999995,3000.000000000001,2.7284841053187847e-12,5.633111040178702e-13,150.50204081632657,3.547594082335746e-14,150.5020408163265,150.50204081632654,150.50204081632654,150.50204081632654,2.842170943040401e-14,3.5206944001116885e-14,143.075902306278,5.938137895579204e-13,143.0759023062768,143.07590230627872,143.075902306278,143.07590230627872,1.9326762412674725e-12,7.041388800223377e-14,136.79271699909847,8.054935089566402e-14,136.79271699909842,136.79271699909862,136.7927169990985,136.79271699909862,1.9895196601282805e-13,-3.5206944001116885e-14,6.283185307179585,1.91978075550115e-15,6.2831853071795845,6.283185307179589,6.283185307179585,6.283185307179589,4.440892098500626e-15,3.3006510001047086e-15,-8.913403348742576e-14,6.045799234970927e-13,-1.3287149158713873e-12,7.194245199571014e-13,6.111151772141549e-13,1.3287149158713873e-12,2.0481394358284888e-12,-1.1790329192004286e-15,35.76897557656952,68.4768790842458,-8.457901171535207,154.2683871231519,77.2560844394514,154.2683871231519,162.72628829468712,-1.461613367916319,35.7689755765695,68.47687908424578,-8.457901171535207,154.2683871231519,77.25608443945139,154.2683871231519,162.72628829468712,-0.402286978740168,35.76897557656949,68.47687908424574,-8.457901171535207,154.2683871231519,77.25608443945134,154.2683871231519,162.72628829468712,1.3766958906844378,35.76897557656949,68.47687908424575,-8.457901171535207,154.2683871231519,77.25608443945136,154.2683871231519,162.72628829468712,0.48720445597206236,106.35585508408523,2.842170943040401e-14,106.3558550840852,106.3558550840852,106.35585508408519,106.3558550840852,0.0,1.7603472000558443e-14,722.4285714285736,0.0,722.4285714285736,722.4285714285736,722.4285714285735,722.4285714285736,0.0,2.816555520089351e-13,53.287927867327525,0.0585793134532853,53.177485294676856,53.38047400444286,53.287960065379366,53.38047400444286,0.2029887097660037,0.20204137067626618,451.00000000000006,0.0,451.00000000000006,451.00000000000006,451.00000000000006,451.00000000000006,0.0,0.0,0.004477458600502098,1.734723475976807e-18,0.0044774586005021,0.0044774586005021,0.0044774586005021,0.0044774586005021,0.0,-3.760507324338046e-18,317.5729490168751,5.684341886080802e-14,317.57294901687516,317.57294901687516,317.5729490168751,317.57294901687516,0.0,1.4082777600446754e-13,0.29016150555850256,1.0394669917294064e-14,0.2901615055584898,0.2901615055585237,0.29016150555850256,0.2901615055585237,3.391731340229853e-14,-1.3752712500436283e-16
3000.0,1.2913543723188084e-12,2999.999999999998,3000.000000000001,2999.9999999999995,3000.000000000001,2.7284841053187847e-12,-5.633111040178702e-13,150.50204081632657,3.547594082335746e-14,150.5020408163265,150.50204081632654,150.50204081632654,150.50204081632654,2.842170943040401e-14,0.0,143.075902306278,5.8964465024473e-13,143.0759023062768,143.07590230627872,143.075902306278,143.07590230627872,1.9326762412674725e-12,-3.5206944001116885e-14,136.79271699909847,8.053932171665539e-14,136.79271699909842,136.79271699909862,136.7927169990985,136.79271699909862,1.9895196601282805e-13,5.281041600167534e-14,6.283185307179585,1.9169022136038847e-15,6.2831853071795845,6.283185307179589,6.283185307179585,6.283185307179589,4.440892098500626e-15,3.3006510001047086e-15,-8.303935317144351e-14,6.004873062393591e-13,-1.3287149158713873e-12,7.194245199571014e-13,6.062017313813393e-13,1.3287149158713873e-12,2.0481394358284888e-12,-3.404280450350836e-14,35.76897557656952,68.4768790842458,-8.457901171535207,154.2683871231519,77.2560844394514,154.2683871231519,162.72628829468712,-1.461613367916354,35.7689755765695,68.47687908424578,-8.457901171535207,154.2683871231519,77.25608443945139,154.2683871231519,162.72628829468712,-0.4022869787401548,35.76897557656949,68.47687908424574,-8.457901171535207,154.2683871231519,77.25608443945134,154.2683871231519,162.72628829468712,1.3766958906844466,35.76897557656949,68.47687908424575,-8.457901171535207,154.2683871231519,77.25608443945136,154.2683871231519,162.72628829468712,0.4872044559720844,106.35585508408523,2.842170943040401e-14,106.3558550840852,106.3558550840852,106.35585508408519,106.3558550840852,0.0,1.7603472000558443e-14,722.4285714285736,0.0,722.4285714285736,722.4285714285736,722.4285714285735,722.4285714285736,0.0,2.816555520089351e-13,53.32651328127585,0.05264956758175723,53.2272503614857,53.40969134898006,53.32653927187715,53.40969134898006,0.18244098749435977,0.1815895436912852,451.00000000000006,0.0,451.00000000000006,451.00000000000006,451.00000000000006,451.00000000000006,0.0,0.0,0.004477458600502098,1.734723475976807e-18,0.0044774586005021,0.0044774586005021,0.0044774586005021,0.0044774586005021,0.0,-3.760507324338046e-18,317.5729490168751,5.684341886080802e-14,317.57294901687516,317.57294901687516,317.5729490168751,317.57294901687516,0.0,1.4082777600446754e-13,0.2901615055585025,1.0323646558085785e-14,0.2901615055584898,0.2901615055585237,0.29016150555850245,0.2901615055585237,3.391731340229853e-14,3.094360312598164e-16
3000.0,1.2839668846267743e-12,2999.999999999998,3000.000000000001,2999.9999999999995,3000.000000000001,2.7284841053187847e-12,0.0,150.50204081632657,3.547594082335746e-14,150.5020408163265,150.50204081632654,150.50204081632654,150.50204081632654,2.842170943040401e-14,-1.7603472000558443e-14,143.075902306278,5.922309553033807e-13,143.0759023062768,143.07590230627872,143.075902306278,143.07590230627872,1.9326762412674725e-12,8.801736000279222e-14,136.79271699909847,8.049919250553603e-14,136.79271699909842,136.79271699909862,136.7927169990985,136.79271699909862,1.9895196601282805e-13,3.5206944001116885e-14,6.283185307179585,1.9164906403917112e-15,6.2831853071795845,6.283185307179589,6.283185307179585,6.283185307179589,4.440892098500626e-15,4.400868000139611e-15,-7.815614821993222e-14,6.033710879682653e-13,-1.3287149158713873e-12,7.194245199571014e-13,6.084119108799434e-13,1.3287149158713873e-12,2.0481394358284888e-12,-1.668584099898378e-15,35.76897557656952,68.4768790842458,-8.457901171535207,154.2683871231519,77.25608443945141,154.2683871231519,162.72628829468712,-1.4616133679163101,35.76897557656951,68.47687908424578,-8.457901171535207,154.2683871231519,77.2560844394514,154.2683871231519,162.72628829468712,-0.40228697874016356,35.76897557656949,68.47687908424575,-8.457901171535207,154.2683871231519,77.25608443945134,154.2683871231519,162.72628829468712,1.3766958906844466,35.76897557656949,68.47687908424577,-8.457901171535207,154.2683871231519,77.25608443945137,154.2683871231519,162.72628829468712,0.48720445597204476,106.35585508408523,2.842170943040401e-14,106.3558550840852,106.3558550840852,106.35585508408519,106.3558550840852,0.0,1.7603472000558443e-14,722.4285714285736,0.0,722.4285714285736,722.4285714285736,722.4285714285735,722.4285714285736,0.0,2.816555520089351e-13,53.36119285055695,0.04732006579006175,53.27197791279533,53.43595114045065,53.361213831986205,53.43595114045065,0.16397322765531896,0.16320797204867377,451.00000000000006,0.0,451.00000000000006,451.00000000000006,451.00000000000006,451.00000000000006,0.0,0.0,0.004477458600502098,1.734723475976807e-18,0.0044774586005021,0.0044774586005021,0.0044774586005021,0.0044774586005021,0.0,-3.760507324338046e-18,317.5729490168751,5.684341886080802e-14,317.57294901687516,317.57294901687516,317.5729490168751,317.57294901687516,0.0,1.4082777600446754e-13,0.2901615055585024,1.0370187019236355e-14,0.2901615055584898,0.2901615055585237,0.29016150555850234,0.2901615055585237,3.391731340229853e-14,-6.876356250218142e-17
3000.0,1.283161334083443e-12,2999.999999999998,3000.000000000001,2999.9999999999995,3000.000000000001,2.7284841053187847e-12,5.633111040178702e-13,150.50204081632657,3.568028393255012e-14,150.5020408163265,150.50204081632654,150.50204081632654,150.50204081632654,2.842170943040401e-14,-1.7603472000558443e-14,143.075902306278,5.920208644979799e-13,143.0759023062768,143.07590230627872,143.075902306278,143.07590230627872,1.9326762412674725e-12,7.041388800223377e-14,136.79271699909847,8.121848476599165e-14,136.79271699909842,136.79271699909862,136.7927169990985,136.79271699909862,1.9895196601282805e-13,3.5206944001116885e-14,6.283185307179585,1.9385905582337133e-15,6.2831853071795845,6.283185307179589,6.283185307179585,6.283185307179589,4.440892098500626e-15,1.1002170000349027e-15,-8.29594171136705e-14,6.028265523478834e-13,-1.3287149158713873e-12,7.194245199571014e-13,6.085081076727535e-13,1.3287149158713873e-12,2.0481394358284888e-12,3.102684842249112e-14,35.76897557656952,68.4768790842458,-8.457901171535207,154.2683871231519,77.25608443945141,154.2683871231519,162.72628829468712,-1.4616133679163235,35.76897557656951,68.47687908424578,-8.457901171535207,154.2683871231519,77.25608443945139,154.2683871231519,162.72628829468712,-0.40228697874015035,35.76897557656949,68.47687908424574,-8.457901171535207,154.2683871231519,77.25608443945134,154.2683871231519,162.72628829468712,1.37669589068446,35.76897557656949,68.47687908424575,-8.457901171535207,154.2683871231519,77.25608443945136,154.2683871231519,162.72628829468712,0.4872044559720844,106.35585508408523,2.842170943040401e-14,106.3558550840852,106.3558550840852,106.35585508408519,106.3558550840852,0.0,1.7603472000558443e-14,722.4285714285736,0.0,722.4285714285736,722.4285714285736,722.4285714285735,722.4285714285736,0.0,2.816555520089351e-13,53.39236194795561,0.04253004780902097,53.31217787583039,53.45955275993392,53.39237888675185,53.45955275993392,0.1473748841035274,0.14668709221243523,451.00000000000006,0.0,451.00000000000006,451.00000000000006,451.00000000000006,451.00000000000006,0.0,0.0,0.004477458600502098,1.734723475976807e-18,0.0044774586005021,0.0044774586005021,0.0044774586005021,0.0044774586005021,0.0,-3.760507324338046e-18,317.5729490168751,5.684341886080802e-14,317.57294901687516,317.57294901687516,317.5729490168751,317.57294901687516,0.0,1.4082777600446754e-13,0.29016150555850245,1.0365353957492045e-14,0.2901615055584898,0.2901615055585237,0.29016150555850245,0.2901615055585237,3.391731340229853e-14,-2.4067246875763496e-16
3000.0,1.286380509574182e-12,2999.999999999998,3000.000000000001,2999.9999999999995,3000.000000000001,2.7284841053187847e-12,5.633111040178702e-13,150.50204081632657,3.547594082335746e-14,150.5020408163265,150.50204081632654,150.50204081632654,150.50204081632654,2.842170943040401e-14,3.5206944001116885e-14,143.075902306278,5.938137895579204e-13,143.0759023062768,143.07590230627872,143.075902306278,143.07590230627872,1.9326762412674725e-12,7.041388800223377e-14,136.79271699909847,8.054935089566402e-14,136.79271699909842,136.79271699909862,136.7927169990985,136.79271699909862,1.9895196601282805e-13,-3.5206944001116885e-14,6.283185307179585,1.91978075550115e-15,6.2831853071795845,6.283185307179589,6.283185307179585,6.283185307179589,4.440892098500626e-15,3.3006510001047086e-15,-8.913403348742576e-14,6.045799234970927e-13,-1.3287149158713873e-12,7.194245199571014e-13,6.111151772141549e-13,1.3287149158713873e-12,2.0481394358284888e-12,-1.1790329192004286e-15,35.76897557656952,68.4768790842458,-8.457901171535207,154.2683871231519,77.2560844394514,154.2683871231519,162.72628829468712,-1.461613367916319,35.7689755765695,68.47687908424578,-8.457901171535207,154.2683871231519,77.25608443945139,154.2683871231519,162.72628829468712,-0.402286978740168,35.76897557656949,68.47687908424574,-8.457901171535207,154.2683871231519,77.25608443945134,154.2683871231519,162.72628829468712,1.3766958906844378,35.76897557656949,68.47687908424575,-8.457901171535207,154.2683871231519,77.25608443945136,154.2683871231519,162.72628829468712,0.48720445597206236,106.35585508408523,2.842170943040401e-14,106.3558550840852,106.3558550840852,106.35585508408519,106.3558550840852,0.0,1.7603472000558443e-14,722.4285714285736,0.0,722.4285714285736,722.4285714285736,722.4285714285735,722.4285714285736,0.0,2.816555520089351e-13,53.420375924276144,0.03822490388460303,53.348308559954695,53.480765283378965,53.42038960017289,53.480765283378965,0.13245672342426928,0.13183855391154764,451.00000000000006,0.0,451.00000000000006,451.00000000000006,451.00000000000006,451.00000000000006,0.0,0.0,0.004477458600502098,1.734723475976807e-18,0.0044774586005021,0.0044774586005021,0.0044774586005021,0.0044774586005021,0.0,-3.760507324338046e-18,317.5729490168751,5.684341886080802e-14,317.57294901687516,317.57294901687516,317.5729490168751,317.57294901687516,0.0,1.4082777600446754e-13,0.29016150555850256,1.0394669917294064e-14,0.2901615055584898,0.2901615055585237,0.29016150555850256,0.2901615055585237,3.391731340229853e-14,-1.3752712500436283e-16
3000.0,1.2913543723188084e-12,2999.999999999998,3000.000000000001,2999.9999999999995,3000.000000000001,2.7284841053187847e-12,-5.633111040178702e-13,150.50204081632657,3.547594082335746e-14,150.5020408163265,150.50204081632654,150.50204081632654,150.50204081632654,2.842170943040401e-14,0.0,143.075902306278,5.8964465024473e-13,143.0759023062768,143.07590230627872,143.075902306278,143.07590230627872,1.9326762412674725e-12,-3.5206944001116885e-14,136.79271699909847,8.053932171665539e-14,136.79271699909842,136.79271699909862,136.7927169990985,136.79271699909862,1.9895196601282805e-13,5.281041600167534e-14,6.283185307179585,1.9169022136038847e-15,6.2831853071795845,6.283185307179589,6.283185307179585,6.283185307179589,4.440892098500626e-15,3.3006510001047086e-15,-8.303935317144351e-14,6.004873062393591e-13,-1.3287149158713873e-12,7.194245199571014e-13,6.062017313813393e-13,1.3287149158713873e-12,2.0481394358284888e-12,-3.404280450350836e-14,35.76897557656952,68.4768790842458,-8.457901171535207,154.2683871231519,77.2560844394514,154.2683871231519,162.72628829468712,-1.461613367916354,35.7689755765695,68.47687908424578,-8.457901171535207,154.2683871231519,77.25608443945139,154.2683871231519,162.72628829468712,-0.4022869787401548,35.76897557656949,68.47687908424574,-8.457901171535207,154.2683871231519,77.25608443945134,154.2683871231519,162.72628829468712,1.3766958906844466,35.76897557656949,68.47687908424575,-8.457901171535207,154.2683871231519,77.25608443945136,154.2683871231519,162.72628829468712,0.4872044559720844,106.35585508408523,2.842170943040401e-14,106.3558550840852,106.3558550840852,106.35585508408519,106.3558550840852,0.0,1.7603472000558443e-14,722.4285714285736,0.0,722.4285714285736,722.4285714285736,722.4285714285735,722.4285714285736,0.0,2.816555520089351e-13,53.44555415960489,0.03435555218626473,53.38078188173739,53.49983054926999,53.44556520171926,53.49983054926999,0.11904866753259569,0.11849307280784924,451.00000000000006,0.0,451.00000000000006,451.00000000000006,451.00000000000006,451.00000000000006,0.0,0.0,0.004477458600502098,1.734723475976807e-18,0.0044774586005021,0.0044774586005021,0.0044774586005021,0.0044774586005021,0.0,-3.760507324338046e-18,317.5729490168751,5.684341886080802e-14,317.57294901687516,317.57294901687516,317.5729490168751,317.57294901687516,0.0,1.4082777600446754e-13,0.2901615055585025,1.0323646558085785e-14,0.2901615055584898,0.2901615055585237,0.29016150555850245,0.2901615055585237,3.391731340229853e-14,3.094360312598164e-16
3000.0,1.2839668846267743e-12,2999.999999999998,3000.000000000001,2999.9999999999995,3000.000000000001,2.7284841053187847e-12,0.0,150.50204081632657,3.547594082335746e-14,150.5020408163265,150.50204081632654,150.50204081632654,150.50204081632654,2.842170943040401e-14,-1.7603472000558443e-14,143.075902306278,5.922309553033807e-13,143.0759023062768,143.07590230627872,143.075902306278,143.07590230627872,1.9326762412674725e-12,8.801736000279222e-14,136.79271699909847,8.049919250553603e-14,136.79271699909842,136.79271699909862,136.7927169990985,136.79271699909862,1.9895196601282805e-13,3.5206944001116885e-14,6.283185307179585,1.9164906403917112e-15,6.2831853071795845,6.283185307179589,6.283185307179585,6.283185307179589,4.440892098500626e-15,4.400868000139611e-15,-7.815614821993222e-14,6.033710879682653e-13,-1.3287149158713873e-12,7.194245199571014e-13,6.084119108799434e-13,1.3287149158713873e-12,2.0481394358284888e-12,-1.668584099898378e-15,35.76897557656952,68.4768790842458,-8.457901171535207,154.2683871231519,77.25608443945141,154.2683871231519,162.72628829468712,-1.4616133679163101,35.76897557656951,68.47687908424578,-8.457901171535207,154.2683871231519,77.2560844394514,154.2683871231519,162.72628829468712,-0.40228697874016356,35.76897557656949,68.47687908424575,-8.457901171535207,154.2683871231519,77.25608443945134,154.2683871231519,162.72628829468712,1.3766958906844466,35.76897557656949,68.47687908424577,-8.457901171535207,154.2683871231519,77.25608443945137,154.2683871231519,162.72628829468712,0.48720445597204476,106.35585508408523,2.842170943040401e-14,106.3558550840852,106.3558550840852,106.35585508408519,106.3558550840852,0.0,1.7603472000558443e-14,722.4285714285736,0.0,722.4285714285736,722.4285714285736,722.4285714285735,722.4285714285736,0.0,2.816555520089351e-13,53.468183704479756,0.030877879237742566,53.40996806110709,53.51696591576406,53.468192620467555,53.51696591576406,0.10699785465697431,0.10649850052859464,451.00000000000006,0.0,451.00000000000006,451.00000000000006,451.00000000000006,451.00000000000006,0.0,0.0,0.004477458600502098,1.734723475976807e-18,0.0044774586005021,0.0044774586005021,0.0044774586005021,0.0044774586005021,0.0,-3.760507324338046e-18,317.5729490168751,5.684341886080802e-14,317.57294901687516,317.57294901687516,317.5729490168751,317.57294901687516,0.0,1.4082777600446754e-13,0.2901615055585024,1.0370187019236355e-14,0.2901615055584898,0.2901615055585237,0.29016150555850234,0.2901615055585237,3.391731340229853e-14,-6.876356250218142e-17
2999.8514692976196,0.31299523022562786,2998.7913686671377,3000.000000000001,2999.8514856260967,3000.000000000001,1.208631332863206,-0.7193044205228977,148.7505100346122,4.182731907172687,132.98070914755047,150.50204081632654,148.80930576333103,150.50204081632654,17.52133166877607,-9.09727404561369,143.05849533761537,0.07480611978277112,142.5828049780655,143.34723094820117,143.05851489589173,143.34723094820117,0.7644259701356759,-0.08129014180891113,136.77933541227475,0.028385993613398598,136.68251789267148,136.79271699909862,136.77933835776585,136.79271699909862,0.11019910642713171,-0.06494144919284817,6.2828779432218465,0.0006520081201286799,6.28065395563544,6.283185307179589,6.282877977053046,6.283185307179589,0.002531351544148741,-0.0014916506134705536,-0.0037180178812470615,0.06898739095016922,-0.4467541098164718,0.3496729120072119,0.0690875080392741,0.4467541098164718,0.7964270218236837,-0.014857042002647395,35.765987388695486,68.41668829306116,-8.457901171535207,154.38750893834583,77.20135420365511,154.38750893834583,162.84541010988104,-1.4740663204957758,35.7645523519747,68.41605451276973,-8.457901171535207,154.42449996919711,77.20012772030509,154.42449996919711,162.88240114073233,-0.4229550232802854,35.76381931293425,68.41404345271131,-8.457901171535207,154.37049950954506,77.19800589003373,154.37049950954506,162.82840068108027,1.351591036761658,35.76413628401094,68.41496083518972,-8.457901171535207,154.4182014696166,77.19896573285065,154.4182014696166,162.87610264115182,0.4641401652053645,105.82678594559195,1.40494117288238,99.69589401362846,106.3558550840852,105.83611143307085,106.3558550840852,6.659961070456745,-2.8170356335363396,721.1343123458316,3.44848262293959,705.9893826403642,722.4285714285736,721.1425576644996,722.4285714285736,16.439188788209435,-6.896036739414744,53.474068172777244,0.03627486199813453,53.31242658035991,53.51739820484373,53.47408047654903,53.51739820484373,0.204971624483818,0.017659850352500263,451.00000000000006,0.0,451.00000000000006,451.00000000000006,451.00000000000006,451.00000000000006,0.0,0.0,0.004434491754624483,0.00010249799006544493,0.0040483825377173,0.0044774586005021,0.004435676155875222,0.0044774586005021,0.0004290760627847995,-0.0002231038426098421,317.49764043882686,0.16936196469807285,317.0000592174316,317.57294901687516,317.49768560998626,317.57294901687516,0.5728897994435442,-0.3840040247489636,0.28000725105740165,0.029361737060855056,0.1603269686238077,0.3349617295718426,0.2815424874649536,0.3349617295718426,0.17463476094803493,-0.0460822357766706
2999.6575687558447,0.43831177492499057,2998.7913686671377,3000.000000000001,2999.6576007790345,3000.000000000001,1.208631332863206,-1.303528711849693,143.45796525389395,10.780686155104327,115.27543803734297,150.50204081632654,143.86247248244518,150.50204081632654,35.226602778983576,-30.962215022382544,143.03945573721347,0.08016667248181177,142.5828049780655,143.34723094820117,143.03947820197618,143.34723094820117,0.7644259701356759,-0.13221007477961325,136.76169894420693,0.03986165133836169,136.68251789267148,136.79271699909862,136.76170475340362,136.79271699909862,0.11019910642713171,-0.11837294086537169,6.282472836902816,0.0009156102773629831,6.28065395563544,6.283185307179589,6.282472903623533,6.283185307179589,0.002531351544148741,-0.002718986002014645,-0.004716043896302946,0.06915099305346492,-0.4467541098164718,0.3496729120072119,0.06931162175502902,0.4467541098164718,0.7964270218236837,-0.011118147912310814,35.76249763556515,68.24265284795767,-8.457901171535207,154.38750893834583,77.04554435436658,154.38750893834583,162.84541010988104,-1.479487211909129,35.75969849549358,68.2417197210245,-8.457901171535207,154.42449996919711,77.04341858310462,154.42449996919711,162.88240114073233,-0.4361671173760479,35.75830458826794,68.23769508727821,-8.457901171535207,154.37049950954506,77.03920675767435,154.37049950954506,162.82840068108027,1.3343789675368456,35.75895501788677,68.23962477922271,-8.457901171535207,154.4182014696166,77.0412178900383,154.4182014696166,162.87610264115182,0.44906528696871356,103.50023106488565,4.7768172310486845,89.75873981358826,106.3558550840852,103.61040398214628,106.3558550840852,16.597115270496943,-13.092691170964178,715.326001663199,11.936924508084592,680.7457267723985,722.4285714285736,715.4255927922698,722.4285714285736,41.68284465617512,-32.631048475371045,53.386185058089715,0.21109372608690988,52.63426622861013,53.51739820484373,53.38660239814663,53.51739820484373,0.8831319762335994,-0.49371577704600245,451.00000000000006,0.0,451.00000000000006,451.00000000000006,451.00000000000006,451.00000000000006,0.0,0.0,0.004304975734781795,0.00026380781512790275,0.003615656332892,0.0044774586005021,0.0043130511984420744,0.0044774586005021,0.0008618022676100995,-0.0007578990423542611,317.4211859627448,0.2152538747177451,317.0,317.57294901687516,317.4212589481461,317.57294901687516,0.5729490168751568,-0.547074003511984,0.3202964137051215,0.09882541999212112,0.1603269686238077,0.6446763252850842,0.33519584763087606,0.6446763252850842,0.48434935666127654,0.18358344346479397
2999.6566790010033,0.4668465218180944,2998.7913686671377,3000.879484951526,2999.6567153294404,3000.879484951526,2.088116284388434,-0.4851550233230192,136.37553897784363,14.733904838082026,115.08307002526688,150.50204081632654,137.1691495317916,150.50204081632654,35.418970791059664,-48.01800831639671,143.04359662445228,0.1295130665708208,142.5828049780655,143.70442060929994,143.04365525563665,143.70442060929994,1.121615631234448,-0.03049041208898937,136.7614257703572,0.042576921206307204,136.68251789267148,136.8729335129641,136.76143239793572,136.8729335129641,0.19041562029261172,-0.04490741359243772,6.282466553059705,0.0009779561063698052,6.28065395563544,6.285027296154691,6.282466629176157,6.285027296154691,0.004373340519251201,-0.0010315548611105842,-0.00029569896462675337,0.12485135881853335,-0.5071419307954157,0.6537344680849904,0.124851708985948,0.6537344680849904,1.160876398880406,0.015448556364539514,35.763336885682904,68.0173858552239,-8.457901171535207,154.38750893834583,76.84647710713394,154.38750893834583,162.84541010988104,-1.455152882969936,35.760745156749664,68.01679446921112,-8.457901171535207,154.42449996919711,76.84474753704968,154.42449996919711,162.88240114073233,-0.41068852706633385,35.75942217478191,68.01288987208436,-8.457901171535207,154.37049950954506,76.84067583660726,154.37049950954506,162.82840068108027,1.3602903537920623,35.7600924072378,68.01485607844717,-8.457901171535207,154.4182014696166,76.84272806418359,154.4182014696166,162.87610264115182,0.4750606441553064,99.68560793432762,7.707980768368696,86.2723948405644,106.3558550840852,99.98316556681941,106.3558550840852,20.083460243520804,-24.64900564414795,705.6666937455431,19.48887585871806,671.249015024961,722.4285714285736,705.93576120211,722.4285714285736,51.17955640361265,-62.23057218346264,53.127175129085515,0.5318249887619252,51.73308265043484,53.51739820484373,53.129836956414564,53.51739820484373,1.7843155544088916,-1.569535956036682,451.00000000000006,0.0,451.00000000000006,451.00000000000006,451.00000000000006,451.00000000000006,0.0,0.0,0.004131916599945391,0.00036012909517452185,0.0036113264829556,0.0044774586005021,0.004147580952084661,0.0044774586005021,0.0008661321175464994,-0.0011737882708646014,317.4211859627448,0.21525387471774507,317.0,317.57294901687516,317.4212589481461,317.57294901687516,0.5729490168751568,-0.18356968224156167,0.39232814941576205,0.1618099091775599,0.1603269686238077,0.6609040201701312,0.42438640827911384,0.6609040201701312,0.5005770515463235,0.45637256976483537
2999.656363408074,0.4668092701612171,2998.7913686671377,3000.879484951526,2999.6563997307167,3000.879484951526,2.088116284388434,0.33617385703309793,129.2930934441127,14.752346628094633,115.08307002526688,150.50204081632654,130.13199354264697,150.50204081632654,35.418970791059664,-48.109963772088385,143.04383849528037,0.12981829813539802,142.5828049780655,143.70442060929994,143.0438974030503,143.70442060929994,1.121615631234448,0.047761750979556566,136.76138462851546,0.04256541184352461,136.68251789267148,136.8729335129641,136.7613912525133,136.8729335129641,0.19041562029261172,0.029906704479544605,6.282465608125815,0.0009776916570932962,6.28065395563544,6.285027296154691,6.282465684201118,6.285027296154691,0.004373340519251201,0.0006869127459684953,-1.1741360898390508e-05,0.12511909046972655,-0.5071419307954157,0.6537344680849904,0.12511909102063992,0.6537344680849904,1.160876398880406,0.017168133754125455,35.763364277707154,67.78991369427408,-8.457901171535207,154.38750893834583,76.64522570347815,154.38750893834583,162.84541010988104,-1.435708631763386,35.76079983171192,67.78936496997578,-8.457901171535207,154.42449996919711,76.6435438092234,154.42449996919711,162.88240114073233,-0.391177499014125,35.75950786313129,67.78550241640657,-8.457901171535207,154.37049950954506,76.63952466226556,154.37049950954506,162.82840068108027,1.3799895710321084,35.76016652272998,67.7874545395158,-8.457901171535207,154.4182014696166,76.6415585872332,154.4182014696166,162.87610264115182,0.49465831072506483,95.63757470507285,8.423609668735441,86.05173935877258,106.3558550840852,96.0078272606958,106.3558550840852,20.304115725312627,-28.07189446943325,695.3255917482959,21.468713849526836,670.4938132667243,722.4285714285736,695.6569443443161,722.4285714285736,51.934758161849345,-71.64757437637013,52.690630329988544,0.8598041326001629,50.90506076730202,53.51739820484373,52.6976449921431,53.51739820484373,2.6123374375417114,-2.8241735767246685,451.00000000000006,0.0,451.00000000000006,451.00000000000006,451.00000000000006,451.00000000000006,0.0,0.0,0.003958859385888545,0.0003604040659251111,0.0036113264829556,0.0044774586005021,0.003975230650914885,0.0044774586005021,0.0008661321175464994,-0.0011751588431461483,317.4211859627448,0.2152538747177451,317.0,317.57294901687516,317.4212589481461,317.57294901687516,0.5729490168751568,0.17993463902882542,0.4642921762801736,0.17942436982340326,0.1603269686238077,0.6609040201701312,0.4977552907217614,0.6609040201701312,0.5005770515463235,0.5563950458690378
2999.6563238603594,0.46678141784556415,2998.7913686671377,3000.879484951526,2999.6563601786684,3000.879484951526,2.088116284388434,1.1591241494495728,122.2106448104038,10.856034494903971,115.08307002526688,150.50204081632654,122.6918709203231,150.50204081632654,35.418970791059664,-31.237987959471525,143.0438462547934,0.1298218797940008,142.5828049780655,143.70442060929994,143.04390516581068,143.70442060929994,1.121615631234448,0.12459276187783794,136.76138050022118,0.04256248941963335,136.68251789267148,136.8729335129641,136.76138712330973,136.8729335129641,0.19041562029261172,0.10494032656764994,6.282465513314656,0.0009776245377788285,6.28065395563544,6.285027296154691,6.282465589379517,6.285027296154691,0.004373340519251201,0.0024104219282962717,2.412575517036775e-07,0.12512086888122634,-0.5071419307954157,0.6537344680849904,0.12512086888145896,0.6537344680849904,1.160876398880406,0.01724201338181745,35.7633627423282,67.56162229050338,-8.430039317004848,154.38750893834583,76.44338376317464,154.38750893834583,162.8175482553507,-1.4164424892892498,35.76080086476946,67.56107588429052,-8.457901171535207,154.42449996919711,76.44170231707663,154.42449996919711,162.88240114073233,-0.3719921689465156,35.75951289000881,67.5572073568362,-8.438532085787942,154.37049950954506,76.4376806816198,154.37049950954506,162.809031595333,1.3992005895471182,35.76016975768691,67.55916289559902,-8.447950699568695,154.4182014696166,76.43971632765698,154.4182014696166,162.8661521691853,0.5138268305664674,91.57476801499166,7.0632990179571005,86.03777397210148,106.3558550840852,91.84676548478238,106.3558550840852,20.31808111198373,-21.86240433282879,684.9302751823525,18.156763098153217,670.4337592911234,722.4285714285736,685.1708910246958,722.4285714285736,51.99481213745025,-56.53032837417848,52.09331308526918,1.0947321511291064,50.15971255624928,53.51739820484373,52.10481462094068,53.51739820484373,3.3576856485944475,-3.756691734831921,451.00000000000006,0.0,451.00000000000006,451.00000000000006,451.00000000000006,451.00000000000006,0.0,0.0,0.003785802476587465,0.0002649368069359369,0.0036113264829556,0.0044774586005021,0.0037950615151015926,0.0044774586005021,0.0008661321175464994,-0.0007620201222867184,317.42118596274474,0.21525387471774507,317.0,317.57294901687516,317.4212589481461,317.57294901687516,0.5729490168751568,0.5434389602989661,0.5362521902653473,0.16686877499720051,0.1603269686238077,0.6609040201701312,0.5616151704089275,0.6609040201701312,0.5005770515463235,0.48403413820881147
2999.804850936773,0.42176729087710874,2998.871141687717,3000.879484951526,2999.8048805866433,3000.879484951526,2.0083432638089107,0.9227817656020912,116.8797266397574,4.247219308909103,115.08307002526688,132.8037368931842,116.95686970521393,132.8037368931842,17.72066686791733,-9.281206901573867,143.0612527610014,0.1084792452990358,142.59175371942706,143.70442060929994,143.06129388934588,143.70442060929994,1.1126668898728838,0.07419600062937928,136.77476176203416,0.03855281689069244,136.68978997065173,136.8729335129641,136.77476719549148,136.8729335129641,0.18314354231236507,0.08467960516607176,6.282772869808169,0.0008855287685818384,6.280821031859046,6.285027296154691,6.282772932213831,6.285027296154691,0.004206264295645745,0.0019450983133127292,0.003718129159067228,0.10425126712712941,-0.5071419307954157,0.6537344680849904,0.10431754973184329,0.6537344680849904,1.160876398880406,-0.012428702849971083,35.76635053080389,67.39371780122563,-7.819478810760286,153.23313650121398,76.2964286802703,153.23313650121398,161.05261531197425,-1.4205037894085155,35.765223881190174,67.39381387137183,-7.838255912042921,153.2350198566837,76.29598539504399,153.2350198566837,161.0732757687266,-0.3851194424551255,35.76466931724413,67.3919781042922,-7.825776541383648,153.23626274888298,76.29410386249532,153.23626274888298,161.06203929026663,1.381735149324467,35.7650090317632,67.3930067890362,-7.832027472302022,153.2365774336816,76.29517176800366,153.2365774336816,161.06860490598362,0.4980840831686416,88.04009539168345,3.635916190339793,86.0368900838082,99.60075101337628,88.1151421897502,99.60075101337628,13.56386092956808,-9.44478214500104,675.8249066814657,9.54373252264992,670.4289839389795,705.7499819551895,675.8922897337088,705.7499819551895,35.320998016209955,-25.136867948208856,51.36587561116499,1.1593967806765306,49.489740507050016,53.307976093507854,51.37895851607656,53.307976093507854,3.8182355864578383,-4.004147075718628,451.00000000000006,0.0,451.00000000000006,451.00000000000006,451.00000000000006,451.00000000000006,0.0,0.0,0.003655712444471932,0.00010346201118876672,0.0036113264829556,0.0040440473529783,0.003657176214571315,0.0040440473529783,0.00043272087002269944,-0.00022584289042164212,317.49649454079304,0.17078088667337335,317.0,317.57294901687516,317.49654047218075,317.57294901687516,0.5729490168751568,0.3890481680154807,0.6183663235076279,0.07492203213331294,0.3382502524463691,0.6609040201701312,0.6228886103849752,0.6609040201701312,0.3226537677237621,0.16378777107341688
2999.9987512153252,0.16315716286568516,2998.871141687717,3000.879484951526,2999.9987556520373,3000.879484951526,2.0083432638089107,0.008028024733420765,115.08982244254172,0.0013041899255451092,115.08307002526688,115.0984115805368,115.0898224499312,115.0984115805368,0.015341555269927198,-0.00016269608022870567,143.0802922443057,0.10053354984258668,142.59175371942706,143.70442060929994,143.0803275636122,143.70442060929994,1.1126668898728838,-0.02612153761238838,136.79239821031462,0.015568208792113106,136.68978997065173,136.8729335129641,136.79239909621595,136.8729335129641,0.18314354231236507,0.0019541001967309543,6.283177975672761,0.00035755160532684947,6.280821031859046,6.285027296154691,6.2831779858462085,6.285027296154691,0.004206264295645745,4.493442792102255e-05,0.004716058318272404,0.10406196641610271,-0.5071419307954157,0.6537344680849904,0.10416877680210819,0.6537344680849904,1.160876398880406,-0.02812057223700233,35.76984023653815,67.34090485861236,-7.166302434291079,152.91286815957312,76.25141925055654,152.91286815957312,160.0791705938642,-1.4376018547488199,35.770077701007416,67.34130253514,-7.167087976691224,152.96345555856402,76.2518818513049,152.96345555856402,160.13054353525524,-0.4108589451964746,35.770184032633516,67.34150048724648,-7.167557411672709,152.88257755985376,76.25210655189984,152.88257755985376,160.05013497152646,1.3520829003063395,35.7701902741266,67.34150658022585,-7.167845232172339,152.9519864009521,76.25211486078156,152.9519864009521,160.11983163312445,0.47025636202656224,86.30284932635344,0.6461368532495487,86.03683413896525,89.657562324718,86.30526805867873,89.657562324718,3.6207281857527533,-1.36205663247289,671.2332469778222,1.8575650396390755,670.4286042281618,680.487315371997,671.2358172775545,680.487315371997,10.05871114383524,-4.057128125185928,50.60020214979564,1.0824914417440223,48.88758242215404,52.62517528906108,50.61177970909176,52.62517528906108,3.7375928669070433,-3.7340496530869802,451.00000000000006,0.0,451.00000000000006,451.00000000000006,451.00000000000006,451.00000000000006,0.0,0.0,0.0036121715888339833,1.2816445318794701e-07,0.0036113264829556,0.0036128342527992,0.003612171591107702,0.0036128342527992,1.5077698435998765e-06,1.614600490082029e-08,317.5729490168751,5.684341886080802e-14,317.57294901687516,317.57294901687516,317.5729490168751,317.57294901687516,0.0,1.4082777600446754e-13,0.6500370463382622,0.0017545155611671157,0.6415145906920178,0.6609040201701312,0.6500394141411938,0.6609040201701312,0.019389429478113396,-0.0004527054484268836
2999.9996409559826,0.01353056065967116,2999.9113300233385,3000.068543452886,2999.9996409864957,3000.068543452886,0.15721342954748252,0.002184235559467399,115.08979973906087,0.0001061259667392883,115.08927215453534,115.0904733692978,115.0897997391098,115.0904733692978,0.0012012147624602676,-2.3062229434704143e-05,143.07615134325135,0.007997528564393543,143.03787891388902,143.1249346503449,143.07615156677028,143.1249346503449,0.0870557364558806,-0.0014674326834203675,136.79267138344028,0.0012666616068842428,136.7846308472509,136.79896790060926,136.7926713893048,136.79896790060926,0.014337053358360663,0.00027533516952436333,6.283184259499244,2.909034704879046e-05,6.2829995972147366,6.283328864251612,6.283184259566586,6.283328864251612,0.0003292670368750805,6.323743852147237e-06,0.0002957003117904651,0.00819745664916735,-0.0389868474463117,0.050533625530992,0.008202788196056935,0.050533625530992,0.0895204729773037,-0.0017490915968667664,35.76900098221291,67.33938745691209,-7.157840404089499,152.37085909653297,76.24968547041802,152.37085909653297,159.52869950062248,-1.4326105342651352,35.769031035839085,67.3394369086279,-7.157781310817159,152.36579047268486,76.24974324162605,152.36579047268486,159.52357178350204,-0.40462405552509834,35.76906644371872,67.33950022273469,-7.157819672409612,152.37392858641715,76.24981576700922,152.37392858641715,159.53174825882675,1.3587361107581053,35.769052881480604,67.33947586770716,-7.157717022718863,152.37226614145695,76.24978789593891,152.37226614145695,159.5299831641758,0.4770310463486197,86.05366776489448,0.040896418179892105,86.03683059774362,86.26598906287171,86.05367748276574,86.26598906287171,0.22915846512809424,-0.08620997206883771,670.4925572502916,0.14770969246362115,670.4285740364951,671.2284736809393,670.492573520534,671.2284736809393,0.7998996444441673,-0.32261307151157465,49.887013811017354,0.9750840953397706,48.34637806329607,51.72438300341216,49.8965423248307,51.72438300341216,3.378004940116085,-3.3631202892603573,451.00000000000006,0.0,451.00000000000006,451.00000000000006,451.00000000000006,451.00000000000006,0.0,0.0,0.0036121738483466713,1.042687833051682e-08,0.0036121076581988,0.0036122256777,0.0036121738483617205,0.0036122256777,1.1801950120004026e-07,2.2668771726859935e-09,317.5729490168751,5.684341886080802e-14,317.57294901687516,317.57294901687516,317.5729490168751,317.57294901687516,0.0,1.4082777600446754e-13,0.649965197956722,0.0001397697696473017,0.6492976737719284,0.6508170207382238,0.6499652129849024,0.6508170207382238,0.0015193469662954096,-2.505466514563931e-05
2999.999956548591,0.001088284299025169,2999.9931636133947,3000.005321287051,2999.9999565487888,3000.005321287051,0.012157673656474799,0.0002615294889512301,115.08979629319784,8.368541002747609e-06,115.089755259174,115.08984815358464,115.08979629319815,115.08984815358464,9.28944106419749e-05,-2.2462781764932277e-06,143.07590947120124,0.0006598602554146071,143.0716864043494,143.07969134672658,143.07590947272286,143.07969134672658,0.008004942377169755,-4.0560435858927676e-05,136.79271252530705,9.988085853079748e-05,136.79209355454338,136.79320227507134,136.79271252534352,136.79320227507134,0.0011087205279523005,2.6810422815715734e-05,6.283185204433709,2.2938725062610405e-06,6.283170989084962,6.283196452057125,6.283185204434127,6.283196452057125,2.5462972163659003e-05,6.157326670245722e-07,1.1741460463863189e-05,0.0006692497359150248,-0.0039544074159767,0.0039523649427755,0.0006693527253370639,0.0039544074159767,0.007906772358752201,-6.798659125613858e-05,35.76897358989304,67.33933634983636,-7.1570555713633945,152.3279043746657,76.24962748571863,152.3279043746657,159.4849599460291,-1.432451964157761,35.76897636055365,67.33934086143957,-7.157060585507042,152.32785819921335,76.24963276983692,152.32785819921335,159.4849187847204,-0.4043016575756855,35.76898075508476,67.33934867185724,-7.1570519469974,152.32757495788752,76.2496417290441,152.32757495788752,159.48462690488492,1.3592434409437029,35.768978765669786,67.33934513067591,-7.157059231107486,152.32745917018752,76.24963766843238,152.32745917018752,159.48451840129502,0.47746962035387613,86.03789606503645,0.0025884836856367114,86.03683037356963,86.05133376797117,86.0378961039742,86.05133376797117,0.014503394401543801,-0.005456569152033593,670.433659434787,0.011745616759221438,670.42857163593,670.4921810194661,670.4336595376752,670.4921810194661,0.063609383536118,-0.025653480433486503,49.24472824757299,0.8765177981756355,47.859957604218984,50.8972082861088,49.25252829680759,50.8972082861088,3.037250681889816,-3.0231317270804783,451.00000000000006,0.0,451.00000000000006,451.00000000000006,451.00000000000006,451.00000000000006,0.0,0.0,0.0036121741870859692,8.221898690023948e-10,0.0036121690918875,0.0036121782185488,0.0036121741870860633,0.0036121782185488,9.126661299971306e-09,2.2069783894777378e-10,317.5729490168751,5.684341886080802e-14,317.57294901687516,317.57294901687516,317.5729490168751,317.57294901687516,0.0,1.4082777600446754e-13,0.6499610586434994,1.1546350991281642e-05,0.6498865843936498,0.6500268889072806,0.649961058746058,0.6500268889072806,0.00014030451363078456,-6.488985239292225e-07
2999.999996096353,8.514860640231513e-05,2999.999464720882,3000.0004133983075,2999.9999960963537,3000.0004133983075,0.0009486774256401986,2.334441261557935e-05,115.0897959473142,6.509421276363561e-07,115.0897927596655,115.08980000833458,115.0897959473142,115.08980000833458,7.248669078308012e-06,-1.7239569506668498e-07,143.07590171160265,5.534411416113618e-05,143.07552061458628,143.07619868541553,143.07590171161337,143.07619868541553,0.0006780708292524196,3.7424716012829488e-06,136.79271665360966,7.769165628453621e-06,136.79266818424625,136.79275469901958,136.79271665360983,136.79275469901958,8.6514773329327e-05,2.057590116020586e-06,6.2831852992450585,1.784272926528096e-07,6.2831841860936235,6.2831861729989775,6.28318529924506,6.2831861729989775,1.9869053540233494e-06,4.725479434502609e-08,-2.4125202831038894e-07,5.604634378576509e-05,-0.0003870647958992,0.0003044743941451,5.604686301920326e-05,0.0003870647958992,0.0006915391900443001,1.6376267840080785e-06,35.76897512525695,67.33933879236295,-7.156999705475308,152.32429818346384,76.24963036306399,152.32429818346384,159.48129788893914,-1.4324617196031284,35.76897532747517,67.33933911822585,-7.156999226986006,152.3243390612921,76.24963074570886,152.3243390612921,159.48133828827812,-0.40429597785060745,35.768975728182,67.33933982787374,-7.157000033765157,152.32433410062103,76.24963156040253,152.32433410062103,159.48133413438617,1.3592729657587441,35.76897553068855,67.33933947773005,-7.156999877497603,152.32435092787833,76.24963115853066,152.32435092787833,159.48135080537594,0.47748847416673823,86.03689781099817,0.0001638333597068376,86.03683035937723,86.03774827939507,86.03689781115415,86.03774827939507,0.0009179200178408564,-0.0003453663356096799,670.4289760156196,0.0009339925806154967,670.428571445059,670.4336296192436,670.4289760162701,670.4336296192436,0.005058174184568998,-0.002039910708979067,48.667376967430975,0.7878001675775684,47.42277551054784,50.15265283785144,48.673752783138326,50.15265283785144,2.7298773273036048,-2.717140644427779,451.00000000000006,0.0,451.00000000000006,451.00000000000006,451.00000000000006,451.00000000000006,0.0,0.0,0.0036121742210693643,6.395344459234605e-11,0.003612173822084,0.0036121745342477,0.0036121742210693648,0.0036121745342477,7.121636999736503e-10,1.6937483467341517e-11,317.5729490168751,5.684341886080802e-14,317.57294901687516,317.57294901687516,317.5729490168751,317.57294901687516,0.0,1.4082777600446754e-13,0.6499609322293655,9.683807060269894e-07,0.6499542757494351,0.6499661161451159,0.6499609322300868,0.6499661161451159,1.1840395680806637e-05,7.016783141529579e-08
1151.4654433529474,63.00705054765342,911.720202809392,1194.032481769125,1153.1879966660747,1194.032481769125,282.312278959733,165.9656838065338,23.783483843409442,0.3193612349471254,22.48604081632653,23.992660814092996,23.7856279153632,23.992660814092996,1.5066199977664674,0.8299105521047488,23.802399829089946,16.254815133764897,0.0,46.95291753410813,28.823137453385147,46.95291753410813,46.95291753410813,0.5796251506365245,20.19440242928213,2.1114992800925494,12.311344529918864,21.66969250705582,20.304490111441538,21.66969250705582,9.358347977136956,5.655971972088352,2.410426013747362,0.1340029904561528,1.884955592153876,2.500775781915648,2.4141479592604074,2.500775781915648,0.6158201897617721,0.3530270892404336,1.1975713860604604,16.52553683145971,-24.119726553227597,29.058448561222537,16.568872767712417,29.058448561222537,53.178175114450134,-5.42937391069226,5.956750111304482,13.920182833568107,-1.631463289902066,48.940463950098525,15.141147975252412,48.940463950098525,50.57192724000059,0.3901120649643996,5.934066272078647,13.92035095011174,-1.6314237749968996,48.9560188893196,15.132392841044611,48.9560188893196,50.5874426643165,0.7088597138193631,5.941996729826944,13.93482625316372,-1.6302233598049387,48.93675662711174,15.148818694642,48.93675662711174,50.56697998691668,-0.06746255056789835,5.960416146109057,13.986730079321163,-1.6310647937488316,48.90069765226432,15.203788309055902,48.90069765226432,50.531762446013154,-0.4524562675112908,31.746536568918298,2.1022500076991175,25.07229836145782,33.30756686432096,31.816065740699894,33.30756686432096,8.235268502863143,6.163434309075841,517.3582649727476,19.532043524198553,509.3144330609432,617.1107142857143,517.7268344019295,617.1107142857143,107.79628122477106,-41.21937837756497,24.918939919488807,0.04277029276430539,24.848985152366463,24.999579506279403,24.918976624432954,24.999579506279403,0.15059435391293974,-0.14766686106543955,379.9171122102366,3.1757723362978263,367.3392958486187,382.0427234987758,379.9303853077528,382.0427234987758,14.703427650157096,8.337260205543998,0.001023109871944987,1.5040174812255864e-05,0.0009648312881527,0.0010333343643073,0.0010232204146368813,0.0010333343643073,6.850307615459991e-05,3.978014766778125e-05,322.4270509831249,5.684341886080802e-14,322.42705098312484,322.42705098312484,322.42705098312484,322.42705098312484,0.0,3.5206944001116885e-14,0.3221521091600989,0.12501131468678614,0.0673453583106333,0.4871839984936315,0.3455572459608089,0.4871839984936315,0.41983864018299816,0.013185197765483108
1180.8536025593844,14.34524273112341,1119.68223144914,1194.1727491254155,1180.940733765455,1194.1727491254155,74.49051767627543,35.580389470192564,23.930691668778767,0.06824398742525085,23.64049091665077,23.993306785539904,23.930788975459567,23.993306785539904,0.3528158688891345,0.16903038362563258,23.933629063136003,16.360448077360356,0.0,46.95291753410813,28.99108244656954,46.95291753410813,46.95291753410813,0.3949944461442092,21.192590244704235,0.5148891711817678,19.055047638671255,21.674784041933727,21.198844122700024,21.674784041933727,2.619736403262472,1.2818577715037953,2.472905868894198,0.03040105915812277,2.345056981783763,2.5010695571796884,2.473092731947046,2.5010695571796884,0.15601257539592517,0.07548173851148626,0.2681329495375711,16.513557392129268,-24.12693081016424,24.921877582572694,16.515734104839993,24.921877582572694,49.04880839273693,-0.9623450638710858,5.952531987130951,14.011672014506848,-1.631463289902066,48.940463950098525,15.22365231145048,48.940463950098525,50.57192724000059,0.58525749555622,6.057998934358986,14.099157214896547,-1.6314237749968996,48.9560188893196,15.345539588397141,48.9560188893196,50.5874426643165,-0.028041791506855426,5.953541388298567,13.972698849567339,-1.6309492230972968,48.93675662711174,15.18818515171857,48.93675662711174,50.56770585020904,0.10242600525761938,5.959409730207644,14.005732770024801,-1.6312403586153816,48.95839248294979,15.220877594864236,48.95839248294979,50.58963284156517,-0.26509901021287824,32.80769059200738,0.7308216299870244,30.323907779782395,33.326771509776634,32.8158294461034,33.326771509776634,3.002863729994239,2.0952858550849167,509.79127844014516,1.1904000999719928,509.3144330609432,516.2314161855105,509.79266827410885,516.2314161855105,6.9169831245673095,-2.2849268857863247,24.890078030957994,0.039886799030024137,24.824003511607273,24.962633687387044,24.89010999059495,24.962633687387044,0.13863017577977033,-0.13781174789228806,381.3934657852603,0.7097507657708605,378.4009443119677,382.04955030340057,381.3941261868646,382.04955030340057,3.6486059914328735,1.7612454784844724,0.0010301460875446079,3.470031025454569e-06,0.0010155933821878,0.001033368057912,0.0010301519319007176,0.001033368057912,1.7774675724200033e-05,8.620594045685053e-06,322.4270509831249,5.684341886080802e-14,322.42705098312484,322.42705098312484,322.42705098312484,322.42705098312484,0.0,3.5206944001116885e-14,0.32422306520853045,0.1265741598379544,0.0673453583106333,0.4872046388448277,0.3480540388386536,0.4872046388448277,0.41985928053419436,0.0029828058170195946
1187.1523381040372,5.02555338731056,1169.3355963610925,1194.1963300589623,1187.1629753545765,1194.1963300589623,24.86073369786982,7.089884378275447,23.96077322855406,0.02340190818581889,23.877842978741835,23.99341537569633,23.960784656590437,23.99341537569633,0.1155723969544944,0.03372828658599187,23.939604883005675,16.351955049596782,0.0,46.95291753410813,28.991224808525473,46.95291753410813,46.95291753410813,-0.10673478290154158,21.420508777532667,0.18200677088392977,20.782548714447973,21.67564005994098,21.421282005356304,21.67564005994098,0.8930913454930085,0.2620001092310053,2.4863332798941475,0.010575275493153558,2.4490507460726985,2.501118944971419,2.4863557700298933,2.501118944971419,0.052068198898720386,0.01523298699752363,0.03276282557886102,16.502459375146554,-24.128993533775024,23.49002773509118,16.502491897622683,24.128993533775024,47.619021268866206,-0.38396787913008834,6.060637987499464,14.119785840049174,-1.631463289902066,48.95170376466034,15.365535623087622,48.95170376466034,50.5831670545624,0.061456861594378284,5.936533888813679,13.948860828232128,-1.6314237749968996,48.9560188893196,15.159589473940974,48.9560188893196,50.5874426643165,-0.22847477523251292,5.998203379054238,14.020424451448617,-1.631145658983604,48.95622637089743,15.249614604155607,48.95622637089743,50.58737202988104,0.02709737161353692,5.933141024446959,14.001815605800628,-1.6312469329428452,48.95839248294979,15.20700505276491,48.95839248294979,50.589639415892634,0.036524448232959805,33.17064063497473,0.23128805723193133,32.368105784990355,33.33252570183797,33.17144697326385,33.33252570183797,0.9644199168476177,0.6579453623095547,509.3659000635379,0.03292607610327226,509.3144330609432,509.56236534184234,509.3659011277301,509.56236534184234,0.24793228089913555,0.021260909988164777,24.863083592785053,0.03787329603594443,24.80015752466976,24.93128721374497,24.86311243847741,24.93128721374497,0.13112968907520894,-0.13087210188791323,381.70680296494754,0.24609487936242253,380.83820630954807,382.0506979704103,381.7068822963649,382.0506979704103,1.212491660862213,0.3545289532977782,0.0010316794486654917,1.2111655062758996e-06,0.0010274146356288,0.0010333737223639,0.0010316801596040397,0.0010333737223639,5.959086735100047e-06,1.7443732805690175e-06,322.4270509831249,5.684341886080802e-14,322.42705098312484,322.42705098312484,322.42705098312484,322.42705098312484,0.0,3.5206944001116885e-14,0.3242836005357954,0.12650119952069064,0.067718769137773,0.4872105477847429,0.3480839080690644,0.4872105477847429,0.41949177864696985,-0.0014113670029092084
1188.3959759482923,4.262728961948435,1179.123988614372,1194.1963300589623,1188.403621043077,1194.1963300589623,15.072341444590393,1.5529387815357152,23.96660195828836,0.019718893634627865,23.923607326611712,23.99341537569633,23.96661007029984,23.99341537569633,0.06980804908461735,0.00688029196215536,23.960036616307725,16.367517161041,0.0,46.95291753410813,29.01687393003903,46.95291753410813,46.95291753410813,0.19516865053183396,21.465773676982145,0.1538508997054946,21.13194229518608,21.67564005994098,21.466325015026673,21.67564005994098,0.5436977647549028,0.05368890458723476,2.4889654142047646,0.008924410234287385,2.469551506868271,2.501118944971419,2.4889814137927035,2.501118944971419,0.03156743810314788,0.0031141017341526694,0.005297525120817554,16.51802255551448,-24.12959229565877,23.337302874765395,16.51802340500393,24.12959229565877,47.466895170424166,0.13836564421042435,6.044062999741988,14.104759631910408,-1.631463289902066,48.95170376466034,15.345192791842647,48.95170376466034,50.5831670545624,0.2672264089112183,5.931417931409801,13.958918762468993,-1.6314237749968996,48.9560188893196,15.166843168380776,48.9560188893196,50.5874426643165,-0.1640387293832555,6.060280996440215,14.075512589522276,-1.6313557312152405,48.95622637089743,15.32472056559644,48.95622637089743,50.58758210211268,-0.16555713360810412,5.913429417735009,13.99932662303112,-1.6312469329428452,48.95839248294979,15.197032387174863,48.95839248294979,50.589639415892634,0.2584522700660202,33.28483708790514,0.07084006811210436,33.037448731596385,33.33399466286986,33.28491247222434,33.33399466286986,0.29654593127347795,0.20087199894283655,509.3681267081727,0.015124215389789863,509.32161629870893,509.38224273365626,509.3681269327077,509.38224273365626,0.06062643494732356,0.04238448385061591,24.83743554912047,0.03611658298504196,24.77738590802723,24.90233524335598,24.837461808008477,24.90233524335598,0.12494933532875052,-0.1248049383101706,381.7680644115433,0.20760835110172046,381.3162088884038,382.0506979704103,381.7681208610323,382.0506979704103,0.734489082006462,0.07244227586937918,0.0010319808530260108,1.0224465557294003e-06,0.0010297578131456,0.0010333737223639,0.0010319813595260586,0.0010333737223639,3.61590921830004e-06,3.5677927678946045e-07,322.4270509831249,5.684341886080802e-14,322.42705098312484,322.42705098312484,322.42705098312484,322.42705098312484,0.0,3.5206944001116885e-14,0.32441237073504553,0.12692946593384016,0.067718769137773,0.4872122629486747,0.3483596928580896,0.4872122629486747,0.41949349381090173,-0.0033375985705911726
1188.6456852308145,4.22475532294558,1180.8373728311071,1194.1963300589623,1188.653193145659,1194.1963300589623,13.358957227855171,0.27094968141563014,23.967724819955812,0.019535378399035425,23.931583281840545,23.99341537569633,23.96773278130694,23.99341537569633,0.061832093855784365,0.0011314822215649206,23.98407968090353,16.376421001089717,0.0,46.94686059457254,29.041749997974673,46.94686059457254,46.94686059457254,0.06435071686554446,21.47453556115572,0.15248227598343456,21.193400535420828,21.67564005994098,21.475076912826893,21.67564005994098,0.4822395245201534,0.00884225189616336,2.4894736311396137,0.00884309715248209,2.4731400103803187,2.501118944971419,2.489489337295242,2.501118944971419,0.027978934591100124,0.000512479700481968,0.020070488608197806,16.527037725937053,-24.129619026167212,23.24508112977755,16.527049912766028,24.129619026167212,47.374700155944765,0.054995985268888624,5.990266122743564,14.093447629014435,-1.631438910534616,48.95170376466034,15.313672136135793,48.95170376466034,50.583142675194956,0.13454992147771064,5.937938369749197,13.952989108604903,-1.63149705488485,48.9560188893196,15.163938048798105,48.9560188893196,50.587515944204455,-0.017307123602558927,6.063230504491758,14.070783634924805,-1.6313557312152405,48.95622637089743,15.32154418625835,48.95622637089743,50.58758210211268,-0.0073096773905880034,5.9816150994414246,14.06732109204366,-1.6312469329428452,48.95839248294979,15.286243551131916,48.95839248294979,50.589639415892634,-0.042597229641926734,33.3197215539509,0.021413463540539086,33.24471195346165,33.33473558166573,33.319728434806315,33.33473558166573,0.09002362820407939,0.06058360644464665,509.3754574766037,0.004941239916887958,509.3586244346707,509.38224273365626,509.3754575005701,509.38224273365626,0.023618298985581987,0.011762311176575863,24.81297359660218,0.03447335834662176,24.75564417605158,24.874889092311378,24.812997543991187,24.874889092311378,0.11924491625979883,-0.11912727809200921,381.7798869055858,0.20570780499959385,381.39979786036736,382.0506979704103,381.77994232455814,382.0506979704103,0.6509001100429259,0.011919803696551944,0.0010320390787976078,1.0131758365463326e-06,0.0010301683849347,0.0010333737223639,0.0010320395761261726,0.0010333737223639,3.205337429200081e-06,5.872346541594396e-08,322.4270509831249,5.684341886080802e-14,322.42705098312484,322.42705098312484,322.42705098312484,322.42705098312484,0.0,3.5206944001116885e-14,0.3247606911736766,0.12659041124236964,0.067718769137773,0.4872123395179794,0.34856081069178796,0.4872123395179794,0.4194935703802064,0.0011389360170326426
1188.6828652402858,4.222837819185209,1181.267701431876,1194.1963300589623,1188.6903661067934,1194.1963300589623,12.928628627086255,-0.04701990565577755,23.967970811075116,0.019506466795089862,23.933584872963745,23.99341537569633,23.967978748797233,23.99341537569633,0.05983050273258428,0.0002685317818132111,23.952614451067543,16.361048850456175,0.0,46.94686059457254,29.007096692507904,46.94686059457254,46.94686059457254,-0.21798361027152974,21.47645612757612,0.15226796757679514,21.208850229707867,21.67564005994098,21.476995910360742,21.67564005994098,0.4667898302331146,0.0021022776485376776,2.4895849979324067,0.00883032274643345,2.474041288494189,2.501118944971419,2.489600658043355,2.501118944971419,0.027077656477229706,0.00012172935716101254,-0.013426674440985692,16.511443720885953,-24.129619026167212,23.2496550509157,16.511449179995402,24.129619026167212,47.37927407708291,-0.2202076172772428,5.901483162343922,13.985177858169951,-1.631438910534616,48.95170376466034,15.179351212752008,48.95170376466034,50.583142675194956,-0.2629969483192146,5.94065376961009,13.961881569544683,-1.63149705488485,48.94590521780046,15.173183719060876,48.94590521780046,50.577402272685305,0.15248117606739375,6.061304192163933,14.079347327052648,-1.6315569258657727,48.95622637089743,15.328647352774757,48.95622637089743,50.587783296763206,0.16680718232353392,6.0381238033459645,14.094203252590747,-1.631534602445019,48.95839248294979,15.333150504376873,48.95839248294979,50.58992708539481,-0.2689957189445154,33.330241885112514,0.0064174775909379604,33.307797840366376,33.334910925652096,33.330242502930076,33.334910925652096,0.027113085285719762,0.01807428529629786,509.3775043016352,0.0022237172790247834,509.3711474207503,509.38224273365626,509.3775043064891,509.38224273365626,0.011095312905979426,0.0020965463898652632,24.789623694385526,0.03291207787628498,24.734890478423058,24.848728358806127,24.789645542324934,24.848728358806127,0.11383788038306974,-0.11373224424146362,381.78247744703737,0.2054090387780292,381.4207880112704,382.0506979704103,381.7825327047726,382.0506979704103,0.6299099591398658,0.002830775929872323,0.0010320518387071308,1.0117203295583992e-06,0.0010302715222787,0.0010333737223639,0.0010320523346016883,0.0010333737223639,3.10220008519998e-06,1.3951303749846175e-08,322.4270509831249,5.684341886080802e-14,322.42705098312484,322.42705098312484,322.42705098312484,322.42705098312484,0.0,3.5206944001116885e-14,0.3242506354809777,0.12701926873787703,0.067718769137773,0.4872123395179794,0.3482418258057509,0.4872123395179794,0.4194935703802064,0.0022694004178354524
1258.6326242413957,188.5717966483278,1181.2944837727089,2108.7695979831306,1272.6804018668474,2108.7695979831306,927.4751142104217,373.51677540708914,31.00609036598276,17.05450739220612,23.933709424309303,97.2976093103678,35.386916539510786,97.2976093103678,73.3638998860585,36.69077977122802,30.87161510926768,29.732810172261267,0.0,177.3767449540832,42.86136512285263,177.3767449540832,177.3767449540832,36.19702541594876,24.530275020399518,8.608298963699115,21.209811957678745,67.58942156594026,25.996869111969232,67.58942156594026,46.37960960826151,16.441641604778617,2.6323650288634695,0.387425870520255,2.4740973812976597,4.416596718091537,2.6607225429066728,4.416596718091537,1.942499336793877,0.7632996208840208,3.7089750600046956,26.195625315050755,-62.213921752444165,112.479184983452,26.456894784578644,112.479184983452,174.69310673589615,18.992084190286125,7.508716546961573,19.78067397739984,-6.310931164538025,154.93896642660476,21.15788002572086,154.93896642660476,161.2498975911428,8.160005899383076,7.811212447605394,21.663993212069258,-5.016897015509375,181.85457459334907,23.029191079892673,181.85457459334907,186.87147160885846,9.972242122684719,7.729180254604702,22.165987562824878,-5.5197424774948285,185.3797433595792,23.47490643311445,185.3797433595792,190.89948583707402,8.93722870567171,7.811837456716744,20.994198168145196,-6.49856920580916,165.59265981436576,22.400472342642995,165.59265981436576,172.09122902017492,9.130198196703962,34.734945923857886,3.978363771780617,33.326919098939165,54.28257628874496,34.96203436063108,54.28257628874496,20.955657189805798,7.563126519310894,515.0610450123936,15.296789009815406,509.3739501973351,583.4957886428183,515.2881444815802,583.4957886428183,74.1218384454832,30.34252813556869,24.791707788129038,0.06265214322891592,24.73439585176388,25.127883145948545,24.791786953405136,25.127883145948545,0.3934872941846663,0.023926754321910586,384.97135229652815,8.592175679369792,381.4220943237453,423.89921538840014,385.06722474383974,423.89921538840014,42.47712106465485,17.024081271545132,0.0011427246065138937,0.00028927729898126385,0.0010302779414888,0.0024711500631712,0.001178770920085081,0.0024711500631712,0.0014408721216824002,0.0005867827599401281,322.31234696176705,0.5792871783865413,319.1449422125901,323.0,322.3128675334535,323.0,3.855057787409919,-0.6973666247848496,0.40864805235517465,0.27073811206750575,0.067718769137773,1.635798423229199,0.4901962423556048,1.635798423229199,1.5680796540914261,0.4377382152550477
1556.3087509344255,607.3045726196927,1181.2944837727089,3266.6218892241022,1670.6034155836805,3266.6218892241022,2085.327405451393,1673.1267281987828,52.880368127306895,44.439439804639115,23.933709424309303,167.44876006551883,69.0738528202216,167.44876006551883,143.5150506412095,127.34574298402876,52.87598945241133,64.45788204068884,0.0,288.02125503529834,83.37079115459365,288.02125503529834,288.02125503529834,126.48428218555507,42.196513071901485,36.801523985276496,21.209811957678745,162.18780715621955,55.99015880550827,162.18780715621955,140.9779951985408,97.14864435053816,3.2520980474356582,1.2656161109680142,2.4740973812976597,6.841596886161367,3.4896885033590923,6.841596886161367,4.367499504863708,3.478331118506166,7.427378333074177,48.76873248818031,-141.32479819352506,159.79255557536732,49.331077602321976,159.79255557536732,301.1173537688924,25.857306716510713,12.847763793007365,40.22323385377309,-10.845573091313414,300.2467131009985,42.2252717710168,300.2467131009985,311.0922861923119,30.571874667829388,12.877320359101043,40.22479012074721,-10.809866235341651,296.962867646117,42.235756414311794,296.962867646117,307.77273388145863,29.82375381115876,13.714472409272775,43.93877035912412,-10.934416022502138,299.5355738093411,46.02936339052007,299.5355738093411,310.46998983184324,33.78498748741454,13.428142451280522,42.84913511693904,-10.927970827685552,296.16512894103755,44.90393512779899,296.16512894103755,307.0930997687231,32.31378036455247,43.58420613029985,18.46151805111312,33.33236837772719,100.40948186755033,47.33297658884388,100.40948186755033,67.07711348982313,48.46074443485058,541.9004933328225,55.248894079637815,509.3739501973351,703.1024318289465,544.7096336318824,703.1024318289465,193.72848163161137,150.1130206490635,25.02386360394745,0.5462437984231379,24.73439585176388,27.156912752959983,25.02982484869364,27.156912752959983,2.4225169011961043,1.2660292267901907,397.28848183616793,24.85865311064465,381.4220943237453,451.00000000000006,398.06543486487556,451.00000000000006,69.57790567625477,69.52018820555652,0.001685482494022855,0.0011211700515767278,0.0010302779414888,0.0049935935497614,0.0020243205087658593,0.0049935935497614,0.0039633156082726,0.003025601225135863,321.3728646308667,1.931344165610171,317.0,323.0,321.378667946918,323.0,6.0,-4.926358122105146,0.6585873343189432,0.6147425311291382,0.0707646558729371,2.7099701382661068,0.90091378971819,2.7099701382661068,2.63920548239317,1.4591087583667417
1917.8348257784016,791.3938886106563,1181.2944837727089,3266.6218892241022,2074.703522409592,3266.6218892241022,2085.327405451393,2525.58360361124,81.7325389060911,60.301990562933376,23.933709424309303,169.5155488164828,101.5703597605512,169.5155488164828,145.5818393921735,196.29999878364234,76.80915745924084,72.49108106096928,0.0,288.02125503529834,105.61535637863687,288.02125503529834,288.02125503529834,172.27374915866906,65.19140634197976,50.20184988505171,21.209811957678745,162.18780715621955,82.28089202680285,162.18780715621955,140.9779951985408,157.76386031591673,4.009095210402533,1.655721679051619,2.4740973812976597,6.841596886161367,4.337540626271303,6.841596886161367,4.367499504863708,5.280340381626813,7.608655906858547,50.66369863923927,-141.32479819352506,159.79255557536732,51.23184560911923,159.79255557536732,301.1173537688924,9.229548461125551,18.753516683848265,51.47477906493722,-10.903518532921227,300.2467131009985,54.784553186053046,300.2467131009985,311.1502316339197,42.231137567347204,18.84871955141057,51.559577549215405,-10.852431079185184,296.962867646117,54.896851146320635,296.962867646117,307.81529872530217,42.002347819497466,19.760592356842494,54.54773204804639,-10.934416022502138,299.5355738093411,58.0166879602651,299.5355738093411,310.46998983184324,44.552656871623114,19.440261622774127,53.64523949774356,-10.927970827685552,296.16512894103755,57.05905267994002,296.16512894103755,307.0930997687231,43.50124702559282,59.13929907206581,31.512854287129343,33.333933176821894,115.48693858000983,67.01131755201571,115.48693858000983,82.15300540318793,98.95363118216639,586.4425781615672,90.09478103156934,509.3739501973351,744.8176611901383,593.3228185818512,744.8176611901383,235.44371099280323,287.0884315630433,25.813086705968658,1.6064971226175842,24.73439585176388,30.26631115871159,25.86302917863324,30.26631115871159,5.531915306947713,4.60865960541564,411.13230329795766,30.906004615976478,381.4220943237453,451.00000000000006,412.2923137003728,451.00000000000006,69.57790567625477,98.69365599669817,0.002460017297777061,0.0016263385317746514,0.0010302779414888,0.0050271465138585,0.002949010363714797,0.0050271465138585,0.0039968685723697,0.005172115033306693,320.7020442376167,2.0287313472402735,317.0,323.0,320.7084609564667,323.0,6.0,-5.614871737055577,0.7458192238920408,0.6196206626676235,0.0730394798706797,2.7099701382661068,0.9696267737287326,2.7099701382661068,2.636930658395427,1.048866675084243
2280.050922081897,789.2177052261796,1181.2944837727089,3266.6218892241022,2412.777816859436,3266.6218892241022,2085.327405451393,2514.2855260842666,110.58100775104967,60.26954777084925,23.933709424309303,169.5155488164828,125.93878538298036,169.5155488164828,145.5818393921735,196.13730305779643,100.5961322622834,70.37085903106748,0.0,288.02125503529834,122.7666063182541,288.02125503529834,288.02125503529834,159.68692416386818,88.25147672221999,51.294352621980366,21.209811957678745,162.18780715621955,102.07562762266319,162.18780715621955,140.9779951985408,163.5260445472563,4.767750579454806,1.6546770269580413,2.4740973812976597,6.841596886161367,5.046721871812864,6.841596886161367,4.367499504863708,5.275021433666044,7.576904960608616,50.13857196011366,-141.32479819352506,159.79255557536732,50.707848376573736,159.79255557536732,301.1173537688924,-9.114141817054136,24.734213226274758,59.56474874588339,-10.903518532921227,300.2467131009985,64.49605101929143,300.2467131009985,311.1502316339197,39.50320632768097,24.778506234039277,59.645828271451116,-10.852431079185184,296.962867646117,64.58791838554453,296.962867646117,307.81529872530217,39.81149153156781,25.699294248791322,62.17648706475819,-10.934416022502138,299.5355738093411,67.27829715889071,299.5355738093411,310.46998983184324,40.40124939095112,25.38009296078941,61.40679129704611,-10.927970827685552,296.16512894103755,66.44503846110175,296.16512894103755,307.0930997687231,39.98447345177345,75.7068069285217,35.156139688787256,33.33426736134482,116.45047346095048,83.47140092947994,116.45047346095048,83.11620609960565,116.54436817649562,633.9928425348061,99.15879466159258,509.3739501973351,748.140515722189,641.7003903256591,748.140515722189,238.7665655248539,330.40759844862004,27.208446477896644,2.7541751461673782,24.73439585176388,33.14246942051482,27.347486913358825,33.14246942051482,8.408073568750943,8.901425562285363,424.97616818093405,30.151335728025643,381.4220943237453,451.00000000000006,426.04441853864677,451.00000000000006,69.57790567625477,94.70950485292788,0.003235585835183882,0.0016840494340143552,0.0010302779414888,0.0050271465138585,0.0036476071873279684,0.0050271465138585,0.0039968685723697,0.005467165227954931,320.0312238443667,1.897738515316117,317.0,323.0,320.03685045131243,323.0,6.0,-4.6966299190718495,0.8009748695273341,0.5893361714242569,0.0730394798706797,2.7099701382661068,0.99442338295282,2.7099701382661068,2.636930658395427,0.30964417070806083
2642.3196478256723,597.5417036850866,1185.446090915241,3266.6218892241022,2709.042120183527,3266.6218892241022,2081.175798308861,1635.6078583738554,139.42898233709585,44.3174312827983,23.94021308690801,169.5155488164828,146.3026856590942,169.5155488164828,145.5753357295748,126.8755986474685,124.45339460720773,59.24144590744795,0.0,288.02125503529834,137.83394481209064,288.02125503529834,288.02125503529834,89.97867983032093,111.31440611141466,40.97244043227351,21.2600877315502,162.18780715621955,118.61550439513863,162.18780715621955,140.92771942466936,114.07264182800164,5.526448789657264,1.258464741031608,2.477027947963616,6.841596886161367,5.667924640388579,6.841596886161367,4.364568938197751,3.4531562062179244,7.612539706135795,49.58684861316961,-141.32479819352506,159.79255557536732,50.167781654792094,159.79255557536732,301.1173537688924,-27.547118203898595,30.76660933052617,66.16517055984919,-10.903518532921227,300.2467131009985,72.96858258806424,300.2467131009985,311.1502316339197,22.34983276659152,30.71795277422473,66.24589630854894,-10.852431079185184,296.962867646117,73.02130785162998,296.962867646117,307.81529872530217,23.411389683165098,31.641116212041673,68.4530127192044,-10.934416022502138,299.5355738093411,75.41203607833093,299.5355738093411,310.46998983184324,21.987079784628847,31.3256205192945,67.78224341944443,-10.927970827685552,296.16512894103755,74.67079096870249,296.16512894103755,307.0930997687231,22.2399477059641,92.3386157898833,30.544533437211616,33.33430098657232,116.51128151714138,97.25938766457779,116.51128151714138,83.17698053056907,94.72944984610857,681.7823282998438,84.00734400239361,509.3739501973351,748.4056023073914,686.9384084678135,748.4056023073914,239.0316521100563,260.86973262252206,29.15411500029513,3.640587083471456,24.73439585176388,35.73257285996903,29.380542809192153,35.73257285996903,10.998177008205154,12.425871071904764,438.8191168521928,21.904894568117108,381.4903343409962,451.00000000000006,439.36549901076523,451.00000000000006,69.50966565900387,57.573031286130934,0.004011193950636957,0.0013506138033238886,0.0010306133545974,0.0050271465138585,0.004232473810356721,0.0050271465138585,0.0039965331592611,0.003904763939112888,319.36040345111684,1.478875270519155,317.0,323.0,319.3638275768342,323.0,6.0,-2.1716326681540306,0.8563070352343152,0.5508845323310778,0.1168934308400998,2.7099701382661068,1.0182020951429107,2.7099701382661068,2.593076707426007,-0.5689398563686621
2934.6279361339048,193.72299997346644,2110.1044427057236,3266.6218892241022,2941.0150839899243,3266.6218892241022,1156.5174465183786,353.47075975832416,161.23894854665176,16.510996577778528,97.8544345285681,169.5155488164828,162.0821135610627,169.5155488164828,71.6611142879147,36.11369891046681,141.3242877920432,44.20615847673976,0.0,288.02125503529834,148.07680023284837,288.02125503529834,288.02125503529834,10.485389114749585,131.32427235374018,16.100335374992003,65.69865064589159,162.18780715621955,132.30754063327814,162.18780715621955,96.48915651032796,29.49915485925499,6.142412774120919,0.4135072113379215,4.354382796339092,6.841596886161367,6.15631569215812,6.841596886161367,2.4872140898222757,0.7600812750966338,3.857602664182133,44.94600181054295,-141.32479819352506,159.79255557536732,45.11124224700575,159.79255557536732,301.1173537688924,-19.773847019601963,35.10539463507962,70.96193828864503,-10.903518532921227,300.2467131009985,79.17060956040532,300.2467131009985,311.1502316339197,2.3997930417948163,34.80683756781486,70.58193747468023,-10.852431079185184,296.962867646117,78.69768636466968,296.962867646117,307.81529872530217,5.178224034197812,35.914602642491914,72.40252353723659,-10.934416022502138,299.5355738093411,80.82069102357505,299.5355738093411,310.46998983184324,0.7003190408421005,35.497431140853,72.1791234305659,-10.927970827685552,296.16512894103755,80.43564804739542,296.16512894103755,307.0930997687231,2.2071624186548195,107.57292570653871,16.403879358152906,54.6948767861227,116.51510958145649,108.81645832805499,116.51510958145649,61.82023279533379,42.322785104441806,723.907718051036,43.81149657498633,584.6244216289429,748.4267440038449,725.2322603731844,748.4267440038449,163.80232237490202,114.66674652818004,31.570581986871858,3.985123665180279,25.13819074244108,38.06080433423224,31.821107108593466,38.06080433423224,12.922613591791158,13.762495003314628,449.474286357035,5.007405777568846,422.60708263929814,451.00000000000006,449.50217820249446,451.00000000000006,28.392917360701915,8.431710827646736,0.004676134021261016,0.000576226658711117,0.0024570387021093,0.0050271465138585,0.004711503639710373,0.0050271465138585,0.0025701078117492,0.0012231875507064955,318.80428707922465,0.6068362220264416,317.0,319.07294901687516,318.8048646277109,319.07294901687516,2.0729490168751568,1.2837857858984107,0.8271433387843283,0.5304135700118165,0.1611005578697236,2.7099701382661068,0.9826009658798256,2.7099701382661068,2.5488695803963832,-1.0059056228153196
2999.220835573964,21.45331746121056,2864.592689083825,3110.869348371854,2999.2975619919866,3110.869348371854,246.2766592880289,4.665136898502921,168.21264609253495,0.23506241746724293,166.83277762002132,169.5155488164828,168.2128103320093,169.5155488164828,2.6827711964614878,-0.029085544464668493,143.18414205590665,15.485871957153128,51.15574244412171,236.46884793520977,144.01913333498223,236.46884793520977,185.31310549108807,-0.6054231995664718,136.7207994595299,1.9556687660790943,124.72290697976368,147.090291904539,136.73478579050618,147.090291904539,22.36738492477531,0.4321597596151878,6.2813714578832425,0.04510864409678631,5.999588898368517,6.515389527415122,6.281533425978286,6.515389527415122,0.5158006290466055,0.010819041873277957,0.18197113849350322,15.73196109866247,-87.89608417806106,97.2387805730094,15.733013490907387,97.2387805730094,185.13486475107044,-1.0484020010550796,35.71338056344382,69.41240751668218,-10.903518532921227,248.32513810779253,78.06105218693457,248.32513810779253,259.2286566407138,-1.1307382923380949,35.775212952865495,69.46699966295243,-10.852431079185184,233.96089639187468,78.13789032214467,233.96089639187468,244.81332747105986,-0.4291756101425744,35.86981484457183,69.56143450306608,-10.76231651644136,250.43673805638477,78.26516969321804,250.43673805638477,261.1990545728261,0.7925207227051511,35.82573369502552,69.51796312773763,-10.62041628226715,239.3216080639081,78.20633217467991,239.3216080639081,249.94202434617523,0.1619699802090596,115.36071257856497,2.800803612042794,100.84767883309466,116.51535106587008,115.39470745015782,116.51535106587008,15.667672232775416,5.910259056459604,744.8782972916309,8.19546724000753,704.2169669670067,748.4284264246068,744.9233809321341,748.4284264246068,44.211459457600085,17.90015134133533,34.203284432580986,3.759476582076105,27.187672030760837,40.15337773233925,34.40927680360655,40.15337773233925,12.965705701578415,12.96874152174363,451.00000000000006,0.0,451.00000000000006,451.00000000000006,451.00000000000006,451.00000000000006,0.0,0.0,0.004908982702518761,2.3830817152903862e-05,0.0047550917963675,0.0050271465138585,0.004909040545918782,0.0050271465138585,0.00027205471749099965,6.592582990817372e-06,319.0729490168751,5.684341886080802e-14,319.07294901687516,319.07294901687516,319.07294901687516,319.07294901687516,0.0,3.5206944001116885e-14,0.632707916272394,0.20448694434496448,0.1696177939429608,2.2135739783626636,0.6649317391441735,2.2135739783626636,2.0439561844197027,-0.18313577898432032
2999.946643792858,1.6421139535038498,2989.563796509639,3008.340482905032,2999.9470932238573,3008.340482905032,18.77668639539297,0.31668294289057575,168.20854391051958,0.018770389422481274,168.11424535759798,168.3234916861485,168.20854495781333,168.3234916861485,0.20924632855050618,-0.0022519165420817814,143.03807725136215,1.3355462248217747,134.5541743714937,150.13359558525843,143.0443121116155,150.13359558525843,15.579421213764732,0.22841813626239046,136.78939315467863,0.1534616131217701,135.84264132191262,137.55438585547265,136.78947923759324,137.55438585547265,1.7117445335600223,0.01956993318365913,6.283107982086069,0.0035252439538927937,6.261327773701795,6.300653573727479,6.2831089710348484,6.300653573727479,0.03932580002568464,0.0004548658673956223,-0.03442388540260224,1.3671090586387447,-8.925646566655875,7.233696056835145,1.3675423876788337,8.925646566655875,16.15934262349102,0.20839333721134792,35.75479340675867,68.97587166420296,-9.197968147320235,160.55696301003218,77.69218830356492,160.55696301003218,169.75493115735242,-1.3892254558862396,35.757229087793675,68.97940819108965,-9.16371356949586,161.89752879440036,77.69644899498255,161.89752879440036,171.0612423638962,-0.33099015350882227,35.765254815401484,68.99319581277265,-9.211281461520311,161.91617484534785,77.71238331482434,161.91617484534785,171.12745630686817,1.4076967613423157,35.76079994140829,68.98555640063438,-9.19982268859662,162.4015586220469,77.70355078343933,162.4015586220469,171.60138131064352,0.5409369843152203,116.44202037912054,0.1781840037003202,115.5138547779374,116.51536639867228,116.44215671100693,116.51536639867228,1.0015116207348882,0.3755521177663492,748.146288411714,0.6514754039057128,744.9114559700798,748.4285599382958,748.1465720595298,748.4285599382958,3.51710396821602,1.4231988403812048,36.68032331085563,3.388390617667633,30.296557788598797,42.03412964291596,36.83649425728237,42.03412964291596,11.73757185431716,11.68678101156559,451.00000000000006,0.0,451.00000000000006,451.00000000000006,451.00000000000006,451.00000000000006,0.0,0.0,0.004910059250618783,1.8475907236223014e-06,0.004898611041237,0.0049192263031377,0.004910059598230817,0.0049192263031377,2.061526190070065e-05,2.439329585747297e-07,319.0729490168751,5.684341886080802e-14,319.07294901687516,319.07294901687516,319.07294901687516,319.07294901687516,0.0,3.5206944001116885e-14,0.6006845703848376,0.023343132978980552,0.4767385261504152,0.7487801851750571,0.601137966656317,0.7487801851750571,0.2720416590246419,-0.004020959832424838
2999.9993917753236,0.13579476629422194,2999.2091647641982,3000.897312907454,2999.999394848694,3000.897312907454,1.688148143255603,0.0033023056464825838,168.20814781352496,0.0015944541710050442,168.19714423337857,168.21698781246943,168.20814782108192,168.21698781246943,0.01984357909086043,9.611351407843185e-05,143.07190069948913,0.1037236144195919,142.41480682543244,143.6101828928352,143.0719382980208,143.6101828928352,1.1953760674027762,0.023911981484871857,136.79284163282625,0.013019750216807941,136.72060617124612,136.8826271239133,136.79284225242702,136.8826271239133,0.1620209526671772,-0.0007763227216681432,6.283188162412552,0.00029900836855318495,6.281528985734924,6.285249851225253,6.283188169527253,6.285249851225253,0.0037208654903295724,-1.7789761194093324e-05,-0.004129095749680001,0.1071057302195695,-0.6784560141942304,0.5537479383354356,0.10718529226333819,0.6784560141942304,1.232203952529666,0.024706093967750177,35.76807838563452,68.99555284259901,-9.03867000660335,155.7065850964935,77.71577538348804,155.7065850964935,164.74525510309687,-1.4693395757376213,35.76790673066005,68.99525857630177,-9.040060500600552,155.68806103511986,77.71543513295116,155.68806103511986,164.72812153572042,-0.39538642342331154,35.768022552710256,68.99544817012759,-9.037131944802152,155.65000720041138,77.71565675929114,155.65000720041138,164.68713914521354,1.3906028187976112,35.76789303048431,68.99522488062739,-9.039490799845137,155.60057202353178,77.71539891275418,155.60057202353178,164.64006282337692,0.4980351618480748,116.51072246853163,0.01128770110956297,116.4521041474582,116.5153673797119,116.51072301531475,116.5153673797119,0.06326323225370345,0.023784617336710546,748.4061265249555,0.05179730324077603,748.1481395779215,748.4285705172624,748.4061283174051,748.4285705172624,0.2804309393409312,0.11316022515747574,38.912257798898764,3.045998179982598,33.169760521299146,43.724500758111326,39.03129400776273,43.724500758111326,10.55474023681218,10.505725523397256,451.00000000000006,0.0,451.00000000000006,451.00000000000006,451.00000000000006,451.00000000000006,0.0,0.0,0.00491010227711422,1.5663321575095327e-07,0.0049092328854773,0.0049111819613252,0.004910102279612534,0.0049111819613252,1.9490758478993633e-06,-9.278299885189938e-09,319.0729490168751,5.684341886080802e-14,319.07294901687516,319.07294901687516,319.07294901687516,319.07294901687516,0.0,3.5206944001116885e-14,0.6000885065367361,0.0018118660827478555,0.5906941810767579,0.6115771569977011,0.6000912418425987,0.6115771569977011,0.020882975920943236,-0.00041740311702990584
3000.0002800176762,0.011450506969404469,2999.9398413982813,3000.0753862158517,3000.000280039528,3000.0753862158517,0.13554481757046233,-0.0016961732674432366,168.2081589370857,0.0001306227274305676,168.20732133781436,168.2088350368676,168.20815893713646,168.2088350368676,0.0015136990532482741,2.60444290670195e-05,143.0757134651647,0.00814604909599806,143.0251705361622,143.1161559823082,143.07571369706332,143.1161559823082,0.09098544614599291,0.00111298176873698,136.79275233394125,0.0010666829774396707,136.7872308817186,136.79959194233717,136.79275233810014,136.79959194233717,0.01236106061855935,-0.0002126272051047066,6.283186118634647,2.4497470501179012e-05,6.28305931129878,6.283343195700854,6.283186118682403,6.283343195700854,0.0002838844020738307,-4.882948908013148e-06,-0.00022498741117437355,0.008328910189018233,-0.0519312360599908,0.0421949058223374,0.00833194840790068,0.0519312360599908,0.09412614188232821,0.0013304919227635351,35.76897035455858,68.9971323984265,-9.026764556505956,155.19698661710098,77.71758822448935,155.19698661710098,164.22375117360693,-1.4746760612786805,35.76893593804378,68.99707738477238,-9.026688510059843,155.19352624399033,77.71752354379383,155.19352624399033,164.22021475405018,-0.40154335645814343,35.76889603903657,68.99700472700198,-9.026771732939622,155.19921126512443,77.71744067549665,155.19921126512443,164.22598299806407,1.3853831948647555,35.7689111335258,68.99703243595407,-9.026628807583988,155.19923130573238,77.71747222244277,155.19923130573238,164.22586011331637,0.49194920464093744,116.5150734613572,0.0007143040440699764,116.51138532561558,116.51536744264536,116.51507346354674,116.51536744264536,0.003982117029778465,0.0015053281444928574,748.4267864846219,0.004119841029039859,748.4061995547885,748.4285713561039,748.426786495961,748.4285713561039,0.022371801315443918,0.008999329984802353,40.91861921185731,2.737702205281164,35.75710633857466,45.24376247903376,41.010101335765796,45.24376247903376,9.486656140459104,9.442397113371198,451.00000000000006,0.0,451.00000000000006,451.00000000000006,451.00000000000006,451.00000000000006,0.0,0.0,0.004910101213833127,1.2833115045471357e-08,0.0049100347836376,0.0049101834977584,0.004910101213849897,0.0049101834977584,1.487141207999823e-07,-2.5576917013700053e-09,319.0729490168751,5.684341886080802e-14,319.07294901687516,319.07294901687516,319.07294901687516,319.07294901687516,0.0,3.5206944001116885e-14,0.6000219058580194,0.0001424167275523643,0.5993144434256052,0.6009048862811093,0.6000219227595057,0.6009048862811093,0.0015904428555040262,-1.9192701935697303e-05
3000.000034547033,0.0008984889583466763,2999.9953633163364,3000.0057174903477,3000.000034547168,3000.0057174903477,0.01035417401135419,-0.00020677836592683673,168.20816289206905,1.0038160268073662e-05,168.20809941574274,168.20821504452115,168.20816289206934,168.20821504452115,0.00011562877841697627,2.2248571451407404e-06,143.07590778173554,0.0006894983937575688,143.07204258490916,143.08067196174036,143.07590778339693,143.08067196174036,0.008629376831208901,-3.4406707204132395e-05,136.79272004697756,8.19738704844538e-05,136.79229415638775,136.79323840695474,136.79272004700215,136.79323840695474,0.000944250566988103,-1.816836113261686e-05,6.283185377177142,1.882618230414641e-06,6.283175596132029,6.283197281863369,6.283185377177425,6.283197281863369,2.1685731339537995e-05,-4.1725450931335873e-07,2.3575808192475853e-06,0.0007002546322044493,-0.0039950684818759,0.0048221598733473,0.0007002586008833505,0.0048221598733473,0.008817228355223201,-1.582109164968969e-05,35.768980857365236,68.9971554138929,-9.025752834535536,155.16278471232198,77.71761349130227,155.16278471232198,164.1885375468575,-1.4747348047678421,35.768978218482005,68.99715132714836,-9.025813268063908,155.16226831502215,77.71760864859168,155.16226831502215,164.18808158308605,-0.40179292581016923,35.76897310642088,68.99714216151075,-9.025770478504343,155.16043640805182,77.7175981586126,155.16043640805182,164.18620688655616,1.3849262495243975,35.76897559946741,68.99714664278208,-9.025799020902236,155.1612002524369,77.71760328446105,155.1612002524369,164.18699927333915,0.4915670743463702,116.51534884782511,4.516543670487592e-05,116.51511667888389,116.51536744665152,116.51534884783386,116.51536744665152,0.000250767767639104,9.522739261728439e-05,748.4284294628312,0.0003277612620016284,748.4267894482582,748.4285714227931,748.428429462903,748.4285714227931,0.0017819745348788274,0.0007157933875177225,42.72190739614879,2.460578140636353,38.08285476248353,46.609235509598655,42.792707513679126,46.609235509598655,8.526380747115127,8.486589429618727,451.00000000000006,0.0,451.00000000000006,451.00000000000006,451.00000000000006,451.00000000000006,0.0,0.0,0.004910100825464852,9.862226507342913e-10,0.004910095701587,0.0049101070618082,0.004910100825464952,0.0049101070618082,1.1360221200372445e-08,-2.1858014953922272e-10,319.0729490168751,5.684341886080802e-14,319.07294901687516,319.07294901687516,319.07294901687516,319.07294901687516,0.0,3.5206944001116885e-14,0.6000185485189468,1.2059212740126248e-05,0.5999352480850141,0.60008601659741,0.6000185486401303,0.60008601659741,0.0001507685123959268,6.264154294519358e-07
3000.000001947581,6.971438552540453e-05,2999.9996455550295,3000.000433598691,3000.0000019475824,3000.000433598691,0.0007880436614868813,-1.1525655572623938e-05,168.2081632527561,8.054377209006766e-07,168.20815842315702,168.20816786495544,168.2081632527561,168.20816786495544,9.441798425768866e-06,7.321514610515464e-08,143.07590413642052,5.672201225832474e-05,143.07561112181614,143.07626853510547,143.07590413643175,143.07626853510547,0.0006574132893319984,-1.1019728072995296e-05,136.7927171015846,6.577390971301091e-06,136.79267943728274,136.7927565411967,136.79271710158477,136.7927565411967,7.71039139522145e-05,-5.978894104303752e-07,6.283185309533288,1.510568944078419e-07,6.283184444531814,6.283186215306561,6.283185309533291,6.283186215306561,1.7707747463902024e-06,-1.37311702515756e-08,1.725302611275148e-06,5.8222821708801085e-05,-0.0003048139520229,0.0003743980267287,5.8248378834396e-05,0.0003743980267287,0.0006792119787516,-1.04081073742177e-05,35.7689761875825,68.99714751300218,-9.025694230961465,155.1581668678722,77.71760432771217,155.1581668678722,164.1838610988337,-1.474706419460099,35.76897612379234,68.99714742529986,-9.025692610656032,155.15823994496097,77.7176042204917,155.15823994496097,164.183932555617,-0.4017800279727955,35.768975825574174,68.99714689788694,-9.025695012634753,155.15823526523823,77.71760361500539,155.15823526523823,164.18393027787297,1.3849103917704515,35.76897599947148,68.99714720670553,-9.0256944702743,155.15826293382744,77.71760396920739,155.15826293382744,164.18395740410173,0.49156503593437434,116.51536627047248,2.854854851088491e-06,116.51535156870423,116.51536744690208,116.51536627047253,116.51536744690208,1.5878197842766895e-05,6.022755988952135e-06,748.4285601375634,2.607356861107557e-05,748.4284298731842,748.4285714281103,748.4285601375639,748.4285714281103,0.0001415549261309934,5.693148512320485e-05,44.342657473259614,2.211503965544369,40.17319612224557,47.836487253720975,44.39777045731514,47.836487253720975,7.663291131475404,7.627526958761542,451.00000000000006,0.0,451.00000000000006,451.00000000000006,451.00000000000006,451.00000000000006,0.0,0.0,0.004910100790029429,7.913223164661929e-11,0.0049101003368922,0.0049101012645252,0.004910100790029429,0.0049101012645252,9.276330007954026e-10,-7.193168247986982e-12,319.0729490168751,5.684341886080802e-14,319.07294901687516,319.07294901687516,319.07294901687516,319.07294901687516,0.0,3.5206944001116885e-14,0.6000186162510914,9.91206878297425e-07,0.600012250090912,0.6000237263256333,0.6000186162519102,0.6000237263256333,1.147623472130821e-05,1.9364482934024983e-07
2999.9999999874053,5.848391692929183e-06,2999.999959870511,3000.0000334519636,2999.9999999874053,3000.0000334519636,7.358145285252249e-05,8.974052866998288e-08,168.20816326636984,6.848676988053644e-08,168.20816289173644,168.20816372683632,168.20816326636984,168.20816372683632,8.350998825790157e-07,-6.514974573518677e-09,143.07590247050894,4.364843506352026e-06,143.07587986736786,143.07593019578496,143.07590247050902,143.07593019578496,5.0328417103173706e-05,-9.794946599029612e-07,136.792716990412,5.592788523427485e-07,136.7927132301358,136.7927200497552,136.792716990412,136.7927200497552,6.819619386533304e-06,5.32034663245038e-08,6.283185306980092,1.2844443565104987e-08,6.283185220621282,6.283185377241215,6.283185306980092,6.283185377241215,1.5661993302273913e-07,1.2218767954647622e-09,1.7311684848131393e-07,4.504908510547671e-06,-2.3063429916980734e-05,2.8829514782557908e-05,4.508233593286059e-06,2.8829514782557908e-05,5.1892944699538646e-05,-1.0339199678142264e-06,35.76897560887491,68.99714649885838,-9.025685845470544,155.15791547831495,77.71760316101631,155.15791547831495,164.1836013237855,-1.4747029350404608,35.76897561912096,68.99714651593678,-9.02568591216648,155.15791429179777,77.71760318089407,155.15791429179777,164.18360020396426,-0.4017769907588409,35.768975619888984,68.99714651810746,-9.025685748563909,155.15791275933756,77.71760318317467,155.15791275933756,164.18359850790148,1.3849116402148558,35.76897562262407,68.99714652261322,-9.025685876631982,155.15790954771418,77.71760318843366,155.15790954771418,164.18359542434615,0.49156730608979904,116.51536737248445,1.805771035014889e-07,116.5153664329178,116.51536744691748,116.51536737248445,116.51536744691748,1.0139996788893768e-06,3.810405300908079e-07,748.4285705306997,2.073427205667569e-06,748.4285602078405,748.4285714285345,748.4285705306997,748.4285714285345,1.1220693977520568e-05,4.527270646220165e-06,45.79934569597661,1.9876424148574432,42.05194190094976,48.93950929056367,45.84245617927678,48.93950929056367,6.887567389613913,6.855423429312385,451.00000000000006,0.0,451.00000000000006,451.00000000000006,451.00000000000006,451.00000000000006,0.0,0.0,0.0049101007886919205,6.72865412332585e-12,0.0049101007434522,0.0049101008254987,0.00491010078869192,0.0049101008254987,8.20465006698412e-11,6.400850843362237e-13,319.0729490168751,5.684341886080802e-14,319.07294901687516,319.07294901687516,319.07294901687516,319.07294901687516,0.0,3.5206944001116885e-14,0.6000186455532206,7.625127780598087e-08,0.6000181615781633,0.6000190407575516,0.6000186455532255,0.6000190407575516,8.791793882911847e-07,1.707000373255802e-08
2999.9999999859183,4.875022470685689e-07,2999.999996875146,3000.0000025596783,2999.9999999859183,3000.0000025596783,5.684532425220823e-06,8.499632255194438e-08,168.2081632655042,5.5188317168507715e-09,168.2081632367213,168.20816330020244,168.20816326550423,168.20816330020244,6.348113856802229e-08,-1.1893961891897317e-09,143.07590231228167,3.4857964577373733e-07,143.07590038169909,143.0759044124266,143.07590231228167,143.0759044124266,4.030727524195754e-06,-3.512415487229826e-08,136.79271699748088,4.5068070885782725e-08,136.79271671412698,136.7927172325287,136.79271699748088,136.7927172325287,5.184017197734647e-07,9.713173366580136e-09,6.2831853071424355,1.035036960896591e-09,6.283185300634907,6.283185312540564,6.2831853071424355,6.283185312540564,1.1905656904787065e-08,2.2307779849307683e-10,7.658344719274624e-09,3.553745578117448e-07,-1.761609724759694e-06,2.2017612284486177e-06,3.55457067145573e-07,2.2017612284486177e-06,3.963370953208312e-06,-4.5060520915340677e-08,35.76897557611293,68.99714643959588,-9.02568521675017,155.15788868037097,77.71760309332501,155.15788868037097,164.18357389712114,-1.4747027395301482,35.76897557764852,68.99714644203394,-9.025685208589389,155.15788871818967,77.71760309619623,155.15788871818967,164.18357392677905,-0.401776743071547,35.76897557967792,68.99714644571179,-9.025685217575097,155.1578889802339,77.71760310039542,155.1578889802339,164.183574197809,1.384911880064798,35.76897557884228,68.9971464441894,-9.02568521057131,155.1578889985286,77.71760309865927,155.1578889985286,164.1835742090999,0.49156756741256197,116.51536744220529,1.1442114149197631e-08,116.515367381794,116.51536744691832,116.51536744220529,116.51536744691832,6.512432548788638e-08,2.4129624778797476e-08,748.4285713571853,1.64816403569688e-07,748.4285705392616,748.4285714285685,748.4285713571854,748.4285714285685,8.8930687525135e-07,3.5993368550658637e-07,47.108579294667315,1.7864414503324906,43.74050995386278,49.93087688860229,47.14243965067384,49.93087688860229,6.190366934739515,6.161476773647106,451.00000000000006,0.0,451.00000000000006,451.00000000000006,451.00000000000006,451.00000000000006,0.0,0.0,0.004910100788776963,5.422114262278106e-13,0.0049101007853679,0.0049101007916048,0.004910100788776964,0.0049101007916048,6.236899885436742e-12,1.16859913965133e-13,319.0729490168751,5.684341886080802e-14,319.07294901687516,319.07294901687516,319.07294901687516,319.07294901687516,0.0,3.5206944001116885e-14,0.6000186483127448,6.095455804131952e-09,0.6000186116830409,0.6000186823187541,0.6000186483127448,0.6000186823187541,7.06357131674551e-08,6.01684403781525e-10
2999.999999998544,3.77886326635378e-08,2999.999999758685,3000.0000001942453,2999.999999998544,3000.0000001942453,4.3556019591051154e-07,8.700340001556005e-09,168.20816326532082,4.234956867829573e-10,168.20816326313692,168.20816326800096,168.20816326532085,168.20816326800096,4.864034508500481e-09,-8.736603153877155e-11,143.0759023058626,2.963496772015155e-08,143.07590210477937,143.07590246808908,143.0759023058626,143.07590246808908,3.633097094279947e-07,2.552591457440977e-09,136.79271699897842,3.4583662460476694e-09,136.79271697709174,136.79271701681273,136.79271699897842,136.79271701681273,3.9720987388136564e-08,7.141200486466544e-10,6.283185307176828,7.94251301166851e-11,6.283185306674177,6.283185307586413,6.283185307176828,6.283185307586413,9.122356203761228e-10,1.6398734385520225e-11,-2.926540325631778e-10,3.0135521857790235e-08,-2.080166234819103e-07,1.6675889469297545e-07,3.013694284469028e-08,2.080166234819103e-07,3.7477551817488575e-07,1.822038528017075e-09,35.76897557630888,68.99714643973718,-9.025685164322304,155.15788699729424,77.71760309354063,155.15788699729424,164.18357216161655,-1.474702740901177,35.76897557640982,68.99714643989215,-9.025685165000326,155.15788700149534,77.71760309372466,155.15788700149534,164.18357216649565,-0.40177673582457163,35.768975576626524,68.99714644027978,-9.025685164590788,155.15788697044712,77.71760309416855,155.15788697044712,164.1835721350379,1.3849118981248998,35.76897557651738,68.99714644008407,-9.025685165083743,155.15788698360782,77.71760309394456,155.15788698360782,164.18357214869155,0.4915675811533569,116.51536744661972,7.26403519838731e-10,116.51536744275204,116.51536744691832,116.51536744661972,116.51536744691832,4.166281541984063e-09,1.529530475184522e-09,748.4285714228961,1.3098633074133401e-08,748.4285713579455,748.4285714285693,748.4285714228961,748.4285714285693,7.062374152155826e-08,2.8611275111947652e-08,48.28528449642213,1.6056072413244482,45.25815112896253,50.821892372983775,48.31197236207416,50.821892372983775,5.563741244021244,5.537775516328871,451.00000000000006,0.0,451.00000000000006,451.00000000000006,451.00000000000006,451.00000000000006,0.0,0.0,0.004910100788794975,4.1606809981172186e-14,0.0049101007885317,0.0049101007890095,0.004910100788794975,0.0049101007890095,4.778000911587199e-13,8.564824038845926e-15,319.0729490168751,5.684341886080802e-14,319.07294901687516,319.07294901687516,319.07294901687516,319.07294901687516,0.0,3.5206944001116885e-14,0.6000186484230751,5.182485867197456e-10,0.6000186455861136,0.6000186519333502,0.6000186484230752,0.6000186519333502,6.3472366251815515e-09,-4.5624417429509866e-11
2999.94286385475,0.12093709371348971,2999.5011742669262,3000.000000014704,2999.942866292427,3000.000000014704,0.49882574777757327,-0.27527785171654184,167.33232443467085,2.0915045923473565,159.44686290614138,168.20816326551252,167.34539489382354,168.20816326551252,8.761300359371148,-4.548997676311735,143.069382392798,0.03160134741277204,142.8655083300959,143.1997032227403,143.06938588287088,143.1997032227403,0.3341948926444047,-0.03008054841269286,136.78756095942907,0.01098700539500587,136.74723029617846,136.79271700088233,136.7875614006764,136.79271700088233,0.04548670470387606,-0.024902137097541178,6.283066886970408,0.0002523426252758853,6.282140569007289,6.2831853072205535,6.283066892037741,6.2831853072205535,0.001044738213264118,-0.0005719341072271929,-0.0012454536015036371,0.029843808396692796,-0.1930237735657929,0.1529295946089286,0.029869784972309556,0.1930237735657929,0.3459533681747215,-0.004606477207818608,35.76794398930589,68.969487323483,-9.025685161072468,155.2236320329319,77.69257364051089,155.2236320329319,164.24931719400436,-1.4787734767859269,35.76731836295725,68.96921962778507,-9.02568516104518,155.22865712408245,77.6920479775298,155.22865712408245,164.25434228512762,-0.4094225713413213,35.766987531329285,68.9683463941957,-9.025685161054838,155.19815226363846,77.69112047985944,155.19815226363846,164.2238374246933,1.3752635444425503,35.76713250920558,68.96874641485172,-9.025685160992415,155.21302218859728,77.69154233227188,155.21302218859728,164.2387073495897,0.48285195527196995,116.2507916319373,0.7025673998292208,113.18500215111088,116.51536744691832,116.2529146129395,116.51536744691832,3.3303652958074395,-1.4087320124301312,747.7816138756573,1.7238582856684914,740.2104723242584,748.4285714285693,747.7836008751943,748.4285714285693,8.218099104310909,-3.447134183927949,49.33564168976185,1.4326933486664573,46.62216765496208,51.512660579746395,49.35643981459644,51.512660579746395,4.8904929247843185,4.93813945715157,451.00000000000006,0.0,451.00000000000006,451.00000000000006,451.00000000000006,451.00000000000006,0.0,0.0,0.004888624628654595,5.123527866737632e-05,0.0046956254122876,0.0049101007888179,0.004888893107204166,0.0049101007888179,0.00021447537653029956,-0.00011151625840284718,318.98792023705295,0.20158702690513608,318.2442777379235,319.07294901687516,318.98798393433236,319.07294901687516,0.8286712789516741,-0.44078735816737813,0.584801413514045,0.036456931582927676,0.4468814219503136,0.6000186486813236,0.5859366869453281,0.6000186486813236,0.15313722673101,-0.0791011116041682
2999.8798222158616,0.1528075002666383,2999.5011742669262,3000.00000000174,2999.8798261077063,3000.00000000174,0.4988257348136358,-0.4418573002454792,164.68590643047864,5.390633192344646,150.593904061276,168.2081632653218,164.77410810877655,168.2081632653218,17.614259204045794,-15.482004532154622,143.06335456731568,0.03272513294738519,142.8655083300959,143.1997032227403,143.06335831018302,143.1997032227403,0.3341948926444047,-0.04348023759927296,136.7818188690698,0.013915710445375972,136.74723029617846,136.79271699925718,136.781819576938,136.79271699925718,0.04548670307872271,-0.040190066980676654,6.282935006725551,0.0003196068865169772,6.282140569007289,6.28318530718323,6.282935014854598,6.28318530718323,0.0010447381759410845,-0.0009230566516219938,-0.0013993084796673537,0.02993111050325758,-0.1930237735657929,0.1529295946089286,0.029963802164937027,0.1930237735657929,0.3459533681747215,-0.0023671139669332202,35.767008479425684,68.8901097089028,-9.02568516075795,155.2236320329319,77.6216858311643,155.2236320329319,164.24931719368985,-1.4788360632220534,35.76579220395618,68.88967129297974,-9.025685160761366,155.22865712408245,77.62073629405592,155.22865712408245,164.2543422848438,-0.41285077405691833,35.765119243012215,68.88788529879032,-9.025685160762334,155.19815226363846,77.61884111094531,155.19815226363846,164.22383742440078,1.3697667770487787,35.76543464092162,68.88874060514884,-9.025685160763596,155.21302218859728,77.6197455369284,155.21302218859728,164.23870734936088,0.47843982263087187,115.08740056207397,2.3886373972406534,108.21606820048392,116.51536744691832,115.11218596113427,116.51536744691832,8.299299246434401,-6.547018648925527,744.8779116262822,5.967548122980234,727.5902517511787,748.4285714285693,744.9018155833234,748.4285714285693,20.838319677390587,-16.312820090436364,50.23306750984901,1.2205871655871574,47.84811033055736,51.88628569472462,50.24789452780927,51.88628569472462,4.038175364167259,4.183348092939179,451.00000000000006,0.0,451.00000000000006,451.00000000000006,451.00000000000006,451.00000000000006,0.0,0.0,0.004823880999015236,0.000131875250566502,0.0044792942432076,0.0049101007887983,0.004825683265028094,0.0049101007887983,0.00043080654559069995,-0.0003788609128246188,318.75147297255916,0.48109996853168957,317.57850073026077,319.07294901687516,318.75183604076045,319.07294901687516,1.4944482866143858,-1.396384632072833,0.538589959396229,0.09415077856457461,0.2923113106584069,0.6000186484360349,0.5467572710689336,0.6000186484360349,0.30770733777762804,-0.27020655340934846
2999.8796303179083,0.16009104571140065,2999.5011742669262,3000.2685339782774,2999.8796345896035,3000.2685339782774,0.7673597113512187,-0.15435396679849633,161.1446910027653,7.367062698420093,150.49935694814155,168.20816326530732,161.31300335428375,168.20816326530732,17.708806317165767,-24.009380418961772,143.06477269292594,0.047581259567284546,142.8655083300959,143.29161042842634,143.06478060534266,143.29161042842634,0.426102098330432,-0.008035264241059931,136.78173596618663,0.014595075538327952,136.74723029617846,136.81720709011648,136.7817367448587,136.81720709011648,0.06997679393802514,-0.014365438499275313,6.2829331018820795,0.00033520795482107514,6.282140569007289,6.283747723428517,6.282933110824111,6.283747723428517,0.001607154421227719,-0.00032993830466283624,0.0001036248572378078,0.04619009525072712,-0.1930237735657929,0.2239535232813096,0.04619021148882393,0.2239535232813096,0.4169772968471025,0.006660112562943314,35.76728549539992,68.7867102424663,-9.025685160740052,155.2236320329319,77.53006009084774,155.2236320329319,164.24931719367194,-1.4704258678086686,35.766155717682906,68.78641466956316,-9.025685160740569,155.22865712408245,77.52927665027345,155.22865712408245,164.25434228482303,-0.40393996579121505,35.765499942811076,68.78466219107675,-9.025685160739815,155.19815226363846,77.52741927150525,155.19815226363846,164.22383742437827,1.378783631636614,35.76583153703205,68.78554474278084,-9.025685160739814,155.21302218859728,77.52835527145189,155.21302218859728,164.2387073493371,0.4875469377220689,113.18003620691735,3.85413546728098,106.47359643007204,116.51536744691832,113.24563989840526,116.51536744691832,10.041771016846283,-12.325031176961046,740.0484928596376,9.74382966006038,722.8390104091486,748.4285714285693,740.112636022562,748.4285714285693,25.58956101942067,-31.113063011206556,50.949623267592024,0.9496071250475167,48.949955810560766,52.076388689757785,50.95847196297683,52.076388689757785,3.1264328791970186,3.1968574451352607,451.00000000000006,0.0,451.00000000000006,451.00000000000006,451.00000000000006,451.00000000000006,0.0,0.0,0.004737351667699858,0.00018005361246695555,0.0044771302430876,0.0049101007887966,0.004740772102392291,0.0049101007887966,0.0004329705457090001,-0.000586856936917961,318.45147297255915,0.6313252356207419,317.57294901687516,319.07294901687516,318.45209876831666,319.07294901687516,1.5,-2.0635078792203725,0.4765938054241587,0.12892683054858464,0.2863883570496162,0.6000186484172322,0.4937243998467002,0.6000186484172322,0.313630291367616,-0.42003511341115596
2999.8795320712047,0.16006055500992197,2999.5011742669262,3000.2685339782774,2999.879536341273,3000.2685339782774,0.7673597113512187,0.13356503720131488,157.6034669840027,7.376178396992596,150.49935694814155,168.20816326530624,157.77598300477132,168.20816326530624,17.708806317164687,-24.05483157640394,143.06466129175254,0.04764260461536134,142.8655083300959,143.29161042842634,143.06466922459106,143.29161042842634,0.426102098330432,0.018214400553408283,136.78173166593268,0.014596148002073891,136.74723029617846,136.81720709011648,136.78173244471918,136.81720709011648,0.06997679393802514,0.011917657426358011,6.282933003116819,0.0003352325758541229,6.282140569007289,6.283747723428517,6.282933012060163,6.283747723428517,0.001607154421227719,0.0002737149315650925,-3.377296956648568e-06,0.04628574345080084,-0.1930237735657929,0.2239535232813096,0.04628574357401517,0.2239535232813096,0.4169772968471025,0.006023028195497566,35.767251371635865,68.68259335810947,-9.025685160738265,155.2236320329319,77.43768398575213,155.2236320329319,164.24931719367018,-1.4638870779316033,35.76612353661427,68.68229979636484,-9.025685160738307,155.22865712408245,77.43690268957103,155.22865712408245,164.25434228482075,-0.39740651204251515,35.7654815932521,68.68056892838523,-9.025685160738304,155.19815226363846,77.4350710074184,155.19815226363846,164.22383742437677,1.3854003449245853,35.7658047902503,68.68143802000574,-9.025685160738336,155.21302218859728,77.43599112034521,155.21302218859728,164.2387073493356,0.49410764560289305,111.15601617264736,4.211841644920317,106.36330832489102,116.51536744691832,111.2357835474526,116.51536744691832,10.152059122027296,-14.0359928070311,734.8779608583558,10.734197505985248,722.4612051896607,748.4285714285693,734.9563526845881,748.4285714285693,25.96736623890854,-35.82354268576703,51.4917680589094,0.6590646228735937,49.940265949828145,52.23822312022822,51.49598570771945,52.23822312022822,2.2979571704000747,2.1664742524104708,451.00000000000006,0.0,451.00000000000006,451.00000000000006,451.00000000000006,451.00000000000006,0.0,0.0,0.004650823183743373,0.00018020149392718982,0.0044771302430876,0.0049101007887964,0.00465431293155697,0.0049101007887964,0.0004329705457088006,-0.000587594274957655,318.1514729725591,0.621036171685658,317.57294901687516,319.07294901687516,318.1520791076739,319.07294901687516,1.5,-2.0120682521158884,0.4146243311519419,0.12917371196642635,0.2863883570496162,0.6000186484157796,0.43428007535043617,0.6000186484157796,0.3136302913661634,-0.42126870339487127
2999.8795451787846,0.1600707138969353,2999.5011742669262,3000.2685339782774,2999.8795494493947,3000.2685339782774,0.7673597113512187,0.4221604992855713,154.06224237806867,5.427879122027585,150.49935694814155,168.20816326530613,154.15782950704164,168.20816326530613,17.708806317164573,-15.618311540850017,143.06466548494302,0.047644168471121975,142.8655083300959,143.29161042842634,143.0646734183021,143.29161042842634,0.426102098330432,0.04515307146306296,136.7817327259141,0.014596972924618873,136.74723029617846,136.81720709011648,136.78173350478863,136.81720709011648,0.06997679393802514,0.03823391775996081,6.282933027460405,0.0003352515211657927,6.282140569007289,6.283747723428517,6.282933036404761,6.283747723428517,0.001607154421227719,0.0008781298582728671,-2.684314795788068e-07,0.04628635615126116,-0.1930237735657929,0.2239535232813096,0.04628635615203952,0.2239535232813096,0.4169772968471025,0.006041023844934721,35.76725368260827,68.57838235238614,-9.01250881081443,155.2236320329319,77.34527110344965,155.2236320329319,164.23614084374634,-1.4571310721783348,35.76612504891646,68.57808710795928,-9.025685160738108,155.22865712408245,77.34448740796968,155.22865712408245,164.25434228482055,-0.3906720626204931,35.76548132437894,68.57635044033168,-9.01647163013292,155.19815226363846,77.34264990339857,155.19815226363846,164.21462389377137,1.3921245202666919,35.76580542903935,68.57722247106835,-9.02093480012719,155.21302218859728,77.3435729704434,155.21302218859728,164.23395698872446,0.5008316859952078,109.12461261812953,3.53157215629446,106.35632672242622,116.51536744691832,109.1817433500306,116.51536744691832,10.159040724492101,-10.930743047882668,729.6803040526111,9.078695279357051,722.4311667922249,748.4285714285693,729.736780510813,748.4285714285693,25.997404636344413,-28.267019318851876,51.87655267108424,0.4060772841942698,50.83033101769296,52.383104463847246,51.87814198481395,52.383104463847246,1.5527734461542835,1.3380611353703882,451.00000000000006,0.0,451.00000000000006,451.00000000000006,451.00000000000006,451.00000000000006,0.0,0.0,0.004564294757494662,0.00013248202276705485,0.0044771302430876,0.0049101007887964,0.004566217046927326,0.0049101007887964,0.0004329705457088006,-0.00038107751305497254,317.8514729725592,0.4390903095632727,317.57294901687516,319.07294901687516,317.8517762591951,319.07294901687516,1.5,-1.2420657507600845,0.3526528280212134,0.09523333269177442,0.2863883570496162,0.6000186484156347,0.3652853744224394,0.6000186484156347,0.3136302913660185,-0.27407982838998785
2999.936680382984,0.13502705079703564,2999.665549488735,3000.2685339782774,2999.9366834217653,3000.2685339782774,0.6029844895424503,0.3016842592128918,151.39685672985078,2.1233913942977756,150.49935694814155,159.35824673689967,151.41174663378118,159.35824673689967,8.85888978875812,-4.639906028814142,143.071185619034,0.036507967616058914,142.90440363929028,143.29161042842634,143.07119027696586,143.29161042842634,0.38720678913605866,0.024066329754130467,136.7868886657097,0.012347363237243317,136.76221843647812,136.81720709011648,136.7868892229904,136.81720709011648,0.05498865363836103,0.027696342694769994,6.2830514453758735,0.00028358334432886795,6.2824848356668,6.283747723428517,6.2830514517755915,6.283747723428517,0.0012628877617171241,0.0006361121600622478,0.0012455079483660806,0.035336549875831486,-0.1794318342900807,0.2239535232813096,0.03535849328204709,0.2239535232813096,0.40338535757139027,-0.0042661251007433424,35.76828521355771,68.50186786531452,-8.73832781639625,154.70587006926175,77.27791487970818,154.70587006926175,163.444197885658,-1.4586726758981259,35.767782289931816,68.50184196610202,-8.74716115846386,154.69856928192343,77.27765914343405,154.69856928192343,163.44573044038728,-0.3961473957749171,35.76746952176407,68.50098280712388,-8.74130087142414,154.6799098440643,77.27675278848228,154.6799098440643,163.42121071548843,1.3846908124737936,35.767648593780365,68.50145294343692,-8.744250635629019,154.6897049574339,77.27725241809559,154.6897049574339,163.4339555930629,0.4941955889534063,107.35731753917658,1.8177667779548152,106.35588494337402,113.1374230766675,107.37270558790362,113.1374230766675,6.7815381332934805,-4.721705681002526,725.1274479295795,4.772625187430031,722.4287777758196,740.0907973746694,725.1431539303427,740.0907973746694,17.662019598849724,-12.571222611265684,52.12710271836681,0.26063099830735165,51.51794570745624,52.51328391837261,52.127754280502465,52.51328391837261,0.9953382109163655,0.8888964966677891,451.00000000000006,0.0,451.00000000000006,451.00000000000006,451.00000000000006,451.00000000000006,0.0,0.0,0.004499242478902516,5.175249893823978e-05,0.0044771302430876,0.0046934706137854,0.004499540110400974,0.0046934706137854,0.00021634037069780034,-0.00011299034780179695,317.6365017523813,0.15347983679957816,317.57294901687516,318.23664424312256,317.63653883259536,318.23664424312256,0.6636952262473983,-0.33102175737125655,0.3058986306017307,0.037339950432385235,0.2863883570496162,0.4453453762998055,0.3081691809741965,0.4453453762998055,0.1589570192501893,-0.08159720331795314
2999.9997220499954,0.04836412808954957,2999.665549488735,3000.2685339782774,2999.9997224398435,3000.2685339782774,0.6029844895424503,0.0017909048282577055,150.50205024368373,0.0005056715151367324,150.49935694814155,150.5053814735726,150.5020502445332,150.5053814735726,0.0060245254310586915,-5.758084018520384e-05,143.07721339060393,0.0341487078607404,142.90440363929028,143.29161042842634,143.07721746579594,143.29161042842634,0.38720678913605866,-0.007809703727140931,136.79263076121015,0.004615431655815309,136.76221843647812,136.81720709011648,136.7926308390733,136.81720709011648,0.05498865363836103,0.000526616957494874,6.283183325738803,0.00010599923046962021,6.2824848356668,6.283747723428517,6.283183326632924,6.283747723428517,0.0012628877617171241,1.209928227272654e-05,0.0013993036549814965,0.03525109378086275,-0.1794318342900807,0.2239535232813096,0.0352788557561895,0.2239535232813096,0.40338535757139027,-0.008348419966849794,35.76922071517942,68.47732626910685,-8.462338426510948,154.48591936716386,77.25659430454421,154.48591936716386,162.9482577936748,-1.4630715277935873,35.76930843577972,68.47747176367702,-8.463036972455908,154.48927839298284,77.2567638794114,154.48927839298284,162.95231536543875,-0.40427110079934203,35.769337793483764,68.4775295009738,-8.462497933976307,154.45475252838634,77.25682864796538,154.45475252838634,162.91725046236263,1.3745387068177388,35.76934644616104,68.47754226232819,-8.463081196972173,154.46578883369074,77.25684396527232,154.46578883369074,162.92887003066292,0.4849942180480717,106.48880813520108,0.3229295466686755,106.3558569738334,108.16547551746385,106.48929777939085,108.16547551746385,1.8096185436304495,-0.6807387681733186,722.8311649955218,0.9293797881578909,722.4285878375395,727.4610665744176,722.8317624700604,727.4610665744176,5.032478736878147,-2.029856229788955,52.296376860381194,0.21213792544815752,51.88848971572776,52.63028354616671,52.29680712263826,52.63028354616671,0.7417938304389509,0.7313861942535766,451.00000000000006,0.0,451.00000000000006,451.00000000000006,451.00000000000006,451.00000000000006,0.0,0.0,0.00447745767093835,4.9684148161484374e-08,0.0044771302430876,0.0044777221895568,0.0044774576712140095,0.0044777221895568,5.919464692001955e-07,5.675726753057017e-09,317.5729490168751,5.684341886080802e-14,317.57294901687516,317.57294901687516,317.5729490168751,317.57294901687516,0.0,1.4082777600446754e-13,0.29013865708586706,0.0005967613207913646,0.2863883570496162,0.2931621781365824,0.2901392707988085,0.2931621781365824,0.006773821086966225,0.0001360864080364927
2999.999913950701,0.0037399721761571395,2999.9770896027817,3000.0183796702668,2999.999913953032,3000.0183796702668,0.04129006748507891,0.0005061322892680909,150.50204118159775,3.897767246929718e-05,150.50179362603498,150.50226972803048,150.50204118160278,150.50226972803048,0.0004761019955026313,-2.081386366246637e-06,143.0757952700762,0.002894349330804755,143.0576112189736,143.09050010116007,143.07579529935182,143.09050010116007,0.03288888218648367,0.0006430246982225634,136.79271366412434,0.0003557481717354018,136.79062769008766,136.79497304974075,136.79271366458693,136.79497304974075,0.004345359653086689,1.9003095840957228e-05,6.283185230582986,8.170142876055145e-06,6.2831373237558585,6.283237119608322,6.283185230588298,6.283237119608322,9.979585246355782e-05,4.364558429663229e-07,-0.00010362463110808462,0.0029800550690714843,-0.0190826480848809,0.0152806403154714,0.0029818561801118002,0.0190826480848809,0.0343632884003523,0.0006235851465235666,35.76894370057317,68.47682290045034,-8.458254034080039,154.28327051078406,77.2560198819122,154.28327051078406,162.7415245448641,-1.4614218350092496,35.76894492346585,68.47682425456487,-8.458250080858033,154.28140778360887,77.25602164833818,154.28140778360887,162.7396578644669,-0.4021029174081452,35.768957094698585,68.47684563685729,-8.458213377908411,154.28333910944335,77.25604623598316,154.28333910944335,162.74155248735175,1.3768070750013224,35.76894955133861,68.47683231899511,-8.458204185100378,154.28151226767966,77.2560309390146,154.28151226767966,162.73971645278004,0.487360702114361,106.36427014430315,0.02043905319172179,106.3558552036682,106.47038816649383,106.36427210809647,106.47038816649383,0.11453296282563485,-0.04308623368369172,722.4605849403234,0.07390357904892025,722.4285727334617,722.8287600368967,722.4605887202797,722.8287600368967,0.4001873034350183,-0.16141083567894915,52.43602148416476,0.189573230606988,52.07810662388397,52.73543963228095,52.436364167412975,52.73543963228095,0.6573330083969822,0.6538255793583115,451.00000000000006,0.0,451.00000000000006,451.00000000000006,451.00000000000006,451.00000000000006,0.0,0.0,0.004477458564595186,3.829464042900964e-09,0.004477436109815,0.0044774828855284,0.004477458564596824,0.0044774828855284,4.6775713399838104e-08,2.046003126034877e-10,317.5729490168751,5.684341886080802e-14,317.57294901687516,317.57294901687516,317.5729490168751,317.57294901687516,0.0,1.4082777600446754e-13,0.2901633823975302,5.0582950140534086e-05,0.2899067862616573,0.2904815075207675,0.29016338680648557,0.2904815075207675,0.0005747212591102335,-1.127404704831221e-05
3000.0000121968883,0.0003078848880158839,2999.998433807541,3000.0019537371395,3000.000012196904,3000.0019537371395,0.003519929598496674,-7.275900282625953e-05,150.50204071056848,3.097953712147171e-06,150.50202129486587,150.50205646544137,150.50204071056854,150.50205646544137,3.517057550084246e-05,6.277949280107479e-07,143.0759066709894,0.00023466790284925703,143.07465633960598,143.0774527758279,143.07590667118188,143.0774527758279,0.0027964362219279337,-2.6656136358003658e-05,136.7927179643409,2.8274906491817804e-05,136.79257416998792,136.79289517049764,136.79271796434386,136.79289517049764,0.0003210005097287194,-5.729822209294938e-06,6.283185329347388,6.493637596744425e-07,6.283182026953771,6.2831893990770835,6.283185329347423,6.2831893990770835,7.372123312698875e-06,-1.3159138497550354e-07,3.3773011011294553e-06,0.0002388180386981744,-0.001300593010268,0.0016254222051443,0.00023884191795070316,0.0016254222051443,0.0029260152154123,-2.079472276981269e-05,35.76897782422627,68.47688296373737,-8.457925237712514,154.26997495864674,77.25608891873428,154.26997495864674,162.72790019635926,-1.461626969908253,35.76897710445015,68.47688185080818,-8.457938655020119,154.26997482918622,77.25608759902498,154.26997482918622,162.72791348420634,-0.40229624823774307,35.768975444243914,68.47687889428605,-8.457933666078707,154.269431929513,77.25608420981251,154.269431929513,162.7273655955917,1.3766965441588574,35.76897629806906,68.4768804179484,-8.457938402539675,154.26978295860528,77.25608595564385,154.26978295860528,162.72772136114494,0.48720001785078504,106.35638771401366,0.0012937035516653002,106.35585509165826,106.36310553083172,106.35638772188187,106.36310553083172,0.007250439173461132,-0.0027271413297939424,722.4311170352901,0.005876499730375113,722.4285715323161,722.4603890000891,722.4311170591908,722.4603890000891,0.03181746777295302,-0.012834825343739977,52.5608855013065,0.17031474339464653,52.23975060875371,52.82995118591942,52.56116143877787,52.82995118591942,0.5902005771657102,0.5874183278291955,451.00000000000006,0.0,451.00000000000006,451.00000000000006,451.00000000000006,451.00000000000006,0.0,0.0,0.004477458610892397,3.043660309360584e-10,0.0044774570630126,0.0044774605184316,0.004477458610892407,0.0044774605184316,3.4554189995428253e-09,-6.16785931825763e-11,317.5729490168751,5.684341886080802e-14,317.57294901687516,317.57294901687516,317.5729490168751,317.57294901687516,0.0,1.4082777600446754e-13,0.29016142810291384,4.104194859221538e-06,0.2901343754021058,0.2901832506069083,0.29016142813193974,0.2901832506069083,4.887520480251206e-05,4.7285269021913946e-07
2999.999999089353,2.603680244576501e-05,2999.9998334694237,3000.000133398166,2999.9999990893525,3000.000133398166,0.0002999287421516783,5.479216136494332e-06,150.50204082670615,2.616790350034993e-07,150.50203948343366,150.5020424802726,150.50204082670618,150.5020424802726,2.9968389299028786e-06,-6.218248689130065e-08,143.0759024777972,1.8086583201298384e-05,143.0757877451817,143.07600860319448,143.07590247779837,143.07600860319448,0.00022085801276716666,-9.77915945327007e-07,136.7927169043638,2.3883354787002678e-06,136.79270181231894,136.79272916436383,136.7927169043638,136.79272916436383,2.7352044895678773e-05,5.675381905424203e-07,6.283185305003901,5.4850706951996554e-08,6.283184958398763,6.283185586568052,6.283185305003902,6.283185586568052,6.281692890297563e-07,1.3034136572939488e-08,2.684295177618213e-07,1.8378132569262953e-05,-0.0001085827951818,0.0001106481734254,1.8380092794635437e-05,0.0001106481734254,0.0002192309686072,-1.558488509283039e-06,35.768975513258326,68.4768789826885,-8.457903738892206,154.26849385201032,77.25608432012226,154.26849385201032,162.72639759090254,-1.4616129758496033,35.76897559214893,68.47687910817312,-8.457903671651469,154.2684789237077,77.25608446787282,154.2684789237077,162.72638259535918,-0.4022870608114624,35.76897571311213,68.47687932548608,-8.457903483541436,154.26849599589258,77.25608471649588,154.26849599589258,162.726399479434,1.3766950864709506,35.76897565927783,68.476879228489,-8.457903305771975,154.268484423261,77.25608460559646,154.268484423261,162.72638772903295,0.48720397227418316,106.35588879647163,8.188363504095862e-05,106.35585508456396,106.35631389130448,106.35588879650314,106.35631389130448,0.0004588067405251195,-0.0001726121839208152,722.4287738484845,0.00046728506197560884,722.4285714368224,722.4311018806693,722.4287738486356,722.4311018806693,0.002530443846922026,-0.0010205916775427792,52.67306921809611,0.15307012337180848,52.38447627860547,52.914895718437606,52.67329163168952,52.914895718437606,0.5304194398321371,0.5279422341971614,451.00000000000006,0.0,451.00000000000006,451.00000000000006,451.00000000000006,451.00000000000006,0.0,0.0,0.004477458599482286,2.570930935343353e-11,0.0044774584370235,0.0044774587314554,0.004477458599482286,0.0044774587314554,2.9443189986794183e-10,6.109290652276327e-12,317.5729490168751,5.684341886080802e-14,317.57294901687516,317.57294901687516,317.5729490168751,317.57294901687516,0.0,1.4082777600446754e-13,0.29016150266223895,3.1638624642299076e-07,0.2901596500914417,0.2901635168749484,0.2901615026624115,0.2901635168749484,3.866783506722982e-06,1.6482560468861385e-08
3000.0000000303335,2.0885636300082118e-06,2999.9999886432843,3000.000014187901,3000.0000000303335,3000.000014187901,2.554461661929963e-05,-1.8660525287247976e-07,150.50204081576376,2.165609285463591e-08,150.50204067456335,150.50204092980098,150.50204081576376,150.50204092980098,2.552376372477738e-07,3.409123594572149e-09,143.0759022571037,1.437891106891439e-06,143.07589324210824,143.07590957179866,143.0759022571037,143.07590957179866,1.6329690424754517e-05,2.919195028074687e-07,136.79271700423473,1.976544013826532e-07,136.7927159634212,136.7927182929662,136.79271700423476,136.7927182929662,2.329545026213964e-06,-3.1114576847787066e-08,6.283185307297546,4.539347046761324e-09,6.283185283394137,6.283185336894657,6.283185307297546,6.283185336894657,5.3500519570093275e-08,-7.145755384846688e-10,-5.442857695747705e-08,1.4797711237493416e-06,-9.409074378297078e-06,7.508997648564275e-06,1.4807717746742759e-06,9.409074378297078e-06,1.6918072026861353e-05,3.237485973610797e-07,35.76897556954721,68.47687907119446,-8.457901338888494,154.26839313618993,77.25608442463192,154.26839313618993,162.72629447507842,-1.4616133264976687,35.7689755647218,68.47687906331056,-8.45790131113087,154.2683939236572,77.2560844154098,154.2683939236572,162.72629523478807,-0.40228690836344533,35.768975560953876,68.47687905637116,-8.457901346824347,154.26839427508082,77.25608440751446,154.26839427508082,162.72629562190517,1.3766959834793757,35.76897556188083,68.47687905813753,-8.457901332907523,154.26839456443483,77.25608440950927,154.26839456443483,162.72629589734234,0.48720454330126745,106.35585721785215,5.182609726066263e-06,106.35585508411528,106.35588412893156,106.35585721785226,106.35588412893156,2.9044816287182584e-05,-1.0925164245807577e-05,722.4285875245712,3.7157767427861083e-05,722.4285714292274,722.4287726227072,722.428587524572,722.4287726227072,0.0002011934798247239,-8.11553730442848e-05,52.773894449298155,0.13757518139961725,52.51451680323493,52.99124166105331,52.77407376995072,52.99124166105331,0.47672485781837537,0.4744998931316591,451.00000000000006,0.0,451.00000000000006,451.00000000000006,451.00000000000006,451.00000000000006,0.0,0.0,0.00447745860055735,2.1276549452642575e-12,0.0044774585893535,0.0044774586144299,0.0044774586005573505,0.0044774586144299,2.507640015775303e-11,-3.3493334534949243e-13,317.5729490168751,5.684341886080802e-14,317.57294901687516,317.57294901687516,317.5729490168751,317.57294901687516,0.0,1.4082777600446754e-13,0.29016150641334204,2.513330800984475e-08,0.2901613786765031,0.2901616638066284,0.29016150641334315,0.2901616638066284,2.8513012528819104e-07,-5.073998948723246e-09
3000.00000000228,1.6072622916310442e-07,2999.9999990439896,3000.0000009663954,3000.0000000022796,3000.0000009663954,1.9224057723477017e-06,-1.3224854789027538e-08,150.50204081632674,1.6863343677550286e-09,150.50204080667046,150.50204082781846,150.50204081632674,150.50204082781846,2.1147997131265583e-08,-5.8091457601842866e-12,143.07590231109384,1.2146852394140036e-07,143.0759016874836,143.0759030788352,143.07590231109384,143.0759030788352,1.391351617030523e-06,-2.8851245642259265e-08,136.79271699909665,1.539111652354948e-08,136.79271689421202,136.79271708722908,136.79271699909665,136.79271708722908,1.930170583364088e-07,5.26519847536703e-11,6.2831853071795445,3.5347360902748926e-10,6.283185304770755,6.2831853092036,6.283185307179544,6.2831853092036,4.432845202018143e-09,1.2091384830383582e-12,4.817647221599941e-09,1.253996513585584e-07,-6.377772869825549e-07,7.997427458050765e-07,1.2549216025553064e-07,7.997427458050765e-07,1.4375200327876314e-06,-2.89050026420874e-08,35.76897557783005,68.47687908648346,-8.457901190178665,154.2683878870694,77.25608444201842,154.2683878870694,162.72628907724805,-1.4616133754728162,35.76897557789776,68.47687908661635,-8.457901189415082,154.2683877688178,77.25608444216755,154.2683877688178,162.72628895823289,-0.4022869866983544,35.76897557756335,68.47687908603612,-8.457901188613867,154.26838791440477,77.25608444149842,154.26838791440477,162.72628910301864,1.3766958847318547,35.76897557780268,68.47687908645572,-8.457901186529659,154.26838784265937,77.25608444198116,154.26838784265937,162.72628902918902,0.487204448588132,106.35585521914408,3.280497339569675e-07,106.35585508408688,106.35585692253242,106.35585521914406,106.35585692253242,1.8384455415798584e-06,-6.915235278478575e-07,722.4285727084664,2.9546102224585918e-06,722.4285714286234,722.4285874268223,722.4285727084664,722.4285874268223,1.5998198932720697e-05,-6.453164699319213e-06,52.86451338849726,0.12364898737529074,52.631391626925975,53.05985941411742,52.864657994492745,53.05985941411742,0.42846778719144396,0.4264681404346081,451.00000000000006,0.0,451.00000000000006,451.00000000000006,451.00000000000006,451.00000000000006,0.0,0.0,0.004477458600502045,1.6567761148310941e-13,0.004477458599373,0.0044774586014507,0.004477458600502045,0.0044774586014507,2.0776999912208716e-12,5.946973725774596e-16,317.5729490168751,5.684341886080802e-14,317.57294901687516,317.57294901687516,317.5729490168751,317.57294901687516,0.0,1.4082777600446754e-13,0.29016150547422714,2.12253314964961e-09,0.2901614920682966,0.2901615163667738,0.2901615054742272,0.2901615163667738,2.4298477174777844e-08,5.048368396635778e-10
2999.999999999527,1.2927548198809821e-08,2999.9999999178012,3000.0000000656228,2999.999999999527,3000.0000000656228,1.4782153812120669e-07,2.8109224090491723e-09,150.50204081633018,1.314425684342713e-10,150.50204081567085,150.50204081714784,150.50204081633018,150.50204081714784,1.476990973969805e-09,-2.1458632368680743e-11,143.07590230601767,1.005050455935595e-08,143.0759022404621,143.07590235895668,143.0759023060177,143.07590235895668,1.1849456882373488e-07,1.5774823329140432e-09,136.7927169990652,1.1996663259441356e-09,136.79271699160236,136.79271700508303,136.79271699906522,136.79271700508303,1.3480672578225494e-08,1.9657797183023615e-10,6.2831853071788215,2.7551622995398767e-11,6.28318530700743,6.283185307317027,6.2831853071788215,6.283185307317027,3.0959768082539085e-10,4.51969143614338e-12,-2.263518741330017e-10,1.0264414590052223e-08,-6.794474760596358e-08,5.4145893990664724e-08,1.026691005353609e-08,6.794474760596358e-08,1.220906415966283e-07,1.376357208228772e-09,35.768975576463205,68.4768790840609,-8.457901172729064,154.2683871653034,77.25608443923831,154.2683871653034,162.72628833803248,-1.4616133672745668,35.76897557648652,68.47687908409631,-8.457901172512639,154.26838717328613,77.25608443928047,154.26838717328613,162.72628834579876,-0.4022869782389003,35.76897557655144,68.47687908421157,-8.457901172805057,154.26838717421552,77.25608443941272,154.26838717421552,162.72628834702058,1.376695890797461,35.76897557651652,68.47687908414942,-8.457901172723682,154.26838717710257,77.25608443934145,154.26838717710257,162.72628834982626,0.48720445629348413,106.35585509263313,2.076217041767299e-08,106.3558550840852,106.3558552004062,106.35585509263313,106.3558552004062,1.163209901733353e-07,-4.376782929748447e-08,722.4285715303463,2.3494817454788512e-07,722.4285714285759,722.4285727008626,722.4285715303462,722.4285727008626,1.2722866813419387e-06,-5.131441661995748e-07,52.94595933034773,0.11113250171166399,52.73643554625837,53.121531270857936,52.94607596266009,53.121531270857936,0.38509572459956587,0.3832984998948595,451.00000000000006,0.0,451.00000000000006,451.00000000000006,451.00000000000006,451.00000000000006,0.0,0.0,0.0044774586005017145,1.2913683506704814e-14,0.0044774586004214,0.0044774586005665,0.0044774586005017145,0.0044774586005665,1.4510007778634204e-13,2.1639033574905215e-15,317.5729490168751,5.684341886080802e-14,317.57294901687516,317.57294901687516,317.5729490168751,317.57294901687516,0.0,1.4082777600446754e-13,0.29016150556309495,1.7573529756408325e-10,0.29016150463822,0.2901615067079665,0.29016150556309483,0.2901615067079665,2.069746485311441e-09,-2.782441916732019e-11
3000.000000000042,1.0953702412901186e-09,2999.9999999944253,3000.000000006987,3000.0000000000414,3000.000000006987,1.2561940820887685e-08,-2.5461661901607733e-10,150.50204081632612,1.095360926271868e-11,150.5020408162567,150.50204081638222,150.5020408163261,150.50204081638222,1.255102688446641e-10,2.5877103840820912e-12,143.07590230627807,7.824882186206454e-10,143.07590230179628,143.07590231160745,143.0759023062781,143.07590231160745,9.811174095375463e-09,-2.3940721920759484e-12,136.79271699910254,9.996429516477827e-11,136.79271699859015,136.79271699973572,136.79271699910254,136.79271699973572,1.145565420301864e-09,-2.408154969676395e-11,6.283185307179678,2.295788256916107e-12,6.283185307167911,6.283185307194221,6.283185307179679,6.283185307194221,2.630962114835711e-11,-5.479080660173816e-13,-4.1249155202649524e-12,7.938822344779432e-10,-4.594039815231099e-09,5.237777322975035e-09,7.938929506852555e-10,5.237777322975035e-09,9.831817138206134e-09,2.230452811934293e-11,35.76897557657413,68.47687908425353,-8.457901171603094,154.26838712860803,77.2560844394604,154.26838712860803,162.7262883002111,-1.4616133679445242,35.768975576570874,68.4768790842484,-8.457901171662801,154.26838712768046,77.25608443945434,154.26838712768046,162.72628829934325,-0.4022869787488201,35.76897557656521,68.47687908423823,-8.457901171614632,154.26838712599258,77.25608443944272,154.26838712599258,162.7262882976072,1.3766958907095623,35.76897557656787,68.47687908424301,-8.457901171640254,154.268387126553,77.25608443944817,154.268387126553,162.72628829819325,0.48720445598144063,106.35585508462606,1.3141531105759421e-09,106.3558550840852,106.35585509145196,106.35585508462604,106.35585509145196,7.3667507649588515e-09,-2.770117560951878e-09,722.4285714366644,1.8682132802565128e-08,722.4285714285736,722.428571529723,722.4285714366644,722.428571529723,1.0114933957083849e-07,-4.08025244389904e-08,53.01916082979447,0.09988301006591771,52.830846287554934,53.17696033613613,53.01925491471293,53.17696033613613,0.34611404858119954,0.34449875000704316,451.00000000000006,0.0,451.00000000000006,451.00000000000006,451.00000000000006,451.00000000000006,0.0,0.0,0.004477458600502123,1.074605610073937e-15,0.0044774586004966,0.0044774586005089,0.004477458600502124,0.0044774586005089,1.230005680641355e-14,-2.030673955142545e-16,317.5729490168751,5.684341886080802e-14,317.57294901687516,317.57294901687516,317.5729490168751,317.57294901687516,0.0,1.4082777600446754e-13,0.2901615055584965,1.3688776639522853e-11,0.2901615054651377,0.2901615056368107,0.2901615055584965,0.2901615056368107,1.7167300914167072e-10,6.762896372089543e-14
2999.9999999999973,8.984988794812097e-11,2999.999999999405,3000.0000000004743,2999.9999999999977,3000.0000000004743,1.0691110219340771e-09,1.0702910976339534e-11,150.50204081632657,9.214693405355844e-13,150.5020408163218,150.50204081633248,150.50204081632654,150.50204081633248,1.0686562745831907e-11,-1.9363819200614288e-13,143.07590230627974,6.108636478689614e-11,143.07590230597347,143.07590230666014,143.07590230627974,143.07590230666014,6.866684998385608e-10,-1.0333238064327807e-11,136.7927169990982,8.41473012646246e-12,136.79271699904427,136.79271699914173,136.79271699909822,136.79271699914173,9.745804163685534e-11,1.549105536049143e-12,6.283185307179579,1.9323474730010739e-13,6.283185307178341,6.283185307180579,6.28318530717958,6.283185307180579,2.2382096176443156e-12,3.5206944001116885e-14,1.929075565954008e-12,6.259543410035953e-11,-3.1096103469963055e-10,3.90425469731781e-10,6.262515231719293e-11,3.90425469731781e-10,7.013865044314116e-10,-1.1850581960847003e-11,35.76897557656966,68.47687908424608,-8.457901171543703,154.2683871234514,77.25608443945173,154.2683871234514,162.7262882949951,-1.461613367917142,35.76897557656989,68.47687908424648,-8.457901171542357,154.26838712352082,77.25608443945217,154.26838712352082,162.72628829506317,-0.4022869787424168,35.76897557657014,68.4768790842469,-8.457901171544393,154.26838712351565,77.25608443945268,154.26838712351565,162.72628829506004,1.376695890680609,35.76897557657006,68.47687908424673,-8.457901171543941,154.26838712354254,77.25608443945251,154.26838712354254,162.72628829508648,0.4872044559687925,106.35585508411931,8.314690222511351e-11,106.3558550840852,106.35585508455095,106.35585508411928,106.35585508455095,4.657465524360305e-10,-1.7501371862955205e-10,722.4285714292156,1.4853094869341733e-09,722.4285714285736,722.4285714366159,722.4285714292155,722.4285714366159,8.04232058726484e-09,-3.2420666452868497e-09,53.08495243885544,0.08977225881404767,52.91570021257062,53.226778542364954,53.085028345984675,53.226778542364954,0.31107832979433425,0.30962654135496637,451.00000000000006,0.0,451.00000000000006,451.00000000000006,451.00000000000006,451.00000000000006,0.0,0.0,0.004477458600502084,9.542096372077544e-17,0.0044774586005015,0.0044774586005025,0.004477458600502085,0.0044774586005025,1.0000680839006293e-15,6.607748584193996e-17,317.5729490168751,5.684341886080802e-14,317.57294901687516,317.57294901687516,317.5729490168751,317.57294901687516,0.0,1.4082777600446754e-13,0.29016150555847225,1.0680374185503145e-12,0.2901615055518239,0.2901615055638256,0.29016150555847225,0.2901615055638256,1.2001677429651636e-11,1.7692864631811278e-13
3000.0,6.819785239412808e-12,2999.99999999996,3000.000000000045,2999.9999999999995,3000.000000000045,8.503775461576879e-11,-5.633111040178702e-13,150.50204081632654,7.196924587113427e-14,150.50204081632603,150.50204081632694,150.50204081632654,150.50204081632694,9.094947017729282e-13,-7.041388800223377e-14,143.07590230627784,4.949565582799984e-12,143.07590230624606,143.07590230630376,143.0759023062778,143.07590230630376,5.7696070143720135e-11,1.0914152640346235e-12,136.79271699909847,6.504163981710376e-13,136.79271699909484,136.79271699910302,136.7927169990985,136.79271699910302,8.185452315956354e-12,-3.5206944001116885e-14,6.283185307179586,1.4928321521415136e-14,6.283185307179503,6.28318530717969,6.283185307179585,6.28318530717969,1.8740564655672642e-13,3.3006510001047086e-15,-2.7041835437557893e-13,5.115583180763408e-12,-3.269295945074191e-11,2.6078694759235077e-11,5.1227255797761285e-12,3.269295945074191e-11,5.877165420997699e-11,1.1276400013349952e-12,35.768975576569474,68.47687908424572,-8.45790117153569,154.26838712317618,77.25608443945131,154.26838712317618,162.72628829471188,-1.4616133679160506,35.76897557656946,68.4768790842457,-8.45790117153577,154.26838712317755,77.2560844394513,154.26838712317755,162.72628829471333,-0.4022869787398775,35.768975576569446,68.47687908424567,-8.457901171535733,154.26838712317215,77.25608443945127,154.26838712317215,162.72628829470787,1.376695890684702,35.768975576569446,68.47687908424567,-8.457901171535807,154.26838712317445,77.25608443945127,154.26838712317445,162.72628829471026,0.48720445597237044,106.3558550840873,5.1946742500450165e-12,106.3558550840852,106.35585508411444,106.35585508408725,106.35585508411444,2.923172814917052e-11,-1.075572139234121e-11,722.4285714286236,1.176742009306601e-10,722.4285714285736,722.428571429211,722.4285714286235,722.428571429211,6.374420991051011e-10,-2.544757912400729e-10,53.14408423066413,0.0806849778318342,52.99196471951413,53.27155385400699,53.14414547983222,53.27155385400699,0.27958913449285916,0.27828430469962134,451.00000000000006,0.0,451.00000000000006,451.00000000000006,451.00000000000006,451.00000000000006,0.0,0.0,0.004477458600502094,1.865170615607685e-17,0.004477458600502,0.0044774586005021,0.004477458600502095,0.0044774586005021,9.974659986866641e-17,1.7190890625545354e-17,317.5729490168751,5.684341886080802e-14,317.57294901687516,317.57294901687516,317.5729490168751,317.57294901687516,0.0,1.4082777600446754e-13,0.2901615055585056,8.64848254561555e-14,0.2901615055580519,0.2901615055590604,0.2901615055585056,0.2901615055590604,1.008471084418261e-12,-1.8703689000593347e-14
3000.0,1.315627390930734e-12,2999.9999999999973,3000.0000000000027,2999.9999999999995,3000.0000000000027,5.4569682106375694e-12,0.0,150.50204081632657,3.588346340185724e-14,150.5020408163265,150.50204081632654,150.50204081632654,150.50204081632654,2.842170943040401e-14,-1.7603472000558443e-14,143.07590230627804,6.813401666127154e-13,143.07590230627596,143.0759023062807,143.075902306278,143.0759023062807,4.746425474877469e-12,1.7603472000558443e-14,136.79271699909847,8.812563391330517e-14,136.79271699909822,136.79271699909876,136.7927169990985,136.79271699909876,5.400124791776761e-13,-3.5206944001116885e-14,6.283185307179585,2.07993105756706e-15,6.28318530717958,6.283185307179592,6.283185307179585,6.283185307179592,1.1546319456101628e-14,4.400868000139611e-15,-6.123279661096603e-14,6.941446114092679e-13,-2.240874152903416e-12,2.8546054409162025e-12,6.968401516340195e-13,2.8546054409162025e-12,5.0954795938196185e-12,-9.948519453349718e-14,35.76897557656953,68.47687908424581,-8.45790117153524,154.26838712315393,77.25608443945143,154.26838712315393,162.72628829468917,-1.4616133679163719,35.76897557656951,68.47687908424578,-8.457901171535253,154.26838712315393,77.2560844394514,154.26838712315393,162.72628829468917,-0.40228697874017677,35.76897557656949,68.47687908424575,-8.457901171535253,154.26838712315345,77.25608443945136,154.26838712315345,162.7262882946887,1.3766958906844335,35.768975576569495,68.47687908424577,-8.457901171535253,154.26838712315393,77.25608443945137,154.26838712315393,162.72628829468917,0.48720445597201395,106.35585508408532,2.679143762065575e-13,106.3558550840852,106.3558550840868,106.35585508408528,106.3558550840868,1.5916157281026244e-12,-4.576902720145196e-13,722.4285714285769,8.787705760342724e-12,722.4285714285736,722.4285714286221,722.4285714285769,722.4285714286221,4.8544279707130045e-11,-1.7744299776562912e-11,53.19723035146213,0.07251756537873899,53.060509280308295,53.3117967427901,53.197279778798965,53.3117967427901,0.25128746248180533,0.2501147153066398,451.00000000000006,0.0,451.00000000000006,451.00000000000006,451.00000000000006,451.00000000000006,0.0,0.0,0.004477458600502098,1.734723475976807e-18,0.0044774586005021,0.0044774586005021,0.0044774586005021,0.0044774586005021,0.0,-3.760507324338046e-18,317.5729490168751,5.684341886080802e-14,317.57294901687516,317.57294901687516,317.5729490168751,317.57294901687516,0.0,1.4082777600446754e-13,0.29016150555850206,1.1920236664384264e-14,0.2901615055584549,0.2901615055585377,0.29016150555850206,0.2901615055585377,8.282263763703668e-14,1.9941433125632614e-15
3000.0,1.283161334083443e-12,2999.999999999998,3000.000000000001,2999.9999999999995,3000.000000000001,2.7284841053187847e-12,5.633111040178702e-13,150.50204081632657,3.568028393255012e-14,150.5020408163265,150.50204081632654,150.50204081632654,150.50204081632654,2.842170943040401e-14,-1.7603472000558443e-14,143.075902306278,5.920208644979799e-13,143.0759023062768,143.07590230627872,143.075902306278,143.07590230627872,1.9326762412674725e-12,7.041388800223377e-14,136.79271699909847,8.121848476599165e-14,136.79271699909842,136.79271699909862,136.7927169990985,136.79271699909862,1.9895196601282805e-13,3.5206944001116885e-14,6.283185307179585,1.9385905582337133e-15,6.2831853071795845,6.283185307179589,6.283185307179585,6.283185307179589,4.440892098500626e-15,1.1002170000349027e-15,-8.29594171136705e-14,6.028265523478834e-13,-1.3287149158713873e-12,7.194245199571014e-13,6.085081076727535e-13,1.3287149158713873e-12,2.0481394358284888e-12,3.102684842249112e-14,35.76897557656952,68.4768790842458,-8.457901171535207,154.2683871231519,77.25608443945141,154.2683871231519,162.72628829468712,-1.4616133679163235,35.76897557656951,68.47687908424578,-8.457901171535207,154.2683871231519,77.25608443945139,154.2683871231519,162.72628829468712,-0.40228697874015035,35.76897557656949,68.47687908424574,-8.457901171535207,154.2683871231519,77.25608443945134,154.2683871231519,162.72628829468712,1.37669589068446,35.76897557656949,68.47687908424575,-8.457901171535207,154.2683871231519,77.25608443945136,154.2683871231519,162.72628829468712,0.4872044559720844,106.35585508408523,2.842170943040401e-14,106.3558550840852,106.3558550840852,106.35585508408519,106.3558550840852,0.0,1.7603472000558443e-14,722.4285714285737,2.587468469924043e-13,722.4285714285736,722.4285714285758,722.4285714285736,722.4285714285758,2.1600499167107046e-12,1.4082777600446754e-13,53.24499670640405,0.06517690690107132,53.122115353734955,53.347966007463384,53.24503659773531,53.347966007463384,0.22585065372842905,0.224796618984476,451.00000000000006,0.0,451.00000000000006,451.00000000000006,451.00000000000006,451.00000000000006,0.0,0.0,0.004477458600502098,1.734723475976807e-18,0.0044774586005021,0.0044774586005021,0.0044774586005021,0.0044774586005021,0.0,-3.760507324338046e-18,317.5729490168751,5.684341886080802e-14,317.57294901687516,317.57294901687516,317.5729490168751,317.57294901687516,0.0,1.4082777600446754e-13,0.29016150555850245,1.0365353957492045e-14,0.2901615055584898,0.2901615055585237,0.29016150555850245,0.2901615055585237,3.391731340229853e-14,-2.4067246875763496e-16
3000.0,1.286380509574182e-12,2999.999999999998,3000.000000000001,2999.9999999999995,3000.000000000001,2.7284841053187847e-12,5.633111040178702e-13,150.50204081632657,3.547594082335746e-14,150.5020408163265,150.50204081632654,150.50204081632654,150.50204081632654,2.842170943040401e-14,3.5206944001116885e-14,143.075902306278,5.938137895579204e-13,143.0759023062768,143.07590230627872,143.075902306278,143.07590230627872,1.9326762412674725e-12,7.041388800223377e-14,136.79271699909847,8.054935089566402e-14,136.79271699909842,136.79271699909862,136.7927169990985,136.79271699909862,1.9895196601282805e-13,-3.5206944001116885e-14,6.283185307179585,1.91978075550115e-15,6.2831853071795845,6.283185307179589,6.283185307179585,6.283185307179589,4.440892098500626e-15,3.3006510001047086e-15,-8.913403348742576e-14,6.045799234970927e-13,-1.3287149158713873e-12,7.194245199571014e-13,6.111151772141549e-13,1.3287149158713873e-12,2.0481394358284888e-12,-1.1790329192004286e-15,35.76897557656952,68.4768790842458,-8.457901171535207,154.2683871231519,77.2560844394514,154.2683871231519,162.72628829468712,-1.461613367916319,35.7689755765695,68.47687908424578,-8.457901171535207,154.2683871231519,77.25608443945139,154.2683871231519,162.72628829468712,-0.402286978740168,35.76897557656949,68.47687908424574,-8.457901171535207,154.2683871231519,77.25608443945134,154.2683871231519,162.72628829468712,1.3766958906844378,35.76897557656949,68.47687908424575,-8.457901171535207,154.2683871231519,77.25608443945136,154.2683871231519,162.72628829468712,0.48720445597206236,106.35585508408523,2.842170943040401e-14,106.3558550840852,106.3558550840852,106.35585508408519,106.3558550840852,0.0,1.7603472000558443e-14,722.4285714285736,0.0,722.4285714285736,722.4285714285736,722.4285714285735,722.4285714285736,0.0,2.816555520089351e-13,53.287927867327525,0.0585793134532853,53.177485294676856,53.38047400444286,53.287960065379366,53.38047400444286,0.2029887097660037,0.20204137067626618,451.00000000000006,0.0,451.00000000000006,451.00000000000006,451.00000000000006,451.00000000000006,0.0,0.0,0.004477458600502098,1.734723475976807e-18,0.0044774586005021,0.0044774586005021,0.0044774586005021,0.0044774586005021,0.0,-3.760507324338046e-18,317.5729490168751,5.684341886080802e-14,317.57294901687516,317.57294901687516,317.5729490168751,317.57294901687516,0.0,1.4082777600446754e-13,0.29016150555850256,1.0394669917294064e-14,0.2901615055584898,0.2901615055585237,0.29016150555850256,0.2901615055585237,3.391731340229853e-14,-1.3752712500436283e-16
3000.0,1.2913543723188084e-12,2999.999999999998,3000.000000000001,2999.9999999999995,3000.000000000001,2.7284841053187847e-12,-5.633111040178702e-13,150.50204081632657,3.547594082335746e-14,150.5020408163265,150.50204081632654,150.50204081632654,150.50204081632654,2.842170943040401e-14,0.0,143.075902306278,5.8964465024473e-13,143.0759023062768,143.07590230627872,143.075902306278,143.07590230627872,1.9326762412674725e-12,-3.5206944001116885e-14,136.79271699909847,8.053932171665539e-14,136.79271699909842,136.79271699909862,136.7927169990985,136.79271699909862,1.9895196601282805e-13,5.281041600167534e-14,6.283185307179585,1.9169022136038847e-15,6.2831853071795845,6.283185307179589,6.283185307179585,6.283185307179589,4.440892098500626e-15,3.3006510001047086e-15,-8.303935317144351e-14,6.004873062393591e-13,-1.3287149158713873e-12,7.194245199571014e-13,6.062017313813393e-13,1.3287149158713873e-12,2.0481394358284888e-12,-3.404280450350836e-14,35.76897557656952,68.4768790842458,-8.457901171535207,154.2683871231519,77.2560844394514,154.2683871231519,162.72628829468712,-1.461613367916354,35.7689755765695,68.47687908424578,-8.457901171535207,154.2683871231519,77.25608443945139,154.2683871231519,162.72628829468712,-0.4022869787401548,35.76897557656949,68.47687908424574,-8.457901171535207,154.2683871231519,77.25608443945134,154.2683871231519,162.72628829468712,1.3766958906844466,35.76897557656949,68.47687908424575,-8.457901171535207,154.2683871231519,77.25608443945136,154.2683871231519,162.72628829468712,0.4872044559720844,106.35585508408523,2.842170943040401e-14,106.3558550840852,106.3558550840852,106.35585508408519,106.3558550840852,0.0,1.7603472000558443e-14,722.4285714285736,0.0,722.4285714285736,722.4285714285736,722.4285714285735,722.4285714285736,0.0,2.816555520089351e-13,53.32651328127585,0.05264956758175723,53.2272503614857,53.40969134898006,53.32653927187715,53.40969134898006,0.18244098749435977,0.1815895436912852,451.00000000000006,0.0,451.00000000000006,451.00000000000006,451.00000000000006,451.00000000000006,0.0,0.0,0.004477458600502098,1.734723475976807e-18,0.0044774586005021,0.0044774586005021,0.0044774586005021,0.0044774586005021,0.0,-3.760507324338046e-18,317.5729490168751,5.684341886080802e-14,317.57294901687516,317.57294901687516,317.5729490168751,317.57294901687516,0.0,1.4082777600446754e-13,0.2901615055585025,1.0323646558085785e-14,0.2901615055584898,0.2901615055585237,0.29016150555850245,0.2901615055585237,3.391731340229853e-14,3.094360312598164e-16
3000.0,1.2839668846267743e-12,2999.999999999998,3000.000000000001,2999.9999999999995,3000.000000000001,2.7284841053187847e-12,0.0,150.50204081632657,3.547594082335746e-14,150.5020408163265,150.50204081632654,150.50204081632654,150.50204081632654,2.842170943040401e-14,-1.7603472000558443e-14,143.075902306278,5.922309553033807e-13,143.0759023062768,143.07590230627872,143.075902306278,143.07590230627872,1.9326762412674725e-12,8.801736000279222e-14,136.79271699909847,8.049919250553603e-14,136.79271699909842,136.79271699909862,136.7927169990985,136.79271699909862,1.9895196601282805e-13,3.5206944001116885e-14,6.283185307179585,1.9164906403917112e-15,6.2831853071795845,6.283185307179589,6.283185307179585,6.283185307179589,4.440892098500626e-15,4.400868000139611e-15,-7.815614821993222e-14,6.033710879682653e-13,-1.3287149158713873e-12,7.194245199571014e-13,6.084119108799434e-13,1.3287149158713873e-12,2.0481394358284888e-12,-1.668584099898378e-15,35.76897557656952,68.4768790842458,-8.457901171535207,154.2683871231519,77.25608443945141,154.2683871231519,162.72628829468712,-1.4616133679163101,35.76897557656951,68.47687908424578,-8.457901171535207,154.2683871231519,77.2560844394514,154.2683871231519,162.72628829468712,-0.40228697874016356,35.76897557656949,68.47687908424575,-8.457901171535207,154.2683871231519,77.25608443945134,154.2683871231519,162.72628829468712,1.3766958906844466,35.76897557656949,68.47687908424577,-8.457901171535207,154.2683871231519,77.25608443945137,154.2683871231519,162.72628829468712,0.48720445597204476,106.35585508408523,2.842170943040401e-14,106.3558550840852,106.3558550840852,106.35585508408519,106.3558550840852,0.0,1.7603472000558443e-14,722.4285714285736,0.0,722.4285714285736,722.4285714285736,722.4285714285735,722.4285714285736,0.0,2.816555520089351e-13,53.36119285055695,0.04732006579006175,53.27197791279533,53.43595114045065,53.361213831986205,53.43595114045065,0.16397322765531896,0.16320797204867377,451.00000000000006,0.0,451.00000000000006,451.00000000000006,451.00000000000006,451.00000000000006,0.0,0.0,0.004477458600502098,1.734723475976807e-18,0.0044774586005021,0.0044774586005021,0.0044774586005021,0.0044774586005021,0.0,-3.760507324338046e-18,317.5729490168751,5.684341886080802e-14,317.57294901687516,317.57294901687516,317.5729490168751,317.57294901687516,0.0,1.4082777600446754e-13,0.2901615055585024,1.0370187019236355e-14,0.2901615055584898,0.2901615055585237,0.29016150555850234,0.2901615055585237,3.391731340229853e-14,-6.876356250218142e-17
3000.0,1.283161334083443e-12,2999.999999999998,3000.000000000001,2999.9999999999995,3000.000000000001,2.7284841053187847e-12,5.633111040178702e-13,150.50204081632657,3.568028393255012e-14,150.5020408163265,150.50204081632654,150.50204081632654,150.50204081632654,2.842170943040401e-14,-1.7603472000558443e-14,143.075902306278,5.920208644979799e-13,143.0759023062768,143.07590230627872,143.075902306278,143.07590230627872,1.9326762412674725e-12,7.041388800223377e-14,136.79271699909847,8.121848476599165e-14,136.79271699909842,136.79271699909862,136.7927169990985,136.79271699909862,1.9895196601282805e-13,3.5206944001116885e-14,6.283185307179585,1.9385905582337133e-15,6.2831853071795845,6.283185307179589,6.283185307179585,6.283185307179589,4.440892098500626e-15,1.1002170000349027e-15,-8.29594171136705e-14,6.028265523478834e-13,-1.3287149158713873e-12,7.194245199571014e-13,6.085081076727535e-13,1.3287149158713873e-12,2.0481394358284888e-12,3.102684842249112e-14,35.76897557656952,68.4768790842458,-8.457901171535207,154.2683871231519,77.25608443945141,154.2683871231519,162.72628829468712,-1.4616133679163235,35.76897557656951,68.47687908424578,-8.457901171535207,154.2683871231519,77.25608443945139,154.2683871231519,162.72628829468712,-0.40228697874015035,35.76897557656949,68.47687908424574,-8.457901171535207,154.2683871231519,77.25608443945134,154.2683871231519,162.72628829468712,1.37669589068446,35.76897557656949,68.47687908424575,-8.457901171535207,154.2683871231519,77.25608443945136,154.2683871231519,162.72628829468712,0.4872044559720844,106.35585508408523,2.842170943040401e-14,106.3558550840852,106.3558550840852,106.35585508408519,106.3558550840852,0.0,1.7603472000558443e-14,722.4285714285736,0.0,722.4285714285736,722.4285714285736,722.4285714285735,722.4285714285736,0.0,2.816555520089351e-13,53.39236194795561,0.04253004780902097,53.31217787583039,53.45955275993392,53.39237888675185,53.45955275993392,0.1473748841035274,0.14668709221243523,451.00000000000006,0.0,451.00000000000006,451.00000000000006,451.00000000000006,451.00000000000006,0.0,0.0,0.004477458600502098,1.734723475976807e-18,0.0044774586005021,0.0044774586005021,0.0044774586005021,0.0044774586005021,0.0,-3.760507324338046e-18,317.5729490168751,5.684341886080802e-14,317.57294901687516,317.57294901687516,317.5729490168751,317.57294901687516,0.0,1.4082777600446754e-13,0.29016150555850245,1.0365353957492045e-14,0.2901615055584898,0.2901615055585237,0.29016150555850245,0.2901615055585237,3.391731340229853e-14,-2.4067246875763496e-16
3000.0,1.286380509574182e-12,2999.999999999998,3000.000000000001,2999.9999999999995,3000.000000000001,2.7284841053187847e-12,5.633111040178702e-13,150.50204081632657,3.547594082335746e-14,150.5020408163265,150.50204081632654,150.50204081632654,150.50204081632654,2.842170943040401e-14,3.5206944001116885e-14,143.075902306278,5.938137895579204e-13,143.0759023062768,143.07590230627872,143.075902306278,143.07590230627872,1.9326762412674725e-12,7.041388800223377e-14,136.79271699909847,8.054935089566402e-14,136.79271699909842,136.79271699909862,136.7927169990985,136.79271699909862,1.9895196601282805e-13,-3.5206944001116885e-14,6.283185307179585,1.91978075550115e-15,6.2831853071795845,6.283185307179589,6.283185307179585,6.283185307179589,4.440892098500626e-15,3.3006510001047086e-15,-8.913403348742576e-14,6.045799234970927e-13,-1.3287149158713873e-12,7.194245199571014e-13,6.111151772141549e-13,1.3287149158713873e-12,2.0481394358284888e-12,-1.1790329192004286e-15,35.76897557656952,68.4768790842458,-8.457901171535207,154.2683871231519,77.2560844394514,154.2683871231519,162.72628829468712,-1.461613367916319,35.7689755765695,68.47687908424578,-8.457901171535207,154.2683871231519,77.25608443945139,154.2683871231519,162.72628829468712,-0.402286978740168,35.76897557656949,68.47687908424574,-8.457901171535207,154.2683871231519,77.25608443945134,154.2683871231519,162.72628829468712,1.3766958906844378,35.76897557656949,68.47687908424575,-8.457901171535207,154.2683871231519,77.25608443945136,154.2683871231519,162.72628829468712,0.48720445597206236,106.35585508408523,2.842170943040401e-14,106.3558550840852,106.3558550840852,106.35585508408519,106.3558550840852,0.0,1.7603472000558443e-14,722.4285714285736,0.0,722.4285714285736,722.4285714285736,722.4285714285735,722.4285714285736,0.0,2.816555520089351e-13,53.420375924276144,0.03822490388460303,53.348308559954695,53.480765283378965,53.42038960017289,53.480765283378965,0.13245672342426928,0.13183855391154764,451.00000000000006,0.0,451.00000000000006,451.00000000000006,451.00000000000006,451.00000000000006,0.0,0.0,0.004477458600502098,1.734723475976807e-18,0.0044774586005021,0.0044774586005021,0.0044774586005021,0.0044774586005021,0.0,-3.760507324338046e-18,317.5729490168751,5.684341886080802e-14,317.57294901687516,317.57294901687516,317.5729490168751,317.57294901687516,0.0,1.4082777600446754e-13,0.29016150555850256,1.0394669917294064e-14,0.2901615055584898,0.2901615055585237,0.29016150555850256,0.2901615055585237,3.391731340229853e-14,-1.3752712500436283e-16
3000.0,1.2913543723188084e-12,2999.999999999998,3000.000000000001,2999.9999999999995,3000.000000000001,2.7284841053187847e-12,-5.633111040178702e-13,150.50204081632657,3.547594082335746e-14,150.5020408163265,150.50204081632654,150.50204081632654,150.50204081632654,2.842170943040401e-14,0.0,143.075902306278,5.8964465024473e-13,143.0759023062768,143.07590230627872,143.075902306278,143.07590230627872,1.9326762412674725e-12,-3.5206944001116885e-14,136.79271699909847,8.053932171665539e-14,136.79271699909842,136.79271699909862,136.7927169990985,136.79271699909862,1.9895196601282805e-13,5.281041600167534e-14,6.283185307179585,1.9169022136038847e-15,6.2831853071795845,6.283185307179589,6.283185307179585,6.283185307179589,4.440892098500626e-15,3.3006510001047086e-15,-8.303935317144351e-14,6.004873062393591e-13,-1.3287149158713873e-12,7.194245199571014e-13,6.062017313813393e-13,1.3287149158713873e-12,2.0481394358284888e-12,-3.404280450350836e-14,35.76897557656952,68.4768790842458,-8.457901171535207,154.2683871231519,77.2560844394514,154.2683871231519,162.72628829468712,-1.461613367916354,35.7689755765695,68.47687908424578,-8.457901171535207,154.2683871231519,77.25608443945139,154.2683871231519,162.72628829468712,-0.4022869787401548,35.76897557656949,68.47687908424574,-8.457901171535207,154.2683871231519,77.25608443945134,154.2683871231519,162.72628829468712,1.3766958906844466,35.76897557656949,68.47687908424575,-8.457901171535207,154.2683871231519,77.25608443945136,154.2683871231519,162.72628829468712,0.4872044559720844,106.35585508408523,2.842170943040401e-14,106.3558550840852,106.3558550840852,106.35585508408519,106.3558550840852,0.0,1.7603472000558443e-14,722.4285714285736,0.0,722.4285714285736,722.4285714285736,722.4285714285735,722.4285714285736,0.0,2.816555520089351e-13,53.44555415960489,0.03435555218626473,53.38078188173739,53.49983054926999,53.44556520171926,53.49983054926999,0.11904866753259569,0.11849307280784924,451.00000000000006,0.0,451.00000000000006,451.00000000000006,451.00000000000006,451.00000000000006,0.0,0.0,0.004477458600502098,1.734723475976807e-18,0.0044774586005021,0.0044774586005021,0.0044774586005021,0.0044774586005021,0.0,-3.760507324338046e-18,317.5729490168751,5.684341886080802e-14,317.57294901687516,317.57294901687516,317.5729490168751,317.57294901687516,0.0,1.4082777600446754e-13,0.2901615055585025,1.0323646558085785e-14,0.2901615055584898,0.2901615055585237,0.29016150555850245,0.2901615055585237,3.391731340229853e-14,3.094360312598164e-16
3000.0,1.2839668846267743e-12,2999.999999999998,3000.000000000001,2999.9999999999995,3000.000000000001,2.7284841053187847e-12,0.0,150.50204081632657,3.547594082335746e-14,150.5020408163265,150.50204081632654,150.50204081632654,150.50204081632654,2.842170943040401e-14,-1.7603472000558443e-14,143.075902306278,5.922309553033807e-13,143.0759023062768,143.07590230627872,143.075902306278,143.07590230627872,1.9326762412674725e-12,8.801736000279222e-14,136.79271699909847,8.049919250553603e-14,136.79271699909842,136.79271699909862,136.7927169990985,136.79271699909862,1.9895196601282805e-13,3.5206944001116885e-14,6.283185307179585,1.9164906403917112e-15,6.2831853071795845,6.283185307179589,6.283185307179585,6.283185307179589,4.440892098500626e-15,4.400868000139611e-15,-7.815614821993222e-14,6.033710879682653e-13,-1.3287149158713873e-12,7.194245199571014e-13,6.084119108799434e-13,1.3287149158713873e-12,2.0481394358284888e-12,-1.668584099898378e-15,35.76897557656952,68.4768790842458,-8.457901171535207,154.2683871231519,77.25608443945141,154.2683871231519,162.72628829468712,-1.4616133679163101,35.76897557656951,68.47687908424578,-8.457901171535207,154.2683871231519,77.2560844394514,154.2683871231519,162.72628829468712,-0.40228697874016356,35.76897557656949,68.47687908424575,-8.457901171535207,154.2683871231519,77.25608443945134,154.2683871231519,162.72628829468712,1.3766958906844466,35.76897557656949,68.47687908424577,-8.457901171535207,154.2683871231519,77.25608443945137,154.2683871231519,162.72628829468712,0.48720445597204476,106.35585508408523,2.842170943040401e-14,106.3558550840852,106.3558550840852,106.35585508408519,106.3558550840852,0.0,1.7603472000558443e-14,722.4285714285736,0.0,722.4285714285736,722.4285714285736,722.4285714285735,722.4285714285736,0.0,2.816555520089351e-13,53.468183704479756,0.030877879237742566,53.40996806110709,53.51696591576406,53.468192620467555,53.51696591576406,0.10699785465697431,0.10649850052859464,451.00000000000006,0.0,451.00000000000006,451.00000000000006,451.00000000000006,451.00000000000006,0.0,0.0,0.004477458600502098,1.734723475976807e-18,0.0044774586005021,0.0044774586005021,0.0044774586005021,0.0044774586005021,0.0,-3.760507324338046e-18,317.5729490168751,5.684341886080802e-14,317.57294901687516,317.57294901687516,317.5729490168751,317.57294901687516,0.0,1.4082777600446754e-13,0.2901615055585024,1.0370187019236355e-14,0.2901615055584898,0.2901615055585237,0.29016150555850234,0.2901615055585237,3.391731340229853e-14,-6.876356250218142e-17
2999.8514692976196,0.31299523022562786,2998.7913686671377,3000.000000000001,2999.8514856260967,3000.000000000001,1.208631332863206,-0.7193044205228977,148.7505100346122,4.182731907172687,132.98070914755047,150.50204081632654,148.80930576333103,150.50204081632654,17.52133166877607,-9.09727404561369,143.05849533761537,0.07480611978277112,142.5828049780655,143.34723094820117,143.05851489589173,143.34723094820117,0.7644259701356759,-0.08129014180891113,136.77933541227475,0.028385993613398598,136.68251789267148,136.79271699909862,136.77933835776585,136.79271699909862,0.11019910642713171,-0.06494144919284817,6.2828779432218465,0.0006520081201286799,6.28065395563544,6.283185307179589,6.282877977053046,6.283185307179589,0.002531351544148741,-0.0014916506134705536,-0.0037180178812470615,0.06898739095016922,-0.4467541098164718,0.3496729120072119,0.0690875080392741,0.4467541098164718,0.7964270218236837,-0.014857042002647395,35.765987388695486,68.41668829306116,-8.457901171535207,154.38750893834583,77.20135420365511,154.38750893834583,162.84541010988104,-1.4740663204957758,35.7645523519747,68.41605451276973,-8.457901171535207,154.42449996919711,77.20012772030509,154.42449996919711,162.88240114073233,-0.4229550232802854,35.76381931293425,68.41404345271131,-8.457901171535207,154.37049950954506,77.19800589003373,154.37049950954506,162.82840068108027,1.351591036761658,35.76413628401094,68.41496083518972,-8.457901171535207,154.4182014696166,77.19896573285065,154.4182014696166,162.87610264115182,0.4641401652053645,105.82678594559195,1.40494117288238,99.69589401362846,106.3558550840852,105.83611143307085,106.3558550840852,6.659961070456745,-2.8170356335363396,721.1343123458316,3.44848262293959,705.9893826403642,722.4285714285736,721.1425576644996,722.4285714285736,16.439188788209435,-6.896036739414744,53.474068172777244,0.03627486199813453,53.31242658035991,53.51739820484373,53.47408047654903,53.51739820484373,0.204971624483818,0.017659850352500263,451.00000000000006,0.0,451.00000000000006,451.00000000000006,451.00000000000006,451.00000000000006,0.0,0.0,0.004434491754624483,0.00010249799006544493,0.0040483825377173,0.0044774586005021,0.004435676155875222,0.0044774586005021,0.0004290760627847995,-0.0002231038426098421,317.49764043882686,0.16936196469807285,317.0000592174316,317.57294901687516,317.49768560998626,317.57294901687516,0.5728897994435442,-0.3840040247489636,0.28000725105740165,0.029361737060855056,0.1603269686238077,0.3349617295718426,0.2815424874649536,0.3349617295718426,0.17463476094803493,-0.0460822357766706
2999.6575687558447,0.43831177492499057,2998.7913686671377,3000.000000000001,2999.6576007790345,3000.000000000001,1.208631332863206,-1.303528711849693,143.45796525389395,10.780686155104327,115.27543803734297,150.50204081632654,143.86247248244518,150.50204081632654,35.226602778983576,-30.962215022382544,143.03945573721347,0.08016667248181177,142.5828049780655,143.34723094820117,143.03947820197618,143.34723094820117,0.7644259701356759,-0.13221007477961325,136.76169894420693,0.03986165133836169,136.68251789267148,136.79271699909862,136.76170475340362,136.79271699909862,0.11019910642713171,-0.11837294086537169,6.282472836902816,0.0009156102773629831,6.28065395563544,6.283185307179589,6.282472903623533,6.283185307179589,0.002531351544148741,-0.002718986002014645,-0.004716043896302946,0.06915099305346492,-0.4467541098164718,0.3496729120072119,0.06931162175502902,0.4467541098164718,0.7964270218236837,-0.011118147912310814,35.76249763556515,68.24265284795767,-8.457901171535207,154.38750893834583,77.04554435436658,154.38750893834583,162.84541010988104,-1.479487211909129,35.75969849549358,68.2417197210245,-8.457901171535207,154.42449996919711,77.04341858310462,154.42449996919711,162.88240114073233,-0.4361671173760479,35.75830458826794,68.23769508727821,-8.457901171535207,154.37049950954506,77.03920675767435,154.37049950954506,162.82840068108027,1.3343789675368456,35.75895501788677,68.23962477922271,-8.457901171535207,154.4182014696166,77.0412178900383,154.4182014696166,162.87610264115182,0.44906528696871356,103.50023106488565,4.7768172310486845,89.75873981358826,106.3558550840852,103.61040398214628,106.3558550840852,16.597115270496943,-13.092691170964178,715.326001663199,11.936924508084592,680.7457267723985,722.4285714285736,715.4255927922698,722.4285714285736,41.68284465617512,-32.631048475371045,53.386185058089715,0.21109372608690988,52.63426622861013,53.51739820484373,53.38660239814663,53.51739820484373,0.8831319762335994,-0.49371577704600245,451.00000000000006,0.0,451.00000000000006,451.00000000000006,451.00000000000006,451.00000000000006,0.0,0.0,0.004304975734781795,0.00026380781512790275,0.003615656332892,0.0044774586005021,0.0043130511984420744,0.0044774586005021,0.0008618022676100995,-0.0007578990423542611,317.4211859627448,0.2152538747177451,317.0,317.57294901687516,317.4212589481461,317.57294901687516,0.5729490168751568,-0.547074003511984,0.3202964137051215,0.09882541999212112,0.1603269686238077,0.6446763252850842,0.33519584763087606,0.6446763252850842,0.48434935666127654,0.18358344346479397
2999.6566790010033,0.4668465218180944,2998.7913686671377,3000.879484951526,2999.6567153294404,3000.879484951526,2.088116284388434,-0.4851550233230192,136.37553897784363,14.733904838082026,115.08307002526688,150.50204081632654,137.1691495317916,150.50204081632654,35.418970791059664,-48.01800831639671,143.04359662445228,0.1295130665708208,142.5828049780655,143.70442060929994,143.04365525563665,143.70442060929994,1.121615631234448,-0.03049041208898937,136.7614257703572,0.042576921206307204,136.68251789267148,136.8729335129641,136.76143239793572,136.8729335129641,0.19041562029261172,-0.04490741359243772,6.282466553059705,0.0009779561063698052,6.28065395563544,6.285027296154691,6.282466629176157,6.285027296154691,0.004373340519251201,-0.0010315548611105842,-0.00029569896462675337,0.12485135881853335,-0.5071419307954157,0.6537344680849904,0.124851708985948,0.6537344680849904,1.160876398880406,0.015448556364539514,35.763336885682904,68.0173858552239,-8.457901171535207,154.38750893834583,76.84647710713394,154.38750893834583,162.84541010988104,-1.455152882969936,35.760745156749664,68.01679446921112,-8.457901171535207,154.42449996919711,76.84474753704968,154.42449996919711,162.88240114073233,-0.41068852706633385,35.75942217478191,68.01288987208436,-8.457901171535207,154.37049950954506,76.84067583660726,154.37049950954506,162.82840068108027,1.3602903537920623,35.7600924072378,68.01485607844717,-8.457901171535207,154.4182014696166,76.84272806418359,154.4182014696166,162.87610264115182,0.4750606441553064,99.68560793432762,7.707980768368696,86.2723948405644,106.3558550840852,99.98316556681941,106.3558550840852,20.083460243520804,-24.64900564414795,705.6666937455431,19.48887585871806,671.249015024961,722.4285714285736,705.93576120211,722.4285714285736,51.17955640361265,-62.23057218346264,53.127175129085515,0.5318249887619252,51.73308265043484,53.51739820484373,53.129836956414564,53.51739820484373,1.7843155544088916,-1.569535956036682,451.00000000000006,0.0,451.00000000000006,451.00000000000006,451.00000000000006,451.00000000000006,0.0,0.0,0.004131916599945391,0.00036012909517452185,0.0036113264829556,0.0044774586005021,0.004147580952084661,0.0044774586005021,0.0008661321175464994,-0.0011737882708646014,317.4211859627448,0.21525387471774507,317.0,317.57294901687516,317.4212589481461,317.57294901687516,0.5729490168751568,-0.18356968224156167,0.39232814941576205,0.1618099091775599,0.1603269686238077,0.6609040201701312,0.42438640827911384,0.6609040201701312,0.5005770515463235,0.45637256976483537
2999.656363408074,0.4668092701612171,2998.7913686671377,3000.879484951526,2999.6563997307167,3000.879484951526,2.088116284388434,0.33617385703309793,129.2930934441127,14.752346628094633,115.08307002526688,150.50204081632654,130.13199354264697,150.50204081632654,35.418970791059664,-48.109963772088385,143.04383849528037,0.12981829813539802,142.5828049780655,143.70442060929994,143.0438974030503,143.70442060929994,1.121615631234448,0.047761750979556566,136.76138462851546,0.04256541184352461,136.68251789267148,136.8729335129641,136.7613912525133,136.8729335129641,0.19041562029261172,0.029906704479544605,6.282465608125815,0.0009776916570932962,6.28065395563544,6.285027296154691,6.282465684201118,6.285027296154691,0.004373340519251201,0.0006869127459684953,-1.1741360898390508e-05,0.12511909046972655,-0.5071419307954157,0.6537344680849904,0.12511909102063992,0.6537344680849904,1.160876398880406,0.017168133754125455,35.763364277707154,67.78991369427408,-8.457901171535207,154.38750893834583,76.64522570347815,154.38750893834583,162.84541010988104,-1.435708631763386,35.76079983171192,67.78936496997578,-8.457901171535207,154.42449996919711,76.6435438092234,154.42449996919711,162.88240114073233,-0.391177499014125,35.75950786313129,67.78550241640657,-8.457901171535207,154.37049950954506,76.63952466226556,154.37049950954506,162.82840068108027,1.3799895710321084,35.76016652272998,67.7874545395158,-8.457901171535207,154.4182014696166,76.6415585872332,154.4182014696166,162.87610264115182,0.49465831072506483,95.63757470507285,8.423609668735441,86.05173935877258,106.3558550840852,96.0078272606958,106.3558550840852,20.304115725312627,-28.07189446943325,695.3255917482959,21.468713849526836,670.4938132667243,722.4285714285736,695.6569443443161,722.4285714285736,51.934758161849345,-71.64757437637013,52.690630329988544,0.8598041326001629,50.90506076730202,53.51739820484373,52.6976449921431,53.51739820484373,2.6123374375417114,-2.8241735767246685,451.00000000000006,0.0,451.00000000000006,451.00000000000006,451.00000000000006,451.00000000000006,0.0,0.0,0.003958859385888545,0.0003604040659251111,0.0036113264829556,0.0044774586005021,0.003975230650914885,0.0044774586005021,0.0008661321175464994,-0.0011751588431461483,317.4211859627448,0.2152538747177451,317.0,317.57294901687516,317.4212589481461,317.57294901687516,0.5729490168751568,0.17993463902882542,0.4642921762801736,0.17942436982340326,0.1603269686238077,0.6609040201701312,0.4977552907217614,0.6609040201701312,0.5005770515463235,0.5563950458690378
2999.6563238603594,0.46678141784556415,2998.7913686671377,3000.879484951526,2999.6563601786684,3000.879484951526,2.088116284388434,1.1591241494495728,122.2106448104038,10.856034494903971,115.08307002526688,150.50204081632654,122.6918709203231,150.50204081632654,35.418970791059664,-31.237987959471525,143.0438462547934,0.1298218797940008,142.5828049780655,143.70442060929994,143.04390516581068,143.70442060929994,1.121615631234448,0.12459276187783794,136.76138050022118,0.04256248941963335,136.68251789267148,136.8729335129641,136.76138712330973,136.8729335129641,0.19041562029261172,0.10494032656764994,6.282465513314656,0.0009776245377788285,6.28065395563544,6.285027296154691,6.282465589379517,6.285027296154691,0.004373340519251201,0.0024104219282962717,2.412575517036775e-07,0.12512086888122634,-0.5071419307954157,0.6537344680849904,0.12512086888145896,0.6537344680849904,1.160876398880406,0.01724201338181745,35.7633627423282,67.56162229050338,-8.430039317004848,154.38750893834583,76.44338376317464,154.38750893834583,162.8175482553507,-1.4164424892892498,35.76080086476946,67.56107588429052,-8.457901171535207,154.42449996919711,76.44170231707663,154.42449996919711,162.88240114073233,-0.3719921689465156,35.75951289000881,67.5572073568362,-8.438532085787942,154.37049950954506,76.4376806816198,154.37049950954506,162.809031595333,1.3992005895471182,35.76016975768691,67.55916289559902,-8.447950699568695,154.4182014696166,76.43971632765698,154.4182014696166,162.8661521691853,0.5138268305664674,91.57476801499166,7.0632990179571005,86.03777397210148,106.3558550840852,91.84676548478238,106.3558550840852,20.31808111198373,-21.86240433282879,684.9302751823525,18.156763098153217,670.4337592911234,722.4285714285736,685.1708910246958,722.4285714285736,51.99481213745025,-56.53032837417848,52.09331308526918,1.0947321511291064,50.15971255624928,53.51739820484373,52.10481462094068,53.51739820484373,3.3576856485944475,-3.756691734831921,451.00000000000006,0.0,451.00000000000006,451.00000000000006,451.00000000000006,451.00000000000006,0.0,0.0,0.003785802476587465,0.0002649368069359369,0.0036113264829556,0.0044774586005021,0.0037950615151015926,0.0044774586005021,0.0008661321175464994,-0.0007620201222867184,317.42118596274474,0.21525387471774507,317.0,317.57294901687516,317.4212589481461,317.57294901687516,0.5729490168751568,0.5434389602989661,0.5362521902653473,0.16686877499720051,0.1603269686238077,0.6609040201701312,0.5616151704089275,0.6609040201701312,0.5005770515463235,0.48403413820881147
2999.804850936773,0.42176729087710874,2998.871141687717,3000.879484951526,2999.8048805866433,3000.879484951526,2.0083432638089107,0.9227817656020912,116.8797266397574,4.247219308909103,115.08307002526688,132.8037368931842,116.95686970521393,132.8037368931842,17.72066686791733,-9.281206901573867,143.0612527610014,0.1084792452990358,142.59175371942706,143.70442060929994,143.06129388934588,143.70442060929994,1.1126668898728838,0.07419600062937928,136.77476176203416,0.03855281689069244,136.68978997065173,136.8729335129641,136.77476719549148,136.8729335129641,0.18314354231236507,0.08467960516607176,6.282772869808169,0.0008855287685818384,6.280821031859046,6.285027296154691,6.282772932213831,6.285027296154691,0.004206264295645745,0.0019450983133127292,0.003718129159067228,0.10425126712712941,-0.5071419307954157,0.6537344680849904,0.10431754973184329,0.6537344680849904,1.160876398880406,-0.012428702849971083,35.76635053080389,67.39371780122563,-7.819478810760286,153.23313650121398,76.2964286802703,153.23313650121398,161.05261531197425,-1.4205037894085155,35.765223881190174,67.39381387137183,-7.838255912042921,153.2350198566837,76.29598539504399,153.2350198566837,161.0732757687266,-0.3851194424551255,35.76466931724413,67.3919781042922,-7.825776541383648,153.23626274888298,76.29410386249532,153.23626274888298,161.06203929026663,1.381735149324467,35.7650090317632,67.3930067890362,-7.832027472302022,153.2365774336816,76.29517176800366,153.2365774336816,161.06860490598362,0.4980840831686416,88.04009539168345,3.635916190339793,86.0368900838082,99.60075101337628,88.1151421897502,99.60075101337628,13.56386092956808,-9.44478214500104,675.8249066814657,9.54373252264992,670.4289839389795,705.7499819551895,675.8922897337088,705.7499819551895,35.320998016209955,-25.136867948208856,51.36587561116499,1.1593967806765306,49.489740507050016,53.307976093507854,51.37895851607656,53.307976093507854,3.8182355864578383,-4.004147075718628,451.00000000000006,0.0,451.00000000000006,451.00000000000006,451.00000000000006,451.00000000000006,0.0,0.0,0.003655712444471932,0.00010346201118876672,0.0036113264829556,0.0040440473529783,0.003657176214571315,0.0040440473529783,0.00043272087002269944,-0.00022584289042164212,317.49649454079304,0.17078088667337335,317.0,317.57294901687516,317.49654047218075,317.57294901687516,0.5729490168751568,0.3890481680154807,0.6183663235076279,0.07492203213331294,0.3382502524463691,0.6609040201701312,0.6228886103849752,0.6609040201701312,0.3226537677237621,0.16378777107341688
2999.9987512153252,0.16315716286568516,2998.871141687717,3000.879484951526,2999.9987556520373,3000.879484951526,2.0083432638089107,0.008028024733420765,115.08982244254172,0.0013041899255451092,115.08307002526688,115.0984115805368,115.0898224499312,115.0984115805368,0.015341555269927198,-0.00016269608022870567,143.0802922443057,0.10053354984258668,142.59175371942706,143.70442060929994,143.0803275636122,143.70442060929994,1.1126668898728838,-0.02612153761238838,136.79239821031462,0.015568208792113106,136.68978997065173,136.8729335129641,136.79239909621595,136.8729335129641,0.18314354231236507,0.0019541001967309543,6.283177975672761,0.00035755160532684947,6.280821031859046,6.285027296154691,6.2831779858462085,6.285027296154691,0.004206264295645745,4.493442792102255e-05,0.004716058318272404,0.10406196641610271,-0.5071419307954157,0.6537344680849904,0.10416877680210819,0.6537344680849904,1.160876398880406,-0.02812057223700233,35.76984023653815,67.34090485861236,-7.166302434291079,152.91286815957312,76.25141925055654,152.91286815957312,160.0791705938642,-1.4376018547488199,35.770077701007416,67.34130253514,-7.167087976691224,152.96345555856402,76.2518818513049,152.96345555856402,160.13054353525524,-0.4108589451964746,35.770184032633516,67.34150048724648,-7.167557411672709,152.88257755985376,76.25210655189984,152.88257755985376,160.05013497152646,1.3520829003063395,35.7701902741266,67.34150658022585,-7.167845232172339,152.9519864009521,76.25211486078156,152.9519864009521,160.11983163312445,0.47025636202656224,86.30284932635344,0.6461368532495487,86.03683413896525,89.657562324718,86.30526805867873,89.657562324718,3.6207281857527533,-1.36205663247289,671.2332469778222,1.8575650396390755,670.4286042281618,680.487315371997,671.2358172775545,680.487315371997,10.05871114383524,-4.057128125185928,50.60020214979564,1.0824914417440223,48.88758242215404,52.62517528906108,50.61177970909176,52.62517528906108,3.7375928669070433,-3.7340496530869802,451.00000000000006,0.0,451.00000000000006,451.00000000000006,451.00000000000006,451.00000000000006,0.0,0.0,0.0036121715888339833,1.2816445318794701e-07,0.0036113264829556,0.0036128342527992,0.003612171591107702,0.0036128342527992,1.5077698435998765e-06,1.614600490082029e-08,317.5729490168751,5.684341886080802e-14,317.57294901687516,317.57294901687516,317.5729490168751,317.57294901687516,0.0,1.4082777600446754e-13,0.6500370463382622,0.0017545155611671157,0.6415145906920178,0.6609040201701312,0.6500394141411938,0.6609040201701312,0.019389429478113396,-0.0004527054484268836
2999.9996409559826,0.01353056065967116,2999.9113300233385,3000.068543452886,2999.9996409864957,3000.068543452886,0.15721342954748252,0.002184235559467399,115.08979973906087,0.0001061259667392883,115.08927215453534,115.0904733692978,115.0897997391098,115.0904733692978,0.0012012147624602676,-2.3062229434704143e-05,143.07615134325135,0.007997528564393543,143.03787891388902,143.1249346503449,143.07615156677028,143.1249346503449,0.0870557364558806,-0.0014674326834203675,136.79267138344028,0.0012666616068842428,136.7846308472509,136.79896790060926,136.7926713893048,136.79896790060926,0.014337053358360663,0.00027533516952436333,6.283184259499244,2.909034704879046e-05,6.2829995972147366,6.283328864251612,6.283184259566586,6.283328864251612,0.0003292670368750805,6.323743852147237e-06,0.0002957003117904651,0.00819745664916735,-0.0389868474463117,0.050533625530992,0.008202788196056935,0.050533625530992,0.0895204729773037,-0.0017490915968667664,35.76900098221291,67.33938745691209,-7.157840404089499,152.37085909653297,76.24968547041802,152.37085909653297,159.52869950062248,-1.4326105342651352,35.769031035839085,67.3394369086279,-7.157781310817159,152.36579047268486,76.24974324162605,152.36579047268486,159.52357178350204,-0.40462405552509834,35.76906644371872,67.33950022273469,-7.157819672409612,152.37392858641715,76.24981576700922,152.37392858641715,159.53174825882675,1.3587361107581053,35.769052881480604,67.33947586770716,-7.157717022718863,152.37226614145695,76.24978789593891,152.37226614145695,159.5299831641758,0.4770310463486197,86.05366776489448,0.040896418179892105,86.03683059774362,86.26598906287171,86.05367748276574,86.26598906287171,0.22915846512809424,-0.08620997206883771,670.4925572502916,0.14770969246362115,670.4285740364951,671.2284736809393,670.492573520534,671.2284736809393,0.7998996444441673,-0.32261307151157465,49.887013811017354,0.9750840953397706,48.34637806329607,51.72438300341216,49.8965423248307,51.72438300341216,3.378004940116085,-3.3631202892603573,451.00000000000006,0.0,451.00000000000006,451.00000000000006,451.00000000000006,451.00000000000006,0.0,0.0,0.0036121738483466713,1.042687833051682e-08,0.0036121076581988,0.0036122256777,0.0036121738483617205,0.0036122256777,1.1801950120004026e-07,2.2668771726859935e-09,317.5729490168751,5.684341886080802e-14,317.57294901687516,317.57294901687516,317.5729490168751,317.57294901687516,0.0,1.4082777600446754e-13,0.649965197956722,0.0001397697696473017,0.6492976737719284,0.6508170207382238,0.6499652129849024,0.6508170207382238,0.0015193469662954096,-2.505466514563931e-05
2999.999956548591,0.001088284299025169,2999.9931636133947,3000.005321287051,2999.9999565487888,3000.005321287051,0.012157673656474799,0.0002615294889512301,115.08979629319784,8.368541002747609e-06,115.089755259174,115.08984815358464,115.08979629319815,115.08984815358464,9.28944106419749e-05,-2.2462781764932277e-06,143.07590947120124,0.0006598602554146071,143.0716864043494,143.07969134672658,143.07590947272286,143.07969134672658,0.008004942377169755,-4.0560435858927676e-05,136.79271252530705,9.988085853079748e-05,136.79209355454338,136.79320227507134,136.79271252534352,136.79320227507134,0.0011087205279523005,2.6810422815715734e-05,6.283185204433709,2.2938725062610405e-06,6.283170989084962,6.283196452057125,6.283185204434127,6.283196452057125,2.5462972163659003e-05,6.157326670245722e-07,1.1741460463863189e-05,0.0006692497359150248,-0.0039544074159767,0.0039523649427755,0.0006693527253370639,0.0039544074159767,0.007906772358752201,-6.798659125613858e-05,35.76897358989304,67.33933634983636,-7.1570555713633945,152.3279043746657,76.24962748571863,152.3279043746657,159.4849599460291,-1.432451964157761,35.76897636055365,67.33934086143957,-7.157060585507042,152.32785819921335,76.24963276983692,152.32785819921335,159.4849187847204,-0.4043016575756855,35.76898075508476,67.33934867185724,-7.1570519469974,152.32757495788752,76.2496417290441,152.32757495788752,159.48462690488492,1.3592434409437029,35.768978765669786,67.33934513067591,-7.157059231107486,152.32745917018752,76.24963766843238,152.32745917018752,159.48451840129502,0.47746962035387613,86.03789606503645,0.0025884836856367114,86.03683037356963,86.05133376797117,86.0378961039742,86.05133376797117,0.014503394401543801,-0.005456569152033593,670.433659434787,0.011745616759221438,670.42857163593,670.4921810194661,670.4336595376752,670.4921810194661,0.063609383536118,-0.025653480433486503,49.24472824757299,0.8765177981756355,47.859957604218984,50.8972082861088,49.25252829680759,50.8972082861088,3.037250681889816,-3.0231317270804783,451.00000000000006,0.0,451.00000000000006,451.00000000000006,451.00000000000006,451.00000000000006,0.0,0.0,0.0036121741870859692,8.221898690023948e-10,0.0036121690918875,0.0036121782185488,0.0036121741870860633,0.0036121782185488,9.126661299971306e-09,2.2069783894777378e-10,317.5729490168751,5.684341886080802e-14,317.57294901687516,317.57294901687516,317.5729490168751,317.57294901687516,0.0,1.4082777600446754e-13,0.6499610586434994,1.1546350991281642e-05,0.6498865843936498,0.6500268889072806,0.649961058746058,0.6500268889072806,0.00014030451363078456,-6.488985239292225e-07
2999.999996096353,8.514860640231513e-05,2999.999464720882,3000.0004133983075,2999.9999960963537,3000.0004133983075,0.0009486774256401986,2.334441261557935e-05,115.0897959473142,6.509421276363561e-07,115.0897927596655,115.08980000833458,115.0897959473142,115.08980000833458,7.248669078308012e-06,-1.7239569506668498e-07,143.07590171160265,5.534411416113618e-05,143.07552061458628,143.07619868541553,143.07590171161337,143.07619868541553,0.0006780708292524196,3.7424716012829488e-06,136.79271665360966,7.769165628453621e-06,136.79266818424625,136.79275469901958,136.79271665360983,136.79275469901958,8.6514773329327e-05,2.057590116020586e-06,6.2831852992450585,1.784272926528096e-07,6.2831841860936235,6.2831861729989775,6.28318529924506,6.2831861729989775,1.9869053540233494e-06,4.725479434502609e-08,-2.4125202831038894e-07,5.604634378576509e-05,-0.0003870647958992,0.0003044743941451,5.604686301920326e-05,0.0003870647958992,0.0006915391900443001,1.6376267840080785e-06,35.76897512525695,67.33933879236295,-7.156999705475308,152.32429818346384,76.24963036306399,152.32429818346384,159.48129788893914,-1.4324617196031284,35.76897532747517,67.33933911822585,-7.156999226986006,152.3243390612921,76.24963074570886,152.3243390612921,159.48133828827812,-0.40429597785060745,35.768975728182,67.33933982787374,-7.157000033765157,152.32433410062103,76.24963156040253,152.32433410062103,159.48133413438617,1.3592729657587441,35.76897553068855,67.33933947773005,-7.156999877497603,152.32435092787833,76.24963115853066,152.32435092787833,159.48135080537594,0.47748847416673823,86.03689781099817,0.0001638333597068376,86.03683035937723,86.03774827939507,86.03689781115415,86.03774827939507,0.0009179200178408564,-0.0003453663356096799,670.4289760156196,0.0009339925806154967,670.428571445059,670.4336296192436,670.4289760162701,670.4336296192436,0.005058174184568998,-0.002039910708979067,48.667376967430975,0.7878001675775684,47.42277551054784,50.15265283785144,48.673752783138326,50.15265283785144,2.7298773273036048,-2.717140644427779,451.00000000000006,0.0,451.00000000000006,451.00000000000006,451.00000000000006,451.00000000000006,0.0,0.0,0.0036121742210693643,6.395344459234605e-11,0.003612173822084,0.0036121745342477,0.0036121742210693648,0.0036121745342477,7.121636999736503e-10,1.6937483467341517e-11,317.5729490168751,5.684341886080802e-14,317.57294901687516,317.57294901687516,317.5729490168751,317.57294901687516,0.0,1.4082777600446754e-13,0.6499609322293655,9.683807060269894e-07,0.6499542757494351,0.6499661161451159,0.6499609322300868,0.6499661161451159,1.1840395680806637e-05,7.016783141529579e-08
